,0
2005-09-23,-4.365079365079365e-06
2005-09-26,-4.365079365079365e-06
2005-09-27,-4.365079365079365e-06
2005-09-28,-4.365079365079365e-06
2005-09-29,-4.365079365079365e-06
2005-09-30,-4.365079365079365e-06
2005-10-03,-4.365079365079365e-06
2005-10-04,-4.365079365079365e-06
2005-10-05,-4.365079365079365e-06
2005-10-06,-4.365079365079365e-06
2005-10-07,-4.365079365079365e-06
2005-10-10,-4.365079365079365e-06
2005-10-11,-4.365079365079365e-06
2005-10-12,-4.365079365079365e-06
2005-10-13,-4.365079365079365e-06
2005-10-14,-4.365079365079365e-06
2005-10-17,-4.365079365079365e-06
2005-10-18,-4.365079365079365e-06
2005-10-19,-4.365079365079365e-06
2005-10-20,-4.365079365079365e-06
2005-10-21,-4.365079365079365e-06
2005-10-24,-4.365079365079365e-06
2005-10-25,-4.365079365079365e-06
2005-10-26,-4.365079365079365e-06
2005-10-27,-4.365079365079365e-06
2005-10-28,-4.365079365079365e-06
2005-10-31,-4.365079365079365e-06
2005-11-01,-4.365079365079365e-06
2005-11-02,-4.365079365079365e-06
2005-11-03,-4.365079365079365e-06
2005-11-04,-4.365079365079365e-06
2005-11-07,-4.365079365079365e-06
2005-11-08,-4.365079365079365e-06
2005-11-09,-4.365079365079365e-06
2005-11-10,-4.365079365079365e-06
2005-11-11,-4.365079365079365e-06
2005-11-14,-4.365079365079365e-06
2005-11-15,-4.365079365079365e-06
2005-11-16,-4.365079365079365e-06
2005-11-17,-4.365079365079365e-06
2005-11-18,-4.365079365079365e-06
2005-11-21,-4.365079365079365e-06
2005-11-22,-4.365079365079365e-06
2005-11-23,-4.365079365079365e-06
2005-11-25,-4.365079365079365e-06
2005-11-28,-4.365079365079365e-06
2005-11-29,-4.365079365079365e-06
2005-11-30,-4.365079365079365e-06
2005-12-01,-4.365079365079365e-06
2005-12-02,-4.365079365079365e-06
2005-12-05,-4.365079365079365e-06
2005-12-06,-4.365079365079365e-06
2005-12-07,-4.365079365079365e-06
2005-12-08,-4.365079365079365e-06
2005-12-09,-4.365079365079365e-06
2005-12-12,-4.365079365079365e-06
2005-12-13,-4.365079365079365e-06
2005-12-14,-4.365079365079365e-06
2005-12-15,-4.365079365079365e-06
2005-12-16,-4.365079365079365e-06
2005-12-19,-4.365079365079365e-06
2005-12-20,-4.365079365079365e-06
2005-12-21,-4.365079365079365e-06
2005-12-22,-4.365079365079365e-06
2005-12-23,-4.365079365079365e-06
2005-12-27,
2005-12-28,-4.365079365079365e-06
2005-12-29,-4.365079365079365e-06
2005-12-30,-4.365079365079365e-06
2006-01-03,-4.365079365079365e-06
2006-01-04,
2006-01-05,-4.365079365079365e-06
2006-01-06,-4.365079365079365e-06
2006-01-09,-4.365079365079365e-06
2006-01-10,-4.365079365079365e-06
2006-01-11,
2006-01-12,-4.365079365079365e-06
2006-01-13,-4.365079365079365e-06
2006-01-17,-4.365079365079365e-06
2006-01-18,-4.365079365079365e-06
2006-01-19,
2006-01-20,-4.365079365079365e-06
2006-01-23,-4.365079365079365e-06
2006-01-24,-4.365079365079365e-06
2006-01-25,-4.365079365079365e-06
2006-01-26,
2006-01-27,-4.365079365079365e-06
2006-01-30,-4.365079365079365e-06
2006-01-31,-4.365079365079365e-06
2006-02-01,-4.365079365079365e-06
2006-02-02,
2006-02-03,-4.365079365079365e-06
2006-02-06,-4.365079365079365e-06
2006-02-07,-4.365079365079365e-06
2006-02-08,-4.365079365079365e-06
2006-02-09,
2006-02-10,-4.365079365079365e-06
2006-02-13,-4.365079365079365e-06
2006-02-14,-4.365079365079365e-06
2006-02-15,-4.365079365079365e-06
2006-02-16,
2006-02-17,-4.365079365079365e-06
2006-02-21,-4.365079365079365e-06
2006-02-22,-4.365079365079365e-06
2006-02-23,-4.365079365079365e-06
2006-02-24,
2006-02-27,-4.365079365079365e-06
2006-02-28,-4.365079365079365e-06
2006-03-01,-4.365079365079365e-06
2006-03-02,-4.365079365079365e-06
2006-03-03,
2006-03-06,-4.365079365079365e-06
2006-03-07,-4.365079365079365e-06
2006-03-08,-4.365079365079365e-06
2006-03-09,-4.365079365079365e-06
2006-03-10,
2006-03-13,-4.365079365079365e-06
2006-03-14,-4.365079365079365e-06
2006-03-15,-4.365079365079365e-06
2006-03-16,-4.365079365079365e-06
2006-03-17,
2006-03-20,-4.365079365079365e-06
2006-03-21,-4.365079365079365e-06
2006-03-22,-4.365079365079365e-06
2006-03-23,-4.365079365079365e-06
2006-03-24,
2006-03-27,-4.365079365079365e-06
2006-03-28,-4.365079365079365e-06
2006-03-29,-4.365079365079365e-06
2006-03-30,-4.365079365079365e-06
2006-03-31,
2006-04-03,-4.365079365079365e-06
2006-04-04,-4.365079365079365e-06
2006-04-05,-4.365079365079365e-06
2006-04-06,-4.365079365079365e-06
2006-04-07,0.000604015106727227
2006-04-10,-4.365079365079365e-06
2006-04-11,-4.365079365079365e-06
2006-04-12,-4.365079365079365e-06
2006-04-13,-4.365079365079365e-06
2006-04-17,0.0005510963106112311
2006-04-18,-4.365079365079365e-06
2006-04-19,-4.365079365079365e-06
2006-04-20,-4.365079365079365e-06
2006-04-21,-4.365079365079365e-06
2006-04-24,0.0005926694532608347
2006-04-25,-4.365079365079365e-06
2006-04-26,-4.365079365079365e-06
2006-04-27,-4.365079365079365e-06
2006-04-28,-4.365079365079365e-06
2006-05-01,0.0007313386162534727
2006-05-02,-4.365079365079365e-06
2006-05-03,-4.365079365079365e-06
2006-05-04,-4.365079365079365e-06
2006-05-05,-4.365079365079365e-06
2006-05-08,0.0007837183589112241
2006-05-09,-4.365079365079365e-06
2006-05-10,-4.365079365079365e-06
2006-05-11,-4.365079365079365e-06
2006-05-12,-4.365079365079365e-06
2006-05-15,0.0007659682224933127
2006-05-16,-4.365079365079365e-06
2006-05-17,-4.365079365079365e-06
2006-05-18,-4.365079365079365e-06
2006-05-19,-4.365079365079365e-06
2006-05-22,0.0005328770953690963
2006-05-23,-4.365079365079365e-06
2006-05-24,-4.365079365079365e-06
2006-05-25,-4.365079365079365e-06
2006-05-26,-4.365079365079365e-06
2006-05-30,0.0004313365588189368
2006-05-31,-4.365079365079365e-06
2006-06-01,-4.365079365079365e-06
2006-06-02,-4.365079365079365e-06
2006-06-05,-4.365079365079365e-06
2006-06-06,0.00036839119713659235
2006-06-07,-4.365079365079365e-06
2006-06-08,-4.365079365079365e-06
2006-06-09,-4.365079365079365e-06
2006-06-12,-4.365079365079365e-06
2006-06-13,0.0003892824354020098
2006-06-14,-4.365079365079365e-06
2006-06-15,-4.365079365079365e-06
2006-06-16,-4.365079365079365e-06
2006-06-19,-4.365079365079365e-06
2006-06-20,0.00020757648812705267
2006-06-21,-4.365079365079365e-06
2006-06-22,-4.365079365079365e-06
2006-06-23,-4.365079365079365e-06
2006-06-26,-4.365079365079365e-06
2006-06-27,0.0001581607783876772
2006-06-28,-4.365079365079365e-06
2006-06-29,-4.365079365079365e-06
2006-06-30,-4.365079365079365e-06
2006-07-03,-4.365079365079365e-06
2006-07-05,6.341703921108148e-05
2006-07-06,-4.365079365079365e-06
2006-07-07,-4.365079365079365e-06
2006-07-10,-4.365079365079365e-06
2006-07-11,-4.365079365079365e-06
2006-07-12,-0.0003283386355755991
2006-07-13,-4.365079365079365e-06
2006-07-14,-4.365079365079365e-06
2006-07-17,-4.365079365079365e-06
2006-07-18,-4.365079365079365e-06
2006-07-19,-0.000233822207882413
2006-07-20,-4.365079365079365e-06
2006-07-21,-4.365079365079365e-06
2006-07-24,-4.365079365079365e-06
2006-07-25,-4.365079365079365e-06
2006-07-26,-0.00037964853180582947
2006-07-27,-4.365079365079365e-06
2006-07-28,-4.365079365079365e-06
2006-07-31,-4.365079365079365e-06
2006-08-01,-4.365079365079365e-06
2006-08-02,-0.0003516026030312522
2006-08-03,-4.365079365079365e-06
2006-08-04,-4.365079365079365e-06
2006-08-07,-4.365079365079365e-06
2006-08-08,-4.365079365079365e-06
2006-08-09,-0.0004531209129325192
2006-08-10,-4.365079365079365e-06
2006-08-11,-4.365079365079365e-06
2006-08-14,-4.365079365079365e-06
2006-08-15,-4.365079365079365e-06
2006-08-16,-0.0002538958851987037
2006-08-17,-4.365079365079365e-06
2006-08-18,-4.365079365079365e-06
2006-08-21,-4.365079365079365e-06
2006-08-22,-4.365079365079365e-06
2006-08-23,0.00020252962146002172
2006-08-24,-4.365079365079365e-06
2006-08-25,-4.365079365079365e-06
2006-08-28,-4.365079365079365e-06
2006-08-29,-4.365079365079365e-06
2006-08-30,0.0005457749375725054
2006-08-31,-4.365079365079365e-06
2006-09-01,-4.365079365079365e-06
2006-09-05,-4.365079365079365e-06
2006-09-06,-4.365079365079365e-06
2006-09-07,0.0005464279252761884
2006-09-08,-4.365079365079365e-06
2006-09-11,-4.365079365079365e-06
2006-09-12,-4.365079365079365e-06
2006-09-13,-4.365079365079365e-06
2006-09-14,0.0009692442585138703
2006-09-15,-4.365079365079365e-06
2006-09-18,-4.365079365079365e-06
2006-09-19,-4.365079365079365e-06
2006-09-20,-4.365079365079365e-06
2006-09-21,0.0007523148269068567
2006-09-22,-4.365079365079365e-06
2006-09-25,-4.365079365079365e-06
2006-09-26,-4.365079365079365e-06
2006-09-27,-4.365079365079365e-06
2006-09-28,0.0007505439643671252
2006-09-29,-4.365079365079365e-06
2006-10-02,-4.365079365079365e-06
2006-10-03,-4.365079365079365e-06
2006-10-04,-4.365079365079365e-06
2006-10-05,0.0006519624962667284
2006-10-06,-4.365079365079365e-06
2006-10-09,-4.365079365079365e-06
2006-10-10,-4.365079365079365e-06
2006-10-11,-4.365079365079365e-06
2006-10-12,0.0007649829445922705
2006-10-13,-4.365079365079365e-06
2006-10-16,-4.365079365079365e-06
2006-10-17,-4.365079365079365e-06
2006-10-18,-4.365079365079365e-06
2006-10-19,0.0008223848088474661
2006-10-20,-4.365079365079365e-06
2006-10-23,-4.365079365079365e-06
2006-10-24,-4.365079365079365e-06
2006-10-25,-4.365079365079365e-06
2006-10-26,0.0009181169146889547
2006-10-27,-4.365079365079365e-06
2006-10-30,-4.365079365079365e-06
2006-10-31,-4.365079365079365e-06
2006-11-01,-4.365079365079365e-06
2006-11-02,0.0009240896722379854
2006-11-03,-4.365079365079365e-06
2006-11-06,-4.365079365079365e-06
2006-11-07,-4.365079365079365e-06
2006-11-08,-4.365079365079365e-06
2006-11-09,0.0009992576489723335
2006-11-10,-4.365079365079365e-06
2006-11-13,-4.365079365079365e-06
2006-11-14,-4.365079365079365e-06
2006-11-15,-4.365079365079365e-06
2006-11-16,0.0007111104498042008
2006-11-17,-4.365079365079365e-06
2006-11-20,-4.365079365079365e-06
2006-11-21,-4.365079365079365e-06
2006-11-22,-4.365079365079365e-06
2006-11-24,0.000509925953149251
2006-11-27,-4.365079365079365e-06
2006-11-28,-4.365079365079365e-06
2006-11-29,-4.365079365079365e-06
2006-11-30,-4.365079365079365e-06
2006-12-01,0.00035468444624017553
2006-12-04,-4.365079365079365e-06
2006-12-05,-4.365079365079365e-06
2006-12-06,-4.365079365079365e-06
2006-12-07,-4.365079365079365e-06
2006-12-08,0.00044495359493541907
2006-12-11,-4.365079365079365e-06
2006-12-12,-4.365079365079365e-06
2006-12-13,-4.365079365079365e-06
2006-12-14,-4.365079365079365e-06
2006-12-15,0.00012762952780120672
2006-12-18,-4.365079365079365e-06
2006-12-19,-4.365079365079365e-06
2006-12-20,-4.365079365079365e-06
2006-12-21,-4.365079365079365e-06
2006-12-22,0.0003067883446053563
2006-12-26,-4.365079365079365e-06
2006-12-27,-4.365079365079365e-06
2006-12-28,-4.365079365079365e-06
2006-12-29,-4.365079365079365e-06
2007-01-03,0.0002677011024611991
2007-01-04,-4.365079365079365e-06
2007-01-05,-4.365079365079365e-06
2007-01-08,-4.365079365079365e-06
2007-01-09,-4.365079365079365e-06
2007-01-10,0.0002965564994935597
2007-01-11,-4.365079365079365e-06
2007-01-12,-4.365079365079365e-06
2007-01-16,-4.365079365079365e-06
2007-01-17,-4.365079365079365e-06
2007-01-18,0.0002094906219781048
2007-01-19,-4.365079365079365e-06
2007-01-22,-4.365079365079365e-06
2007-01-23,-4.365079365079365e-06
2007-01-24,-4.365079365079365e-06
2007-01-25,6.574107749865305e-05
2007-01-26,-4.365079365079365e-06
2007-01-29,-4.365079365079365e-06
2007-01-30,-4.365079365079365e-06
2007-01-31,-4.365079365079365e-06
2007-02-01,1.3869873762334328e-05
2007-02-02,-4.365079365079365e-06
2007-02-05,-4.365079365079365e-06
2007-02-06,-4.365079365079365e-06
2007-02-07,-4.365079365079365e-06
2007-02-08,8.835947608170304e-05
2007-02-09,-4.365079365079365e-06
2007-02-12,-4.365079365079365e-06
2007-02-13,-4.365079365079365e-06
2007-02-14,-4.365079365079365e-06
2007-02-15,7.613963229027223e-06
2007-02-16,-4.365079365079365e-06
2007-02-20,-4.365079365079365e-06
2007-02-21,-4.365079365079365e-06
2007-02-22,-4.365079365079365e-06
2007-02-23,-4.923929811134469e-05
2007-02-26,-4.365079365079365e-06
2007-02-27,-4.365079365079365e-06
2007-02-28,-4.365079365079365e-06
2007-03-01,-4.365079365079365e-06
2007-03-02,-0.00022126520711956507
2007-03-05,-4.365079365079365e-06
2007-03-06,-4.365079365079365e-06
2007-03-07,-4.365079365079365e-06
2007-03-08,-4.365079365079365e-06
2007-03-09,-0.00018901255606988056
2007-03-12,-4.365079365079365e-06
2007-03-13,-4.365079365079365e-06
2007-03-14,-4.365079365079365e-06
2007-03-15,-4.365079365079365e-06
2007-03-16,-0.00031627745052409064
2007-03-19,-4.365079365079365e-06
2007-03-20,-4.365079365079365e-06
2007-03-21,-4.365079365079365e-06
2007-03-22,-4.365079365079365e-06
2007-03-23,-0.0004208758657388423
2007-03-26,-4.365079365079365e-06
2007-03-27,-4.365079365079365e-06
2007-03-28,-4.365079365079365e-06
2007-03-29,-4.365079365079365e-06
2007-03-30,-0.00035106055594908656
2007-04-02,-4.365079365079365e-06
2007-04-03,-4.365079365079365e-06
2007-04-04,-4.365079365079365e-06
2007-04-05,-4.365079365079365e-06
2007-04-09,-0.00034502212778674766
2007-04-10,-4.365079365079365e-06
2007-04-11,-4.365079365079365e-06
2007-04-12,-4.365079365079365e-06
2007-04-13,-4.365079365079365e-06
2007-04-16,-0.00040978131269273364
2007-04-17,-4.365079365079365e-06
2007-04-18,-4.365079365079365e-06
2007-04-19,-4.365079365079365e-06
2007-04-20,-4.365079365079365e-06
2007-04-23,-0.0005278845915253268
2007-04-24,-4.365079365079365e-06
2007-04-25,-4.365079365079365e-06
2007-04-26,-4.365079365079365e-06
2007-04-27,-4.365079365079365e-06
2007-04-30,-0.0003850358813493499
2007-05-01,-4.365079365079365e-06
2007-05-02,-4.365079365079365e-06
2007-05-03,-4.365079365079365e-06
2007-05-04,-4.365079365079365e-06
2007-05-07,-0.0004058332865774244
2007-05-08,-4.365079365079365e-06
2007-05-09,-4.365079365079365e-06
2007-05-10,-4.365079365079365e-06
2007-05-11,-4.365079365079365e-06
2007-05-14,-0.0004215859294627442
2007-05-15,-4.365079365079365e-06
2007-05-16,-4.365079365079365e-06
2007-05-17,-4.365079365079365e-06
2007-05-18,-4.365079365079365e-06
2007-05-21,-0.0004990900454118015
2007-05-22,-4.365079365079365e-06
2007-05-23,-4.365079365079365e-06
2007-05-24,-4.365079365079365e-06
2007-05-25,-4.365079365079365e-06
2007-05-29,-0.00042042199043174056
2007-05-30,-4.365079365079365e-06
2007-05-31,-4.365079365079365e-06
2007-06-01,-4.365079365079365e-06
2007-06-04,-4.365079365079365e-06
2007-06-05,0.0005557540699464712
2007-06-06,-4.365079365079365e-06
2007-06-07,-4.365079365079365e-06
2007-06-08,-4.365079365079365e-06
2007-06-11,-4.365079365079365e-06
2007-06-12,3.291955873722574e-05
2007-06-13,-4.365079365079365e-06
2007-06-14,-4.365079365079365e-06
2007-06-15,-4.365079365079365e-06
2007-06-18,-4.365079365079365e-06
2007-06-19,0.00031967170668307533
2007-06-20,-4.365079365079365e-06
2007-06-21,-4.365079365079365e-06
2007-06-22,-4.365079365079365e-06
2007-06-25,-4.365079365079365e-06
2007-06-26,-1.6764287708794544e-05
2007-06-27,-4.365079365079365e-06
2007-06-28,-4.365079365079365e-06
2007-06-29,-4.365079365079365e-06
2007-07-02,-4.365079365079365e-06
2007-07-03,0.0001608188653210971
2007-07-05,-4.365079365079365e-06
2007-07-06,-4.365079365079365e-06
2007-07-09,-4.365079365079365e-06
2007-07-10,-4.365079365079365e-06
2007-07-11,-0.0001040640387999055
2007-07-12,-4.365079365079365e-06
2007-07-13,-4.365079365079365e-06
2007-07-16,-4.365079365079365e-06
2007-07-17,-4.365079365079365e-06
2007-07-18,-0.00023422245014785144
2007-07-19,-4.365079365079365e-06
2007-07-20,-4.365079365079365e-06
2007-07-23,-4.365079365079365e-06
2007-07-24,-4.365079365079365e-06
2007-07-25,-9.704366252045145e-05
2007-07-26,-4.365079365079365e-06
2007-07-27,-4.365079365079365e-06
2007-07-30,-4.365079365079365e-06
2007-07-31,-4.365079365079365e-06
2007-08-01,-0.00012738930612067034
2007-08-02,-4.365079365079365e-06
2007-08-03,-4.365079365079365e-06
2007-08-06,-4.365079365079365e-06
2007-08-07,-4.365079365079365e-06
2007-08-08,-0.00033332852062815027
2007-08-09,-4.365079365079365e-06
2007-08-10,-4.365079365079365e-06
2007-08-13,-4.365079365079365e-06
2007-08-14,-4.365079365079365e-06
2007-08-15,-0.000345345785814411
2007-08-16,-4.365079365079365e-06
2007-08-17,-4.365079365079365e-06
2007-08-20,-4.365079365079365e-06
2007-08-21,-4.365079365079365e-06
2007-08-22,-0.00040628018534875465
2007-08-23,-4.365079365079365e-06
2007-08-24,-4.365079365079365e-06
2007-08-27,-4.365079365079365e-06
2007-08-28,-4.365079365079365e-06
2007-08-29,-0.00044522543795930884
2007-08-30,-4.365079365079365e-06
2007-08-31,-4.365079365079365e-06
2007-09-04,-4.365079365079365e-06
2007-09-05,-4.365079365079365e-06
2007-09-06,-0.0007459295465801155
2007-09-07,-4.365079365079365e-06
2007-09-10,-4.365079365079365e-06
2007-09-11,-4.365079365079365e-06
2007-09-12,-4.365079365079365e-06
2007-09-13,-0.0004006691126674134
2007-09-14,-4.365079365079365e-06
2007-09-17,-4.365079365079365e-06
2007-09-18,-4.365079365079365e-06
2007-09-19,-4.365079365079365e-06
2007-09-20,-0.0008083705565997259
2007-09-21,-4.365079365079365e-06
2007-09-24,-4.365079365079365e-06
2007-09-25,-4.365079365079365e-06
2007-09-26,-4.365079365079365e-06
2007-09-27,-0.00031433079157398413
2007-09-28,-4.365079365079365e-06
2007-10-01,-4.365079365079365e-06
2007-10-02,-4.365079365079365e-06
2007-10-03,-4.365079365079365e-06
2007-10-04,-0.0007723776545306739
2007-10-05,-4.365079365079365e-06
2007-10-08,-4.365079365079365e-06
2007-10-09,-4.365079365079365e-06
2007-10-10,-4.365079365079365e-06
2007-10-11,-0.00046540486011705656
2007-10-12,-4.365079365079365e-06
2007-10-15,-4.365079365079365e-06
2007-10-16,-4.365079365079365e-06
2007-10-17,-4.365079365079365e-06
2007-10-18,-0.0006051166164791412
2007-10-19,-4.365079365079365e-06
2007-10-22,-4.365079365079365e-06
2007-10-23,-4.365079365079365e-06
2007-10-24,-4.365079365079365e-06
2007-10-25,0.00029515725826484136
2007-10-26,-4.365079365079365e-06
2007-10-29,-4.365079365079365e-06
2007-10-30,-4.365079365079365e-06
2007-10-31,-4.365079365079365e-06
2007-11-01,0.0009611645168735507
2007-11-02,-4.365079365079365e-06
2007-11-05,-4.365079365079365e-06
2007-11-06,-4.365079365079365e-06
2007-11-07,-4.365079365079365e-06
2007-11-08,0.0006725914320589333
2007-11-09,-4.365079365079365e-06
2007-11-12,-4.365079365079365e-06
2007-11-13,-4.365079365079365e-06
2007-11-14,-4.365079365079365e-06
2007-11-15,0.0014333045005463507
2007-11-16,-4.365079365079365e-06
2007-11-19,-4.365079365079365e-06
2007-11-20,-4.365079365079365e-06
2007-11-21,-4.365079365079365e-06
2007-11-23,0.0006950683060025968
2007-11-26,-4.365079365079365e-06
2007-11-27,-4.365079365079365e-06
2007-11-28,-4.365079365079365e-06
2007-11-29,-4.365079365079365e-06
2007-11-30,0.0008012782304987281
2007-12-03,-4.365079365079365e-06
2007-12-04,-4.365079365079365e-06
2007-12-05,-4.365079365079365e-06
2007-12-06,-4.365079365079365e-06
2007-12-07,0.000804601029835866
2007-12-10,-4.365079365079365e-06
2007-12-11,-4.365079365079365e-06
2007-12-12,-4.365079365079365e-06
2007-12-13,-4.365079365079365e-06
2007-12-14,0.0007372671393194188
2007-12-17,-4.365079365079365e-06
2007-12-18,-4.365079365079365e-06
2007-12-19,-4.365079365079365e-06
2007-12-20,-4.365079365079365e-06
2007-12-21,0.00039447771171395715
2007-12-24,-4.365079365079365e-06
2007-12-26,-4.365079365079365e-06
2007-12-27,-4.365079365079365e-06
2007-12-28,-4.365079365079365e-06
2007-12-31,-0.00011109418285276212
2008-01-02,-4.365079365079365e-06
2008-01-03,-4.365079365079365e-06
2008-01-04,-4.365079365079365e-06
2008-01-07,-4.365079365079365e-06
2008-01-08,-5.374233899009654e-05
2008-01-09,-4.365079365079365e-06
2008-01-10,-4.365079365079365e-06
2008-01-11,-4.365079365079365e-06
2008-01-14,-4.365079365079365e-06
2008-01-15,5.9331259800769614e-05
2008-01-16,-4.365079365079365e-06
2008-01-17,-4.365079365079365e-06
2008-01-18,-4.365079365079365e-06
2008-01-22,-4.365079365079365e-06
2008-01-23,-0.00018008520898470058
2008-01-24,-4.365079365079365e-06
2008-01-25,-4.365079365079365e-06
2008-01-28,-4.365079365079365e-06
2008-01-29,-4.365079365079365e-06
2008-01-30,0.0003817431923814048
2008-01-31,-4.365079365079365e-06
2008-02-01,-4.365079365079365e-06
2008-02-04,-4.365079365079365e-06
2008-02-05,-4.365079365079365e-06
2008-02-06,9.632347545154881e-05
2008-02-07,-4.365079365079365e-06
2008-02-08,-4.365079365079365e-06
2008-02-11,-4.365079365079365e-06
2008-02-12,-4.365079365079365e-06
2008-02-13,0.0006125962389557323
2008-02-14,-4.365079365079365e-06
2008-02-15,-4.365079365079365e-06
2008-02-19,-4.365079365079365e-06
2008-02-20,-4.365079365079365e-06
2008-02-21,0.0006524739489568416
2008-02-22,-4.365079365079365e-06
2008-02-25,-4.365079365079365e-06
2008-02-26,-4.365079365079365e-06
2008-02-27,-4.365079365079365e-06
2008-02-28,0.0010025687343073774
2008-02-29,-4.365079365079365e-06
2008-03-03,-4.365079365079365e-06
2008-03-04,-4.365079365079365e-06
2008-03-05,-4.365079365079365e-06
2008-03-06,0.0008374885345793473
2008-03-07,-4.365079365079365e-06
2008-03-10,-4.365079365079365e-06
2008-03-11,-4.365079365079365e-06
2008-03-12,-4.365079365079365e-06
2008-03-13,0.00047217924932205793
2008-03-14,-4.365079365079365e-06
2008-03-17,-4.365079365079365e-06
2008-03-18,-4.365079365079365e-06
2008-03-19,-4.365079365079365e-06
2008-03-20,0.0005884705782911124
2008-03-24,-4.365079365079365e-06
2008-03-25,-4.365079365079365e-06
2008-03-26,-4.365079365079365e-06
2008-03-27,-4.365079365079365e-06
2008-03-28,0.00029610583463626804
2008-03-31,-4.365079365079365e-06
2008-04-01,-4.365079365079365e-06
2008-04-02,-4.365079365079365e-06
2008-04-03,-4.365079365079365e-06
2008-04-04,0.0006654188591935648
2008-04-07,-4.365079365079365e-06
2008-04-08,-4.365079365079365e-06
2008-04-09,-4.365079365079365e-06
2008-04-10,-4.365079365079365e-06
2008-04-11,0.0011966296449670724
2008-04-14,-4.365079365079365e-06
2008-04-15,-4.365079365079365e-06
2008-04-16,-4.365079365079365e-06
2008-04-17,-4.365079365079365e-06
2008-04-18,0.0009839368753246358
2008-04-21,-4.365079365079365e-06
2008-04-22,-4.365079365079365e-06
2008-04-23,-4.365079365079365e-06
2008-04-24,-4.365079365079365e-06
2008-04-25,0.001241863192911862
2008-04-28,-4.365079365079365e-06
2008-04-29,-4.365079365079365e-06
2008-04-30,-4.365079365079365e-06
2008-05-01,-4.365079365079365e-06
2008-05-02,0.0009224603881388162
2008-05-05,-4.365079365079365e-06
2008-05-06,-4.365079365079365e-06
2008-05-07,-4.365079365079365e-06
2008-05-08,-4.365079365079365e-06
2008-05-09,0.0013708104749905704
2008-05-12,-4.365079365079365e-06
2008-05-13,-4.365079365079365e-06
2008-05-14,-4.365079365079365e-06
2008-05-15,-4.365079365079365e-06
2008-05-16,0.0006839223590464688
2008-05-19,-4.365079365079365e-06
2008-05-20,-4.365079365079365e-06
2008-05-21,-4.365079365079365e-06
2008-05-22,-4.365079365079365e-06
2008-05-23,0.0006559396206871347
2008-05-27,-4.365079365079365e-06
2008-05-28,-4.365079365079365e-06
2008-05-29,-4.365079365079365e-06
2008-05-30,-4.365079365079365e-06
2008-06-02,0.0003777252597565001
2008-06-03,-4.365079365079365e-06
2008-06-04,-4.365079365079365e-06
2008-06-05,-4.365079365079365e-06
2008-06-06,-4.365079365079365e-06
2008-06-09,0.0009668675424068252
2008-06-10,-4.365079365079365e-06
2008-06-11,-4.365079365079365e-06
2008-06-12,-4.365079365079365e-06
2008-06-13,-4.365079365079365e-06
2008-06-16,0.0012263280765958328
2008-06-17,-4.365079365079365e-06
2008-06-18,-4.365079365079365e-06
2008-06-19,-4.365079365079365e-06
2008-06-20,-4.365079365079365e-06
2008-06-23,0.001330323908537492
2008-06-24,-4.365079365079365e-06
2008-06-25,-4.365079365079365e-06
2008-06-26,-4.365079365079365e-06
2008-06-27,-4.365079365079365e-06
2008-06-30,0.0013704530398726885
2008-07-01,-4.365079365079365e-06
2008-07-02,-4.365079365079365e-06
2008-07-03,-4.365079365079365e-06
2008-07-07,-4.365079365079365e-06
2008-07-08,0.0014272560004107385
2008-07-09,-4.365079365079365e-06
2008-07-10,-4.365079365079365e-06
2008-07-11,-4.365079365079365e-06
2008-07-14,-4.365079365079365e-06
2008-07-15,0.002388498564828353
2008-07-16,-4.365079365079365e-06
2008-07-17,-4.365079365079365e-06
2008-07-18,-4.365079365079365e-06
2008-07-21,-4.365079365079365e-06
2008-07-22,0.001657736164290375
2008-07-23,-4.365079365079365e-06
2008-07-24,-4.365079365079365e-06
2008-07-25,-4.365079365079365e-06
2008-07-28,-4.365079365079365e-06
2008-07-29,0.00016479883331831582
2008-07-30,-4.365079365079365e-06
2008-07-31,-4.365079365079365e-06
2008-08-01,-4.365079365079365e-06
2008-08-04,-4.365079365079365e-06
2008-08-05,0.00018885927940037362
2008-08-06,-4.365079365079365e-06
2008-08-07,-4.365079365079365e-06
2008-08-08,-4.365079365079365e-06
2008-08-11,-4.365079365079365e-06
2008-08-12,0.00010354015500059447
2008-08-13,-4.365079365079365e-06
2008-08-14,-4.365079365079365e-06
2008-08-15,-4.365079365079365e-06
2008-08-18,-4.365079365079365e-06
2008-08-19,-0.00013141921341573408
2008-08-20,-4.365079365079365e-06
2008-08-21,-4.365079365079365e-06
2008-08-22,-4.365079365079365e-06
2008-08-25,-4.365079365079365e-06
2008-08-26,0.0005393023269586655
2008-08-27,-4.365079365079365e-06
2008-08-28,-4.365079365079365e-06
2008-08-29,-4.365079365079365e-06
2008-09-02,-4.365079365079365e-06
2008-09-03,0.0004223919338818715
2008-09-04,-4.365079365079365e-06
2008-09-05,-4.365079365079365e-06
2008-09-08,-4.365079365079365e-06
2008-09-09,-4.365079365079365e-06
2008-09-10,0.0004299501710842171
2008-09-11,-4.365079365079365e-06
2008-09-12,-4.365079365079365e-06
2008-09-15,-4.365079365079365e-06
2008-09-16,-4.365079365079365e-06
2008-09-17,-0.00020766586003027594
2008-09-18,-4.365079365079365e-06
2008-09-19,-4.365079365079365e-06
2008-09-22,-4.365079365079365e-06
2008-09-23,-4.365079365079365e-06
2008-09-24,-0.0002836511444496033
2008-09-25,-4.365079365079365e-06
2008-09-26,-4.365079365079365e-06
2008-09-29,-4.365079365079365e-06
2008-09-30,-4.365079365079365e-06
2008-10-01,-0.0005634569264678758
2008-10-02,-4.365079365079365e-06
2008-10-03,-4.365079365079365e-06
2008-10-06,-4.365079365079365e-06
2008-10-07,-4.365079365079365e-06
2008-10-08,-0.0007483246741773543
2008-10-09,-4.365079365079365e-06
2008-10-10,-4.365079365079365e-06
2008-10-13,-4.365079365079365e-06
2008-10-14,-4.365079365079365e-06
2008-10-15,-0.0022300776652156647
2008-10-16,-4.365079365079365e-06
2008-10-17,-4.365079365079365e-06
2008-10-20,-4.365079365079365e-06
2008-10-21,-4.365079365079365e-06
2008-10-22,-0.002531478696999947
2008-10-23,-4.365079365079365e-06
2008-10-24,-4.365079365079365e-06
2008-10-27,-4.365079365079365e-06
2008-10-28,-4.365079365079365e-06
2008-10-29,-0.002666556478780994
2008-10-30,-4.365079365079365e-06
2008-10-31,-4.365079365079365e-06
2008-11-03,-4.365079365079365e-06
2008-11-04,-4.365079365079365e-06
2008-11-05,-0.002751190049699542
2008-11-06,-4.365079365079365e-06
2008-11-07,-4.365079365079365e-06
2008-11-10,-4.365079365079365e-06
2008-11-11,-4.365079365079365e-06
2008-11-12,-0.0026951191562191016
2008-11-13,-4.365079365079365e-06
2008-11-14,-4.365079365079365e-06
2008-11-17,-4.365079365079365e-06
2008-11-18,-4.365079365079365e-06
2008-11-19,-0.002791357273812716
2008-11-20,-4.365079365079365e-06
2008-11-21,-4.365079365079365e-06
2008-11-24,-4.365079365079365e-06
2008-11-25,-4.365079365079365e-06
2008-11-26,-0.003472592052215001
2008-11-28,-4.365079365079365e-06
2008-12-01,-4.365079365079365e-06
2008-12-02,-4.365079365079365e-06
2008-12-03,-4.365079365079365e-06
2008-12-04,-0.0035152948993621507
2008-12-05,-4.365079365079365e-06
2008-12-08,-4.365079365079365e-06
2008-12-09,-4.365079365079365e-06
2008-12-10,-4.365079365079365e-06
2008-12-11,-0.003544479403443404
2008-12-12,-4.365079365079365e-06
2008-12-15,-4.365079365079365e-06
2008-12-16,-4.365079365079365e-06
2008-12-17,-4.365079365079365e-06
2008-12-18,-0.003024781863143261
2008-12-19,-4.365079365079365e-06
2008-12-22,-4.365079365079365e-06
2008-12-23,-4.365079365079365e-06
2008-12-24,-4.365079365079365e-06
2008-12-26,-0.002227555635586216
2008-12-29,-4.365079365079365e-06
2008-12-30,-4.365079365079365e-06
2008-12-31,-4.365079365079365e-06
2009-01-02,-4.365079365079365e-06
2009-01-05,-0.0017533187536275018
2009-01-06,-4.365079365079365e-06
2009-01-07,-4.365079365079365e-06
2009-01-08,-4.365079365079365e-06
2009-01-09,-4.365079365079365e-06
2009-01-12,-0.000583831736861809
2009-01-13,-4.365079365079365e-06
2009-01-14,-4.365079365079365e-06
2009-01-15,-4.365079365079365e-06
2009-01-16,-4.365079365079365e-06
2009-01-20,0.0012759026457128413
2009-01-21,-4.365079365079365e-06
2009-01-22,-4.365079365079365e-06
2009-01-23,-4.365079365079365e-06
2009-01-26,-4.365079365079365e-06
2009-01-27,0.0033623375191775594
2009-01-28,-4.365079365079365e-06
2009-01-29,-4.365079365079365e-06
2009-01-30,-4.365079365079365e-06
2009-02-02,-4.365079365079365e-06
2009-02-03,0.002731102333758011
2009-02-04,-4.365079365079365e-06
2009-02-05,-4.365079365079365e-06
2009-02-06,-4.365079365079365e-06
2009-02-09,-4.365079365079365e-06
2009-02-10,0.003318001404272232
2009-02-11,-4.365079365079365e-06
2009-02-12,-4.365079365079365e-06
2009-02-13,-4.365079365079365e-06
2009-02-17,-4.365079365079365e-06
2009-02-18,0.004832405625423045
2009-02-19,-4.365079365079365e-06
2009-02-20,-4.365079365079365e-06
2009-02-23,-4.365079365079365e-06
2009-02-24,-4.365079365079365e-06
2009-02-25,0.006580368542166043
2009-02-26,-4.365079365079365e-06
2009-02-27,-4.365079365079365e-06
2009-03-02,-4.365079365079365e-06
2009-03-03,-4.365079365079365e-06
2009-03-04,0.005597511389935389
2009-03-05,-4.365079365079365e-06
2009-03-06,-4.365079365079365e-06
2009-03-09,-4.365079365079365e-06
2009-03-10,-4.365079365079365e-06
2009-03-11,0.007286533711113808
2009-03-12,-4.365079365079365e-06
2009-03-13,-4.365079365079365e-06
2009-03-16,-4.365079365079365e-06
2009-03-17,-4.365079365079365e-06
2009-03-18,0.006070112098687982
2009-03-19,-4.365079365079365e-06
2009-03-20,-4.365079365079365e-06
2009-03-23,-4.365079365079365e-06
2009-03-24,-4.365079365079365e-06
2009-03-25,0.004533119301170353
2009-03-26,-4.365079365079365e-06
2009-03-27,-4.365079365079365e-06
2009-03-30,-4.365079365079365e-06
2009-03-31,-4.365079365079365e-06
2009-04-01,0.004175624609476252
2009-04-02,-4.365079365079365e-06
2009-04-03,-4.365079365079365e-06
2009-04-06,-4.365079365079365e-06
2009-04-07,-4.365079365079365e-06
2009-04-08,0.002779139659869184
2009-04-09,-4.365079365079365e-06
2009-04-13,-4.365079365079365e-06
2009-04-14,-4.365079365079365e-06
2009-04-15,-4.365079365079365e-06
2009-04-16,0.0019214141712074937
2009-04-17,-4.365079365079365e-06
2009-04-20,-4.365079365079365e-06
2009-04-21,-4.365079365079365e-06
2009-04-22,-4.365079365079365e-06
2009-04-23,0.002302210529987706
2009-04-24,-4.365079365079365e-06
2009-04-27,-4.365079365079365e-06
2009-04-28,-4.365079365079365e-06
2009-04-29,-4.365079365079365e-06
2009-04-30,0.0009954499336681522
2009-05-01,-4.365079365079365e-06
2009-05-04,-4.365079365079365e-06
2009-05-05,-4.365079365079365e-06
2009-05-06,-4.365079365079365e-06
2009-05-07,0.0007843912318930959
2009-05-08,-4.365079365079365e-06
2009-05-11,-4.365079365079365e-06
2009-05-12,-4.365079365079365e-06
2009-05-13,-4.365079365079365e-06
2009-05-14,0.0012886129381303132
2009-05-15,-4.365079365079365e-06
2009-05-18,-4.365079365079365e-06
2009-05-19,-4.365079365079365e-06
2009-05-20,-4.365079365079365e-06
2009-05-21,0.0008608190938959963
2009-05-22,-4.365079365079365e-06
2009-05-26,-4.365079365079365e-06
2009-05-27,-4.365079365079365e-06
2009-05-28,-4.365079365079365e-06
2009-05-29,-0.0002785181572675547
2009-06-01,-4.365079365079365e-06
2009-06-02,-4.365079365079365e-06
2009-06-03,-4.365079365079365e-06
2009-06-04,-4.365079365079365e-06
2009-06-05,0.0006970043970901705
2009-06-08,-4.365079365079365e-06
2009-06-09,-4.365079365079365e-06
2009-06-10,-4.365079365079365e-06
2009-06-11,-4.365079365079365e-06
2009-06-12,0.00037069202049719557
2009-06-15,-4.365079365079365e-06
2009-06-16,-4.365079365079365e-06
2009-06-17,-4.365079365079365e-06
2009-06-18,-4.365079365079365e-06
2009-06-19,0.0003106678114499316
2009-06-22,-4.365079365079365e-06
2009-06-23,-4.365079365079365e-06
2009-06-24,-4.365079365079365e-06
2009-06-25,-4.365079365079365e-06
2009-06-26,0.0013813390305579352
2009-06-29,-4.365079365079365e-06
2009-06-30,-4.365079365079365e-06
2009-07-01,-4.365079365079365e-06
2009-07-02,-4.365079365079365e-06
2009-07-06,0.0019891679605034177
2009-07-07,-4.365079365079365e-06
2009-07-08,-4.365079365079365e-06
2009-07-09,-4.365079365079365e-06
2009-07-10,-4.365079365079365e-06
2009-07-13,0.0020914352269757615
2009-07-14,-4.365079365079365e-06
2009-07-15,-4.365079365079365e-06
2009-07-16,-4.365079365079365e-06
2009-07-17,-4.365079365079365e-06
2009-07-20,0.0013196641072809592
2009-07-21,-4.365079365079365e-06
2009-07-22,-4.365079365079365e-06
2009-07-23,-4.365079365079365e-06
2009-07-24,-4.365079365079365e-06
2009-07-27,0.0007178806738386431
2009-07-28,-4.365079365079365e-06
2009-07-29,-4.365079365079365e-06
2009-07-30,-4.365079365079365e-06
2009-07-31,-4.365079365079365e-06
2009-08-03,0.0014973266488796221
2009-08-04,-4.365079365079365e-06
2009-08-05,-4.365079365079365e-06
2009-08-06,-4.365079365079365e-06
2009-08-07,-4.365079365079365e-06
2009-08-10,0.0008795240761224368
2009-08-11,-4.365079365079365e-06
2009-08-12,-4.365079365079365e-06
2009-08-13,-4.365079365079365e-06
2009-08-14,-4.365079365079365e-06
2009-08-17,0.0007122244608463037
2009-08-18,-4.365079365079365e-06
2009-08-19,-4.365079365079365e-06
2009-08-20,-4.365079365079365e-06
2009-08-21,-4.365079365079365e-06
2009-08-24,0.0004169139226351616
2009-08-25,-4.365079365079365e-06
2009-08-26,-4.365079365079365e-06
2009-08-27,-4.365079365079365e-06
2009-08-28,-4.365079365079365e-06
2009-08-31,0.0001183786935733323
2009-09-01,-4.365079365079365e-06
2009-09-02,-4.365079365079365e-06
2009-09-03,-4.365079365079365e-06
2009-09-04,-4.365079365079365e-06
2009-09-08,-0.00017531733750842225
2009-09-09,-4.365079365079365e-06
2009-09-10,-4.365079365079365e-06
2009-09-11,-4.365079365079365e-06
2009-09-14,-4.365079365079365e-06
2009-09-15,-0.0005000182022264484
2009-09-16,-4.365079365079365e-06
2009-09-17,-4.365079365079365e-06
2009-09-18,-4.365079365079365e-06
2009-09-21,-4.365079365079365e-06
2009-09-22,-0.00020269434561342902
2009-09-23,-4.365079365079365e-06
2009-09-24,-4.365079365079365e-06
2009-09-25,-4.365079365079365e-06
2009-09-28,-4.365079365079365e-06
2009-09-29,-0.000320179522558424
2009-09-30,-4.365079365079365e-06
2009-10-01,-4.365079365079365e-06
2009-10-02,-4.365079365079365e-06
2009-10-05,-4.365079365079365e-06
2009-10-06,-0.0003892549641406159
2009-10-07,-4.365079365079365e-06
2009-10-08,-4.365079365079365e-06
2009-10-09,-4.365079365079365e-06
2009-10-12,-4.365079365079365e-06
2009-10-13,-0.0002037217775148792
2009-10-14,-4.365079365079365e-06
2009-10-15,-4.365079365079365e-06
2009-10-16,-4.365079365079365e-06
2009-10-19,-4.365079365079365e-06
2009-10-20,-0.0003499509576637751
2009-10-21,-4.365079365079365e-06
2009-10-22,-4.365079365079365e-06
2009-10-23,-4.365079365079365e-06
2009-10-26,-4.365079365079365e-06
2009-10-27,-0.00032597847932369455
2009-10-28,-4.365079365079365e-06
2009-10-29,-4.365079365079365e-06
2009-10-30,-4.365079365079365e-06
2009-11-02,-4.365079365079365e-06
2009-11-03,-0.00027382556400124675
2009-11-04,-4.365079365079365e-06
2009-11-05,-4.365079365079365e-06
2009-11-06,-4.365079365079365e-06
2009-11-09,-4.365079365079365e-06
2009-11-10,-0.00043165886025326296
2009-11-11,-4.365079365079365e-06
2009-11-12,-4.365079365079365e-06
2009-11-13,-4.365079365079365e-06
2009-11-16,-4.365079365079365e-06
2009-11-17,9.291963806786681e-05
2009-11-18,-4.365079365079365e-06
2009-11-19,-4.365079365079365e-06
2009-11-20,-4.365079365079365e-06
2009-11-23,-4.365079365079365e-06
2009-11-24,1.2895662050591959e-05
2009-11-25,-4.365079365079365e-06
2009-11-27,-4.365079365079365e-06
2009-11-30,-4.365079365079365e-06
2009-12-01,-4.365079365079365e-06
2009-12-02,0.00016200903600335133
2009-12-03,-4.365079365079365e-06
2009-12-04,-4.365079365079365e-06
2009-12-07,-4.365079365079365e-06
2009-12-08,-4.365079365079365e-06
2009-12-09,0.00010992759031930215
2009-12-10,-4.365079365079365e-06
2009-12-11,-4.365079365079365e-06
2009-12-14,-4.365079365079365e-06
2009-12-15,-4.365079365079365e-06
2009-12-16,-2.5536504692116794e-05
2009-12-17,-4.365079365079365e-06
2009-12-18,-4.365079365079365e-06
2009-12-21,-4.365079365079365e-06
2009-12-22,-4.365079365079365e-06
2009-12-23,-0.00017923042127858486
2009-12-24,-4.365079365079365e-06
2009-12-28,-4.365079365079365e-06
2009-12-29,-4.365079365079365e-06
2009-12-30,-4.365079365079365e-06
2009-12-31,5.1498252511696225e-05
2010-01-04,-4.365079365079365e-06
2010-01-05,-4.365079365079365e-06
2010-01-06,-4.365079365079365e-06
2010-01-07,-4.365079365079365e-06
2010-01-08,0.00015729079103080028
2010-01-11,-4.365079365079365e-06
2010-01-12,-4.365079365079365e-06
2010-01-13,-4.365079365079365e-06
2010-01-14,-4.365079365079365e-06
2010-01-15,-0.0001071830268653328
2010-01-19,-4.365079365079365e-06
2010-01-20,-4.365079365079365e-06
2010-01-21,-4.365079365079365e-06
2010-01-22,-4.365079365079365e-06
2010-01-25,-0.00021520365321599935
2010-01-26,-4.365079365079365e-06
2010-01-27,-4.365079365079365e-06
2010-01-28,-4.365079365079365e-06
2010-01-29,-4.365079365079365e-06
2010-02-01,0.00011775353302216382
2010-02-02,-4.365079365079365e-06
2010-02-03,-4.365079365079365e-06
2010-02-04,-4.365079365079365e-06
2010-02-05,-4.365079365079365e-06
2010-02-08,0.0005765581922598768
2010-02-09,-4.365079365079365e-06
2010-02-10,-4.365079365079365e-06
2010-02-11,-4.365079365079365e-06
2010-02-12,-4.365079365079365e-06
2010-02-16,0.00012124687040484619
2010-02-17,-4.365079365079365e-06
2010-02-18,-4.365079365079365e-06
2010-02-19,-4.365079365079365e-06
2010-02-22,-4.365079365079365e-06
2010-02-23,9.968816910889164e-05
2010-02-24,-4.365079365079365e-06
2010-02-25,-4.365079365079365e-06
2010-02-26,-4.365079365079365e-06
2010-03-01,-4.365079365079365e-06
2010-03-02,8.981147446018891e-05
2010-03-03,-4.365079365079365e-06
2010-03-04,-4.365079365079365e-06
2010-03-05,-4.365079365079365e-06
2010-03-08,-4.365079365079365e-06
2010-03-09,0.00012915075941515781
2010-03-10,-4.365079365079365e-06
2010-03-11,-4.365079365079365e-06
2010-03-12,-4.365079365079365e-06
2010-03-15,-4.365079365079365e-06
2010-03-16,0.00022616680756301538
2010-03-17,-4.365079365079365e-06
2010-03-18,-4.365079365079365e-06
2010-03-19,-4.365079365079365e-06
2010-03-22,-4.365079365079365e-06
2010-03-23,0.0002095806061650957
2010-03-24,-4.365079365079365e-06
2010-03-25,-4.365079365079365e-06
2010-03-26,-4.365079365079365e-06
2010-03-29,-4.365079365079365e-06
2010-03-30,0.0001227609594915898
2010-03-31,-4.365079365079365e-06
2010-04-01,-4.365079365079365e-06
2010-04-05,-4.365079365079365e-06
2010-04-06,-4.365079365079365e-06
2010-04-07,0.00021443956477190372
2010-04-08,-4.365079365079365e-06
2010-04-09,-4.365079365079365e-06
2010-04-12,-4.365079365079365e-06
2010-04-13,-4.365079365079365e-06
2010-04-14,-0.00021780536572100928
2010-04-15,-4.365079365079365e-06
2010-04-16,-4.365079365079365e-06
2010-04-19,-4.365079365079365e-06
2010-04-20,-4.365079365079365e-06
2010-04-21,-6.688169986547682e-05
2010-04-22,-4.365079365079365e-06
2010-04-23,-4.365079365079365e-06
2010-04-26,-4.365079365079365e-06
2010-04-27,-4.365079365079365e-06
2010-04-28,0.0006322310969176408
2010-04-29,-4.365079365079365e-06
2010-04-30,-4.365079365079365e-06
2010-05-03,-4.365079365079365e-06
2010-05-04,-4.365079365079365e-06
2010-05-05,0.000224418120254426
2010-05-06,-4.365079365079365e-06
2010-05-07,-4.365079365079365e-06
2010-05-10,-4.365079365079365e-06
2010-05-11,-4.365079365079365e-06
2010-05-12,0.00015529664116875155
2010-05-13,-4.365079365079365e-06
2010-05-14,-4.365079365079365e-06
2010-05-17,-4.365079365079365e-06
2010-05-18,-4.365079365079365e-06
2010-05-19,-0.0001059088285699091
2010-05-20,-4.365079365079365e-06
2010-05-21,-4.365079365079365e-06
2010-05-24,-4.365079365079365e-06
2010-05-25,-4.365079365079365e-06
2010-05-26,-0.00043607569369749307
2010-05-27,-4.365079365079365e-06
2010-05-28,-4.365079365079365e-06
2010-06-01,-4.365079365079365e-06
2010-06-02,-4.365079365079365e-06
2010-06-03,-0.0007265881226762697
2010-06-04,-4.365079365079365e-06
2010-06-07,-4.365079365079365e-06
2010-06-08,-4.365079365079365e-06
2010-06-09,-4.365079365079365e-06
2010-06-10,-0.0011294955232470463
2010-06-11,-4.365079365079365e-06
2010-06-14,-4.365079365079365e-06
2010-06-15,-4.365079365079365e-06
2010-06-16,-4.365079365079365e-06
2010-06-17,-0.0012010077463410053
2010-06-18,-4.365079365079365e-06
2010-06-21,-4.365079365079365e-06
2010-06-22,-4.365079365079365e-06
2010-06-23,-4.365079365079365e-06
2010-06-24,-0.0012697614813175551
2010-06-25,-4.365079365079365e-06
2010-06-28,-4.365079365079365e-06
2010-06-29,-4.365079365079365e-06
2010-06-30,-4.365079365079365e-06
2010-07-01,-0.0011702310182242336
2010-07-02,-4.365079365079365e-06
2010-07-06,-4.365079365079365e-06
2010-07-07,-4.365079365079365e-06
2010-07-08,-4.365079365079365e-06
2010-07-09,-0.0013910264949485202
2010-07-12,-4.365079365079365e-06
2010-07-13,-4.365079365079365e-06
2010-07-14,-4.365079365079365e-06
2010-07-15,-4.365079365079365e-06
2010-07-16,-0.0013574701397610798
2010-07-19,-4.365079365079365e-06
2010-07-20,-4.365079365079365e-06
2010-07-21,-4.365079365079365e-06
2010-07-22,-4.365079365079365e-06
2010-07-23,-0.0012334698141714543
2010-07-26,-4.365079365079365e-06
2010-07-27,-4.365079365079365e-06
2010-07-28,-4.365079365079365e-06
2010-07-29,-4.365079365079365e-06
2010-07-30,-0.0010795915815281832
2010-08-02,-4.365079365079365e-06
2010-08-03,-4.365079365079365e-06
2010-08-04,-4.365079365079365e-06
2010-08-05,-4.365079365079365e-06
2010-08-06,-0.00045448914634546405
2010-08-09,-4.365079365079365e-06
2010-08-10,-4.365079365079365e-06
2010-08-11,-4.365079365079365e-06
2010-08-12,-4.365079365079365e-06
2010-08-13,-0.0003682889115723438
2010-08-16,-4.365079365079365e-06
2010-08-17,-4.365079365079365e-06
2010-08-18,-4.365079365079365e-06
2010-08-19,-4.365079365079365e-06
2010-08-20,0.0008231233456726259
2010-08-23,-4.365079365079365e-06
2010-08-24,-4.365079365079365e-06
2010-08-25,-4.365079365079365e-06
2010-08-26,-4.365079365079365e-06
2010-08-27,0.0012791062582748413
2010-08-30,-4.365079365079365e-06
2010-08-31,-4.365079365079365e-06
2010-09-01,-4.365079365079365e-06
2010-09-02,-4.365079365079365e-06
2010-09-03,0.0008078874314655967
2010-09-07,-4.365079365079365e-06
2010-09-08,-4.365079365079365e-06
2010-09-09,-4.365079365079365e-06
2010-09-10,-4.365079365079365e-06
2010-09-13,0.001286132663030889
2010-09-14,-4.365079365079365e-06
2010-09-15,-4.365079365079365e-06
2010-09-16,-4.365079365079365e-06
2010-09-17,-4.365079365079365e-06
2010-09-20,0.0007530151503241517
2010-09-21,-4.365079365079365e-06
2010-09-22,-4.365079365079365e-06
2010-09-23,-4.365079365079365e-06
2010-09-24,-4.365079365079365e-06
2010-09-27,0.0014042762163178834
2010-09-28,-4.365079365079365e-06
2010-09-29,-4.365079365079365e-06
2010-09-30,-4.365079365079365e-06
2010-10-01,-4.365079365079365e-06
2010-10-04,0.0020031410442371738
2010-10-05,-4.365079365079365e-06
2010-10-06,-4.365079365079365e-06
2010-10-07,-4.365079365079365e-06
2010-10-08,-4.365079365079365e-06
2010-10-11,0.001279719783695376
2010-10-12,-4.365079365079365e-06
2010-10-13,-4.365079365079365e-06
2010-10-14,-4.365079365079365e-06
2010-10-15,-4.365079365079365e-06
2010-10-18,0.0016965981006779793
2010-10-19,-4.365079365079365e-06
2010-10-20,-4.365079365079365e-06
2010-10-21,-4.365079365079365e-06
2010-10-22,-4.365079365079365e-06
2010-10-25,0.0012916038688401466
2010-10-26,-4.365079365079365e-06
2010-10-27,-4.365079365079365e-06
2010-10-28,-4.365079365079365e-06
2010-10-29,-4.365079365079365e-06
2010-11-01,0.0010402699270273003
2010-11-02,-4.365079365079365e-06
2010-11-03,-4.365079365079365e-06
2010-11-04,-4.365079365079365e-06
2010-11-05,-4.365079365079365e-06
2010-11-08,0.000624649701543121
2010-11-09,-4.365079365079365e-06
2010-11-10,-4.365079365079365e-06
2010-11-11,-4.365079365079365e-06
2010-11-12,-4.365079365079365e-06
2010-11-15,0.0012686557507531
2010-11-16,-4.365079365079365e-06
2010-11-17,-4.365079365079365e-06
2010-11-18,-4.365079365079365e-06
2010-11-19,-4.365079365079365e-06
2010-11-22,0.0007608633739346935
2010-11-23,-4.365079365079365e-06
2010-11-24,-4.365079365079365e-06
2010-11-26,-4.365079365079365e-06
2010-11-29,-4.365079365079365e-06
2010-11-30,0.0006005130591123078
2010-12-01,-4.365079365079365e-06
2010-12-02,-4.365079365079365e-06
2010-12-03,-4.365079365079365e-06
2010-12-06,-4.365079365079365e-06
2010-12-07,0.000537747096862745
2010-12-08,-4.365079365079365e-06
2010-12-09,-4.365079365079365e-06
2010-12-10,-4.365079365079365e-06
2010-12-13,-4.365079365079365e-06
2010-12-14,0.0003877306714295761
2010-12-15,-4.365079365079365e-06
2010-12-16,-4.365079365079365e-06
2010-12-17,-4.365079365079365e-06
2010-12-20,-4.365079365079365e-06
2010-12-21,0.0006345678097130226
2010-12-22,-4.365079365079365e-06
2010-12-23,-4.365079365079365e-06
2010-12-27,-4.365079365079365e-06
2010-12-28,-4.365079365079365e-06
2010-12-29,0.0006005268309096479
2010-12-30,-4.365079365079365e-06
2010-12-31,-4.365079365079365e-06
2011-01-03,-4.365079365079365e-06
2011-01-04,-4.365079365079365e-06
2011-01-05,0.00045469125757741297
2011-01-06,-4.365079365079365e-06
2011-01-07,-4.365079365079365e-06
2011-01-10,-4.365079365079365e-06
2011-01-11,-4.365079365079365e-06
2011-01-12,
2011-01-13,-4.365079365079365e-06
2011-01-14,-4.365079365079365e-06
2011-01-18,-4.365079365079365e-06
2011-01-19,-4.365079365079365e-06
2011-01-20,0.0002663071544133565
2011-01-21,-4.365079365079365e-06
2011-01-24,-4.365079365079365e-06
2011-01-25,-4.365079365079365e-06
2011-01-26,-4.365079365079365e-06
2011-01-27,0.00047453147108461634
2011-01-28,-4.365079365079365e-06
2011-01-31,-4.365079365079365e-06
2011-02-01,-4.365079365079365e-06
2011-02-02,-4.365079365079365e-06
2011-02-03,0.0005510309657809397
2011-02-04,-4.365079365079365e-06
2011-02-07,-4.365079365079365e-06
2011-02-08,-4.365079365079365e-06
2011-02-09,-4.365079365079365e-06
2011-02-10,0.000345315892043207
2011-02-11,-4.365079365079365e-06
2011-02-14,-4.365079365079365e-06
2011-02-15,-4.365079365079365e-06
2011-02-16,-4.365079365079365e-06
2011-02-17,0.00034525063292174145
2011-02-18,-4.365079365079365e-06
2011-02-22,-4.365079365079365e-06
2011-02-23,-4.365079365079365e-06
2011-02-24,-4.365079365079365e-06
2011-02-25,0.00018968383933707584
2011-02-28,-4.365079365079365e-06
2011-03-01,-4.365079365079365e-06
2011-03-02,-4.365079365079365e-06
2011-03-03,-4.365079365079365e-06
2011-03-04,0.0006240950987167906
2011-03-07,-4.365079365079365e-06
2011-03-08,-4.365079365079365e-06
2011-03-09,-4.365079365079365e-06
2011-03-10,-4.365079365079365e-06
2011-03-11,0.00022000939232652596
2011-03-14,-4.365079365079365e-06
2011-03-15,-4.365079365079365e-06
2011-03-16,-4.365079365079365e-06
2011-03-17,-4.365079365079365e-06
2011-03-18,9.925678792676763e-05
2011-03-21,-4.365079365079365e-06
2011-03-22,-4.365079365079365e-06
2011-03-23,-4.365079365079365e-06
2011-03-24,-4.365079365079365e-06
2011-03-25,7.415830863369507e-05
2011-03-28,-4.365079365079365e-06
2011-03-29,-4.365079365079365e-06
2011-03-30,-4.365079365079365e-06
2011-03-31,-4.365079365079365e-06
2011-04-01,0.00031952657073344617
2011-04-04,-4.365079365079365e-06
2011-04-05,-4.365079365079365e-06
2011-04-06,-4.365079365079365e-06
2011-04-07,-4.365079365079365e-06
2011-04-08,-2.2548317859788114e-05
2011-04-11,-4.365079365079365e-06
2011-04-12,-4.365079365079365e-06
2011-04-13,-4.365079365079365e-06
2011-04-14,-4.365079365079365e-06
2011-04-15,0.0008253436127061624
2011-04-18,-4.365079365079365e-06
2011-04-19,-4.365079365079365e-06
2011-04-20,-4.365079365079365e-06
2011-04-21,-4.365079365079365e-06
2011-04-25,3.928556566787412e-05
2011-04-26,-4.365079365079365e-06
2011-04-27,-4.365079365079365e-06
2011-04-28,-4.365079365079365e-06
2011-04-29,-4.365079365079365e-06
2011-05-02,-0.00016865476385819224
2011-05-03,-4.365079365079365e-06
2011-05-04,-4.365079365079365e-06
2011-05-05,-4.365079365079365e-06
2011-05-06,-4.365079365079365e-06
2011-05-09,-7.743107095639393e-05
2011-05-10,-4.365079365079365e-06
2011-05-11,-4.365079365079365e-06
2011-05-12,-4.365079365079365e-06
2011-05-13,-4.365079365079365e-06
2011-05-16,-0.00011576086477635783
2011-05-17,-4.365079365079365e-06
2011-05-18,-4.365079365079365e-06
2011-05-19,-4.365079365079365e-06
2011-05-20,-4.365079365079365e-06
2011-05-23,-0.0002227955217142008
2011-05-24,-4.365079365079365e-06
2011-05-25,-4.365079365079365e-06
2011-05-26,-4.365079365079365e-06
2011-05-27,-4.365079365079365e-06
2011-05-31,0.00017248074695635663
2011-06-01,-4.365079365079365e-06
2011-06-02,-4.365079365079365e-06
2011-06-03,-4.365079365079365e-06
2011-06-06,-4.365079365079365e-06
2011-06-07,8.56543785924094e-05
2011-06-08,-4.365079365079365e-06
2011-06-09,-4.365079365079365e-06
2011-06-10,-4.365079365079365e-06
2011-06-13,-4.365079365079365e-06
2011-06-14,0.0004108634658820873
2011-06-15,-4.365079365079365e-06
2011-06-16,-4.365079365079365e-06
2011-06-17,-4.365079365079365e-06
2011-06-20,-4.365079365079365e-06
2011-06-21,0.0007291774014537867
2011-06-22,-4.365079365079365e-06
2011-06-23,-4.365079365079365e-06
2011-06-24,-4.365079365079365e-06
2011-06-27,-4.365079365079365e-06
2011-06-28,0.00035514860266390945
2011-06-29,-4.365079365079365e-06
2011-06-30,-4.365079365079365e-06
2011-07-01,-4.365079365079365e-06
2011-07-05,-4.365079365079365e-06
2011-07-06,0.0002169779377762532
2011-07-07,-4.365079365079365e-06
2011-07-08,-4.365079365079365e-06
2011-07-11,-4.365079365079365e-06
2011-07-12,-4.365079365079365e-06
2011-07-13,0.00021843883914279103
2011-07-14,-4.365079365079365e-06
2011-07-15,-4.365079365079365e-06
2011-07-18,-4.365079365079365e-06
2011-07-19,-4.365079365079365e-06
2011-07-20,5.331097201118173e-05
2011-07-21,-4.365079365079365e-06
2011-07-22,-4.365079365079365e-06
2011-07-25,-4.365079365079365e-06
2011-07-26,-4.365079365079365e-06
2011-07-27,-1.8819497870881685e-06
2011-07-28,-4.365079365079365e-06
2011-07-29,-4.365079365079365e-06
2011-08-01,-4.365079365079365e-06
2011-08-02,-4.365079365079365e-06
2011-08-03,1.0722174329108471e-05
2011-08-04,-4.365079365079365e-06
2011-08-05,-4.365079365079365e-06
2011-08-08,-4.365079365079365e-06
2011-08-09,-4.365079365079365e-06
2011-08-10,-0.0008698410790147939
2011-08-11,-4.365079365079365e-06
2011-08-12,-4.365079365079365e-06
2011-08-15,-4.365079365079365e-06
2011-08-16,-4.365079365079365e-06
2011-08-17,-0.0008502434247980136
2011-08-18,-4.365079365079365e-06
2011-08-19,-4.365079365079365e-06
2011-08-22,-4.365079365079365e-06
2011-08-23,-4.365079365079365e-06
2011-08-24,-0.0010446944595256028
2011-08-25,-4.365079365079365e-06
2011-08-26,-4.365079365079365e-06
2011-08-29,-4.365079365079365e-06
2011-08-30,-4.365079365079365e-06
2011-08-31,-0.001705891299140155
2011-09-01,-4.365079365079365e-06
2011-09-02,-4.365079365079365e-06
2011-09-06,-4.365079365079365e-06
2011-09-07,-4.365079365079365e-06
2011-09-08,-0.0014240935351810327
2011-09-09,-4.365079365079365e-06
2011-09-12,-4.365079365079365e-06
2011-09-13,-4.365079365079365e-06
2011-09-14,-4.365079365079365e-06
2011-09-15,-0.0016403518448126005
2011-09-16,-4.365079365079365e-06
2011-09-19,-4.365079365079365e-06
2011-09-20,-4.365079365079365e-06
2011-09-21,-4.365079365079365e-06
2011-09-22,-0.001665803984815072
2011-09-23,-4.365079365079365e-06
2011-09-26,-4.365079365079365e-06
2011-09-27,-4.365079365079365e-06
2011-09-28,-4.365079365079365e-06
2011-09-29,-0.001460084598137025
2011-09-30,-4.365079365079365e-06
2011-10-03,-4.365079365079365e-06
2011-10-04,-4.365079365079365e-06
2011-10-05,-4.365079365079365e-06
2011-10-06,-0.0018183587534377928
2011-10-07,-4.365079365079365e-06
2011-10-10,-4.365079365079365e-06
2011-10-11,-4.365079365079365e-06
2011-10-12,-4.365079365079365e-06
2011-10-13,-0.00143464103029207
2011-10-14,-4.365079365079365e-06
2011-10-17,-4.365079365079365e-06
2011-10-18,-4.365079365079365e-06
2011-10-19,-4.365079365079365e-06
2011-10-20,-0.0015275541622758217
2011-10-21,-4.365079365079365e-06
2011-10-24,-4.365079365079365e-06
2011-10-25,-4.365079365079365e-06
2011-10-26,-4.365079365079365e-06
2011-10-27,-0.0010872017503207156
2011-10-28,-4.365079365079365e-06
2011-10-31,-4.365079365079365e-06
2011-11-01,-4.365079365079365e-06
2011-11-02,-4.365079365079365e-06
2011-11-03,-0.0009751687968298654
2011-11-04,-4.365079365079365e-06
2011-11-07,-4.365079365079365e-06
2011-11-08,-4.365079365079365e-06
2011-11-09,-4.365079365079365e-06
2011-11-10,0.00132660247770556
2011-11-11,-4.365079365079365e-06
2011-11-14,-4.365079365079365e-06
2011-11-15,-4.365079365079365e-06
2011-11-16,-4.365079365079365e-06
2011-11-17,0.0005577959425871488
2011-11-18,-4.365079365079365e-06
2011-11-21,-4.365079365079365e-06
2011-11-22,-4.365079365079365e-06
2011-11-23,-4.365079365079365e-06
2011-11-25,0.0012904201443493563
2011-11-28,-4.365079365079365e-06
2011-11-29,-4.365079365079365e-06
2011-11-30,-4.365079365079365e-06
2011-12-01,-4.365079365079365e-06
2011-12-02,0.0011035409012960422
2011-12-05,-4.365079365079365e-06
2011-12-06,-4.365079365079365e-06
2011-12-07,-4.365079365079365e-06
2011-12-08,-4.365079365079365e-06
2011-12-09,0.001350304957916753
2011-12-12,-4.365079365079365e-06
2011-12-13,-4.365079365079365e-06
2011-12-14,-4.365079365079365e-06
2011-12-15,-4.365079365079365e-06
2011-12-16,0.001399070823030413
2011-12-19,-4.365079365079365e-06
2011-12-20,-4.365079365079365e-06
2011-12-21,-4.365079365079365e-06
2011-12-22,-4.365079365079365e-06
2011-12-23,0.0022950760633693515
2011-12-27,-4.365079365079365e-06
2011-12-28,-4.365079365079365e-06
2011-12-29,-4.365079365079365e-06
2011-12-30,-4.365079365079365e-06
2012-01-03,0.0021026269720737624
2012-01-04,-4.365079365079365e-06
2012-01-05,-4.365079365079365e-06
2012-01-06,-4.365079365079365e-06
2012-01-09,-4.365079365079365e-06
2012-01-10,0.0025210628205176292
2012-01-11,-4.365079365079365e-06
2012-01-12,-4.365079365079365e-06
2012-01-13,-4.365079365079365e-06
2012-01-17,-4.365079365079365e-06
2012-01-18,0.001645911653789829
2012-01-19,-4.365079365079365e-06
2012-01-20,-4.365079365079365e-06
2012-01-23,-4.365079365079365e-06
2012-01-24,-4.365079365079365e-06
2012-01-25,0.0020673745892970416
2012-01-26,-4.365079365079365e-06
2012-01-27,-4.365079365079365e-06
2012-01-30,-4.365079365079365e-06
2012-01-31,-4.365079365079365e-06
2012-02-01,0.0011483630169130286
2012-02-02,-4.365079365079365e-06
2012-02-03,-4.365079365079365e-06
2012-02-06,-4.365079365079365e-06
2012-02-07,-4.365079365079365e-06
2012-02-08,0.0017343888955141233
2012-02-09,-4.365079365079365e-06
2012-02-10,-4.365079365079365e-06
2012-02-13,-4.365079365079365e-06
2012-02-14,-4.365079365079365e-06
2012-02-15,0.0008451697754907197
2012-02-16,-4.365079365079365e-06
2012-02-17,-4.365079365079365e-06
2012-02-21,-4.365079365079365e-06
2012-02-22,-4.365079365079365e-06
2012-02-23,0.0018089182015250335
2012-02-24,-4.365079365079365e-06
2012-02-27,-4.365079365079365e-06
2012-02-28,-4.365079365079365e-06
2012-02-29,-4.365079365079365e-06
2012-03-01,0.0018795197482364186
2012-03-02,-4.365079365079365e-06
2012-03-05,-4.365079365079365e-06
2012-03-06,-4.365079365079365e-06
2012-03-07,-4.365079365079365e-06
2012-03-08,0.0014058785946814865
2012-03-09,-4.365079365079365e-06
2012-03-12,-4.365079365079365e-06
2012-03-13,-4.365079365079365e-06
2012-03-14,-4.365079365079365e-06
2012-03-15,0.001199938406262058
2012-03-16,-4.365079365079365e-06
2012-03-19,-4.365079365079365e-06
2012-03-20,-4.365079365079365e-06
2012-03-21,-4.365079365079365e-06
2012-03-22,0.0012380895912805028
2012-03-23,-4.365079365079365e-06
2012-03-26,-4.365079365079365e-06
2012-03-27,-4.365079365079365e-06
2012-03-28,-4.365079365079365e-06
2012-03-29,0.0005333716763163558
2012-03-30,-4.365079365079365e-06
2012-04-02,-4.365079365079365e-06
2012-04-03,-4.365079365079365e-06
2012-04-04,-4.365079365079365e-06
2012-04-05,0.0006094194764765831
2012-04-09,-4.365079365079365e-06
2012-04-10,-4.365079365079365e-06
2012-04-11,-4.365079365079365e-06
2012-04-12,-4.365079365079365e-06
2012-04-13,0.0002643640444126898
2012-04-16,-4.365079365079365e-06
2012-04-17,-4.365079365079365e-06
2012-04-18,-4.365079365079365e-06
2012-04-19,-4.365079365079365e-06
2012-04-20,0.0004849696381832013
2012-04-23,-4.365079365079365e-06
2012-04-24,-4.365079365079365e-06
2012-04-25,-4.365079365079365e-06
2012-04-26,-4.365079365079365e-06
2012-04-27,9.917940529505483e-05
2012-04-30,-4.365079365079365e-06
2012-05-01,-4.365079365079365e-06
2012-05-02,-4.365079365079365e-06
2012-05-03,-4.365079365079365e-06
2012-05-04,0.0004713464914281951
2012-05-07,-4.365079365079365e-06
2012-05-08,-4.365079365079365e-06
2012-05-09,-4.365079365079365e-06
2012-05-10,-4.365079365079365e-06
2012-05-11,0.00012303776278784907
2012-05-14,-4.365079365079365e-06
2012-05-15,-4.365079365079365e-06
2012-05-16,-4.365079365079365e-06
2012-05-17,-4.365079365079365e-06
2012-05-18,0.00017633219892183028
2012-05-21,-4.365079365079365e-06
2012-05-22,-4.365079365079365e-06
2012-05-23,-4.365079365079365e-06
2012-05-24,-4.365079365079365e-06
2012-05-25,-0.00034736107082525324
2012-05-29,-4.365079365079365e-06
2012-05-30,-4.365079365079365e-06
2012-05-31,-4.365079365079365e-06
2012-06-01,-4.365079365079365e-06
2012-06-04,-0.0006764964547383525
2012-06-05,-4.365079365079365e-06
2012-06-06,-4.365079365079365e-06
2012-06-07,-4.365079365079365e-06
2012-06-08,-4.365079365079365e-06
2012-06-11,-0.00031916311059361924
2012-06-12,-4.365079365079365e-06
2012-06-13,-4.365079365079365e-06
2012-06-14,-4.365079365079365e-06
2012-06-15,-4.365079365079365e-06
2012-06-18,-0.00042976307779161104
2012-06-19,-4.365079365079365e-06
2012-06-20,-4.365079365079365e-06
2012-06-21,-4.365079365079365e-06
2012-06-22,-4.365079365079365e-06
2012-06-25,-0.0005899645140926844
2012-06-26,-4.365079365079365e-06
2012-06-27,-4.365079365079365e-06
2012-06-28,-4.365079365079365e-06
2012-06-29,-4.365079365079365e-06
2012-07-02,-0.0005215363594498302
2012-07-03,-4.365079365079365e-06
2012-07-05,-4.365079365079365e-06
2012-07-06,-4.365079365079365e-06
2012-07-09,-4.365079365079365e-06
2012-07-10,-0.00039051764512493465
2012-07-11,-4.365079365079365e-06
2012-07-12,-4.365079365079365e-06
2012-07-13,-4.365079365079365e-06
2012-07-16,-4.365079365079365e-06
2012-07-17,8.750670238183013e-05
2012-07-18,-4.365079365079365e-06
2012-07-19,-4.365079365079365e-06
2012-07-20,-4.365079365079365e-06
2012-07-23,-4.365079365079365e-06
2012-07-24,-0.00011884589860506969
2012-07-25,-4.365079365079365e-06
2012-07-26,-4.365079365079365e-06
2012-07-27,-4.365079365079365e-06
2012-07-30,-4.365079365079365e-06
2012-07-31,-0.0002108423710276033
2012-08-01,-4.365079365079365e-06
2012-08-02,-4.365079365079365e-06
2012-08-03,-4.365079365079365e-06
2012-08-06,-4.365079365079365e-06
2012-08-07,4.960946758199164e-05
2012-08-08,-4.365079365079365e-06
2012-08-09,-4.365079365079365e-06
2012-08-10,-4.365079365079365e-06
2012-08-13,-4.365079365079365e-06
2012-08-14,0.00029703468515996886
2012-08-15,-4.365079365079365e-06
2012-08-16,-4.365079365079365e-06
2012-08-17,-4.365079365079365e-06
2012-08-20,-4.365079365079365e-06
2012-08-21,0.000753552624413565
2012-08-22,-4.365079365079365e-06
2012-08-23,-4.365079365079365e-06
2012-08-24,-4.365079365079365e-06
2012-08-27,-4.365079365079365e-06
2012-08-28,0.000653595076850568
2012-08-29,-4.365079365079365e-06
2012-08-30,-4.365079365079365e-06
2012-08-31,-4.365079365079365e-06
2012-09-04,-4.365079365079365e-06
2012-09-05,0.0012189632798760017
2012-09-06,-4.365079365079365e-06
2012-09-07,-4.365079365079365e-06
2012-09-10,-4.365079365079365e-06
2012-09-11,-4.365079365079365e-06
2012-09-12,0.0008365861031824213
2012-09-13,-4.365079365079365e-06
2012-09-14,-4.365079365079365e-06
2012-09-17,-4.365079365079365e-06
2012-09-18,-4.365079365079365e-06
2012-09-19,0.0005120156453621894
2012-09-20,-4.365079365079365e-06
2012-09-21,-4.365079365079365e-06
2012-09-24,-4.365079365079365e-06
2012-09-25,-4.365079365079365e-06
2012-09-26,0.000913324676853923
2012-09-27,-4.365079365079365e-06
2012-09-28,-4.365079365079365e-06
2012-10-01,-4.365079365079365e-06
2012-10-02,-4.365079365079365e-06
2012-10-03,0.000572357287189738
2012-10-04,-4.365079365079365e-06
2012-10-05,-4.365079365079365e-06
2012-10-08,-4.365079365079365e-06
2012-10-09,-4.365079365079365e-06
2012-10-10,0.000769591959340784
2012-10-11,-4.365079365079365e-06
2012-10-12,-4.365079365079365e-06
2012-10-15,-4.365079365079365e-06
2012-10-16,-4.365079365079365e-06
2012-10-17,0.00040713571987035276
2012-10-18,-4.365079365079365e-06
2012-10-19,-4.365079365079365e-06
2012-10-22,-4.365079365079365e-06
2012-10-23,-4.365079365079365e-06
2012-10-24,0.0008896978890943106
2012-10-25,-4.365079365079365e-06
2012-10-26,-4.365079365079365e-06
2012-10-31,-4.365079365079365e-06
2012-11-01,-4.365079365079365e-06
2012-11-02,0.0007796680234671515
2012-11-05,-4.365079365079365e-06
2012-11-06,-4.365079365079365e-06
2012-11-07,-4.365079365079365e-06
2012-11-08,-4.365079365079365e-06
2012-11-09,0.0004621516245615189
2012-11-12,-4.365079365079365e-06
2012-11-13,-4.365079365079365e-06
2012-11-14,-4.365079365079365e-06
2012-11-15,-4.365079365079365e-06
2012-11-16,0.00031913620280821415
2012-11-19,-4.365079365079365e-06
2012-11-20,-4.365079365079365e-06
2012-11-21,-4.365079365079365e-06
2012-11-23,-4.365079365079365e-06
2012-11-26,-0.00014140719727591495
2012-11-27,-4.365079365079365e-06
2012-11-28,-4.365079365079365e-06
2012-11-29,-4.365079365079365e-06
2012-11-30,-4.365079365079365e-06
2012-12-03,5.396659645146627e-05
2012-12-04,-4.365079365079365e-06
2012-12-05,-4.365079365079365e-06
2012-12-06,-4.365079365079365e-06
2012-12-07,-4.365079365079365e-06
2012-12-10,-0.00011411072148876362
2012-12-11,-4.365079365079365e-06
2012-12-12,-4.365079365079365e-06
2012-12-13,-4.365079365079365e-06
2012-12-14,-4.365079365079365e-06
2012-12-17,-0.00022766577145893712
2012-12-18,-4.365079365079365e-06
2012-12-19,-4.365079365079365e-06
2012-12-20,-4.365079365079365e-06
2012-12-21,-4.365079365079365e-06
2012-12-24,-0.00020710942541136325
2012-12-26,-4.365079365079365e-06
2012-12-27,-4.365079365079365e-06
2012-12-28,-4.365079365079365e-06
2012-12-31,-4.365079365079365e-06
2013-01-02,-0.00018369118880867802
2013-01-03,-4.365079365079365e-06
2013-01-04,-4.365079365079365e-06
2013-01-07,-4.365079365079365e-06
2013-01-08,-4.365079365079365e-06
2013-01-09,-0.0001621028614890842
2013-01-10,-4.365079365079365e-06
2013-01-11,-4.365079365079365e-06
2013-01-14,-4.365079365079365e-06
2013-01-15,-4.365079365079365e-06
2013-01-16,-8.17729355593855e-05
2013-01-17,-4.365079365079365e-06
2013-01-18,-4.365079365079365e-06
2013-01-22,-4.365079365079365e-06
2013-01-23,-4.365079365079365e-06
2013-01-24,-0.00013542721089326596
2013-01-25,-4.365079365079365e-06
2013-01-28,-4.365079365079365e-06
2013-01-29,-4.365079365079365e-06
2013-01-30,-4.365079365079365e-06
2013-01-31,0.00011783805475954295
2013-02-01,-4.365079365079365e-06
2013-02-04,-4.365079365079365e-06
2013-02-05,-4.365079365079365e-06
2013-02-06,-4.365079365079365e-06
2013-02-07,7.080107092934576e-05
2013-02-08,-4.365079365079365e-06
2013-02-11,-4.365079365079365e-06
2013-02-12,-4.365079365079365e-06
2013-02-13,-4.365079365079365e-06
2013-02-14,0.000489950289468287
2013-02-15,-4.365079365079365e-06
2013-02-19,-4.365079365079365e-06
2013-02-20,-4.365079365079365e-06
2013-02-21,-4.365079365079365e-06
2013-02-22,0.00036791877656253244
2013-02-25,-4.365079365079365e-06
2013-02-26,-4.365079365079365e-06
2013-02-27,-4.365079365079365e-06
2013-02-28,-4.365079365079365e-06
2013-03-01,0.00014386410124772958
2013-03-04,-4.365079365079365e-06
2013-03-05,-4.365079365079365e-06
2013-03-06,-4.365079365079365e-06
2013-03-07,-4.365079365079365e-06
2013-03-08,0.00020569078533563576
2013-03-11,-4.365079365079365e-06
2013-03-12,-4.365079365079365e-06
2013-03-13,-4.365079365079365e-06
2013-03-14,-4.365079365079365e-06
2013-03-15,9.820736460770582e-05
2013-03-18,-4.365079365079365e-06
2013-03-19,-4.365079365079365e-06
2013-03-20,-4.365079365079365e-06
2013-03-21,-4.365079365079365e-06
2013-03-22,0.00021896286356354466
2013-03-25,-4.365079365079365e-06
2013-03-26,-4.365079365079365e-06
2013-03-27,-4.365079365079365e-06
2013-03-28,-4.365079365079365e-06
2013-04-01,0.0005678839910360355
2013-04-02,-4.365079365079365e-06
2013-04-03,-4.365079365079365e-06
2013-04-04,-4.365079365079365e-06
2013-04-05,-4.365079365079365e-06
2013-04-08,0.0003702451052570001
2013-04-09,-4.365079365079365e-06
2013-04-10,-4.365079365079365e-06
2013-04-11,-4.365079365079365e-06
2013-04-12,-4.365079365079365e-06
2013-04-15,0.00030260210931121623
2013-04-16,-4.365079365079365e-06
2013-04-17,-4.365079365079365e-06
2013-04-18,-4.365079365079365e-06
2013-04-19,-4.365079365079365e-06
2013-04-22,0.00015491471958838156
2013-04-23,-4.365079365079365e-06
2013-04-24,-4.365079365079365e-06
2013-04-25,-4.365079365079365e-06
2013-04-26,-4.365079365079365e-06
2013-04-29,-5.557453859822613e-05
2013-04-30,-4.365079365079365e-06
2013-05-01,-4.365079365079365e-06
2013-05-02,-4.365079365079365e-06
2013-05-03,-4.365079365079365e-06
2013-05-06,-0.00013516883028882109
2013-05-07,-4.365079365079365e-06
2013-05-08,-4.365079365079365e-06
2013-05-09,-4.365079365079365e-06
2013-05-10,-4.365079365079365e-06
2013-05-13,-8.343564132457011e-05
2013-05-14,-4.365079365079365e-06
2013-05-15,-4.365079365079365e-06
2013-05-16,-4.365079365079365e-06
2013-05-17,-4.365079365079365e-06
2013-05-20,-0.00032381769811616097
2013-05-21,-4.365079365079365e-06
2013-05-22,-4.365079365079365e-06
2013-05-23,-4.365079365079365e-06
2013-05-24,-4.365079365079365e-06
2013-05-28,-0.0001956073437148366
2013-05-29,-4.365079365079365e-06
2013-05-30,-4.365079365079365e-06
2013-05-31,-4.365079365079365e-06
2013-06-03,-4.365079365079365e-06
2013-06-04,0.0001261932864316547
2013-06-05,-4.365079365079365e-06
2013-06-06,-4.365079365079365e-06
2013-06-07,-4.365079365079365e-06
2013-06-10,-4.365079365079365e-06
2013-06-11,-0.00016413197128869927
2013-06-12,-4.365079365079365e-06
2013-06-13,-4.365079365079365e-06
2013-06-14,-4.365079365079365e-06
2013-06-17,-4.365079365079365e-06
2013-06-18,-0.00027366142697574504
2013-06-19,-4.365079365079365e-06
2013-06-20,-4.365079365079365e-06
2013-06-21,-4.365079365079365e-06
2013-06-24,-4.365079365079365e-06
2013-06-25,-0.0002344383821898297
2013-06-26,-4.365079365079365e-06
2013-06-27,-4.365079365079365e-06
2013-06-28,-4.365079365079365e-06
2013-07-01,-4.365079365079365e-06
2013-07-02,-0.0003036667433540966
2013-07-03,-4.365079365079365e-06
2013-07-05,-4.365079365079365e-06
2013-07-08,-4.365079365079365e-06
2013-07-09,-4.365079365079365e-06
2013-07-10,-0.0003178265450760058
2013-07-11,-4.365079365079365e-06
2013-07-12,-4.365079365079365e-06
2013-07-15,-4.365079365079365e-06
2013-07-16,-4.365079365079365e-06
2013-07-17,0.0001942482863225061
2013-07-18,-4.365079365079365e-06
2013-07-19,-4.365079365079365e-06
2013-07-22,-4.365079365079365e-06
2013-07-23,-4.365079365079365e-06
2013-07-24,0.00017293916715515237
2013-07-25,-4.365079365079365e-06
2013-07-26,-4.365079365079365e-06
2013-07-29,-4.365079365079365e-06
2013-07-30,-4.365079365079365e-06
2013-07-31,0.0003024527446050089
2013-08-01,-4.365079365079365e-06
2013-08-02,-4.365079365079365e-06
2013-08-05,-4.365079365079365e-06
2013-08-06,-4.365079365079365e-06
2013-08-07,0.00018224044720425945
2013-08-08,-4.365079365079365e-06
2013-08-09,-4.365079365079365e-06
2013-08-12,-4.365079365079365e-06
2013-08-13,-4.365079365079365e-06
2013-08-14,0.00021766249884950056
2013-08-15,-4.365079365079365e-06
2013-08-16,-4.365079365079365e-06
2013-08-19,-4.365079365079365e-06
2013-08-20,-4.365079365079365e-06
2013-08-21,0.0003121959438932304
2013-08-22,-4.365079365079365e-06
2013-08-23,-4.365079365079365e-06
2013-08-26,-4.365079365079365e-06
2013-08-27,-4.365079365079365e-06
2013-08-28,0.00029494219741603303
2013-08-29,-4.365079365079365e-06
2013-08-30,-4.365079365079365e-06
2013-09-03,-4.365079365079365e-06
2013-09-04,-4.365079365079365e-06
2013-09-05,0.00040980396439055735
2013-09-06,-4.365079365079365e-06
2013-09-09,-4.365079365079365e-06
2013-09-10,-4.365079365079365e-06
2013-09-11,-4.365079365079365e-06
2013-09-12,0.0006805924867779793
2013-09-13,-4.365079365079365e-06
2013-09-16,-4.365079365079365e-06
2013-09-17,-4.365079365079365e-06
2013-09-18,-4.365079365079365e-06
2013-09-19,0.0007768191282623099
2013-09-20,-4.365079365079365e-06
2013-09-23,-4.365079365079365e-06
2013-09-24,-4.365079365079365e-06
2013-09-25,-4.365079365079365e-06
2013-09-26,0.0011215943326463662
2013-09-27,-4.365079365079365e-06
2013-09-30,-4.365079365079365e-06
2013-10-01,-4.365079365079365e-06
2013-10-02,-4.365079365079365e-06
2013-10-03,0.0009691765152114977
2013-10-04,-4.365079365079365e-06
2013-10-07,-4.365079365079365e-06
2013-10-08,-4.365079365079365e-06
2013-10-09,-4.365079365079365e-06
2013-10-10,0.0005628103622064632
2013-10-11,-4.365079365079365e-06
2013-10-14,-4.365079365079365e-06
2013-10-15,-4.365079365079365e-06
2013-10-16,-4.365079365079365e-06
2013-10-17,0.00044126722174728814
2013-10-18,-4.365079365079365e-06
2013-10-21,-4.365079365079365e-06
2013-10-22,-4.365079365079365e-06
2013-10-23,-4.365079365079365e-06
2013-10-24,0.00034424808306810357
2013-10-25,-4.365079365079365e-06
2013-10-28,-4.365079365079365e-06
2013-10-29,-4.365079365079365e-06
2013-10-30,-4.365079365079365e-06
2013-10-31,0.0003231255274328815
2013-11-01,-4.365079365079365e-06
2013-11-04,-4.365079365079365e-06
2013-11-05,-4.365079365079365e-06
2013-11-06,-4.365079365079365e-06
2013-11-07,0.0003360620061828328
2013-11-08,-4.365079365079365e-06
2013-11-11,-4.365079365079365e-06
2013-11-12,-4.365079365079365e-06
2013-11-13,-4.365079365079365e-06
2013-11-14,0.00037509218441801075
2013-11-15,-4.365079365079365e-06
2013-11-18,-4.365079365079365e-06
2013-11-19,-4.365079365079365e-06
2013-11-20,-4.365079365079365e-06
2013-11-21,0.00058996041985638
2013-11-22,-4.365079365079365e-06
2013-11-25,-4.365079365079365e-06
2013-11-26,-4.365079365079365e-06
2013-11-27,-4.365079365079365e-06
2013-11-29,0.0006313725822779802
2013-12-02,-4.365079365079365e-06
2013-12-03,-4.365079365079365e-06
2013-12-04,-4.365079365079365e-06
2013-12-05,-4.365079365079365e-06
2013-12-06,0.00040016442051704463
2013-12-09,-4.365079365079365e-06
2013-12-10,-4.365079365079365e-06
2013-12-11,-4.365079365079365e-06
2013-12-12,-4.365079365079365e-06
2013-12-13,0.00014127651940430396
2013-12-16,-4.365079365079365e-06
2013-12-17,-4.365079365079365e-06
2013-12-18,-4.365079365079365e-06
2013-12-19,-4.365079365079365e-06
2013-12-20,3.6792148625666275e-05
2013-12-23,-4.365079365079365e-06
2013-12-24,-4.365079365079365e-06
2013-12-26,-4.365079365079365e-06
2013-12-27,-4.365079365079365e-06
2013-12-30,2.550374671514789e-06
2013-12-31,-4.365079365079365e-06
2014-01-02,-4.365079365079365e-06
2014-01-03,-4.365079365079365e-06
2014-01-06,-4.365079365079365e-06
2014-01-07,0.0003783737506868701
2014-01-08,-4.365079365079365e-06
2014-01-09,-4.365079365079365e-06
2014-01-10,-4.365079365079365e-06
2014-01-13,-4.365079365079365e-06
2014-01-14,0.000503114072310181
2014-01-15,-4.365079365079365e-06
2014-01-16,-4.365079365079365e-06
2014-01-17,-4.365079365079365e-06
2014-01-21,-4.365079365079365e-06
2014-01-22,0.00029070098378699313
2014-01-23,-4.365079365079365e-06
2014-01-24,-4.365079365079365e-06
2014-01-27,-4.365079365079365e-06
2014-01-28,-4.365079365079365e-06
2014-01-29,0.00012197358453243859
2014-01-30,-4.365079365079365e-06
2014-01-31,-4.365079365079365e-06
2014-02-03,-4.365079365079365e-06
2014-02-04,-4.365079365079365e-06
2014-02-05,7.3073049153712e-05
2014-02-06,-4.365079365079365e-06
2014-02-07,-4.365079365079365e-06
2014-02-10,-4.365079365079365e-06
2014-02-11,-4.365079365079365e-06
2014-02-12,8.1335074767197e-05
2014-02-13,-4.365079365079365e-06
2014-02-14,-4.365079365079365e-06
2014-02-18,-4.365079365079365e-06
2014-02-19,-4.365079365079365e-06
2014-02-20,2.6110141735516443e-05
2014-02-21,-4.365079365079365e-06
2014-02-24,-4.365079365079365e-06
2014-02-25,-4.365079365079365e-06
2014-02-26,-4.365079365079365e-06
2014-02-27,-4.1529920509997255e-05
2014-02-28,-4.365079365079365e-06
2014-03-03,-4.365079365079365e-06
2014-03-04,-4.365079365079365e-06
2014-03-05,-4.365079365079365e-06
2014-03-06,-0.00012344249696344913
2014-03-07,-4.365079365079365e-06
2014-03-10,-4.365079365079365e-06
2014-03-11,-4.365079365079365e-06
2014-03-12,-4.365079365079365e-06
2014-03-13,-0.0001671375374996199
2014-03-14,-4.365079365079365e-06
2014-03-17,-4.365079365079365e-06
2014-03-18,-4.365079365079365e-06
2014-03-19,-4.365079365079365e-06
2014-03-20,0.00010362202307689962
2014-03-21,-4.365079365079365e-06
2014-03-24,-4.365079365079365e-06
2014-03-25,-4.365079365079365e-06
2014-03-26,-4.365079365079365e-06
2014-03-27,-7.6180147378090776e-06
2014-03-28,-4.365079365079365e-06
2014-03-31,-4.365079365079365e-06
2014-04-01,-4.365079365079365e-06
2014-04-02,-4.365079365079365e-06
2014-04-03,-4.3824817794444155e-05
2014-04-04,-4.365079365079365e-06
2014-04-07,-4.365079365079365e-06
2014-04-08,-4.365079365079365e-06
2014-04-09,-4.365079365079365e-06
2014-04-10,-0.0002688336023147689
2014-04-11,-4.365079365079365e-06
2014-04-14,-4.365079365079365e-06
2014-04-15,-4.365079365079365e-06
2014-04-16,-4.365079365079365e-06
2014-04-17,-0.0003049341994609246
2014-04-21,-4.365079365079365e-06
2014-04-22,-4.365079365079365e-06
2014-04-23,-4.365079365079365e-06
2014-04-24,-4.365079365079365e-06
2014-04-25,-0.0002215827266916011
2014-04-28,-4.365079365079365e-06
2014-04-29,-4.365079365079365e-06
2014-04-30,-4.365079365079365e-06
2014-05-01,-4.365079365079365e-06
2014-05-02,0.0003340103144973961
2014-05-05,-4.365079365079365e-06
2014-05-06,-4.365079365079365e-06
2014-05-07,-4.365079365079365e-06
2014-05-08,-4.365079365079365e-06
2014-05-09,0.0007590278499020504
2014-05-12,-4.365079365079365e-06
2014-05-13,-4.365079365079365e-06
2014-05-14,-4.365079365079365e-06
2014-05-15,-4.365079365079365e-06
2014-05-16,0.00025652881831110026
2014-05-19,-4.365079365079365e-06
2014-05-20,-4.365079365079365e-06
2014-05-21,-4.365079365079365e-06
2014-05-22,-4.365079365079365e-06
2014-05-23,0.00022303040128044855
2014-05-27,-4.365079365079365e-06
2014-05-28,-4.365079365079365e-06
2014-05-29,-4.365079365079365e-06
2014-05-30,-4.365079365079365e-06
2014-06-02,0.00017424999348355122
2014-06-03,-4.365079365079365e-06
2014-06-04,-4.365079365079365e-06
2014-06-05,-4.365079365079365e-06
2014-06-06,-4.365079365079365e-06
2014-06-09,0.00024253310755328213
2014-06-10,-4.365079365079365e-06
2014-06-11,-4.365079365079365e-06
2014-06-12,-4.365079365079365e-06
2014-06-13,-4.365079365079365e-06
2014-06-16,0.00034293591563014787
2014-06-17,-4.365079365079365e-06
2014-06-18,-4.365079365079365e-06
2014-06-19,-4.365079365079365e-06
2014-06-20,-4.365079365079365e-06
2014-06-23,0.00014616940733648404
2014-06-24,-4.365079365079365e-06
2014-06-25,-4.365079365079365e-06
2014-06-26,-4.365079365079365e-06
2014-06-27,-4.365079365079365e-06
2014-06-30,0.0003301163895530542
2014-07-01,-4.365079365079365e-06
2014-07-02,-4.365079365079365e-06
2014-07-03,-4.365079365079365e-06
2014-07-07,-4.365079365079365e-06
2014-07-08,0.00022536717051690946
2014-07-09,-4.365079365079365e-06
2014-07-10,-4.365079365079365e-06
2014-07-11,-4.365079365079365e-06
2014-07-14,-4.365079365079365e-06
2014-07-15,0.0006047354200178762
2014-07-16,-4.365079365079365e-06
2014-07-17,-4.365079365079365e-06
2014-07-18,-4.365079365079365e-06
2014-07-21,-4.365079365079365e-06
2014-07-22,0.0004884125833437961
2014-07-23,-4.365079365079365e-06
2014-07-24,-4.365079365079365e-06
2014-07-25,-4.365079365079365e-06
2014-07-28,-4.365079365079365e-06
2014-07-29,0.0006059778139086938
2014-07-30,-4.365079365079365e-06
2014-07-31,-4.365079365079365e-06
2014-08-01,-4.365079365079365e-06
2014-08-04,-4.365079365079365e-06
2014-08-05,0.00021553382815059528
2014-08-06,-4.365079365079365e-06
2014-08-07,-4.365079365079365e-06
2014-08-08,-4.365079365079365e-06
2014-08-11,-4.365079365079365e-06
2014-08-12,4.8491825073433214e-05
2014-08-13,-4.365079365079365e-06
2014-08-14,-4.365079365079365e-06
2014-08-15,-4.365079365079365e-06
2014-08-18,-4.365079365079365e-06
2014-08-19,0.00017373804675701343
2014-08-20,-4.365079365079365e-06
2014-08-21,-4.365079365079365e-06
2014-08-22,-4.365079365079365e-06
2014-08-25,-4.365079365079365e-06
2014-08-26,0.00016281999774480241
2014-08-27,-4.365079365079365e-06
2014-08-28,-4.365079365079365e-06
2014-08-29,-4.365079365079365e-06
2014-09-02,-4.365079365079365e-06
2014-09-03,0.0001760661919411144
2014-09-04,-4.365079365079365e-06
2014-09-05,-4.365079365079365e-06
2014-09-08,-4.365079365079365e-06
2014-09-09,-4.365079365079365e-06
2014-09-10,4.396977522813977e-05
2014-09-11,-4.365079365079365e-06
2014-09-12,-4.365079365079365e-06
2014-09-15,-4.365079365079365e-06
2014-09-16,-4.365079365079365e-06
2014-09-17,5.346578233892342e-05
2014-09-18,-4.365079365079365e-06
2014-09-19,-4.365079365079365e-06
2014-09-22,-4.365079365079365e-06
2014-09-23,-4.365079365079365e-06
2014-09-24,-7.69202149623997e-05
2014-09-25,-4.365079365079365e-06
2014-09-26,-4.365079365079365e-06
2014-09-29,-4.365079365079365e-06
2014-09-30,-4.365079365079365e-06
2014-10-01,-0.00021509788913010478
2014-10-02,-4.365079365079365e-06
2014-10-03,-4.365079365079365e-06
2014-10-06,-4.365079365079365e-06
2014-10-07,-4.365079365079365e-06
2014-10-08,-0.00021323762101359742
2014-10-09,-4.365079365079365e-06
2014-10-10,-4.365079365079365e-06
2014-10-13,-4.365079365079365e-06
2014-10-14,-4.365079365079365e-06
2014-10-15,-0.0004557469982356923
2014-10-16,-4.365079365079365e-06
2014-10-17,-4.365079365079365e-06
2014-10-20,-4.365079365079365e-06
2014-10-21,-4.365079365079365e-06
2014-10-22,-0.0003485191388548249
2014-10-23,-4.365079365079365e-06
2014-10-24,-4.365079365079365e-06
2014-10-27,-4.365079365079365e-06
2014-10-28,-4.365079365079365e-06
2014-10-29,-0.0002592053629472456
2014-10-30,-4.365079365079365e-06
2014-10-31,-4.365079365079365e-06
2014-11-03,-4.365079365079365e-06
2014-11-04,-4.365079365079365e-06
2014-11-05,0.00021189235466451082
2014-11-06,-4.365079365079365e-06
2014-11-07,-4.365079365079365e-06
2014-11-10,-4.365079365079365e-06
2014-11-11,-4.365079365079365e-06
2014-11-12,7.248827476527881e-05
2014-11-13,-4.365079365079365e-06
2014-11-14,-4.365079365079365e-06
2014-11-17,-4.365079365079365e-06
2014-11-18,-4.365079365079365e-06
2014-11-19,-0.00020911672194434105
2014-11-20,-4.365079365079365e-06
2014-11-21,-4.365079365079365e-06
2014-11-24,-4.365079365079365e-06
2014-11-25,-4.365079365079365e-06
2014-11-26,-0.00013413347488571076
2014-11-28,-4.365079365079365e-06
2014-12-01,-4.365079365079365e-06
2014-12-02,-4.365079365079365e-06
2014-12-03,-4.365079365079365e-06
2014-12-04,-7.397336605732163e-05
2014-12-05,-4.365079365079365e-06
2014-12-08,-4.365079365079365e-06
2014-12-09,-4.365079365079365e-06
2014-12-10,-4.365079365079365e-06
2014-12-11,-0.00014297705968345528
2014-12-12,-4.365079365079365e-06
2014-12-15,-4.365079365079365e-06
2014-12-16,-4.365079365079365e-06
2014-12-17,-4.365079365079365e-06
2014-12-18,-0.0004554538656290771
2014-12-19,-4.365079365079365e-06
2014-12-22,-4.365079365079365e-06
2014-12-23,-4.365079365079365e-06
2014-12-24,-4.365079365079365e-06
2014-12-26,-0.00018230170180464698
2014-12-29,-4.365079365079365e-06
2014-12-30,-4.365079365079365e-06
2014-12-31,-4.365079365079365e-06
2015-01-02,-4.365079365079365e-06
2015-01-05,0.00023281822849204558
2015-01-06,-4.365079365079365e-06
2015-01-07,-4.365079365079365e-06
2015-01-08,-4.365079365079365e-06
2015-01-09,-4.365079365079365e-06
2015-01-12,7.276849491271115e-05
2015-01-13,-4.365079365079365e-06
2015-01-14,-4.365079365079365e-06
2015-01-15,-4.365079365079365e-06
2015-01-16,-4.365079365079365e-06
2015-01-20,0.0011626037031278445
2015-01-21,-4.365079365079365e-06
2015-01-22,-4.365079365079365e-06
2015-01-23,-4.365079365079365e-06
2015-01-26,-4.365079365079365e-06
2015-01-27,0.0006593174378940365
2015-01-28,-4.365079365079365e-06
2015-01-29,-4.365079365079365e-06
2015-01-30,-4.365079365079365e-06
2015-02-02,-4.365079365079365e-06
2015-02-03,0.0004386778766566306
2015-02-04,-4.365079365079365e-06
2015-02-05,-4.365079365079365e-06
2015-02-06,-4.365079365079365e-06
2015-02-09,-4.365079365079365e-06
2015-02-10,9.037181485875123e-05
2015-02-11,-4.365079365079365e-06
2015-02-12,-4.365079365079365e-06
2015-02-13,-4.365079365079365e-06
2015-02-17,-4.365079365079365e-06
2015-02-18,-5.649463508793218e-05
2015-02-19,-4.365079365079365e-06
2015-02-20,-4.365079365079365e-06
2015-02-23,-4.365079365079365e-06
2015-02-24,-4.365079365079365e-06
2015-02-25,0.00016266172139681602
2015-02-26,-4.365079365079365e-06
2015-02-27,-4.365079365079365e-06
2015-03-02,-4.365079365079365e-06
2015-03-03,-4.365079365079365e-06
2015-03-04,0.00011149921953256198
2015-03-05,-4.365079365079365e-06
2015-03-06,-4.365079365079365e-06
2015-03-09,-4.365079365079365e-06
2015-03-10,-4.365079365079365e-06
2015-03-11,6.430094901315982e-05
2015-03-12,-4.365079365079365e-06
2015-03-13,-4.365079365079365e-06
2015-03-16,-4.365079365079365e-06
2015-03-17,-4.365079365079365e-06
2015-03-18,0.0006835256447883314
2015-03-19,-4.365079365079365e-06
2015-03-20,-4.365079365079365e-06
2015-03-23,-4.365079365079365e-06
2015-03-24,-4.365079365079365e-06
2015-03-25,0.0005050503200009466
2015-03-26,-4.365079365079365e-06
2015-03-27,-4.365079365079365e-06
2015-03-30,-4.365079365079365e-06
2015-03-31,-4.365079365079365e-06
2015-04-01,0.0003897384267465234
2015-04-02,-4.365079365079365e-06
2015-04-06,-4.365079365079365e-06
2015-04-07,-4.365079365079365e-06
2015-04-08,-4.365079365079365e-06
2015-04-09,0.0007525552660607434
2015-04-10,-4.365079365079365e-06
2015-04-13,-4.365079365079365e-06
2015-04-14,-4.365079365079365e-06
2015-04-15,-4.365079365079365e-06
2015-04-16,0.000856236741543309
2015-04-17,-4.365079365079365e-06
2015-04-20,-4.365079365079365e-06
2015-04-21,-4.365079365079365e-06
2015-04-22,-4.365079365079365e-06
2015-04-23,0.0005175160282812663
2015-04-24,-4.365079365079365e-06
2015-04-27,-4.365079365079365e-06
2015-04-28,-4.365079365079365e-06
2015-04-29,-4.365079365079365e-06
2015-04-30,0.0006160348615385017
2015-05-01,-4.365079365079365e-06
2015-05-04,-4.365079365079365e-06
2015-05-05,-4.365079365079365e-06
2015-05-06,-4.365079365079365e-06
2015-05-07,0.0008455983489935403
2015-05-08,-4.365079365079365e-06
2015-05-11,-4.365079365079365e-06
2015-05-12,-4.365079365079365e-06
2015-05-13,-4.365079365079365e-06
2015-05-14,0.0008267772009703432
2015-05-15,-4.365079365079365e-06
2015-05-18,-4.365079365079365e-06
2015-05-19,-4.365079365079365e-06
2015-05-20,-4.365079365079365e-06
2015-05-21,0.0007116469051096131
2015-05-22,-4.365079365079365e-06
2015-05-26,-4.365079365079365e-06
2015-05-27,-4.365079365079365e-06
2015-05-28,-4.365079365079365e-06
2015-05-29,0.00043099590682661834
2015-06-01,-4.365079365079365e-06
2015-06-02,-4.365079365079365e-06
2015-06-03,-4.365079365079365e-06
2015-06-04,-4.365079365079365e-06
2015-06-05,0.0005169582781141057
2015-06-08,-4.365079365079365e-06
2015-06-09,-4.365079365079365e-06
2015-06-10,-4.365079365079365e-06
2015-06-11,-4.365079365079365e-06
2015-06-12,0.0007813405111302253
2015-06-15,-4.365079365079365e-06
2015-06-16,-4.365079365079365e-06
2015-06-17,-4.365079365079365e-06
2015-06-18,-4.365079365079365e-06
2015-06-19,0.000343608921361303
2015-06-22,-4.365079365079365e-06
2015-06-23,-4.365079365079365e-06
2015-06-24,-4.365079365079365e-06
2015-06-25,-4.365079365079365e-06
2015-06-26,0.0004992057897139559
2015-06-29,-4.365079365079365e-06
2015-06-30,-4.365079365079365e-06
2015-07-01,-4.365079365079365e-06
2015-07-02,-4.365079365079365e-06
2015-07-06,0.0005478158345544611
2015-07-07,-4.365079365079365e-06
2015-07-08,-4.365079365079365e-06
2015-07-09,-4.365079365079365e-06
2015-07-10,-4.365079365079365e-06
2015-07-13,9.316900991614404e-05
2015-07-14,-4.365079365079365e-06
2015-07-15,-4.365079365079365e-06
2015-07-16,-4.365079365079365e-06
2015-07-17,-4.365079365079365e-06
2015-07-20,-4.068015167479857e-06
2015-07-21,-4.365079365079365e-06
2015-07-22,-4.365079365079365e-06
2015-07-23,-4.365079365079365e-06
2015-07-24,-4.365079365079365e-06
2015-07-27,3.269200026027632e-05
2015-07-28,-4.365079365079365e-06
2015-07-29,-4.365079365079365e-06
2015-07-30,-4.365079365079365e-06
2015-07-31,-4.365079365079365e-06
2015-08-03,0.00026772944526900794
2015-08-04,-4.365079365079365e-06
2015-08-05,-4.365079365079365e-06
2015-08-06,-4.365079365079365e-06
2015-08-07,-4.365079365079365e-06
2015-08-10,0.0002400429070680285
2015-08-11,-4.365079365079365e-06
2015-08-12,-4.365079365079365e-06
2015-08-13,-4.365079365079365e-06
2015-08-14,-4.365079365079365e-06
2015-08-17,6.990375247093234e-05
2015-08-18,-4.365079365079365e-06
2015-08-19,-4.365079365079365e-06
2015-08-20,-4.365079365079365e-06
2015-08-21,-4.365079365079365e-06
2015-08-24,-0.0003958472485170403
2015-08-25,-4.365079365079365e-06
2015-08-26,-4.365079365079365e-06
2015-08-27,-4.365079365079365e-06
2015-08-28,-4.365079365079365e-06
2015-08-31,-0.0004399861014920233
2015-09-01,-4.365079365079365e-06
2015-09-02,-4.365079365079365e-06
2015-09-03,-4.365079365079365e-06
2015-09-04,-4.365079365079365e-06
2015-09-08,-0.0005573977933988816
2015-09-09,-4.365079365079365e-06
2015-09-10,-4.365079365079365e-06
2015-09-11,-4.365079365079365e-06
2015-09-14,-4.365079365079365e-06
2015-09-15,-0.0007943642730048382
2015-09-16,-4.365079365079365e-06
2015-09-17,-4.365079365079365e-06
2015-09-18,-4.365079365079365e-06
2015-09-21,-4.365079365079365e-06
2015-09-22,-0.0007174812903446096
2015-09-23,-4.365079365079365e-06
2015-09-24,-4.365079365079365e-06
2015-09-25,-4.365079365079365e-06
2015-09-28,-4.365079365079365e-06
2015-09-29,-0.0007919025662935286
2015-09-30,-4.365079365079365e-06
2015-10-01,-4.365079365079365e-06
2015-10-02,-4.365079365079365e-06
2015-10-05,-4.365079365079365e-06
2015-10-06,-0.0005589502998270799
2015-10-07,-4.365079365079365e-06
2015-10-08,-4.365079365079365e-06
2015-10-09,-4.365079365079365e-06
2015-10-12,-4.365079365079365e-06
2015-10-13,-0.0006984247791240817
2015-10-14,-4.365079365079365e-06
2015-10-15,-4.365079365079365e-06
2015-10-16,-4.365079365079365e-06
2015-10-19,-4.365079365079365e-06
2015-10-20,-0.000829819096086394
2015-10-21,-4.365079365079365e-06
2015-10-22,-4.365079365079365e-06
2015-10-23,-4.365079365079365e-06
2015-10-26,-4.365079365079365e-06
2015-10-27,-0.00042565001208500603
2015-10-28,-4.365079365079365e-06
2015-10-29,-4.365079365079365e-06
2015-10-30,-4.365079365079365e-06
2015-11-02,-4.365079365079365e-06
2015-11-03,-0.0008201222320792955
2015-11-04,-4.365079365079365e-06
2015-11-05,-4.365079365079365e-06
2015-11-06,-4.365079365079365e-06
2015-11-09,-4.365079365079365e-06
2015-11-10,-0.0007553064186599245
2015-11-11,-4.365079365079365e-06
2015-11-12,-4.365079365079365e-06
2015-11-13,-4.365079365079365e-06
2015-11-16,-4.365079365079365e-06
2015-11-17,-0.0006813940087452825
2015-11-18,-4.365079365079365e-06
2015-11-19,-4.365079365079365e-06
2015-11-20,-4.365079365079365e-06
2015-11-23,-4.365079365079365e-06
2015-11-24,0.00185650685415764
2015-11-25,-4.365079365079365e-06
2015-11-27,-4.365079365079365e-06
2015-11-30,-4.365079365079365e-06
2015-12-01,-4.365079365079365e-06
2015-12-02,0.001444785706429072
2015-12-03,-4.365079365079365e-06
2015-12-04,-4.365079365079365e-06
2015-12-07,-4.365079365079365e-06
2015-12-08,-4.365079365079365e-06
2015-12-09,0.0014594771292487185
2015-12-10,-4.365079365079365e-06
2015-12-11,-4.365079365079365e-06
2015-12-14,-4.365079365079365e-06
2015-12-15,-4.365079365079365e-06
2015-12-16,0.001128267603395656
2015-12-17,-4.365079365079365e-06
2015-12-18,-4.365079365079365e-06
2015-12-21,-4.365079365079365e-06
2015-12-22,-4.365079365079365e-06
2015-12-23,0.001273092768715608
2015-12-24,-4.365079365079365e-06
2015-12-28,-4.365079365079365e-06
2015-12-29,-4.365079365079365e-06
2015-12-30,-4.365079365079365e-06
2015-12-31,0.0016335419134328507
2016-01-04,-4.365079365079365e-06
2016-01-05,-4.365079365079365e-06
2016-01-06,-4.365079365079365e-06
2016-01-07,-4.365079365079365e-06
2016-01-08,0.0009892769444033178
2016-01-11,-4.365079365079365e-06
2016-01-12,-4.365079365079365e-06
2016-01-13,-4.365079365079365e-06
2016-01-14,-4.365079365079365e-06
2016-01-15,0.0006827138307830075
2016-01-19,-4.365079365079365e-06
2016-01-20,-4.365079365079365e-06
2016-01-21,-4.365079365079365e-06
2016-01-22,-4.365079365079365e-06
2016-01-25,0.0005007688736671462
2016-01-26,-4.365079365079365e-06
2016-01-27,-4.365079365079365e-06
2016-01-28,-4.365079365079365e-06
2016-01-29,-4.365079365079365e-06
2016-02-01,0.00027303145745886123
2016-02-02,-4.365079365079365e-06
2016-02-03,-4.365079365079365e-06
2016-02-04,-4.365079365079365e-06
2016-02-05,-4.365079365079365e-06
2016-02-08,0.00018285024974383564
2016-02-09,-4.365079365079365e-06
2016-02-10,-4.365079365079365e-06
2016-02-11,-4.365079365079365e-06
2016-02-12,-4.365079365079365e-06
2016-02-16,0.00022955481449777565
2016-02-17,-4.365079365079365e-06
2016-02-18,-4.365079365079365e-06
2016-02-19,-4.365079365079365e-06
2016-02-22,-4.365079365079365e-06
2016-02-23,0.00048184905732033475
2016-02-24,-4.365079365079365e-06
2016-02-25,-4.365079365079365e-06
2016-02-26,-4.365079365079365e-06
2016-02-29,-4.365079365079365e-06
2016-03-01,-0.0006816420345294956
2016-03-02,-4.365079365079365e-06
2016-03-03,-4.365079365079365e-06
2016-03-04,-4.365079365079365e-06
2016-03-07,-4.365079365079365e-06
2016-03-08,-0.0005949821338166315
2016-03-09,-4.365079365079365e-06
2016-03-10,-4.365079365079365e-06
2016-03-11,-4.365079365079365e-06
2016-03-14,-4.365079365079365e-06
2016-03-15,-0.00028144472559422815
2016-03-16,-4.365079365079365e-06
2016-03-17,-4.365079365079365e-06
2016-03-18,-4.365079365079365e-06
2016-03-21,-4.365079365079365e-06
2016-03-22,-0.0002638486724759132
2016-03-23,-4.365079365079365e-06
2016-03-24,-4.365079365079365e-06
2016-03-28,-4.365079365079365e-06
2016-03-29,-4.365079365079365e-06
2016-03-30,-8.535931681281773e-05
2016-03-31,-4.365079365079365e-06
2016-04-01,-4.365079365079365e-06
2016-04-04,-4.365079365079365e-06
2016-04-05,-4.365079365079365e-06
2016-04-06,-0.0002619002075128533
2016-04-07,-4.365079365079365e-06
2016-04-08,-4.365079365079365e-06
2016-04-11,-4.365079365079365e-06
2016-04-12,-4.365079365079365e-06
2016-04-13,0.0008509199000449022
2016-04-14,-4.365079365079365e-06
2016-04-15,-4.365079365079365e-06
2016-04-18,-4.365079365079365e-06
2016-04-19,-4.365079365079365e-06
2016-04-20,0.0010406798810549424
2016-04-21,-4.365079365079365e-06
2016-04-22,-4.365079365079365e-06
2016-04-25,-4.365079365079365e-06
2016-04-26,-4.365079365079365e-06
2016-04-27,0.0013340348885733217
2016-04-28,-4.365079365079365e-06
2016-04-29,-4.365079365079365e-06
2016-05-02,-4.365079365079365e-06
2016-05-03,-4.365079365079365e-06
2016-05-04,0.000995230578212217
2016-05-05,-4.365079365079365e-06
2016-05-06,-4.365079365079365e-06
2016-05-09,-4.365079365079365e-06
2016-05-10,-4.365079365079365e-06
2016-05-11,0.0017202167749399597
2016-05-12,-4.365079365079365e-06
2016-05-13,-4.365079365079365e-06
2016-05-16,-4.365079365079365e-06
2016-05-17,-4.365079365079365e-06
2016-05-18,0.0016124817534944524
2016-05-19,-4.365079365079365e-06
2016-05-20,-4.365079365079365e-06
2016-05-23,-4.365079365079365e-06
2016-05-24,-4.365079365079365e-06
2016-05-25,0.001215192854832659
2016-05-26,-4.365079365079365e-06
2016-05-27,-4.365079365079365e-06
2016-05-31,-4.365079365079365e-06
2016-06-01,-4.365079365079365e-06
2016-06-02,0.0011361040897279724
2016-06-03,-4.365079365079365e-06
2016-06-06,-4.365079365079365e-06
2016-06-07,-4.365079365079365e-06
2016-06-08,-4.365079365079365e-06
2016-06-09,0.001178459474877404
2016-06-10,-4.365079365079365e-06
2016-06-13,-4.365079365079365e-06
2016-06-14,-4.365079365079365e-06
2016-06-15,-4.365079365079365e-06
2016-06-16,0.0008793911479990791
2016-06-17,-4.365079365079365e-06
2016-06-20,-4.365079365079365e-06
2016-06-21,-4.365079365079365e-06
2016-06-22,-4.365079365079365e-06
2016-06-23,0.0006767424263913717
2016-06-24,-4.365079365079365e-06
2016-06-27,-4.365079365079365e-06
2016-06-28,-4.365079365079365e-06
2016-06-29,-4.365079365079365e-06
2016-06-30,0.00026002533301107406
2016-07-01,-4.365079365079365e-06
2016-07-05,-4.365079365079365e-06
2016-07-06,-4.365079365079365e-06
2016-07-07,-4.365079365079365e-06
2016-07-08,0.00035528310497923637
2016-07-11,-4.365079365079365e-06
2016-07-12,-4.365079365079365e-06
2016-07-13,-4.365079365079365e-06
2016-07-14,-4.365079365079365e-06
2016-07-15,-4.543220922219335e-05
2016-07-18,-4.365079365079365e-06
2016-07-19,-4.365079365079365e-06
2016-07-20,-4.365079365079365e-06
2016-07-21,-4.365079365079365e-06
2016-07-22,-0.00031639144429471003
2016-07-25,-4.365079365079365e-06
2016-07-26,-4.365079365079365e-06
2016-07-27,-4.365079365079365e-06
2016-07-28,-4.365079365079365e-06
2016-07-29,-0.00024213815868298093
2016-08-01,-4.365079365079365e-06
2016-08-02,-4.365079365079365e-06
2016-08-03,-4.365079365079365e-06
2016-08-04,-4.365079365079365e-06
2016-08-05,0.00012265261400483442
2016-08-08,-4.365079365079365e-06
2016-08-09,-4.365079365079365e-06
2016-08-10,-4.365079365079365e-06
2016-08-11,-4.365079365079365e-06
2016-08-12,-0.00029738738996437457
2016-08-15,-4.365079365079365e-06
2016-08-16,-4.365079365079365e-06
2016-08-17,-4.365079365079365e-06
2016-08-18,-4.365079365079365e-06
2016-08-19,-0.000101041030874618
2016-08-22,-4.365079365079365e-06
2016-08-23,-4.365079365079365e-06
2016-08-24,-4.365079365079365e-06
2016-08-25,-4.365079365079365e-06
2016-08-26,-0.00025308910163667625
2016-08-29,-4.365079365079365e-06
2016-08-30,-4.365079365079365e-06
2016-08-31,-4.365079365079365e-06
2016-09-01,-4.365079365079365e-06
2016-09-02,-0.00027584417037253024
2016-09-06,-4.365079365079365e-06
2016-09-07,-4.365079365079365e-06
2016-09-08,-4.365079365079365e-06
2016-09-09,-4.365079365079365e-06
2016-09-12,-0.0003272528756171011
2016-09-13,-4.365079365079365e-06
2016-09-14,-4.365079365079365e-06
2016-09-15,-4.365079365079365e-06
2016-09-16,-4.365079365079365e-06
2016-09-19,7.565065139130553e-05
2016-09-20,-4.365079365079365e-06
2016-09-21,-4.365079365079365e-06
2016-09-22,-4.365079365079365e-06
2016-09-23,-4.365079365079365e-06
2016-09-26,-6.002734105485788e-05
2016-09-27,-4.365079365079365e-06
2016-09-28,-4.365079365079365e-06
2016-09-29,-4.365079365079365e-06
2016-09-30,-4.365079365079365e-06
2016-10-03,0.0005460487028319732
2016-10-04,-4.365079365079365e-06
2016-10-05,-4.365079365079365e-06
2016-10-06,-4.365079365079365e-06
2016-10-07,-4.365079365079365e-06
2016-10-10,0.00030904208866738424
2016-10-11,-4.365079365079365e-06
2016-10-12,-4.365079365079365e-06
2016-10-13,-4.365079365079365e-06
2016-10-14,-4.365079365079365e-06
2016-10-17,0.0002022899038909013
2016-10-18,-4.365079365079365e-06
2016-10-19,-4.365079365079365e-06
2016-10-20,-4.365079365079365e-06
2016-10-21,-4.365079365079365e-06
2016-10-24,0.0002946944684575962
2016-10-25,-4.365079365079365e-06
2016-10-26,-4.365079365079365e-06
2016-10-27,-4.365079365079365e-06
2016-10-28,-4.365079365079365e-06
2016-10-31,0.00017226865828656672
2016-11-01,-4.365079365079365e-06
2016-11-02,-4.365079365079365e-06
2016-11-03,-4.365079365079365e-06
2016-11-04,-4.365079365079365e-06
2016-11-07,-0.00010384922902828263
2016-11-08,-4.365079365079365e-06
2016-11-09,-4.365079365079365e-06
2016-11-10,-4.365079365079365e-06
2016-11-11,-4.365079365079365e-06
2016-11-14,9.379843208683025e-06
2016-11-15,-4.365079365079365e-06
2016-11-16,-4.365079365079365e-06
2016-11-17,-4.365079365079365e-06
2016-11-18,-4.365079365079365e-06
2016-11-21,-6.638175599952816e-05
2016-11-22,-4.365079365079365e-06
2016-11-23,-4.365079365079365e-06
2016-11-25,-4.365079365079365e-06
2016-11-28,-4.365079365079365e-06
2016-11-29,0.00020903547186624927
2016-11-30,-4.365079365079365e-06
2016-12-01,-4.365079365079365e-06
2016-12-02,-4.365079365079365e-06
2016-12-05,-4.365079365079365e-06
2016-12-06,0.00011211871657060862
2016-12-07,-4.365079365079365e-06
2016-12-08,-4.365079365079365e-06
2016-12-09,-4.365079365079365e-06
2016-12-12,-4.365079365079365e-06
2016-12-13,0.0004072721565256109
2016-12-14,-4.365079365079365e-06
2016-12-15,-4.365079365079365e-06
2016-12-16,-4.365079365079365e-06
2016-12-19,-4.365079365079365e-06
2016-12-20,0.00042505227053311087
2016-12-21,-4.365079365079365e-06
2016-12-22,-4.365079365079365e-06
2016-12-23,-4.365079365079365e-06
2016-12-27,-4.365079365079365e-06
2016-12-28,0.00055357471502451
2016-12-29,-4.365079365079365e-06
2016-12-30,-4.365079365079365e-06
2017-01-03,-4.365079365079365e-06
2017-01-04,-4.365079365079365e-06
2017-01-05,0.00031858309184950966
2017-01-06,-4.365079365079365e-06
2017-01-09,-4.365079365079365e-06
2017-01-10,-4.365079365079365e-06
2017-01-11,-4.365079365079365e-06
2017-01-12,0.00037621116187023607
2017-01-13,-4.365079365079365e-06
2017-01-17,-4.365079365079365e-06
2017-01-18,-4.365079365079365e-06
2017-01-19,-4.365079365079365e-06
2017-01-20,0.0006675925119793382
2017-01-23,-4.365079365079365e-06
2017-01-24,-4.365079365079365e-06
2017-01-25,-4.365079365079365e-06
2017-01-26,-4.365079365079365e-06
2017-01-27,0.0004581527982114702
2017-01-30,-4.365079365079365e-06
2017-01-31,-4.365079365079365e-06
2017-02-01,-4.365079365079365e-06
2017-02-02,-4.365079365079365e-06
2017-02-03,0.000670948963065612
2017-02-06,-4.365079365079365e-06
2017-02-07,-4.365079365079365e-06
2017-02-08,-4.365079365079365e-06
2017-02-09,-4.365079365079365e-06
2017-02-10,0.0007004551051291463
2017-02-13,-4.365079365079365e-06
2017-02-14,-4.365079365079365e-06
2017-02-15,-4.365079365079365e-06
2017-02-16,-4.365079365079365e-06
2017-02-17,0.0007092710589767052
2017-02-21,-4.365079365079365e-06
2017-02-22,-4.365079365079365e-06
2017-02-23,-4.365079365079365e-06
2017-02-24,-4.365079365079365e-06
2017-02-27,0.0005659420889094331
2017-02-28,-4.365079365079365e-06
2017-03-01,-4.365079365079365e-06
2017-03-02,-4.365079365079365e-06
2017-03-03,-4.365079365079365e-06
2017-03-06,0.0005084784537500785
2017-03-07,-4.365079365079365e-06
2017-03-08,-4.365079365079365e-06
2017-03-09,-4.365079365079365e-06
2017-03-10,-4.365079365079365e-06
2017-03-13,0.00046930466568732544
2017-03-14,-4.365079365079365e-06
2017-03-15,-4.365079365079365e-06
2017-03-16,-4.365079365079365e-06
2017-03-17,-4.365079365079365e-06
2017-03-20,0.0004398521693738058
2017-03-21,-4.365079365079365e-06
2017-03-22,-4.365079365079365e-06
2017-03-23,-4.365079365079365e-06
2017-03-24,-4.365079365079365e-06
2017-03-27,0.0003389532181727828
2017-03-28,-4.365079365079365e-06
2017-03-29,-4.365079365079365e-06
2017-03-30,-4.365079365079365e-06
2017-03-31,-4.365079365079365e-06
2017-04-03,0.00048157915078157873
2017-04-04,-4.365079365079365e-06
2017-04-05,-4.365079365079365e-06
2017-04-06,-4.365079365079365e-06
2017-04-07,-4.365079365079365e-06
2017-04-10,0.0003782963989617951
2017-04-11,-4.365079365079365e-06
2017-04-12,-4.365079365079365e-06
2017-04-13,-4.365079365079365e-06
2017-04-17,-4.365079365079365e-06
2017-04-18,0.00034211971080213665
2017-04-19,-4.365079365079365e-06
2017-04-20,-4.365079365079365e-06
2017-04-21,-4.365079365079365e-06
2017-04-24,-4.365079365079365e-06
2017-04-25,0.00017193370146634455
2017-04-26,-4.365079365079365e-06
2017-04-27,-4.365079365079365e-06
2017-04-28,-4.365079365079365e-06
2017-05-01,-4.365079365079365e-06
2017-05-02,0.00019445907256128856
2017-05-03,-4.365079365079365e-06
2017-05-04,-4.365079365079365e-06
2017-05-05,-4.365079365079365e-06
2017-05-08,-4.365079365079365e-06
2017-05-09,0.00015942153824040375
2017-05-10,-4.365079365079365e-06
2017-05-11,-4.365079365079365e-06
2017-05-12,-4.365079365079365e-06
2017-05-15,-4.365079365079365e-06
2017-05-16,0.00014122941402734324
2017-05-17,-4.365079365079365e-06
2017-05-18,-4.365079365079365e-06
2017-05-19,-4.365079365079365e-06
2017-05-22,-4.365079365079365e-06
2017-05-23,-0.00014445888002159233
2017-05-24,-4.365079365079365e-06
2017-05-25,-4.365079365079365e-06
2017-05-26,-4.365079365079365e-06
2017-05-30,-4.365079365079365e-06
2017-05-31,0.00010653998742000495
2017-06-01,-4.365079365079365e-06
2017-06-02,-4.365079365079365e-06
2017-06-05,-4.365079365079365e-06
2017-06-06,-4.365079365079365e-06
2017-06-07,7.432425933501764e-05
2017-06-08,-4.365079365079365e-06
2017-06-09,-4.365079365079365e-06
2017-06-12,-4.365079365079365e-06
2017-06-13,-4.365079365079365e-06
2017-06-14,-2.728176826521197e-06
2017-06-15,-4.365079365079365e-06
2017-06-16,-4.365079365079365e-06
2017-06-19,-4.365079365079365e-06
2017-06-20,-4.365079365079365e-06
2017-06-21,-9.551197912219893e-05
2017-06-22,-4.365079365079365e-06
2017-06-23,-4.365079365079365e-06
2017-06-26,-4.365079365079365e-06
2017-06-27,-4.365079365079365e-06
2017-06-28,3.0183358646625472e-05
2017-06-29,-4.365079365079365e-06
2017-06-30,-4.365079365079365e-06
2017-07-03,-4.365079365079365e-06
2017-07-05,-4.365079365079365e-06
2017-07-06,-8.153380284463402e-05
2017-07-07,-4.365079365079365e-06
2017-07-10,-4.365079365079365e-06
2017-07-11,-4.365079365079365e-06
2017-07-12,-4.365079365079365e-06
2017-07-13,3.202818441392309e-05
2017-07-14,-4.365079365079365e-06
2017-07-17,-4.365079365079365e-06
2017-07-18,-4.365079365079365e-06
2017-07-19,-4.365079365079365e-06
2017-07-20,0.00010106327056996704
2017-07-21,-4.365079365079365e-06
2017-07-24,-4.365079365079365e-06
2017-07-25,-4.365079365079365e-06
2017-07-26,-4.365079365079365e-06
2017-07-27,1.709659059960047e-05
2017-07-28,-4.365079365079365e-06
2017-07-31,-4.365079365079365e-06
2017-08-01,-4.365079365079365e-06
2017-08-02,-4.365079365079365e-06
2017-08-03,8.923265755344235e-05
2017-08-04,-4.365079365079365e-06
2017-08-07,-4.365079365079365e-06
2017-08-08,-4.365079365079365e-06
2017-08-09,-4.365079365079365e-06
2017-08-10,-6.998614864296749e-06
2017-08-11,-4.365079365079365e-06
2017-08-14,-4.365079365079365e-06
2017-08-15,-4.365079365079365e-06
2017-08-16,-4.365079365079365e-06
2017-08-17,-6.321868841585872e-05
2017-08-18,-4.365079365079365e-06
2017-08-21,-4.365079365079365e-06
2017-08-22,-4.365079365079365e-06
2017-08-23,-4.365079365079365e-06
2017-08-24,2.6367048900920348e-05
2017-08-25,-4.365079365079365e-06
2017-08-28,-4.365079365079365e-06
2017-08-29,-4.365079365079365e-06
2017-08-30,-4.365079365079365e-06
2017-08-31,-8.565255519086214e-05
2017-09-01,-4.365079365079365e-06
2017-09-05,-4.365079365079365e-06
2017-09-06,-4.365079365079365e-06
2017-09-07,-4.365079365079365e-06
2017-09-08,-3.481984555560691e-05
2017-09-11,-4.365079365079365e-06
2017-09-12,-4.365079365079365e-06
2017-09-13,-4.365079365079365e-06
2017-09-14,-4.365079365079365e-06
2017-09-15,-0.00010134882006214161
2017-09-18,-4.365079365079365e-06
2017-09-19,-4.365079365079365e-06
2017-09-20,-4.365079365079365e-06
2017-09-21,-4.365079365079365e-06
2017-09-22,5.033440236078368e-05
2017-09-25,-4.365079365079365e-06
2017-09-26,-4.365079365079365e-06
2017-09-27,-4.365079365079365e-06
2017-09-28,-4.365079365079365e-06
2017-09-29,-3.3055415603678155e-06
2017-10-02,-4.365079365079365e-06
2017-10-03,-4.365079365079365e-06
2017-10-04,-4.365079365079365e-06
2017-10-05,-4.365079365079365e-06
2017-10-06,0.00030996408991017233
2017-10-09,-4.365079365079365e-06
2017-10-10,-4.365079365079365e-06
2017-10-11,-4.365079365079365e-06
2017-10-12,-4.365079365079365e-06
2017-10-13,0.00015136314951540286
2017-10-16,-4.365079365079365e-06
2017-10-17,-4.365079365079365e-06
2017-10-18,-4.365079365079365e-06
2017-10-19,-4.365079365079365e-06
2017-10-20,6.053692899584092e-05
2017-10-23,-4.365079365079365e-06
2017-10-24,-4.365079365079365e-06
2017-10-25,-4.365079365079365e-06
2017-10-26,-4.365079365079365e-06
2017-10-27,0.0002344272352774153
2017-10-30,-4.365079365079365e-06
2017-10-31,-4.365079365079365e-06
2017-11-01,-4.365079365079365e-06
2017-11-02,-4.365079365079365e-06
2017-11-03,0.00021156348636981262
2017-11-06,-4.365079365079365e-06
2017-11-07,-4.365079365079365e-06
2017-11-08,-4.365079365079365e-06
2017-11-09,-4.365079365079365e-06
2017-11-10,0.0006296524913558973
2017-11-13,-4.365079365079365e-06
2017-11-14,-4.365079365079365e-06
2017-11-15,-4.365079365079365e-06
2017-11-16,-4.365079365079365e-06
2017-11-17,0.0007137946586139285
2017-11-20,-4.365079365079365e-06
2017-11-21,-4.365079365079365e-06
2017-11-22,-4.365079365079365e-06
2017-11-24,-4.365079365079365e-06
2017-11-27,0.000545335635185814
2017-11-28,-4.365079365079365e-06
2017-11-29,-4.365079365079365e-06
2017-11-30,-4.365079365079365e-06
2017-12-01,-4.365079365079365e-06
2017-12-04,0.0004879405420632983
2017-12-05,-4.365079365079365e-06
2017-12-06,-4.365079365079365e-06
2017-12-07,-4.365079365079365e-06
2017-12-08,-4.365079365079365e-06
2017-12-11,0.0006032342167654572
2017-12-12,-4.365079365079365e-06
2017-12-13,-4.365079365079365e-06
2017-12-14,-4.365079365079365e-06
2017-12-15,-4.365079365079365e-06
2017-12-18,0.0003886395547675965
2017-12-19,-4.365079365079365e-06
2017-12-20,-4.365079365079365e-06
2017-12-21,-4.365079365079365e-06
2017-12-22,-4.365079365079365e-06
2017-12-26,0.00032247509605935537
2017-12-27,-4.365079365079365e-06
2017-12-28,-4.365079365079365e-06
2017-12-29,-4.365079365079365e-06
2018-01-02,-4.365079365079365e-06
2018-01-03,0.00025560296449258585
2018-01-04,-4.365079365079365e-06
2018-01-05,-4.365079365079365e-06
2018-01-08,-4.365079365079365e-06
2018-01-09,-4.365079365079365e-06
2018-01-10,0.00016796226017000185
2018-01-11,-4.365079365079365e-06
2018-01-12,-4.365079365079365e-06
2018-01-16,-4.365079365079365e-06
2018-01-17,-4.365079365079365e-06
2018-01-18,0.00013504057144307004
2018-01-19,-4.365079365079365e-06
2018-01-22,-4.365079365079365e-06
2018-01-23,-4.365079365079365e-06
2018-01-24,-4.365079365079365e-06
2018-01-25,0.00014020986807104956
2018-01-26,-4.365079365079365e-06
2018-01-29,-4.365079365079365e-06
2018-01-30,-4.365079365079365e-06
2018-01-31,-4.365079365079365e-06
2018-02-01,0.00016236258945219703
2018-02-02,-4.365079365079365e-06
2018-02-05,-4.365079365079365e-06
2018-02-06,-4.365079365079365e-06
2018-02-07,-4.365079365079365e-06
2018-02-08,-0.0005657287018013081
2018-02-09,-4.365079365079365e-06
2018-02-12,-4.365079365079365e-06
2018-02-13,-4.365079365079365e-06
2018-02-14,-4.365079365079365e-06
2018-02-15,-0.0005839485056099603
2018-02-16,-4.365079365079365e-06
2018-02-20,-4.365079365079365e-06
2018-02-21,-4.365079365079365e-06
2018-02-22,-4.365079365079365e-06
2018-02-23,-0.0006016262738932162
2018-02-26,-4.365079365079365e-06
2018-02-27,-4.365079365079365e-06
2018-02-28,-4.365079365079365e-06
2018-03-01,-4.365079365079365e-06
2018-03-02,-0.0008325882477676653
2018-03-05,-4.365079365079365e-06
2018-03-06,-4.365079365079365e-06
2018-03-07,-4.365079365079365e-06
2018-03-08,-4.365079365079365e-06
2018-03-09,-0.0007333542584202143
2018-03-12,-4.365079365079365e-06
2018-03-13,-4.365079365079365e-06
2018-03-14,-4.365079365079365e-06
2018-03-15,-4.365079365079365e-06
2018-03-16,-0.0010825929027768833
2018-03-19,-4.365079365079365e-06
2018-03-20,-4.365079365079365e-06
2018-03-21,-4.365079365079365e-06
2018-03-22,-4.365079365079365e-06
2018-03-23,-0.0010790318959600625
2018-03-26,-4.365079365079365e-06
2018-03-27,-4.365079365079365e-06
2018-03-28,-4.365079365079365e-06
2018-03-29,-4.365079365079365e-06
2018-04-02,-0.0010984866120937156
2018-04-03,-4.365079365079365e-06
2018-04-04,-4.365079365079365e-06
2018-04-05,-4.365079365079365e-06
2018-04-06,-4.365079365079365e-06
2018-04-09,-0.0012043614227753448
2018-04-10,-4.365079365079365e-06
2018-04-11,-4.365079365079365e-06
2018-04-12,-4.365079365079365e-06
2018-04-13,-4.365079365079365e-06
2018-04-16,-0.0012112871778504266
2018-04-17,-4.365079365079365e-06
2018-04-18,-4.365079365079365e-06
2018-04-19,-4.365079365079365e-06
2018-04-20,-4.365079365079365e-06
2018-04-23,-0.0009828679440321937
2018-04-24,-4.365079365079365e-06
2018-04-25,-4.365079365079365e-06
2018-04-26,-4.365079365079365e-06
2018-04-27,-4.365079365079365e-06
2018-04-30,-0.0009075793680724896
2018-05-01,-4.365079365079365e-06
2018-05-02,-4.365079365079365e-06
2018-05-03,-4.365079365079365e-06
2018-05-04,-4.365079365079365e-06
2018-05-07,-0.000772134648366911
2018-05-08,-4.365079365079365e-06
2018-05-09,-4.365079365079365e-06
2018-05-10,-4.365079365079365e-06
2018-05-11,-4.365079365079365e-06
2018-05-14,0.0011822441567802002
2018-05-15,-4.365079365079365e-06
2018-05-16,-4.365079365079365e-06
2018-05-17,-4.365079365079365e-06
2018-05-18,-4.365079365079365e-06
2018-05-21,0.0002580479205645891
2018-05-22,-4.365079365079365e-06
2018-05-23,-4.365079365079365e-06
2018-05-24,-4.365079365079365e-06
2018-05-25,-4.365079365079365e-06
2018-05-29,3.035361374849794e-05
2018-05-30,-4.365079365079365e-06
2018-05-31,-4.365079365079365e-06
2018-06-01,-4.365079365079365e-06
2018-06-04,-4.365079365079365e-06
2018-06-05,0.0005089263547442456
2018-06-06,-4.365079365079365e-06
2018-06-07,-4.365079365079365e-06
2018-06-08,-4.365079365079365e-06
2018-06-11,-4.365079365079365e-06
2018-06-12,2.1875611042077813e-05
2018-06-13,-4.365079365079365e-06
2018-06-14,-4.365079365079365e-06
2018-06-15,-4.365079365079365e-06
2018-06-18,-4.365079365079365e-06
2018-06-19,0.00023850537889666355
2018-06-20,-4.365079365079365e-06
2018-06-21,-4.365079365079365e-06
2018-06-22,-4.365079365079365e-06
2018-06-25,-4.365079365079365e-06
2018-06-26,0.0012485992684660241
2018-06-27,-4.365079365079365e-06
2018-06-28,-4.365079365079365e-06
2018-06-29,-4.365079365079365e-06
2018-07-02,-4.365079365079365e-06
2018-07-03,0.0016506836098496766
2018-07-05,-4.365079365079365e-06
2018-07-06,-4.365079365079365e-06
2018-07-09,-4.365079365079365e-06
2018-07-10,-4.365079365079365e-06
2018-07-11,0.001538486266884303
2018-07-12,-4.365079365079365e-06
2018-07-13,-4.365079365079365e-06
2018-07-16,-4.365079365079365e-06
2018-07-17,-4.365079365079365e-06
2018-07-18,0.0010862511769837834
2018-07-19,-4.365079365079365e-06
2018-07-20,-4.365079365079365e-06
2018-07-23,-4.365079365079365e-06
2018-07-24,-4.365079365079365e-06
2018-07-25,0.001021773321763778
2018-07-26,-4.365079365079365e-06
2018-07-27,-4.365079365079365e-06
2018-07-30,-4.365079365079365e-06
2018-07-31,-4.365079365079365e-06
2018-08-01,0.0011312532372641255
2018-08-02,-4.365079365079365e-06
2018-08-03,-4.365079365079365e-06
2018-08-06,-4.365079365079365e-06
2018-08-07,-4.365079365079365e-06
2018-08-08,0.0009717717745174737
2018-08-09,-4.365079365079365e-06
2018-08-10,-4.365079365079365e-06
2018-08-13,-4.365079365079365e-06
2018-08-14,-4.365079365079365e-06
2018-08-15,1.996983861221181e-05
2018-08-16,-4.365079365079365e-06
2018-08-17,-4.365079365079365e-06
2018-08-20,-4.365079365079365e-06
2018-08-21,-4.365079365079365e-06
2018-08-22,0.00030112617567941094
2018-08-23,-4.365079365079365e-06
2018-08-24,-4.365079365079365e-06
2018-08-27,-4.365079365079365e-06
2018-08-28,-4.365079365079365e-06
2018-08-29,0.0006201180101556711
2018-08-30,-4.365079365079365e-06
2018-08-31,-4.365079365079365e-06
2018-09-04,-4.365079365079365e-06
2018-09-05,-4.365079365079365e-06
2018-09-06,0.00019655364094015414
2018-09-07,-4.365079365079365e-06
2018-09-10,-4.365079365079365e-06
2018-09-11,-4.365079365079365e-06
2018-09-12,-4.365079365079365e-06
2018-09-13,0.00035774170981007494
2018-09-14,-4.365079365079365e-06
2018-09-17,-4.365079365079365e-06
2018-09-18,-4.365079365079365e-06
2018-09-19,-4.365079365079365e-06
2018-09-20,0.00046931324904467335
2018-09-21,-4.365079365079365e-06
2018-09-24,-4.365079365079365e-06
2018-09-25,-4.365079365079365e-06
2018-09-26,-4.365079365079365e-06
2018-09-27,0.0003707891564482133
2018-09-28,-4.365079365079365e-06
2018-10-01,-4.365079365079365e-06
2018-10-02,-4.365079365079365e-06
2018-10-03,-4.365079365079365e-06
2018-10-04,0.0003751628036254757
2018-10-05,-4.365079365079365e-06
2018-10-08,-4.365079365079365e-06
2018-10-09,-4.365079365079365e-06
2018-10-10,-4.365079365079365e-06
2018-10-11,-0.0001093383031576261
2018-10-12,-4.365079365079365e-06
2018-10-15,-4.365079365079365e-06
2018-10-16,-4.365079365079365e-06
2018-10-17,-4.365079365079365e-06
2018-10-18,-0.00023776336422865946
2018-10-19,-4.365079365079365e-06
2018-10-22,-4.365079365079365e-06
2018-10-23,-4.365079365079365e-06
2018-10-24,-4.365079365079365e-06
2018-10-25,-0.00043023796625099033
2018-10-26,-4.365079365079365e-06
2018-10-29,-4.365079365079365e-06
2018-10-30,-4.365079365079365e-06
2018-10-31,-4.365079365079365e-06
2018-11-01,-0.00035282014566000576
2018-11-02,-4.365079365079365e-06
2018-11-05,-4.365079365079365e-06
2018-11-06,-4.365079365079365e-06
2018-11-07,-4.365079365079365e-06
2018-11-08,-0.0005874570512546235
2018-11-09,-4.365079365079365e-06
2018-11-12,-4.365079365079365e-06
2018-11-13,-4.365079365079365e-06
2018-11-14,-4.365079365079365e-06
2018-11-15,-0.000303257188078148
2018-11-16,-4.365079365079365e-06
2018-11-19,-4.365079365079365e-06
2018-11-20,-4.365079365079365e-06
2018-11-21,-4.365079365079365e-06
2018-11-23,-0.00039614297166679904
2018-11-26,-4.365079365079365e-06
2018-11-27,-4.365079365079365e-06
2018-11-28,-4.365079365079365e-06
2018-11-29,-4.365079365079365e-06
2018-11-30,-0.0005813957022297379
2018-12-03,-4.365079365079365e-06
2018-12-04,-4.365079365079365e-06
2018-12-06,-4.365079365079365e-06
2018-12-07,-4.365079365079365e-06
2018-12-10,-0.0004709993099582749
2018-12-11,-4.365079365079365e-06
2018-12-12,-4.365079365079365e-06
2018-12-13,-4.365079365079365e-06
2018-12-14,-4.365079365079365e-06
2018-12-17,-0.000773202802816684
2018-12-18,-4.365079365079365e-06
2018-12-19,-4.365079365079365e-06
2018-12-20,-4.365079365079365e-06
2018-12-21,-4.365079365079365e-06
2018-12-24,-0.0009771205385678552
2018-12-26,-4.365079365079365e-06
2018-12-27,-4.365079365079365e-06
2018-12-28,-4.365079365079365e-06
2018-12-31,-4.365079365079365e-06
2019-01-02,-0.001240413334921315
2019-01-03,-4.365079365079365e-06
2019-01-04,-4.365079365079365e-06
2019-01-07,-4.365079365079365e-06
2019-01-08,-4.365079365079365e-06
2019-01-09,-0.001263469223728636
2019-01-10,-4.365079365079365e-06
2019-01-11,-4.365079365079365e-06
2019-01-14,-4.365079365079365e-06
2019-01-15,-4.365079365079365e-06
2019-01-16,3.311206675773642e-05
2019-01-17,-4.365079365079365e-06
2019-01-18,-4.365079365079365e-06
2019-01-22,-4.365079365079365e-06
2019-01-23,-4.365079365079365e-06
2019-01-24,-0.00023460766174922832
2019-01-25,-4.365079365079365e-06
2019-01-28,-4.365079365079365e-06
2019-01-29,-4.365079365079365e-06
2019-01-30,-4.365079365079365e-06
2019-01-31,0.000547561661538357
2019-02-01,-4.365079365079365e-06
2019-02-04,-4.365079365079365e-06
2019-02-05,-4.365079365079365e-06
2019-02-06,-4.365079365079365e-06
2019-02-07,0.00024203208334718486
2019-02-08,-4.365079365079365e-06
2019-02-11,-4.365079365079365e-06
2019-02-12,-4.365079365079365e-06
2019-02-13,-4.365079365079365e-06
2019-02-14,-4.692055005261866e-05
2019-02-15,-4.365079365079365e-06
2019-02-19,-4.365079365079365e-06
2019-02-20,-4.365079365079365e-06
2019-02-21,-4.365079365079365e-06
2019-02-22,0.000368885036801176
2019-02-25,-4.365079365079365e-06
2019-02-26,-4.365079365079365e-06
2019-02-27,-4.365079365079365e-06
2019-02-28,-4.365079365079365e-06
2019-03-01,0.0007818668378485391
2019-03-04,-4.365079365079365e-06
2019-03-05,-4.365079365079365e-06
2019-03-06,-4.365079365079365e-06
2019-03-07,-4.365079365079365e-06
2019-03-08,0.00036640253057273136
2019-03-11,-4.365079365079365e-06
2019-03-12,-4.365079365079365e-06
2019-03-13,-4.365079365079365e-06
2019-03-14,-4.365079365079365e-06
2019-03-15,0.0009167546022316003
2019-03-18,-4.365079365079365e-06
2019-03-19,-4.365079365079365e-06
2019-03-20,-4.365079365079365e-06
2019-03-21,-4.365079365079365e-06
2019-03-22,0.0012010293224838401
2019-03-25,-4.365079365079365e-06
2019-03-26,-4.365079365079365e-06
2019-03-27,-4.365079365079365e-06
2019-03-28,-4.365079365079365e-06
2019-03-29,0.0024102469825000167
2019-04-01,-4.365079365079365e-06
2019-04-02,-4.365079365079365e-06
2019-04-03,-4.365079365079365e-06
2019-04-04,-4.365079365079365e-06
2019-04-05,0.0018253996990478458
2019-04-08,-4.365079365079365e-06
2019-04-09,-4.365079365079365e-06
2019-04-10,-4.365079365079365e-06
2019-04-11,-4.365079365079365e-06
2019-04-12,0.001766952795405335
2019-04-15,-4.365079365079365e-06
2019-04-16,-4.365079365079365e-06
2019-04-17,-4.365079365079365e-06
2019-04-18,-4.365079365079365e-06
2019-04-22,0.001160398080014143
2019-04-23,-4.365079365079365e-06
2019-04-24,-4.365079365079365e-06
2019-04-25,-4.365079365079365e-06
2019-04-26,-4.365079365079365e-06
2019-04-29,0.0013803940202464034
2019-04-30,-4.365079365079365e-06
2019-05-01,-4.365079365079365e-06
2019-05-02,-4.365079365079365e-06
2019-05-03,-4.365079365079365e-06
2019-05-06,0.0008923772237899069
2019-05-07,-4.365079365079365e-06
2019-05-08,-4.365079365079365e-06
2019-05-09,-4.365079365079365e-06
2019-05-10,-4.365079365079365e-06
2019-05-13,0.000712372417505784
2019-05-14,-4.365079365079365e-06
2019-05-15,-4.365079365079365e-06
2019-05-16,-4.365079365079365e-06
2019-05-17,-4.365079365079365e-06
2019-05-20,0.0008091537069866732
2019-05-21,-4.365079365079365e-06
2019-05-22,-4.365079365079365e-06
2019-05-23,-4.365079365079365e-06
2019-05-24,-4.365079365079365e-06
2019-05-28,0.00021485655937094302
2019-05-29,-4.365079365079365e-06
2019-05-30,-4.365079365079365e-06
2019-05-31,-4.365079365079365e-06
2019-06-03,-4.365079365079365e-06
2019-06-04,-0.0001853040399024161
2019-06-05,-4.365079365079365e-06
2019-06-06,-4.365079365079365e-06
2019-06-07,-4.365079365079365e-06
2019-06-10,-4.365079365079365e-06
2019-06-11,0.00023162337845922034
2019-06-12,-4.365079365079365e-06
2019-06-13,-4.365079365079365e-06
2019-06-14,-4.365079365079365e-06
2019-06-17,-4.365079365079365e-06
2019-06-18,-0.0003079752657121117
2019-06-19,-4.365079365079365e-06
2019-06-20,-4.365079365079365e-06
2019-06-21,-4.365079365079365e-06
2019-06-24,-4.365079365079365e-06
2019-06-25,-0.00010945441377551918
2019-06-26,-4.365079365079365e-06
2019-06-27,-4.365079365079365e-06
2019-06-28,-4.365079365079365e-06
2019-07-01,-4.365079365079365e-06
2019-07-02,-0.0006341934428191886
2019-07-03,-4.365079365079365e-06
2019-07-05,-4.365079365079365e-06
2019-07-08,-4.365079365079365e-06
2019-07-09,-4.365079365079365e-06
2019-07-10,-0.00046515011159725304
2019-07-11,-4.365079365079365e-06
2019-07-12,-4.365079365079365e-06
2019-07-15,-4.365079365079365e-06
2019-07-16,-4.365079365079365e-06
2019-07-17,-0.00047252909120687925
2019-07-18,-4.365079365079365e-06
2019-07-19,-4.365079365079365e-06
2019-07-22,-4.365079365079365e-06
2019-07-23,-4.365079365079365e-06
2019-07-24,-0.0002885754730656946
2019-07-25,-4.365079365079365e-06
2019-07-26,-4.365079365079365e-06
2019-07-29,-4.365079365079365e-06
2019-07-30,-4.365079365079365e-06
2019-07-31,-0.00030952063109427995
2019-08-01,-4.365079365079365e-06
2019-08-02,-4.365079365079365e-06
2019-08-05,-4.365079365079365e-06
2019-08-06,-4.365079365079365e-06
2019-08-07,-0.00023946398368927306
2019-08-08,-4.365079365079365e-06
2019-08-09,-4.365079365079365e-06
2019-08-12,-4.365079365079365e-06
2019-08-13,-4.365079365079365e-06
2019-08-14,0.00031490564999183703
2019-08-15,-4.365079365079365e-06
2019-08-16,-4.365079365079365e-06
2019-08-19,-4.365079365079365e-06
2019-08-20,-4.365079365079365e-06
2019-08-21,-2.0097646222792333e-05
2019-08-22,-4.365079365079365e-06
2019-08-23,-4.365079365079365e-06
2019-08-26,-4.365079365079365e-06
2019-08-27,-4.365079365079365e-06
2019-08-28,0.00015141207558875985
2019-08-29,-4.365079365079365e-06
2019-08-30,-4.365079365079365e-06
2019-09-03,-4.365079365079365e-06
2019-09-04,-4.365079365079365e-06
2019-09-05,0.0002210916633816263
2019-09-06,-4.365079365079365e-06
2019-09-09,-4.365079365079365e-06
2019-09-10,-4.365079365079365e-06
2019-09-11,-4.365079365079365e-06
2019-09-12,-3.37862630531861e-05
2019-09-13,-4.365079365079365e-06
2019-09-16,-4.365079365079365e-06
2019-09-17,-4.365079365079365e-06
2019-09-18,-4.365079365079365e-06
2019-09-19,2.4233327050663803e-05
2019-09-20,-4.365079365079365e-06
2019-09-23,-4.365079365079365e-06
2019-09-24,-4.365079365079365e-06
2019-09-25,-4.365079365079365e-06
2019-09-26,-9.51783900989432e-06
2019-09-27,-4.365079365079365e-06
2019-09-30,-4.365079365079365e-06
2019-10-01,-4.365079365079365e-06
2019-10-02,-4.365079365079365e-06
2019-10-03,-0.0004186735017356042
2019-10-04,-4.365079365079365e-06
2019-10-07,-4.365079365079365e-06
2019-10-08,-4.365079365079365e-06
2019-10-09,-4.365079365079365e-06
2019-10-10,-0.0003838840806394065
2019-10-11,-4.365079365079365e-06
2019-10-14,-4.365079365079365e-06
2019-10-15,-4.365079365079365e-06
2019-10-16,-4.365079365079365e-06
2019-10-17,-0.00032653374158121153
2019-10-18,-4.365079365079365e-06
2019-10-21,-4.365079365079365e-06
2019-10-22,-4.365079365079365e-06
2019-10-23,-4.365079365079365e-06
2019-10-24,-0.0003881056415138062
2019-10-25,-4.365079365079365e-06
2019-10-28,-4.365079365079365e-06
2019-10-29,-4.365079365079365e-06
2019-10-30,-4.365079365079365e-06
2019-10-31,-5.189032171261377e-05
2019-11-01,-4.365079365079365e-06
2019-11-04,-4.365079365079365e-06
2019-11-05,-4.365079365079365e-06
2019-11-06,-4.365079365079365e-06
2019-11-07,0.0005713579137974742
2019-11-08,-4.365079365079365e-06
2019-11-11,-4.365079365079365e-06
2019-11-12,-4.365079365079365e-06
2019-11-13,-4.365079365079365e-06
2019-11-14,0.0008809386702987323
2019-11-15,-4.365079365079365e-06
2019-11-18,-4.365079365079365e-06
2019-11-19,-4.365079365079365e-06
2019-11-20,-4.365079365079365e-06
2019-11-21,0.0005100245044799865
2019-11-22,-4.365079365079365e-06
2019-11-25,-4.365079365079365e-06
2019-11-26,-4.365079365079365e-06
2019-11-27,-4.365079365079365e-06
2019-11-29,0.0008990340531965269
2019-12-02,-4.365079365079365e-06
2019-12-03,-4.365079365079365e-06
2019-12-04,-4.365079365079365e-06
2019-12-05,-4.365079365079365e-06
2019-12-06,0.0005445769351123823
2019-12-09,-4.365079365079365e-06
2019-12-10,-4.365079365079365e-06
2019-12-11,-4.365079365079365e-06
2019-12-12,-4.365079365079365e-06
2019-12-13,0.00035421444719309695
2019-12-16,-4.365079365079365e-06
2019-12-17,-4.365079365079365e-06
2019-12-18,-4.365079365079365e-06
2019-12-19,-4.365079365079365e-06
2019-12-20,0.0004401568293486774
2019-12-23,-4.365079365079365e-06
2019-12-24,-4.365079365079365e-06
2019-12-26,-4.365079365079365e-06
2019-12-27,-4.365079365079365e-06
2019-12-30,0.0005931092625345812
2019-12-31,-4.365079365079365e-06
2020-01-02,-4.365079365079365e-06
2020-01-03,-4.365079365079365e-06
2020-01-06,-4.365079365079365e-06
2020-01-07,0.001073364550477597
2020-01-08,-4.365079365079365e-06
2020-01-09,-4.365079365079365e-06
2020-01-10,-4.365079365079365e-06
2020-01-13,-4.365079365079365e-06
2020-01-14,0.000998196059183473
2020-01-15,-4.365079365079365e-06
2020-01-16,-4.365079365079365e-06
2020-01-17,-4.365079365079365e-06
2020-01-21,-4.365079365079365e-06
2020-01-22,0.0007071895752578725
2020-01-23,-4.365079365079365e-06
2020-01-24,-4.365079365079365e-06
2020-01-27,-4.365079365079365e-06
2020-01-28,-4.365079365079365e-06
2020-01-29,0.0006124717890581454
2020-01-30,-4.365079365079365e-06
2020-01-31,-4.365079365079365e-06
2020-02-03,-4.365079365079365e-06
2020-02-04,-4.365079365079365e-06
2020-02-05,0.000361940031857106
2020-02-06,-4.365079365079365e-06
2020-02-07,-4.365079365079365e-06
2020-02-10,-4.365079365079365e-06
2020-02-11,-4.365079365079365e-06
2020-02-12,2.8311236465336746e-05
2020-02-13,-4.365079365079365e-06
2020-02-14,-4.365079365079365e-06
2020-02-18,-4.365079365079365e-06
2020-02-19,-4.365079365079365e-06
2020-02-20,-9.77548880472424e-05
2020-02-21,-4.365079365079365e-06
2020-02-24,-4.365079365079365e-06
2020-02-25,-4.365079365079365e-06
2020-02-26,-4.365079365079365e-06
2020-02-27,-0.0005651316341279858
2020-02-28,-4.365079365079365e-06
2020-03-02,-4.365079365079365e-06
2020-03-03,-4.365079365079365e-06
2020-03-04,-4.365079365079365e-06
2020-03-05,-0.0014001577418669385
2020-03-06,-4.365079365079365e-06
2020-03-09,-4.365079365079365e-06
2020-03-10,-4.365079365079365e-06
2020-03-11,-4.365079365079365e-06
2020-03-12,-0.0024670489235211813
2020-03-13,-4.365079365079365e-06
2020-03-16,-4.365079365079365e-06
2020-03-17,-4.365079365079365e-06
2020-03-18,-4.365079365079365e-06
2020-03-19,-0.003293294020372242
2020-03-20,-4.365079365079365e-06
2020-03-23,-4.365079365079365e-06
2020-03-24,-4.365079365079365e-06
2020-03-25,-4.365079365079365e-06
2020-03-26,-0.003617183346271254
2020-03-27,-4.365079365079365e-06
2020-03-30,-4.365079365079365e-06
2020-03-31,-4.365079365079365e-06
2020-04-01,-4.365079365079365e-06
2020-04-02,-0.0034421253338820595
2020-04-03,-4.365079365079365e-06
2020-04-06,-4.365079365079365e-06
2020-04-07,-4.365079365079365e-06
2020-04-08,-4.365079365079365e-06
2020-04-09,-0.0038523528289532605
2020-04-13,-4.365079365079365e-06
2020-04-14,-4.365079365079365e-06
2020-04-15,-4.365079365079365e-06
2020-04-16,-4.365079365079365e-06
2020-04-17,-0.004075290450759681
2020-04-20,-4.365079365079365e-06
2020-04-21,-4.365079365079365e-06
2020-04-22,-4.365079365079365e-06
2020-04-23,-4.365079365079365e-06
2020-04-24,-0.003709357351569103
2020-04-27,-4.365079365079365e-06
2020-04-28,-4.365079365079365e-06
2020-04-29,-4.365079365079365e-06
2020-04-30,-4.365079365079365e-06
2020-05-01,-0.003314951650802856
2020-05-04,-4.365079365079365e-06
2020-05-05,-4.365079365079365e-06
2020-05-06,-4.365079365079365e-06
2020-05-07,-4.365079365079365e-06
2020-05-08,-0.003543947537749979
2020-05-11,-4.365079365079365e-06
2020-05-12,-4.365079365079365e-06
2020-05-13,-4.365079365079365e-06
2020-05-14,-4.365079365079365e-06
2020-05-15,-0.0036359615153561536
2020-05-18,-4.365079365079365e-06
2020-05-19,-4.365079365079365e-06
2020-05-20,-4.365079365079365e-06
2020-05-21,-4.365079365079365e-06
2020-05-22,-0.0034977863124766636
2020-05-26,-4.365079365079365e-06
2020-05-27,-4.365079365079365e-06
2020-05-28,-4.365079365079365e-06
2020-05-29,-4.365079365079365e-06
2020-06-01,-0.000810319831611017
2020-06-02,-4.365079365079365e-06
2020-06-03,-4.365079365079365e-06
2020-06-04,-4.365079365079365e-06
2020-06-05,-4.365079365079365e-06
2020-06-08,-9.355285657373665e-06
2020-06-09,-4.365079365079365e-06
2020-06-10,-4.365079365079365e-06
2020-06-11,-4.365079365079365e-06
2020-06-12,-4.365079365079365e-06
2020-06-15,0.005135990315809642
2020-06-16,-4.365079365079365e-06
2020-06-17,-4.365079365079365e-06
2020-06-18,-4.365079365079365e-06
2020-06-19,-4.365079365079365e-06
2020-06-22,0.0069410537516535736
2020-06-23,-4.365079365079365e-06
2020-06-24,-4.365079365079365e-06
2020-06-25,-4.365079365079365e-06
2020-06-26,-4.365079365079365e-06
2020-06-29,0.005489331715394974
2020-06-30,-4.365079365079365e-06
2020-07-01,-4.365079365079365e-06
2020-07-02,-4.365079365079365e-06
2020-07-06,-4.365079365079365e-06
2020-07-07,0.005682774444170525
2020-07-08,-4.365079365079365e-06
2020-07-09,-4.365079365079365e-06
2020-07-10,-4.365079365079365e-06
2020-07-13,-4.365079365079365e-06
2020-07-14,0.005136442903992491
2020-07-15,-4.365079365079365e-06
2020-07-16,-4.365079365079365e-06
2020-07-17,-4.365079365079365e-06
2020-07-20,-4.365079365079365e-06
2020-07-21,0.005111987704728748
2020-07-22,-4.365079365079365e-06
2020-07-23,-4.365079365079365e-06
2020-07-24,-4.365079365079365e-06
2020-07-27,-4.365079365079365e-06
2020-07-28,0.005440982185789859
2020-07-29,-4.365079365079365e-06
2020-07-30,-4.365079365079365e-06
2020-07-31,-4.365079365079365e-06
2020-08-03,-4.365079365079365e-06
2020-08-04,0.0054503038477656035
2020-08-05,-4.365079365079365e-06
2020-08-06,-4.365079365079365e-06
2020-08-07,-4.365079365079365e-06
2020-08-10,-4.365079365079365e-06
2020-08-11,0.004541533819117866
2020-08-12,-4.365079365079365e-06
2020-08-13,-4.365079365079365e-06
2020-08-14,-4.365079365079365e-06
2020-08-17,-4.365079365079365e-06
2020-08-18,0.005019447689325561
2020-08-19,-4.365079365079365e-06
2020-08-20,-4.365079365079365e-06
2020-08-21,-4.365079365079365e-06
2020-08-24,-4.365079365079365e-06
2020-08-25,0.004724975455595266
2020-08-26,-4.365079365079365e-06
2020-08-27,-4.365079365079365e-06
2020-08-28,-4.365079365079365e-06
2020-08-31,-4.365079365079365e-06
2020-09-01,0.0035583865198592912
2020-09-02,-4.365079365079365e-06
2020-09-03,-4.365079365079365e-06
2020-09-04,-4.365079365079365e-06
2020-09-08,-4.365079365079365e-06
2020-09-09,0.0024061057025308585
2020-09-10,-4.365079365079365e-06
2020-09-11,-4.365079365079365e-06
2020-09-14,-4.365079365079365e-06
2020-09-15,-4.365079365079365e-06
2020-09-16,0.0012834322407571305
2020-09-17,-4.365079365079365e-06
2020-09-18,-4.365079365079365e-06
2020-09-21,-4.365079365079365e-06
2020-09-22,-4.365079365079365e-06
2020-09-23,-0.0003782181833313431
2020-09-24,-4.365079365079365e-06
2020-09-25,-4.365079365079365e-06
2020-09-28,-4.365079365079365e-06
2020-09-29,-4.365079365079365e-06
2020-09-30,0.0008595911982553262
2020-10-01,-4.365079365079365e-06
2020-10-02,-4.365079365079365e-06
2020-10-05,-4.365079365079365e-06
2020-10-06,-4.365079365079365e-06
2020-10-07,0.0003394069687943363
2020-10-08,-4.365079365079365e-06
2020-10-09,-4.365079365079365e-06
2020-10-12,-4.365079365079365e-06
2020-10-13,-4.365079365079365e-06
2020-10-14,0.0006721473758077201
2020-10-15,-4.365079365079365e-06
2020-10-16,-4.365079365079365e-06
2020-10-19,-4.365079365079365e-06
2020-10-20,-4.365079365079365e-06
2020-10-21,0.00011696424994412911
2020-10-22,-4.365079365079365e-06
2020-10-23,-4.365079365079365e-06
2020-10-26,-4.365079365079365e-06
2020-10-27,-4.365079365079365e-06
2020-10-28,8.955749434125457e-05
2020-10-29,-4.365079365079365e-06
2020-10-30,-4.365079365079365e-06
2020-11-02,-4.365079365079365e-06
2020-11-03,-4.365079365079365e-06
2020-11-04,-5.553521219943552e-05
2020-11-05,-4.365079365079365e-06
2020-11-06,-4.365079365079365e-06
2020-11-09,-4.365079365079365e-06
2020-11-10,-4.365079365079365e-06
2020-11-11,0.00036134303982203193
2020-11-12,-4.365079365079365e-06
2020-11-13,-4.365079365079365e-06
2020-11-16,-4.365079365079365e-06
2020-11-17,-4.365079365079365e-06
2020-11-18,-0.00017142770249212297
2020-11-19,-4.365079365079365e-06
2020-11-20,-4.365079365079365e-06
2020-11-23,-4.365079365079365e-06
2020-11-24,-4.365079365079365e-06
2020-11-25,1.2749943951808066e-05
2020-11-27,-4.365079365079365e-06
2020-11-30,-4.365079365079365e-06
2020-12-01,-4.365079365079365e-06
2020-12-02,-4.365079365079365e-06
2020-12-03,0.0005553250810002704
2020-12-04,-4.365079365079365e-06
2020-12-07,-4.365079365079365e-06
2020-12-08,-4.365079365079365e-06
2020-12-09,-4.365079365079365e-06
2020-12-10,0.001259779821950692
2020-12-11,-4.365079365079365e-06
2020-12-14,-4.365079365079365e-06
2020-12-15,-4.365079365079365e-06
2020-12-16,-4.365079365079365e-06
2020-12-17,0.000524706977945754
2020-12-18,-4.365079365079365e-06
2020-12-21,-4.365079365079365e-06
2020-12-22,-4.365079365079365e-06
2020-12-23,-4.365079365079365e-06
2020-12-24,0.0012657868380121803
2020-12-28,-4.365079365079365e-06
2020-12-29,-4.365079365079365e-06
2020-12-30,-4.365079365079365e-06
2020-12-31,-4.365079365079365e-06
2021-01-04,0.0010084621805890675
2021-01-05,-4.365079365079365e-06
2021-01-06,-4.365079365079365e-06
2021-01-07,-4.365079365079365e-06
2021-01-08,-4.365079365079365e-06
2021-01-11,0.0010210491904198771
2021-01-12,-4.365079365079365e-06
2021-01-13,-4.365079365079365e-06
2021-01-14,-4.365079365079365e-06
2021-01-15,-4.365079365079365e-06
2021-01-19,0.0006389863385096042
2021-01-20,-4.365079365079365e-06
2021-01-21,-4.365079365079365e-06
2021-01-22,-4.365079365079365e-06
2021-01-25,-4.365079365079365e-06
2021-01-26,0.0010223625178908873
2021-01-27,-4.365079365079365e-06
2021-01-28,-4.365079365079365e-06
2021-01-29,-4.365079365079365e-06
2021-02-01,-4.365079365079365e-06
2021-02-02,0.0021012911537943305
2021-02-03,-4.365079365079365e-06
2021-02-04,-4.365079365079365e-06
2021-02-05,-4.365079365079365e-06
2021-02-08,-4.365079365079365e-06
2021-02-09,0.0011585281988670294
2021-02-10,-4.365079365079365e-06
2021-02-11,-4.365079365079365e-06
2021-02-12,-4.365079365079365e-06
2021-02-16,-4.365079365079365e-06
2021-02-17,0.0006471812317129254
2021-02-18,-4.365079365079365e-06
2021-02-19,-4.365079365079365e-06
2021-02-22,-4.365079365079365e-06
2021-02-23,-4.365079365079365e-06
2021-02-24,0.0009706545327611661
2021-02-25,-4.365079365079365e-06
2021-02-26,-4.365079365079365e-06
2021-03-01,-4.365079365079365e-06
2021-03-02,-4.365079365079365e-06
2021-03-03,0.0005498413368607065
2021-03-04,-4.365079365079365e-06
2021-03-05,-4.365079365079365e-06
2021-03-08,-4.365079365079365e-06
2021-03-09,-4.365079365079365e-06
2021-03-10,0.00025748767993450565
2021-03-11,-4.365079365079365e-06
2021-03-12,-4.365079365079365e-06
2021-03-15,-4.365079365079365e-06
2021-03-16,-4.365079365079365e-06
2021-03-17,0.00021035943553438552
2021-03-18,-4.365079365079365e-06
2021-03-19,-4.365079365079365e-06
2021-03-22,-4.365079365079365e-06
2021-03-23,-4.365079365079365e-06
2021-03-24,0.00022413747941908292
2021-03-25,-4.365079365079365e-06
2021-03-26,-4.365079365079365e-06
2021-03-29,-4.365079365079365e-06
2021-03-30,-4.365079365079365e-06
2021-03-31,0.00015363423316695586
2021-04-01,-4.365079365079365e-06
2021-04-05,-4.365079365079365e-06
2021-04-06,-4.365079365079365e-06
2021-04-07,-4.365079365079365e-06
2021-04-08,0.0005674736970731895
2021-04-09,-4.365079365079365e-06
2021-04-12,-4.365079365079365e-06
2021-04-13,-4.365079365079365e-06
2021-04-14,-4.365079365079365e-06
2021-04-15,0.00034571871124418764
2021-04-16,-4.365079365079365e-06
2021-04-19,-4.365079365079365e-06
2021-04-20,-4.365079365079365e-06
2021-04-21,-4.365079365079365e-06
2021-04-22,0.0004139437637439307
2021-04-23,-4.365079365079365e-06
2021-04-26,-4.365079365079365e-06
2021-04-27,-4.365079365079365e-06
2021-04-28,-4.365079365079365e-06
2021-04-29,0.00045268857419381785
2021-04-30,-4.365079365079365e-06
2021-05-03,-4.365079365079365e-06
2021-05-04,-4.365079365079365e-06
2021-05-05,-4.365079365079365e-06
2021-05-06,0.0005373207273462863
2021-05-07,-4.365079365079365e-06
2021-05-10,-4.365079365079365e-06
2021-05-11,-4.365079365079365e-06
2021-05-12,-4.365079365079365e-06
2021-05-13,0.000451245877287924
2021-05-14,-4.365079365079365e-06
2021-05-17,-4.365079365079365e-06
2021-05-18,-4.365079365079365e-06
2021-05-19,-4.365079365079365e-06
2021-05-20,0.00041655369757089553
2021-05-21,-4.365079365079365e-06
2021-05-24,-4.365079365079365e-06
2021-05-25,-4.365079365079365e-06
2021-05-26,-4.365079365079365e-06
2021-05-27,0.0003001780267968199
2021-05-28,-4.365079365079365e-06
2021-06-01,-4.365079365079365e-06
2021-06-02,-4.365079365079365e-06
2021-06-03,-4.365079365079365e-06
2021-06-04,0.0008317347694122898
2021-06-07,-4.365079365079365e-06
2021-06-08,-4.365079365079365e-06
2021-06-09,-4.365079365079365e-06
2021-06-10,-4.365079365079365e-06
2021-06-11,0.0005794003305811319
2021-06-14,-4.365079365079365e-06
2021-06-15,-4.365079365079365e-06
2021-06-16,-4.365079365079365e-06
2021-06-17,-4.365079365079365e-06
2021-06-18,0.00028340055858862214
2021-06-21,-4.365079365079365e-06
2021-06-22,-4.365079365079365e-06
2021-06-23,-4.365079365079365e-06
2021-06-24,-4.365079365079365e-06
2021-06-25,0.00041970154545255777
2021-06-28,-4.365079365079365e-06
2021-06-29,-4.365079365079365e-06
2021-06-30,-4.365079365079365e-06
2021-07-01,-4.365079365079365e-06
2021-07-02,0.00021816686787326438
2021-07-06,-4.365079365079365e-06
2021-07-07,-4.365079365079365e-06
2021-07-08,-4.365079365079365e-06
2021-07-09,-4.365079365079365e-06
2021-07-12,-1.5489497238581168e-05
2021-07-13,-4.365079365079365e-06
2021-07-14,-4.365079365079365e-06
2021-07-15,-4.365079365079365e-06
2021-07-16,-4.365079365079365e-06
2021-07-19,-2.882273102008848e-05
2021-07-20,-4.365079365079365e-06
2021-07-21,-4.365079365079365e-06
2021-07-22,-4.365079365079365e-06
2021-07-23,-4.365079365079365e-06
2021-07-26,0.0002498061520911189
2021-07-27,-4.365079365079365e-06
2021-07-28,-4.365079365079365e-06
2021-07-29,-4.365079365079365e-06
2021-07-30,-4.365079365079365e-06
2021-08-02,-3.230251263333594e-05
2021-08-03,-4.365079365079365e-06
2021-08-04,-4.365079365079365e-06
2021-08-05,-4.365079365079365e-06
2021-08-06,-4.365079365079365e-06
2021-08-09,-0.00010264426631533785
2021-08-10,-4.365079365079365e-06
2021-08-11,-4.365079365079365e-06
2021-08-12,-4.365079365079365e-06
2021-08-13,-4.365079365079365e-06
2021-08-16,0.0005138903528883835
2021-08-17,-4.365079365079365e-06
2021-08-18,-4.365079365079365e-06
2021-08-19,-4.365079365079365e-06
2021-08-20,-4.365079365079365e-06
2021-08-23,0.00030882862941918694
2021-08-24,-4.365079365079365e-06
2021-08-25,-4.365079365079365e-06
2021-08-26,-4.365079365079365e-06
2021-08-27,-4.365079365079365e-06
2021-08-30,-0.00012441392912724753
2021-08-31,-4.365079365079365e-06
2021-09-01,-4.365079365079365e-06
2021-09-02,-4.365079365079365e-06
2021-09-03,-4.365079365079365e-06
2021-09-07,-0.00010933731852803708
2021-09-08,-4.365079365079365e-06
2021-09-09,-4.365079365079365e-06
2021-09-10,-4.365079365079365e-06
2021-09-13,-4.365079365079365e-06
2021-09-14,-0.00031603101351231045
2021-09-15,-4.365079365079365e-06
2021-09-16,-4.365079365079365e-06
2021-09-17,-4.365079365079365e-06
2021-09-20,-4.365079365079365e-06
2021-09-21,0.00015959211040559503
2021-09-22,-4.365079365079365e-06
2021-09-23,-4.365079365079365e-06
2021-09-24,-4.365079365079365e-06
2021-09-27,-4.365079365079365e-06
2021-09-28,-0.00024473457055817214
2021-09-29,-4.365079365079365e-06
2021-09-30,-4.365079365079365e-06
2021-10-01,-4.365079365079365e-06
2021-10-04,-4.365079365079365e-06
2021-10-05,-0.0002442677310223539
2021-10-06,-4.365079365079365e-06
2021-10-07,-4.365079365079365e-06
2021-10-08,-4.365079365079365e-06
2021-10-11,-4.365079365079365e-06
2021-10-12,-3.8850284223164944e-05
2021-10-13,-4.365079365079365e-06
2021-10-14,-4.365079365079365e-06
2021-10-15,-4.365079365079365e-06
2021-10-18,-4.365079365079365e-06
2021-10-19,0.0004720322160155627
2021-10-20,-4.365079365079365e-06
2021-10-21,-4.365079365079365e-06
2021-10-22,-4.365079365079365e-06
2021-10-25,-4.365079365079365e-06
2021-10-26,0.0001538264088889593
2021-10-27,-4.365079365079365e-06
2021-10-28,-4.365079365079365e-06
2021-10-29,-4.365079365079365e-06
2021-11-01,-4.365079365079365e-06
2021-11-02,0.00032849074280360635
2021-11-03,-4.365079365079365e-06
2021-11-04,-4.365079365079365e-06
2021-11-05,-4.365079365079365e-06
2021-11-08,-4.365079365079365e-06
2021-11-09,0.00019678433074149778
2021-11-10,-4.365079365079365e-06
2021-11-11,-4.365079365079365e-06
2021-11-12,-4.365079365079365e-06
2021-11-15,-4.365079365079365e-06
2021-11-16,-1.930437760240423e-05
2021-11-17,-4.365079365079365e-06
2021-11-18,-4.365079365079365e-06
2021-11-19,-4.365079365079365e-06
2021-11-22,-4.365079365079365e-06
2021-11-23,0.0001276839375611061
2021-11-24,-4.365079365079365e-06
2021-11-26,-4.365079365079365e-06
2021-11-29,-4.365079365079365e-06
2021-11-30,-4.365079365079365e-06
2021-12-01,4.2909577191935806e-05
2021-12-02,-4.365079365079365e-06
2021-12-03,-4.365079365079365e-06
2021-12-06,-4.365079365079365e-06
2021-12-07,-4.365079365079365e-06
2021-12-08,4.197687563458146e-05
2021-12-09,-4.365079365079365e-06
2021-12-10,-4.365079365079365e-06
2021-12-13,-4.365079365079365e-06
2021-12-14,-4.365079365079365e-06
2021-12-15,0.0002586591764357741
2021-12-16,-4.365079365079365e-06
2021-12-17,-4.365079365079365e-06
2021-12-20,-4.365079365079365e-06
2021-12-21,-4.365079365079365e-06
2021-12-22,0.0006098189863872051
2021-12-23,-4.365079365079365e-06
2021-12-27,-4.365079365079365e-06
2021-12-28,-4.365079365079365e-06
2021-12-29,-4.365079365079365e-06
2021-12-30,0.0006676610547965047
2021-12-31,-4.365079365079365e-06
2022-01-03,-4.365079365079365e-06
2022-01-04,-4.365079365079365e-06
2022-01-05,-4.365079365079365e-06
2022-01-06,0.0006965778534460692
2022-01-07,-4.365079365079365e-06
2022-01-10,-4.365079365079365e-06
2022-01-11,-4.365079365079365e-06
2022-01-12,-4.365079365079365e-06
2022-01-13,0.0005997943940894958
2022-01-14,-4.365079365079365e-06
2022-01-18,-4.365079365079365e-06
2022-01-19,-4.365079365079365e-06
2022-01-20,-4.365079365079365e-06
2022-01-21,-9.878434442354595e-05
2022-01-24,-4.365079365079365e-06
2022-01-25,-4.365079365079365e-06
2022-01-26,-4.365079365079365e-06
2022-01-27,-4.365079365079365e-06
2022-01-28,-6.886986098249261e-06
2022-01-31,-4.365079365079365e-06
2022-02-01,-4.365079365079365e-06
2022-02-02,-4.365079365079365e-06
2022-02-03,-4.365079365079365e-06
2022-02-04,5.7042090092120694e-06
2022-02-07,-4.365079365079365e-06
2022-02-08,-4.365079365079365e-06
2022-02-09,-4.365079365079365e-06
2022-02-10,-4.365079365079365e-06
2022-02-11,4.027787218607679e-05
2022-02-14,-4.365079365079365e-06
2022-02-15,-4.365079365079365e-06
2022-02-16,-4.365079365079365e-06
2022-02-17,-4.365079365079365e-06
2022-02-18,-0.00010638949079940315
2022-02-22,-4.365079365079365e-06
2022-02-23,-4.365079365079365e-06
2022-02-24,-4.365079365079365e-06
2022-02-25,-4.365079365079365e-06
2022-02-28,1.6600321129596863e-05
2022-03-01,-4.365079365079365e-06
2022-03-02,-4.365079365079365e-06
2022-03-03,-4.365079365079365e-06
2022-03-04,-4.365079365079365e-06
2022-03-07,0.0010409795912021402
2022-03-08,-4.365079365079365e-06
2022-03-09,-4.365079365079365e-06
2022-03-10,-4.365079365079365e-06
2022-03-11,-4.365079365079365e-06
2022-03-14,0.00019811905666391292
2022-03-15,-4.365079365079365e-06
2022-03-16,-4.365079365079365e-06
2022-03-17,-4.365079365079365e-06
2022-03-18,-4.365079365079365e-06
2022-03-21,-2.1272299883514345e-05
2022-03-22,-4.365079365079365e-06
2022-03-23,-4.365079365079365e-06
2022-03-24,-4.365079365079365e-06
2022-03-25,-4.365079365079365e-06
2022-03-28,3.493892310405479e-05
2022-03-29,-4.365079365079365e-06
2022-03-30,-4.365079365079365e-06
2022-03-31,-4.365079365079365e-06
2022-04-01,-4.365079365079365e-06
2022-04-04,-0.0002464571534691794
2022-04-05,-4.365079365079365e-06
2022-04-06,-4.365079365079365e-06
2022-04-07,-4.365079365079365e-06
2022-04-08,-4.365079365079365e-06
2022-04-11,6.887109282036406e-06
2022-04-12,-4.365079365079365e-06
2022-04-13,-4.365079365079365e-06
2022-04-14,-4.365079365079365e-06
2022-04-18,-4.365079365079365e-06
2022-04-19,0.0001717757010947998
2022-04-20,-4.365079365079365e-06
2022-04-21,-4.365079365079365e-06
2022-04-22,-4.365079365079365e-06
2022-04-25,-4.365079365079365e-06
2022-04-26,0.0011489640569781812
2022-04-27,-4.365079365079365e-06
2022-04-28,-4.365079365079365e-06
2022-04-29,-4.365079365079365e-06
2022-05-02,-4.365079365079365e-06
2022-05-03,0.0008478864488460704
2022-05-04,-4.365079365079365e-06
2022-05-05,-4.365079365079365e-06
2022-05-06,-4.365079365079365e-06
2022-05-09,-4.365079365079365e-06
2022-05-10,0.00043860733931587437
2022-05-11,-4.365079365079365e-06
2022-05-12,-4.365079365079365e-06
2022-05-13,-4.365079365079365e-06
2022-05-16,-4.365079365079365e-06
2022-05-17,0.0005687870751945965
2022-05-18,-4.365079365079365e-06
2022-05-19,-4.365079365079365e-06
2022-05-20,-4.365079365079365e-06
2022-05-23,-4.365079365079365e-06
2022-05-24,0.000604064883367213
2022-05-25,-4.365079365079365e-06
2022-05-26,-4.365079365079365e-06
2022-05-27,-4.365079365079365e-06
2022-05-31,-4.365079365079365e-06
2022-06-01,0.00054486548920739
2022-06-02,-4.365079365079365e-06
2022-06-03,-4.365079365079365e-06
2022-06-06,-4.365079365079365e-06
2022-06-07,-4.365079365079365e-06
2022-06-08,0.0011572596941675198
2022-06-09,-4.365079365079365e-06
2022-06-10,-4.365079365079365e-06
2022-06-13,-4.365079365079365e-06
2022-06-14,-4.365079365079365e-06
2022-06-15,0.0008240492399932789
2022-06-16,-4.365079365079365e-06
2022-06-17,-4.365079365079365e-06
2022-06-21,-4.365079365079365e-06
2022-06-22,-4.365079365079365e-06
2022-06-23,-0.00015993357346952966
2022-06-24,-4.365079365079365e-06
2022-06-27,-4.365079365079365e-06
2022-06-28,-4.365079365079365e-06
2022-06-29,-4.365079365079365e-06
2022-06-30,-0.0005463267352260662
2022-07-01,-4.365079365079365e-06
2022-07-05,-4.365079365079365e-06
2022-07-06,-4.365079365079365e-06
2022-07-07,-4.365079365079365e-06
2022-07-08,-0.0005155496064565718
2022-07-11,-4.365079365079365e-06
2022-07-12,-4.365079365079365e-06
2022-07-13,-4.365079365079365e-06
2022-07-14,-4.365079365079365e-06
2022-07-15,4.642471107636322e-05
2022-07-18,-4.365079365079365e-06
2022-07-19,-4.365079365079365e-06
2022-07-20,-4.365079365079365e-06
2022-07-21,-4.365079365079365e-06
2022-07-22,-9.254806157030863e-05
2022-07-25,-4.365079365079365e-06
2022-07-26,-4.365079365079365e-06
2022-07-27,-4.365079365079365e-06
2022-07-28,-4.365079365079365e-06
2022-07-29,0.0007991057962775991
2022-08-01,-4.365079365079365e-06
2022-08-02,-4.365079365079365e-06
2022-08-03,-4.365079365079365e-06
2022-08-04,-4.365079365079365e-06
2022-08-05,0.0003917939784251459
2022-08-08,-4.365079365079365e-06
2022-08-09,-4.365079365079365e-06
2022-08-10,-4.365079365079365e-06
2022-08-11,-4.365079365079365e-06
2022-08-12,0.0012026385367618169
2022-08-15,-4.365079365079365e-06
2022-08-16,-4.365079365079365e-06
2022-08-17,-4.365079365079365e-06
2022-08-18,-4.365079365079365e-06
2022-08-19,0.0006187904989703453
2022-08-22,-4.365079365079365e-06
2022-08-23,-4.365079365079365e-06
2022-08-24,-4.365079365079365e-06
2022-08-25,-4.365079365079365e-06
2022-08-26,0.0008983984136786302
2022-08-29,-4.365079365079365e-06
2022-08-30,-4.365079365079365e-06
2022-08-31,-4.365079365079365e-06
2022-09-01,-4.365079365079365e-06
2022-09-02,0.0005793945941173581
2022-09-06,-4.365079365079365e-06
2022-09-07,-4.365079365079365e-06
2022-09-08,-4.365079365079365e-06
2022-09-09,-4.365079365079365e-06
2022-09-12,2.2782241419566216e-05
2022-09-13,-4.365079365079365e-06
2022-09-14,-4.365079365079365e-06
2022-09-15,-4.365079365079365e-06
2022-09-16,-4.365079365079365e-06
2022-09-19,0.0006054791124115053
2022-09-20,-4.365079365079365e-06
2022-09-21,-4.365079365079365e-06
2022-09-22,-4.365079365079365e-06
2022-09-23,-4.365079365079365e-06
2022-09-26,0.0012463584577961
2022-09-27,-4.365079365079365e-06
2022-09-28,-4.365079365079365e-06
2022-09-29,-4.365079365079365e-06
2022-09-30,-4.365079365079365e-06
2022-10-03,0.0013680606300067496
2022-10-04,-4.365079365079365e-06
2022-10-05,-4.365079365079365e-06
2022-10-06,-4.365079365079365e-06
2022-10-07,-4.365079365079365e-06
2022-10-10,0.0008775185202310952
2022-10-11,-4.365079365079365e-06
2022-10-12,-4.365079365079365e-06
2022-10-13,-4.365079365079365e-06
2022-10-14,-4.365079365079365e-06
2022-10-17,0.0005076501773653544
2022-10-18,-4.365079365079365e-06
2022-10-19,-4.365079365079365e-06
2022-10-20,-4.365079365079365e-06
2022-10-21,-4.365079365079365e-06
2022-10-24,0.0006078287162579044
2022-10-25,-4.365079365079365e-06
2022-10-26,-4.365079365079365e-06
2022-10-27,-4.365079365079365e-06
2022-10-28,-4.365079365079365e-06
2022-10-31,-0.00023076792381241548
2022-11-01,-4.365079365079365e-06
2022-11-02,-4.365079365079365e-06
2022-11-03,-4.365079365079365e-06
2022-11-04,-4.365079365079365e-06
2022-11-07,-0.00019203132627135504
2022-11-08,-4.365079365079365e-06
2022-11-09,-4.365079365079365e-06
2022-11-10,-4.365079365079365e-06
2022-11-11,-4.365079365079365e-06
2022-11-14,-0.0010010719686672541
2022-11-15,-4.365079365079365e-06
2022-11-16,-4.365079365079365e-06
2022-11-17,-4.365079365079365e-06
2022-11-18,-4.365079365079365e-06
2022-11-21,-0.0004430543552210051
2022-11-22,-4.365079365079365e-06
2022-11-23,-4.365079365079365e-06
2022-11-25,-4.365079365079365e-06
2022-11-28,-4.365079365079365e-06
2022-11-29,-0.0002278077659001459
2022-11-30,-4.365079365079365e-06
2022-12-01,-4.365079365079365e-06
2022-12-02,-4.365079365079365e-06
2022-12-05,-4.365079365079365e-06
2022-12-06,-0.00013492579943563798
2022-12-07,-4.365079365079365e-06
2022-12-08,-4.365079365079365e-06
2022-12-09,-4.365079365079365e-06
2022-12-12,-4.365079365079365e-06
2022-12-13,-0.0003057958731754573
2022-12-14,-4.365079365079365e-06
2022-12-15,-4.365079365079365e-06
2022-12-16,-4.365079365079365e-06
2022-12-19,-4.365079365079365e-06
2022-12-20,-0.00014285097041275027
2022-12-21,-4.365079365079365e-06
2022-12-22,-4.365079365079365e-06
2022-12-23,-4.365079365079365e-06
2022-12-27,-4.365079365079365e-06
2022-12-28,0.0004949216789670811
2022-12-29,-4.365079365079365e-06
2022-12-30,-4.365079365079365e-06
2023-01-03,-4.365079365079365e-06
2023-01-04,-4.365079365079365e-06
2023-01-05,0.0002198967780812992
2023-01-06,-4.365079365079365e-06
2023-01-09,-4.365079365079365e-06
2023-01-10,-4.365079365079365e-06
2023-01-11,-4.365079365079365e-06
2023-01-12,0.0008197609644161307
2023-01-13,-4.365079365079365e-06
2023-01-17,-4.365079365079365e-06
2023-01-18,-4.365079365079365e-06
2023-01-19,-4.365079365079365e-06
2023-01-20,0.0008360478357965863
2023-01-23,-4.365079365079365e-06
2023-01-24,-4.365079365079365e-06
2023-01-25,-4.365079365079365e-06
2023-01-26,-4.365079365079365e-06
2023-01-27,0.0009860122781562737
2023-01-30,-4.365079365079365e-06
2023-01-31,-4.365079365079365e-06
2023-02-01,-4.365079365079365e-06
2023-02-02,-4.365079365079365e-06
2023-02-03,0.000822307732659239
2023-02-06,-4.365079365079365e-06
2023-02-07,-4.365079365079365e-06
2023-02-08,-4.365079365079365e-06
2023-02-09,-4.365079365079365e-06
2023-02-10,0.0008004464917572444
2023-02-13,-4.365079365079365e-06
2023-02-14,-4.365079365079365e-06
2023-02-15,-4.365079365079365e-06
2023-02-16,-4.365079365079365e-06
2023-02-17,0.0010798594314163881
2023-02-21,-4.365079365079365e-06
2023-02-22,-4.365079365079365e-06
2023-02-23,-4.365079365079365e-06
2023-02-24,-4.365079365079365e-06
2023-02-27,0.000900853490435051
2023-02-28,-4.365079365079365e-06
2023-03-01,-4.365079365079365e-06
2023-03-02,-4.365079365079365e-06
2023-03-03,-4.365079365079365e-06
2023-03-06,0.0006894063111669463
2023-03-07,-4.365079365079365e-06
2023-03-08,-4.365079365079365e-06
2023-03-09,-4.365079365079365e-06
2023-03-10,-4.365079365079365e-06
2023-03-13,0.0007674402360973667
2023-03-14,-4.365079365079365e-06
2023-03-15,-4.365079365079365e-06
2023-03-16,-4.365079365079365e-06
2023-03-17,-4.365079365079365e-06
2023-03-20,0.0006921902062250764
2023-03-21,-4.365079365079365e-06
2023-03-22,-4.365079365079365e-06
2023-03-23,-4.365079365079365e-06
2023-03-24,-4.365079365079365e-06
2023-03-27,0.0006640454765058115
2023-03-28,-4.365079365079365e-06
2023-03-29,-4.365079365079365e-06
2023-03-30,-4.365079365079365e-06
2023-03-31,-4.365079365079365e-06
2023-04-03,0.0005544472253786838
2023-04-04,-4.365079365079365e-06
2023-04-05,-4.365079365079365e-06
2023-04-06,-4.365079365079365e-06
2023-04-10,-4.365079365079365e-06
2023-04-11,0.0005222702165154086
2023-04-12,-4.365079365079365e-06
2023-04-13,-4.365079365079365e-06
2023-04-14,-4.365079365079365e-06
2023-04-17,-4.365079365079365e-06
2023-04-18,-2.296835653869371e-06
2023-04-19,-4.365079365079365e-06
2023-04-20,-4.365079365079365e-06
2023-04-21,-4.365079365079365e-06
2023-04-24,-4.365079365079365e-06
2023-04-25,1.8868936093734641e-06
2023-04-26,-4.365079365079365e-06
2023-04-27,-4.365079365079365e-06
2023-04-28,-4.365079365079365e-06
2023-05-01,-4.365079365079365e-06
2023-05-02,-0.00019716333672702534
2023-05-03,-4.365079365079365e-06
2023-05-04,-4.365079365079365e-06
2023-05-05,-4.365079365079365e-06
2023-05-08,-4.365079365079365e-06
2023-05-09,-1.5680881768751865e-05
2023-05-10,-4.365079365079365e-06
2023-05-11,-4.365079365079365e-06
2023-05-12,-4.365079365079365e-06
2023-05-15,-4.365079365079365e-06
2023-05-16,0.00023565208338126062
2023-05-17,-4.365079365079365e-06
2023-05-18,-4.365079365079365e-06
2023-05-19,-4.365079365079365e-06
2023-05-22,-4.365079365079365e-06
2023-05-23,0.00010177637103083166
2023-05-24,-4.365079365079365e-06
2023-05-25,-4.365079365079365e-06
2023-05-26,-4.365079365079365e-06
2023-05-30,-4.365079365079365e-06
2023-05-31,0.0002487547360038825
2023-06-01,-4.365079365079365e-06
2023-06-02,-4.365079365079365e-06
2023-06-05,-4.365079365079365e-06
2023-06-06,-4.365079365079365e-06
2023-06-07,7.009231089997225e-05
2023-06-08,-4.365079365079365e-06
2023-06-09,-4.365079365079365e-06
2023-06-12,-4.365079365079365e-06
2023-06-13,-4.365079365079365e-06
2023-06-14,0.0006611470179739413
2023-06-15,-4.365079365079365e-06
2023-06-16,-4.365079365079365e-06
2023-06-20,-4.365079365079365e-06
2023-06-21,-4.365079365079365e-06
2023-06-22,0.0007266744427021196
2023-06-23,-4.365079365079365e-06
2023-06-26,-4.365079365079365e-06
2023-06-27,-4.365079365079365e-06
2023-06-28,-4.365079365079365e-06
2023-06-29,0.00044068561607991464
2023-06-30,-4.365079365079365e-06
2023-07-03,-4.365079365079365e-06
2023-07-05,-4.365079365079365e-06
2023-07-06,-4.365079365079365e-06
2023-07-07,0.00014215266673587302
2023-07-10,-4.365079365079365e-06
2023-07-11,-4.365079365079365e-06
2023-07-12,-4.365079365079365e-06
2023-07-13,-4.365079365079365e-06
2023-07-14,0.00027775935640597833
2023-07-17,-4.365079365079365e-06
2023-07-18,-4.365079365079365e-06
2023-07-19,-4.365079365079365e-06
2023-07-20,-4.365079365079365e-06
2023-07-21,0.0002872473369628487
2023-07-24,-4.365079365079365e-06
2023-07-25,-4.365079365079365e-06
2023-07-26,-4.365079365079365e-06
2023-07-27,-4.365079365079365e-06
2023-07-28,0.0005893845003010302
2023-07-31,-4.365079365079365e-06
2023-08-01,-4.365079365079365e-06
2023-08-02,-4.365079365079365e-06
2023-08-03,-4.365079365079365e-06
2023-08-04,0.0007299805731541077
2023-08-07,-4.365079365079365e-06
2023-08-08,-4.365079365079365e-06
2023-08-09,-4.365079365079365e-06
2023-08-10,-4.365079365079365e-06
2023-08-11,0.0007614999321633908
2023-08-14,-4.365079365079365e-06
2023-08-15,-4.365079365079365e-06
2023-08-16,-4.365079365079365e-06
2023-08-17,-4.365079365079365e-06
2023-08-18,0.000526966651008678
2023-08-21,-4.365079365079365e-06
2023-08-22,-4.365079365079365e-06
2023-08-23,-4.365079365079365e-06
2023-08-24,-4.365079365079365e-06
2023-08-25,0.0005465476379446099
2023-08-28,-4.365079365079365e-06
2023-08-29,-4.365079365079365e-06
2023-08-30,-4.365079365079365e-06
2023-08-31,-4.365079365079365e-06
2023-09-01,0.00031265801817382817
2023-09-05,-4.365079365079365e-06
2023-09-06,-4.365079365079365e-06
2023-09-07,-4.365079365079365e-06
2023-09-08,-4.365079365079365e-06
2023-09-11,0.00010930796587344755
2023-09-12,-4.365079365079365e-06
2023-09-13,-4.365079365079365e-06
2023-09-14,-4.365079365079365e-06
2023-09-15,-4.365079365079365e-06
2023-09-18,-0.00035796717002055725
2023-09-19,-4.365079365079365e-06
2023-09-20,-4.365079365079365e-06
2023-09-21,-4.365079365079365e-06
2023-09-22,-4.365079365079365e-06
2023-09-25,-0.0003087522933161522
2023-09-26,-4.365079365079365e-06
2023-09-27,-4.365079365079365e-06
2023-09-28,-4.365079365079365e-06
2023-09-29,-4.365079365079365e-06
2023-10-02,-0.0002759596807659307
2023-10-03,-4.365079365079365e-06
2023-10-04,-4.365079365079365e-06
2023-10-05,-4.365079365079365e-06
2023-10-06,-4.365079365079365e-06
2023-10-09,-3.671739873642875e-05
2023-10-10,-4.365079365079365e-06
2023-10-11,-4.365079365079365e-06
2023-10-12,-4.365079365079365e-06
2023-10-13,-4.365079365079365e-06
2023-10-16,-0.0001912089884301141
2023-10-17,-4.365079365079365e-06
2023-10-18,-4.365079365079365e-06
2023-10-19,-4.365079365079365e-06
2023-10-20,-4.365079365079365e-06
2023-10-23,-8.03398029255148e-05
2023-10-24,-4.365079365079365e-06
2023-10-25,-4.365079365079365e-06
2023-10-26,-4.365079365079365e-06
2023-10-27,-4.365079365079365e-06
2023-10-30,-0.0002264861001990165
2023-10-31,-4.365079365079365e-06
2023-11-01,-4.365079365079365e-06
2023-11-02,-4.365079365079365e-06
2023-11-03,-4.365079365079365e-06
2023-11-06,1.9630148130925488e-05
2023-11-07,-4.365079365079365e-06
2023-11-08,-4.365079365079365e-06
2023-11-09,-4.365079365079365e-06
2023-11-10,-4.365079365079365e-06
2023-11-13,-0.00017061232880561986
2023-11-14,-4.365079365079365e-06
2023-11-15,-4.365079365079365e-06
2023-11-16,-4.365079365079365e-06
2023-11-17,-4.365079365079365e-06
2023-11-20,7.938524593300192e-05
2023-11-21,-4.365079365079365e-06
2023-11-22,-4.365079365079365e-06
2023-11-24,-4.365079365079365e-06
2023-11-27,-4.365079365079365e-06
2023-11-28,-2.1391327866166033e-06
2023-11-29,-4.365079365079365e-06
2023-11-30,-4.365079365079365e-06
2023-12-01,-4.365079365079365e-06
2023-12-04,-4.365079365079365e-06
2023-12-05,-0.0003498661506306647
2023-12-06,-4.365079365079365e-06
2023-12-07,-4.365079365079365e-06
2023-12-08,-4.365079365079365e-06
2023-12-11,-4.365079365079365e-06
2023-12-12,-0.00018131541762470495
2023-12-13,-4.365079365079365e-06
2023-12-14,-4.365079365079365e-06
2023-12-15,-4.365079365079365e-06
2023-12-18,-4.365079365079365e-06
2023-12-19,-0.00010515640577342977
2023-12-20,-4.365079365079365e-06
2023-12-21,-4.365079365079365e-06
2023-12-22,-4.365079365079365e-06
2023-12-26,-4.365079365079365e-06
2023-12-27,0.00030054431532106356
2023-12-28,-4.365079365079365e-06
2023-12-29,-4.365079365079365e-06
2024-01-02,-4.365079365079365e-06
2024-01-03,-4.365079365079365e-06
2024-01-04,0.0004411985398438852
2024-01-05,-4.365079365079365e-06
2024-01-08,-4.365079365079365e-06
2024-01-09,-4.365079365079365e-06
2024-01-10,-4.365079365079365e-06
2024-01-11,0.0004201720038661081
2024-01-12,-4.365079365079365e-06
2024-01-16,-4.365079365079365e-06
2024-01-17,-4.365079365079365e-06
2024-01-18,-4.365079365079365e-06
2024-01-19,0.00038928493928231414
2024-01-22,-4.365079365079365e-06
2024-01-23,-4.365079365079365e-06
2024-01-24,-4.365079365079365e-06
2024-01-25,-4.365079365079365e-06
2024-01-26,0.0008010577575421914
2024-01-29,-4.365079365079365e-06
2024-01-30,-4.365079365079365e-06
2024-01-31,-4.365079365079365e-06
2024-02-01,-4.365079365079365e-06
2024-02-02,0.0009168941738725585
2024-02-05,-4.365079365079365e-06
2024-02-06,-4.365079365079365e-06
2024-02-07,-4.365079365079365e-06
2024-02-08,-4.365079365079365e-06
2024-02-09,0.0003488349676670315
2024-02-12,-4.365079365079365e-06
2024-02-13,-4.365079365079365e-06
2024-02-14,-4.365079365079365e-06
2024-02-15,-4.365079365079365e-06
2024-02-16,0.00028010928652201473
2024-02-20,-4.365079365079365e-06
2024-02-21,-4.365079365079365e-06
2024-02-22,-4.365079365079365e-06
2024-02-23,-4.365079365079365e-06
2024-02-26,5.400356199883568e-05
2024-02-27,-4.365079365079365e-06
2024-02-28,-4.365079365079365e-06
2024-02-29,-4.365079365079365e-06
2024-03-01,-4.365079365079365e-06
2024-03-04,8.133399369302743e-06
2024-03-05,-4.365079365079365e-06
2024-03-06,-4.365079365079365e-06
2024-03-07,-4.365079365079365e-06
2024-03-08,-4.365079365079365e-06
2024-03-11,0.0002028871475692533
2024-03-12,-4.365079365079365e-06
2024-03-13,-4.365079365079365e-06
2024-03-14,-4.365079365079365e-06
2024-03-15,-4.365079365079365e-06
2024-03-18,4.183169279801135e-05
2024-03-19,-4.365079365079365e-06
2024-03-20,-4.365079365079365e-06
2024-03-21,-4.365079365079365e-06
2024-03-22,-4.365079365079365e-06
2024-03-25,0.00023461763076298718
2024-03-26,-4.365079365079365e-06
2024-03-27,-4.365079365079365e-06
2024-03-28,-4.365079365079365e-06
2024-04-01,-4.365079365079365e-06
2024-04-02,0.00011014183769551413
2024-04-03,-4.365079365079365e-06
2024-04-04,-4.365079365079365e-06
2024-04-05,-4.365079365079365e-06
2024-04-08,-4.365079365079365e-06
2024-04-09,0.00012784972418158428
2024-04-10,-4.365079365079365e-06
2024-04-11,-4.365079365079365e-06
2024-04-12,-4.365079365079365e-06
2024-04-15,-4.365079365079365e-06
2024-04-16,-0.0001814171952715318
2024-04-17,-4.365079365079365e-06
2024-04-18,-4.365079365079365e-06
2024-04-19,-4.365079365079365e-06
2024-04-22,-4.365079365079365e-06
2024-04-23,-0.0001568363528448998
2024-04-24,-4.365079365079365e-06
2024-04-25,-4.365079365079365e-06
2024-04-26,-4.365079365079365e-06
2024-04-29,-4.365079365079365e-06
2024-04-30,-0.0003417434474884248
2024-05-01,-4.365079365079365e-06
2024-05-02,-4.365079365079365e-06
2024-05-03,-4.365079365079365e-06
2024-05-06,-4.365079365079365e-06
2024-05-07,-0.00025936330605687936
2024-05-08,-4.365079365079365e-06
2024-05-09,-4.365079365079365e-06
2024-05-10,-4.365079365079365e-06
2024-05-13,-4.365079365079365e-06
2024-05-14,-6.849191655858351e-05
2024-05-15,-4.365079365079365e-06
2024-05-16,-4.365079365079365e-06
2024-05-17,-4.365079365079365e-06
2024-05-20,-4.365079365079365e-06
2024-05-21,9.412804554163068e-05
2024-05-22,-4.365079365079365e-06
2024-05-23,-4.365079365079365e-06
2024-05-24,-4.365079365079365e-06
2024-05-28,-4.365079365079365e-06
2024-05-29,0.00014826624535403863
2024-05-30,-4.365079365079365e-06
2024-05-31,-4.365079365079365e-06
2024-06-03,-4.365079365079365e-06
2024-06-04,-4.365079365079365e-06
2024-06-05,0.00019808817997936918
2024-06-06,-4.365079365079365e-06
2024-06-07,-4.365079365079365e-06
2024-06-10,-4.365079365079365e-06
2024-06-11,-4.365079365079365e-06
2024-06-12,0.0002944973648674809
2024-06-13,-4.365079365079365e-06
2024-06-14,-4.365079365079365e-06
2024-06-17,-4.365079365079365e-06
2024-06-18,-4.365079365079365e-06
2024-06-20,0.00024359580424635692
2024-06-21,-4.365079365079365e-06
2024-06-24,-4.365079365079365e-06
2024-06-25,-4.365079365079365e-06
2024-06-26,-4.365079365079365e-06
2024-06-27,0.00014449010885972713
2024-06-28,-4.365079365079365e-06
2024-07-01,-4.365079365079365e-06
2024-07-02,-4.365079365079365e-06
2024-07-03,-4.365079365079365e-06
2024-07-05,0.00027133905987257163
2024-07-08,-4.365079365079365e-06
2024-07-09,-4.365079365079365e-06
2024-07-10,-4.365079365079365e-06
2024-07-11,-4.365079365079365e-06
2024-07-12,0.0002892009071751608
2024-07-15,-4.365079365079365e-06
2024-07-16,-4.365079365079365e-06
2024-07-17,-4.365079365079365e-06
2024-07-18,-4.365079365079365e-06
2024-07-19,0.0008078735346671713
2024-07-22,-4.365079365079365e-06
2024-07-23,-4.365079365079365e-06
2024-07-24,-4.365079365079365e-06
2024-07-25,-4.365079365079365e-06
2024-07-26,0.000575493786469092
2024-07-29,-4.365079365079365e-06
2024-07-30,-4.365079365079365e-06
2024-07-31,-4.365079365079365e-06
2024-08-01,-4.365079365079365e-06
2024-08-02,0.0006020986815955064
2024-08-05,-4.365079365079365e-06
2024-08-06,-4.365079365079365e-06
2024-08-07,-4.365079365079365e-06
2024-08-08,-4.365079365079365e-06
2024-08-09,0.00015397672981795258
2024-08-12,-4.365079365079365e-06
2024-08-13,-4.365079365079365e-06
2024-08-14,-4.365079365079365e-06
2024-08-15,-4.365079365079365e-06
2024-08-16,-9.884239269175716e-06
2024-08-19,-4.365079365079365e-06
2024-08-20,-4.365079365079365e-06
2024-08-21,-4.365079365079365e-06
2024-08-22,-4.365079365079365e-06
2024-08-23,-0.00024753770858866543
2024-08-26,-4.365079365079365e-06
2024-08-27,-4.365079365079365e-06
2024-08-28,-4.365079365079365e-06
2024-08-29,-4.365079365079365e-06
2024-08-30,-3.847965295501654e-05
2024-09-03,-4.365079365079365e-06
2024-09-04,-4.365079365079365e-06
2024-09-05,-4.365079365079365e-06
2024-09-06,-4.365079365079365e-06
2024-09-09,-0.00028969150372640766
2024-09-10,-4.365079365079365e-06
2024-09-11,-4.365079365079365e-06
2024-09-12,-4.365079365079365e-06
2024-09-13,-4.365079365079365e-06
2024-09-16,-0.0005235327811863401
2024-09-17,-4.365079365079365e-06
2024-09-18,-4.365079365079365e-06
2024-09-19,-4.365079365079365e-06
2024-09-20,-4.365079365079365e-06
2024-09-23,-0.0003824775023924218
2024-09-24,-4.365079365079365e-06
2024-09-25,-4.365079365079365e-06
2024-09-26,-4.365079365079365e-06
2024-09-27,-4.365079365079365e-06
2024-09-30,-0.0004435019505025354
2024-10-01,-4.365079365079365e-06
2024-10-02,-4.365079365079365e-06
2024-10-03,-4.365079365079365e-06
2024-10-04,-4.365079365079365e-06
2024-10-07,-0.00045881042633478267
2024-10-08,-4.365079365079365e-06
2024-10-09,-4.365079365079365e-06
2024-10-10,-4.365079365079365e-06
2024-10-11,-4.365079365079365e-06
2024-10-14,-0.0004967851514867577
2024-10-15,-4.365079365079365e-06
2024-10-16,-4.365079365079365e-06
2024-10-17,-4.365079365079365e-06
2024-10-18,-4.365079365079365e-06
2024-10-21,-0.00019102146481244183
2024-10-22,-4.365079365079365e-06
2024-10-23,-4.365079365079365e-06
2024-10-24,-4.365079365079365e-06
2024-10-25,-4.365079365079365e-06
2024-10-28,0.00011451975595814636
2024-10-29,-4.365079365079365e-06
2024-10-30,-4.365079365079365e-06
2024-10-31,-4.365079365079365e-06
2024-11-01,-4.365079365079365e-06
2024-11-04,0.0007998332983147649
2024-11-05,-4.365079365079365e-06
2024-11-06,-4.365079365079365e-06
2024-11-07,-4.365079365079365e-06
2024-11-08,-4.365079365079365e-06
2024-11-11,0.0008375558035230372
2024-11-12,-4.365079365079365e-06
2024-11-13,-4.365079365079365e-06
2024-11-14,-4.365079365079365e-06
2024-11-15,-4.365079365079365e-06
2024-11-18,0.0005194951266104844
2024-11-19,-4.365079365079365e-06
2024-11-20,-4.365079365079365e-06
2024-11-21,-4.365079365079365e-06
2024-11-22,-4.365079365079365e-06
2024-11-25,0.0006203753372026269
2024-11-26,-4.365079365079365e-06
2024-11-27,-4.365079365079365e-06
2024-11-29,-4.365079365079365e-06
2024-12-02,-4.365079365079365e-06
2024-12-03,0.00048014691246363816
2024-12-04,-4.365079365079365e-06
2024-12-05,-4.365079365079365e-06
2024-12-06,-4.365079365079365e-06
2024-12-09,-4.365079365079365e-06
2024-12-10,0.001036247319818724
2024-12-11,-4.365079365079365e-06
2024-12-12,-4.365079365079365e-06
2024-12-13,-4.365079365079365e-06
2024-12-16,-4.365079365079365e-06
2024-12-17,0.0008592724758458211
2024-12-18,-4.365079365079365e-06
2024-12-19,-4.365079365079365e-06
2024-12-20,-4.365079365079365e-06
2024-12-23,-4.365079365079365e-06
2024-12-24,0.0004365133963909146
2024-12-26,-4.365079365079365e-06
2024-12-27,-4.365079365079365e-06
2024-12-30,-4.365079365079365e-06
2024-12-31,-4.365079365079365e-06
2025-01-02,0.0005085072377580721
2025-01-03,-4.365079365079365e-06
2025-01-06,-4.365079365079365e-06
2025-01-07,-4.365079365079365e-06
2025-01-08,-4.365079365079365e-06
2025-01-10,0.0006645505339024901
2025-01-13,-4.365079365079365e-06
2025-01-14,-4.365079365079365e-06
2025-01-15,-4.365079365079365e-06
2025-01-16,-4.365079365079365e-06
2025-01-17,0.0003083773118678971
2025-01-21,-4.365079365079365e-06
2025-01-22,-4.365079365079365e-06
2025-01-23,-4.365079365079365e-06
2025-01-24,-4.365079365079365e-06
2025-01-27,0.00018907497000446335
2025-01-28,-4.365079365079365e-06
2025-01-29,-4.365079365079365e-06
2025-01-30,-4.365079365079365e-06
2025-01-31,-4.365079365079365e-06
2025-02-03,0.00029030457527788204
2025-02-04,-4.365079365079365e-06
2025-02-05,-4.365079365079365e-06
2025-02-06,-4.365079365079365e-06
2025-02-07,-4.365079365079365e-06
2025-02-10,0.00015685640871040542
2025-02-11,-4.365079365079365e-06
2025-02-12,-4.365079365079365e-06
2025-02-13,-4.365079365079365e-06
2025-02-14,-4.365079365079365e-06
2025-02-18,-0.00016563842716207567
2025-02-19,-4.365079365079365e-06
2025-02-20,-4.365079365079365e-06
2025-02-21,-4.365079365079365e-06
2025-02-24,-4.365079365079365e-06
2025-02-25,9.301319035027401e-05
2025-02-26,-4.365079365079365e-06
2025-02-27,-4.365079365079365e-06
2025-02-28,-4.365079365079365e-06
2025-03-03,-4.365079365079365e-06
2025-03-04,-0.0001453438211532547
2025-03-05,-4.365079365079365e-06
2025-03-06,-4.365079365079365e-06
2025-03-07,-4.365079365079365e-06
2025-03-10,-4.365079365079365e-06
2025-03-11,-0.00030995745630745897
2025-03-12,-4.365079365079365e-06
2025-03-13,-4.365079365079365e-06
2025-03-14,-4.365079365079365e-06
2025-03-17,-4.365079365079365e-06
2025-03-18,-0.0004864790597070023
2025-03-19,-4.365079365079365e-06
2025-03-20,-4.365079365079365e-06
2025-03-21,-4.365079365079365e-06
2025-03-24,-4.365079365079365e-06
2025-03-25,-0.00034060942410561566
2025-03-26,-4.365079365079365e-06
2025-03-27,-4.365079365079365e-06
2025-03-28,-4.365079365079365e-06
2025-03-31,-4.365079365079365e-06
2025-04-01,-0.00019323137749232018
2025-04-02,-4.365079365079365e-06
2025-04-03,-4.365079365079365e-06
2025-04-04,-4.365079365079365e-06
2025-04-07,-4.365079365079365e-06
2025-04-08,-0.0005205383850730539
2025-04-09,-4.365079365079365e-06
2025-04-10,-4.365079365079365e-06
2025-04-11,-4.365079365079365e-06
2025-04-14,-4.365079365079365e-06
2025-04-15,-0.0013719788033300648
2025-04-16,-4.365079365079365e-06
2025-04-17,-4.365079365079365e-06
2025-04-21,-4.365079365079365e-06
2025-04-22,-4.365079365079365e-06
2025-04-23,-0.0016726688235441025
2025-04-24,-4.365079365079365e-06
2025-04-25,-4.365079365079365e-06
2025-04-28,-4.365079365079365e-06
2025-04-29,-4.365079365079365e-06
2025-04-30,-0.0015729060494027443
2025-05-01,-4.365079365079365e-06
2025-05-02,-4.365079365079365e-06
2025-05-05,-4.365079365079365e-06
2025-05-06,-4.365079365079365e-06
2025-05-07,-0.0015765198093613318
2025-05-08,-4.365079365079365e-06
2025-05-09,-4.365079365079365e-06
2025-05-12,-4.365079365079365e-06
2025-05-13,-4.365079365079365e-06
2025-05-14,-0.0018254195858691516
2025-05-15,-4.365079365079365e-06
2025-05-16,-4.365079365079365e-06
2025-05-19,-4.365079365079365e-06
2025-05-20,-4.365079365079365e-06
2025-05-21,-0.0017945188063587351
2025-05-22,-4.365079365079365e-06
2025-05-23,-4.365079365079365e-06
2025-05-27,-4.365079365079365e-06
2025-05-28,-4.365079365079365e-06
2025-05-29,-0.0015548155708208365
2025-05-30,-4.365079365079365e-06
2025-06-02,-4.365079365079365e-06
2025-06-03,-4.365079365079365e-06
2025-06-04,-4.365079365079365e-06
2025-06-05,-0.001035756879928323
2025-06-06,-4.365079365079365e-06
2025-06-09,-4.365079365079365e-06
2025-06-10,-4.365079365079365e-06
2025-06-11,-4.365079365079365e-06
2025-06-12,-0.0004717463992498499
2025-06-13,-4.365079365079365e-06
2025-06-16,-4.365079365079365e-06
2025-06-17,-4.365079365079365e-06
2025-06-18,-4.365079365079365e-06
2025-06-20,-0.000889775748241913
2025-06-23,-4.365079365079365e-06
2025-06-24,-4.365079365079365e-06
2025-06-25,-4.365079365079365e-06
2025-06-26,-4.365079365079365e-06
2025-06-27,-0.0015818440837001943
2025-06-30,-4.365079365079365e-06
2025-07-01,-4.365079365079365e-06
2025-07-02,-4.365079365079365e-06
2025-07-03,-4.365079365079365e-06
2025-07-07,-0.0010347787116991628
2025-07-08,-4.365079365079365e-06
2025-07-09,-4.365079365079365e-06
2025-07-10,-4.365079365079365e-06
2025-07-11,-4.365079365079365e-06
2025-07-14,0.0019797606529671982
2025-07-15,-4.365079365079365e-06
2025-07-16,-4.365079365079365e-06
2025-07-17,-4.365079365079365e-06
2025-07-18,-4.365079365079365e-06
2025-07-21,0.0018995066611778252
2025-07-22,-4.365079365079365e-06
2025-07-23,-4.365079365079365e-06
2025-07-24,-4.365079365079365e-06
2025-07-25,-4.365079365079365e-06
2025-07-28,0.00234651933747793
2025-07-29,-4.365079365079365e-06
2025-07-30,-4.365079365079365e-06
2025-07-31,-4.365079365079365e-06
2025-08-01,-4.365079365079365e-06
2025-08-04,0.0019170115693667555
2025-08-05,-4.365079365079365e-06
2025-08-06,-4.365079365079365e-06
2025-08-07,-4.365079365079365e-06
2025-08-08,-4.365079365079365e-06
2025-08-11,0.0018485196025227776
2025-08-12,-4.365079365079365e-06
2025-08-13,-4.365079365079365e-06
2025-08-14,-4.365079365079365e-06
2025-08-15,-4.365079365079365e-06
2025-08-18,0.0015289643911488543
2025-08-19,-4.365079365079365e-06
2025-08-20,-4.365079365079365e-06
2025-08-21,-4.365079365079365e-06
2025-08-22,-4.365079365079365e-06
2025-08-25,0.0016863139853695625
2025-08-26,-4.365079365079365e-06
2025-08-27,-4.365079365079365e-06
2025-08-28,-4.365079365079365e-06
2025-08-29,-4.365079365079365e-06
2025-09-02,0.0015103730092417154
2025-09-03,-4.365079365079365e-06
2025-09-04,-4.365079365079365e-06
2025-09-05,-4.365079365079365e-06
2025-09-08,-4.365079365079365e-06
2025-09-09,0.0012227924154945085
2025-09-10,-4.365079365079365e-06
2025-09-11,-4.365079365079365e-06
2025-09-12,-4.365079365079365e-06
2025-09-15,-4.365079365079365e-06
2025-09-16,0.0009071520105628923
2025-09-17,-4.365079365079365e-06
2025-09-18,-4.365079365079365e-06
2025-09-19,-4.365079365079365e-06
2025-09-22,-4.365079365079365e-06
2025-09-23,0.001240602057535523
2025-09-24,-4.365079365079365e-06
2025-09-25,-4.365079365079365e-06
2025-09-26,-4.365079365079365e-06
2025-09-29,-4.365079365079365e-06
2025-09-30,0.001186630812810054
2025-10-01,-4.365079365079365e-06
2025-10-02,-4.365079365079365e-06
2025-10-03,-4.365079365079365e-06
2025-10-06,-4.365079365079365e-06
2025-10-07,0.001125707167453638
2025-10-08,-4.365079365079365e-06
2025-10-09,-4.365079365079365e-06
2025-10-10,-4.365079365079365e-06
2025-10-13,-4.365079365079365e-06
2025-10-14,-0.00032970580935901006
2025-10-15,-4.365079365079365e-06
2025-10-16,-4.365079365079365e-06
2025-10-17,-4.365079365079365e-06
2025-10-20,-4.365079365079365e-06
2025-10-21,1.6154664224568483e-05
2025-10-22,-4.365079365079365e-06
2025-10-23,-4.365079365079365e-06
2025-10-24,-4.365079365079365e-06
2025-10-27,-4.365079365079365e-06
2025-10-28,-0.0002700628398801427
2025-10-29,-4.365079365079365e-06
2025-10-30,-4.365079365079365e-06
2025-10-31,-4.365079365079365e-06
2025-11-03,-4.365079365079365e-06
2025-11-04,3.8440095112902103e-05
2025-11-05,-4.365079365079365e-06
2025-11-06,-4.365079365079365e-06
2025-11-07,-4.365079365079365e-06
2025-11-10,-4.365079365079365e-06
2025-11-11,-3.490459951042619e-05
2025-11-12,-4.365079365079365e-06
2025-11-13,-4.365079365079365e-06
2025-11-14,-4.365079365079365e-06
2025-11-17,-4.365079365079365e-06
2025-11-18,-8.38523540201589e-05
2025-11-19,-4.365079365079365e-06
2025-11-20,-4.365079365079365e-06
2025-11-21,-4.365079365079365e-06
2025-11-24,-4.365079365079365e-06
2025-11-25,-0.000215504601135039
2025-11-26,-4.365079365079365e-06
2025-11-28,-4.365079365079365e-06
2025-12-01,-4.365079365079365e-06
2025-12-02,-4.365079365079365e-06
2025-12-03,2.2460375773863372e-06
2025-12-04,-4.365079365079365e-06
2025-12-05,-4.365079365079365e-06
2025-12-08,-4.365079365079365e-06
2025-12-09,-4.365079365079365e-06
2025-12-10,-0.00014233323469654594
2025-12-11,-4.365079365079365e-06
2025-12-12,-4.365079365079365e-06
2025-12-15,-4.365079365079365e-06
2025-12-16,-4.365079365079365e-06
2025-12-17,-9.284330851007207e-05
2025-12-18,-4.365079365079365e-06
2025-12-19,-4.365079365079365e-06
2025-12-22,-4.365079365079365e-06
2025-12-23,-4.365079365079365e-06
2025-12-24,-6.286800482621459e-05
2025-12-26,-4.365079365079365e-06
2025-12-29,-4.365079365079365e-06
2025-12-30,-4.365079365079365e-06
2025-12-31,-4.365079365079365e-06
2026-01-02,-1.2578396134264762e-05
2026-01-05,-4.365079365079365e-06
2026-01-06,-4.365079365079365e-06
2026-01-07,-4.365079365079365e-06
2026-01-08,-4.365079365079365e-06
2026-01-09,6.281767251612653e-05
2026-01-12,-4.365079365079365e-06
2026-01-13,-4.365079365079365e-06
2026-01-14,-4.365079365079365e-06
2026-01-15,-4.365079365079365e-06
2026-01-16,0.0005286789939396211
2026-01-20,-4.365079365079365e-06
2026-01-21,-4.365079365079365e-06
2026-01-22,-4.365079365079365e-06
2026-01-23,-4.365079365079365e-06
2026-01-26,0.0003838122768330511
2026-01-27,-4.365079365079365e-06
2026-01-28,-4.365079365079365e-06
2026-01-29,-4.365079365079365e-06
2026-01-30,-4.365079365079365e-06
2026-02-02,0.0005119600570735204
2026-02-03,-4.365079365079365e-06
2026-02-04,-4.365079365079365e-06
2026-02-05,-4.365079365079365e-06
2026-02-06,-4.365079365079365e-06
2026-02-09,0.0006611112943789604
2026-02-10,-4.365079365079365e-06
2026-02-11,-4.365079365079365e-06
2026-02-12,-4.365079365079365e-06
2026-02-13,-4.365079365079365e-06
2026-02-17,0.0005397201873363737
2026-02-18,-4.365079365079365e-06
2026-02-19,-4.365079365079365e-06
2026-02-20,-4.365079365079365e-06
2026-02-23,-4.365079365079365e-06
2026-02-24,0.0010649823454935076
2026-02-25,-4.365079365079365e-06
2026-02-26,-4.365079365079365e-06
2026-02-27,-4.365079365079365e-06
2026-03-02,-4.365079365079365e-06
2026-03-03,0.0008002722037656309
2026-03-04,-4.365079365079365e-06
2026-03-05,-4.365079365079365e-06
2026-03-06,-4.365079365079365e-06
2026-03-09,-4.365079365079365e-06
2026-03-10,0.0006240284248239408
2026-03-11,-4.365079365079365e-06
2026-03-12,-4.365079365079365e-06
2026-03-13,-4.365079365079365e-06
2026-03-16,-4.365079365079365e-06
2026-03-17,0.000506692387309254
2026-03-18,-4.365079365079365e-06
2026-03-19,-4.365079365079365e-06
2026-03-20,-4.365079365079365e-06
2026-03-23,-4.365079365079365e-06
2026-03-24,0.00042989704708835686
2026-03-25,-4.365079365079365e-06
2026-03-26,-4.365079365079365e-06
2026-03-27,-4.365079365079365e-06
2026-03-30,-4.365079365079365e-06
2026-03-31,-9.287733390933982e-05
2026-04-01,-4.365079365079365e-06
2026-04-02,-4.365079365079365e-06
2026-04-06,-4.365079365079365e-06
2026-04-07,-4.365079365079365e-06
2026-04-08,-0.00010849422975549471
2026-04-09,-4.365079365079365e-06
2026-04-10,-4.365079365079365e-06
2026-04-13,-4.365079365079365e-06
2026-04-14,-4.365079365079365e-06
2026-04-15,-0.00025992033202530066
2026-04-16,-4.365079365079365e-06
2026-04-17,-4.365079365079365e-06
2026-04-20,-4.365079365079365e-06
2026-04-21,-4.365079365079365e-06
2026-04-22,-0.0002554195009417506
2026-04-23,-4.365079365079365e-06
2026-04-24,-4.365079365079365e-06
2026-04-27,-4.365079365079365e-06
2026-04-28,-4.365079365079365e-06
2026-04-29,6.316490418512978e-05
2026-04-30,-4.365079365079365e-06
2026-05-01,-4.365079365079365e-06
2026-05-04,-4.365079365079365e-06
2026-05-05,-4.365079365079365e-06
2026-05-06,0.00010348038256738576
2026-05-07,-4.365079365079365e-06
2026-05-08,-4.365079365079365e-06
2026-05-11,-4.365079365079365e-06
2026-05-12,-4.365079365079365e-06
2026-05-13,0.00016287612254653122
2026-05-14,-4.365079365079365e-06
2026-05-15,-4.365079365079365e-06
2026-05-18,-4.365079365079365e-06
2026-05-19,-4.365079365079365e-06
2026-05-20,0.0004078270067281065
2026-05-21,-4.365079365079365e-06
2026-05-22,-4.365079365079365e-06
2026-05-26,-4.365079365079365e-06
2026-05-27,-4.365079365079365e-06
2026-05-28,0.00037152244505786366
2026-05-29,-4.365079365079365e-06
2026-06-01,-4.365079365079365e-06
2026-06-02,-4.365079365079365e-06
2026-06-03,-4.365079365079365e-06
2026-06-04,0.0007460408582548854
2026-06-05,-4.365079365079365e-06
2026-06-08,-4.365079365079365e-06
2026-06-09,-4.365079365079365e-06
2026-06-10,-4.365079365079365e-06
2026-06-11,0.0009506206809898792
2026-06-12,-4.365079365079365e-06
2026-06-15,-4.365079365079365e-06
2026-06-16,-4.365079365079365e-06
2026-06-17,-4.365079365079365e-06
2026-06-18,-9.09177115094851e-05
2026-06-22,-4.365079365079365e-06
2026-06-23,-4.365079365079365e-06
2026-06-24,-4.365079365079365e-06
2026-06-25,-4.365079365079365e-06
2026-06-26,7.1180235670863185e-06
2026-06-29,-4.365079365079365e-06
2026-06-30,-4.365079365079365e-06
2026-07-01,-4.365079365079365e-06
2026-07-02,-4.365079365079365e-06
2026-07-06,0.00016585455641870744
2026-07-07,-4.365079365079365e-06
2026-07-08,-4.365079365079365e-06
2026-07-09,-4.365079365079365e-06
2026-07-10,-4.365079365079365e-06
2026-07-13,1.572428325791027e-05
2026-07-14,-4.365079365079365e-06
2026-07-15,-4.365079365079365e-06
2026-07-16,-4.365079365079365e-06
2026-07-17,-4.365079365079365e-06
2026-07-20,7.672154559494558e-05
2026-07-21,-4.365079365079365e-06
2026-07-22,-4.365079365079365e-06
2026-07-23,-4.365079365079365e-06
2026-07-24,-4.365079365079365e-06
2026-07-27,5.942062058943954e-05
2026-07-28,-4.365079365079365e-06
2026-07-29,-4.365079365079365e-06
2026-07-30,-4.365079365079365e-06
2026-07-31,-4.365079365079365e-06
2026-08-03,0.00010505898262983806
2026-08-04,-4.365079365079365e-06
2026-08-05,-4.365079365079365e-06
2026-08-06,-4.365079365079365e-06
2026-08-07,-4.365079365079365e-06
2026-08-10,3.328338678152438e-05
2026-08-11,-4.365079365079365e-06
2026-08-12,-4.365079365079365e-06
2026-08-13,-4.365079365079365e-06
2026-08-14,-4.365079365079365e-06
2026-08-17,-0.00018098685689980538
2026-08-18,-4.365079365079365e-06
2026-08-19,-4.365079365079365e-06
2026-08-20,-4.365079365079365e-06
2026-08-21,-4.365079365079365e-06
2026-08-24,-0.0003131020996149108
2026-08-25,-4.365079365079365e-06
2026-08-26,-4.365079365079365e-06
2026-08-27,-4.365079365079365e-06
2026-08-28,-4.365079365079365e-06
2026-08-31,-0.0003618763008021278
2026-09-01,-4.365079365079365e-06
2026-09-02,-4.365079365079365e-06
2026-09-03,-4.365079365079365e-06
2026-09-04,-4.365079365079365e-06
2026-09-08,-0.0004277023482073001
2026-09-09,-4.365079365079365e-06
2026-09-10,-4.365079365079365e-06
2026-09-11,-4.365079365079365e-06
2026-09-14,-4.365079365079365e-06
2026-09-15,-0.0004367032483769941
2026-09-16,-4.365079365079365e-06
2026-09-17,-4.365079365079365e-06
2026-09-18,-4.365079365079365e-06
2026-09-21,-4.365079365079365e-06
