date,ticker,selling_side,prem_pct,size,capital_allocated_pct,return_pct,pnl_pu_pct,pnl_contribution_pct,in_recovery
2015-02-01,AAPL,sell_put,1.5913,1,1,9.6449,1.5913,0.015913,False
2015-02-01,ABBV,sell_put,1.4219,1,1,1.0012,1.4219,0.014219,False
2015-02-01,ABT,sell_put,1.2442,1,1,6.3914,1.2442,0.012442,False
2015-02-01,ADBE,sell_put,1.9383,1,1,12.7905,1.9383,0.019383,False
2015-02-01,ADP,sell_put,1.5211,1,1,7.6457,1.5211,0.015211,False
2015-02-01,AMGN,sell_put,1.4219,1,1,3.5859,1.4219,0.014219,False
2015-02-01,AMT,sell_put,1.5211,1,1,2.2589,1.5211,0.015211,False
2015-02-01,AMZN,sell_put,1.9357,1,1,7.2293,1.9357,0.019357,False
2015-02-01,AXP,sell_put,1.3493,1,1,1.4129,1.3493,0.013493,False
2015-02-01,BA,sell_put,1.5176,1,1,3.7697,1.5176,0.015176,False
2015-02-01,BAC,sell_put,1.6213,1,1,4.3565,1.6213,0.016213,False
2015-02-01,BDX,sell_put,1.2442,1,1,6.2573,1.2442,0.012442,False
2015-02-01,BIIB,sell_put,1.4219,1,1,5.2498,1.4219,0.014219,False
2015-02-01,BLK,sell_put,1.3775,1,1,9.0776,1.3775,0.013775,False
2015-02-01,BMY,sell_put,1.4219,1,1,1.0785,1.4219,0.014219,False
2015-02-01,BRK-B,sell_put,0.9151,1,1,2.4321,0.9151,0.009151,False
2015-02-01,C,sell_put,1.5176,1,1,11.6744,1.5176,0.015176,False
2015-02-01,CAT,sell_put,1.6445,1,1,4.5139,1.6445,0.016445,False
2015-02-01,CL,sell_put,1.062,1,1,5.4379,1.062,0.01062,False
2015-02-01,CMCSA,sell_put,1.5685,1,1,12.1616,1.5685,0.015685,False
2015-02-01,COST,sell_put,1.3044,1,1,2.7764,1.3044,0.013044,False
2015-02-01,CRM,sell_put,1.9698,1,1,22.9052,1.9698,0.019698,False
2015-02-01,CSCO,sell_put,1.5211,1,1,12.677,1.5211,0.015211,False
2015-02-01,CTSH,sell_put,1.5211,1,1,15.4443,1.5211,0.015211,False
2015-02-01,CVS,sell_put,1.5039,1,1,6.1935,1.5039,0.015039,False
2015-02-01,CVX,sell_put,1.5164,1,1,4.0476,1.5164,0.015164,False
2015-02-01,DD,sell_put,1.5211,1,1,9.0345,1.5211,0.015211,False
2015-02-01,DHR,sell_put,1.2442,1,1,5.9481,1.2442,0.012442,False
2015-02-01,DIS,sell_put,1.653,1,1,14.4239,1.653,0.01653,False
2015-02-01,ELV,sell_put,1.5039,1,1,8.5136,1.5039,0.015039,False
2015-02-01,EOG,sell_put,1.6445,1,1,0.9744,1.6445,0.016445,False
2015-02-01,F,sell_put,1.6445,1,1,12.2144,1.6445,0.016445,False
2015-02-01,FDX,sell_put,1.5211,1,1,4.6537,1.5211,0.015211,False
2015-02-01,GE,sell_put,1.6445,1,1,8.7903,1.6445,0.016445,False
2015-02-01,GILD,sell_put,1.4219,1,1,-1.2401,0.1818,0.001818,False
2015-02-01,GIS,sell_put,1.1301,1,1,3.2935,1.1301,0.011301,False
2015-02-01,GM,sell_put,1.6445,1,1,14.3777,1.6445,0.016445,False
2015-02-01,GOOGL,sell_put,1.7634,1,1,4.6656,1.7634,0.017634,False
2015-02-01,GS,sell_put,1.3775,1,1,10.0806,1.3775,0.013775,False
2015-02-01,HAL,sell_put,1.6445,1,1,7.3769,1.6445,0.016445,False
2015-02-01,HD,sell_put,1.4063,1,1,9.8927,1.4063,0.014063,False
2015-02-01,HON,sell_put,1.5211,1,1,5.1351,1.5211,0.015211,False
2015-02-01,IBM,sell_put,1.5211,1,1,5.6292,1.5211,0.015211,False
2015-02-01,INTC,sell_put,2.1114,1,1,0.6356,2.1114,0.021114,False
2015-02-01,ITW,sell_put,1.5211,1,1,6.1983,1.5211,0.015211,False
2015-02-01,JNJ,sell_put,1.0396,1,1,2.3667,1.0396,0.010396,False
2015-02-01,JPM,sell_put,1.3775,1,1,13.4134,1.3775,0.013775,False
2015-02-01,KO,sell_put,0.999,1,1,5.1737,0.999,0.00999,False
2015-02-01,LLY,sell_put,1.7857,1,1,-2.5417,-0.756,-0.00756,False
2015-02-01,LMT,sell_put,1.6445,1,1,6.2006,1.6445,0.016445,False
2015-02-01,LOW,sell_put,1.4063,1,1,9.7221,1.4063,0.014063,False
2015-02-01,LYB,sell_put,1.6445,1,1,8.6231,1.6445,0.016445,False
2015-02-01,MA,sell_put,1.3493,1,1,10.0864,1.3493,0.013493,False
2015-02-01,MCD,sell_put,0.999,1,1,6.9883,0.999,0.00999,False
2015-02-01,MDLZ,sell_put,1.1301,1,1,4.8241,1.1301,0.011301,False
2015-02-01,MDT,sell_put,1.2442,1,1,8.6694,1.2442,0.012442,False
2015-02-01,MET,sell_put,1.3775,1,1,9.3118,1.3775,0.013775,False
2015-02-01,META,sell_put,2.1946,1,1,4.0311,2.1946,0.021946,False
2015-02-01,MMM,sell_put,1.5211,1,1,3.9125,1.5211,0.015211,False
2015-02-01,MO,sell_put,1.1301,1,1,6.0075,1.1301,0.011301,False
2015-02-01,MRK,sell_put,1.3756,1,1,-2.8865,-1.5109,-0.015109,False
2015-02-01,MS,sell_put,1.3775,1,1,6.1626,1.3775,0.013775,False
2015-02-01,MSFT,sell_put,1.4655,1,1,8.5396,1.4655,0.014655,False
2015-02-01,NEE,sell_put,0.999,1,1,-5.2911,-4.2921,-0.042921,False
2015-02-01,NFLX,sell_put,2.2478,1,1,7.4943,2.2478,0.022478,False
2015-02-01,NKE,sell_put,1.7797,1,1,5.2792,1.7797,0.017797,False
2015-02-01,ORCL,sell_put,1.8254,1,1,4.8912,1.8254,0.018254,False
2015-02-01,PEP,sell_put,1.1301,1,1,5.5449,1.1301,0.011301,False
2015-02-01,PFE,sell_put,1.4219,1,1,9.824,1.4219,0.014219,False
2015-02-01,PG,sell_put,1.062,1,1,1.7148,1.062,0.01062,False
2015-02-01,PM,sell_put,1.1301,1,1,3.3898,1.1301,0.011301,False
2015-02-01,PPL,sell_put,0.999,1,1,-3.9437,-2.9447,-0.029447,False
2015-02-01,PRU,sell_put,1.3775,1,1,6.5498,1.3775,0.013775,False
2015-02-01,QCOM,sell_put,2.1597,1,1,16.0903,2.1597,0.021597,False
2015-02-01,SBUX,sell_put,0.999,1,1,6.8091,0.999,0.00999,False
2015-02-01,SLB,sell_put,1.6445,1,1,2.1483,1.6445,0.016445,False
2015-02-01,SO,sell_put,0.999,1,1,-9.72,-8.721,-0.08721,False
2015-02-01,SPG,sell_put,1.5211,1,1,-4.178,-2.6569,-0.026569,False
2015-02-01,T,sell_put,1.5685,1,1,6.9627,1.5685,0.015685,False
2015-02-01,TGT,sell_put,1.2381,1,1,4.3744,1.2381,0.012381,False
2015-02-01,TMO,sell_put,1.4415,1,1,3.8256,1.4415,0.014415,False
2015-02-01,TXN,sell_put,2.1114,1,1,10.6957,2.1114,0.021114,False
2015-02-01,UNH,sell_put,1.5039,1,1,6.9459,1.5039,0.015039,False
2015-02-01,UNP,sell_put,1.6445,1,1,2.6022,1.6445,0.016445,False
2015-02-01,USB,sell_put,1.3775,1,1,6.4424,1.3775,0.013775,False
2015-02-01,V,sell_put,1.29,1,1,6.4336,1.29,0.0129,False
2015-02-01,VZ,sell_put,1.5685,1,1,9.4619,1.5685,0.015685,False
2015-02-01,WFC,sell_put,1.7617,1,1,5.5278,1.7617,0.017617,False
2015-02-01,WMT,sell_put,1.2381,1,1,-1.2356,0.0025,2.5e-05,False
2015-02-01,XOM,sell_put,1.6445,1,1,1.2811,1.6445,0.016445,False
2015-03-01,AAPL,sell_put,1.8239,1,1,-2.7549,-0.931,-0.00931,False
2015-03-01,ABBV,sell_put,1.6297,1,1,-3.2396,-1.6099,-0.016099,False
2015-03-01,ABT,sell_put,1.426,1,1,-2.1955,-0.7695,-0.007695,False
2015-03-01,ADBE,sell_put,2.2216,1,1,-6.5234,-4.3018,-0.043018,False
2015-03-01,ADP,sell_put,1.7434,1,1,-3.602,-1.8585,-0.018585,False
2015-03-01,AMGN,sell_put,1.6297,1,1,1.8871,1.6297,0.016297,False
2015-03-01,AMT,sell_put,1.7434,1,1,-5.0333,-3.2898,-0.032898,False
2015-03-01,AMZN,sell_put,2.2187,1,1,-2.1202,0.0985,0.000985,False
2015-03-01,AXP,sell_put,1.5465,1,1,-4.253,-2.7064,-0.027064,False
2015-03-01,BA,sell_put,1.7395,1,1,0.1049,1.7395,0.017395,False
2015-03-01,BAC,sell_put,1.8583,1,1,-2.6565,-0.7982,-0.007982,False
2015-03-01,BDX,sell_put,1.426,1,1,-2.1334,-0.7073,-0.007073,False
2015-03-01,BIIB,sell_put,1.6297,1,1,3.0885,1.6297,0.016297,False
2015-03-01,BLK,sell_put,1.5789,1,1,-1.5024,0.0765,0.000765,False
2015-03-01,BMY,sell_put,1.6297,1,1,5.8766,1.6297,0.016297,False
2015-03-01,BRK-B,sell_put,1.0489,1,1,-2.0962,-1.0473,-0.010473,False
2015-03-01,C,sell_put,1.7395,1,1,-1.7169,0.0226,0.000226,False
2015-03-01,CAT,sell_put,1.8849,1,1,-3.462,-1.5771,-0.015771,False
2015-03-01,CL,sell_put,1.2172,1,1,-2.0898,-0.8726,-0.008726,False
2015-03-01,CMCSA,sell_put,1.7978,1,1,-4.9006,-3.1029,-0.031029,False
2015-03-01,COST,sell_put,1.495,1,1,6.7604,1.495,0.01495,False
2015-03-01,CRM,sell_put,2.2578,1,1,-3.7042,-1.4464,-0.014464,False
2015-03-01,CSCO,sell_put,1.7434,1,1,-6.7096,-4.9661,-0.049661,False
2015-03-01,CTSH,sell_put,1.7434,1,1,-0.16,1.5834,0.015834,False
2015-03-01,CVS,sell_put,1.7237,1,1,-0.6354,1.0883,0.010883,False
2015-03-01,CVX,sell_put,1.738,1,1,-0.6267,1.1113,0.011113,False
2015-03-01,DD,sell_put,1.7434,1,1,-2.5589,-0.8155,-0.008155,False
2015-03-01,DHR,sell_put,1.426,1,1,-2.7268,-1.3008,-0.013008,False
2015-03-01,DIS,sell_put,1.8946,1,1,0.7783,1.8946,0.018946,False
2015-03-01,ELV,sell_put,1.7237,1,1,5.4353,1.7237,0.017237,False
2015-03-01,EOG,sell_put,1.8849,1,1,2.1957,1.8849,0.018849,False
2015-03-01,F,sell_put,1.8849,1,1,-1.224,0.6609,0.006609,False
2015-03-01,FDX,sell_put,1.7434,1,1,-6.5149,-4.7714,-0.047714,False
2015-03-01,GE,sell_put,1.8849,1,1,-3.6627,-1.7779,-0.017779,False
2015-03-01,GILD,skip,0.0,0,0,-5.2159,0.0,0.0,False
2015-03-01,GIS,sell_put,1.2953,1,1,5.224,1.2953,0.012953,False
2015-03-01,GM,sell_put,1.8849,1,1,0.5092,1.8849,0.018849,False
2015-03-01,GOOGL,sell_put,2.0212,1,1,-1.4095,0.6117,0.006117,False
2015-03-01,GS,sell_put,1.5789,1,1,-0.648,0.9309,0.009309,False
2015-03-01,HAL,sell_put,1.8849,1,1,2.1891,1.8849,0.018849,False
2015-03-01,HD,sell_put,1.6119,1,1,-0.9934,0.6184,0.006184,False
2015-03-01,HON,sell_put,1.7434,1,1,1.9947,1.7434,0.017434,False
2015-03-01,IBM,sell_put,1.7434,1,1,-0.194,1.5494,0.015494,False
2015-03-01,INTC,sell_put,2.42,1,1,-5.2803,-2.8603,-0.028603,False
2015-03-01,ITW,sell_put,1.7434,1,1,-1.7398,0.0036,3.6e-05,False
2015-03-01,JNJ,sell_put,1.1916,1,1,-1.1763,0.0153,0.000153,False
2015-03-01,JPM,sell_put,1.5789,1,1,-1.1423,0.4366,0.004366,False
2015-03-01,KO,sell_put,1.145,1,1,-6.351,-5.206,-0.05206,False
2015-03-01,LLY,skip,0.0,0,0,4.2738,0.0,0.0,False
2015-03-01,LMT,sell_put,1.8849,1,1,2.203,1.8849,0.018849,False
2015-03-01,LOW,sell_put,1.6119,1,1,0.4049,1.6119,0.016119,False
2015-03-01,LYB,sell_put,1.8849,1,1,3.0048,1.8849,0.018849,False
2015-03-01,MA,sell_put,1.5465,1,1,-4.1495,-2.603,-0.02603,False
2015-03-01,MCD,sell_put,1.145,1,1,-0.6201,0.5249,0.005249,False
2015-03-01,MDLZ,sell_put,1.2953,1,1,-2.301,-1.0057,-0.010057,False
2015-03-01,MDT,sell_put,1.426,1,1,0.5155,1.426,0.01426,False
2015-03-01,MET,sell_put,1.5789,1,1,0.163,1.5789,0.015789,False
2015-03-01,META,sell_put,2.5154,1,1,4.1155,2.5154,0.025154,False
2015-03-01,MMM,sell_put,1.7434,1,1,-1.5856,0.1579,0.001579,False
2015-03-01,MO,sell_put,1.2953,1,1,-11.1387,-9.8434,-0.098434,False
2015-03-01,MRK,skip,0.0,0,0,-1.8107,0.0,0.0,False
2015-03-01,MS,sell_put,1.5789,1,1,-0.2794,1.2995,0.012995,False
2015-03-01,MSFT,sell_put,1.6797,1,1,-6.6149,-4.9352,-0.049352,False
2015-03-01,NEE,skip,0.0,0,0,1.3056,0.0,0.0,False
2015-03-01,NFLX,sell_put,2.5764,1,1,-12.2592,-9.6828,-0.096828,False
2015-03-01,NKE,sell_put,2.0399,1,1,3.6048,2.0399,0.020399,False
2015-03-01,ORCL,sell_put,2.0923,1,1,-1.5289,0.5633,0.005633,False
2015-03-01,PEP,sell_put,1.2953,1,1,-3.3946,-2.0993,-0.020993,False
2015-03-01,PFE,sell_put,1.6297,1,1,2.2637,1.6297,0.016297,False
2015-03-01,PG,sell_put,1.2172,1,1,-3.7472,-2.5299,-0.025299,False
2015-03-01,PM,sell_put,1.2953,1,1,-9.1972,-7.9019,-0.079019,False
2015-03-01,PPL,skip,0.0,0,0,-1.2903,0.0,0.0,False
2015-03-01,PRU,sell_put,1.5789,1,1,0.0548,1.5789,0.015789,False
2015-03-01,QCOM,sell_put,2.4754,1,1,-4.3718,-1.8964,-0.018964,False
2015-03-01,SBUX,sell_put,1.145,1,1,1.664,1.145,0.01145,False
2015-03-01,SLB,sell_put,1.8849,1,1,-0.2768,1.6081,0.016081,False
2015-03-01,SO,skip,0.0,0,0,-2.2272,0.0,0.0,False
2015-03-01,SPG,skip,0.0,0,0,3.5179,0.0,0.0,False
2015-03-01,T,sell_put,1.7978,1,1,-5.5266,-3.7288,-0.037288,False
2015-03-01,TGT,sell_put,1.4191,1,1,7.5478,1.4191,0.014191,False
2015-03-01,TMO,sell_put,1.6522,1,1,3.3385,1.6522,0.016522,False
2015-03-01,TXN,sell_put,2.42,1,1,-2.7381,-0.3181,-0.003181,False
2015-03-01,UNH,sell_put,1.7237,1,1,4.1011,1.7237,0.017237,False
2015-03-01,UNP,sell_put,1.8849,1,1,-9.5312,-7.6464,-0.076464,False
2015-03-01,USB,sell_put,1.5789,1,1,-2.1072,-0.5283,-0.005283,False
2015-03-01,V,sell_put,1.4786,1,1,-3.3888,-1.9102,-0.019102,False
2015-03-01,VZ,sell_put,1.7978,1,1,-1.6582,0.1395,0.001395,False
2015-03-01,WFC,sell_put,2.0192,1,1,-0.0574,1.9618,0.019618,False
2015-03-01,WMT,skip,0.0,0,0,-2.0017,0.0,0.0,False
2015-03-01,XOM,sell_put,1.8849,1,1,-3.2755,-1.3907,-0.013907,False
2015-04-01,AAPL,skip,0.0,0,0,0.5786,0.0,0.0,True
2015-04-01,ABBV,skip,0.0,0,0,10.4544,0.0,0.0,True
2015-04-01,ABT,skip,0.0,0,0,0.1943,0.0,0.0,True
2015-04-01,ADBE,skip,0.0,0,0,2.8672,0.0,0.0,True
2015-04-01,ADP,skip,0.0,0,0,-0.7131,0.0,0.0,True
2015-04-01,AMGN,sell_put,1.5508,4,4,-1.2136,0.3372,0.013488,True
2015-04-01,AMT,skip,0.0,0,0,0.4036,0.0,0.0,True
2015-04-01,AMZN,skip,0.0,0,0,13.3513,0.0,0.0,True
2015-04-01,AXP,skip,0.0,0,0,-0.5263,0.0,0.0,True
2015-04-01,BA,sell_put,1.6553,4,4,-4.491,-2.8357,-0.113428,True
2015-04-01,BAC,skip,0.0,0,0,3.8324,0.0,0.0,True
2015-04-01,BDX,skip,0.0,0,0,-1.4989,0.0,0.0,True
2015-04-01,BIIB,sell_put,1.5508,4,4,-11.4414,-9.8905,-0.39562,True
2015-04-01,BLK,skip,0.0,0,0,0.0644,0.0,0.0,True
2015-04-01,BMY,sell_put,1.5508,4,4,-1.1938,0.357,0.01428,True
2015-04-01,BRK-B,skip,0.0,0,0,-2.1549,0.0,0.0,True
2015-04-01,C,skip,0.0,0,0,3.4938,0.0,0.0,True
2015-04-01,CAT,skip,0.0,0,0,8.5593,0.0,0.0,True
2015-04-01,CL,skip,0.0,0,0,-2.9709,0.0,0.0,True
2015-04-01,CMCSA,skip,0.0,0,0,2.7436,0.0,0.0,True
2015-04-01,COST,sell_put,1.4227,4,4,-5.5775,-4.1549,-0.166196,True
2015-04-01,CRM,skip,0.0,0,0,8.9957,0.0,0.0,True
2015-04-01,CSCO,skip,0.0,0,0,5.5235,0.0,0.0,True
2015-04-01,CTSH,skip,0.0,0,0,-6.1709,0.0,0.0,True
2015-04-01,CVS,skip,0.0,0,0,-3.7981,0.0,0.0,True
2015-04-01,CVX,skip,0.0,0,0,5.7916,0.0,0.0,True
2015-04-01,DD,skip,0.0,0,0,7.2556,0.0,0.0,True
2015-04-01,DHR,skip,0.0,0,0,-3.4054,0.0,0.0,True
2015-04-01,DIS,sell_put,1.8029,4,4,3.6514,1.8029,0.072116,True
2015-04-01,ELV,sell_put,1.6403,4,4,-1.8359,-0.1956,-0.007824,True
2015-04-01,EOG,sell_put,1.7937,4,4,7.918,1.7937,0.071748,True
2015-04-01,F,skip,0.0,0,0,-2.1066,0.0,0.0,True
2015-04-01,FDX,skip,0.0,0,0,2.6087,0.0,0.0,True
2015-04-01,GE,skip,0.0,0,0,9.1496,0.0,0.0,True
2015-04-01,GILD,skip,0.0,0,0,2.4253,0.0,0.0,True
2015-04-01,GIS,sell_put,1.2326,4,4,-2.2262,-0.9936,-0.039744,True
2015-04-01,GM,sell_put,1.7937,4,4,-5.739,-3.9454,-0.157816,True
2015-04-01,GOOGL,skip,0.0,0,0,-1.069,0.0,0.0,True
2015-04-01,GS,skip,0.0,0,0,4.4954,0.0,0.0,True
2015-04-01,HAL,sell_put,1.7937,4,4,12.0238,1.7937,0.071748,True
2015-04-01,HD,skip,0.0,0,0,-5.3512,0.0,0.0,True
2015-04-01,HON,sell_put,1.6591,4,4,-3.2499,-1.5908,-0.063632,True
2015-04-01,IBM,skip,0.0,0,0,6.7228,0.0,0.0,True
2015-04-01,INTC,skip,0.0,0,0,4.0934,0.0,0.0,True
2015-04-01,ITW,skip,0.0,0,0,-3.1783,0.0,0.0,True
2015-04-01,JNJ,skip,0.0,0,0,-1.3917,0.0,0.0,True
2015-04-01,JPM,skip,0.0,0,0,4.4239,0.0,0.0,True
2015-04-01,KO,skip,0.0,0,0,0.8546,0.0,0.0,True
2015-04-01,LLY,sell_put,1.9476,4,4,-1.0737,0.874,0.03496,True
2015-04-01,LMT,sell_put,1.7937,4,4,-8.0607,-6.2671,-0.250684,True
2015-04-01,LOW,sell_put,1.5339,4,4,-7.4338,-5.8999,-0.235996,True
2015-04-01,LYB,sell_put,1.7937,4,4,17.9043,1.7937,0.071748,True
2015-04-01,MA,skip,0.0,0,0,4.4218,0.0,0.0,True
2015-04-01,MCD,skip,0.0,0,0,-0.9134,0.0,0.0,True
2015-04-01,MDLZ,skip,0.0,0,0,6.7741,0.0,0.0,True
2015-04-01,MDT,sell_put,1.357,4,4,-4.1623,-2.8053,-0.112212,True
2015-04-01,MET,sell_put,1.5025,4,4,1.4639,1.5025,0.0601,True
2015-04-01,META,sell_put,2.3937,4,4,-4.196,-1.8023,-0.072092,True
2015-04-01,MMM,skip,0.0,0,0,-5.1894,0.0,0.0,True
2015-04-01,MO,skip,0.0,0,0,1.0664,0.0,0.0,True
2015-04-01,MRK,skip,0.0,0,0,4.4571,0.0,0.0,True
2015-04-01,MS,skip,0.0,0,0,4.5391,0.0,0.0,True
2015-04-01,MSFT,skip,0.0,0,0,19.6262,0.0,0.0,True
2015-04-01,NEE,sell_put,1.0896,4,4,-2.9986,-1.909,-0.07636,True
2015-04-01,NFLX,skip,0.0,0,0,33.5525,0.0,0.0,True
2015-04-01,NKE,sell_put,1.9412,4,4,-1.4851,0.4561,0.018244,True
2015-04-01,ORCL,skip,0.0,0,0,1.0892,0.0,0.0,True
2015-04-01,PEP,skip,0.0,0,0,0.1437,0.0,0.0,True
2015-04-01,PFE,sell_put,1.5508,4,4,-2.472,-0.9212,-0.036848,True
2015-04-01,PG,skip,0.0,0,0,-2.9656,0.0,0.0,True
2015-04-01,PM,skip,0.0,0,0,12.2109,0.0,0.0,True
2015-04-01,PPL,skip,0.0,0,0,2.2407,0.0,0.0,True
2015-04-01,PRU,sell_put,1.5025,4,4,1.6063,1.5025,0.0601,True
2015-04-01,QCOM,skip,0.0,0,0,-1.3611,0.0,0.0,True
2015-04-01,SBUX,sell_put,1.0896,4,4,4.7096,1.0896,0.043584,True
2015-04-01,SLB,skip,0.0,0,0,13.3868,0.0,0.0,True
2015-04-01,SO,skip,0.0,0,0,0.0452,0.0,0.0,True
2015-04-01,SPG,sell_put,1.6591,4,4,-7.2327,-5.5736,-0.222944,True
2015-04-01,T,skip,0.0,0,0,6.0949,0.0,0.0,True
2015-04-01,TGT,sell_put,1.3504,4,4,-3.9478,-2.5974,-0.103896,True
2015-04-01,TMO,sell_put,1.5723,4,4,-6.3365,-4.7643,-0.190572,True
2015-04-01,TXN,skip,0.0,0,0,-5.2107,0.0,0.0,True
2015-04-01,UNH,sell_put,1.6403,4,4,-5.5096,-3.8693,-0.154772,True
2015-04-01,UNP,skip,0.0,0,0,-1.9204,0.0,0.0,True
2015-04-01,USB,skip,0.0,0,0,-1.2726,0.0,0.0,True
2015-04-01,V,skip,0.0,0,0,0.9784,0.0,0.0,True
2015-04-01,VZ,skip,0.0,0,0,3.722,0.0,0.0,True
2015-04-01,WFC,skip,0.0,0,0,1.2868,0.0,0.0,True
2015-04-01,WMT,skip,0.0,0,0,-4.5364,0.0,0.0,True
2015-04-01,XOM,skip,0.0,0,0,2.7882,0.0,0.0,True
2015-05-01,AAPL,sell_put,1.6509,8,8,4.0991,1.6509,0.132072,True
2015-05-01,ABBV,sell_put,1.4752,8,8,3.839,1.4752,0.118016,True
2015-05-01,ABT,sell_put,1.2908,8,8,5.2319,1.2908,0.103264,True
2015-05-01,ADBE,sell_put,2.0109,8,8,3.9837,2.0109,0.160872,True
2015-05-01,ADP,skip,0.0,0,0,1.1474,0.0,0.0,True
2015-05-01,AMGN,skip,0.0,0,0,-1.0449,0.0,0.0,True
2015-05-01,AMT,sell_put,1.5781,8,8,-1.4132,0.1649,0.013192,True
2015-05-01,AMZN,sell_put,2.0083,8,8,1.7663,2.0083,0.160664,True
2015-05-01,AXP,skip,0.0,0,0,2.9309,0.0,0.0,True
2015-05-01,BA,skip,0.0,0,0,-1.9673,0.0,0.0,True
2015-05-01,BAC,sell_put,1.6821,8,8,3.5781,1.6821,0.134568,True
2015-05-01,BDX,skip,0.0,0,0,-0.2556,0.0,0.0,True
2015-05-01,BIIB,skip,0.0,0,0,6.1669,0.0,0.0,True
2015-05-01,BLK,sell_put,1.4292,8,8,0.5056,1.4292,0.114336,True
2015-05-01,BMY,skip,0.0,0,0,1.95,0.0,0.0,True
2015-05-01,BRK-B,skip,0.0,0,0,1.2676,0.0,0.0,True
2015-05-01,C,sell_put,1.5745,8,8,1.4254,1.5745,0.12596,True
2015-05-01,CAT,sell_put,1.7061,8,8,-0.9817,0.7245,0.05796,True
2015-05-01,CL,skip,0.0,0,0,-0.1742,0.0,0.0,True
2015-05-01,CMCSA,sell_put,1.6273,8,8,1.2119,1.6273,0.130184,True
2015-05-01,COST,skip,0.0,0,0,-0.0489,0.0,0.0,True
2015-05-01,CRM,sell_put,2.0437,8,8,-0.0961,1.9475,0.1558,True
2015-05-01,CSCO,sell_put,1.5781,8,8,1.6649,1.5781,0.126248,True
2015-05-01,CTSH,skip,0.0,0,0,10.5569,0.0,0.0,True
2015-05-01,CVS,skip,0.0,0,0,3.4692,0.0,0.0,True
2015-05-01,CVX,sell_put,1.5732,8,8,-7.2573,-5.6841,-0.454728,True
2015-05-01,DD,sell_put,1.5781,8,8,2.0981,1.5781,0.126248,True
2015-05-01,DHR,skip,0.0,0,0,5.4226,0.0,0.0,True
2015-05-01,DIS,sell_put,1.7149,8,8,1.5177,1.7149,0.137192,True
2015-05-01,ELV,skip,0.0,0,0,11.2104,0.0,0.0,True
2015-05-01,EOG,sell_put,1.7061,8,8,-10.2096,-8.5035,-0.68028,True
2015-05-01,F,skip,0.0,0,0,-3.0822,0.0,0.0,True
2015-05-01,FDX,sell_put,1.5781,8,8,2.1525,1.5781,0.126248,True
2015-05-01,GE,sell_put,1.7061,8,8,0.7016,1.7061,0.136488,True
2015-05-01,GILD,sell_put,1.4752,8,8,11.7004,1.4752,0.118016,True
2015-05-01,GIS,skip,0.0,0,0,2.266,0.0,0.0,True
2015-05-01,GM,skip,0.0,0,0,2.5955,0.0,0.0,True
2015-05-01,GOOGL,skip,0.0,0,0,-0.6287,0.0,0.0,True
2015-05-01,GS,sell_put,1.4292,8,8,4.9741,1.4292,0.114336,True
2015-05-01,HAL,sell_put,1.7061,8,8,-7.2523,-5.5462,-0.443696,True
2015-05-01,HD,skip,0.0,0,0,4.1503,0.0,0.0,True
2015-05-01,HON,skip,0.0,0,0,3.2501,0.0,0.0,True
2015-05-01,IBM,sell_put,1.5781,8,8,-0.9575,0.6207,0.049656,True
2015-05-01,INTC,sell_put,2.1905,8,8,5.8679,2.1905,0.17524,True
2015-05-01,ITW,skip,0.0,0,0,0.2671,0.0,0.0,True
2015-05-01,JNJ,skip,0.0,0,0,0.9476,0.0,0.0,True
2015-05-01,JPM,sell_put,1.4292,8,8,4.6747,1.4292,0.114336,True
2015-05-01,KO,sell_put,1.0364,8,8,0.9862,1.0364,0.082912,True
2015-05-01,LLY,skip,0.0,0,0,9.7815,0.0,0.0,True
2015-05-01,LMT,skip,0.0,0,0,0.8574,0.0,0.0,True
2015-05-01,LOW,skip,0.0,0,0,1.9497,0.0,0.0,True
2015-05-01,LYB,sell_put,1.7061,8,8,-2.3377,-0.6316,-0.050528,True
2015-05-01,MA,sell_put,1.3999,8,8,2.4602,1.3999,0.111992,True
2015-05-01,MCD,skip,0.0,0,0,-0.6421,0.0,0.0,True
2015-05-01,MDLZ,sell_put,1.1725,8,8,8.392,1.1725,0.0938,True
2015-05-01,MDT,skip,0.0,0,0,2.5117,0.0,0.0,True
2015-05-01,MET,sell_put,1.4292,8,8,1.8912,1.4292,0.114336,True
2015-05-01,META,skip,0.0,0,0,0.5332,0.0,0.0,True
2015-05-01,MMM,skip,0.0,0,0,1.72,0.0,0.0,True
2015-05-01,MO,sell_put,1.1725,8,8,2.2977,1.1725,0.0938,True
2015-05-01,MRK,sell_put,1.4271,8,8,2.2331,1.4271,0.114168,True
2015-05-01,MS,sell_put,1.4292,8,8,2.8016,1.4292,0.114336,True
2015-05-01,MSFT,sell_put,1.5204,8,8,-3.6595,-2.1391,-0.171128,True
2015-05-01,NEE,skip,0.0,0,0,1.397,0.0,0.0,True
2015-05-01,NFLX,sell_put,2.332,8,8,12.1402,2.332,0.18656,True
2015-05-01,NKE,skip,0.0,0,0,2.8633,0.0,0.0,True
2015-05-01,ORCL,sell_put,1.8938,8,8,0.0515,1.8938,0.151504,True
2015-05-01,PEP,sell_put,1.1725,8,8,1.3772,1.1725,0.0938,True
2015-05-01,PFE,skip,0.0,0,0,2.4167,0.0,0.0,True
2015-05-01,PG,skip,0.0,0,0,-0.6156,0.0,0.0,True
2015-05-01,PM,sell_put,1.1725,8,8,-0.4792,0.6932,0.055456,True
2015-05-01,PPL,sell_put,1.0364,8,8,1.9982,1.0364,0.082912,True
2015-05-01,PRU,sell_put,1.4292,8,8,3.6888,1.4292,0.114336,True
2015-05-01,QCOM,skip,0.0,0,0,2.4706,0.0,0.0,True
2015-05-01,SBUX,sell_put,1.0364,8,8,4.8003,1.0364,0.082912,True
2015-05-01,SLB,sell_put,1.7061,8,8,-4.0588,-2.3526,-0.188208,True
2015-05-01,SO,sell_put,1.0364,8,8,-1.377,-0.3406,-0.027248,True
2015-05-01,SPG,skip,0.0,0,0,-0.0496,0.0,0.0,True
2015-05-01,T,sell_put,1.6273,8,8,1.6183,1.6273,0.130184,True
2015-05-01,TGT,skip,0.0,0,0,0.6216,0.0,0.0,True
2015-05-01,TMO,skip,0.0,0,0,3.1429,0.0,0.0,True
2015-05-01,TXN,skip,0.0,0,0,3.7895,0.0,0.0,True
2015-05-01,UNH,skip,0.0,0,0,7.9084,0.0,0.0,True
2015-05-01,UNP,skip,0.0,0,0,-5.008,0.0,0.0,True
2015-05-01,USB,skip,0.0,0,0,0.5598,0.0,0.0,True
2015-05-01,V,sell_put,1.3384,8,8,3.9818,1.3384,0.107072,True
2015-05-01,VZ,sell_put,1.6273,8,8,-0.8761,0.7512,0.060096,True
2015-05-01,WFC,sell_put,1.8277,8,8,1.5608,1.8277,0.146216,True
2015-05-01,WMT,skip,0.0,0,0,-4.8431,0.0,0.0,True
2015-05-01,XOM,sell_put,1.7061,8,8,-2.4837,-0.7775,-0.0622,True
2015-06-01,AAPL,sell_put,2.1746,1,1,-3.3206,-1.146,-0.01146,False
2015-06-01,ABBV,sell_put,1.9431,1,1,0.901,1.9431,0.019431,False
2015-06-01,ABT,sell_put,1.7002,1,1,0.9877,1.7002,0.017002,False
2015-06-01,ADBE,sell_put,2.6488,1,1,2.4276,2.6488,0.026488,False
2015-06-01,ADP,sell_put,2.0787,1,1,-6.1748,-4.0961,-0.040961,False
2015-06-01,AMGN,skip,0.0,0,0,-1.2691,0.0,0.0,False
2015-06-01,AMT,skip,0.0,0,0,0.5388,0.0,0.0,False
2015-06-01,AMZN,sell_put,2.6453,1,1,1.1323,2.6453,0.026453,False
2015-06-01,AXP,sell_put,1.8439,1,1,-2.5088,-0.6649,-0.006649,False
2015-06-01,BA,skip,0.0,0,0,-0.6483,0.0,0.0,False
2015-06-01,BAC,sell_put,2.2157,1,1,3.1515,2.2157,0.022157,False
2015-06-01,BDX,skip,0.0,0,0,0.8113,0.0,0.0,False
2015-06-01,BIIB,sell_put,1.9431,1,1,1.7507,1.9431,0.019431,False
2015-06-01,BLK,sell_put,1.8825,1,1,-5.4131,-3.5306,-0.035306,False
2015-06-01,BMY,sell_put,1.9431,1,1,3.0031,1.9431,0.019431,False
2015-06-01,BRK-B,sell_put,1.2506,1,1,-4.8182,-3.5676,-0.035676,False
2015-06-01,C,sell_put,2.0739,1,1,2.2417,2.0739,0.020739,False
2015-06-01,CAT,skip,0.0,0,0,-0.586,0.0,0.0,False
2015-06-01,CL,skip,0.0,0,0,-2.0661,0.0,0.0,False
2015-06-01,CMCSA,sell_put,2.1435,1,1,2.8738,2.1435,0.021435,False
2015-06-01,COST,skip,0.0,0,0,-5.2809,0.0,0.0,False
2015-06-01,CRM,skip,0.0,0,0,-4.2887,0.0,0.0,False
2015-06-01,CSCO,sell_put,2.0787,1,1,-6.3118,-4.2331,-0.042331,False
2015-06-01,CTSH,sell_put,2.0787,1,1,-5.6088,-3.5301,-0.035301,False
2015-06-01,CVS,sell_put,2.0552,1,1,2.4418,2.0552,0.020552,False
2015-06-01,CVX,skip,0.0,0,0,-5.4065,0.0,0.0,False
2015-06-01,DD,sell_put,2.0787,1,1,-1.7284,0.3502,0.003502,False
2015-06-01,DHR,sell_put,1.7002,1,1,-0.8457,0.8545,0.008545,False
2015-06-01,DIS,sell_put,2.2589,1,1,3.4158,2.2589,0.022589,False
2015-06-01,ELV,sell_put,2.0552,1,1,-2.2104,-0.1552,-0.001552,False
2015-06-01,EOG,skip,0.0,0,0,-1.2853,0.0,0.0,False
2015-06-01,F,skip,0.0,0,0,-1.0547,0.0,0.0,False
2015-06-01,FDX,sell_put,2.0787,1,1,-1.628,0.4507,0.004507,False
2015-06-01,GE,sell_put,2.2473,1,1,-2.5669,-0.3196,-0.003196,False
2015-06-01,GILD,sell_put,1.9431,1,1,4.2843,1.9431,0.019431,False
2015-06-01,GIS,sell_put,1.5444,1,1,-0.7658,0.7786,0.007786,False
2015-06-01,GM,sell_put,2.2473,1,1,-7.3395,-5.0922,-0.050922,False
2015-06-01,GOOGL,skip,0.0,0,0,-0.9682,0.0,0.0,False
2015-06-01,GS,sell_put,1.8825,1,1,1.5767,1.8825,0.018825,False
2015-06-01,HAL,skip,0.0,0,0,-5.1322,0.0,0.0,False
2015-06-01,HD,sell_put,1.9218,1,1,-0.2603,1.6615,0.016615,False
2015-06-01,HON,sell_put,2.0787,1,1,-1.663,0.4156,0.004156,False
2015-06-01,IBM,skip,0.0,0,0,-3.3946,0.0,0.0,False
2015-06-01,INTC,sell_put,2.8853,1,1,-11.0854,-8.2001,-0.082001,False
2015-06-01,ITW,sell_put,2.0787,1,1,-2.1741,-0.0955,-0.000955,False
2015-06-01,JNJ,sell_put,1.4207,1,1,-1.9665,-0.5459,-0.005459,False
2015-06-01,JPM,sell_put,1.8825,1,1,3.01,1.8825,0.018825,False
2015-06-01,KO,sell_put,1.3652,1,1,-4.2236,-2.8585,-0.028585,False
2015-06-01,LLY,sell_put,2.4402,1,1,6.5493,2.4402,0.024402,False
2015-06-01,LMT,sell_put,2.2473,1,1,-0.4416,1.8057,0.018057,False
2015-06-01,LOW,sell_put,1.9218,1,1,-4.3013,-2.3795,-0.023795,False
2015-06-01,LYB,skip,0.0,0,0,2.3937,0.0,0.0,False
2015-06-01,MA,sell_put,1.8439,1,1,1.3224,1.8439,0.018439,False
2015-06-01,MCD,skip,0.0,0,0,-0.0352,0.0,0.0,False
2015-06-01,MDLZ,sell_put,1.5444,1,1,-1.082,0.4624,0.004624,False
2015-06-01,MDT,sell_put,1.7002,1,1,-2.9088,-1.2086,-0.012086,False
2015-06-01,MET,sell_put,1.8825,1,1,7.919,1.8825,0.018825,False
2015-06-01,META,sell_put,2.9991,1,1,8.3091,2.9991,0.029991,False
2015-06-01,MMM,sell_put,2.0787,1,1,-2.3914,-0.3127,-0.003127,False
2015-06-01,MO,sell_put,1.5444,1,1,-4.4727,-2.9283,-0.029283,False
2015-06-01,MRK,sell_put,1.8798,1,1,-6.5036,-4.6238,-0.046238,False
2015-06-01,MS,sell_put,1.8825,1,1,1.5445,1.8825,0.018825,False
2015-06-01,MSFT,skip,0.0,0,0,-5.1709,0.0,0.0,False
2015-06-01,NEE,sell_put,1.3652,1,1,-3.4758,-2.1106,-0.021106,False
2015-06-01,NFLX,sell_put,3.0717,1,1,5.2687,3.0717,0.030717,False
2015-06-01,NKE,sell_put,2.4321,1,1,6.5357,2.4321,0.024321,False
2015-06-01,ORCL,sell_put,2.4946,1,1,-7.335,-4.8405,-0.048405,False
2015-06-01,PEP,sell_put,1.5444,1,1,-3.2044,-1.66,-0.0166,False
2015-06-01,PFE,sell_put,1.9431,1,1,-2.7124,-0.7693,-0.007693,False
2015-06-01,PG,skip,0.0,0,0,-0.1914,0.0,0.0,False
2015-06-01,PM,skip,0.0,0,0,-3.491,0.0,0.0,False
2015-06-01,PPL,sell_put,1.3652,1,1,-8.8431,-7.478,-0.07478,False
2015-06-01,PRU,sell_put,1.8825,1,1,4.1446,1.8825,0.018825,False
2015-06-01,QCOM,sell_put,2.9514,1,1,-10.1177,-7.1663,-0.071663,False
2015-06-01,SBUX,sell_put,1.3652,1,1,3.5231,1.3652,0.013652,False
2015-06-01,SLB,skip,0.0,0,0,-5.0457,0.0,0.0,False
2015-06-01,SO,skip,0.0,0,0,-2.8814,0.0,0.0,False
2015-06-01,SPG,skip,0.0,0,0,-3.8375,0.0,0.0,False
2015-06-01,T,sell_put,2.1435,1,1,2.8373,2.1435,0.021435,False
2015-06-01,TGT,sell_put,1.6919,1,1,3.5982,1.6919,0.016919,False
2015-06-01,TMO,sell_put,1.9699,1,1,0.1003,1.9699,0.019699,False
2015-06-01,TXN,sell_put,2.8853,1,1,-7.8863,-5.0009,-0.050009,False
2015-06-01,UNH,sell_put,2.0552,1,1,1.4891,2.0552,0.020552,False
2015-06-01,UNP,skip,0.0,0,0,-4.9821,0.0,0.0,False
2015-06-01,USB,sell_put,1.8825,1,1,0.6727,1.8825,0.018825,False
2015-06-01,V,sell_put,1.7629,1,1,-2.0567,-0.2938,-0.002938,False
2015-06-01,VZ,skip,0.0,0,0,-5.7241,0.0,0.0,False
2015-06-01,WFC,sell_put,2.4074,1,1,1.1813,2.4074,0.024074,False
2015-06-01,WMT,skip,0.0,0,0,-3.8943,0.0,0.0,False
2015-06-01,XOM,skip,0.0,0,0,-1.5398,0.0,0.0,False
2015-07-01,AAPL,skip,0.0,0,0,-3.2927,0.0,0.0,True
2015-07-01,ABBV,sell_put,1.2918,2,2,4.1971,1.2918,0.025836,True
2015-07-01,ABT,sell_put,1.1304,2,2,3.2804,1.1304,0.022608,True
2015-07-01,ADBE,sell_put,1.761,2,2,1.2097,1.761,0.03522,True
2015-07-01,ADP,skip,0.0,0,0,0.016,0.0,0.0,True
2015-07-01,AMGN,skip,0.0,0,0,15.0273,0.0,0.0,True
2015-07-01,AMT,sell_put,1.382,2,2,2.4345,1.382,0.02764,True
2015-07-01,AMZN,sell_put,1.7587,2,2,23.5113,1.7587,0.035174,True
2015-07-01,AXP,skip,0.0,0,0,-1.7697,0.0,0.0,True
2015-07-01,BA,skip,0.0,0,0,3.9288,0.0,0.0,True
2015-07-01,BAC,sell_put,1.4731,2,2,5.368,1.4731,0.029462,True
2015-07-01,BDX,sell_put,1.1304,2,2,7.8743,1.1304,0.022608,True
2015-07-01,BIIB,sell_put,1.2918,2,2,-21.0823,-19.7905,-0.39581,True
2015-07-01,BLK,skip,0.0,0,0,-2.1962,0.0,0.0,True
2015-07-01,BMY,sell_put,1.2918,2,2,-1.3526,-0.0607,-0.001214,True
2015-07-01,BRK-B,skip,0.0,0,0,4.8711,0.0,0.0,True
2015-07-01,C,sell_put,1.3788,2,2,5.8291,1.3788,0.027576,True
2015-07-01,CAT,skip,0.0,0,0,-7.2978,0.0,0.0,True
2015-07-01,CL,skip,0.0,0,0,3.9902,0.0,0.0,True
2015-07-01,CMCSA,sell_put,1.425,2,2,4.1997,1.425,0.0285,True
2015-07-01,COST,skip,0.0,0,0,7.5819,0.0,0.0,True
2015-07-01,CRM,skip,0.0,0,0,5.2707,0.0,0.0,True
2015-07-01,CSCO,skip,0.0,0,0,3.496,0.0,0.0,True
2015-07-01,CTSH,skip,0.0,0,0,3.2902,0.0,0.0,True
2015-07-01,CVS,sell_put,1.3664,2,2,7.2369,1.3664,0.027328,True
2015-07-01,CVX,skip,0.0,0,0,-8.2824,0.0,0.0,True
2015-07-01,DD,skip,0.0,0,0,-7.3005,0.0,0.0,True
2015-07-01,DHR,skip,0.0,0,0,7.1438,0.0,0.0,True
2015-07-01,DIS,sell_put,1.5018,2,2,5.1341,1.5018,0.030036,True
2015-07-01,ELV,skip,0.0,0,0,-5.651,0.0,0.0,True
2015-07-01,EOG,skip,0.0,0,0,-11.8333,0.0,0.0,True
2015-07-01,F,skip,0.0,0,0,-1.1992,0.0,0.0,True
2015-07-01,FDX,skip,0.0,0,0,0.7365,0.0,0.0,True
2015-07-01,GE,skip,0.0,0,0,-0.9334,0.0,0.0,True
2015-07-01,GILD,sell_put,1.2918,2,2,1.0309,1.2918,0.025836,True
2015-07-01,GIS,skip,0.0,0,0,4.4688,0.0,0.0,True
2015-07-01,GM,skip,0.0,0,0,-4.4814,0.0,0.0,True
2015-07-01,GOOGL,skip,0.0,0,0,21.7502,0.0,0.0,True
2015-07-01,GS,sell_put,1.2515,2,2,-1.7816,-0.5301,-0.010602,True
2015-07-01,HAL,skip,0.0,0,0,-2.5857,0.0,0.0,True
2015-07-01,HD,skip,0.0,0,0,5.8685,0.0,0.0,True
2015-07-01,HON,skip,0.0,0,0,3.0205,0.0,0.0,True
2015-07-01,IBM,skip,0.0,0,0,-0.4119,0.0,0.0,True
2015-07-01,INTC,skip,0.0,0,0,-4.8324,0.0,0.0,True
2015-07-01,ITW,skip,0.0,0,0,-2.016,0.0,0.0,True
2015-07-01,JNJ,skip,0.0,0,0,2.8217,0.0,0.0,True
2015-07-01,JPM,sell_put,1.2515,2,2,1.1364,1.2515,0.02503,True
2015-07-01,KO,skip,0.0,0,0,5.5797,0.0,0.0,True
2015-07-01,LLY,sell_put,1.6224,2,2,1.2217,1.6224,0.032448,True
2015-07-01,LMT,skip,0.0,0,0,11.404,0.0,0.0,True
2015-07-01,LOW,skip,0.0,0,0,3.5688,0.0,0.0,True
2015-07-01,LYB,sell_put,1.4941,2,2,-9.3605,-7.8664,-0.157328,True
2015-07-01,MA,sell_put,1.2259,2,2,4.1934,1.2259,0.024518,True
2015-07-01,MCD,skip,0.0,0,0,5.0384,0.0,0.0,True
2015-07-01,MDLZ,skip,0.0,0,0,10.1006,0.0,0.0,True
2015-07-01,MDT,skip,0.0,0,0,6.3263,0.0,0.0,True
2015-07-01,MET,sell_put,1.2515,2,2,-0.4465,0.805,0.0161,True
2015-07-01,META,sell_put,1.9939,2,2,9.6071,1.9939,0.039878,True
2015-07-01,MMM,skip,0.0,0,0,-1.9183,0.0,0.0,True
2015-07-01,MO,skip,0.0,0,0,12.371,0.0,0.0,True
2015-07-01,MRK,skip,0.0,0,0,4.3535,0.0,0.0,True
2015-07-01,MS,sell_put,1.2515,2,2,0.1289,1.2515,0.02503,True
2015-07-01,MSFT,skip,0.0,0,0,5.7758,0.0,0.0,True
2015-07-01,NEE,skip,0.0,0,0,7.3141,0.0,0.0,True
2015-07-01,NFLX,sell_put,2.0422,2,2,21.8026,2.0422,0.040844,True
2015-07-01,NKE,sell_put,1.617,2,2,6.6654,1.617,0.03234,True
2015-07-01,ORCL,skip,0.0,0,0,-0.8934,0.0,0.0,True
2015-07-01,PEP,skip,0.0,0,0,3.9859,0.0,0.0,True
2015-07-01,PFE,skip,0.0,0,0,7.5455,0.0,0.0,True
2015-07-01,PG,skip,0.0,0,0,-1.9683,0.0,0.0,True
2015-07-01,PM,skip,0.0,0,0,7.9848,0.0,0.0,True
2015-07-01,PPL,skip,0.0,0,0,9.257,0.0,0.0,True
2015-07-01,PRU,sell_put,1.2515,2,2,0.9598,1.2515,0.02503,True
2015-07-01,QCOM,skip,0.0,0,0,3.5233,0.0,0.0,True
2015-07-01,SBUX,sell_put,0.9076,2,2,8.0381,0.9076,0.018152,True
2015-07-01,SLB,skip,0.0,0,0,-3.3777,0.0,0.0,True
2015-07-01,SO,skip,0.0,0,0,6.7542,0.0,0.0,True
2015-07-01,SPG,skip,0.0,0,0,8.2072,0.0,0.0,True
2015-07-01,T,sell_put,1.425,2,2,-2.1959,-0.7709,-0.015418,True
2015-07-01,TGT,sell_put,1.1249,2,2,0.2695,1.1249,0.022498,True
2015-07-01,TMO,sell_put,1.3097,2,2,7.6533,1.3097,0.026194,True
2015-07-01,TXN,skip,0.0,0,0,-2.9703,0.0,0.0,True
2015-07-01,UNH,sell_put,1.3664,2,2,-0.0703,1.2961,0.025922,True
2015-07-01,UNP,skip,0.0,0,0,2.3277,0.0,0.0,True
2015-07-01,USB,sell_put,1.2515,2,2,4.7701,1.2515,0.02503,True
2015-07-01,V,skip,0.0,0,0,12.1966,0.0,0.0,True
2015-07-01,VZ,skip,0.0,0,0,0.3862,0.0,0.0,True
2015-07-01,WFC,sell_put,1.6006,2,2,2.8983,1.6006,0.032012,True
2015-07-01,WMT,skip,0.0,0,0,1.4803,0.0,0.0,True
2015-07-01,XOM,skip,0.0,0,0,-4.7956,0.0,0.0,True
2015-08-01,AAPL,skip,0.0,0,0,-7.0404,0.0,0.0,False
2015-08-01,ABBV,sell_put,3.0303,1,1,-10.194,-7.1638,-0.071638,False
2015-08-01,ABT,sell_put,2.6515,1,1,-10.2215,-7.5699,-0.075699,False
2015-08-01,ADBE,sell_put,4.1308,1,1,-4.1712,-0.0404,-0.000404,False
2015-08-01,ADP,sell_put,3.2417,1,1,-3.0713,0.1704,0.001704,False
2015-08-01,AMGN,sell_put,3.0303,1,1,-14.0495,-11.0192,-0.110192,False
2015-08-01,AMT,sell_put,3.2417,1,1,-3.0701,0.1716,0.001716,False
2015-08-01,AMZN,sell_put,4.1254,1,1,-4.3383,-0.2129,-0.002129,False
2015-08-01,AXP,skip,0.0,0,0,0.8677,0.0,0.0,False
2015-08-01,BA,sell_put,3.2344,1,1,-9.357,-6.1227,-0.061227,False
2015-08-01,BAC,sell_put,3.4554,1,1,-8.613,-5.1576,-0.051576,False
2015-08-01,BDX,sell_put,2.6515,1,1,-7.3152,-4.6637,-0.046637,False
2015-08-01,BIIB,skip,0.0,0,0,-6.7382,0.0,0.0,False
2015-08-01,BLK,skip,0.0,0,0,-10.0648,0.0,0.0,False
2015-08-01,BMY,skip,0.0,0,0,-8.8932,0.0,0.0,False
2015-08-01,BRK-B,sell_put,1.9503,1,1,-6.095,-4.1447,-0.041447,False
2015-08-01,C,sell_put,3.2344,1,1,-8.441,-5.2066,-0.052066,False
2015-08-01,CAT,skip,0.0,0,0,-1.8875,0.0,0.0,False
2015-08-01,CL,sell_put,2.2633,1,1,-7.139,-4.8757,-0.048757,False
2015-08-01,CMCSA,sell_put,3.3428,1,1,-9.742,-6.3993,-0.063993,False
2015-08-01,COST,sell_put,2.7799,1,1,-3.6132,-0.8334,-0.008334,False
2015-08-01,CRM,sell_put,4.1981,1,1,-5.3752,-1.1771,-0.011771,False
2015-08-01,CSCO,sell_put,3.2417,1,1,-8.2357,-4.9939,-0.049939,False
2015-08-01,CTSH,sell_put,3.2417,1,1,-0.2535,2.9882,0.029882,False
2015-08-01,CVS,sell_put,3.2051,1,1,-8.6654,-5.4603,-0.054603,False
2015-08-01,CVX,skip,0.0,0,0,-8.4652,0.0,0.0,False
2015-08-01,DD,skip,0.0,0,0,-7.0123,0.0,0.0,False
2015-08-01,DHR,sell_put,2.6515,1,1,-4.9585,-2.307,-0.02307,False
2015-08-01,DIS,sell_put,3.5228,1,1,-14.6062,-11.0834,-0.110834,False
2015-08-01,ELV,skip,0.0,0,0,-8.5693,0.0,0.0,False
2015-08-01,EOG,skip,0.0,0,0,1.6513,0.0,0.0,False
2015-08-01,F,skip,0.0,0,0,-5.5177,0.0,0.0,False
2015-08-01,FDX,sell_put,3.2417,1,1,-12.1398,-8.898,-0.08898,False
2015-08-01,GE,skip,0.0,0,0,-4.9042,0.0,0.0,False
2015-08-01,GILD,sell_put,3.0303,1,1,-10.8519,-7.8216,-0.078216,False
2015-08-01,GIS,sell_put,2.4085,1,1,-1.7442,0.6643,0.006643,False
2015-08-01,GM,skip,0.0,0,0,-6.5693,0.0,0.0,False
2015-08-01,GOOGL,sell_put,3.7581,1,1,-1.4722,2.2859,0.022859,False
2015-08-01,GS,skip,0.0,0,0,-8.0314,0.0,0.0,False
2015-08-01,HAL,skip,0.0,0,0,-5.8387,0.0,0.0,False
2015-08-01,HD,sell_put,2.9971,1,1,-0.4871,2.51,0.0251,False
2015-08-01,HON,sell_put,3.2417,1,1,-5.5021,-2.2604,-0.022604,False
2015-08-01,IBM,skip,0.0,0,0,-8.7042,0.0,0.0,False
2015-08-01,INTC,skip,0.0,0,0,-1.4162,0.0,0.0,False
2015-08-01,ITW,skip,0.0,0,0,-5.5214,0.0,0.0,False
2015-08-01,JNJ,sell_put,2.2156,1,1,-6.2169,-4.0014,-0.040014,False
2015-08-01,JPM,sell_put,2.9358,1,1,-5.853,-2.9173,-0.029173,False
2015-08-01,KO,sell_put,2.129,1,1,-4.2843,-2.1553,-0.021553,False
2015-08-01,LLY,sell_put,3.8056,1,1,-2.5559,1.2497,0.012497,False
2015-08-01,LMT,sell_put,3.5047,1,1,-2.8585,0.6462,0.006462,False
2015-08-01,LOW,sell_put,2.9971,1,1,0.1413,2.9971,0.029971,False
2015-08-01,LYB,skip,0.0,0,0,-9.0057,0.0,0.0,False
2015-08-01,MA,sell_put,2.8756,1,1,-5.0034,-2.1279,-0.021279,False
2015-08-01,MCD,sell_put,2.129,1,1,-4.8468,-2.7178,-0.027178,False
2015-08-01,MDLZ,sell_put,2.4085,1,1,-6.1378,-3.7294,-0.037294,False
2015-08-01,MDT,sell_put,2.6515,1,1,-7.7816,-5.1301,-0.051301,False
2015-08-01,MET,skip,0.0,0,0,-10.1184,0.0,0.0,False
2015-08-01,META,sell_put,4.6772,1,1,-4.8718,-0.1946,-0.001946,False
2015-08-01,MMM,skip,0.0,0,0,-6.079,0.0,0.0,False
2015-08-01,MO,sell_put,2.4085,1,1,-1.4711,0.9373,0.009373,False
2015-08-01,MRK,sell_put,2.9316,1,1,-8.6669,-5.7353,-0.057353,False
2015-08-01,MS,sell_put,2.9358,1,1,-10.9625,-8.0267,-0.080267,False
2015-08-01,MSFT,sell_put,3.1232,1,1,-6.8094,-3.6862,-0.036862,False
2015-08-01,NEE,sell_put,2.129,1,1,-6.4544,-4.3254,-0.043254,False
2015-08-01,NFLX,sell_put,4.7904,1,1,0.6299,4.7904,0.047904,False
2015-08-01,NKE,sell_put,3.793,1,1,-3.0116,0.7813,0.007813,False
2015-08-01,ORCL,skip,0.0,0,0,-6.7892,0.0,0.0,False
2015-08-01,PEP,sell_put,2.4085,1,1,-3.5496,-1.1411,-0.011411,False
2015-08-01,PFE,sell_put,3.0303,1,1,-10.649,-7.6187,-0.076187,False
2015-08-01,PG,skip,0.0,0,0,-7.1073,0.0,0.0,False
2015-08-01,PM,sell_put,2.4085,1,1,-6.6994,-4.291,-0.04291,False
2015-08-01,PPL,sell_put,2.129,1,1,-2.5778,-0.4488,-0.004488,False
2015-08-01,PRU,sell_put,2.9358,1,1,-8.6691,-5.7333,-0.057333,False
2015-08-01,QCOM,sell_put,4.6027,1,1,-12.1292,-7.5265,-0.075265,False
2015-08-01,SBUX,sell_put,2.129,1,1,-5.5585,-3.4295,-0.034295,False
2015-08-01,SLB,skip,0.0,0,0,-6.5805,0.0,0.0,False
2015-08-01,SO,sell_put,2.129,1,1,-2.9511,-0.822,-0.00822,False
2015-08-01,SPG,sell_put,3.2417,1,1,-4.2197,-0.9779,-0.009779,False
2015-08-01,T,skip,0.0,0,0,-2.741,0.0,0.0,False
2015-08-01,TGT,sell_put,2.6386,1,1,-5.058,-2.4194,-0.024194,False
2015-08-01,TMO,sell_put,3.0722,1,1,-10.1484,-7.0762,-0.070762,False
2015-08-01,TXN,skip,0.0,0,0,-3.6275,0.0,0.0,False
2015-08-01,UNH,skip,0.0,0,0,-4.6952,0.0,0.0,False
2015-08-01,UNP,sell_put,3.5047,1,1,-12.1426,-8.6379,-0.086379,False
2015-08-01,USB,sell_put,2.9358,1,1,-6.3261,-3.3903,-0.033903,False
2015-08-01,V,sell_put,2.7493,1,1,-5.3623,-2.613,-0.02613,False
2015-08-01,VZ,sell_put,3.3428,1,1,-0.5089,2.8338,0.028338,False
2015-08-01,WFC,sell_put,3.7545,1,1,-7.8451,-4.0907,-0.040907,False
2015-08-01,WMT,sell_put,2.6386,1,1,-10.0722,-7.4336,-0.074336,False
2015-08-01,XOM,skip,0.0,0,0,-5.012,0.0,0.0,False
2015-09-01,AAPL,skip,0.0,0,0,-1.7388,0.0,0.0,True
2015-09-01,ABBV,skip,0.0,0,0,-12.8184,0.0,0.0,True
2015-09-01,ABT,skip,0.0,0,0,-11.1945,0.0,0.0,True
2015-09-01,ADBE,skip,0.0,0,0,4.6455,0.0,0.0,True
2015-09-01,ADP,skip,0.0,0,0,3.9317,0.0,0.0,True
2015-09-01,AMGN,skip,0.0,0,0,-8.4442,0.0,0.0,True
2015-09-01,AMT,skip,0.0,0,0,-4.5666,0.0,0.0,True
2015-09-01,AMZN,skip,0.0,0,0,-0.195,0.0,0.0,True
2015-09-01,AXP,sell_put,2.4781,34,34,-3.3759,-0.8978,-0.305252,True
2015-09-01,BA,skip,0.0,0,0,0.8459,0.0,0.0,True
2015-09-01,BAC,skip,0.0,0,0,-4.6512,0.0,0.0,True
2015-09-01,BDX,skip,0.0,0,0,-5.9282,0.0,0.0,True
2015-09-01,BIIB,skip,0.0,0,0,-1.8466,0.0,0.0,True
2015-09-01,BLK,skip,0.0,0,0,-0.9593,0.0,0.0,True
2015-09-01,BMY,skip,0.0,0,0,-0.454,0.0,0.0,True
2015-09-01,BRK-B,skip,0.0,0,0,-2.7156,0.0,0.0,True
2015-09-01,C,skip,0.0,0,0,-7.2363,0.0,0.0,True
2015-09-01,CAT,skip,0.0,0,0,-14.495,0.0,0.0,True
2015-09-01,CL,skip,0.0,0,0,1.0349,0.0,0.0,True
2015-09-01,CMCSA,skip,0.0,0,0,0.9764,0.0,0.0,True
2015-09-01,COST,skip,0.0,0,0,3.5112,0.0,0.0,True
2015-09-01,CRM,skip,0.0,0,0,0.1009,0.0,0.0,True
2015-09-01,CSCO,skip,0.0,0,0,1.4297,0.0,0.0,True
2015-09-01,CTSH,skip,0.0,0,0,-0.5243,0.0,0.0,True
2015-09-01,CVS,skip,0.0,0,0,-5.7813,0.0,0.0,True
2015-09-01,CVX,skip,0.0,0,0,-1.3781,0.0,0.0,True
2015-09-01,DD,skip,0.0,0,0,-3.1078,0.0,0.0,True
2015-09-01,DHR,skip,0.0,0,0,-2.08,0.0,0.0,True
2015-09-01,DIS,skip,0.0,0,0,0.3141,0.0,0.0,True
2015-09-01,ELV,skip,0.0,0,0,-0.7444,0.0,0.0,True
2015-09-01,EOG,sell_put,3.0202,34,34,-7.0361,-4.0159,-1.365406,True
2015-09-01,F,skip,0.0,0,0,-2.1629,0.0,0.0,True
2015-09-01,FDX,skip,0.0,0,0,-4.4021,0.0,0.0,True
2015-09-01,GE,skip,0.0,0,0,1.6116,0.0,0.0,True
2015-09-01,GILD,skip,0.0,0,0,-6.548,0.0,0.0,True
2015-09-01,GIS,skip,0.0,0,0,-1.1099,0.0,0.0,True
2015-09-01,GM,skip,0.0,0,0,1.9701,0.0,0.0,True
2015-09-01,GOOGL,skip,0.0,0,0,-1.4587,0.0,0.0,True
2015-09-01,GS,skip,0.0,0,0,-7.5509,0.0,0.0,True
2015-09-01,HAL,skip,0.0,0,0,-9.7442,0.0,0.0,True
2015-09-01,HD,skip,0.0,0,0,-0.8329,0.0,0.0,True
2015-09-01,HON,skip,0.0,0,0,-4.1465,0.0,0.0,True
2015-09-01,IBM,skip,0.0,0,0,-1.1607,0.0,0.0,True
2015-09-01,INTC,skip,0.0,0,0,6.4835,0.0,0.0,True
2015-09-01,ITW,skip,0.0,0,0,-2.6263,0.0,0.0,True
2015-09-01,JNJ,skip,0.0,0,0,0.0895,0.0,0.0,True
2015-09-01,JPM,skip,0.0,0,0,-4.883,0.0,0.0,True
2015-09-01,KO,skip,0.0,0,0,2.0345,0.0,0.0,True
2015-09-01,LLY,skip,0.0,0,0,2.2391,0.0,0.0,True
2015-09-01,LMT,skip,0.0,0,0,3.805,0.0,0.0,True
2015-09-01,LOW,sell_put,2.5828,34,34,-0.3614,2.2214,0.755276,True
2015-09-01,LYB,skip,0.0,0,0,-1.4498,0.0,0.0,True
2015-09-01,MA,skip,0.0,0,0,-2.4359,0.0,0.0,True
2015-09-01,MCD,skip,0.0,0,0,4.6075,0.0,0.0,True
2015-09-01,MDLZ,skip,0.0,0,0,-1.1567,0.0,0.0,True
2015-09-01,MDT,skip,0.0,0,0,-7.4008,0.0,0.0,True
2015-09-01,MET,skip,0.0,0,0,-5.253,0.0,0.0,True
2015-09-01,META,skip,0.0,0,0,0.5255,0.0,0.0,True
2015-09-01,MMM,skip,0.0,0,0,0.4338,0.0,0.0,True
2015-09-01,MO,skip,0.0,0,0,1.5304,0.0,0.0,True
2015-09-01,MRK,skip,0.0,0,0,-8.2823,0.0,0.0,True
2015-09-01,MS,skip,0.0,0,0,-8.5631,0.0,0.0,True
2015-09-01,MSFT,skip,0.0,0,0,2.371,0.0,0.0,True
2015-09-01,NEE,skip,0.0,0,0,-0.1086,0.0,0.0,True
2015-09-01,NFLX,sell_put,4.1282,34,34,-10.2321,-6.1039,-2.075326,True
2015-09-01,NKE,skip,0.0,0,0,10.0403,0.0,0.0,True
2015-09-01,ORCL,skip,0.0,0,0,-2.6152,0.0,0.0,True
2015-09-01,PEP,skip,0.0,0,0,1.4742,0.0,0.0,True
2015-09-01,PFE,skip,0.0,0,0,-1.7522,0.0,0.0,True
2015-09-01,PG,skip,0.0,0,0,1.7971,0.0,0.0,True
2015-09-01,PM,skip,0.0,0,0,-0.589,0.0,0.0,True
2015-09-01,PPL,skip,0.0,0,0,6.131,0.0,0.0,True
2015-09-01,PRU,skip,0.0,0,0,-4.9142,0.0,0.0,True
2015-09-01,QCOM,skip,0.0,0,0,-4.237,0.0,0.0,True
2015-09-01,SBUX,skip,0.0,0,0,4.1797,0.0,0.0,True
2015-09-01,SLB,skip,0.0,0,0,-10.2671,0.0,0.0,True
2015-09-01,SO,skip,0.0,0,0,4.1865,0.0,0.0,True
2015-09-01,SPG,skip,0.0,0,0,3.2874,0.0,0.0,True
2015-09-01,T,skip,0.0,0,0,-1.8675,0.0,0.0,True
2015-09-01,TGT,skip,0.0,0,0,1.9419,0.0,0.0,True
2015-09-01,TMO,skip,0.0,0,0,-2.4647,0.0,0.0,True
2015-09-01,TXN,skip,0.0,0,0,3.5118,0.0,0.0,True
2015-09-01,UNH,skip,0.0,0,0,0.2679,0.0,0.0,True
2015-09-01,UNP,skip,0.0,0,0,3.7929,0.0,0.0,True
2015-09-01,USB,skip,0.0,0,0,-3.1641,0.0,0.0,True
2015-09-01,V,skip,0.0,0,0,-2.1401,0.0,0.0,True
2015-09-01,VZ,skip,0.0,0,0,-5.4336,0.0,0.0,True
2015-09-01,WFC,skip,0.0,0,0,-3.0842,0.0,0.0,True
2015-09-01,WMT,skip,0.0,0,0,0.8539,0.0,0.0,True
2015-09-01,XOM,skip,0.0,0,0,-0.2583,0.0,0.0,True
2015-10-01,AAPL,skip,0.0,0,0,8.3408,0.0,0.0,True
2015-10-01,ABBV,skip,0.0,0,0,9.4468,0.0,0.0,True
2015-10-01,ABT,skip,0.0,0,0,11.3873,0.0,0.0,True
2015-10-01,ADBE,sell_put,2.1896,20,20,7.8326,2.1896,0.43792,True
2015-10-01,ADP,sell_put,1.7184,20,20,8.9329,1.7184,0.34368,True
2015-10-01,AMGN,skip,0.0,0,0,14.358,0.0,0.0,True
2015-10-01,AMT,skip,0.0,0,0,16.7906,0.0,0.0,True
2015-10-01,AMZN,skip,0.0,0,0,22.2724,0.0,0.0,True
2015-10-01,AXP,skip,0.0,0,0,-1.1736,0.0,0.0,True
2015-10-01,BA,sell_put,1.7144,20,20,13.0737,1.7144,0.34288,True
2015-10-01,BAC,skip,0.0,0,0,8.0489,0.0,0.0,True
2015-10-01,BDX,skip,0.0,0,0,7.9067,0.0,0.0,True
2015-10-01,BIIB,skip,0.0,0,0,-0.4455,0.0,0.0,True
2015-10-01,BLK,skip,0.0,0,0,18.3212,0.0,0.0,True
2015-10-01,BMY,skip,0.0,0,0,12.1056,0.0,0.0,True
2015-10-01,BRK-B,skip,0.0,0,0,4.3098,0.0,0.0,True
2015-10-01,C,skip,0.0,0,0,7.176,0.0,0.0,True
2015-10-01,CAT,skip,0.0,0,0,11.6738,0.0,0.0,True
2015-10-01,CL,sell_put,1.1997,20,20,4.554,1.1997,0.23994,True
2015-10-01,CMCSA,sell_put,1.7719,20,20,10.0914,1.7719,0.35438,True
2015-10-01,COST,sell_put,1.4735,20,20,9.3727,1.4735,0.2947,True
2015-10-01,CRM,sell_put,2.2253,20,20,11.9257,2.2253,0.44506,True
2015-10-01,CSCO,sell_put,1.7184,20,20,9.9048,1.7184,0.34368,True
2015-10-01,CTSH,skip,0.0,0,0,8.7845,0.0,0.0,True
2015-10-01,CVS,skip,0.0,0,0,2.3839,0.0,0.0,True
2015-10-01,CVX,skip,0.0,0,0,15.213,0.0,0.0,True
2015-10-01,DD,skip,0.0,0,0,23.0848,0.0,0.0,True
2015-10-01,DHR,skip,0.0,0,0,9.6838,0.0,0.0,True
2015-10-01,DIS,sell_put,1.8673,20,20,11.2916,1.8673,0.37346,True
2015-10-01,ELV,skip,0.0,0,0,-0.1679,0.0,0.0,True
2015-10-01,EOG,skip,0.0,0,0,17.9258,0.0,0.0,True
2015-10-01,F,skip,0.0,0,0,9.1378,0.0,0.0,True
2015-10-01,FDX,skip,0.0,0,0,8.5658,0.0,0.0,True
2015-10-01,GE,sell_put,1.8578,20,20,15.6971,1.8578,0.37156,True
2015-10-01,GILD,skip,0.0,0,0,10.5569,0.0,0.0,True
2015-10-01,GIS,skip,0.0,0,0,3.5275,0.0,0.0,True
2015-10-01,GM,sell_put,1.8578,20,20,17.7199,1.8578,0.37156,True
2015-10-01,GOOGL,skip,0.0,0,0,15.5114,0.0,0.0,True
2015-10-01,GS,skip,0.0,0,0,7.9075,0.0,0.0,True
2015-10-01,HAL,skip,0.0,0,0,8.5714,0.0,0.0,True
2015-10-01,HD,skip,0.0,0,0,7.602,0.0,0.0,True
2015-10-01,HON,skip,0.0,0,0,9.0717,0.0,0.0,True
2015-10-01,IBM,skip,0.0,0,0,-3.3732,0.0,0.0,True
2015-10-01,INTC,sell_put,2.3852,20,20,12.3424,2.3852,0.47704,True
2015-10-01,ITW,skip,0.0,0,0,12.45,0.0,0.0,True
2015-10-01,JNJ,sell_put,1.1744,20,20,8.2271,1.1744,0.23488,True
2015-10-01,JPM,skip,0.0,0,0,5.3797,0.0,0.0,True
2015-10-01,KO,sell_put,1.1285,20,20,6.4729,1.1285,0.2257,True
2015-10-01,LLY,sell_put,2.0172,20,20,-2.5332,-0.5159,-0.10318,True
2015-10-01,LMT,sell_put,1.8578,20,20,6.0393,1.8578,0.37156,True
2015-10-01,LOW,skip,0.0,0,0,7.1242,0.0,0.0,True
2015-10-01,LYB,skip,0.0,0,0,11.4564,0.0,0.0,True
2015-10-01,MA,skip,0.0,0,0,9.8425,0.0,0.0,True
2015-10-01,MCD,sell_put,1.1285,20,20,13.9247,1.1285,0.2257,True
2015-10-01,MDLZ,skip,0.0,0,0,10.6857,0.0,0.0,True
2015-10-01,MDT,skip,0.0,0,0,11.0287,0.0,0.0,True
2015-10-01,MET,skip,0.0,0,0,6.8505,0.0,0.0,True
2015-10-01,META,sell_put,2.4792,20,20,13.426,2.4792,0.49584,True
2015-10-01,MMM,sell_put,1.7184,20,20,10.8909,1.7184,0.34368,True
2015-10-01,MO,sell_put,1.2767,20,20,12.3497,1.2767,0.25534,True
2015-10-01,MRK,skip,0.0,0,0,11.623,0.0,0.0,True
2015-10-01,MS,skip,0.0,0,0,4.6667,0.0,0.0,True
2015-10-01,MSFT,sell_put,1.6555,20,20,18.9336,1.6555,0.3311,True
2015-10-01,NEE,skip,0.0,0,0,5.2384,0.0,0.0,True
2015-10-01,NFLX,skip,0.0,0,0,4.9584,0.0,0.0,True
2015-10-01,NKE,sell_put,2.0106,20,20,6.8246,2.0106,0.40212,True
2015-10-01,ORCL,skip,0.0,0,0,7.5304,0.0,0.0,True
2015-10-01,PEP,sell_put,1.2767,20,20,9.2076,1.2767,0.25534,True
2015-10-01,PFE,skip,0.0,0,0,7.6728,0.0,0.0,True
2015-10-01,PG,sell_put,1.1997,20,20,6.1718,1.1997,0.23994,True
2015-10-01,PM,skip,0.0,0,0,12.8615,0.0,0.0,True
2015-10-01,PPL,sell_put,1.1285,20,20,5.9407,1.1285,0.2257,True
2015-10-01,PRU,skip,0.0,0,0,8.2535,0.0,0.0,True
2015-10-01,QCOM,skip,0.0,0,0,10.59,0.0,0.0,True
2015-10-01,SBUX,sell_put,1.1285,20,20,10.0809,1.1285,0.2257,True
2015-10-01,SLB,skip,0.0,0,0,13.3246,0.0,0.0,True
2015-10-01,SO,sell_put,1.1285,20,20,0.8948,1.1285,0.2257,True
2015-10-01,SPG,sell_put,1.7184,20,20,9.656,1.7184,0.34368,True
2015-10-01,T,skip,0.0,0,0,2.8545,0.0,0.0,True
2015-10-01,TGT,sell_put,1.3987,20,20,-1.8815,-0.4829,-0.09658,True
2015-10-01,TMO,skip,0.0,0,0,7.0829,0.0,0.0,True
2015-10-01,TXN,sell_put,2.3852,20,20,14.5396,2.3852,0.47704,True
2015-10-01,UNH,sell_put,1.6989,20,20,1.9649,1.6989,0.33978,True
2015-10-01,UNP,sell_put,1.8578,20,20,1.0632,1.8578,0.37156,True
2015-10-01,USB,skip,0.0,0,0,3.4862,0.0,0.0,True
2015-10-01,V,skip,0.0,0,0,11.3695,0.0,0.0,True
2015-10-01,VZ,skip,0.0,0,0,7.7454,0.0,0.0,True
2015-10-01,WFC,skip,0.0,0,0,5.4333,0.0,0.0,True
2015-10-01,WMT,sell_put,1.3987,20,20,-11.7212,-10.3225,-2.0645,True
2015-10-01,XOM,skip,0.0,0,0,11.2845,0.0,0.0,True
2015-11-01,AAPL,sell_put,1.9241,1,1,-1.0042,0.9199,0.009199,False
2015-11-01,ABBV,sell_put,1.7192,1,1,-1.4497,0.2695,0.002695,False
2015-11-01,ABT,sell_put,1.5044,1,1,0.8501,1.5044,0.015044,False
2015-11-01,ADBE,sell_put,2.3437,1,1,3.1581,2.3437,0.023437,False
2015-11-01,ADP,sell_put,1.8392,1,1,-0.8392,1.0001,0.010001,False
2015-11-01,AMGN,sell_put,1.7192,1,1,1.846,1.7192,0.017192,False
2015-11-01,AMT,sell_put,1.8392,1,1,-2.7878,-0.9486,-0.009486,False
2015-11-01,AMZN,sell_put,2.3406,1,1,6.2151,2.3406,0.023406,False
2015-11-01,AXP,skip,0.0,0,0,-1.8412,0.0,0.0,False
2015-11-01,BA,sell_put,1.835,1,1,-1.7695,0.0656,0.000656,False
2015-11-01,BAC,sell_put,1.9604,1,1,3.8737,1.9604,0.019604,False
2015-11-01,BDX,sell_put,1.5044,1,1,5.4238,1.5044,0.015044,False
2015-11-01,BIIB,skip,0.0,0,0,-1.2564,0.0,0.0,False
2015-11-01,BLK,sell_put,1.6656,1,1,3.3384,1.6656,0.016656,False
2015-11-01,BMY,sell_put,1.7192,1,1,1.6073,1.7192,0.017192,False
2015-11-01,BRK-B,sell_put,1.1065,1,1,-1.4189,-0.3124,-0.003124,False
2015-11-01,C,sell_put,1.835,1,1,1.8233,1.835,0.01835,False
2015-11-01,CAT,sell_put,1.9884,1,1,0.6466,1.9884,0.019884,False
2015-11-01,CL,sell_put,1.2841,1,1,-0.4457,0.8384,0.008384,False
2015-11-01,CMCSA,sell_put,1.8965,1,1,-2.395,-0.4985,-0.004985,False
2015-11-01,COST,sell_put,1.5772,1,1,2.087,1.5772,0.015772,False
2015-11-01,CRM,sell_put,2.3818,1,1,2.5479,2.3818,0.023818,False
2015-11-01,CSCO,sell_put,1.8392,1,1,-4.7842,-2.945,-0.02945,False
2015-11-01,CTSH,sell_put,1.8392,1,1,-5.1828,-3.3435,-0.033435,False
2015-11-01,CVS,sell_put,1.8184,1,1,-4.4248,-2.6063,-0.026063,False
2015-11-01,CVX,sell_put,1.8335,1,1,0.4842,1.8335,0.018335,False
2015-11-01,DD,sell_put,1.8392,1,1,0.8902,1.8392,0.018392,False
2015-11-01,DHR,sell_put,1.5044,1,1,3.3008,1.5044,0.015044,False
2015-11-01,DIS,sell_put,1.9987,1,1,-0.2374,1.7613,0.017613,False
2015-11-01,ELV,skip,0.0,0,0,-6.3026,0.0,0.0,False
2015-11-01,EOG,sell_put,1.9884,1,1,-2.627,-0.6386,-0.006386,False
2015-11-01,F,sell_put,1.9884,1,1,-2.2564,-0.268,-0.00268,False
2015-11-01,FDX,sell_put,1.8392,1,1,1.5956,1.8392,0.018392,False
2015-11-01,GE,sell_put,1.9884,1,1,3.527,1.9884,0.019884,False
2015-11-01,GILD,sell_put,1.7192,1,1,-2.0069,-0.2876,-0.002876,False
2015-11-01,GIS,sell_put,1.3665,1,1,0.1891,1.3665,0.013665,False
2015-11-01,GM,sell_put,1.9884,1,1,3.6952,1.9884,0.019884,False
2015-11-01,GOOGL,sell_put,2.1322,1,1,3.4527,2.1322,0.021322,False
2015-11-01,GS,sell_put,1.6656,1,1,1.344,1.6656,0.016656,False
2015-11-01,HAL,sell_put,1.9884,1,1,3.8301,1.9884,0.019884,False
2015-11-01,HD,sell_put,1.7004,1,1,8.2821,1.7004,0.017004,False
2015-11-01,HON,sell_put,1.8392,1,1,0.6487,1.8392,0.018392,False
2015-11-01,IBM,skip,0.0,0,0,-0.4712,0.0,0.0,False
2015-11-01,INTC,sell_put,2.553,1,1,2.6875,2.553,0.02553,False
2015-11-01,ITW,sell_put,1.8392,1,1,2.2188,1.8392,0.018392,False
2015-11-01,JNJ,sell_put,1.257,1,1,0.2079,1.257,0.01257,False
2015-11-01,JPM,sell_put,1.6656,1,1,4.5309,1.6656,0.016656,False
2015-11-01,KO,sell_put,1.2079,1,1,0.6375,1.2079,0.012079,False
2015-11-01,LLY,skip,0.0,0,0,0.5762,0.0,0.0,False
2015-11-01,LMT,sell_put,1.9884,1,1,-0.3048,1.6836,0.016836,False
2015-11-01,LOW,sell_put,1.7004,1,1,4.1525,1.7004,0.017004,False
2015-11-01,LYB,sell_put,1.9884,1,1,3.132,1.9884,0.019884,False
2015-11-01,MA,sell_put,1.6315,1,1,-0.9122,0.7193,0.007193,False
2015-11-01,MCD,sell_put,1.2079,1,1,1.7016,1.2079,0.012079,False
2015-11-01,MDLZ,sell_put,1.3665,1,1,-5.4159,-4.0495,-0.040495,False
2015-11-01,MDT,sell_put,1.5044,1,1,1.921,1.5044,0.015044,False
2015-11-01,MET,sell_put,1.6656,1,1,1.4093,1.6656,0.016656,False
2015-11-01,META,sell_put,2.6536,1,1,2.2261,2.6536,0.026536,False
2015-11-01,MMM,sell_put,1.8392,1,1,-0.4007,1.4385,0.014385,False
2015-11-01,MO,sell_put,1.3665,1,1,-4.7462,-3.3797,-0.033797,False
2015-11-01,MRK,sell_put,1.6633,1,1,-3.0187,-1.3554,-0.013554,False
2015-11-01,MS,sell_put,1.6656,1,1,4.5204,1.6656,0.016656,False
2015-11-01,MSFT,sell_put,1.772,1,1,3.2485,1.772,0.01772,False
2015-11-01,NEE,sell_put,1.2079,1,1,-2.7275,-1.5196,-0.015196,False
2015-11-01,NFLX,sell_put,2.7179,1,1,13.7941,2.7179,0.027179,False
2015-11-01,NKE,sell_put,2.152,1,1,0.954,2.152,0.02152,False
2015-11-01,ORCL,sell_put,2.2072,1,1,0.7336,2.2072,0.022072,False
2015-11-01,PEP,sell_put,1.3665,1,1,-1.9865,-0.62,-0.0062,False
2015-11-01,PFE,sell_put,1.7192,1,1,-3.1047,-1.3854,-0.013854,False
2015-11-01,PG,sell_put,1.2841,1,1,-1.1356,0.1485,0.001485,False
2015-11-01,PM,sell_put,1.3665,1,1,-1.1425,0.2239,0.002239,False
2015-11-01,PPL,sell_put,1.2079,1,1,-1.0465,0.1614,0.001614,False
2015-11-01,PRU,sell_put,1.6656,1,1,4.9091,1.6656,0.016656,False
2015-11-01,QCOM,sell_put,2.6114,1,1,-17.8896,-15.2782,-0.152782,False
2015-11-01,SBUX,sell_put,1.2079,1,1,-1.8859,-0.678,-0.00678,False
2015-11-01,SLB,sell_put,1.9884,1,1,-1.2923,0.6962,0.006962,False
2015-11-01,SO,sell_put,1.2079,1,1,-1.2417,-0.0338,-0.000338,False
2015-11-01,SPG,sell_put,1.8392,1,1,-7.5548,-5.7156,-0.057156,False
2015-11-01,T,sell_put,1.8965,1,1,2.3902,1.8965,0.018965,False
2015-11-01,TGT,skip,0.0,0,0,-6.0638,0.0,0.0,False
2015-11-01,TMO,sell_put,1.743,1,1,5.8266,1.743,0.01743,False
2015-11-01,TXN,sell_put,2.553,1,1,3.1391,2.553,0.02553,False
2015-11-01,UNH,sell_put,1.8184,1,1,-4.3047,-2.4862,-0.024862,False
2015-11-01,UNP,sell_put,1.9884,1,1,-6.0436,-4.0552,-0.040552,False
2015-11-01,USB,sell_put,1.6656,1,1,4.0541,1.6656,0.016656,False
2015-11-01,V,sell_put,1.5598,1,1,1.8433,1.5598,0.015598,False
2015-11-01,VZ,sell_put,1.8965,1,1,-1.791,0.1055,0.001055,False
2015-11-01,WFC,sell_put,2.1301,1,1,1.7732,2.1301,0.021301,False
2015-11-01,WMT,skip,0.0,0,0,2.7952,0.0,0.0,False
2015-11-01,XOM,sell_put,1.9884,1,1,-1.3053,0.6831,0.006831,False
2015-12-01,AAPL,skip,0.0,0,0,-10.642,0.0,0.0,False
2015-12-01,ABBV,skip,0.0,0,0,1.8745,0.0,0.0,False
2015-12-01,ABT,sell_put,1.6984,1,1,-0.0222,1.6761,0.016761,False
2015-12-01,ADBE,sell_put,2.6459,1,1,2.7116,2.6459,0.026459,False
2015-12-01,ADP,skip,0.0,0,0,-1.7853,0.0,0.0,False
2015-12-01,AMGN,sell_put,1.9409,1,1,1.2736,1.9409,0.019409,False
2015-12-01,AMT,skip,0.0,0,0,-2.4452,0.0,0.0,False
2015-12-01,AMZN,sell_put,2.6424,1,1,1.6682,2.6424,0.026424,False
2015-12-01,AXP,skip,0.0,0,0,-2.9173,0.0,0.0,False
2015-12-01,BA,skip,0.0,0,0,0.0234,0.0,0.0,False
2015-12-01,BAC,sell_put,2.2132,1,1,-3.4424,-1.2291,-0.012291,False
2015-12-01,BDX,sell_put,1.6984,1,1,2.5558,1.6984,0.016984,False
2015-12-01,BIIB,skip,0.0,0,0,6.7943,0.0,0.0,False
2015-12-01,BLK,sell_put,1.8804,1,1,-6.3786,-4.4982,-0.044982,False
2015-12-01,BMY,sell_put,1.9409,1,1,2.6564,1.9409,0.019409,False
2015-12-01,BRK-B,skip,0.0,0,0,-1.5288,0.0,0.0,False
2015-12-01,C,sell_put,2.0717,1,1,-4.3261,-2.2544,-0.022544,False
2015-12-01,CAT,sell_put,2.2448,1,1,-6.4556,-4.2108,-0.042108,False
2015-12-01,CL,skip,0.0,0,0,1.4312,0.0,0.0,False
2015-12-01,CMCSA,skip,0.0,0,0,-7.279,0.0,0.0,False
2015-12-01,COST,sell_put,1.7806,1,1,0.3082,1.7806,0.017806,False
2015-12-01,CRM,sell_put,2.689,1,1,-1.6188,1.0702,0.010702,False
2015-12-01,CSCO,skip,0.0,0,0,-0.3303,0.0,0.0,False
2015-12-01,CTSH,skip,0.0,0,0,-7.061,0.0,0.0,False
2015-12-01,CVS,skip,0.0,0,0,3.9111,0.0,0.0,False
2015-12-01,CVX,sell_put,2.07,1,1,-0.2861,1.7838,0.017838,False
2015-12-01,DD,sell_put,2.0764,1,1,-1.2469,0.8295,0.008295,False
2015-12-01,DHR,sell_put,1.6984,1,1,-3.6415,-1.9431,-0.019431,False
2015-12-01,DIS,skip,0.0,0,0,-7.394,0.0,0.0,False
2015-12-01,ELV,skip,0.0,0,0,6.9489,0.0,0.0,False
2015-12-01,EOG,skip,0.0,0,0,-15.1504,0.0,0.0,False
2015-12-01,F,skip,0.0,0,0,-1.6748,0.0,0.0,False
2015-12-01,FDX,sell_put,2.0764,1,1,-6.0237,-3.9473,-0.039473,False
2015-12-01,GE,sell_put,2.2448,1,1,4.0414,2.2448,0.022448,False
2015-12-01,GILD,skip,0.0,0,0,-4.5017,0.0,0.0,False
2015-12-01,GIS,sell_put,1.5427,1,1,-0.1731,1.3696,0.013696,False
2015-12-01,GM,sell_put,2.2448,1,1,-6.0497,-3.8049,-0.038049,False
2015-12-01,GOOGL,sell_put,2.4072,1,1,1.9873,2.4072,0.024072,False
2015-12-01,GS,sell_put,1.8804,1,1,-4.8273,-2.9469,-0.029469,False
2015-12-01,HAL,sell_put,2.2448,1,1,-14.5797,-12.3349,-0.123349,False
2015-12-01,HD,sell_put,1.9197,1,1,-1.2175,0.7022,0.007022,False
2015-12-01,HON,sell_put,2.0764,1,1,0.2136,2.0764,0.020764,False
2015-12-01,IBM,skip,0.0,0,0,-0.3651,0.0,0.0,False
2015-12-01,INTC,sell_put,2.8822,1,1,-0.2224,2.6598,0.026598,False
2015-12-01,ITW,sell_put,2.0764,1,1,-1.3833,0.6931,0.006931,False
2015-12-01,JNJ,sell_put,1.4191,1,1,2.2098,1.4191,0.014191,False
2015-12-01,JPM,sell_put,1.8804,1,1,-0.9748,0.9056,0.009056,False
2015-12-01,KO,sell_put,1.3637,1,1,1.5708,1.3637,0.013637,False
2015-12-01,LLY,sell_put,2.4376,1,1,3.3572,2.4376,0.024376,False
2015-12-01,LMT,skip,0.0,0,0,-0.1878,0.0,0.0,False
2015-12-01,LOW,sell_put,1.9197,1,1,-0.7311,1.1886,0.011886,False
2015-12-01,LYB,sell_put,2.2448,1,1,-8.5589,-6.314,-0.06314,False
2015-12-01,MA,skip,0.0,0,0,-0.5719,0.0,0.0,False
2015-12-01,MCD,sell_put,1.3637,1,1,4.2977,1.3637,0.013637,False
2015-12-01,MDLZ,skip,0.0,0,0,2.7027,0.0,0.0,False
2015-12-01,MDT,sell_put,1.6984,1,1,2.0972,1.6984,0.016984,False
2015-12-01,MET,sell_put,1.8804,1,1,-4.9436,-3.0632,-0.030632,False
2015-12-01,META,sell_put,2.9958,1,1,0.4029,2.9958,0.029958,False
2015-12-01,MMM,skip,0.0,0,0,-3.1615,0.0,0.0,False
2015-12-01,MO,skip,0.0,0,0,1.059,0.0,0.0,False
2015-12-01,MRK,skip,0.0,0,0,-0.3584,0.0,0.0,False
2015-12-01,MS,sell_put,1.8804,1,1,-7.2595,-5.3791,-0.053791,False
2015-12-01,MSFT,sell_put,2.0005,1,1,2.7672,2.0005,0.020005,False
2015-12-01,NEE,skip,0.0,0,0,4.839,0.0,0.0,False
2015-12-01,NFLX,sell_put,3.0684,1,1,-7.257,-4.1886,-0.041886,False
2015-12-01,NKE,sell_put,2.4295,1,1,-5.5035,-3.074,-0.03074,False
2015-12-01,ORCL,sell_put,2.4918,1,1,-6.2613,-3.7694,-0.037694,False
2015-12-01,PEP,skip,0.0,0,0,-0.2396,0.0,0.0,False
2015-12-01,PFE,skip,0.0,0,0,-0.7002,0.0,0.0,False
2015-12-01,PG,skip,0.0,0,0,6.1064,0.0,0.0,False
2015-12-01,PM,skip,0.0,0,0,0.595,0.0,0.0,False
2015-12-01,PPL,skip,0.0,0,0,0.2644,0.0,0.0,False
2015-12-01,PRU,sell_put,1.8804,1,1,-5.1793,-3.2989,-0.032989,False
2015-12-01,QCOM,skip,0.0,0,0,3.471,0.0,0.0,False
2015-12-01,SBUX,skip,0.0,0,0,-1.8987,0.0,0.0,False
2015-12-01,SLB,skip,0.0,0,0,-9.0033,0.0,0.0,False
2015-12-01,SO,skip,0.0,0,0,6.3339,0.0,0.0,False
2015-12-01,SPG,skip,0.0,0,0,5.2731,0.0,0.0,False
2015-12-01,T,sell_put,2.1411,1,1,2.1978,2.1411,0.021411,False
2015-12-01,TGT,skip,0.0,0,0,0.938,0.0,0.0,False
2015-12-01,TMO,sell_put,1.9678,1,1,2.4928,1.9678,0.019678,False
2015-12-01,TXN,sell_put,2.8822,1,1,-5.6951,-2.8129,-0.028129,False
2015-12-01,UNH,skip,0.0,0,0,4.3741,0.0,0.0,False
2015-12-01,UNP,skip,0.0,0,0,-6.2412,0.0,0.0,False
2015-12-01,USB,sell_put,1.8804,1,1,-2.7797,-0.8993,-0.008993,False
2015-12-01,V,sell_put,1.761,1,1,-1.6715,0.0895,0.000895,False
2015-12-01,VZ,skip,0.0,0,0,1.6942,0.0,0.0,False
2015-12-01,WFC,sell_put,2.4048,1,1,-0.6648,1.74,0.0174,False
2015-12-01,WMT,sell_put,1.6901,1,1,4.1808,1.6901,0.016901,False
2015-12-01,XOM,skip,0.0,0,0,-3.7111,0.0,0.0,False
2016-01-01,AAPL,skip,0.0,0,0,-7.5242,0.0,0.0,True
2016-01-01,ABBV,sell_put,2.1531,2,2,-7.3262,-5.1731,-0.103462,True
2016-01-01,ABT,skip,0.0,0,0,-15.7204,0.0,0.0,True
2016-01-01,ADBE,sell_put,2.935,2,2,-5.1203,-2.1853,-0.043706,True
2016-01-01,ADP,skip,0.0,0,0,-1.3181,0.0,0.0,True
2016-01-01,AIG,skip,0.0,0,0,-8.4555,0.0,0.0,True
2016-01-01,AMGN,sell_put,2.1531,2,2,-5.9139,-3.7608,-0.075216,True
2016-01-01,AMT,skip,0.0,0,0,-2.1805,0.0,0.0,True
2016-01-01,AMZN,sell_put,2.9312,2,2,-13.1515,-10.2204,-0.204408,True
2016-01-01,AXP,skip,0.0,0,0,-23.0769,0.0,0.0,True
2016-01-01,BA,sell_put,2.2981,2,2,-16.9168,-14.6187,-0.292374,True
2016-01-01,BAC,skip,0.0,0,0,-15.7468,0.0,0.0,True
2016-01-01,BDX,sell_put,1.884,2,2,-5.2519,-3.368,-0.06736,True
2016-01-01,BIIB,sell_put,2.1531,2,2,-10.8667,-8.7136,-0.174272,True
2016-01-01,BLK,skip,0.0,0,0,-7.1553,0.0,0.0,True
2016-01-01,BMY,sell_put,2.1531,2,2,-9.143,-6.9899,-0.139798,True
2016-01-01,BRK-B,skip,0.0,0,0,-1.7192,0.0,0.0,True
2016-01-01,C,skip,0.0,0,0,-17.7198,0.0,0.0,True
2016-01-01,CAT,skip,0.0,0,0,-8.4167,0.0,0.0,True
2016-01-01,CL,sell_put,1.6081,2,2,1.3659,1.6081,0.032162,True
2016-01-01,COST,sell_put,1.9751,2,2,-6.4273,-4.4521,-0.089042,True
2016-01-01,CRM,skip,0.0,0,0,-13.1888,0.0,0.0,True
2016-01-01,CSCO,skip,0.0,0,0,-12.408,0.0,0.0,True
2016-01-01,CTSH,skip,0.0,0,0,5.4815,0.0,0.0,True
2016-01-01,CVS,sell_put,2.2773,2,2,-1.2069,1.0704,0.021408,True
2016-01-01,CVX,skip,0.0,0,0,-3.8795,0.0,0.0,True
2016-01-01,DHR,skip,0.0,0,0,-6.5736,0.0,0.0,True
2016-01-01,DIS,skip,0.0,0,0,-8.2278,0.0,0.0,True
2016-01-01,DUK,sell_put,1.5127,2,2,5.477,1.5127,0.030254,True
2016-01-01,ELV,sell_put,2.2773,2,2,-5.9859,-3.7086,-0.074172,True
2016-01-01,EOG,skip,0.0,0,0,0.3249,0.0,0.0,True
2016-01-01,EQIX,sell_put,2.3033,2,2,3.2812,2.3033,0.046066,True
2016-01-01,FDX,skip,0.0,0,0,-10.6609,0.0,0.0,True
2016-01-01,GE,sell_put,2.4902,2,2,-5.8823,-3.3922,-0.067844,True
2016-01-01,GILD,skip,0.0,0,0,-17.622,0.0,0.0,True
2016-01-01,GIS,skip,0.0,0,0,-1.9945,0.0,0.0,True
2016-01-01,GM,skip,0.0,0,0,-11.9312,0.0,0.0,True
2016-01-01,GOOGL,sell_put,2.6702,2,2,-2.1414,0.5289,0.010578,True
2016-01-01,GS,skip,0.0,0,0,-10.359,0.0,0.0,True
2016-01-01,HD,skip,0.0,0,0,-4.4865,0.0,0.0,True
2016-01-01,HON,sell_put,2.3033,2,2,-0.3572,1.9461,0.038922,True
2016-01-01,IBM,skip,0.0,0,0,-9.3228,0.0,0.0,True
2016-01-01,INTC,skip,0.0,0,0,-9.9565,0.0,0.0,True
2016-01-01,ITW,skip,0.0,0,0,-2.2425,0.0,0.0,True
2016-01-01,JNJ,sell_put,1.5742,2,2,1.6744,1.5742,0.031484,True
2016-01-01,JPM,skip,0.0,0,0,-9.8894,0.0,0.0,True
2016-01-01,KO,sell_put,1.5127,2,2,-0.0931,1.4196,0.028392,True
2016-01-01,LLY,sell_put,2.7039,2,2,-6.1238,-3.4199,-0.068398,True
2016-01-01,LMT,skip,0.0,0,0,-2.8321,0.0,0.0,True
2016-01-01,LOW,skip,0.0,0,0,-5.7601,0.0,0.0,True
2016-01-01,LYB,skip,0.0,0,0,-10.2762,0.0,0.0,True
2016-01-01,MA,skip,0.0,0,0,-8.5559,0.0,0.0,True
2016-01-01,MCD,sell_put,1.5127,2,2,4.774,1.5127,0.030254,True
2016-01-01,MDLZ,sell_put,1.7113,2,2,-3.5166,-1.8053,-0.036106,True
2016-01-01,MDT,sell_put,1.884,2,2,-0.8085,1.0755,0.02151,True
2016-01-01,MET,skip,0.0,0,0,-7.3844,0.0,0.0,True
2016-01-01,META,sell_put,3.3232,2,2,7.2138,3.3232,0.066464,True
2016-01-01,MMM,skip,0.0,0,0,0.239,0.0,0.0,True
2016-01-01,MO,sell_put,1.7113,2,2,6.0249,1.7113,0.034226,True
2016-01-01,MRK,skip,0.0,0,0,-3.2414,0.0,0.0,True
2016-01-01,MS,skip,0.0,0,0,-18.6419,0.0,0.0,True
2016-01-01,MSFT,sell_put,2.2191,2,2,-0.703,1.5161,0.030322,True
2016-01-01,NEE,sell_put,1.5127,2,2,7.5272,1.5127,0.030254,True
2016-01-01,NFLX,skip,0.0,0,0,-19.7062,0.0,0.0,True
2016-01-01,NKE,skip,0.0,0,0,-0.5435,0.0,0.0,True
2016-01-01,ORCL,skip,0.0,0,0,-0.6022,0.0,0.0,True
2016-01-01,PEP,skip,0.0,0,0,0.0756,0.0,0.0,True
2016-01-01,PFE,skip,0.0,0,0,-5.5452,0.0,0.0,True
2016-01-01,PG,sell_put,1.6081,2,2,2.8711,1.6081,0.032162,True
2016-01-01,PM,sell_put,1.7113,2,2,3.6046,1.7113,0.034226,True
2016-01-01,PPL,sell_put,1.5127,2,2,3.8947,1.5127,0.030254,True
2016-01-01,PRU,skip,0.0,0,0,-13.9172,0.0,0.0,True
2016-01-01,PYPL,sell_put,2.0432,2,2,-0.1658,1.8774,0.037548,True
2016-01-01,QCOM,sell_put,3.2703,2,2,-9.3019,-6.0316,-0.120632,True
2016-01-01,SBUX,skip,0.0,0,0,1.2327,0.0,0.0,True
2016-01-01,SCHW,skip,0.0,0,0,-22.4719,0.0,0.0,True
2016-01-01,SLB,skip,0.0,0,0,3.6129,0.0,0.0,True
2016-01-01,SO,sell_put,1.5127,2,2,4.5522,1.5127,0.030254,True
2016-01-01,SPG,sell_put,2.3033,2,2,-4.1967,-1.8934,-0.037868,True
2016-01-01,SYK,skip,0.0,0,0,7.115,0.0,0.0,True
2016-01-01,T,sell_put,2.3751,2,2,4.7951,2.3751,0.047502,True
2016-01-01,TGT,sell_put,1.8748,2,2,-0.2617,1.6131,0.032262,True
2016-01-01,TMO,sell_put,2.1828,2,2,-6.7982,-4.6154,-0.092308,True
2016-01-01,TXN,skip,0.0,0,0,-3.43,0.0,0.0,True
2016-01-01,UNH,sell_put,2.2773,2,2,-1.6853,0.592,0.01184,True
2016-01-01,UNP,skip,0.0,0,0,-7.9284,0.0,0.0,True
2016-01-01,USB,skip,0.0,0,0,-5.5573,0.0,0.0,True
2016-01-01,V,skip,0.0,0,0,-3.9458,0.0,0.0,True
2016-01-01,VZ,sell_put,2.3751,2,2,8.1134,2.3751,0.047502,True
2016-01-01,WFC,skip,0.0,0,0,-7.5975,0.0,0.0,True
2016-01-01,WMT,sell_put,1.8748,2,2,9.1613,1.8748,0.037496,True
2016-01-01,XOM,skip,0.0,0,0,-0.1283,0.0,0.0,True
2016-02-01,AAPL,skip,0.0,0,0,-0.6678,0.0,0.0,True
2016-02-01,ABBV,skip,0.0,0,0,0.5166,0.0,0.0,True
2016-02-01,ABT,skip,0.0,0,0,2.9973,0.0,0.0,True
2016-02-01,ADBE,skip,0.0,0,0,-4.4654,0.0,0.0,True
2016-02-01,ADP,skip,0.0,0,0,1.9256,0.0,0.0,True
2016-02-01,AIG,skip,0.0,0,0,-11.119,0.0,0.0,True
2016-02-01,AMGN,skip,0.0,0,0,-6.8421,0.0,0.0,True
2016-02-01,AMT,skip,0.0,0,0,-2.2684,0.0,0.0,True
2016-02-01,AMZN,skip,0.0,0,0,-5.8739,0.0,0.0,True
2016-02-01,AXP,skip,0.0,0,0,4.3425,0.0,0.0,True
2016-02-01,BA,skip,0.0,0,0,-1.6232,0.0,0.0,True
2016-02-01,BAC,skip,0.0,0,0,-11.4568,0.0,0.0,True
2016-02-01,BDX,skip,0.0,0,0,1.4308,0.0,0.0,True
2016-02-01,BIIB,skip,0.0,0,0,-4.9952,0.0,0.0,True
2016-02-01,BLK,skip,0.0,0,0,-0.7319,0.0,0.0,True
2016-02-01,BMY,skip,0.0,0,0,-0.37,0.0,0.0,True
2016-02-01,BRK-B,skip,0.0,0,0,3.3906,0.0,0.0,True
2016-02-01,C,skip,0.0,0,0,-8.6474,0.0,0.0,True
2016-02-01,CAT,skip,0.0,0,0,10.1343,0.0,0.0,True
2016-02-01,CL,sell_put,1.636,6,6,-2.2037,-0.5677,-0.034062,True
2016-02-01,COST,skip,0.0,0,0,-0.7213,0.0,0.0,True
2016-02-01,CRM,skip,0.0,0,0,-0.4555,0.0,0.0,True
2016-02-01,CSCO,skip,0.0,0,0,10.9037,0.0,0.0,True
2016-02-01,CTSH,sell_put,2.3432,6,6,-9.9984,-7.6552,-0.459312,True
2016-02-01,CVS,skip,0.0,0,0,1.0522,0.0,0.0,True
2016-02-01,CVX,skip,0.0,0,0,-3.5041,0.0,0.0,True
2016-02-01,DHR,skip,0.0,0,0,3.0237,0.0,0.0,True
2016-02-01,DIS,skip,0.0,0,0,-0.3131,0.0,0.0,True
2016-02-01,DUK,sell_put,1.5389,6,6,-1.3546,0.1843,0.011058,True
2016-02-01,ELV,skip,0.0,0,0,0.1532,0.0,0.0,True
2016-02-01,EOG,sell_put,2.5333,6,6,-8.5985,-6.0652,-0.363912,True
2016-02-01,EQIX,sell_put,2.3432,6,6,-2.2153,0.1279,0.007674,True
2016-02-01,FDX,skip,0.0,0,0,3.0102,0.0,0.0,True
2016-02-01,GE,skip,0.0,0,0,0.1375,0.0,0.0,True
2016-02-01,GILD,skip,0.0,0,0,5.1205,0.0,0.0,True
2016-02-01,GIS,skip,0.0,0,0,4.9549,0.0,0.0,True
2016-02-01,GM,skip,0.0,0,0,-0.6748,0.0,0.0,True
2016-02-01,GOOGL,skip,0.0,0,0,-5.7963,0.0,0.0,True
2016-02-01,GS,skip,0.0,0,0,-7.4461,0.0,0.0,True
2016-02-01,HD,skip,0.0,0,0,-1.3041,0.0,0.0,True
2016-02-01,HON,skip,0.0,0,0,-1.7927,0.0,0.0,True
2016-02-01,IBM,skip,0.0,0,0,5.0004,0.0,0.0,True
2016-02-01,INTC,skip,0.0,0,0,-4.61,0.0,0.0,True
2016-02-01,ITW,skip,0.0,0,0,4.6408,0.0,0.0,True
2016-02-01,JNJ,sell_put,1.6015,6,6,0.7372,1.6015,0.09609,True
2016-02-01,JPM,skip,0.0,0,0,-4.7434,0.0,0.0,True
2016-02-01,KO,skip,0.0,0,0,0.4893,0.0,0.0,True
2016-02-01,LLY,skip,0.0,0,0,-8.976,0.0,0.0,True
2016-02-01,LMT,skip,0.0,0,0,2.2702,0.0,0.0,True
2016-02-01,LOW,skip,0.0,0,0,-5.3844,0.0,0.0,True
2016-02-01,LYB,skip,0.0,0,0,2.8729,0.0,0.0,True
2016-02-01,MA,skip,0.0,0,0,-2.1744,0.0,0.0,True
2016-02-01,MCD,sell_put,1.5389,6,6,-5.3239,-3.785,-0.2271,True
2016-02-01,MDLZ,skip,0.0,0,0,-5.9628,0.0,0.0,True
2016-02-01,MDT,skip,0.0,0,0,1.9363,0.0,0.0,True
2016-02-01,MET,skip,0.0,0,0,-11.3997,0.0,0.0,True
2016-02-01,META,sell_put,3.3808,6,6,-4.7144,-1.3336,-0.080016,True
2016-02-01,MMM,sell_put,2.3432,6,6,3.8874,2.3432,0.140592,True
2016-02-01,MO,sell_put,1.7409,6,6,0.7528,1.7409,0.104454,True
2016-02-01,MRK,skip,0.0,0,0,-0.9079,0.0,0.0,True
2016-02-01,MS,skip,0.0,0,0,-3.9946,0.0,0.0,True
2016-02-01,MSFT,skip,0.0,0,0,-7.642,0.0,0.0,True
2016-02-01,NEE,sell_put,1.5389,6,6,0.9936,1.5389,0.092334,True
2016-02-01,NFLX,skip,0.0,0,0,1.7095,0.0,0.0,True
2016-02-01,NKE,skip,0.0,0,0,-0.6773,0.0,0.0,True
2016-02-01,ORCL,skip,0.0,0,0,1.712,0.0,0.0,True
2016-02-01,PEP,sell_put,1.7409,6,6,-1.4904,0.2505,0.01503,True
2016-02-01,PFE,skip,0.0,0,0,-2.6894,0.0,0.0,True
2016-02-01,PG,sell_put,1.636,6,6,-0.8571,0.7789,0.046734,True
2016-02-01,PM,sell_put,1.7409,6,6,1.1332,1.7409,0.104454,True
2016-02-01,PPL,sell_put,1.5389,6,6,-0.1996,1.3393,0.080358,True
2016-02-01,PRU,skip,0.0,0,0,-5.6935,0.0,0.0,True
2016-02-01,PYPL,skip,0.0,0,0,5.534,0.0,0.0,True
2016-02-01,QCOM,skip,0.0,0,0,12.0203,0.0,0.0,True
2016-02-01,SBUX,sell_put,1.5389,6,6,-4.2126,-2.6737,-0.160422,True
2016-02-01,SCHW,skip,0.0,0,0,-1.8801,0.0,0.0,True
2016-02-01,SLB,sell_put,2.5333,6,6,-0.761,1.7723,0.106338,True
2016-02-01,SO,sell_put,1.5389,6,6,-1.5127,0.0262,0.001572,True
2016-02-01,SPG,skip,0.0,0,0,1.8521,0.0,0.0,True
2016-02-01,SYK,sell_put,1.9166,6,6,0.7363,1.9166,0.114996,True
2016-02-01,T,sell_put,2.4162,6,6,4.386,2.4162,0.144972,True
2016-02-01,TGT,skip,0.0,0,0,8.3264,0.0,0.0,True
2016-02-01,TMO,skip,0.0,0,0,-2.1732,0.0,0.0,True
2016-02-01,TXN,skip,0.0,0,0,0.9269,0.0,0.0,True
2016-02-01,UNH,skip,0.0,0,0,3.4213,0.0,0.0,True
2016-02-01,UNP,skip,0.0,0,0,9.5278,0.0,0.0,True
2016-02-01,USB,skip,0.0,0,0,-3.8442,0.0,0.0,True
2016-02-01,V,skip,0.0,0,0,-2.8192,0.0,0.0,True
2016-02-01,VZ,sell_put,2.4162,6,6,2.7696,2.4162,0.144972,True
2016-02-01,WFC,skip,0.0,0,0,-6.5897,0.0,0.0,True
2016-02-01,WMT,sell_put,1.9073,6,6,-0.0301,1.8771,0.112626,True
2016-02-01,XOM,skip,0.0,0,0,2.9544,0.0,0.0,True
2016-03-01,AAPL,skip,0.0,0,0,13.3327,0.0,0.0,True
2016-03-01,ABBV,sell_put,1.4869,4,4,4.5962,1.4869,0.059476,True
2016-03-01,ABT,sell_put,1.301,4,4,7.9763,1.301,0.05204,True
2016-03-01,ADBE,skip,0.0,0,0,10.1585,0.0,0.0,True
2016-03-01,ADP,sell_put,1.5907,4,4,5.9275,1.5907,0.063628,True
2016-03-01,AIG,skip,0.0,0,0,7.6693,0.0,0.0,True
2016-03-01,AMGN,skip,0.0,0,0,6.1095,0.0,0.0,True
2016-03-01,AMT,skip,0.0,0,0,11.0304,0.0,0.0,True
2016-03-01,AMZN,skip,0.0,0,0,7.4423,0.0,0.0,True
2016-03-01,AXP,sell_put,1.411,4,4,10.4714,1.411,0.05644,True
2016-03-01,BA,skip,0.0,0,0,8.4064,0.0,0.0,True
2016-03-01,BAC,skip,0.0,0,0,7.9872,0.0,0.0,True
2016-03-01,BDX,sell_put,1.301,4,4,2.9637,1.301,0.05204,True
2016-03-01,BIIB,skip,0.0,0,0,0.3469,0.0,0.0,True
2016-03-01,BLK,skip,0.0,0,0,9.1711,0.0,0.0,True
2016-03-01,BMY,skip,0.0,0,0,3.1487,0.0,0.0,True
2016-03-01,BRK-B,sell_put,0.957,4,4,5.7464,0.957,0.03828,True
2016-03-01,C,skip,0.0,0,0,7.4646,0.0,0.0,True
2016-03-01,CAT,sell_put,1.7197,4,4,13.0576,1.7197,0.068788,True
2016-03-01,CL,skip,0.0,0,0,7.6325,0.0,0.0,True
2016-03-01,COST,skip,0.0,0,0,5.3171,0.0,0.0,True
2016-03-01,CRM,skip,0.0,0,0,8.9742,0.0,0.0,True
2016-03-01,CSCO,sell_put,1.5907,4,4,8.7472,1.5907,0.063628,True
2016-03-01,CTSH,skip,0.0,0,0,10.0386,0.0,0.0,True
2016-03-01,CVS,sell_put,1.5727,4,4,6.7511,1.5727,0.062908,True
2016-03-01,CVX,skip,0.0,0,0,15.7838,0.0,0.0,True
2016-03-01,DHR,sell_put,1.301,4,4,6.2619,1.301,0.05204,True
2016-03-01,DIS,skip,0.0,0,0,3.9677,0.0,0.0,True
2016-03-01,DUK,skip,0.0,0,0,9.7633,0.0,0.0,True
2016-03-01,ELV,sell_put,1.5727,4,4,6.3509,1.5727,0.062908,True
2016-03-01,EOG,skip,0.0,0,0,12.11,0.0,0.0,True
2016-03-01,EQIX,skip,0.0,0,0,8.8972,0.0,0.0,True
2016-03-01,FDX,sell_put,1.5907,4,4,18.8778,1.5907,0.063628,True
2016-03-01,GE,sell_put,1.7197,4,4,9.9674,1.7197,0.068788,True
2016-03-01,GILD,sell_put,1.4869,4,4,5.2836,1.4869,0.059476,True
2016-03-01,GIS,sell_put,1.1818,4,4,7.6466,1.1818,0.047272,True
2016-03-01,GM,skip,0.0,0,0,6.7595,0.0,0.0,True
2016-03-01,GOOGL,skip,0.0,0,0,6.369,0.0,0.0,True
2016-03-01,GS,skip,0.0,0,0,5.4384,0.0,0.0,True
2016-03-01,HD,skip,0.0,0,0,7.5008,0.0,0.0,True
2016-03-01,HON,skip,0.0,0,0,11.1865,0.0,0.0,True
2016-03-01,IBM,sell_put,1.5907,4,4,16.7649,1.5907,0.063628,True
2016-03-01,INTC,skip,0.0,0,0,10.2897,0.0,0.0,True
2016-03-01,ITW,sell_put,1.5907,4,4,8.6896,1.5907,0.063628,True
2016-03-01,JNJ,sell_put,1.0871,4,4,3.5873,1.0871,0.043484,True
2016-03-01,JPM,skip,0.0,0,0,5.1865,0.0,0.0,True
2016-03-01,KO,sell_put,1.0447,4,4,7.5586,1.0447,0.041788,True
2016-03-01,LLY,skip,0.0,0,0,0.7104,0.0,0.0,True
2016-03-01,LMT,sell_put,1.7197,4,4,3.4216,1.7197,0.068788,True
2016-03-01,LOW,skip,0.0,0,0,12.1724,0.0,0.0,True
2016-03-01,LYB,sell_put,1.7197,4,4,7.7692,1.7197,0.068788,True
2016-03-01,MA,skip,0.0,0,0,8.7207,0.0,0.0,True
2016-03-01,MCD,skip,0.0,0,0,8.0571,0.0,0.0,True
2016-03-01,MDLZ,skip,0.0,0,0,-1.0116,0.0,0.0,True
2016-03-01,MDT,sell_put,1.301,4,4,-3.0882,-1.7872,-0.071488,True
2016-03-01,MET,skip,0.0,0,0,12.0545,0.0,0.0,True
2016-03-01,META,skip,0.0,0,0,6.7153,0.0,0.0,True
2016-03-01,MMM,sell_put,1.5907,4,4,6.9892,1.5907,0.063628,True
2016-03-01,MO,sell_put,1.1818,4,4,1.7703,1.1818,0.047272,True
2016-03-01,MRK,skip,0.0,0,0,5.3774,0.0,0.0,True
2016-03-01,MS,skip,0.0,0,0,1.2551,0.0,0.0,True
2016-03-01,MSFT,skip,0.0,0,0,9.3289,0.0,0.0,True
2016-03-01,NEE,sell_put,1.0447,4,4,5.6845,1.0447,0.041788,True
2016-03-01,NFLX,sell_put,2.3506,4,4,9.4422,2.3506,0.094024,True
2016-03-01,NKE,skip,0.0,0,0,-0.1949,0.0,0.0,True
2016-03-01,ORCL,sell_put,1.9089,4,4,11.2289,1.9089,0.076356,True
2016-03-01,PEP,skip,0.0,0,0,4.7639,0.0,0.0,True
2016-03-01,PFE,skip,0.0,0,0,0.9032,0.0,0.0,True
2016-03-01,PG,skip,0.0,0,0,2.5158,0.0,0.0,True
2016-03-01,PM,sell_put,1.1818,4,4,7.7777,1.1818,0.047272,True
2016-03-01,PPL,skip,0.0,0,0,8.8025,0.0,0.0,True
2016-03-01,PRU,skip,0.0,0,0,10.4441,0.0,0.0,True
2016-03-01,PYPL,sell_put,1.411,4,4,1.2061,1.411,0.05644,True
2016-03-01,QCOM,sell_put,2.2585,4,4,1.6342,2.2585,0.09034,True
2016-03-01,SBUX,skip,0.0,0,0,2.8948,0.0,0.0,True
2016-03-01,SCHW,skip,0.0,0,0,12.1446,0.0,0.0,True
2016-03-01,SLB,skip,0.0,0,0,3.5829,0.0,0.0,True
2016-03-01,SO,skip,0.0,0,0,8.5662,0.0,0.0,True
2016-03-01,SPG,sell_put,1.5907,4,4,10.4537,1.5907,0.063628,True
2016-03-01,SYK,sell_put,1.301,4,4,7.4189,1.301,0.05204,True
2016-03-01,T,sell_put,1.6402,4,4,6.0081,1.6402,0.065608,True
2016-03-01,TGT,sell_put,1.2947,4,4,5.7524,1.2947,0.051788,True
2016-03-01,TMO,skip,0.0,0,0,9.5982,0.0,0.0,True
2016-03-01,TXN,sell_put,2.2079,4,4,8.2987,2.2079,0.088316,True
2016-03-01,UNH,sell_put,1.5727,4,4,8.2284,1.5727,0.062908,True
2016-03-01,UNP,sell_put,1.7197,4,4,1.5724,1.7197,0.068788,True
2016-03-01,USB,skip,0.0,0,0,5.3738,0.0,0.0,True
2016-03-01,V,skip,0.0,0,0,5.8584,0.0,0.0,True
2016-03-01,VZ,sell_put,1.6402,4,4,6.6036,1.6402,0.065608,True
2016-03-01,WFC,skip,0.0,0,0,3.8667,0.0,0.0,True
2016-03-01,WMT,skip,0.0,0,0,3.2409,0.0,0.0,True
2016-03-01,XOM,sell_put,1.7197,4,4,5.2385,1.7197,0.068788,True
2016-04-01,AAPL,sell_put,1.8728,1,1,-13.9921,-12.1193,-0.121193,False
2016-04-01,ABBV,sell_put,1.6734,1,1,6.7927,1.6734,0.016734,False
2016-04-01,ABT,sell_put,1.4643,1,1,-7.0046,-5.5403,-0.055403,False
2016-04-01,ADBE,sell_put,2.2812,1,1,0.4478,2.2812,0.022812,False
2016-04-01,ADP,sell_put,1.7902,1,1,-0.8007,0.9895,0.009895,False
2016-04-01,AIG,sell_put,1.6212,1,1,3.9193,1.6212,0.016212,False
2016-04-01,AMGN,sell_put,1.6734,1,1,5.5826,1.6734,0.016734,False
2016-04-01,AMT,sell_put,1.7902,1,1,2.4519,1.7902,0.017902,False
2016-04-01,AMZN,sell_put,2.2782,1,1,11.1094,2.2782,0.022782,False
2016-04-01,AXP,sell_put,1.588,1,1,6.5636,1.588,0.01588,False
2016-04-01,BA,sell_put,1.7861,1,1,6.1919,1.7861,0.017861,False
2016-04-01,BAC,sell_put,1.9082,1,1,8.1021,1.9082,0.019082,False
2016-04-01,BDX,sell_put,1.4643,1,1,6.6915,1.4643,0.014643,False
2016-04-01,BIIB,sell_put,1.6734,1,1,5.6354,1.6734,0.016734,False
2016-04-01,BLK,sell_put,1.6212,1,1,5.366,1.6212,0.016212,False
2016-04-01,BMY,sell_put,1.6734,1,1,13.666,1.6734,0.016734,False
2016-04-01,BRK-B,sell_put,1.077,1,1,2.5373,1.077,0.01077,False
2016-04-01,C,sell_put,1.7861,1,1,10.8503,1.7861,0.017861,False
2016-04-01,CAT,sell_put,1.9354,1,1,1.5417,1.9354,0.019354,False
2016-04-01,CL,sell_put,1.2499,1,1,0.3822,1.2499,0.012499,False
2016-04-01,COST,sell_put,1.5351,1,1,-5.9969,-4.4618,-0.044618,False
2016-04-01,CRM,sell_put,2.3183,1,1,2.6683,2.3183,0.023183,False
2016-04-01,CSCO,sell_put,1.7902,1,1,-3.4422,-1.652,-0.01652,False
2016-04-01,CTSH,sell_put,1.7902,1,1,-6.9059,-5.1157,-0.051157,False
2016-04-01,CVS,sell_put,1.77,1,1,-3.1139,-1.3439,-0.013439,False
2016-04-01,CVX,sell_put,1.7846,1,1,7.107,1.7846,0.017846,False
2016-04-01,DHR,sell_put,1.4643,1,1,2.1647,1.4643,0.014643,False
2016-04-01,DIS,sell_put,1.9454,1,1,3.9775,1.9454,0.019454,False
2016-04-01,DUK,sell_put,1.1757,1,1,-2.355,-1.1793,-0.011793,False
2016-04-01,ELV,sell_put,1.77,1,1,1.7773,1.77,0.0177,False
2016-04-01,EOG,sell_put,1.9354,1,1,13.833,1.9354,0.019354,False
2016-04-01,EQIX,sell_put,1.7902,1,1,0.4588,1.7902,0.017902,False
2016-04-01,FDX,sell_put,1.7902,1,1,1.6478,1.7902,0.017902,False
2016-04-01,GE,sell_put,1.9354,1,1,-3.2715,-1.3361,-0.013361,False
2016-04-01,GILD,sell_put,1.6734,1,1,-3.5106,-1.8372,-0.018372,False
2016-04-01,GIS,sell_put,1.33,1,1,-3.1728,-1.8428,-0.018428,False
2016-04-01,GM,sell_put,1.9354,1,1,2.4461,1.9354,0.019354,False
2016-04-01,GOOGL,sell_put,2.0754,1,1,-7.2119,-5.1366,-0.051366,False
2016-04-01,GS,sell_put,1.6212,1,1,4.542,1.6212,0.016212,False
2016-04-01,HD,sell_put,1.6551,1,1,0.8966,1.6551,0.016551,False
2016-04-01,HON,sell_put,1.7902,1,1,1.9813,1.7902,0.017902,False
2016-04-01,IBM,sell_put,1.7902,1,1,-3.6382,-1.848,-0.01848,False
2016-04-01,INTC,sell_put,2.4849,1,1,-6.3988,-3.9139,-0.039139,False
2016-04-01,ITW,sell_put,1.7902,1,1,2.5869,1.7902,0.017902,False
2016-04-01,JNJ,sell_put,1.2235,1,1,3.5859,1.2235,0.012235,False
2016-04-01,JPM,sell_put,1.6212,1,1,6.7207,1.6212,0.016212,False
2016-04-01,KO,sell_put,1.1757,1,1,-2.6743,-1.4986,-0.014986,False
2016-04-01,LLY,sell_put,2.1016,1,1,4.8882,2.1016,0.021016,False
2016-04-01,LMT,sell_put,1.9354,1,1,4.912,1.9354,0.019354,False
2016-04-01,LOW,sell_put,1.6551,1,1,0.3564,1.6551,0.016551,False
2016-04-01,LYB,sell_put,1.9354,1,1,-3.4003,-1.4649,-0.014649,False
2016-04-01,MA,sell_put,1.588,1,1,2.6349,1.588,0.01588,False
2016-04-01,MCD,sell_put,1.1757,1,1,0.6445,1.1757,0.011757,False
2016-04-01,MDLZ,skip,0.0,0,0,7.5423,0.0,0.0,False
2016-04-01,MDT,skip,0.0,0,0,6.0692,0.0,0.0,False
2016-04-01,MET,sell_put,1.6212,1,1,2.64,1.6212,0.016212,False
2016-04-01,META,sell_put,2.5829,1,1,3.0499,2.5829,0.025829,False
2016-04-01,MMM,sell_put,1.7902,1,1,0.4501,1.7902,0.017902,False
2016-04-01,MO,sell_put,1.33,1,1,0.9854,1.33,0.0133,False
2016-04-01,MRK,sell_put,1.6189,1,1,4.5544,1.6189,0.016189,False
2016-04-01,MS,sell_put,1.6212,1,1,8.1967,1.6212,0.016212,False
2016-04-01,MSFT,sell_put,1.7248,1,1,-9.7048,-7.9801,-0.079801,False
2016-04-01,NEE,sell_put,1.1757,1,1,-0.6422,0.5335,0.005335,False
2016-04-01,NFLX,sell_put,2.6454,1,1,-11.9339,-9.2884,-0.092884,False
2016-04-01,NKE,skip,0.0,0,0,-3.8686,0.0,0.0,False
2016-04-01,ORCL,sell_put,2.1484,1,1,-2.5666,-0.4182,-0.004182,False
2016-04-01,PEP,sell_put,1.33,1,1,1.1863,1.33,0.0133,False
2016-04-01,PFE,sell_put,1.6734,1,1,10.3576,1.6734,0.016734,False
2016-04-01,PG,sell_put,1.2499,1,1,-2.6607,-1.4108,-0.014108,False
2016-04-01,PM,sell_put,1.33,1,1,1.0557,1.33,0.0133,False
2016-04-01,PPL,sell_put,1.1757,1,1,-0.0765,1.0992,0.010992,False
2016-04-01,PRU,sell_put,1.6212,1,1,7.5048,1.6212,0.016212,False
2016-04-01,PYPL,sell_put,1.588,1,1,1.5026,1.588,0.01588,False
2016-04-01,QCOM,sell_put,2.5418,1,1,-1.2124,1.3294,0.013294,False
2016-04-01,SBUX,sell_put,1.1757,1,1,-5.8124,-4.6366,-0.046366,False
2016-04-01,SCHW,sell_put,1.6212,1,1,1.3918,1.6212,0.016212,False
2016-04-01,SLB,sell_put,1.9354,1,1,8.9355,1.9354,0.019354,False
2016-04-01,SO,sell_put,1.1757,1,1,-3.151,-1.9753,-0.019753,False
2016-04-01,SPG,sell_put,1.7902,1,1,-3.1393,-1.3491,-0.013491,False
2016-04-01,SYK,sell_put,1.4643,1,1,1.972,1.4643,0.014643,False
2016-04-01,T,sell_put,1.846,1,1,-0.8935,0.9524,0.009524,False
2016-04-01,TGT,sell_put,1.4571,1,1,-3.3787,-1.9216,-0.019216,False
2016-04-01,TMO,sell_put,1.6965,1,1,1.9896,1.6965,0.016965,False
2016-04-01,TXN,sell_put,2.4849,1,1,-0.6618,1.8231,0.018231,False
2016-04-01,UNH,sell_put,1.77,1,1,2.5783,1.77,0.0177,False
2016-04-01,UNP,sell_put,1.9354,1,1,9.6544,1.9354,0.019354,False
2016-04-01,USB,sell_put,1.6212,1,1,5.837,1.6212,0.016212,False
2016-04-01,V,sell_put,1.5182,1,1,0.9937,1.5182,0.015182,False
2016-04-01,VZ,sell_put,1.846,1,1,-5.8062,-3.9603,-0.039603,False
2016-04-01,WFC,sell_put,2.0733,1,1,3.3499,2.0733,0.020733,False
2016-04-01,WMT,sell_put,1.4571,1,1,-1.6425,-0.1854,-0.001854,False
2016-04-01,XOM,sell_put,1.9354,1,1,5.7543,1.9354,0.019354,False
2016-05-01,AAPL,skip,0.0,0,0,6.5287,0.0,0.0,False
2016-05-01,ABBV,sell_put,1.5125,1,1,4.1553,1.5125,0.015125,False
2016-05-01,ABT,skip,0.0,0,0,2.499,0.0,0.0,False
2016-05-01,ADBE,sell_put,2.0618,1,1,5.5721,2.0618,0.020618,False
2016-05-01,ADP,skip,0.0,0,0,-0.6785,0.0,0.0,False
2016-05-01,AIG,sell_put,1.4653,1,1,3.6904,1.4653,0.014653,False
2016-05-01,AMGN,sell_put,1.5125,1,1,-0.2211,1.2913,0.012913,False
2016-05-01,AMT,sell_put,1.618,1,1,1.3504,1.618,0.01618,False
2016-05-01,AMZN,sell_put,2.0591,1,1,9.5817,2.0591,0.020591,False
2016-05-01,AXP,sell_put,1.4353,1,1,0.9909,1.4353,0.014353,False
2016-05-01,BA,sell_put,1.6143,1,1,-6.4169,-4.8026,-0.048026,False
2016-05-01,BAC,sell_put,1.7246,1,1,1.5797,1.7246,0.017246,False
2016-05-01,BDX,sell_put,1.3234,1,1,3.2184,1.3234,0.013234,False
2016-05-01,BIIB,sell_put,1.5125,1,1,5.3602,1.5125,0.015125,False
2016-05-01,BLK,sell_put,1.4653,1,1,2.1104,1.4653,0.014653,False
2016-05-01,BMY,sell_put,1.5125,1,1,-0.665,0.8475,0.008475,False
2016-05-01,BRK-B,sell_put,0.9734,1,1,-3.3957,-2.4222,-0.024222,False
2016-05-01,C,sell_put,1.6143,1,1,0.733,1.6143,0.016143,False
2016-05-01,CAT,sell_put,1.7493,1,1,-5.7939,-4.0446,-0.040446,False
2016-05-01,CL,sell_put,1.1297,1,1,-0.1758,0.9538,0.009538,False
2016-05-01,COST,skip,0.0,0,0,0.7291,0.0,0.0,False
2016-05-01,CRM,sell_put,2.0954,1,1,10.4354,2.0954,0.020954,False
2016-05-01,CSCO,skip,0.0,0,0,6.6412,0.0,0.0,False
2016-05-01,CTSH,skip,0.0,0,0,5.2596,0.0,0.0,False
2016-05-01,CVS,skip,0.0,0,0,-3.634,0.0,0.0,False
2016-05-01,CVX,sell_put,1.613,1,1,-1.1549,0.4581,0.004581,False
2016-05-01,DHR,sell_put,1.3234,1,1,1.6641,1.3234,0.013234,False
2016-05-01,DIS,sell_put,1.7583,1,1,-3.9125,-2.1542,-0.021542,False
2016-05-01,DUK,skip,0.0,0,0,-0.6981,0.0,0.0,False
2016-05-01,ELV,sell_put,1.5997,1,1,-6.1164,-4.5166,-0.045166,False
2016-05-01,EOG,sell_put,1.7493,1,1,-1.3111,0.4381,0.004381,False
2016-05-01,EQIX,sell_put,1.618,1,1,9.5807,1.618,0.01618,False
2016-05-01,FDX,sell_put,1.618,1,1,-0.0848,1.5332,0.015332,False
2016-05-01,GE,skip,0.0,0,0,-1.6911,0.0,0.0,False
2016-05-01,GILD,skip,0.0,0,0,-1.3037,0.0,0.0,False
2016-05-01,GIS,skip,0.0,0,0,3.0869,0.0,0.0,False
2016-05-01,GM,sell_put,1.7493,1,1,-1.6352,0.1141,0.001141,False
2016-05-01,GOOGL,skip,0.0,0,0,5.7877,0.0,0.0,False
2016-05-01,GS,sell_put,1.4653,1,1,-2.8213,-1.356,-0.01356,False
2016-05-01,HD,sell_put,1.4959,1,1,-1.322,0.1739,0.001739,False
2016-05-01,HON,sell_put,1.618,1,1,-0.385,1.233,0.01233,False
2016-05-01,IBM,skip,0.0,0,0,5.3446,0.0,0.0,False
2016-05-01,INTC,skip,0.0,0,0,4.3263,0.0,0.0,False
2016-05-01,ITW,sell_put,1.618,1,1,1.4447,1.618,0.01618,False
2016-05-01,JNJ,sell_put,1.1058,1,1,0.5443,1.1058,0.011058,False
2016-05-01,JPM,sell_put,1.4653,1,1,4.0399,1.4653,0.014653,False
2016-05-01,KO,skip,0.0,0,0,-0.4464,0.0,0.0,False
2016-05-01,LLY,sell_put,1.8994,1,1,-0.662,1.2375,0.012375,False
2016-05-01,LMT,sell_put,1.7493,1,1,1.6568,1.7493,0.017493,False
2016-05-01,LOW,sell_put,1.4959,1,1,5.7897,1.4959,0.014959,False
2016-05-01,LYB,skip,0.0,0,0,-1.5845,0.0,0.0,False
2016-05-01,MA,sell_put,1.4353,1,1,-0.9243,0.511,0.00511,False
2016-05-01,MCD,sell_put,1.0626,1,1,-3.5023,-2.4396,-0.024396,False
2016-05-01,MDLZ,sell_put,1.2021,1,1,3.5615,1.2021,0.012021,False
2016-05-01,MDT,sell_put,1.3234,1,1,1.6804,1.3234,0.013234,False
2016-05-01,MET,sell_put,1.4653,1,1,0.9978,1.4653,0.014653,False
2016-05-01,META,sell_put,2.3345,1,1,1.0461,2.3345,0.023345,False
2016-05-01,MMM,sell_put,1.618,1,1,0.5616,1.618,0.01618,False
2016-05-01,MO,sell_put,1.2021,1,1,1.483,1.2021,0.012021,False
2016-05-01,MRK,sell_put,1.4632,1,1,2.5894,1.4632,0.014632,False
2016-05-01,MS,sell_put,1.4653,1,1,1.6993,1.4653,0.014653,False
2016-05-01,MSFT,skip,0.0,0,0,6.2763,0.0,0.0,False
2016-05-01,NEE,skip,0.0,0,0,2.1602,0.0,0.0,False
2016-05-01,NFLX,skip,0.0,0,0,13.9287,0.0,0.0,False
2016-05-01,NKE,skip,0.0,0,0,-6.3115,0.0,0.0,False
2016-05-01,ORCL,skip,0.0,0,0,1.2289,0.0,0.0,False
2016-05-01,PEP,sell_put,1.2021,1,1,-1.7386,-0.5365,-0.005365,False
2016-05-01,PFE,sell_put,1.5125,1,1,6.0838,1.5125,0.015125,False
2016-05-01,PG,skip,0.0,0,0,1.9768,0.0,0.0,False
2016-05-01,PM,sell_put,1.2021,1,1,0.5707,1.2021,0.012021,False
2016-05-01,PPL,skip,0.0,0,0,2.3911,0.0,0.0,False
2016-05-01,PRU,sell_put,1.4653,1,1,2.0737,1.4653,0.014653,False
2016-05-01,PYPL,sell_put,1.4353,1,1,-3.5477,-2.1125,-0.021125,False
2016-05-01,QCOM,skip,0.0,0,0,8.7094,0.0,0.0,False
2016-05-01,SBUX,skip,0.0,0,0,-2.3831,0.0,0.0,False
2016-05-01,SCHW,sell_put,1.4653,1,1,7.6382,1.4653,0.014653,False
2016-05-01,SLB,sell_put,1.7493,1,1,-5.0286,-3.2794,-0.032794,False
2016-05-01,SO,skip,0.0,0,0,-1.3174,0.0,0.0,False
2016-05-01,SPG,skip,0.0,0,0,-1.7547,0.0,0.0,False
2016-05-01,SYK,sell_put,1.3234,1,1,1.9723,1.3234,0.013234,False
2016-05-01,T,skip,0.0,0,0,2.5125,0.0,0.0,False
2016-05-01,TGT,skip,0.0,0,0,-13.4843,0.0,0.0,False
2016-05-01,TMO,sell_put,1.5334,1,1,5.2132,1.5334,0.015334,False
2016-05-01,TXN,skip,0.0,0,0,6.9193,0.0,0.0,False
2016-05-01,UNH,sell_put,1.5997,1,1,1.5112,1.5997,0.015997,False
2016-05-01,UNP,sell_put,1.7493,1,1,-3.4851,-1.7358,-0.017358,False
2016-05-01,USB,sell_put,1.4653,1,1,0.3045,1.4653,0.014653,False
2016-05-01,V,sell_put,1.3722,1,1,2.2009,1.3722,0.013722,False
2016-05-01,VZ,skip,0.0,0,0,0.9762,0.0,0.0,False
2016-05-01,WFC,sell_put,1.8739,1,1,1.4806,1.8739,0.018739,False
2016-05-01,WMT,skip,0.0,0,0,5.8471,0.0,0.0,False
2016-05-01,XOM,sell_put,1.7493,1,1,0.7014,1.7493,0.017493,False
2016-06-01,AAPL,sell_put,1.8644,1,1,-3.6831,-1.8186,-0.018186,False
2016-06-01,ABBV,sell_put,1.666,1,1,-1.6208,0.0451,0.000451,False
2016-06-01,ABT,sell_put,1.4577,1,1,-0.8074,0.6503,0.006503,False
2016-06-01,ADBE,sell_put,2.271,1,1,-3.6996,-1.4286,-0.014286,False
2016-06-01,ADP,skip,0.0,0,0,4.5879,0.0,0.0,False
2016-06-01,AIG,sell_put,1.614,1,1,-8.6213,-7.0073,-0.070073,False
2016-06-01,AMGN,skip,0.0,0,0,-3.0379,0.0,0.0,False
2016-06-01,AMT,sell_put,1.7822,1,1,7.4021,1.7822,0.017822,False
2016-06-01,AMZN,sell_put,2.268,1,1,-0.992,1.276,0.01276,False
2016-06-01,AXP,sell_put,1.5809,1,1,-7.6034,-6.0225,-0.060225,False
2016-06-01,BA,skip,0.0,0,0,3.7886,0.0,0.0,False
2016-06-01,BAC,sell_put,1.8997,1,1,-10.2772,-8.3775,-0.083775,False
2016-06-01,BDX,sell_put,1.4577,1,1,1.8864,1.4577,0.014577,False
2016-06-01,BIIB,sell_put,1.666,1,1,-16.5361,-14.8701,-0.148701,False
2016-06-01,BLK,sell_put,1.614,1,1,-5.8596,-4.2456,-0.042456,False
2016-06-01,BMY,skip,0.0,0,0,2.5802,0.0,0.0,False
2016-06-01,BRK-B,skip,0.0,0,0,3.0241,0.0,0.0,False
2016-06-01,C,sell_put,1.7782,1,1,-8.9757,-7.1976,-0.071976,False
2016-06-01,CAT,skip,0.0,0,0,4.5511,0.0,0.0,False
2016-06-01,CL,skip,0.0,0,0,3.9625,0.0,0.0,False
2016-06-01,COST,sell_put,1.5283,1,1,5.5589,1.5283,0.015283,False
2016-06-01,CRM,sell_put,2.308,1,1,-5.1368,-2.8288,-0.028288,False
2016-06-01,CSCO,sell_put,1.7822,1,1,-1.2392,0.543,0.00543,False
2016-06-01,CTSH,sell_put,1.7822,1,1,-6.836,-5.0537,-0.050537,False
2016-06-01,CVS,skip,0.0,0,0,-0.7361,0.0,0.0,False
2016-06-01,CVX,skip,0.0,0,0,4.8893,0.0,0.0,False
2016-06-01,DHR,sell_put,1.4577,1,1,2.684,1.4577,0.014577,False
2016-06-01,DIS,skip,0.0,0,0,-1.411,0.0,0.0,False
2016-06-01,DUK,skip,0.0,0,0,10.8136,0.0,0.0,False
2016-06-01,ELV,skip,0.0,0,0,-0.6205,0.0,0.0,False
2016-06-01,EOG,skip,0.0,0,0,2.5319,0.0,0.0,False
2016-06-01,EQIX,sell_put,1.7822,1,1,7.6538,1.7822,0.017822,False
2016-06-01,FDX,skip,0.0,0,0,-7.9953,0.0,0.0,False
2016-06-01,GE,skip,0.0,0,0,4.135,0.0,0.0,False
2016-06-01,GILD,skip,0.0,0,0,-4.1811,0.0,0.0,False
2016-06-01,GIS,sell_put,1.3241,1,1,13.6031,1.3241,0.013241,False
2016-06-01,GM,skip,0.0,0,0,-9.5269,0.0,0.0,False
2016-06-01,GOOGL,sell_put,2.0661,1,1,-6.0519,-3.9858,-0.039858,False
2016-06-01,GS,skip,0.0,0,0,-6.4528,0.0,0.0,False
2016-06-01,HD,skip,0.0,0,0,-2.8525,0.0,0.0,False
2016-06-01,HON,skip,0.0,0,0,2.7196,0.0,0.0,False
2016-06-01,IBM,sell_put,1.7822,1,1,-0.3221,1.4601,0.014601,False
2016-06-01,INTC,sell_put,2.4738,1,1,4.7272,2.4738,0.024738,False
2016-06-01,ITW,sell_put,1.7822,1,1,-1.7637,0.0186,0.000186,False
2016-06-01,JNJ,sell_put,1.218,1,1,8.4089,1.218,0.01218,False
2016-06-01,JPM,sell_put,1.614,1,1,-4.7955,-3.1815,-0.031815,False
2016-06-01,KO,skip,0.0,0,0,1.6368,0.0,0.0,False
2016-06-01,LLY,skip,0.0,0,0,5.6589,0.0,0.0,False
2016-06-01,LMT,sell_put,1.9268,1,1,5.777,1.9268,0.019268,False
2016-06-01,LOW,sell_put,1.6477,1,1,-1.1981,0.4497,0.004497,False
2016-06-01,LYB,skip,0.0,0,0,-7.5579,0.0,0.0,False
2016-06-01,MA,skip,0.0,0,0,-8.1752,0.0,0.0,False
2016-06-01,MCD,skip,0.0,0,0,-1.4091,0.0,0.0,False
2016-06-01,MDLZ,sell_put,1.3241,1,1,2.2926,1.3241,0.013241,False
2016-06-01,MDT,sell_put,1.4577,1,1,7.8156,1.4577,0.014577,False
2016-06-01,MET,sell_put,1.614,1,1,-11.7543,-10.1403,-0.101403,False
2016-06-01,META,sell_put,2.5714,1,1,-3.8128,-1.2414,-0.012414,False
2016-06-01,MMM,sell_put,1.7822,1,1,4.7327,1.7822,0.017822,False
2016-06-01,MO,sell_put,1.3241,1,1,8.3596,1.3241,0.013241,False
2016-06-01,MRK,sell_put,1.6117,1,1,2.3996,1.6117,0.016117,False
2016-06-01,MS,sell_put,1.614,1,1,-5.0785,-3.4645,-0.034645,False
2016-06-01,MSFT,sell_put,1.7171,1,1,-2.7775,-1.0605,-0.010605,False
2016-06-01,NEE,sell_put,1.1705,1,1,9.3569,1.1705,0.011705,False
2016-06-01,NFLX,sell_put,2.6336,1,1,-10.8121,-8.1785,-0.081785,False
2016-06-01,NKE,skip,0.0,0,0,-0.0362,0.0,0.0,False
2016-06-01,ORCL,sell_put,2.1388,1,1,1.816,2.1388,0.021388,False
2016-06-01,PEP,skip,0.0,0,0,4.7148,0.0,0.0,False
2016-06-01,PFE,sell_put,1.666,1,1,2.3784,1.666,0.01666,False
2016-06-01,PG,sell_put,1.2443,1,1,4.4793,1.2443,0.012443,False
2016-06-01,PM,sell_put,1.3241,1,1,3.0806,1.3241,0.013241,False
2016-06-01,PPL,sell_put,1.1705,1,1,-2.0498,-0.8793,-0.008793,False
2016-06-01,PRU,sell_put,1.614,1,1,-9.1638,-7.5498,-0.075498,False
2016-06-01,PYPL,skip,0.0,0,0,-3.3872,0.0,0.0,False
2016-06-01,QCOM,sell_put,2.5304,1,1,-1.5217,1.0087,0.010087,False
2016-06-01,SBUX,skip,0.0,0,0,4.4268,0.0,0.0,False
2016-06-01,SCHW,sell_put,1.614,1,1,-17.0261,-15.4121,-0.154121,False
2016-06-01,SLB,skip,0.0,0,0,4.3132,0.0,0.0,False
2016-06-01,SO,skip,0.0,0,0,9.6957,0.0,0.0,False
2016-06-01,SPG,skip,0.0,0,0,10.6123,0.0,0.0,False
2016-06-01,SYK,sell_put,1.4577,1,1,7.7995,1.4577,0.014577,False
2016-06-01,T,sell_put,1.8377,1,1,10.3704,1.8377,0.018377,False
2016-06-01,TGT,skip,0.0,0,0,2.2874,0.0,0.0,False
2016-06-01,TMO,sell_put,1.689,1,1,-2.6422,-0.9532,-0.009532,False
2016-06-01,TXN,sell_put,2.4738,1,1,3.3828,2.4738,0.024738,False
2016-06-01,UNH,sell_put,1.7621,1,1,5.6333,1.7621,0.017621,False
2016-06-01,UNP,skip,0.0,0,0,4.3268,0.0,0.0,False
2016-06-01,USB,sell_put,1.614,1,1,-5.815,-4.201,-0.04201,False
2016-06-01,V,sell_put,1.5115,1,1,-5.8762,-4.3647,-0.043647,False
2016-06-01,VZ,sell_put,1.8377,1,1,9.7053,1.8377,0.018377,False
2016-06-01,WFC,sell_put,2.0641,1,1,-5.9691,-3.905,-0.03905,False
2016-06-01,WMT,sell_put,1.4506,1,1,3.9201,1.4506,0.014506,False
2016-06-01,XOM,sell_put,1.9268,1,1,6.1872,1.9268,0.019268,False
2016-07-01,AAPL,skip,0.0,0,0,9.0062,0.0,0.0,True
2016-07-01,ABBV,skip,0.0,0,0,6.9779,0.0,0.0,True
2016-07-01,ABT,skip,0.0,0,0,13.8387,0.0,0.0,True
2016-07-01,ADBE,skip,0.0,0,0,2.161,0.0,0.0,True
2016-07-01,ADP,sell_put,1.3535,4,4,-2.5841,-1.2306,-0.049224,True
2016-07-01,AIG,skip,0.0,0,0,3.5126,0.0,0.0,True
2016-07-01,AMGN,skip,0.0,0,0,13.0661,0.0,0.0,True
2016-07-01,AMT,sell_put,1.3535,4,4,2.4056,1.3535,0.05414,True
2016-07-01,AMZN,skip,0.0,0,0,6.0353,0.0,0.0,True
2016-07-01,AXP,skip,0.0,0,0,6.6236,0.0,0.0,True
2016-07-01,BA,sell_put,1.3504,4,4,2.9183,1.3504,0.054016,True
2016-07-01,BAC,skip,0.0,0,0,9.5641,0.0,0.0,True
2016-07-01,BDX,sell_put,1.1071,4,4,4.1842,1.1071,0.044284,True
2016-07-01,BIIB,skip,0.0,0,0,19.895,0.0,0.0,True
2016-07-01,BLK,skip,0.0,0,0,7.6008,0.0,0.0,True
2016-07-01,BMY,sell_put,1.2652,4,4,2.2527,1.2652,0.050608,True
2016-07-01,BRK-B,sell_put,0.8143,4,4,-0.3591,0.4552,0.018208,True
2016-07-01,C,skip,0.0,0,0,3.3499,0.0,0.0,True
2016-07-01,CAT,sell_put,1.4633,4,4,9.1676,1.4633,0.058532,True
2016-07-01,CL,sell_put,0.945,4,4,1.6803,0.945,0.0378,True
2016-07-01,COST,sell_put,1.1606,4,4,6.4824,1.1606,0.046424,True
2016-07-01,CRM,skip,0.0,0,0,3.0097,0.0,0.0,True
2016-07-01,CSCO,skip,0.0,0,0,6.4134,0.0,0.0,True
2016-07-01,CTSH,skip,0.0,0,0,0.4368,0.0,0.0,True
2016-07-01,CVS,skip,0.0,0,0,-3.1544,0.0,0.0,True
2016-07-01,CVX,sell_put,1.3493,4,4,-2.2417,-0.8924,-0.035696,True
2016-07-01,DHR,sell_put,1.1071,4,4,6.5291,1.1071,0.044284,True
2016-07-01,DIS,skip,0.0,0,0,-1.9117,0.0,0.0,True
2016-07-01,DUK,sell_put,0.8889,4,4,-0.2332,0.6557,0.026228,True
2016-07-01,ELV,skip,0.0,0,0,0.4914,0.0,0.0,True
2016-07-01,EOG,sell_put,1.4633,4,4,-2.0619,-0.5986,-0.023944,True
2016-07-01,EQIX,sell_put,1.3535,4,4,-3.8326,-2.4791,-0.099164,True
2016-07-01,FDX,skip,0.0,0,0,6.9341,0.0,0.0,True
2016-07-01,GE,sell_put,1.4633,4,4,-0.3307,1.1326,0.045304,True
2016-07-01,GILD,skip,0.0,0,0,-4.1989,0.0,0.0,True
2016-07-01,GIS,sell_put,1.0056,4,4,0.7992,1.0056,0.040224,True
2016-07-01,GM,skip,0.0,0,0,12.8675,0.0,0.0,True
2016-07-01,GOOGL,skip,0.0,0,0,12.4813,0.0,0.0,True
2016-07-01,GS,skip,0.0,0,0,6.8851,0.0,0.0,True
2016-07-01,HD,skip,0.0,0,0,8.2622,0.0,0.0,True
2016-07-01,HON,sell_put,1.3535,4,4,0.0086,1.3535,0.05414,True
2016-07-01,IBM,skip,0.0,0,0,5.8242,0.0,0.0,True
2016-07-01,INTC,sell_put,1.8787,4,4,6.2805,1.8787,0.075148,True
2016-07-01,ITW,skip,0.0,0,0,11.412,0.0,0.0,True
2016-07-01,JNJ,sell_put,0.925,4,4,3.2399,0.925,0.037,True
2016-07-01,JPM,skip,0.0,0,0,2.9449,0.0,0.0,True
2016-07-01,KO,sell_put,0.8889,4,4,-3.0122,-2.1233,-0.084932,True
2016-07-01,LLY,sell_put,1.5889,4,4,5.2572,1.5889,0.063556,True
2016-07-01,LMT,sell_put,1.4633,4,4,1.8374,1.4633,0.058532,True
2016-07-01,LOW,skip,0.0,0,0,3.9282,0.0,0.0,True
2016-07-01,LYB,skip,0.0,0,0,1.1287,0.0,0.0,True
2016-07-01,MA,skip,0.0,0,0,8.1536,0.0,0.0,True
2016-07-01,MCD,skip,0.0,0,0,-1.5167,0.0,0.0,True
2016-07-01,MDLZ,sell_put,1.0056,4,4,-2.9632,-1.9577,-0.078308,True
2016-07-01,MDT,sell_put,1.1071,4,4,0.9911,1.1071,0.044284,True
2016-07-01,MET,skip,0.0,0,0,7.3061,0.0,0.0,True
2016-07-01,META,skip,0.0,0,0,8.4529,0.0,0.0,True
2016-07-01,MMM,sell_put,1.3535,4,4,1.8501,1.3535,0.05414,True
2016-07-01,MO,sell_put,1.0056,4,4,-0.9811,0.0244,0.000976,True
2016-07-01,MRK,sell_put,1.224,4,4,2.6538,1.224,0.04896,True
2016-07-01,MS,skip,0.0,0,0,10.585,0.0,0.0,True
2016-07-01,MSFT,skip,0.0,0,0,10.768,0.0,0.0,True
2016-07-01,NEE,sell_put,0.8889,4,4,-1.6181,-0.7292,-0.029168,True
2016-07-01,NFLX,skip,0.0,0,0,-0.2514,0.0,0.0,True
2016-07-01,NKE,skip,0.0,0,0,0.8372,0.0,0.0,True
2016-07-01,ORCL,sell_put,1.6243,4,4,0.2687,1.6243,0.064972,True
2016-07-01,PEP,sell_put,1.0056,4,4,3.5839,1.0056,0.040224,True
2016-07-01,PFE,sell_put,1.2652,4,4,4.7714,1.2652,0.050608,True
2016-07-01,PG,sell_put,0.945,4,4,1.0866,0.945,0.0378,True
2016-07-01,PM,sell_put,1.0056,4,4,-0.4353,0.5703,0.022812,True
2016-07-01,PPL,skip,0.0,0,0,0.8709,0.0,0.0,True
2016-07-01,PRU,skip,0.0,0,0,5.5369,0.0,0.0,True
2016-07-01,PYPL,skip,0.0,0,0,1.9995,0.0,0.0,True
2016-07-01,QCOM,skip,0.0,0,0,16.8191,0.0,0.0,True
2016-07-01,SBUX,sell_put,0.8889,4,4,1.6282,0.8889,0.035556,True
2016-07-01,SCHW,skip,0.0,0,0,12.2877,0.0,0.0,True
2016-07-01,SLB,sell_put,1.4633,4,4,1.8209,1.4633,0.058532,True
2016-07-01,SO,sell_put,0.8889,4,4,-0.2424,0.6465,0.02586,True
2016-07-01,SPG,sell_put,1.3535,4,4,4.675,1.3535,0.05414,True
2016-07-01,SYK,sell_put,1.1071,4,4,-2.6402,-1.5331,-0.061324,True
2016-07-01,T,sell_put,1.3957,4,4,0.1851,1.3957,0.055828,True
2016-07-01,TGT,sell_put,1.1017,4,4,7.8917,1.1017,0.044068,True
2016-07-01,TMO,skip,0.0,0,0,7.6049,0.0,0.0,True
2016-07-01,TXN,sell_put,1.8787,4,4,11.3328,1.8787,0.075148,True
2016-07-01,UNH,sell_put,1.3382,4,4,1.8782,1.3382,0.053528,True
2016-07-01,UNP,sell_put,1.4633,4,4,6.6475,1.4633,0.058532,True
2016-07-01,USB,skip,0.0,0,0,5.2561,0.0,0.0,True
2016-07-01,V,skip,0.0,0,0,5.2312,0.0,0.0,True
2016-07-01,VZ,sell_put,1.3957,4,4,-0.77,0.6256,0.025024,True
2016-07-01,WFC,skip,0.0,0,0,1.3522,0.0,0.0,True
2016-07-01,WMT,sell_put,1.1017,4,4,-0.0685,1.0331,0.041324,True
2016-07-01,XOM,sell_put,1.4633,4,4,-5.1099,-3.6466,-0.145864,True
2016-08-01,AAPL,sell_put,1.6008,1,1,1.8137,1.6008,0.016008,False
2016-08-01,ABBV,sell_put,1.4304,1,1,-2.3665,-0.9361,-0.009361,False
2016-08-01,ABT,sell_put,1.2516,1,1,-5.5222,-4.2705,-0.042705,False
2016-08-01,ADBE,sell_put,1.9499,1,1,4.5473,1.9499,0.019499,False
2016-08-01,ADP,skip,0.0,0,0,0.9668,0.0,0.0,False
2016-08-01,AIG,sell_put,1.3858,1,1,9.9008,1.3858,0.013858,False
2016-08-01,AMGN,sell_put,1.4304,1,1,-1.1452,0.2852,0.002852,False
2016-08-01,AMT,sell_put,1.5302,1,1,-2.0645,-0.5342,-0.005342,False
2016-08-01,AMZN,sell_put,1.9473,1,1,1.364,1.9473,0.019473,False
2016-08-01,AXP,sell_put,1.3574,1,1,1.7375,1.3574,0.013574,False
2016-08-01,BA,sell_put,1.5267,1,1,-3.1498,-1.6231,-0.016231,False
2016-08-01,BAC,sell_put,1.6311,1,1,11.3872,1.6311,0.016311,False
2016-08-01,BDX,sell_put,1.2516,1,1,0.6875,1.2516,0.012516,False
2016-08-01,BIIB,sell_put,1.4304,1,1,5.4151,1.4304,0.014304,False
2016-08-01,BLK,sell_put,1.3858,1,1,1.7911,1.3858,0.013858,False
2016-08-01,BMY,sell_put,1.4304,1,1,-23.2857,-21.8553,-0.218553,False
2016-08-01,BRK-B,skip,0.0,0,0,4.3114,0.0,0.0,False
2016-08-01,C,sell_put,1.5267,1,1,9.3656,1.5267,0.015267,False
2016-08-01,CAT,sell_put,1.6543,1,1,-0.0248,1.6295,0.016295,False
2016-08-01,CL,sell_put,1.0684,1,1,0.4043,1.0684,0.010684,False
2016-08-01,COST,sell_put,1.3122,1,1,-3.0678,-1.7556,-0.017556,False
2016-08-01,CRM,sell_put,1.9817,1,1,-2.9095,-0.9279,-0.009279,False
2016-08-01,CSCO,sell_put,1.5302,1,1,3.9188,1.5302,0.015302,False
2016-08-01,CTSH,sell_put,1.5302,1,1,-0.087,1.4432,0.014432,False
2016-08-01,CVS,skip,0.0,0,0,1.1773,0.0,0.0,False
2016-08-01,CVX,skip,0.0,0,0,-1.854,0.0,0.0,False
2016-08-01,DHR,sell_put,1.2516,1,1,55.4943,1.2516,0.012516,False
2016-08-01,DIS,skip,0.0,0,0,-0.8378,0.0,0.0,False
2016-08-01,DUK,skip,0.0,0,0,-6.9284,0.0,0.0,False
2016-08-01,ELV,sell_put,1.5129,1,1,-4.7662,-3.2533,-0.032533,False
2016-08-01,EOG,skip,0.0,0,0,8.525,0.0,0.0,False
2016-08-01,EQIX,skip,0.0,0,0,-1.1318,0.0,0.0,False
2016-08-01,FDX,sell_put,1.5302,1,1,1.8715,1.5302,0.015302,False
2016-08-01,GE,skip,0.0,0,0,0.3211,0.0,0.0,False
2016-08-01,GILD,skip,0.0,0,0,-1.3716,0.0,0.0,False
2016-08-01,GIS,sell_put,1.1369,1,1,-0.8324,0.3045,0.003045,False
2016-08-01,GM,sell_put,1.6543,1,1,1.2048,1.6543,0.016543,False
2016-08-01,GOOGL,sell_put,1.774,1,1,-0.1883,1.5857,0.015857,False
2016-08-01,GS,sell_put,1.3858,1,1,6.7061,1.3858,0.013858,False
2016-08-01,HD,sell_put,1.4147,1,1,-2.9803,-1.5656,-0.015656,False
2016-08-01,HON,sell_put,1.5302,1,1,0.3267,1.5302,0.015302,False
2016-08-01,IBM,sell_put,1.5302,1,1,-1.0833,0.4469,0.004469,False
2016-08-01,INTC,sell_put,2.124,1,1,2.9547,2.124,0.02124,False
2016-08-01,ITW,sell_put,1.5302,1,1,2.9896,1.5302,0.015302,False
2016-08-01,JNJ,sell_put,1.0458,1,1,-4.7033,-3.6575,-0.036575,False
2016-08-01,JPM,sell_put,1.3858,1,1,6.3396,1.3858,0.013858,False
2016-08-01,KO,skip,0.0,0,0,-0.4584,0.0,0.0,False
2016-08-01,LLY,sell_put,1.7964,1,1,-6.201,-4.4046,-0.044046,False
2016-08-01,LMT,sell_put,1.6543,1,1,-3.8618,-2.2075,-0.022075,False
2016-08-01,LOW,sell_put,1.4147,1,1,-6.5514,-5.1367,-0.051367,False
2016-08-01,LYB,sell_put,1.6543,1,1,4.8233,1.6543,0.016543,False
2016-08-01,MA,sell_put,1.3574,1,1,1.6784,1.3574,0.013574,False
2016-08-01,MCD,skip,0.0,0,0,-1.6915,0.0,0.0,False
2016-08-01,MDLZ,skip,0.0,0,0,2.3647,0.0,0.0,False
2016-08-01,MDT,sell_put,1.2516,1,1,-0.1917,1.0599,0.010599,False
2016-08-01,MET,sell_put,1.3858,1,1,1.5442,1.3858,0.013858,False
2016-08-01,META,sell_put,2.2078,1,1,1.7589,2.2078,0.022078,False
2016-08-01,MMM,sell_put,1.5302,1,1,0.4934,1.5302,0.015302,False
2016-08-01,MO,skip,0.0,0,0,-2.3782,0.0,0.0,False
2016-08-01,MRK,sell_put,1.3838,1,1,7.0406,1.3838,0.013838,False
2016-08-01,MS,sell_put,1.3858,1,1,12.3595,1.3858,0.013858,False
2016-08-01,MSFT,sell_put,1.4743,1,1,1.3762,1.4743,0.014743,False
2016-08-01,NEE,skip,0.0,0,0,-5.7292,0.0,0.0,False
2016-08-01,NFLX,skip,0.0,0,0,6.7945,0.0,0.0,False
2016-08-01,NKE,sell_put,1.7904,1,1,3.8558,1.7904,0.017904,False
2016-08-01,ORCL,sell_put,1.8364,1,1,0.8081,1.8364,0.018364,False
2016-08-01,PEP,sell_put,1.1369,1,1,-1.9923,-0.8554,-0.008554,False
2016-08-01,PFE,sell_put,1.4304,1,1,-5.6655,-4.2351,-0.042351,False
2016-08-01,PG,sell_put,1.0684,1,1,2.8089,1.0684,0.010684,False
2016-08-01,PM,skip,0.0,0,0,-0.3292,0.0,0.0,False
2016-08-01,PPL,sell_put,1.005,1,1,-7.7698,-6.7649,-0.067649,False
2016-08-01,PRU,sell_put,1.3858,1,1,5.4323,1.3858,0.013858,False
2016-08-01,PYPL,sell_put,1.3574,1,1,-0.2417,1.1157,0.011157,False
2016-08-01,QCOM,sell_put,2.1727,1,1,0.783,2.1727,0.021727,False
2016-08-01,SBUX,sell_put,1.005,1,1,-3.1352,-2.1303,-0.021303,False
2016-08-01,SCHW,sell_put,1.3858,1,1,10.6967,1.3858,0.013858,False
2016-08-01,SLB,sell_put,1.6543,1,1,-1.8877,-0.2334,-0.002334,False
2016-08-01,SO,skip,0.0,0,0,-4.0561,0.0,0.0,False
2016-08-01,SPG,sell_put,1.5302,1,1,-5.096,-3.5658,-0.035658,False
2016-08-01,SYK,skip,0.0,0,0,-0.5332,0.0,0.0,False
2016-08-01,T,sell_put,1.5779,1,1,-4.1621,-2.5842,-0.025842,False
2016-08-01,TGT,sell_put,1.2455,1,1,-6.8233,-5.5778,-0.055778,False
2016-08-01,TMO,sell_put,1.4502,1,1,-4.1866,-2.7364,-0.027364,False
2016-08-01,TXN,sell_put,2.124,1,1,0.2333,2.124,0.02124,False
2016-08-01,UNH,sell_put,1.5129,1,1,-4.993,-3.4801,-0.034801,False
2016-08-01,UNP,sell_put,1.6543,1,1,2.6653,1.6543,0.016543,False
2016-08-01,USB,sell_put,1.3858,1,1,4.6953,1.3858,0.013858,False
2016-08-01,V,sell_put,1.2978,1,1,3.6515,1.2978,0.012978,False
2016-08-01,VZ,skip,0.0,0,0,-4.6052,0.0,0.0,False
2016-08-01,WFC,sell_put,1.7722,1,1,5.8995,1.7722,0.017722,False
2016-08-01,WMT,skip,0.0,0,0,-2.0967,0.0,0.0,False
2016-08-01,XOM,skip,0.0,0,0,-2.0349,0.0,0.0,False
2016-09-01,AAPL,sell_put,1.5853,2,2,7.1276,1.5853,0.031706,True
2016-09-01,ABBV,skip,0.0,0,0,-1.6068,0.0,0.0,True
2016-09-01,ABT,skip,0.0,0,0,0.6425,0.0,0.0,True
2016-09-01,ADBE,sell_put,1.931,2,2,6.0893,1.931,0.03862,True
2016-09-01,ADP,sell_put,1.5154,2,2,-1.7927,-0.2773,-0.005546,True
2016-09-01,AIG,sell_put,1.3724,2,2,-0.819,0.5534,0.011068,True
2016-09-01,AMGN,skip,0.0,0,0,-1.3409,0.0,0.0,True
2016-09-01,AMT,skip,0.0,0,0,-0.044,0.0,0.0,True
2016-09-01,AMZN,sell_put,1.9285,2,2,8.8603,1.9285,0.03857,True
2016-09-01,AXP,sell_put,1.3442,2,2,-2.3483,-1.0041,-0.020082,True
2016-09-01,BA,skip,0.0,0,0,2.6124,0.0,0.0,True
2016-09-01,BAC,sell_put,1.6153,2,2,-2.5847,-0.9694,-0.019388,True
2016-09-01,BDX,sell_put,1.2395,2,2,1.422,1.2395,0.02479,True
2016-09-01,BIIB,sell_put,1.4165,2,2,2.4212,1.4165,0.02833,True
2016-09-01,BLK,sell_put,1.3724,2,2,-2.1805,-0.8081,-0.016162,True
2016-09-01,BMY,skip,0.0,0,0,-6.0463,0.0,0.0,True
2016-09-01,BRK-B,sell_put,0.9117,2,2,-4.0003,-3.0886,-0.061772,True
2016-09-01,C,sell_put,1.5119,2,2,-1.0683,0.4437,0.008874,True
2016-09-01,CAT,skip,0.0,0,0,8.3222,0.0,0.0,True
2016-09-01,CL,sell_put,1.058,2,2,-0.269,0.789,0.01578,True
2016-09-01,COST,skip,0.0,0,0,-5.6574,0.0,0.0,True
2016-09-01,CRM,skip,0.0,0,0,-10.1863,0.0,0.0,True
2016-09-01,CSCO,sell_put,1.5154,2,2,0.8906,1.5154,0.030308,True
2016-09-01,CTSH,skip,0.0,0,0,-16.9394,0.0,0.0,True
2016-09-01,CVS,sell_put,1.4983,2,2,-4.7216,-3.2234,-0.064468,True
2016-09-01,CVX,skip,0.0,0,0,3.4047,0.0,0.0,True
2016-09-01,DHR,sell_put,1.2395,2,2,-3.7097,-2.4702,-0.049404,True
2016-09-01,DIS,skip,0.0,0,0,-1.6938,0.0,0.0,True
2016-09-01,DUK,skip,0.0,0,0,1.5013,0.0,0.0,True
2016-09-01,ELV,skip,0.0,0,0,0.1839,0.0,0.0,True
2016-09-01,EOG,sell_put,1.6383,2,2,9.2892,1.6383,0.032766,True
2016-09-01,EQIX,skip,0.0,0,0,-1.8095,0.0,0.0,True
2016-09-01,FDX,sell_put,1.5154,2,2,5.9116,1.5154,0.030308,True
2016-09-01,GE,sell_put,1.6383,2,2,-5.1857,-3.5473,-0.070946,True
2016-09-01,GILD,skip,0.0,0,0,0.9441,0.0,0.0,True
2016-09-01,GIS,skip,0.0,0,0,-9.7995,0.0,0.0,True
2016-09-01,GM,sell_put,1.6383,2,2,-0.4699,1.1684,0.023368,True
2016-09-01,GOOGL,skip,0.0,0,0,1.7991,0.0,0.0,True
2016-09-01,GS,sell_put,1.3724,2,2,-4.4608,-3.0884,-0.061768,True
2016-09-01,HD,skip,0.0,0,0,-3.5641,0.0,0.0,True
2016-09-01,HON,sell_put,1.5154,2,2,0.4112,1.5154,0.030308,True
2016-09-01,IBM,skip,0.0,0,0,0.8447,0.0,0.0,True
2016-09-01,INTC,sell_put,2.1035,2,2,5.9798,2.1035,0.04207,True
2016-09-01,ITW,sell_put,1.5154,2,2,0.833,1.5154,0.030308,True
2016-09-01,JNJ,skip,0.0,0,0,-0.3536,0.0,0.0,True
2016-09-01,JPM,sell_put,1.3724,2,2,-1.3481,0.0242,0.000484,True
2016-09-01,KO,skip,0.0,0,0,-2.5558,0.0,0.0,True
2016-09-01,LLY,skip,0.0,0,0,3.886,0.0,0.0,True
2016-09-01,LMT,skip,0.0,0,0,-0.6667,0.0,0.0,True
2016-09-01,LOW,skip,0.0,0,0,-5.6818,0.0,0.0,True
2016-09-01,LYB,sell_put,1.6383,2,2,3.3905,1.6383,0.032766,True
2016-09-01,MA,sell_put,1.3442,2,2,5.3192,1.3442,0.026884,True
2016-09-01,MCD,skip,0.0,0,0,0.5157,0.0,0.0,True
2016-09-01,MDLZ,sell_put,1.1259,2,2,-2.4878,-1.3619,-0.027238,True
2016-09-01,MDT,skip,0.0,0,0,-0.7239,0.0,0.0,True
2016-09-01,MET,sell_put,1.3724,2,2,3.319,1.3724,0.027448,True
2016-09-01,META,sell_put,2.1864,2,2,1.7047,2.1864,0.043728,True
2016-09-01,MMM,sell_put,1.5154,2,2,-1.0667,0.4487,0.008974,True
2016-09-01,MO,skip,0.0,0,0,-4.3274,0.0,0.0,True
2016-09-01,MRK,sell_put,1.3704,2,2,-0.6052,0.7652,0.015304,True
2016-09-01,MS,sell_put,1.3724,2,2,0.0,1.3724,0.027448,True
2016-09-01,MSFT,sell_put,1.46,2,2,0.8684,1.46,0.0292,True
2016-09-01,NEE,skip,0.0,0,0,1.8527,0.0,0.0,True
2016-09-01,NFLX,sell_put,2.2394,2,2,1.1288,2.2394,0.044788,True
2016-09-01,NKE,sell_put,1.7731,2,2,-8.6572,-6.8841,-0.137682,True
2016-09-01,ORCL,sell_put,1.8186,2,2,-4.7065,-2.8879,-0.057758,True
2016-09-01,PEP,skip,0.0,0,0,2.613,0.0,0.0,True
2016-09-01,PFE,skip,0.0,0,0,-1.8634,0.0,0.0,True
2016-09-01,PG,sell_put,1.058,2,2,2.7947,1.058,0.02116,True
2016-09-01,PM,skip,0.0,0,0,-2.7119,0.0,0.0,True
2016-09-01,PPL,skip,0.0,0,0,-0.6038,0.0,0.0,True
2016-09-01,PRU,sell_put,1.3724,2,2,3.8093,1.3724,0.027448,True
2016-09-01,PYPL,skip,0.0,0,0,10.2826,0.0,0.0,True
2016-09-01,QCOM,sell_put,2.1516,2,2,9.5314,2.1516,0.043032,True
2016-09-01,SBUX,skip,0.0,0,0,-3.3816,0.0,0.0,True
2016-09-01,SCHW,sell_put,1.3724,2,2,0.5837,1.3724,0.027448,True
2016-09-01,SLB,skip,0.0,0,0,-0.4557,0.0,0.0,True
2016-09-01,SO,skip,0.0,0,0,1.0113,0.0,0.0,True
2016-09-01,SPG,skip,0.0,0,0,-3.184,0.0,0.0,True
2016-09-01,SYK,skip,0.0,0,0,0.6484,0.0,0.0,True
2016-09-01,T,skip,0.0,0,0,-0.6605,0.0,0.0,True
2016-09-01,TGT,skip,0.0,0,0,-1.3707,0.0,0.0,True
2016-09-01,TMO,skip,0.0,0,0,4.5141,0.0,0.0,True
2016-09-01,TXN,sell_put,2.1035,2,2,0.9204,2.1035,0.04207,True
2016-09-01,UNH,skip,0.0,0,0,2.9034,0.0,0.0,True
2016-09-01,UNP,sell_put,1.6383,2,2,2.6873,1.6383,0.032766,True
2016-09-01,USB,sell_put,1.3724,2,2,-2.8539,-1.4816,-0.029632,True
2016-09-01,V,sell_put,1.2852,2,2,2.4024,1.2852,0.025704,True
2016-09-01,VZ,skip,0.0,0,0,-0.6689,0.0,0.0,True
2016-09-01,WFC,sell_put,1.7551,2,2,-12.1347,-10.3796,-0.207592,True
2016-09-01,WMT,skip,0.0,0,0,1.6429,0.0,0.0,True
2016-09-01,XOM,skip,0.0,0,0,1.0148,0.0,0.0,True
2016-10-01,AAPL,sell_put,2.035,2,2,0.4334,2.035,0.0407,True
2016-10-01,ABBV,skip,0.0,0,0,-11.5586,0.0,0.0,True
2016-10-01,ABT,sell_put,1.5911,2,2,-7.2121,-5.621,-0.11242,True
2016-10-01,ADBE,sell_put,2.4788,2,2,-0.949,1.5298,0.030596,True
2016-10-01,ADP,skip,0.0,0,0,-0.7069,0.0,0.0,True
2016-10-01,AIG,skip,0.0,0,0,4.5442,0.0,0.0,True
2016-10-01,AMGN,skip,0.0,0,0,-15.3768,0.0,0.0,True
2016-10-01,AMT,skip,0.0,0,0,3.9136,0.0,0.0,True
2016-10-01,AMZN,sell_put,2.4755,2,2,-5.6717,-3.1962,-0.063924,True
2016-10-01,AXP,skip,0.0,0,0,3.7165,0.0,0.0,True
2016-10-01,BA,sell_put,1.9408,2,2,8.1144,1.9408,0.038816,True
2016-10-01,BAC,skip,0.0,0,0,5.4313,0.0,0.0,True
2016-10-01,BDX,sell_put,1.5911,2,2,-6.2286,-4.6375,-0.09275,True
2016-10-01,BIIB,sell_put,1.8184,2,2,-10.4942,-8.6758,-0.173516,True
2016-10-01,BLK,skip,0.0,0,0,-5.8544,0.0,0.0,True
2016-10-01,BMY,skip,0.0,0,0,-5.5823,0.0,0.0,True
2016-10-01,BRK-B,skip,0.0,0,0,-0.1177,0.0,0.0,True
2016-10-01,C,skip,0.0,0,0,4.0652,0.0,0.0,True
2016-10-01,CAT,sell_put,2.1031,2,2,-5.9818,-3.8787,-0.077574,True
2016-10-01,CL,skip,0.0,0,0,-3.7497,0.0,0.0,True
2016-10-01,COST,skip,0.0,0,0,-3.0424,0.0,0.0,True
2016-10-01,CRM,skip,0.0,0,0,5.3694,0.0,0.0,True
2016-10-01,CSCO,sell_put,1.9453,2,2,-3.2787,-1.3334,-0.026668,True
2016-10-01,CTSH,skip,0.0,0,0,7.6294,0.0,0.0,True
2016-10-01,CVS,skip,0.0,0,0,-5.495,0.0,0.0,True
2016-10-01,CVX,sell_put,1.9392,2,2,1.7781,1.9392,0.038784,True
2016-10-01,DHR,skip,0.0,0,0,0.3658,0.0,0.0,True
2016-10-01,DIS,skip,0.0,0,0,-0.1831,0.0,0.0,True
2016-10-01,DUK,sell_put,1.2776,2,2,-0.025,1.2526,0.025052,True
2016-10-01,ELV,sell_put,1.9233,2,2,-2.2419,-0.3186,-0.006372,True
2016-10-01,EOG,sell_put,2.1031,2,2,-6.504,-4.4009,-0.088018,True
2016-10-01,EQIX,skip,0.0,0,0,-0.8244,0.0,0.0,True
2016-10-01,FDX,sell_put,1.9453,2,2,0.0361,1.9453,0.038906,True
2016-10-01,GE,skip,0.0,0,0,-0.9889,0.0,0.0,True
2016-10-01,GILD,sell_put,1.8184,2,2,-6.3751,-4.5567,-0.091134,True
2016-10-01,GIS,skip,0.0,0,0,-2.9743,0.0,0.0,True
2016-10-01,GM,skip,0.0,0,0,0.6557,0.0,0.0,True
2016-10-01,GOOGL,sell_put,2.2551,2,2,0.7263,2.2551,0.045102,True
2016-10-01,GS,skip,0.0,0,0,10.5227,0.0,0.0,True
2016-10-01,HD,skip,0.0,0,0,-5.1834,0.0,0.0,True
2016-10-01,HON,sell_put,1.9453,2,2,-5.4255,-3.4803,-0.069606,True
2016-10-01,IBM,sell_put,1.9453,2,2,-3.2484,-1.3031,-0.026062,True
2016-10-01,INTC,sell_put,2.7002,2,2,-7.6292,-4.929,-0.09858,True
2016-10-01,ITW,sell_put,1.9453,2,2,-4.7115,-2.7662,-0.055324,True
2016-10-01,JNJ,skip,0.0,0,0,-1.8115,0.0,0.0,True
2016-10-01,JPM,skip,0.0,0,0,4.0096,0.0,0.0,True
2016-10-01,KO,skip,0.0,0,0,1.0076,0.0,0.0,True
2016-10-01,LLY,sell_put,2.2836,2,2,-7.999,-5.7154,-0.114308,True
2016-10-01,LMT,skip,0.0,0,0,2.7782,0.0,0.0,True
2016-10-01,LOW,skip,0.0,0,0,-7.6997,0.0,0.0,True
2016-10-01,LYB,sell_put,2.1031,2,2,-1.3761,0.7269,0.014538,True
2016-10-01,MA,sell_put,1.7256,2,2,5.1587,1.7256,0.034512,True
2016-10-01,MCD,sell_put,1.2776,2,2,-2.4185,-1.141,-0.02282,True
2016-10-01,MDLZ,skip,0.0,0,0,2.8217,0.0,0.0,True
2016-10-01,MDT,skip,0.0,0,0,-4.5955,0.0,0.0,True
2016-10-01,MET,sell_put,1.7617,2,2,5.6944,1.7617,0.035234,True
2016-10-01,META,sell_put,2.8066,2,2,2.1205,2.8066,0.056132,True
2016-10-01,MMM,skip,0.0,0,0,-6.2021,0.0,0.0,True
2016-10-01,MO,skip,0.0,0,0,5.5664,0.0,0.0,True
2016-10-01,MRK,skip,0.0,0,0,-5.2226,0.0,0.0,True
2016-10-01,MS,sell_put,1.7617,2,2,4.7099,1.7617,0.035234,True
2016-10-01,MSFT,sell_put,1.8742,2,2,4.0278,1.8742,0.037484,True
2016-10-01,NEE,sell_put,1.2776,2,2,4.6436,1.2776,0.025552,True
2016-10-01,NFLX,sell_put,2.8746,2,2,26.7073,2.8746,0.057492,True
2016-10-01,NKE,skip,0.0,0,0,-4.426,0.0,0.0,True
2016-10-01,ORCL,skip,0.0,0,0,-2.1894,0.0,0.0,True
2016-10-01,PEP,sell_put,1.4452,2,2,-1.4434,0.0018,3.6e-05,True
2016-10-01,PFE,skip,0.0,0,0,-6.3773,0.0,0.0,True
2016-10-01,PG,sell_put,1.3581,2,2,-3.2869,-1.9288,-0.038576,True
2016-10-01,PM,skip,0.0,0,0,0.2244,0.0,0.0,True
2016-10-01,PPL,skip,0.0,0,0,0.4153,0.0,0.0,True
2016-10-01,PRU,sell_put,1.7617,2,2,3.8457,1.7617,0.035234,True
2016-10-01,PYPL,sell_put,1.7256,2,2,1.6842,1.7256,0.034512,True
2016-10-01,QCOM,sell_put,2.762,2,2,0.3212,2.762,0.05524,True
2016-10-01,SBUX,skip,0.0,0,0,-1.9763,0.0,0.0,True
2016-10-01,SCHW,sell_put,1.7617,2,2,0.4118,1.7617,0.035234,True
2016-10-01,SLB,skip,0.0,0,0,0.1126,0.0,0.0,True
2016-10-01,SO,sell_put,1.2776,2,2,0.5263,1.2776,0.025552,True
2016-10-01,SPG,skip,0.0,0,0,-10.1686,0.0,0.0,True
2016-10-01,SYK,sell_put,1.5911,2,2,-0.5899,1.0012,0.020024,True
2016-10-01,T,skip,0.0,0,0,-9.4066,0.0,0.0,True
2016-10-01,TGT,skip,0.0,0,0,0.0728,0.0,0.0,True
2016-10-01,TMO,sell_put,1.8435,2,2,-7.4684,-5.6249,-0.112498,True
2016-10-01,TXN,sell_put,2.7002,2,2,0.9546,2.7002,0.054004,True
2016-10-01,UNH,sell_put,1.9233,2,2,1.4161,1.9233,0.038466,True
2016-10-01,UNP,sell_put,2.1031,2,2,-9.5868,-7.4837,-0.149674,True
2016-10-01,USB,skip,0.0,0,0,5.0456,0.0,0.0,True
2016-10-01,V,sell_put,1.6498,2,2,-0.2297,1.42,0.0284,True
2016-10-01,VZ,skip,0.0,0,0,-7.4644,0.0,0.0,True
2016-10-01,WFC,skip,0.0,0,0,3.9069,0.0,0.0,True
2016-10-01,WMT,sell_put,1.5834,2,2,-2.9118,-1.3285,-0.02657,True
2016-10-01,XOM,sell_put,2.1031,2,2,-4.5371,-2.434,-0.04868,True
2016-11-01,AAPL,sell_put,1.5901,4,4,-2.6599,-1.0698,-0.042792,True
2016-11-01,ABBV,skip,0.0,0,0,10.0046,0.0,0.0,True
2016-11-01,ABT,skip,0.0,0,0,-2.3649,0.0,0.0,True
2016-11-01,ADBE,skip,0.0,0,0,-4.3717,0.0,0.0,True
2016-11-01,ADP,skip,0.0,0,0,10.2917,0.0,0.0,True
2016-11-01,AIG,sell_put,1.3765,4,4,2.6418,1.3765,0.05506,True
2016-11-01,AMGN,skip,0.0,0,0,2.0615,0.0,0.0,True
2016-11-01,AMT,sell_put,1.52,4,4,-12.7315,-11.2115,-0.44846,True
2016-11-01,AMZN,skip,0.0,0,0,-4.9695,0.0,0.0,True
2016-11-01,AXP,sell_put,1.3483,4,4,9.0071,1.3483,0.053932,True
2016-11-01,BA,sell_put,1.5165,4,4,5.7081,1.5165,0.06066,True
2016-11-01,BAC,sell_put,1.6201,4,4,28.0001,1.6201,0.064804,True
2016-11-01,BDX,skip,0.0,0,0,0.7087,0.0,0.0,True
2016-11-01,BIIB,skip,0.0,0,0,4.9575,0.0,0.0,True
2016-11-01,BLK,skip,0.0,0,0,8.6596,0.0,0.0,True
2016-11-01,BMY,skip,0.0,0,0,11.6306,0.0,0.0,True
2016-11-01,BRK-B,skip,0.0,0,0,9.106,0.0,0.0,True
2016-11-01,C,sell_put,1.5165,4,4,14.7304,1.5165,0.06066,True
2016-11-01,CAT,skip,0.0,0,0,15.5087,0.0,0.0,True
2016-11-01,CL,skip,0.0,0,0,-8.0903,0.0,0.0,True
2016-11-01,COST,skip,0.0,0,0,1.5149,0.0,0.0,True
2016-11-01,CRM,sell_put,1.9684,4,4,-4.2044,-2.236,-0.08944,True
2016-11-01,CSCO,skip,0.0,0,0,-1.9999,0.0,0.0,True
2016-11-01,CTSH,sell_put,1.52,4,4,7.2639,1.52,0.0608,True
2016-11-01,CVS,skip,0.0,0,0,-8.1212,0.0,0.0,True
2016-11-01,CVX,sell_put,1.5152,4,4,6.5012,1.5152,0.060608,True
2016-11-01,DHR,sell_put,1.2432,4,4,-0.4838,0.7595,0.03038,True
2016-11-01,DIS,skip,0.0,0,0,6.9371,0.0,0.0,True
2016-11-01,DUK,skip,0.0,0,0,-7.8106,0.0,0.0,True
2016-11-01,ELV,skip,0.0,0,0,16.962,0.0,0.0,True
2016-11-01,EOG,skip,0.0,0,0,13.5801,0.0,0.0,True
2016-11-01,EQIX,skip,0.0,0,0,-5.1836,0.0,0.0,True
2016-11-01,FDX,sell_put,1.52,4,4,9.953,1.52,0.0608,True
2016-11-01,GE,skip,0.0,0,0,5.7045,0.0,0.0,True
2016-11-01,GILD,skip,0.0,0,0,0.0951,0.0,0.0,True
2016-11-01,GIS,skip,0.0,0,0,-0.9237,0.0,0.0,True
2016-11-01,GM,sell_put,1.6433,4,4,9.2722,1.6433,0.065732,True
2016-11-01,GOOGL,sell_put,1.7621,4,4,-4.2005,-2.4384,-0.097536,True
2016-11-01,GS,sell_put,1.3765,4,4,23.0308,1.3765,0.05506,True
2016-11-01,HD,skip,0.0,0,0,6.0569,0.0,0.0,True
2016-11-01,HON,skip,0.0,0,0,3.884,0.0,0.0,True
2016-11-01,IBM,skip,0.0,0,0,5.5501,0.0,0.0,True
2016-11-01,INTC,skip,0.0,0,0,-0.4875,0.0,0.0,True
2016-11-01,ITW,skip,0.0,0,0,10.2228,0.0,0.0,True
2016-11-01,JNJ,skip,0.0,0,0,-4.0435,0.0,0.0,True
2016-11-01,JPM,sell_put,1.3765,4,4,16.5937,1.3765,0.05506,True
2016-11-01,KO,sell_put,0.9982,4,4,-4.8349,-3.8367,-0.153468,True
2016-11-01,LLY,skip,0.0,0,0,-9.1007,0.0,0.0,True
2016-11-01,LMT,sell_put,1.6433,4,4,7.6589,1.6433,0.065732,True
2016-11-01,LOW,skip,0.0,0,0,6.3733,0.0,0.0,True
2016-11-01,LYB,skip,0.0,0,0,13.5387,0.0,0.0,True
2016-11-01,MA,sell_put,1.3483,4,4,-4.3243,-2.976,-0.11904,True
2016-11-01,MCD,skip,0.0,0,0,5.9518,0.0,0.0,True
2016-11-01,MDLZ,sell_put,1.1293,4,4,-8.2332,-7.104,-0.28416,True
2016-11-01,MDT,skip,0.0,0,0,-10.9851,0.0,0.0,True
2016-11-01,MET,sell_put,1.3765,4,4,17.1422,1.3765,0.05506,True
2016-11-01,META,sell_put,2.193,4,4,-9.5962,-7.4032,-0.296128,True
2016-11-01,MMM,skip,0.0,0,0,3.896,0.0,0.0,True
2016-11-01,MO,sell_put,1.1293,4,4,-3.3122,-2.1829,-0.087316,True
2016-11-01,MRK,skip,0.0,0,0,4.2064,0.0,0.0,True
2016-11-01,MS,sell_put,1.3765,4,4,23.9432,1.3765,0.05506,True
2016-11-01,MSFT,sell_put,1.4644,4,4,0.5674,1.4644,0.058576,True
2016-11-01,NEE,sell_put,0.9982,4,4,-10.7578,-9.7596,-0.390384,True
2016-11-01,NFLX,sell_put,2.2461,4,4,-6.3026,-4.0565,-0.16226,True
2016-11-01,NKE,skip,0.0,0,0,-0.2192,0.0,0.0,True
2016-11-01,ORCL,skip,0.0,0,0,5.0123,0.0,0.0,True
2016-11-01,PEP,skip,0.0,0,0,-6.6232,0.0,0.0,True
2016-11-01,PFE,skip,0.0,0,0,1.3561,0.0,0.0,True
2016-11-01,PG,skip,0.0,0,0,-4.2666,0.0,0.0,True
2016-11-01,PM,sell_put,1.1293,4,4,-8.4612,-7.332,-0.29328,True
2016-11-01,PPL,sell_put,0.9982,4,4,-2.5626,-1.5644,-0.062576,True
2016-11-01,PRU,sell_put,1.3765,4,4,18.646,1.3765,0.05506,True
2016-11-01,PYPL,sell_put,1.3483,4,4,-5.7129,-4.3646,-0.174584,True
2016-11-01,QCOM,sell_put,2.1581,4,4,-0.8586,1.2995,0.05198,True
2016-11-01,SBUX,skip,0.0,0,0,9.2331,0.0,0.0,True
2016-11-01,SCHW,sell_put,1.3765,4,4,21.9558,1.3765,0.05506,True
2016-11-01,SLB,sell_put,1.6433,4,4,7.4396,1.6433,0.065732,True
2016-11-01,SO,sell_put,0.9982,4,4,-9.2108,-8.2126,-0.328504,True
2016-11-01,SPG,skip,0.0,0,0,-3.3932,0.0,0.0,True
2016-11-01,SYK,skip,0.0,0,0,-1.4651,0.0,0.0,True
2016-11-01,T,skip,0.0,0,0,6.7008,0.0,0.0,True
2016-11-01,TGT,sell_put,1.2372,4,4,12.3818,1.2372,0.049488,True
2016-11-01,TMO,skip,0.0,0,0,-4.7065,0.0,0.0,True
2016-11-01,TXN,sell_put,2.1098,4,4,4.3472,2.1098,0.084392,True
2016-11-01,UNH,sell_put,1.5028,4,4,12.0215,1.5028,0.060112,True
2016-11-01,UNP,skip,0.0,0,0,14.9127,0.0,0.0,True
2016-11-01,USB,sell_put,1.3765,4,4,10.8579,1.3765,0.05506,True
2016-11-01,V,skip,0.0,0,0,-6.2902,0.0,0.0,True
2016-11-01,VZ,skip,0.0,0,0,4.9253,0.0,0.0,True
2016-11-01,WFC,sell_put,1.7604,4,4,15.0185,1.7604,0.070416,True
2016-11-01,WMT,skip,0.0,0,0,0.5855,0.0,0.0,True
2016-11-01,XOM,skip,0.0,0,0,4.7767,0.0,0.0,True
2016-12-01,AAPL,skip,0.0,0,0,5.3335,0.0,0.0,True
2016-12-01,ABBV,sell_put,1.4965,6,6,2.9934,1.4965,0.08979,True
2016-12-01,ABT,skip,0.0,0,0,0.8931,0.0,0.0,True
2016-12-01,ADBE,skip,0.0,0,0,0.1362,0.0,0.0,True
2016-12-01,ADP,sell_put,1.6009,6,6,7.0402,1.6009,0.096054,True
2016-12-01,AIG,sell_put,1.4498,6,6,3.1265,1.4498,0.086988,True
2016-12-01,AMGN,sell_put,1.4965,6,6,2.1709,1.4965,0.08979,True
2016-12-01,AMT,skip,0.0,0,0,3.3343,0.0,0.0,True
2016-12-01,AMZN,skip,0.0,0,0,-0.0933,0.0,0.0,True
2016-12-01,AXP,sell_put,1.4201,6,6,2.8318,1.4201,0.085206,True
2016-12-01,BA,sell_put,1.5973,6,6,4.1947,1.5973,0.095838,True
2016-12-01,BAC,sell_put,1.7064,6,6,5.0283,1.7064,0.102384,True
2016-12-01,BDX,sell_put,1.3094,6,6,-2.0994,-0.7899,-0.047394,True
2016-12-01,BIIB,sell_put,1.4965,6,6,-3.5672,-2.0707,-0.124242,True
2016-12-01,BLK,sell_put,1.4498,6,6,2.6295,1.4498,0.086988,True
2016-12-01,BMY,sell_put,1.4965,6,6,3.5436,1.4965,0.08979,True
2016-12-01,BRK-B,sell_put,0.9631,6,6,3.5188,0.9631,0.057786,True
2016-12-01,C,sell_put,1.5973,6,6,5.7396,1.5973,0.095838,True
2016-12-01,CAT,sell_put,1.7308,6,6,-2.951,-1.2202,-0.073212,True
2016-12-01,CL,skip,0.0,0,0,0.3219,0.0,0.0,True
2016-12-01,COST,sell_put,1.3728,6,6,6.9901,1.3728,0.082368,True
2016-12-01,CRM,skip,0.0,0,0,-4.9167,0.0,0.0,True
2016-12-01,CSCO,skip,0.0,0,0,1.3414,0.0,0.0,True
2016-12-01,CTSH,sell_put,1.6009,6,6,1.7247,1.6009,0.096054,True
2016-12-01,CVS,skip,0.0,0,0,2.6272,0.0,0.0,True
2016-12-01,CVX,sell_put,1.596,6,6,6.56,1.596,0.09576,True
2016-12-01,DHR,skip,0.0,0,0,-0.4222,0.0,0.0,True
2016-12-01,DIS,sell_put,1.7397,6,6,5.1453,1.7397,0.104382,True
2016-12-01,DUK,skip,0.0,0,0,6.4172,0.0,0.0,True
2016-12-01,ELV,sell_put,1.5828,6,6,0.87,1.5828,0.094968,True
2016-12-01,EOG,sell_put,1.7308,6,6,-1.385,0.3457,0.020742,True
2016-12-01,EQIX,skip,0.0,0,0,6.0765,0.0,0.0,True
2016-12-01,FDX,sell_put,1.6009,6,6,-2.8539,-1.253,-0.07518,True
2016-12-01,GE,sell_put,1.7308,6,6,2.7308,1.7308,0.103848,True
2016-12-01,GILD,sell_put,1.4965,6,6,-2.8359,-1.3394,-0.080364,True
2016-12-01,GIS,skip,0.0,0,0,1.362,0.0,0.0,True
2016-12-01,GM,sell_put,1.7308,6,6,0.8978,1.7308,0.103848,True
2016-12-01,GOOGL,skip,0.0,0,0,2.1356,0.0,0.0,True
2016-12-01,GS,sell_put,1.4498,6,6,9.5318,1.4498,0.086988,True
2016-12-01,HD,sell_put,1.4801,6,6,4.1669,1.4801,0.088806,True
2016-12-01,HON,sell_put,1.6009,6,6,2.2776,1.6009,0.096054,True
2016-12-01,IBM,sell_put,1.6009,6,6,3.2523,1.6009,0.096054,True
2016-12-01,INTC,skip,0.0,0,0,5.3159,0.0,0.0,True
2016-12-01,ITW,sell_put,1.6009,6,6,-2.1729,-0.572,-0.03432,True
2016-12-01,JNJ,skip,0.0,0,0,4.2283,0.0,0.0,True
2016-12-01,JPM,sell_put,1.4498,6,6,7.6337,1.4498,0.086988,True
2016-12-01,KO,skip,0.0,0,0,3.6196,0.0,0.0,True
2016-12-01,LLY,skip,0.0,0,0,10.2974,0.0,0.0,True
2016-12-01,LMT,sell_put,1.7308,6,6,-5.1226,-3.3918,-0.203508,True
2016-12-01,LOW,sell_put,1.4801,6,6,0.808,1.4801,0.088806,True
2016-12-01,LYB,sell_put,1.7308,6,6,-4.0856,-2.3548,-0.141288,True
2016-12-01,MA,skip,0.0,0,0,1.0274,0.0,0.0,True
2016-12-01,MCD,sell_put,1.0514,6,6,2.8478,1.0514,0.063084,True
2016-12-01,MDLZ,skip,0.0,0,0,7.4927,0.0,0.0,True
2016-12-01,MDT,skip,0.0,0,0,-2.438,0.0,0.0,True
2016-12-01,MET,sell_put,1.4498,6,6,-1.183,0.2668,0.016008,True
2016-12-01,META,skip,0.0,0,0,-2.8458,0.0,0.0,True
2016-12-01,MMM,sell_put,1.6009,6,6,4.6436,1.6009,0.096054,True
2016-12-01,MO,skip,0.0,0,0,5.7719,0.0,0.0,True
2016-12-01,MRK,sell_put,1.4478,6,6,-3.7915,-2.3437,-0.140622,True
2016-12-01,MS,sell_put,1.4498,6,6,2.1518,1.4498,0.086988,True
2016-12-01,MSFT,sell_put,1.5424,6,6,3.8164,1.5424,0.092544,True
2016-12-01,NEE,skip,0.0,0,0,5.3803,0.0,0.0,True
2016-12-01,NFLX,skip,0.0,0,0,5.812,0.0,0.0,True
2016-12-01,NKE,skip,0.0,0,0,1.5179,0.0,0.0,True
2016-12-01,ORCL,sell_put,1.9212,6,6,-4.3294,-2.4082,-0.144492,True
2016-12-01,PEP,skip,0.0,0,0,5.2987,0.0,0.0,True
2016-12-01,PFE,sell_put,1.4965,6,6,2.0658,1.4965,0.08979,True
2016-12-01,PG,skip,0.0,0,0,1.9646,0.0,0.0,True
2016-12-01,PM,skip,0.0,0,0,3.6362,0.0,0.0,True
2016-12-01,PPL,skip,0.0,0,0,1.7633,0.0,0.0,True
2016-12-01,PRU,sell_put,1.4498,6,6,4.1747,1.4498,0.086988,True
2016-12-01,PYPL,skip,0.0,0,0,0.4837,0.0,0.0,True
2016-12-01,QCOM,skip,0.0,0,0,-3.552,0.0,0.0,True
2016-12-01,SBUX,sell_put,1.0514,6,6,-3.7827,-2.7313,-0.163878,True
2016-12-01,SCHW,sell_put,1.4498,6,6,2.3162,1.4498,0.086988,True
2016-12-01,SLB,sell_put,1.7308,6,6,-0.119,1.6118,0.096708,True
2016-12-01,SO,skip,0.0,0,0,6.291,0.0,0.0,True
2016-12-01,SPG,skip,0.0,0,0,-0.2004,0.0,0.0,True
2016-12-01,SYK,skip,0.0,0,0,5.4109,0.0,0.0,True
2016-12-01,T,sell_put,1.6508,6,6,10.0958,1.6508,0.099048,True
2016-12-01,TGT,sell_put,1.3031,6,6,-5.6932,-4.3902,-0.263412,True
2016-12-01,TMO,skip,0.0,0,0,0.7066,0.0,0.0,True
2016-12-01,TXN,sell_put,2.2222,6,6,-0.5764,1.6458,0.098748,True
2016-12-01,UNH,sell_put,1.5828,6,6,1.4889,1.5828,0.094968,True
2016-12-01,UNP,sell_put,1.7308,6,6,2.929,1.7308,0.103848,True
2016-12-01,USB,sell_put,1.4498,6,6,3.5268,1.4498,0.086988,True
2016-12-01,V,skip,0.0,0,0,1.1177,0.0,0.0,True
2016-12-01,VZ,sell_put,1.6508,6,6,6.974,1.6508,0.099048,True
2016-12-01,WFC,sell_put,1.8541,6,6,5.006,1.8541,0.111246,True
2016-12-01,WMT,sell_put,1.3031,6,6,-1.86,-0.5569,-0.033414,True
2016-12-01,XOM,sell_put,1.7308,6,6,4.3061,1.7308,0.103848,True
2017-01-01,AAPL,sell_put,1.4302,2,2,4.7747,1.4302,0.028604,True
2017-01-01,ABBV,sell_put,1.278,2,2,-2.4114,-1.1334,-0.022668,True
2017-01-01,ABT,sell_put,1.1182,2,2,8.7477,1.1182,0.022364,True
2017-01-01,ADBE,sell_put,1.7421,2,2,10.1311,1.7421,0.034842,True
2017-01-01,ADP,sell_put,1.3672,2,2,-1.1547,0.2125,0.00425,True
2017-01-01,AMAT,sell_put,1.8977,2,2,6.1358,1.8977,0.037954,True
2017-01-01,AMGN,sell_put,1.278,2,2,7.1609,1.278,0.02556,True
2017-01-01,AMT,sell_put,1.3672,2,2,-1.527,-0.1599,-0.003198,True
2017-01-01,AMZN,skip,0.0,0,0,9.8164,0.0,0.0,True
2017-01-01,AVGO,sell_put,1.8977,2,2,13.5037,1.8977,0.037954,True
2017-01-01,AXP,sell_put,1.2127,2,2,3.1048,1.2127,0.024254,True
2017-01-01,BA,sell_put,1.364,2,2,4.9717,1.364,0.02728,True
2017-01-01,BAC,sell_put,1.4573,2,2,2.4435,1.4573,0.029146,True
2017-01-01,BDX,skip,0.0,0,0,7.5682,0.0,0.0,True
2017-01-01,BLK,sell_put,1.2381,2,2,-1.1277,0.1104,0.002208,True
2017-01-01,BMY,sell_put,1.278,2,2,-15.8795,-14.6016,-0.292032,True
2017-01-01,BRK-B,sell_put,0.8225,2,2,0.7117,0.8225,0.01645,True
2017-01-01,C,sell_put,1.364,2,2,-6.0576,-4.6935,-0.09387,True
2017-01-01,CAT,skip,0.0,0,0,3.1486,0.0,0.0,True
2017-01-01,CHTR,sell_put,1.4098,2,2,12.5139,1.4098,0.028196,True
2017-01-01,CL,sell_put,0.9545,2,2,-1.3142,-0.3597,-0.007194,True
2017-01-01,CMCSA,skip,0.0,0,0,9.6554,0.0,0.0,True
2017-01-01,COST,sell_put,1.1724,2,2,2.3983,1.1724,0.023448,True
2017-01-01,CRM,skip,0.0,0,0,15.5419,0.0,0.0,True
2017-01-01,CSCO,sell_put,1.3672,2,2,1.6546,1.3672,0.027344,True
2017-01-01,CTSH,sell_put,1.3672,2,2,-6.1396,-4.7724,-0.095448,True
2017-01-01,CVS,sell_put,1.3517,2,2,-0.1268,1.2249,0.024498,True
2017-01-01,CVX,sell_put,1.3629,2,2,-5.3951,-4.0322,-0.080644,True
2017-01-01,DHR,skip,0.0,0,0,7.9821,0.0,0.0,True
2017-01-01,DIS,sell_put,1.4857,2,2,6.9879,1.4857,0.029714,True
2017-01-01,DUK,sell_put,0.8979,2,2,1.1853,0.8979,0.017958,True
2017-01-01,ELV,sell_put,1.3517,2,2,7.7041,1.3517,0.027034,True
2017-01-01,EOG,skip,0.0,0,0,0.4748,0.0,0.0,True
2017-01-01,EQIX,sell_put,1.3672,2,2,7.7139,1.3672,0.027344,True
2017-01-01,FDX,skip,0.0,0,0,1.7701,0.0,0.0,True
2017-01-01,GE,sell_put,1.4781,2,2,-5.3054,-3.8273,-0.076546,True
2017-01-01,GILD,skip,0.0,0,0,1.8244,0.0,0.0,True
2017-01-01,GM,sell_put,1.4781,2,2,6.2203,1.4781,0.029562,True
2017-01-01,GOOGL,sell_put,1.5849,2,2,3.5005,1.5849,0.031698,True
2017-01-01,GS,sell_put,1.2381,2,2,-4.2305,-2.9924,-0.059848,True
2017-01-01,HD,sell_put,1.264,2,2,2.6104,1.264,0.02528,True
2017-01-01,HON,sell_put,1.3672,2,2,2.1321,1.3672,0.027344,True
2017-01-01,IBM,sell_put,1.3672,2,2,5.1389,1.3672,0.027344,True
2017-01-01,INTC,sell_put,1.8977,2,2,1.5164,1.8977,0.037954,True
2017-01-01,ISRG,skip,0.0,0,0,9.2278,0.0,0.0,True
2017-01-01,ITW,skip,0.0,0,0,4.4127,0.0,0.0,True
2017-01-01,JNJ,sell_put,0.9344,2,2,-1.7012,-0.7669,-0.015338,True
2017-01-01,JPM,sell_put,1.2381,2,2,-1.9237,-0.6856,-0.013712,True
2017-01-01,KO,sell_put,0.8979,2,2,0.2653,0.8979,0.017958,True
2017-01-01,LLY,sell_put,1.605,2,2,4.7314,1.605,0.0321,True
2017-01-01,LMT,skip,0.0,0,0,0.5561,0.0,0.0,True
2017-01-01,LOW,sell_put,1.264,2,2,2.7559,1.264,0.02528,True
2017-01-01,MA,sell_put,1.2127,2,2,2.983,1.2127,0.024254,True
2017-01-01,MCD,sell_put,0.8979,2,2,0.6983,0.8979,0.017958,True
2017-01-01,MDLZ,sell_put,1.0157,2,2,0.3104,1.0157,0.020314,True
2017-01-01,MDT,skip,0.0,0,0,7.362,0.0,0.0,True
2017-01-01,MET,skip,0.0,0,0,0.9649,0.0,0.0,True
2017-01-01,META,skip,0.0,0,0,13.2725,0.0,0.0,True
2017-01-01,MMM,sell_put,1.3672,2,2,-2.1,-0.7328,-0.014656,True
2017-01-01,MO,sell_put,1.0157,2,2,6.221,1.0157,0.020314,True
2017-01-01,MRK,skip,0.0,0,0,6.1078,0.0,0.0,True
2017-01-01,MS,sell_put,1.2381,2,2,0.568,1.2381,0.024762,True
2017-01-01,MSFT,sell_put,1.3172,2,2,4.0393,1.3172,0.026344,True
2017-01-01,NEE,sell_put,0.8979,2,2,3.566,0.8979,0.017958,True
2017-01-01,NFLX,sell_put,2.0203,2,2,13.6591,2.0203,0.040406,True
2017-01-01,NKE,sell_put,1.5996,2,2,4.4479,1.5996,0.031992,True
2017-01-01,NVDA,sell_put,2.4516,2,2,2.2859,2.4516,0.049032,True
2017-01-01,ORCL,skip,0.0,0,0,4.3173,0.0,0.0,True
2017-01-01,PEP,sell_put,1.0157,2,2,-0.8124,0.2034,0.004068,True
2017-01-01,PFE,sell_put,1.278,2,2,-2.3091,-1.0312,-0.020624,True
2017-01-01,PG,sell_put,0.9545,2,2,4.1865,0.9545,0.01909,True
2017-01-01,PM,sell_put,1.0157,2,2,6.2801,1.0157,0.020314,True
2017-01-01,PYPL,sell_put,1.2127,2,2,0.7854,1.2127,0.024254,True
2017-01-01,QCOM,skip,0.0,0,0,-18.0522,0.0,0.0,True
2017-01-01,SBUX,skip,0.0,0,0,-0.5404,0.0,0.0,True
2017-01-01,SCHW,sell_put,1.2381,2,2,4.4844,1.2381,0.024762,True
2017-01-01,SLB,skip,0.0,0,0,0.3041,0.0,0.0,True
2017-01-01,SO,sell_put,0.8979,2,2,0.4879,0.8979,0.017958,True
2017-01-01,SPG,skip,0.0,0,0,3.4333,0.0,0.0,True
2017-01-01,SYK,sell_put,1.1182,2,2,3.4688,1.1182,0.022364,True
2017-01-01,T,sell_put,1.4098,2,2,-0.87,0.5398,0.010796,True
2017-01-01,TGT,skip,0.0,0,0,-10.7296,0.0,0.0,True
2017-01-01,TMO,sell_put,1.2956,2,2,8.1131,1.2956,0.025912,True
2017-01-01,TMUS,sell_put,1.4098,2,2,8.2768,1.4098,0.028196,True
2017-01-01,TXN,skip,0.0,0,0,3.522,0.0,0.0,True
2017-01-01,UNH,sell_put,1.3517,2,2,1.2872,1.3517,0.027034,True
2017-01-01,UNP,sell_put,1.4781,2,2,2.7971,1.4781,0.029562,True
2017-01-01,USB,sell_put,1.2381,2,2,3.0433,1.2381,0.024762,True
2017-01-01,V,sell_put,1.1595,2,2,6.0113,1.1595,0.02319,True
2017-01-01,VZ,sell_put,1.4098,2,2,-8.1866,-6.7768,-0.135536,True
2017-01-01,WFC,sell_put,1.5834,2,2,2.2137,1.5834,0.031668,True
2017-01-01,WMT,skip,0.0,0,0,-2.7522,0.0,0.0,True
2017-01-01,XOM,sell_put,1.4781,2,2,-7.0574,-5.5793,-0.111586,True
2017-02-01,AAPL,sell_put,1.5412,1,1,12.8883,1.5412,0.015412,False
2017-02-01,ABBV,skip,0.0,0,0,2.2156,0.0,0.0,False
2017-02-01,ABT,sell_put,1.205,1,1,8.6214,1.205,0.01205,False
2017-02-01,ADBE,sell_put,1.8773,1,1,4.3747,1.8773,0.018773,False
2017-02-01,ADP,skip,0.0,0,0,1.614,0.0,0.0,False
2017-02-01,AMAT,sell_put,2.0449,1,1,5.7518,2.0449,0.020449,False
2017-02-01,AMGN,sell_put,1.3771,1,1,12.6692,1.3771,0.013771,False
2017-02-01,AMT,skip,0.0,0,0,10.9082,0.0,0.0,False
2017-02-01,AMZN,sell_put,1.8748,1,1,2.6182,1.8748,0.018748,False
2017-02-01,AVGO,sell_put,2.0449,1,1,5.7294,2.0449,0.020449,False
2017-02-01,AXP,sell_put,1.3068,1,1,5.265,1.3068,0.013068,False
2017-02-01,BA,sell_put,1.4699,1,1,10.2864,1.4699,0.014699,False
2017-02-01,BAC,sell_put,1.5703,1,1,9.0106,1.5703,0.015703,False
2017-02-01,BDX,sell_put,1.205,1,1,3.2489,1.205,0.01205,False
2017-02-01,BLK,skip,0.0,0,0,3.6045,0.0,0.0,False
2017-02-01,BMY,skip,0.0,0,0,16.1198,0.0,0.0,False
2017-02-01,BRK-B,sell_put,0.8863,1,1,4.4352,0.8863,0.008863,False
2017-02-01,C,skip,0.0,0,0,7.1288,0.0,0.0,False
2017-02-01,CAT,sell_put,1.5927,1,1,1.8838,1.5927,0.015927,False
2017-02-01,CHTR,sell_put,1.5191,1,1,-0.2747,1.2444,0.012444,False
2017-02-01,CL,skip,0.0,0,0,13.6604,0.0,0.0,False
2017-02-01,CMCSA,sell_put,1.5191,1,1,-0.769,0.7501,0.007501,False
2017-02-01,COST,sell_put,1.2633,1,1,8.0696,1.2633,0.012633,False
2017-02-01,CRM,sell_put,1.9078,1,1,2.8445,1.9078,0.019078,False
2017-02-01,CSCO,sell_put,1.4732,1,1,12.2184,1.4732,0.014732,False
2017-02-01,CTSH,skip,0.0,0,0,12.702,0.0,0.0,False
2017-02-01,CVS,skip,0.0,0,0,2.8641,0.0,0.0,False
2017-02-01,CVX,skip,0.0,0,0,1.0328,0.0,0.0,False
2017-02-01,DHR,sell_put,1.205,1,1,1.9424,1.205,0.01205,False
2017-02-01,DIS,sell_put,1.6009,1,1,-0.5061,1.0948,0.010948,False
2017-02-01,DUK,sell_put,0.9675,1,1,5.1057,0.9675,0.009675,False
2017-02-01,ELV,sell_put,1.4566,1,1,6.9288,1.4566,0.014566,False
2017-02-01,EOG,sell_put,1.5927,1,1,-4.3655,-2.7728,-0.027728,False
2017-02-01,EQIX,sell_put,1.4732,1,1,-2.3144,-0.8412,-0.008412,False
2017-02-01,FDX,sell_put,1.4732,1,1,2.0464,1.4732,0.014732,False
2017-02-01,GE,skip,0.0,0,0,0.3704,0.0,0.0,False
2017-02-01,GILD,sell_put,1.3771,1,1,-2.7191,-1.342,-0.01342,False
2017-02-01,GM,sell_put,1.5927,1,1,0.6282,1.5927,0.015927,False
2017-02-01,GOOGL,sell_put,1.7079,1,1,3.0164,1.7079,0.017079,False
2017-02-01,GS,skip,0.0,0,0,8.1719,0.0,0.0,False
2017-02-01,HD,sell_put,1.362,1,1,5.3278,1.362,0.01362,False
2017-02-01,HON,sell_put,1.4732,1,1,5.2231,1.4732,0.014732,False
2017-02-01,IBM,sell_put,1.4732,1,1,3.0369,1.4732,0.014732,False
2017-02-01,INTC,sell_put,2.0449,1,1,-1.6839,0.361,0.00361,False
2017-02-01,ISRG,sell_put,1.205,1,1,6.3968,1.205,0.01205,False
2017-02-01,ITW,sell_put,1.4732,1,1,3.7815,1.4732,0.014732,False
2017-02-01,JNJ,skip,0.0,0,0,7.9117,0.0,0.0,False
2017-02-01,JPM,skip,0.0,0,0,7.6704,0.0,0.0,False
2017-02-01,KO,sell_put,0.9675,1,1,0.9382,0.9675,0.009675,False
2017-02-01,LLY,sell_put,1.7294,1,1,7.5036,1.7294,0.017294,False
2017-02-01,LMT,sell_put,1.5927,1,1,6.0677,1.5927,0.015927,False
2017-02-01,LOW,sell_put,1.362,1,1,2.2639,1.362,0.01362,False
2017-02-01,MA,sell_put,1.3068,1,1,4.0994,1.3068,0.013068,False
2017-02-01,MCD,sell_put,0.9675,1,1,4.1446,0.9675,0.009675,False
2017-02-01,MDLZ,sell_put,1.0945,1,1,-0.813,0.2815,0.002815,False
2017-02-01,MDT,sell_put,1.205,1,1,6.4325,1.205,0.01205,False
2017-02-01,MET,sell_put,1.3342,1,1,-3.6207,-2.2865,-0.022865,False
2017-02-01,META,sell_put,2.1255,1,1,4.0055,2.1255,0.021255,False
2017-02-01,MMM,skip,0.0,0,0,6.5953,0.0,0.0,False
2017-02-01,MO,sell_put,1.0945,1,1,5.2543,1.0945,0.010945,False
2017-02-01,MRK,sell_put,1.3323,1,1,6.2591,1.3323,0.013323,False
2017-02-01,MS,sell_put,1.3342,1,1,7.9747,1.3342,0.013342,False
2017-02-01,MSFT,sell_put,1.4194,1,1,-1.0364,0.383,0.00383,False
2017-02-01,NEE,sell_put,0.9675,1,1,5.8842,0.9675,0.009675,False
2017-02-01,NFLX,sell_put,2.177,1,1,1.0092,2.177,0.02177,False
2017-02-01,NKE,sell_put,1.7237,1,1,8.0529,1.7237,0.017237,False
2017-02-01,NVDA,sell_put,2.6418,1,1,-7.0526,-4.4108,-0.044108,False
2017-02-01,ORCL,sell_put,1.7679,1,1,6.5989,1.7679,0.017679,False
2017-02-01,PEP,skip,0.0,0,0,6.3596,0.0,0.0,False
2017-02-01,PFE,skip,0.0,0,0,7.5323,0.0,0.0,False
2017-02-01,PG,sell_put,1.0286,1,1,4.7851,1.0286,0.010286,False
2017-02-01,PM,sell_put,1.0945,1,1,13.7522,1.0945,0.010945,False
2017-02-01,PYPL,sell_put,1.3068,1,1,5.5807,1.3068,0.013068,False
2017-02-01,QCOM,skip,0.0,0,0,5.7084,0.0,0.0,False
2017-02-01,SBUX,skip,0.0,0,0,2.988,0.0,0.0,False
2017-02-01,SCHW,sell_put,1.3342,1,1,-2.0126,-0.6785,-0.006785,False
2017-02-01,SLB,sell_put,1.5927,1,1,-4.0019,-2.4092,-0.024092,False
2017-02-01,SO,sell_put,0.9675,1,1,2.812,0.9675,0.009675,False
2017-02-01,SPG,sell_put,1.4732,1,1,0.3428,1.4732,0.014732,False
2017-02-01,SYK,sell_put,1.205,1,1,4.0719,1.205,0.01205,False
2017-02-01,T,skip,0.0,0,0,0.6535,0.0,0.0,False
2017-02-01,TGT,skip,0.0,0,0,-8.8555,0.0,0.0,False
2017-02-01,TMO,sell_put,1.3961,1,1,3.4713,1.3961,0.013961,False
2017-02-01,TMUS,sell_put,1.5191,1,1,0.4175,1.5191,0.015191,False
2017-02-01,TXN,sell_put,2.0449,1,1,2.0736,2.0449,0.020449,False
2017-02-01,UNH,sell_put,1.4566,1,1,2.0235,1.4566,0.014566,False
2017-02-01,UNP,sell_put,1.5927,1,1,1.276,1.5927,0.015927,False
2017-02-01,USB,sell_put,1.3342,1,1,4.4634,1.3342,0.013342,False
2017-02-01,V,sell_put,1.2494,1,1,6.3233,1.2494,0.012494,False
2017-02-01,VZ,skip,0.0,0,0,2.3477,0.0,0.0,False
2017-02-01,WFC,sell_put,1.7062,1,1,2.7517,1.7062,0.017062,False
2017-02-01,WMT,skip,0.0,0,0,6.2781,0.0,0.0,False
2017-02-01,XOM,skip,0.0,0,0,-3.0636,0.0,0.0,False
2017-03-01,AAPL,sell_put,1.4756,1,1,5.3236,1.4756,0.014756,False
2017-03-01,ABBV,sell_put,1.3185,1,1,5.3687,1.3185,0.013185,False
2017-03-01,ABT,sell_put,1.1537,1,1,-1.4862,-0.3325,-0.003325,False
2017-03-01,ADBE,sell_put,1.7973,1,1,9.9628,1.7973,0.017973,False
2017-03-01,ADP,sell_put,1.4105,1,1,-0.2241,1.1864,0.011864,False
2017-03-01,AMAT,sell_put,1.9579,1,1,7.7054,1.9579,0.019579,False
2017-03-01,AMGN,sell_put,1.3185,1,1,-6.4173,-5.0988,-0.050988,False
2017-03-01,AMT,sell_put,1.4105,1,1,5.8803,1.4105,0.014105,False
2017-03-01,AMZN,sell_put,1.795,1,1,4.911,1.795,0.01795,False
2017-03-01,AVGO,sell_put,1.9579,1,1,3.8069,1.9579,0.019579,False
2017-03-01,AXP,sell_put,1.2512,1,1,-1.1866,0.0646,0.000646,False
2017-03-01,BA,sell_put,1.4073,1,1,-1.0257,0.3816,0.003816,False
2017-03-01,BAC,sell_put,1.5034,1,1,-4.4165,-2.9131,-0.029131,False
2017-03-01,BDX,sell_put,1.1537,1,1,0.2131,1.1537,0.011537,False
2017-03-01,BLK,sell_put,1.2774,1,1,-1.0195,0.2579,0.002579,False
2017-03-01,BMY,sell_put,1.3185,1,1,-4.1086,-2.7901,-0.027901,False
2017-03-01,BRK-B,sell_put,0.8486,1,1,-2.7651,-1.9166,-0.019166,False
2017-03-01,C,sell_put,1.4073,1,1,0.3031,1.4073,0.014073,False
2017-03-01,CAT,sell_put,1.5249,1,1,-4.0348,-2.5099,-0.025099,False
2017-03-01,CHTR,skip,0.0,0,0,1.3186,0.0,0.0,False
2017-03-01,CL,sell_put,0.9848,1,1,0.2878,0.9848,0.009848,False
2017-03-01,CMCSA,skip,0.0,0,0,0.4543,0.0,0.0,False
2017-03-01,COST,sell_put,1.2095,1,1,-5.1012,-3.8917,-0.038917,False
2017-03-01,CRM,sell_put,1.8266,1,1,1.4014,1.8266,0.018266,False
2017-03-01,CSCO,sell_put,1.4105,1,1,-1.1118,0.2987,0.002987,False
2017-03-01,CTSH,sell_put,1.4105,1,1,0.4218,1.4105,0.014105,False
2017-03-01,CVS,sell_put,1.3946,1,1,-2.5813,-1.1867,-0.011867,False
2017-03-01,CVX,sell_put,1.4061,1,1,-3.6465,-2.2403,-0.022403,False
2017-03-01,DHR,sell_put,1.1537,1,1,-0.0234,1.1303,0.011303,False
2017-03-01,DIS,skip,0.0,0,0,2.9975,0.0,0.0,False
2017-03-01,DUK,sell_put,0.9263,1,1,0.4463,0.9263,0.009263,False
2017-03-01,ELV,sell_put,1.3946,1,1,0.3397,1.3946,0.013946,False
2017-03-01,EOG,skip,0.0,0,0,0.5774,0.0,0.0,False
2017-03-01,EQIX,skip,0.0,0,0,7.035,0.0,0.0,False
2017-03-01,FDX,sell_put,1.4105,1,1,1.1245,1.4105,0.014105,False
2017-03-01,GE,sell_put,1.5249,1,1,0.7638,1.5249,0.015249,False
2017-03-01,GILD,skip,0.0,0,0,-3.6323,0.0,0.0,False
2017-03-01,GM,sell_put,1.5249,1,1,-4.0174,-2.4924,-0.024924,False
2017-03-01,GOOGL,sell_put,1.6352,1,1,0.3397,1.6352,0.016352,False
2017-03-01,GS,sell_put,1.2774,1,1,-7.1513,-5.8739,-0.058739,False
2017-03-01,HD,sell_put,1.304,1,1,1.3249,1.304,0.01304,False
2017-03-01,HON,sell_put,1.4105,1,1,0.8349,1.4105,0.014105,False
2017-03-01,IBM,sell_put,1.4105,1,1,-2.393,-0.9825,-0.009825,False
2017-03-01,INTC,skip,0.0,0,0,0.3522,0.0,0.0,False
2017-03-01,ISRG,sell_put,1.1537,1,1,3.9986,1.1537,0.011537,False
2017-03-01,ITW,sell_put,1.4105,1,1,0.3484,1.4105,0.014105,False
2017-03-01,JNJ,sell_put,0.964,1,1,2.5891,0.964,0.00964,False
2017-03-01,JPM,sell_put,1.2774,1,1,-3.0678,-1.7904,-0.017904,False
2017-03-01,KO,sell_put,0.9263,1,1,1.144,0.9263,0.009263,False
2017-03-01,LLY,sell_put,1.6558,1,1,2.2534,1.6558,0.016558,False
2017-03-01,LMT,sell_put,1.5249,1,1,1.0742,1.5249,0.015249,False
2017-03-01,LOW,sell_put,1.304,1,1,10.5419,1.304,0.01304,False
2017-03-01,MA,sell_put,1.2512,1,1,1.8197,1.2512,0.012512,False
2017-03-01,MCD,sell_put,0.9263,1,1,2.2828,0.9263,0.009263,False
2017-03-01,MDLZ,skip,0.0,0,0,-1.9126,0.0,0.0,False
2017-03-01,MDT,sell_put,1.1537,1,1,-0.4326,0.7211,0.007211,False
2017-03-01,MET,skip,0.0,0,0,1.4719,0.0,0.0,False
2017-03-01,META,sell_put,2.0351,1,1,4.803,2.0351,0.020351,False
2017-03-01,MMM,sell_put,1.4105,1,1,3.341,1.4105,0.014105,False
2017-03-01,MO,sell_put,1.0479,1,1,-4.6716,-3.6237,-0.036237,False
2017-03-01,MRK,sell_put,1.2756,1,1,-3.5372,-2.2617,-0.022617,False
2017-03-01,MS,sell_put,1.2774,1,1,-6.1966,-4.9193,-0.049193,False
2017-03-01,MSFT,skip,0.0,0,0,3.5625,0.0,0.0,False
2017-03-01,NEE,sell_put,0.9263,1,1,-1.2562,-0.3298,-0.003298,False
2017-03-01,NFLX,sell_put,2.0843,1,1,3.9963,2.0843,0.020843,False
2017-03-01,NKE,sell_put,1.6503,1,1,-2.5018,-0.8514,-0.008514,False
2017-03-01,NVDA,skip,0.0,0,0,7.4768,0.0,0.0,False
2017-03-01,ORCL,sell_put,1.6927,1,1,4.7429,1.6927,0.016927,False
2017-03-01,PEP,sell_put,1.0479,1,1,1.3408,1.0479,0.010479,False
2017-03-01,PFE,sell_put,1.3185,1,1,1.2853,1.3185,0.013185,False
2017-03-01,PG,sell_put,0.9848,1,1,-1.3396,-0.3549,-0.003549,False
2017-03-01,PM,sell_put,1.0479,1,1,3.2465,1.0479,0.010479,False
2017-03-01,PYPL,sell_put,1.2512,1,1,2.4286,1.2512,0.012512,False
2017-03-01,QCOM,sell_put,2.0027,1,1,2.4719,2.0027,0.020027,False
2017-03-01,SBUX,sell_put,0.9263,1,1,3.1354,0.9263,0.009263,False
2017-03-01,SCHW,skip,0.0,0,0,1.1939,0.0,0.0,False
2017-03-01,SLB,skip,0.0,0,0,-2.2173,0.0,0.0,False
2017-03-01,SO,sell_put,0.9263,1,1,-0.8986,0.0277,0.000277,False
2017-03-01,SPG,sell_put,1.4105,1,1,-5.8025,-4.392,-0.04392,False
2017-03-01,SYK,sell_put,1.1537,1,1,2.4035,1.1537,0.011537,False
2017-03-01,T,sell_put,1.4544,1,1,-0.5743,0.8801,0.008801,False
2017-03-01,TGT,skip,0.0,0,0,-5.2264,0.0,0.0,False
2017-03-01,TMO,sell_put,1.3367,1,1,-2.5875,-1.2508,-0.012508,False
2017-03-01,TMUS,sell_put,1.4544,1,1,3.2944,1.4544,0.014544,False
2017-03-01,TXN,sell_put,1.9579,1,1,5.1423,1.9579,0.019579,False
2017-03-01,UNH,sell_put,1.3946,1,1,-0.8284,0.5662,0.005662,False
2017-03-01,UNP,sell_put,1.5249,1,1,-1.3118,0.2131,0.002131,False
2017-03-01,USB,sell_put,1.2774,1,1,-6.3636,-5.0863,-0.050863,False
2017-03-01,V,sell_put,1.1962,1,1,1.2499,1.1962,0.011962,False
2017-03-01,VZ,sell_put,1.4544,1,1,-1.7731,-0.3186,-0.003186,False
2017-03-01,WFC,sell_put,1.6336,1,1,-3.1824,-1.5488,-0.015488,False
2017-03-01,WMT,sell_put,1.1481,1,1,1.6213,1.1481,0.011481,False
2017-03-01,XOM,skip,0.0,0,0,1.7707,0.0,0.0,False
2017-04-01,AAPL,sell_put,1.2907,1,1,-0.007,1.2837,0.012837,False
2017-04-01,ABBV,sell_put,1.1533,1,1,1.1971,1.1533,0.011533,False
2017-04-01,ABT,skip,0.0,0,0,-1.7338,0.0,0.0,False
2017-04-01,ADBE,sell_put,1.5721,1,1,2.7741,1.5721,0.015721,False
2017-04-01,ADP,skip,0.0,0,0,2.6119,0.0,0.0,False
2017-04-01,AMAT,sell_put,1.7125,1,1,4.3958,1.7125,0.017125,False
2017-04-01,AMGN,skip,0.0,0,0,-0.4571,0.0,0.0,False
2017-04-01,AMT,sell_put,1.2338,1,1,3.6202,1.2338,0.012338,False
2017-04-01,AMZN,sell_put,1.5701,1,1,4.3371,1.5701,0.015701,False
2017-04-01,AVGO,sell_put,1.7125,1,1,1.3022,1.7125,0.017125,False
2017-04-01,AXP,skip,0.0,0,0,0.177,0.0,0.0,False
2017-04-01,BA,skip,0.0,0,0,4.5064,0.0,0.0,False
2017-04-01,BAC,skip,0.0,0,0,-0.7582,0.0,0.0,False
2017-04-01,BDX,sell_put,1.0091,1,1,2.3305,1.0091,0.010091,False
2017-04-01,BLK,skip,0.0,0,0,0.9105,0.0,0.0,False
2017-04-01,BMY,skip,0.0,0,0,3.071,0.0,0.0,False
2017-04-01,BRK-B,skip,0.0,0,0,-0.8819,0.0,0.0,False
2017-04-01,C,sell_put,1.2309,1,1,-1.1702,0.0608,0.000608,False
2017-04-01,CAT,skip,0.0,0,0,10.2415,0.0,0.0,False
2017-04-01,CHTR,sell_put,1.2722,1,1,5.4503,1.2722,0.012722,False
2017-04-01,CL,sell_put,0.8614,1,1,-1.5713,-0.7099,-0.007099,False
2017-04-01,CMCSA,sell_put,1.2722,1,1,4.2564,1.2722,0.012722,False
2017-04-01,COST,skip,0.0,0,0,5.862,0.0,0.0,False
2017-04-01,CRM,sell_put,1.5977,1,1,4.4005,1.5977,0.015977,False
2017-04-01,CSCO,skip,0.0,0,0,0.7988,0.0,0.0,False
2017-04-01,CTSH,sell_put,1.2338,1,1,1.1929,1.2338,0.012338,False
2017-04-01,CVS,skip,0.0,0,0,5.0191,0.0,0.0,False
2017-04-01,CVX,skip,0.0,0,0,-0.624,0.0,0.0,False
2017-04-01,DHR,skip,0.0,0,0,-2.4131,0.0,0.0,False
2017-04-01,DIS,sell_put,1.3407,1,1,1.949,1.3407,0.013407,False
2017-04-01,DUK,sell_put,0.8103,1,1,0.5975,0.8103,0.008103,False
2017-04-01,ELV,sell_put,1.2198,1,1,7.9872,1.2198,0.012198,False
2017-04-01,EOG,sell_put,1.3338,1,1,-5.1768,-3.843,-0.03843,False
2017-04-01,EQIX,sell_put,1.2338,1,1,4.3284,1.2338,0.012338,False
2017-04-01,FDX,sell_put,1.2338,1,1,-2.5908,-1.357,-0.01357,False
2017-04-01,GE,sell_put,1.3338,1,1,-2.7182,-1.3843,-0.013843,False
2017-04-01,GILD,skip,0.0,0,0,1.7042,0.0,0.0,False
2017-04-01,GM,skip,0.0,0,0,-1.0339,0.0,0.0,False
2017-04-01,GOOGL,sell_put,1.4303,1,1,9.0493,1.4303,0.014303,False
2017-04-01,GS,skip,0.0,0,0,-2.5771,0.0,0.0,False
2017-04-01,HD,sell_put,1.1406,1,1,6.9604,1.1406,0.011406,False
2017-04-01,HON,sell_put,1.2338,1,1,5.0212,1.2338,0.012338,False
2017-04-01,IBM,skip,0.0,0,0,-7.9534,0.0,0.0,False
2017-04-01,INTC,sell_put,1.7125,1,1,0.2218,1.7125,0.017125,False
2017-04-01,ISRG,sell_put,1.0091,1,1,9.0545,1.0091,0.010091,False
2017-04-01,ITW,sell_put,1.2338,1,1,4.7548,1.2338,0.012338,False
2017-04-01,JNJ,sell_put,0.8432,1,1,-0.8671,-0.0239,-0.000239,False
2017-04-01,JPM,skip,0.0,0,0,-0.9563,0.0,0.0,False
2017-04-01,KO,sell_put,0.8103,1,1,2.5704,0.8103,0.008103,False
2017-04-01,LLY,sell_put,1.4483,1,1,-2.4373,-0.989,-0.00989,False
2017-04-01,LMT,sell_put,1.3338,1,1,0.6913,1.3338,0.013338,False
2017-04-01,LOW,sell_put,1.1406,1,1,3.2478,1.1406,0.011406,False
2017-04-01,MA,sell_put,1.0944,1,1,3.4231,1.0944,0.010944,False
2017-04-01,MCD,sell_put,0.8103,1,1,7.9623,0.8103,0.008103,False
2017-04-01,MDLZ,skip,0.0,0,0,4.9829,0.0,0.0,False
2017-04-01,MDT,skip,0.0,0,0,3.6901,0.0,0.0,False
2017-04-01,MET,sell_put,1.1173,1,1,-1.9122,-0.7949,-0.007949,False
2017-04-01,META,sell_put,1.7801,1,1,5.7726,1.7801,0.017801,False
2017-04-01,MMM,sell_put,1.2338,1,1,2.352,1.2338,0.012338,False
2017-04-01,MO,skip,0.0,0,0,1.3124,0.0,0.0,False
2017-04-01,MRK,skip,0.0,0,0,-1.1964,0.0,0.0,False
2017-04-01,MS,skip,0.0,0,0,1.2371,0.0,0.0,False
2017-04-01,MSFT,sell_put,1.1887,1,1,3.9478,1.1887,0.011887,False
2017-04-01,NEE,skip,0.0,0,0,4.043,0.0,0.0,False
2017-04-01,NFLX,sell_put,1.8232,1,1,2.97,1.8232,0.018232,False
2017-04-01,NKE,skip,0.0,0,0,-0.2644,0.0,0.0,False
2017-04-01,NVDA,sell_put,2.2124,1,1,-4.2504,-2.0381,-0.020381,False
2017-04-01,ORCL,sell_put,1.4806,1,1,0.7846,1.4806,0.014806,False
2017-04-01,PEP,sell_put,0.9166,1,1,1.965,0.9166,0.009166,False
2017-04-01,PFE,sell_put,1.1533,1,1,-0.8477,0.3055,0.003055,False
2017-04-01,PG,skip,0.0,0,0,-2.8047,0.0,0.0,False
2017-04-01,PM,sell_put,0.9166,1,1,-0.9208,-0.0042,-4.2e-05,False
2017-04-01,PYPL,sell_put,1.0944,1,1,10.9251,1.0944,0.010944,False
2017-04-01,QCOM,sell_put,1.7517,1,1,-6.2783,-4.5266,-0.045266,False
2017-04-01,SBUX,sell_put,0.8103,1,1,2.8601,0.8103,0.008103,False
2017-04-01,SCHW,sell_put,1.1173,1,1,-4.8028,-3.6855,-0.036855,False
2017-04-01,SLB,skip,0.0,0,0,-7.0551,0.0,0.0,False
2017-04-01,SO,skip,0.0,0,0,0.0402,0.0,0.0,False
2017-04-01,SPG,skip,0.0,0,0,-3.9354,0.0,0.0,False
2017-04-01,SYK,sell_put,1.0091,1,1,3.9181,1.0091,0.010091,False
2017-04-01,T,skip,0.0,0,0,-4.6209,0.0,0.0,False
2017-04-01,TGT,skip,0.0,0,0,1.1959,0.0,0.0,False
2017-04-01,TMO,skip,0.0,0,0,7.7381,0.0,0.0,False
2017-04-01,TMUS,sell_put,1.2722,1,1,4.1493,1.2722,0.012722,False
2017-04-01,TXN,sell_put,1.7125,1,1,-1.713,-0.0005,-5e-06,False
2017-04-01,UNH,skip,0.0,0,0,7.0251,0.0,0.0,False
2017-04-01,UNP,skip,0.0,0,0,5.7024,0.0,0.0,False
2017-04-01,USB,skip,0.0,0,0,0.1046,0.0,0.0,False
2017-04-01,V,sell_put,1.0463,1,1,2.6443,1.0463,0.010463,False
2017-04-01,VZ,skip,0.0,0,0,-5.8257,0.0,0.0,False
2017-04-01,WFC,skip,0.0,0,0,-3.2699,0.0,0.0,False
2017-04-01,WMT,sell_put,1.0042,1,1,5.0677,1.0042,0.010042,False
2017-04-01,XOM,sell_put,1.3338,1,1,-0.439,0.8949,0.008949,False
2017-05-01,AAPL,skip,0.0,0,0,6.3418,0.0,0.0,False
2017-05-01,ABBV,sell_put,1.1096,1,1,1.1174,1.1096,0.011096,False
2017-05-01,ABT,skip,0.0,0,0,5.2688,0.0,0.0,False
2017-05-01,ADBE,sell_put,1.5126,1,1,6.0715,1.5126,0.015126,False
2017-05-01,ADP,sell_put,1.187,1,1,-2.0289,-0.8419,-0.008419,False
2017-05-01,AMAT,sell_put,1.6476,1,1,12.9771,1.6476,0.016476,False
2017-05-01,AMGN,skip,0.0,0,0,-4.9473,0.0,0.0,False
2017-05-01,AMT,sell_put,1.187,1,1,4.7002,1.187,0.01187,False
2017-05-01,AMZN,sell_put,1.5106,1,1,7.5276,1.5106,0.015106,False
2017-05-01,AVGO,sell_put,1.6476,1,1,8.4553,1.6476,0.016476,False
2017-05-01,AXP,sell_put,1.0529,1,1,-2.5162,-1.4633,-0.014633,False
2017-05-01,BA,sell_put,1.1843,1,1,1.5149,1.1843,0.011843,False
2017-05-01,BAC,skip,0.0,0,0,-3.9846,0.0,0.0,False
2017-05-01,BDX,sell_put,0.9709,1,1,1.2088,0.9709,0.009709,False
2017-05-01,BLK,sell_put,1.075,1,1,6.415,1.075,0.01075,False
2017-05-01,BMY,sell_put,1.1096,1,1,-3.0483,-1.9387,-0.019387,False
2017-05-01,BRK-B,skip,0.0,0,0,0.0424,0.0,0.0,False
2017-05-01,C,skip,0.0,0,0,2.6753,0.0,0.0,False
2017-05-01,CAT,sell_put,1.2833,1,1,3.9563,1.2833,0.012833,False
2017-05-01,CHTR,sell_put,1.224,1,1,0.113,1.224,0.01224,False
2017-05-01,CL,skip,0.0,0,0,6.5699,0.0,0.0,False
2017-05-01,CMCSA,sell_put,1.224,1,1,6.8282,1.224,0.01224,False
2017-05-01,COST,sell_put,1.0179,1,1,1.6392,1.0179,0.010179,False
2017-05-01,CRM,sell_put,1.5372,1,1,4.0873,1.5372,0.015372,False
2017-05-01,CSCO,sell_put,1.187,1,1,-6.649,-5.462,-0.05462,False
2017-05-01,CTSH,sell_put,1.187,1,1,11.0908,1.187,0.01187,False
2017-05-01,CVS,sell_put,1.1736,1,1,-6.2056,-5.032,-0.05032,False
2017-05-01,CVX,skip,0.0,0,0,-3.0178,0.0,0.0,False
2017-05-01,DHR,skip,0.0,0,0,1.9321,0.0,0.0,False
2017-05-01,DIS,sell_put,1.2899,1,1,-6.6263,-5.3364,-0.053364,False
2017-05-01,DUK,sell_put,0.7796,1,1,3.8545,0.7796,0.007796,False
2017-05-01,ELV,sell_put,1.1736,1,1,2.5071,1.1736,0.011736,False
2017-05-01,EOG,skip,0.0,0,0,-2.2008,0.0,0.0,False
2017-05-01,EQIX,sell_put,1.187,1,1,5.5806,1.187,0.01187,False
2017-05-01,FDX,skip,0.0,0,0,2.1824,0.0,0.0,False
2017-05-01,GE,skip,0.0,0,0,-5.5536,0.0,0.0,False
2017-05-01,GILD,sell_put,1.1096,1,1,-5.3392,-4.2296,-0.042296,False
2017-05-01,GM,skip,0.0,0,0,-2.0497,0.0,0.0,False
2017-05-01,GOOGL,sell_put,1.3761,1,1,6.7678,1.3761,0.013761,False
2017-05-01,GS,skip,0.0,0,0,-5.6032,0.0,0.0,False
2017-05-01,HD,sell_put,1.0974,1,1,-1.6592,-0.5618,-0.005618,False
2017-05-01,HON,sell_put,1.187,1,1,1.4107,1.187,0.01187,False
2017-05-01,IBM,skip,0.0,0,0,-4.7788,0.0,0.0,False
2017-05-01,INTC,sell_put,1.6476,1,1,-0.1106,1.537,0.01537,False
2017-05-01,ISRG,sell_put,0.9709,1,1,9.4285,0.9709,0.009709,False
2017-05-01,ITW,sell_put,1.187,1,1,2.2666,1.187,0.01187,False
2017-05-01,JNJ,skip,0.0,0,0,3.8714,0.0,0.0,False
2017-05-01,JPM,skip,0.0,0,0,-5.0321,0.0,0.0,False
2017-05-01,KO,sell_put,0.7796,1,1,5.3766,0.7796,0.007796,False
2017-05-01,LLY,skip,0.0,0,0,-3.0343,0.0,0.0,False
2017-05-01,LMT,sell_put,1.2833,1,1,4.3348,1.2833,0.012833,False
2017-05-01,LOW,sell_put,1.0974,1,1,-6.8077,-5.7102,-0.057102,False
2017-05-01,MA,sell_put,1.0529,1,1,5.8474,1.0529,0.010529,False
2017-05-01,MCD,sell_put,0.7796,1,1,7.8325,0.7796,0.007796,False
2017-05-01,MDLZ,sell_put,0.8819,1,1,3.4643,0.8819,0.008819,False
2017-05-01,MDT,sell_put,0.9709,1,1,1.4322,0.9709,0.009709,False
2017-05-01,MET,skip,0.0,0,0,-2.3547,0.0,0.0,False
2017-05-01,META,sell_put,1.7126,1,1,0.8053,1.7126,0.017126,False
2017-05-01,MMM,sell_put,1.187,1,1,4.412,1.187,0.01187,False
2017-05-01,MO,sell_put,0.8819,1,1,5.0989,0.8819,0.008819,False
2017-05-01,MRK,skip,0.0,0,0,4.4601,0.0,0.0,False
2017-05-01,MS,sell_put,1.075,1,1,-3.3225,-2.2476,-0.022476,False
2017-05-01,MSFT,sell_put,1.1436,1,1,2.0158,1.1436,0.011436,False
2017-05-01,NEE,sell_put,0.7796,1,1,5.9,0.7796,0.007796,False
2017-05-01,NFLX,sell_put,1.7541,1,1,7.1419,1.7541,0.017541,False
2017-05-01,NKE,skip,0.0,0,0,-4.3675,0.0,0.0,False
2017-05-01,NVDA,skip,0.0,0,0,38.3989,0.0,0.0,False
2017-05-01,ORCL,sell_put,1.4245,1,1,1.3914,1.4245,0.014245,False
2017-05-01,PEP,sell_put,0.8819,1,1,3.1692,0.8819,0.008819,False
2017-05-01,PFE,skip,0.0,0,0,-3.7441,0.0,0.0,False
2017-05-01,PG,skip,0.0,0,0,1.6426,0.0,0.0,False
2017-05-01,PM,skip,0.0,0,0,8.0837,0.0,0.0,False
2017-05-01,PYPL,sell_put,1.0529,1,1,9.4091,1.0529,0.010529,False
2017-05-01,QCOM,skip,0.0,0,0,6.5687,0.0,0.0,False
2017-05-01,SBUX,sell_put,0.7796,1,1,5.9108,0.7796,0.007796,False
2017-05-01,SCHW,skip,0.0,0,0,-0.2574,0.0,0.0,False
2017-05-01,SLB,skip,0.0,0,0,-4.1328,0.0,0.0,False
2017-05-01,SO,sell_put,0.7796,1,1,1.6265,0.7796,0.007796,False
2017-05-01,SPG,skip,0.0,0,0,-6.6622,0.0,0.0,False
2017-05-01,SYK,sell_put,0.9709,1,1,4.8324,0.9709,0.009709,False
2017-05-01,T,skip,0.0,0,0,-1.232,0.0,0.0,False
2017-05-01,TGT,sell_put,0.9662,1,1,-1.2534,-0.2872,-0.002872,False
2017-05-01,TMO,sell_put,1.1249,1,1,4.5122,1.1249,0.011249,False
2017-05-01,TMUS,sell_put,1.224,1,1,0.223,1.224,0.01224,False
2017-05-01,TXN,skip,0.0,0,0,4.8265,0.0,0.0,False
2017-05-01,UNH,sell_put,1.1736,1,1,0.1715,1.1736,0.011736,False
2017-05-01,UNP,sell_put,1.2833,1,1,-1.4827,-0.1994,-0.001994,False
2017-05-01,USB,sell_put,1.075,1,1,-0.7605,0.3144,0.003144,False
2017-05-01,V,sell_put,1.0067,1,1,4.3959,1.0067,0.010067,False
2017-05-01,VZ,skip,0.0,0,0,2.8023,0.0,0.0,False
2017-05-01,WFC,skip,0.0,0,0,-5.0148,0.0,0.0,False
2017-05-01,WMT,sell_put,0.9662,1,1,4.5491,0.9662,0.009662,False
2017-05-01,XOM,skip,0.0,0,0,-1.4084,0.0,0.0,False
2017-06-01,AAPL,sell_put,1.3336,1,1,-5.3322,-3.9986,-0.039986,False
2017-06-01,ABBV,sell_put,1.1916,1,1,9.8304,1.1916,0.011916,False
2017-06-01,ABT,sell_put,1.0427,1,1,6.4608,1.0427,0.010427,False
2017-06-01,ADBE,sell_put,1.6244,1,1,-0.2961,1.3284,0.013284,False
2017-06-01,ADP,skip,0.0,0,0,0.0879,0.0,0.0,False
2017-06-01,AMAT,sell_put,1.7695,1,1,-9.759,-7.9895,-0.079895,False
2017-06-01,AMGN,skip,0.0,0,0,11.7464,0.0,0.0,False
2017-06-01,AMT,sell_put,1.2748,1,1,0.8613,1.2748,0.012748,False
2017-06-01,AMZN,sell_put,1.6223,1,1,-2.6764,-1.0541,-0.010541,False
2017-06-01,AVGO,sell_put,1.7695,1,1,-2.685,-0.9155,-0.009155,False
2017-06-01,AXP,skip,0.0,0,0,9.4879,0.0,0.0,False
2017-06-01,BA,sell_put,1.2719,1,1,6.2004,1.2719,0.012719,False
2017-06-01,BAC,skip,0.0,0,0,8.6108,0.0,0.0,False
2017-06-01,BDX,sell_put,1.0427,1,1,3.1073,1.0427,0.010427,False
2017-06-01,BLK,sell_put,1.1545,1,1,3.2182,1.1545,0.011545,False
2017-06-01,BMY,skip,0.0,0,0,3.2808,0.0,0.0,False
2017-06-01,BRK-B,sell_put,0.767,1,1,2.4746,0.767,0.00767,False
2017-06-01,C,sell_put,1.2719,1,1,10.4724,1.2719,0.012719,False
2017-06-01,CAT,sell_put,1.3782,1,1,1.9254,1.3782,0.013782,False
2017-06-01,CHTR,sell_put,1.3145,1,1,-2.5177,-1.2032,-0.012032,False
2017-06-01,CL,sell_put,0.89,1,1,-2.9204,-2.0304,-0.020304,False
2017-06-01,CMCSA,sell_put,1.3145,1,1,-6.6443,-5.3298,-0.053298,False
2017-06-01,COST,sell_put,1.0932,1,1,-7.5116,-6.4184,-0.064184,False
2017-06-01,CRM,sell_put,1.6509,1,1,-3.3913,-1.7404,-0.017404,False
2017-06-01,CSCO,skip,0.0,0,0,-0.7295,0.0,0.0,False
2017-06-01,CTSH,sell_put,1.2748,1,1,-0.5309,0.7439,0.007439,False
2017-06-01,CVS,skip,0.0,0,0,4.7247,0.0,0.0,False
2017-06-01,CVX,skip,0.0,0,0,1.847,0.0,0.0,False
2017-06-01,DHR,sell_put,1.0427,1,1,-0.6475,0.3952,0.003952,False
2017-06-01,DIS,skip,0.0,0,0,-1.5657,0.0,0.0,False
2017-06-01,DUK,sell_put,0.8372,1,1,-1.4253,-0.5881,-0.005881,False
2017-06-01,ELV,sell_put,1.2604,1,1,3.1697,1.2604,0.012604,False
2017-06-01,EOG,skip,0.0,0,0,0.2325,0.0,0.0,False
2017-06-01,EQIX,sell_put,1.2748,1,1,-2.2288,-0.954,-0.00954,False
2017-06-01,FDX,sell_put,1.2748,1,1,12.1182,1.2748,0.012748,False
2017-06-01,GE,skip,0.0,0,0,-1.3514,0.0,0.0,False
2017-06-01,GILD,skip,0.0,0,0,9.0769,0.0,0.0,False
2017-06-01,GM,skip,0.0,0,0,2.9472,0.0,0.0,False
2017-06-01,GOOGL,sell_put,1.4779,1,1,-5.8161,-4.3382,-0.043382,False
2017-06-01,GS,skip,0.0,0,0,5.39,0.0,0.0,False
2017-06-01,HD,skip,0.0,0,0,0.5058,0.0,0.0,False
2017-06-01,HON,sell_put,1.2748,1,1,0.733,1.2748,0.012748,False
2017-06-01,IBM,skip,0.0,0,0,1.7708,0.0,0.0,False
2017-06-01,INTC,skip,0.0,0,0,-5.8682,0.0,0.0,False
2017-06-01,ISRG,sell_put,1.0427,1,1,2.262,1.0427,0.010427,False
2017-06-01,ITW,sell_put,1.2748,1,1,1.4375,1.2748,0.012748,False
2017-06-01,JNJ,sell_put,0.8713,1,1,3.8342,0.8713,0.008713,False
2017-06-01,JPM,skip,0.0,0,0,11.2599,0.0,0.0,False
2017-06-01,KO,sell_put,0.8372,1,1,-1.3636,-0.5263,-0.005263,False
2017-06-01,LLY,skip,0.0,0,0,4.0988,0.0,0.0,False
2017-06-01,LMT,sell_put,1.3782,1,1,-0.6144,0.7638,0.007638,False
2017-06-01,LOW,skip,0.0,0,0,-1.5742,0.0,0.0,False
2017-06-01,MA,sell_put,1.1308,1,1,-1.1637,-0.0329,-0.000329,False
2017-06-01,MCD,sell_put,0.8372,1,1,1.5044,0.8372,0.008372,False
2017-06-01,MDLZ,sell_put,0.9471,1,1,-7.2977,-6.3505,-0.063505,False
2017-06-01,MDT,sell_put,1.0427,1,1,5.3038,1.0427,0.010427,False
2017-06-01,MET,skip,0.0,0,0,9.4388,0.0,0.0,False
2017-06-01,META,sell_put,1.8393,1,1,-0.3169,1.5224,0.015224,False
2017-06-01,MMM,sell_put,1.2748,1,1,2.4275,1.2748,0.012748,False
2017-06-01,MO,sell_put,0.9471,1,1,-1.2858,-0.3387,-0.003387,False
2017-06-01,MRK,sell_put,1.1528,1,1,-1.5666,-0.4137,-0.004137,False
2017-06-01,MS,skip,0.0,0,0,6.7561,0.0,0.0,False
2017-06-01,MSFT,sell_put,1.2282,1,1,-0.7372,0.491,0.00491,False
2017-06-01,NEE,sell_put,0.8372,1,1,-0.2264,0.6108,0.006108,False
2017-06-01,NFLX,sell_put,1.8838,1,1,-8.3768,-6.4929,-0.064929,False
2017-06-01,NKE,skip,0.0,0,0,11.3418,0.0,0.0,False
2017-06-01,NVDA,sell_put,2.286,1,1,0.2509,2.286,0.02286,False
2017-06-01,ORCL,sell_put,1.5298,1,1,10.4649,1.5298,0.015298,False
2017-06-01,PEP,sell_put,0.9471,1,1,-0.5021,0.445,0.00445,False
2017-06-01,PFE,skip,0.0,0,0,3.8748,0.0,0.0,False
2017-06-01,PG,sell_put,0.89,1,1,-1.0671,-0.1771,-0.001771,False
2017-06-01,PM,sell_put,0.9471,1,1,-1.9616,-1.0145,-0.010145,False
2017-06-01,PYPL,sell_put,1.1308,1,1,2.7964,1.1308,0.011308,False
2017-06-01,QCOM,sell_put,1.81,1,1,-2.63,-0.82,-0.0082,False
2017-06-01,SBUX,sell_put,0.8372,1,1,-7.9544,-7.1172,-0.071172,False
2017-06-01,SCHW,skip,0.0,0,0,11.0839,0.0,0.0,False
2017-06-01,SLB,skip,0.0,0,0,-4.7089,0.0,0.0,False
2017-06-01,SO,sell_put,0.8372,1,1,-4.2809,-3.4437,-0.034437,False
2017-06-01,SPG,skip,0.0,0,0,6.0471,0.0,0.0,False
2017-06-01,SYK,sell_put,1.0427,1,1,-2.9239,-1.8812,-0.018812,False
2017-06-01,T,skip,0.0,0,0,-2.0763,0.0,0.0,False
2017-06-01,TGT,skip,0.0,0,0,-4.1553,0.0,0.0,False
2017-06-01,TMO,sell_put,1.2081,1,1,0.9723,1.2081,0.012081,False
2017-06-01,TMUS,sell_put,1.3145,1,1,-10.086,-8.7715,-0.087715,False
2017-06-01,TXN,sell_put,1.7695,1,1,-6.7402,-4.9707,-0.049707,False
2017-06-01,UNH,sell_put,1.2604,1,1,5.8454,1.2604,0.012604,False
2017-06-01,UNP,skip,0.0,0,0,-0.7126,0.0,0.0,False
2017-06-01,USB,skip,0.0,0,0,2.024,0.0,0.0,False
2017-06-01,V,sell_put,1.0811,1,1,-1.3479,-0.2667,-0.002667,False
2017-06-01,VZ,sell_put,1.3145,1,1,-4.2453,-2.9308,-0.029308,False
2017-06-01,WFC,skip,0.0,0,0,9.1098,0.0,0.0,False
2017-06-01,WMT,sell_put,1.0376,1,1,-3.0707,-2.0331,-0.020331,False
2017-06-01,XOM,skip,0.0,0,0,1.2327,0.0,0.0,False
2017-07-01,AAPL,skip,0.0,0,0,3.2704,0.0,0.0,True
2017-07-01,ABBV,sell_put,1.0936,2,2,-3.5857,-2.4921,-0.049842,True
2017-07-01,ABT,sell_put,0.9569,2,2,1.1726,0.9569,0.019138,True
2017-07-01,ADBE,skip,0.0,0,0,3.5704,0.0,0.0,True
2017-07-01,ADP,sell_put,1.1699,2,2,16.7124,1.1699,0.023398,True
2017-07-01,AMAT,skip,0.0,0,0,7.2622,0.0,0.0,True
2017-07-01,AMGN,sell_put,1.0936,2,2,1.3238,1.0936,0.021872,True
2017-07-01,AMT,sell_put,1.1699,2,2,3.5383,1.1699,0.023398,True
2017-07-01,AMZN,skip,0.0,0,0,2.0434,0.0,0.0,True
2017-07-01,AVGO,skip,0.0,0,0,6.2907,0.0,0.0,True
2017-07-01,AXP,sell_put,1.0378,2,2,1.1752,1.0378,0.020756,True
2017-07-01,BA,sell_put,1.1672,2,2,22.6094,1.1672,0.023344,True
2017-07-01,BAC,sell_put,1.247,2,2,-0.5771,0.6699,0.013398,True
2017-07-01,BDX,sell_put,0.9569,2,2,3.618,0.9569,0.019138,True
2017-07-01,BLK,sell_put,1.0595,2,2,1.596,1.0595,0.02119,True
2017-07-01,BMY,sell_put,1.0936,2,2,2.1177,1.0936,0.021872,True
2017-07-01,BRK-B,sell_put,0.7038,2,2,3.3064,0.7038,0.014076,True
2017-07-01,C,sell_put,1.1672,2,2,2.3475,1.1672,0.023344,True
2017-07-01,CAT,sell_put,1.2648,2,2,6.0394,1.2648,0.025296,True
2017-07-01,CHTR,skip,0.0,0,0,16.3634,0.0,0.0,True
2017-07-01,CL,skip,0.0,0,0,-2.6035,0.0,0.0,True
2017-07-01,CMCSA,skip,0.0,0,0,4.3553,0.0,0.0,True
2017-07-01,COST,skip,0.0,0,0,-0.8879,0.0,0.0,True
2017-07-01,CRM,skip,0.0,0,0,4.8499,0.0,0.0,True
2017-07-01,CSCO,skip,0.0,0,0,0.4792,0.0,0.0,True
2017-07-01,CTSH,skip,0.0,0,0,4.3976,0.0,0.0,True
2017-07-01,CVS,sell_put,1.1567,2,2,-0.6587,0.498,0.00996,True
2017-07-01,CVX,sell_put,1.1663,2,2,4.6583,1.1663,0.023326,True
2017-07-01,DHR,skip,0.0,0,0,-3.2764,0.0,0.0,True
2017-07-01,DIS,skip,0.0,0,0,3.4635,0.0,0.0,True
2017-07-01,DUK,skip,0.0,0,0,1.8304,0.0,0.0,True
2017-07-01,ELV,sell_put,1.1567,2,2,-0.6765,0.4802,0.009604,True
2017-07-01,EOG,sell_put,1.2648,2,2,5.1039,1.2648,0.025296,True
2017-07-01,EQIX,skip,0.0,0,0,5.0261,0.0,0.0,True
2017-07-01,FDX,sell_put,1.1699,2,2,-4.0518,-2.8819,-0.057638,True
2017-07-01,GE,skip,0.0,0,0,-4.3834,0.0,0.0,True
2017-07-01,GILD,sell_put,1.0936,2,2,8.367,1.0936,0.021872,True
2017-07-01,GM,sell_put,1.2648,2,2,4.1556,1.2648,0.025296,True
2017-07-01,GOOGL,skip,0.0,0,0,1.7017,0.0,0.0,True
2017-07-01,GS,sell_put,1.0595,2,2,1.5458,1.0595,0.02119,True
2017-07-01,HD,sell_put,1.0816,2,2,-2.4772,-1.3956,-0.027912,True
2017-07-01,HON,sell_put,1.1699,2,2,2.1232,1.1699,0.023398,True
2017-07-01,IBM,sell_put,1.1699,2,2,-5.9546,-4.7847,-0.095694,True
2017-07-01,INTC,skip,0.0,0,0,5.1274,0.0,0.0,True
2017-07-01,ISRG,sell_put,0.9569,2,2,0.309,0.9569,0.019138,True
2017-07-01,ITW,sell_put,1.1699,2,2,-1.3223,-0.1524,-0.003048,True
2017-07-01,JNJ,sell_put,0.7996,2,2,0.325,0.7996,0.015992,True
2017-07-01,JPM,sell_put,1.0595,2,2,0.4377,1.0595,0.02119,True
2017-07-01,KO,skip,0.0,0,0,3.0485,0.0,0.0,True
2017-07-01,LLY,sell_put,1.3734,2,2,0.4375,1.3734,0.027468,True
2017-07-01,LMT,skip,0.0,0,0,5.2304,0.0,0.0,True
2017-07-01,LOW,skip,0.0,0,0,-0.1677,0.0,0.0,True
2017-07-01,MA,skip,0.0,0,0,5.2285,0.0,0.0,True
2017-07-01,MCD,sell_put,0.7683,2,2,1.9278,0.7683,0.015366,True
2017-07-01,MDLZ,skip,0.0,0,0,2.364,0.0,0.0,True
2017-07-01,MDT,sell_put,0.9569,2,2,-5.3859,-4.429,-0.08858,True
2017-07-01,MET,sell_put,1.0595,2,2,0.1092,1.0595,0.02119,True
2017-07-01,META,skip,0.0,0,0,12.1009,0.0,0.0,True
2017-07-01,MMM,sell_put,1.1699,2,2,-3.3719,-2.202,-0.04404,True
2017-07-01,MO,skip,0.0,0,0,-12.0452,0.0,0.0,True
2017-07-01,MRK,skip,0.0,0,0,0.4052,0.0,0.0,True
2017-07-01,MS,sell_put,1.0595,2,2,5.2513,1.0595,0.02119,True
2017-07-01,MSFT,skip,0.0,0,0,5.4693,0.0,0.0,True
2017-07-01,NEE,skip,0.0,0,0,4.2532,0.0,0.0,True
2017-07-01,NFLX,skip,0.0,0,0,21.5849,0.0,0.0,True
2017-07-01,NKE,sell_put,1.3688,2,2,0.4259,1.3688,0.027376,True
2017-07-01,NVDA,sell_put,2.0979,2,2,12.417,2.0979,0.041958,True
2017-07-01,ORCL,sell_put,1.404,2,2,-0.4188,0.9851,0.019702,True
2017-07-01,PEP,skip,0.0,0,0,0.9698,0.0,0.0,True
2017-07-01,PFE,sell_put,1.0936,2,2,-1.2801,-0.1866,-0.003732,True
2017-07-01,PG,skip,0.0,0,0,4.2111,0.0,0.0,True
2017-07-01,PM,skip,0.0,0,0,0.2235,0.0,0.0,True
2017-07-01,PYPL,sell_put,1.0378,2,2,9.0926,1.0378,0.020756,True
2017-07-01,QCOM,skip,0.0,0,0,-3.6762,0.0,0.0,True
2017-07-01,SBUX,skip,0.0,0,0,-7.4258,0.0,0.0,True
2017-07-01,SCHW,sell_put,1.0595,2,2,-0.1397,0.9198,0.018396,True
2017-07-01,SLB,skip,0.0,0,0,4.192,0.0,0.0,True
2017-07-01,SO,skip,0.0,0,0,0.1044,0.0,0.0,True
2017-07-01,SPG,sell_put,1.1699,2,2,-2.0153,-0.8454,-0.016908,True
2017-07-01,SYK,skip,0.0,0,0,6.3188,0.0,0.0,True
2017-07-01,T,skip,0.0,0,0,3.366,0.0,0.0,True
2017-07-01,TGT,skip,0.0,0,0,8.3764,0.0,0.0,True
2017-07-01,TMO,sell_put,1.1087,2,2,0.6947,1.1087,0.022174,True
2017-07-01,TMUS,skip,0.0,0,0,1.7156,0.0,0.0,True
2017-07-01,TXN,skip,0.0,0,0,5.7845,0.0,0.0,True
2017-07-01,UNH,sell_put,1.1567,2,2,3.8734,1.1567,0.023134,True
2017-07-01,UNP,skip,0.0,0,0,-5.4632,0.0,0.0,True
2017-07-01,USB,sell_put,1.0595,2,2,2.213,1.0595,0.02119,True
2017-07-01,V,skip,0.0,0,0,6.1634,0.0,0.0,True
2017-07-01,VZ,skip,0.0,0,0,8.3744,0.0,0.0,True
2017-07-01,WFC,sell_put,1.3549,2,2,-2.653,-1.298,-0.02596,True
2017-07-01,WMT,skip,0.0,0,0,5.6951,0.0,0.0,True
2017-07-01,XOM,sell_put,1.2648,2,2,-0.8547,0.4101,0.008202,True
2017-08-01,AAPL,sell_put,1.2632,2,2,10.2669,1.2632,0.025264,True
2017-08-01,ABBV,skip,0.0,0,0,8.6781,0.0,0.0,True
2017-08-01,ABT,sell_put,0.9877,2,2,4.1519,0.9877,0.019754,True
2017-08-01,ADBE,sell_put,1.5387,2,2,5.9185,1.5387,0.030774,True
2017-08-01,ADP,sell_put,1.2075,2,2,-10.4617,-9.2542,-0.185084,True
2017-08-01,AMAT,sell_put,1.6761,2,2,1.828,1.6761,0.033522,True
2017-08-01,AMGN,sell_put,1.1288,2,2,1.8681,1.1288,0.022576,True
2017-08-01,AMT,sell_put,1.2075,2,2,8.5968,1.2075,0.02415,True
2017-08-01,AMZN,sell_put,1.5367,2,2,-0.7269,0.8098,0.016196,True
2017-08-01,AVGO,sell_put,1.6761,2,2,2.1933,1.6761,0.033522,True
2017-08-01,AXP,sell_put,1.0711,2,2,1.402,1.0711,0.021422,True
2017-08-01,BA,sell_put,1.2048,2,2,-1.1548,0.0499,0.000998,True
2017-08-01,BAC,skip,0.0,0,0,-0.9535,0.0,0.0,True
2017-08-01,BDX,sell_put,0.9877,2,2,-0.9732,0.0145,0.00029,True
2017-08-01,BLK,sell_put,1.0935,2,2,-1.763,-0.6695,-0.01339,True
2017-08-01,BMY,sell_put,1.1288,2,2,7.0336,1.1288,0.022576,True
2017-08-01,BRK-B,sell_put,0.7265,2,2,3.5378,0.7265,0.01453,True
2017-08-01,C,sell_put,1.2048,2,2,-0.6136,0.5912,0.011824,True
2017-08-01,CAT,sell_put,1.3055,2,2,3.8509,1.3055,0.02611,True
2017-08-01,CHTR,sell_put,1.2452,2,2,1.6762,1.2452,0.024904,True
2017-08-01,CL,skip,0.0,0,0,-0.2231,0.0,0.0,True
2017-08-01,CMCSA,sell_put,1.2452,2,2,0.3955,1.2452,0.024904,True
2017-08-01,COST,skip,0.0,0,0,-1.1166,0.0,0.0,True
2017-08-01,CRM,sell_put,1.5638,2,2,5.1652,1.5638,0.031276,True
2017-08-01,CSCO,sell_put,1.2075,2,2,3.3734,1.2075,0.02415,True
2017-08-01,CTSH,sell_put,1.2075,2,2,2.0917,1.2075,0.02415,True
2017-08-01,CVS,skip,0.0,0,0,-2.6111,0.0,0.0,True
2017-08-01,CVX,sell_put,1.2038,2,2,-1.4379,-0.2341,-0.004682,True
2017-08-01,DHR,skip,0.0,0,0,2.3684,0.0,0.0,True
2017-08-01,DIS,sell_put,1.3122,2,2,-7.2566,-5.9444,-0.118888,True
2017-08-01,DUK,sell_put,0.793,2,2,2.5611,0.793,0.01586,True
2017-08-01,ELV,skip,0.0,0,0,5.279,0.0,0.0,True
2017-08-01,EOG,sell_put,1.3055,2,2,-10.5025,-9.1971,-0.183942,True
2017-08-01,EQIX,sell_put,1.2075,2,2,3.9225,1.2075,0.02415,True
2017-08-01,FDX,skip,0.0,0,0,3.0524,0.0,0.0,True
2017-08-01,GE,skip,0.0,0,0,-4.139,0.0,0.0,True
2017-08-01,GILD,sell_put,1.1288,2,2,10.0145,1.1288,0.022576,True
2017-08-01,GM,sell_put,1.3055,2,2,1.5564,1.3055,0.02611,True
2017-08-01,GOOGL,sell_put,1.3999,2,2,1.0301,1.3999,0.027998,True
2017-08-01,GS,sell_put,1.0935,2,2,-0.7056,0.3879,0.007758,True
2017-08-01,HD,skip,0.0,0,0,0.1805,0.0,0.0,True
2017-08-01,HON,sell_put,1.2075,2,2,1.5795,1.2075,0.02415,True
2017-08-01,IBM,skip,0.0,0,0,-1.1336,0.0,0.0,True
2017-08-01,INTC,sell_put,1.6761,2,2,-1.1277,0.5484,0.010968,True
2017-08-01,ISRG,sell_put,0.9877,2,2,7.078,0.9877,0.019754,True
2017-08-01,ITW,skip,0.0,0,0,-2.2742,0.0,0.0,True
2017-08-01,JNJ,sell_put,0.8253,2,2,-0.2638,0.5615,0.01123,True
2017-08-01,JPM,sell_put,1.0935,2,2,-0.4467,0.6469,0.012938,True
2017-08-01,KO,sell_put,0.793,2,2,-0.6326,0.1604,0.003208,True
2017-08-01,LLY,sell_put,1.4176,2,2,-1.6574,-0.2398,-0.004796,True
2017-08-01,LMT,sell_put,1.3055,2,2,4.539,1.3055,0.02611,True
2017-08-01,LOW,skip,0.0,0,0,-4.0018,0.0,0.0,True
2017-08-01,MA,sell_put,1.0711,2,2,4.4939,1.0711,0.021422,True
2017-08-01,MCD,sell_put,0.793,2,2,3.1133,0.793,0.01586,True
2017-08-01,MDLZ,sell_put,0.8971,2,2,-7.6329,-6.7358,-0.134716,True
2017-08-01,MDT,skip,0.0,0,0,-3.4897,0.0,0.0,True
2017-08-01,MET,sell_put,1.0935,2,2,-4.4668,-3.3732,-0.067464,True
2017-08-01,META,sell_put,1.7422,2,2,1.6071,1.7422,0.034844,True
2017-08-01,MMM,skip,0.0,0,0,1.5658,0.0,0.0,True
2017-08-01,MO,skip,0.0,0,0,-2.4165,0.0,0.0,True
2017-08-01,MRK,sell_put,1.092,2,2,-0.0313,1.0607,0.021214,True
2017-08-01,MS,sell_put,1.0935,2,2,-2.4686,-1.375,-0.0275,True
2017-08-01,MSFT,sell_put,1.1634,2,2,2.8473,1.1634,0.023268,True
2017-08-01,NEE,sell_put,0.793,2,2,3.0256,0.793,0.01586,True
2017-08-01,NFLX,sell_put,1.7844,2,2,-3.8258,-2.0414,-0.040828,True
2017-08-01,NKE,sell_put,1.4129,2,2,-10.5673,-9.1544,-0.183088,True
2017-08-01,NVDA,sell_put,2.1653,2,2,4.2644,2.1653,0.043306,True
2017-08-01,ORCL,skip,0.0,0,0,1.1814,0.0,0.0,True
2017-08-01,PEP,sell_put,0.8971,2,2,-0.7547,0.1425,0.00285,True
2017-08-01,PFE,skip,0.0,0,0,2.2919,0.0,0.0,True
2017-08-01,PG,sell_put,0.8431,2,2,2.3936,0.8431,0.016862,True
2017-08-01,PM,sell_put,0.8971,2,2,0.1885,0.8971,0.017942,True
2017-08-01,PYPL,sell_put,1.0711,2,2,5.3459,1.0711,0.021422,True
2017-08-01,QCOM,skip,0.0,0,0,-1.7297,0.0,0.0,True
2017-08-01,SBUX,skip,0.0,0,0,1.6302,0.0,0.0,True
2017-08-01,SCHW,skip,0.0,0,0,-6.993,0.0,0.0,True
2017-08-01,SLB,sell_put,1.3055,2,2,-7.4198,-6.1143,-0.122286,True
2017-08-01,SO,sell_put,0.793,2,2,0.6885,0.793,0.01586,True
2017-08-01,SPG,skip,0.0,0,0,-1.041,0.0,0.0,True
2017-08-01,SYK,sell_put,0.9877,2,2,-3.8953,-2.9077,-0.058154,True
2017-08-01,T,sell_put,1.2452,2,2,-2.2858,-1.0406,-0.020812,True
2017-08-01,TGT,sell_put,0.9829,2,2,-3.7763,-2.7934,-0.055868,True
2017-08-01,TMO,sell_put,1.1444,2,2,6.6142,1.1444,0.022888,True
2017-08-01,TMUS,sell_put,1.2452,2,2,4.9465,1.2452,0.024904,True
2017-08-01,TXN,sell_put,1.6761,2,2,2.3898,1.6761,0.033522,True
2017-08-01,UNH,sell_put,1.1939,2,2,3.6964,1.1939,0.023878,True
2017-08-01,UNP,skip,0.0,0,0,2.2727,0.0,0.0,True
2017-08-01,USB,sell_put,1.0935,2,2,-2.8988,-1.8053,-0.036106,True
2017-08-01,V,sell_put,1.0241,2,2,3.9775,1.0241,0.020482,True
2017-08-01,VZ,sell_put,1.2452,2,2,0.4114,1.2452,0.024904,True
2017-08-01,WFC,skip,0.0,0,0,-5.3207,0.0,0.0,True
2017-08-01,WMT,sell_put,0.9829,2,2,-2.4003,-1.4175,-0.02835,True
2017-08-01,XOM,skip,0.0,0,0,-4.6351,0.0,0.0,True
2017-09-01,AAPL,sell_put,1.1344,2,2,-5.6553,-4.5209,-0.090418,True
2017-09-01,ABBV,sell_put,1.0136,2,2,18.008,1.0136,0.020272,True
2017-09-01,ABT,sell_put,0.8869,2,2,4.7507,0.8869,0.017738,True
2017-09-01,ADBE,sell_put,1.3818,2,2,-3.8541,-2.4723,-0.049446,True
2017-09-01,ADP,skip,0.0,0,0,2.6768,0.0,0.0,True
2017-09-01,AMAT,sell_put,1.5052,2,2,15.7149,1.5052,0.030104,True
2017-09-01,AMGN,sell_put,1.0136,2,2,5.5901,1.0136,0.020272,True
2017-09-01,AMT,sell_put,1.0844,2,2,-7.6798,-6.5954,-0.131908,True
2017-09-01,AMZN,skip,0.0,0,0,-1.9631,0.0,0.0,True
2017-09-01,AVGO,sell_put,1.5052,2,2,-3.7807,-2.2755,-0.04551,True
2017-09-01,AXP,sell_put,0.9619,2,2,5.0639,0.9619,0.019238,True
2017-09-01,BA,skip,0.0,0,0,6.7038,0.0,0.0,True
2017-09-01,BAC,skip,0.0,0,0,6.612,0.0,0.0,True
2017-09-01,BDX,skip,0.0,0,0,-1.7499,0.0,0.0,True
2017-09-01,BLK,skip,0.0,0,0,7.3463,0.0,0.0,True
2017-09-01,BMY,sell_put,1.0136,2,2,5.3902,1.0136,0.020272,True
2017-09-01,BRK-B,sell_put,0.6524,2,2,1.1923,0.6524,0.013048,True
2017-09-01,C,skip,0.0,0,0,7.4186,0.0,0.0,True
2017-09-01,CAT,sell_put,1.1723,2,2,6.1452,1.1723,0.023446,True
2017-09-01,CHTR,sell_put,1.1182,2,2,-8.8122,-7.694,-0.15388,True
2017-09-01,CL,skip,0.0,0,0,1.689,0.0,0.0,True
2017-09-01,CMCSA,sell_put,1.1182,2,2,-5.245,-4.1268,-0.082536,True
2017-09-01,COST,skip,0.0,0,0,5.152,0.0,0.0,True
2017-09-01,CRM,sell_put,1.4043,2,2,-2.1678,-0.7635,-0.01527,True
2017-09-01,CSCO,sell_put,1.0844,2,2,4.4086,1.0844,0.021688,True
2017-09-01,CTSH,sell_put,1.0844,2,2,2.7199,1.0844,0.021688,True
2017-09-01,CVS,skip,0.0,0,0,5.1461,0.0,0.0,True
2017-09-01,CVX,skip,0.0,0,0,10.2774,0.0,0.0,True
2017-09-01,DHR,sell_put,0.8869,2,2,2.8291,0.8869,0.017738,True
2017-09-01,DIS,skip,0.0,0,0,-2.5988,0.0,0.0,True
2017-09-01,DUK,sell_put,0.7122,2,2,-2.8769,-2.1647,-0.043294,True
2017-09-01,ELV,sell_put,1.0721,2,2,-3.1422,-2.0701,-0.041402,True
2017-09-01,EOG,skip,0.0,0,0,13.8252,0.0,0.0,True
2017-09-01,EQIX,sell_put,1.0844,2,2,-4.2949,-3.2105,-0.06421,True
2017-09-01,FDX,sell_put,1.0844,2,2,5.2244,1.0844,0.021688,True
2017-09-01,GE,skip,0.0,0,0,-1.5071,0.0,0.0,True
2017-09-01,GILD,sell_put,1.0136,2,2,-3.2135,-2.1998,-0.043996,True
2017-09-01,GM,sell_put,1.1723,2,2,10.5091,1.1723,0.023446,True
2017-09-01,GOOGL,sell_put,1.2571,2,2,1.9346,1.2571,0.025142,True
2017-09-01,GS,skip,0.0,0,0,6.3735,0.0,0.0,True
2017-09-01,HD,sell_put,1.0025,2,2,9.7799,1.0025,0.02005,True
2017-09-01,HON,sell_put,1.0844,2,2,3.0081,1.0844,0.021688,True
2017-09-01,IBM,skip,0.0,0,0,2.505,0.0,0.0,True
2017-09-01,INTC,skip,0.0,0,0,9.3979,0.0,0.0,True
2017-09-01,ISRG,sell_put,0.8869,2,2,4.1018,0.8869,0.017738,True
2017-09-01,ITW,skip,0.0,0,0,7.5995,0.0,0.0,True
2017-09-01,JNJ,skip,0.0,0,0,-1.1581,0.0,0.0,True
2017-09-01,JPM,skip,0.0,0,0,5.0831,0.0,0.0,True
2017-09-01,KO,skip,0.0,0,0,-1.1855,0.0,0.0,True
2017-09-01,LLY,skip,0.0,0,0,5.8993,0.0,0.0,True
2017-09-01,LMT,sell_put,1.1723,2,2,2.2082,1.1723,0.023446,True
2017-09-01,LOW,skip,0.0,0,0,8.1878,0.0,0.0,True
2017-09-01,MA,sell_put,0.9619,2,2,5.9264,0.9619,0.019238,True
2017-09-01,MCD,sell_put,0.7122,2,2,-1.4755,-0.7634,-0.015268,True
2017-09-01,MDLZ,skip,0.0,0,0,0.0,0.0,0.0,True
2017-09-01,MDT,skip,0.0,0,0,-3.5351,0.0,0.0,True
2017-09-01,MET,skip,0.0,0,0,11.7388,0.0,0.0,True
2017-09-01,META,sell_put,1.5645,2,2,-0.6396,0.9249,0.018498,True
2017-09-01,MMM,sell_put,1.0844,2,2,3.3219,1.0844,0.021688,True
2017-09-01,MO,skip,0.0,0,0,0.0315,0.0,0.0,True
2017-09-01,MRK,skip,0.0,0,0,0.2662,0.0,0.0,True
2017-09-01,MS,skip,0.0,0,0,5.8681,0.0,0.0,True
2017-09-01,MSFT,sell_put,1.0447,2,2,0.1563,1.0447,0.020894,True
2017-09-01,NEE,sell_put,0.7122,2,2,-1.9924,-1.2802,-0.025604,True
2017-09-01,NFLX,skip,0.0,0,0,3.8006,0.0,0.0,True
2017-09-01,NKE,skip,0.0,0,0,-1.4805,0.0,0.0,True
2017-09-01,NVDA,sell_put,1.9445,2,2,5.5993,1.9445,0.03889,True
2017-09-01,ORCL,sell_put,1.3013,2,2,-3.934,-2.6327,-0.052654,True
2017-09-01,PEP,skip,0.0,0,0,-3.0418,0.0,0.0,True
2017-09-01,PFE,sell_put,1.0136,2,2,6.2757,1.0136,0.020272,True
2017-09-01,PG,sell_put,0.7571,2,2,-1.3981,-0.641,-0.01282,True
2017-09-01,PM,sell_put,0.8056,2,2,-5.0629,-4.2572,-0.085144,True
2017-09-01,PYPL,sell_put,0.9619,2,2,3.81,0.9619,0.019238,True
2017-09-01,QCOM,skip,0.0,0,0,0.2759,0.0,0.0,True
2017-09-01,SBUX,sell_put,0.7122,2,2,-1.6543,-0.9421,-0.018842,True
2017-09-01,SCHW,skip,0.0,0,0,9.8298,0.0,0.0,True
2017-09-01,SLB,skip,0.0,0,0,9.841,0.0,0.0,True
2017-09-01,SO,sell_put,0.7122,2,2,3.0434,0.7122,0.014244,True
2017-09-01,SPG,skip,0.0,0,0,3.8177,0.0,0.0,True
2017-09-01,SYK,skip,0.0,0,0,0.4598,0.0,0.0,True
2017-09-01,T,skip,0.0,0,0,4.5649,0.0,0.0,True
2017-09-01,TGT,skip,0.0,0,0,9.4349,0.0,0.0,True
2017-09-01,TMO,sell_put,1.0277,2,2,1.1008,1.0277,0.020554,True
2017-09-01,TMUS,sell_put,1.1182,2,2,-4.7133,-3.5952,-0.071904,True
2017-09-01,TXN,sell_put,1.5052,2,2,8.2347,1.5052,0.030104,True
2017-09-01,UNH,sell_put,1.0721,2,2,-1.5335,-0.4613,-0.009226,True
2017-09-01,UNP,sell_put,1.1723,2,2,10.774,1.1723,0.023446,True
2017-09-01,USB,skip,0.0,0,0,4.5659,0.0,0.0,True
2017-09-01,V,sell_put,0.9197,2,2,1.8253,0.9197,0.018394,True
2017-09-01,VZ,sell_put,1.1182,2,2,3.1686,1.1182,0.022364,True
2017-09-01,WFC,skip,0.0,0,0,8.7735,0.0,0.0,True
2017-09-01,WMT,skip,0.0,0,0,0.7192,0.0,0.0,True
2017-09-01,XOM,skip,0.0,0,0,8.443,0.0,0.0,True
2017-10-01,AAPL,skip,0.0,0,0,9.6807,0.0,0.0,True
2017-10-01,ABBV,sell_put,1.0851,4,4,1.5642,1.0851,0.043404,True
2017-10-01,ABT,sell_put,0.9494,4,4,1.6305,0.9494,0.037976,True
2017-10-01,ADBE,skip,0.0,0,0,17.4152,0.0,0.0,True
2017-10-01,ADP,sell_put,1.1608,4,4,6.9123,1.1608,0.046432,True
2017-10-01,AMAT,sell_put,1.6112,4,4,8.3317,1.6112,0.064448,True
2017-10-01,AMGN,sell_put,1.0851,4,4,-6.0231,-4.938,-0.19752,True
2017-10-01,AMT,skip,0.0,0,0,5.6316,0.0,0.0,True
2017-10-01,AMZN,skip,0.0,0,0,14.9717,0.0,0.0,True
2017-10-01,AVGO,skip,0.0,0,0,9.2557,0.0,0.0,True
2017-10-01,AXP,sell_put,1.0297,4,4,5.5936,1.0297,0.041188,True
2017-10-01,BA,sell_put,1.1581,4,4,1.483,1.1581,0.046324,True
2017-10-01,BAC,sell_put,1.2373,4,4,8.09,1.2373,0.049492,True
2017-10-01,BDX,skip,0.0,0,0,6.8831,0.0,0.0,True
2017-10-01,BLK,sell_put,1.0512,4,4,5.3099,1.0512,0.042048,True
2017-10-01,BMY,sell_put,1.0851,4,4,-3.2632,-2.1782,-0.087128,True
2017-10-01,BRK-B,sell_put,0.6984,4,4,1.9747,0.6984,0.027936,True
2017-10-01,C,sell_put,1.1581,4,4,1.0448,1.1581,0.046324,True
2017-10-01,CAT,sell_put,1.2549,4,4,8.8926,1.2549,0.050196,True
2017-10-01,CHTR,skip,0.0,0,0,-8.0485,0.0,0.0,True
2017-10-01,CL,sell_put,0.8104,4,4,-3.2944,-2.484,-0.09936,True
2017-10-01,CMCSA,skip,0.0,0,0,-6.3669,0.0,0.0,True
2017-10-01,COST,sell_put,0.9954,4,4,-1.9539,-0.9585,-0.03834,True
2017-10-01,CRM,skip,0.0,0,0,9.5483,0.0,0.0,True
2017-10-01,CSCO,sell_put,1.1608,4,4,1.5462,1.1608,0.046432,True
2017-10-01,CTSH,sell_put,1.1608,4,4,4.3149,1.1608,0.046432,True
2017-10-01,CVS,sell_put,1.1477,4,4,-15.728,-14.5804,-0.583216,True
2017-10-01,CVX,sell_put,1.1572,4,4,-1.3702,-0.213,-0.00852,True
2017-10-01,DHR,sell_put,0.9494,4,4,7.7423,0.9494,0.037976,True
2017-10-01,DIS,skip,0.0,0,0,-0.771,0.0,0.0,True
2017-10-01,DUK,skip,0.0,0,0,5.2312,0.0,0.0,True
2017-10-01,ELV,skip,0.0,0,0,10.5798,0.0,0.0,True
2017-10-01,EOG,sell_put,1.2549,4,4,3.2355,1.2549,0.050196,True
2017-10-01,EQIX,skip,0.0,0,0,3.8539,0.0,0.0,True
2017-10-01,FDX,sell_put,1.1608,4,4,0.3368,1.1608,0.046432,True
2017-10-01,GE,skip,0.0,0,0,-15.7922,0.0,0.0,True
2017-10-01,GILD,skip,0.0,0,0,-6.9011,0.0,0.0,True
2017-10-01,GM,sell_put,1.2549,4,4,7.5234,1.2549,0.050196,True
2017-10-01,GOOGL,sell_put,1.3457,4,4,6.0921,1.3457,0.053828,True
2017-10-01,GS,sell_put,1.0512,4,4,2.2303,1.0512,0.042048,True
2017-10-01,HD,sell_put,1.0732,4,4,1.3573,1.0732,0.042928,True
2017-10-01,HON,sell_put,1.1608,4,4,1.7074,1.1608,0.046432,True
2017-10-01,IBM,sell_put,1.1608,4,4,6.1897,1.1608,0.046432,True
2017-10-01,INTC,sell_put,1.6112,4,4,19.4591,1.6112,0.064448,True
2017-10-01,ISRG,sell_put,0.9494,4,4,7.6682,0.9494,0.037976,True
2017-10-01,ITW,sell_put,1.1608,4,4,6.3467,1.1608,0.046432,True
2017-10-01,JNJ,skip,0.0,0,0,7.2302,0.0,0.0,True
2017-10-01,JPM,sell_put,1.0512,4,4,5.3398,1.0512,0.042048,True
2017-10-01,KO,skip,0.0,0,0,2.9679,0.0,0.0,True
2017-10-01,LLY,sell_put,1.3627,4,4,-4.2085,-2.8458,-0.113832,True
2017-10-01,LMT,sell_put,1.2549,4,4,-0.6864,0.5685,0.02274,True
2017-10-01,LOW,sell_put,1.0732,4,4,0.0125,1.0732,0.042928,True
2017-10-01,MA,sell_put,1.0297,4,4,5.3612,1.0297,0.041188,True
2017-10-01,MCD,skip,0.0,0,0,6.5292,0.0,0.0,True
2017-10-01,MDLZ,sell_put,0.8624,4,4,2.4493,0.8624,0.034496,True
2017-10-01,MDT,skip,0.0,0,0,4.1515,0.0,0.0,True
2017-10-01,MET,sell_put,1.0512,4,4,3.1376,1.0512,0.042048,True
2017-10-01,META,skip,0.0,0,0,5.3783,0.0,0.0,True
2017-10-01,MMM,sell_put,1.1608,4,4,9.6665,1.1608,0.046432,True
2017-10-01,MO,sell_put,0.8624,4,4,2.342,0.8624,0.034496,True
2017-10-01,MRK,sell_put,1.0497,4,4,-13.3399,-12.2902,-0.491608,True
2017-10-01,MS,sell_put,1.0512,4,4,3.7991,1.0512,0.042048,True
2017-10-01,MSFT,sell_put,1.1183,4,4,11.666,1.1183,0.044732,True
2017-10-01,NEE,skip,0.0,0,0,5.8137,0.0,0.0,True
2017-10-01,NFLX,sell_put,1.7153,4,4,8.3154,1.7153,0.068612,True
2017-10-01,NKE,skip,0.0,0,0,6.056,0.0,0.0,True
2017-10-01,NVDA,sell_put,2.0815,4,4,15.6849,2.0815,0.08326,True
2017-10-01,ORCL,skip,0.0,0,0,5.274,0.0,0.0,True
2017-10-01,PEP,skip,0.0,0,0,-1.0769,0.0,0.0,True
2017-10-01,PFE,sell_put,1.0851,4,4,-1.7927,-0.7077,-0.028308,True
2017-10-01,PG,skip,0.0,0,0,-5.1,0.0,0.0,True
2017-10-01,PM,skip,0.0,0,0,-4.8391,0.0,0.0,True
2017-10-01,PYPL,sell_put,1.0297,4,4,13.3219,1.0297,0.041188,True
2017-10-01,QCOM,sell_put,1.6481,4,4,-1.6011,0.047,0.00188,True
2017-10-01,SBUX,skip,0.0,0,0,2.1038,0.0,0.0,True
2017-10-01,SCHW,sell_put,1.0512,4,4,2.5148,1.0512,0.042048,True
2017-10-01,SLB,sell_put,1.2549,4,4,-7.5289,-6.274,-0.25096,True
2017-10-01,SO,sell_put,0.7623,4,4,6.2271,0.7623,0.030492,True
2017-10-01,SPG,sell_put,1.1608,4,4,-3.5277,-2.367,-0.09468,True
2017-10-01,SYK,sell_put,0.9494,4,4,9.3778,0.9494,0.037976,True
2017-10-01,T,sell_put,1.1969,4,4,-14.0924,-12.8955,-0.51582,True
2017-10-01,TGT,sell_put,0.9448,4,4,0.0509,0.9448,0.037792,True
2017-10-01,TMO,sell_put,1.1001,4,4,2.5275,1.1001,0.044004,True
2017-10-01,TMUS,skip,0.0,0,0,-3.0652,0.0,0.0,True
2017-10-01,TXN,sell_put,1.6112,4,4,7.8648,1.6112,0.064448,True
2017-10-01,UNH,skip,0.0,0,0,7.7446,0.0,0.0,True
2017-10-01,UNP,sell_put,1.2549,4,4,-0.1552,1.0997,0.043988,True
2017-10-01,USB,sell_put,1.0512,4,4,2.0395,1.0512,0.042048,True
2017-10-01,V,sell_put,0.9844,4,4,4.504,0.9844,0.039376,True
2017-10-01,VZ,sell_put,1.1969,4,4,-3.2734,-2.0764,-0.083056,True
2017-10-01,WFC,sell_put,1.3444,4,4,1.7951,1.3444,0.053776,True
2017-10-01,WMT,sell_put,0.9448,4,4,11.7353,0.9448,0.037792,True
2017-10-01,XOM,sell_put,1.2549,4,4,1.6711,1.2549,0.050196,True
2017-11-01,AAPL,sell_put,1.3455,4,4,1.6624,1.3455,0.05382,True
2017-11-01,ABBV,sell_put,1.2023,4,4,8.1398,1.2023,0.048092,True
2017-11-01,ABT,sell_put,1.052,4,4,4.4546,1.052,0.04208,True
2017-11-01,ADBE,sell_put,1.639,4,4,3.6024,1.639,0.06556,True
2017-11-01,ADP,sell_put,1.2862,4,4,-1.5483,-0.262,-0.01048,True
2017-11-01,AMAT,sell_put,1.7853,4,4,-6.4859,-4.7006,-0.188024,True
2017-11-01,AMGN,skip,0.0,0,0,0.2511,0.0,0.0,True
2017-11-01,AMT,sell_put,1.2862,4,4,0.1809,1.2862,0.051448,True
2017-11-01,AMZN,sell_put,1.6368,4,4,6.4662,1.6368,0.065472,True
2017-11-01,AVGO,sell_put,1.7853,4,4,5.3162,1.7853,0.071412,True
2017-11-01,AXP,sell_put,1.1409,4,4,2.6876,1.1409,0.045636,True
2017-11-01,BA,sell_put,1.2833,4,4,7.2951,1.2833,0.051332,True
2017-11-01,BAC,sell_put,1.371,4,4,2.8478,1.371,0.05484,True
2017-11-01,BDX,sell_put,1.052,4,4,9.3641,1.052,0.04208,True
2017-11-01,BLK,sell_put,1.1648,4,4,6.4482,1.1648,0.046592,True
2017-11-01,BMY,skip,0.0,0,0,3.1024,0.0,0.0,True
2017-11-01,BRK-B,sell_put,0.7738,4,4,3.247,0.7738,0.030952,True
2017-11-01,C,sell_put,1.2833,4,4,2.7211,1.2833,0.051332,True
2017-11-01,CAT,sell_put,1.3905,4,4,4.5596,1.3905,0.05562,True
2017-11-01,CHTR,skip,0.0,0,0,-2.382,0.0,0.0,True
2017-11-01,CL,skip,0.0,0,0,3.4044,0.0,0.0,True
2017-11-01,CMCSA,skip,0.0,0,0,4.6263,0.0,0.0,True
2017-11-01,COST,skip,0.0,0,0,14.4959,0.0,0.0,True
2017-11-01,CRM,sell_put,1.6657,4,4,1.9347,1.6657,0.066628,True
2017-11-01,CSCO,sell_put,1.2862,4,4,10.1678,1.2862,0.051448,True
2017-11-01,CTSH,sell_put,1.2862,4,4,-4.48,-3.1938,-0.127752,True
2017-11-01,CVS,skip,0.0,0,0,12.5113,0.0,0.0,True
2017-11-01,CVX,skip,0.0,0,0,2.6749,0.0,0.0,True
2017-11-01,DHR,sell_put,1.052,4,4,2.2651,1.052,0.04208,True
2017-11-01,DIS,skip,0.0,0,0,7.1669,0.0,0.0,True
2017-11-01,DUK,sell_put,0.8447,4,4,0.9851,0.8447,0.033788,True
2017-11-01,ELV,sell_put,1.2717,4,4,12.3082,1.2717,0.050868,True
2017-11-01,EOG,sell_put,1.3905,4,4,2.6316,1.3905,0.05562,True
2017-11-01,EQIX,sell_put,1.2862,4,4,0.2136,1.2862,0.051448,True
2017-11-01,FDX,sell_put,1.2862,4,4,2.5021,1.2862,0.051448,True
2017-11-01,GE,skip,0.0,0,0,-9.2758,0.0,0.0,True
2017-11-01,GILD,skip,0.0,0,0,-0.2401,0.0,0.0,True
2017-11-01,GM,sell_put,1.3905,4,4,0.256,1.3905,0.05562,True
2017-11-01,GOOGL,sell_put,1.4911,4,4,0.303,1.4911,0.059644,True
2017-11-01,GS,sell_put,1.1648,4,4,2.128,1.1648,0.046592,True
2017-11-01,HD,sell_put,1.1891,4,4,8.4691,1.1891,0.047564,True
2017-11-01,HON,sell_put,1.2862,4,4,8.1854,1.2862,0.051448,True
2017-11-01,IBM,sell_put,1.2862,4,4,-0.0584,1.2278,0.049112,True
2017-11-01,INTC,sell_put,1.7853,4,4,-1.4289,0.3564,0.014256,True
2017-11-01,ISRG,sell_put,1.052,4,4,6.5057,1.052,0.04208,True
2017-11-01,ITW,sell_put,1.2862,4,4,8.1331,1.2862,0.051448,True
2017-11-01,JNJ,sell_put,0.8791,4,4,-0.0574,0.8216,0.032864,True
2017-11-01,JPM,sell_put,1.1648,4,4,4.4935,1.1648,0.046592,True
2017-11-01,KO,sell_put,0.8447,4,4,-0.4567,0.388,0.01552,True
2017-11-01,LLY,skip,0.0,0,0,3.295,0.0,0.0,True
2017-11-01,LMT,skip,0.0,0,0,3.5566,0.0,0.0,True
2017-11-01,LOW,sell_put,1.1891,4,4,4.8121,1.1891,0.047564,True
2017-11-01,MA,sell_put,1.1409,4,4,1.2995,1.1409,0.045636,True
2017-11-01,MCD,sell_put,0.8447,4,4,3.0316,0.8447,0.033788,True
2017-11-01,MDLZ,sell_put,0.9556,4,4,3.6447,0.9556,0.038224,True
2017-11-01,MDT,sell_put,1.052,4,4,1.9995,1.052,0.04208,True
2017-11-01,MET,sell_put,1.1648,4,4,0.1866,1.1648,0.046592,True
2017-11-01,META,sell_put,1.8557,4,4,-1.5995,0.2563,0.010252,True
2017-11-01,MMM,sell_put,1.2862,4,4,5.6258,1.2862,0.051448,True
2017-11-01,MO,sell_put,0.9556,4,4,5.6213,0.9556,0.038224,True
2017-11-01,MRK,skip,0.0,0,0,0.3268,0.0,0.0,True
2017-11-01,MS,sell_put,1.1648,4,4,3.7269,1.1648,0.046592,True
2017-11-01,MSFT,sell_put,1.2392,4,4,1.1902,1.2392,0.049568,True
2017-11-01,NEE,sell_put,0.8447,4,4,1.9153,0.8447,0.033788,True
2017-11-01,NFLX,sell_put,1.9007,4,4,-4.5054,-2.6047,-0.104188,True
2017-11-01,NKE,sell_put,1.5049,4,4,9.8745,1.5049,0.060196,True
2017-11-01,NVDA,sell_put,2.3064,4,4,-2.9496,-0.6431,-0.025724,True
2017-11-01,ORCL,sell_put,1.5435,4,4,-3.2348,-1.6912,-0.067648,True
2017-11-01,PEP,skip,0.0,0,0,5.7062,0.0,0.0,True
2017-11-01,PFE,skip,0.0,0,0,3.4227,0.0,0.0,True
2017-11-01,PG,skip,0.0,0,0,5.0085,0.0,0.0,True
2017-11-01,PM,skip,0.0,0,0,-1.8062,0.0,0.0,True
2017-11-01,PYPL,sell_put,1.1409,4,4,4.3688,1.1409,0.045636,True
2017-11-01,QCOM,skip,0.0,0,0,30.053,0.0,0.0,True
2017-11-01,SBUX,sell_put,0.8447,4,4,5.434,0.8447,0.033788,True
2017-11-01,SCHW,sell_put,1.1648,4,4,8.8091,1.1648,0.046592,True
2017-11-01,SLB,skip,0.0,0,0,-1.7969,0.0,0.0,True
2017-11-01,SO,sell_put,0.8447,4,4,-1.9157,-1.071,-0.04284,True
2017-11-01,SPG,skip,0.0,0,0,4.1331,0.0,0.0,True
2017-11-01,SYK,sell_put,1.052,4,4,0.7297,1.052,0.04208,True
2017-11-01,T,skip,0.0,0,0,9.9178,0.0,0.0,True
2017-11-01,TGT,sell_put,1.0469,4,4,1.4566,1.0469,0.041876,True
2017-11-01,TMO,sell_put,1.2189,4,4,-0.552,0.6669,0.026676,True
2017-11-01,TMUS,skip,0.0,0,0,2.175,0.0,0.0,True
2017-11-01,TXN,sell_put,1.7853,4,4,1.2645,1.7853,0.071412,True
2017-11-01,UNH,sell_put,1.2717,4,4,8.5387,1.2717,0.050868,True
2017-11-01,UNP,skip,0.0,0,0,9.2495,0.0,0.0,True
2017-11-01,USB,sell_put,1.1648,4,4,1.416,1.1648,0.046592,True
2017-11-01,V,sell_put,1.0908,4,4,2.3731,1.0908,0.043632,True
2017-11-01,VZ,skip,0.0,0,0,7.5841,0.0,0.0,True
2017-11-01,WFC,sell_put,1.4896,4,4,0.5878,1.4896,0.059584,True
2017-11-01,WMT,sell_put,1.0469,4,4,11.3618,1.0469,0.041876,True
2017-11-01,XOM,sell_put,1.3905,4,4,-0.072,1.3186,0.052744,True
2017-12-01,AAPL,sell_put,1.3169,1,1,-1.1706,0.1463,0.001463,False
2017-12-01,ABBV,sell_put,1.1767,1,1,-0.2167,0.96,0.0096,False
2017-12-01,ABT,sell_put,1.0296,1,1,1.2418,1.0296,0.010296,False
2017-12-01,ADBE,sell_put,1.6041,1,1,-3.4331,-1.829,-0.01829,False
2017-12-01,ADP,skip,0.0,0,0,2.3851,0.0,0.0,False
2017-12-01,AMAT,skip,0.0,0,0,-2.9618,0.0,0.0,False
2017-12-01,AMGN,sell_put,1.1767,1,1,-0.3252,0.8515,0.008515,False
2017-12-01,AMT,sell_put,1.2588,1,1,-0.8754,0.3834,0.003834,False
2017-12-01,AMZN,sell_put,1.602,1,1,-0.6187,0.9833,0.009833,False
2017-12-01,AVGO,sell_put,1.7473,1,1,-7.57,-5.8227,-0.058227,False
2017-12-01,AXP,sell_put,1.1167,1,1,1.6375,1.1167,0.011167,False
2017-12-01,BA,sell_put,1.256,1,1,7.1154,1.256,0.01256,False
2017-12-01,BAC,sell_put,1.3418,1,1,5.2389,1.3418,0.013418,False
2017-12-01,BDX,sell_put,1.0296,1,1,-6.2004,-5.1708,-0.051708,False
2017-12-01,BLK,sell_put,1.14,1,1,2.498,1.14,0.0114,False
2017-12-01,BMY,sell_put,1.1767,1,1,-3.0226,-1.8459,-0.018459,False
2017-12-01,BRK-B,sell_put,0.7573,1,1,2.6993,0.7573,0.007573,False
2017-12-01,C,sell_put,1.256,1,1,-1.0199,0.2361,0.002361,False
2017-12-01,CAT,sell_put,1.361,1,1,11.6401,1.361,0.01361,False
2017-12-01,CHTR,skip,0.0,0,0,2.9889,0.0,0.0,False
2017-12-01,CL,sell_put,0.8789,1,1,4.1408,0.8789,0.008789,False
2017-12-01,CMCSA,sell_put,1.2981,1,1,6.6862,1.2981,0.012981,False
2017-12-01,COST,sell_put,1.0795,1,1,1.2158,1.0795,0.010795,False
2017-12-01,CRM,sell_put,1.6302,1,1,-2.0034,-0.3732,-0.003732,False
2017-12-01,CSCO,sell_put,1.2588,1,1,2.6809,1.2588,0.012588,False
2017-12-01,CTSH,skip,0.0,0,0,-1.5473,0.0,0.0,False
2017-12-01,CVS,sell_put,1.2446,1,1,-5.3525,-4.1078,-0.041078,False
2017-12-01,CVX,sell_put,1.2549,1,1,6.1954,1.2549,0.012549,False
2017-12-01,DHR,sell_put,1.0296,1,1,-1.6321,-0.6024,-0.006024,False
2017-12-01,DIS,sell_put,1.368,1,1,2.5663,1.368,0.01368,False
2017-12-01,DUK,sell_put,0.8267,1,1,-4.7492,-3.9225,-0.039225,False
2017-12-01,ELV,sell_put,1.2446,1,1,-4.2348,-2.9901,-0.029901,False
2017-12-01,EOG,sell_put,1.361,1,1,5.4633,1.361,0.01361,False
2017-12-01,EQIX,sell_put,1.2588,1,1,-2.0215,-0.7627,-0.007627,False
2017-12-01,FDX,sell_put,1.2588,1,1,7.8113,1.2588,0.012588,False
2017-12-01,GE,skip,0.0,0,0,-4.5927,0.0,0.0,False
2017-12-01,GILD,skip,0.0,0,0,-4.199,0.0,0.0,False
2017-12-01,GM,sell_put,1.361,1,1,-4.8735,-3.5125,-0.035125,False
2017-12-01,GOOGL,sell_put,1.4594,1,1,1.6629,1.4594,0.014594,False
2017-12-01,GS,sell_put,1.14,1,1,3.1984,1.14,0.0114,False
2017-12-01,HD,sell_put,1.1638,1,1,5.9338,1.1638,0.011638,False
2017-12-01,HON,sell_put,1.2588,1,1,-1.164,0.0948,0.000948,False
2017-12-01,IBM,skip,0.0,0,0,0.6387,0.0,0.0,False
2017-12-01,INTC,skip,0.0,0,0,3.5538,0.0,0.0,False
2017-12-01,ISRG,sell_put,1.0296,1,1,-8.7148,-7.6851,-0.076851,False
2017-12-01,ITW,sell_put,1.2588,1,1,-1.418,-0.1591,-0.001591,False
2017-12-01,JNJ,skip,0.0,0,0,0.894,0.0,0.0,False
2017-12-01,JPM,sell_put,1.14,1,1,2.3154,1.14,0.0114,False
2017-12-01,KO,skip,0.0,0,0,1.0621,0.0,0.0,False
2017-12-01,LLY,sell_put,1.4778,1,1,0.4176,1.4778,0.014778,False
2017-12-01,LMT,sell_put,1.361,1,1,1.236,1.361,0.01361,False
2017-12-01,LOW,sell_put,1.1638,1,1,11.4789,1.1638,0.011638,False
2017-12-01,MA,sell_put,1.1167,1,1,0.5915,1.1167,0.011167,False
2017-12-01,MCD,sell_put,0.8267,1,1,0.6838,0.8267,0.008267,False
2017-12-01,MDLZ,sell_put,0.9353,1,1,-0.3261,0.6092,0.006092,False
2017-12-01,MDT,sell_put,1.0296,1,1,-1.6802,-0.6506,-0.006506,False
2017-12-01,MET,sell_put,1.14,1,1,-5.1313,-3.9913,-0.039913,False
2017-12-01,META,skip,0.0,0,0,-0.4064,0.0,0.0,False
2017-12-01,MMM,sell_put,1.2588,1,1,-2.7074,-1.4485,-0.014485,False
2017-12-01,MO,sell_put,0.9353,1,1,5.2779,0.9353,0.009353,False
2017-12-01,MRK,sell_put,1.1384,1,1,1.8093,1.1384,0.011384,False
2017-12-01,MS,sell_put,1.14,1,1,1.6663,1.14,0.0114,False
2017-12-01,MSFT,sell_put,1.2128,1,1,2.138,1.2128,0.012128,False
2017-12-01,NEE,sell_put,0.8267,1,1,-0.5447,0.282,0.00282,False
2017-12-01,NFLX,skip,0.0,0,0,2.335,0.0,0.0,False
2017-12-01,NKE,sell_put,1.4729,1,1,3.5253,1.4729,0.014729,False
2017-12-01,NVDA,skip,0.0,0,0,-3.5253,0.0,0.0,False
2017-12-01,ORCL,skip,0.0,0,0,-3.6282,0.0,0.0,False
2017-12-01,PEP,sell_put,0.9353,1,1,3.632,0.9353,0.009353,False
2017-12-01,PFE,sell_put,1.1767,1,1,0.8024,1.1767,0.011767,False
2017-12-01,PG,sell_put,0.8789,1,1,2.1002,0.8789,0.008789,False
2017-12-01,PM,skip,0.0,0,0,2.8224,0.0,0.0,False
2017-12-01,PYPL,sell_put,1.1167,1,1,-2.7862,-1.6696,-0.016696,False
2017-12-01,QCOM,sell_put,1.7873,1,1,-2.6831,-0.8957,-0.008957,False
2017-12-01,SBUX,sell_put,0.8267,1,1,-0.1483,0.6784,0.006784,False
2017-12-01,SCHW,sell_put,1.14,1,1,5.4785,1.14,0.0114,False
2017-12-01,SLB,skip,0.0,0,0,7.2236,0.0,0.0,False
2017-12-01,SO,skip,0.0,0,0,-5.0135,0.0,0.0,False
2017-12-01,SPG,sell_put,1.2588,1,1,7.4142,1.2588,0.012588,False
2017-12-01,SYK,sell_put,1.0296,1,1,-0.7436,0.286,0.00286,False
2017-12-01,T,sell_put,1.2981,1,1,6.8719,1.2981,0.012981,False
2017-12-01,TGT,sell_put,1.0246,1,1,10.0613,1.0246,0.010246,False
2017-12-01,TMO,skip,0.0,0,0,-1.4941,0.0,0.0,False
2017-12-01,TMUS,sell_put,1.2981,1,1,3.9954,1.2981,0.012981,False
2017-12-01,TXN,sell_put,1.7473,1,1,7.3491,1.7473,0.017473,False
2017-12-01,UNH,sell_put,1.2446,1,1,-3.0528,-1.8082,-0.018082,False
2017-12-01,UNP,sell_put,1.361,1,1,6.6046,1.361,0.01361,False
2017-12-01,USB,sell_put,1.14,1,1,-2.8468,-1.7068,-0.017068,False
2017-12-01,V,sell_put,1.0676,1,1,1.4495,1.0676,0.010676,False
2017-12-01,VZ,sell_put,1.2981,1,1,4.0086,1.2981,0.012981,False
2017-12-01,WFC,sell_put,1.4579,1,1,8.1882,1.4579,0.014579,False
2017-12-01,WMT,sell_put,1.0246,1,1,1.5633,1.0246,0.010246,False
2017-12-01,XOM,skip,0.0,0,0,1.3496,0.0,0.0,False
2018-01-01,AAPL,skip,0.0,0,0,-1.0637,0.0,0.0,False
2018-01-01,ABBV,skip,0.0,0,0,16.0376,0.0,0.0,False
2018-01-01,ABT,sell_put,1.2628,1,1,8.9189,1.2628,0.012628,False
2018-01-01,ADBE,skip,0.0,0,0,13.9922,0.0,0.0,False
2018-01-01,ADP,sell_put,1.5439,1,1,6.0718,1.5439,0.015439,False
2018-01-01,AMAT,skip,0.0,0,0,4.91,0.0,0.0,False
2018-01-01,AMGN,skip,0.0,0,0,6.9868,0.0,0.0,False
2018-01-01,AMT,skip,0.0,0,0,4.0425,0.0,0.0,False
2018-01-01,AMZN,skip,0.0,0,0,24.0639,0.0,0.0,False
2018-01-01,AVGO,skip,0.0,0,0,-2.8127,0.0,0.0,False
2018-01-01,AXP,sell_put,1.3695,1,1,0.0906,1.3695,0.013695,False
2018-01-01,BA,sell_put,1.5404,1,1,20.1621,1.5404,0.015404,False
2018-01-01,BAC,sell_put,1.6456,1,1,8.4011,1.6456,0.016456,False
2018-01-01,BDX,skip,0.0,0,0,13.8817,0.0,0.0,False
2018-01-01,BKNG,skip,0.0,0,0,10.0309,0.0,0.0,False
2018-01-01,BLK,sell_put,1.3982,1,1,9.9095,1.3982,0.013982,False
2018-01-01,BMY,skip,0.0,0,0,2.1541,0.0,0.0,False
2018-01-01,BRK-B,sell_put,0.9288,1,1,8.1526,0.9288,0.009288,False
2018-01-01,C,skip,0.0,0,0,5.4697,0.0,0.0,False
2018-01-01,CAT,sell_put,1.6691,1,1,3.2999,1.6691,0.016691,False
2018-01-01,CHTR,sell_put,1.592,1,1,12.2902,1.592,0.01592,False
2018-01-01,CL,sell_put,1.0779,1,1,-1.6037,-0.5258,-0.005258,False
2018-01-01,CMCSA,sell_put,1.592,1,1,6.1922,1.592,0.01592,False
2018-01-01,CME,skip,0.0,0,0,8.0832,0.0,0.0,False
2018-01-01,COST,sell_put,1.3239,1,1,4.7013,1.3239,0.013239,False
2018-01-01,CRM,skip,0.0,0,0,11.4252,0.0,0.0,False
2018-01-01,CSCO,sell_put,1.5439,1,1,8.4596,1.5439,0.015439,False
2018-01-01,CSX,skip,0.0,0,0,3.1994,0.0,0.0,False
2018-01-01,CVS,skip,0.0,0,0,8.5379,0.0,0.0,False
2018-01-01,CVX,sell_put,1.5391,1,1,0.1278,1.5391,0.015391,False
2018-01-01,DHR,skip,0.0,0,0,9.278,0.0,0.0,False
2018-01-01,DIS,sell_put,1.6778,1,1,1.8921,1.6778,0.016778,False
2018-01-01,DUK,skip,0.0,0,0,-6.6698,0.0,0.0,False
2018-01-01,ELV,skip,0.0,0,0,10.4835,0.0,0.0,False
2018-01-01,EOG,sell_put,1.6691,1,1,6.5702,1.6691,0.016691,False
2018-01-01,EQIX,skip,0.0,0,0,0.4347,0.0,0.0,False
2018-01-01,FDX,sell_put,1.5439,1,1,5.4058,1.5439,0.015439,False
2018-01-01,GE,skip,0.0,0,0,-6.6954,0.0,0.0,False
2018-01-01,GILD,skip,0.0,0,0,17.7735,0.0,0.0,False
2018-01-01,GM,skip,0.0,0,0,4.4055,0.0,0.0,False
2018-01-01,GOOGL,sell_put,1.7898,1,1,12.229,1.7898,0.017898,False
2018-01-01,GS,sell_put,1.3982,1,1,5.1539,1.3982,0.013982,False
2018-01-01,HD,sell_put,1.4274,1,1,5.9991,1.4274,0.014274,False
2018-01-01,HON,skip,0.0,0,0,4.1145,0.0,0.0,False
2018-01-01,IBM,sell_put,1.5439,1,1,6.7006,1.5439,0.015439,False
2018-01-01,ICE,skip,0.0,0,0,4.9433,0.0,0.0,False
2018-01-01,INTC,sell_put,2.143,1,1,4.2894,2.143,0.02143,False
2018-01-01,ISRG,skip,0.0,0,0,18.2852,0.0,0.0,False
2018-01-01,ITW,skip,0.0,0,0,4.5755,0.0,0.0,False
2018-01-01,JNJ,sell_put,1.0552,1,1,-1.095,-0.0398,-0.000398,False
2018-01-01,JPM,sell_put,1.3982,1,1,8.1635,1.3982,0.013982,False
2018-01-01,KO,sell_put,1.014,1,1,3.7271,1.014,0.01014,False
2018-01-01,LLY,sell_put,1.8124,1,1,-3.5638,-1.7514,-0.017514,False
2018-01-01,LMT,sell_put,1.6691,1,1,10.528,1.6691,0.016691,False
2018-01-01,LOW,sell_put,1.4274,1,1,12.6856,1.4274,0.014274,False
2018-01-01,MA,sell_put,1.3695,1,1,11.6543,1.3695,0.013695,False
2018-01-01,MCD,sell_put,1.014,1,1,-0.5694,0.4446,0.004446,False
2018-01-01,MDLZ,skip,0.0,0,0,4.2687,0.0,0.0,False
2018-01-01,MDT,skip,0.0,0,0,6.9672,0.0,0.0,False
2018-01-01,MET,skip,0.0,0,0,-4.9248,0.0,0.0,False
2018-01-01,META,skip,0.0,0,0,5.9107,0.0,0.0,False
2018-01-01,MMM,skip,0.0,0,0,6.4282,0.0,0.0,False
2018-01-01,MO,sell_put,1.147,1,1,-0.6108,0.5363,0.005363,False
2018-01-01,MRK,sell_put,1.3962,1,1,6.1916,1.3962,0.013962,False
2018-01-01,MS,sell_put,1.3982,1,1,7.7759,1.3982,0.013982,False
2018-01-01,MSFT,sell_put,1.4875,1,1,11.0708,1.4875,0.014875,False
2018-01-01,MU,skip,0.0,0,0,6.3229,0.0,0.0,False
2018-01-01,NEE,skip,0.0,0,0,1.4277,0.0,0.0,False
2018-01-01,NFLX,sell_put,2.2815,1,1,40.8106,2.2815,0.022815,False
2018-01-01,NKE,sell_put,1.8064,1,1,9.427,1.8064,0.018064,False
2018-01-01,NVDA,skip,0.0,0,0,27.0284,0.0,0.0,False
2018-01-01,ORCL,skip,0.0,0,0,9.1159,0.0,0.0,False
2018-01-01,PEP,sell_put,1.147,1,1,0.3169,1.147,0.01147,False
2018-01-01,PFE,sell_put,1.4432,1,1,2.2639,1.4432,0.014432,False
2018-01-01,PG,sell_put,1.0779,1,1,-6.0296,-4.9517,-0.049517,False
2018-01-01,PM,sell_put,1.147,1,1,2.51,1.147,0.01147,False
2018-01-01,PYPL,skip,0.0,0,0,15.8924,0.0,0.0,False
2018-01-01,QCOM,skip,0.0,0,0,6.6073,0.0,0.0,False
2018-01-01,SBUX,skip,0.0,0,0,-1.0796,0.0,0.0,False
2018-01-01,SCHW,sell_put,1.3982,1,1,3.8349,1.3982,0.013982,False
2018-01-01,SO,skip,0.0,0,0,-6.1967,0.0,0.0,False
2018-01-01,SPGI,sell_put,1.3982,1,1,6.9067,1.3982,0.013982,False
2018-01-01,SYK,skip,0.0,0,0,6.4828,0.0,0.0,False
2018-01-01,T,sell_put,1.592,1,1,-3.678,-2.086,-0.02086,False
2018-01-01,TJX,sell_put,1.2567,1,1,5.0484,1.2567,0.012567,False
2018-01-01,TMO,skip,0.0,0,0,18.1197,0.0,0.0,False
2018-01-01,TMUS,sell_put,1.592,1,1,2.5036,1.592,0.01592,False
2018-01-01,TXN,sell_put,2.143,1,1,5.0077,2.143,0.02143,False
2018-01-01,UNH,skip,0.0,0,0,7.4027,0.0,0.0,False
2018-01-01,UNP,sell_put,1.6691,1,1,-0.4474,1.2217,0.012217,False
2018-01-01,USB,skip,0.0,0,0,7.2393,0.0,0.0,False
2018-01-01,V,sell_put,1.3094,1,1,8.9546,1.3094,0.013094,False
2018-01-01,VZ,sell_put,1.592,1,1,2.1538,1.592,0.01592,False
2018-01-01,WFC,sell_put,1.7881,1,1,8.4226,1.7881,0.017881,False
2018-01-01,WMT,sell_put,1.2567,1,1,8.5183,1.2567,0.012567,False
2018-01-01,XOM,sell_put,1.6691,1,1,4.3759,1.6691,0.016691,False
2018-02-01,AAPL,skip,0.0,0,0,6.3848,0.0,0.0,False
2018-02-01,ABBV,sell_put,2.1157,1,1,3.9573,2.1157,0.021157,False
2018-02-01,ABT,sell_put,1.8513,1,1,-2.4799,-0.6286,-0.006286,False
2018-02-01,ADBE,sell_put,2.8842,1,1,4.6906,2.8842,0.028842,False
2018-02-01,ADP,sell_put,2.2634,1,1,-6.7217,-4.4583,-0.044583,False
2018-02-01,AMAT,sell_put,3.1417,1,1,7.3839,3.1417,0.031417,False
2018-02-01,AMGN,sell_put,2.1157,1,1,-1.2254,0.8903,0.008903,False
2018-02-01,AMT,sell_put,2.2634,1,1,-5.6669,-3.4035,-0.034035,False
2018-02-01,AMZN,sell_put,2.8804,1,1,4.2429,2.8804,0.028804,False
2018-02-01,AVGO,skip,0.0,0,0,-0.633,0.0,0.0,False
2018-02-01,AXP,sell_put,2.0078,1,1,-1.5553,0.4525,0.004525,False
2018-02-01,BA,sell_put,2.2582,1,1,2.2124,2.2582,0.022582,False
2018-02-01,BAC,sell_put,2.4126,1,1,0.3125,2.4126,0.024126,False
2018-02-01,BDX,sell_put,1.8513,1,1,-8.6112,-6.7599,-0.067599,False
2018-02-01,BKNG,sell_put,2.2582,1,1,6.3801,2.2582,0.022582,False
2018-02-01,BLK,sell_put,2.0498,1,1,-2.2019,-0.1521,-0.001521,False
2018-02-01,BMY,sell_put,2.1157,1,1,6.4447,2.1157,0.021157,False
2018-02-01,BRK-B,sell_put,1.3617,1,1,-3.3492,-1.9875,-0.019875,False
2018-02-01,C,sell_put,2.2582,1,1,-3.8099,-1.5517,-0.015517,False
2018-02-01,CAT,sell_put,2.447,1,1,-4.5659,-2.1188,-0.021188,False
2018-02-01,CHTR,sell_put,2.3339,1,1,-9.3625,-7.0286,-0.070286,False
2018-02-01,CL,skip,0.0,0,0,-6.6166,0.0,0.0,False
2018-02-01,CMCSA,sell_put,2.3339,1,1,-14.5229,-12.1889,-0.121889,False
2018-02-01,CME,sell_put,2.0498,1,1,8.2617,2.0498,0.020498,False
2018-02-01,COST,sell_put,1.9409,1,1,-2.0372,-0.0963,-0.000963,False
2018-02-01,CRM,sell_put,2.9311,1,1,2.0543,2.9311,0.029311,False
2018-02-01,CSCO,sell_put,2.2634,1,1,8.6038,2.2634,0.022634,False
2018-02-01,CSX,sell_put,2.2582,1,1,-5.3726,-3.1143,-0.031143,False
2018-02-01,CVS,sell_put,2.2378,1,1,-13.3931,-11.1553,-0.111553,False
2018-02-01,CVX,sell_put,2.2564,1,1,-10.714,-8.4576,-0.084576,False
2018-02-01,DHR,sell_put,1.8513,1,1,-3.4558,-1.6045,-0.016045,False
2018-02-01,DIS,sell_put,2.4596,1,1,-5.0704,-2.6108,-0.026108,False
2018-02-01,DUK,skip,0.0,0,0,-4.0255,0.0,0.0,False
2018-02-01,ELV,sell_put,2.2378,1,1,-5.0313,-2.7934,-0.027934,False
2018-02-01,EOG,sell_put,2.447,1,1,-11.6804,-9.2334,-0.092334,False
2018-02-01,EQIX,sell_put,2.2634,1,1,-13.8602,-11.5968,-0.115968,False
2018-02-01,FDX,sell_put,2.2634,1,1,-6.1224,-3.859,-0.03859,False
2018-02-01,GE,skip,0.0,0,0,-12.7396,0.0,0.0,False
2018-02-01,GILD,sell_put,2.1157,1,1,-6.0501,-3.9344,-0.039344,False
2018-02-01,GM,sell_put,2.447,1,1,-7.2153,-4.7683,-0.047683,False
2018-02-01,GOOGL,sell_put,2.624,1,1,-6.6231,-3.9992,-0.039992,False
2018-02-01,GS,sell_put,2.0498,1,1,-1.8515,0.1983,0.001983,False
2018-02-01,HD,sell_put,2.0926,1,1,-9.2733,-7.1807,-0.071807,False
2018-02-01,HON,sell_put,2.2634,1,1,-5.3611,-3.0977,-0.030977,False
2018-02-01,IBM,sell_put,2.2634,1,1,-4.8076,-2.5442,-0.025442,False
2018-02-01,ICE,sell_put,2.2582,1,1,-1.0293,1.229,0.01229,False
2018-02-01,INTC,sell_put,3.1417,1,1,2.3889,3.1417,0.031417,False
2018-02-01,ISRG,sell_put,1.8513,1,1,-1.2093,0.642,0.00642,False
2018-02-01,ITW,sell_put,2.2634,1,1,-7.0421,-4.7787,-0.047787,False
2018-02-01,JNJ,skip,0.0,0,0,-6.0135,0.0,0.0,False
2018-02-01,JPM,sell_put,2.0498,1,1,0.3732,2.0498,0.020498,False
2018-02-01,KO,sell_put,1.4865,1,1,-9.1826,-7.6961,-0.076961,False
2018-02-01,LLY,skip,0.0,0,0,-5.4389,0.0,0.0,False
2018-02-01,LMT,sell_put,2.447,1,1,-0.6791,1.7679,0.017679,False
2018-02-01,LOW,sell_put,2.0926,1,1,-14.1275,-12.0349,-0.120349,False
2018-02-01,MA,sell_put,2.0078,1,1,4.1637,2.0078,0.020078,False
2018-02-01,MCD,skip,0.0,0,0,-7.8298,0.0,0.0,False
2018-02-01,MDLZ,sell_put,1.6816,1,1,-1.1261,0.5555,0.005555,False
2018-02-01,MDT,sell_put,1.8513,1,1,-6.9857,-5.1344,-0.051344,False
2018-02-01,MET,skip,0.0,0,0,-3.911,0.0,0.0,False
2018-02-01,META,sell_put,3.2656,1,1,-4.5856,-1.3199,-0.013199,False
2018-02-01,MMM,sell_put,2.2634,1,1,-5.984,-3.7206,-0.037206,False
2018-02-01,MO,skip,0.0,0,0,-10.5061,0.0,0.0,False
2018-02-01,MRK,sell_put,2.0469,1,1,-8.4895,-6.4426,-0.064426,False
2018-02-01,MS,sell_put,2.0498,1,1,-0.5042,1.5455,0.015455,False
2018-02-01,MSFT,sell_put,2.1807,1,1,-1.3051,0.8755,0.008755,False
2018-02-01,MU,sell_put,4.0587,1,1,11.6423,4.0587,0.040587,False
2018-02-01,NEE,sell_put,1.4865,1,1,-3.9578,-2.4713,-0.024713,False
2018-02-01,NFLX,sell_put,3.3447,1,1,7.7987,3.3447,0.033447,False
2018-02-01,NKE,sell_put,2.6483,1,1,-1.7443,0.9039,0.009039,False
2018-02-01,NVDA,sell_put,4.0587,1,1,-1.546,2.5128,0.025128,False
2018-02-01,ORCL,sell_put,2.7162,1,1,-1.4008,1.3154,0.013154,False
2018-02-01,PEP,sell_put,1.6816,1,1,-8.7864,-7.1048,-0.071048,False
2018-02-01,PFE,sell_put,2.1157,1,1,-1.9708,0.1449,0.001449,False
2018-02-01,PG,skip,0.0,0,0,-8.3639,0.0,0.0,False
2018-02-01,PM,sell_put,1.6816,1,1,-3.4319,-1.7503,-0.017503,False
2018-02-01,PYPL,sell_put,2.0078,1,1,-6.9269,-4.9191,-0.049191,False
2018-02-01,QCOM,sell_put,3.2137,1,1,-4.7619,-1.5482,-0.015482,False
2018-02-01,SBUX,skip,0.0,0,0,0.5105,0.0,0.0,False
2018-02-01,SCHW,sell_put,2.0498,1,1,-0.5999,1.4499,0.014499,False
2018-02-01,SO,skip,0.0,0,0,-4.5445,0.0,0.0,False
2018-02-01,SPGI,sell_put,2.0498,1,1,5.9083,2.0498,0.020498,False
2018-02-01,SYK,sell_put,1.8513,1,1,-1.3506,0.5007,0.005007,False
2018-02-01,T,skip,0.0,0,0,-1.3637,0.0,0.0,False
2018-02-01,TJX,sell_put,1.8423,1,1,2.9383,1.8423,0.018423,False
2018-02-01,TMO,sell_put,2.145,1,1,-6.9296,-4.7846,-0.047846,False
2018-02-01,TMUS,sell_put,2.3339,1,1,-6.8971,-4.5632,-0.045632,False
2018-02-01,TXN,sell_put,3.1417,1,1,-0.6568,2.4849,0.024849,False
2018-02-01,UNH,sell_put,2.2378,1,1,-4.4852,-2.2474,-0.022474,False
2018-02-01,UNP,skip,0.0,0,0,-2.4344,0.0,0.0,False
2018-02-01,USB,sell_put,2.0498,1,1,-4.8653,-2.8155,-0.028155,False
2018-02-01,V,sell_put,1.9196,1,1,-1.0384,0.8812,0.008812,False
2018-02-01,VZ,sell_put,2.3339,1,1,-10.7014,-8.3674,-0.083674,False
2018-02-01,WFC,sell_put,2.6214,1,1,-11.204,-8.5826,-0.085826,False
2018-02-01,WMT,sell_put,1.8423,1,1,-15.5629,-13.7206,-0.137206,False
2018-02-01,XOM,sell_put,2.447,1,1,-13.2417,-10.7947,-0.107947,False
2018-03-01,AAPL,sell_put,2.3821,8,8,-5.421,-3.0389,-0.243112,True
2018-03-01,ABBV,sell_put,2.1285,8,8,-18.2855,-16.1569,-1.292552,True
2018-03-01,ABT,skip,0.0,0,0,-0.6796,0.0,0.0,True
2018-03-01,ADBE,sell_put,2.9016,8,8,3.3233,2.9016,0.232128,True
2018-03-01,ADP,skip,0.0,0,0,-1.5956,0.0,0.0,True
2018-03-01,AMAT,sell_put,3.1607,8,8,-3.2623,-0.1016,-0.008128,True
2018-03-01,AMGN,skip,0.0,0,0,-6.5306,0.0,0.0,True
2018-03-01,AMT,skip,0.0,0,0,4.3135,0.0,0.0,True
2018-03-01,AMZN,sell_put,2.8978,8,8,-4.3049,-1.4071,-0.112568,True
2018-03-01,AVGO,skip,0.0,0,0,-4.3861,0.0,0.0,True
2018-03-01,AXP,skip,0.0,0,0,-4.338,0.0,0.0,True
2018-03-01,BA,sell_put,2.2719,8,8,-9.0311,-6.7592,-0.540736,True
2018-03-01,BAC,sell_put,2.4271,8,8,-6.5732,-4.1461,-0.331688,True
2018-03-01,BDX,skip,0.0,0,0,-2.3962,0.0,0.0,True
2018-03-01,BKNG,sell_put,2.2719,8,8,2.2787,2.2719,0.181752,True
2018-03-01,BLK,skip,0.0,0,0,-1.4033,0.0,0.0,True
2018-03-01,BMY,sell_put,2.1285,8,8,-4.4562,-2.3277,-0.186216,True
2018-03-01,BRK-B,skip,0.0,0,0,-3.7259,0.0,0.0,True
2018-03-01,C,skip,0.0,0,0,-10.2214,0.0,0.0,True
2018-03-01,CAT,skip,0.0,0,0,-4.6886,0.0,0.0,True
2018-03-01,CHTR,skip,0.0,0,0,-8.9814,0.0,0.0,True
2018-03-01,CL,skip,0.0,0,0,3.9292,0.0,0.0,True
2018-03-01,CMCSA,skip,0.0,0,0,-5.6338,0.0,0.0,True
2018-03-01,CME,sell_put,2.0622,8,8,-2.6601,-0.5979,-0.047832,True
2018-03-01,COST,skip,0.0,0,0,-1.0298,0.0,0.0,True
2018-03-01,CRM,sell_put,2.9489,8,8,0.043,2.9489,0.235912,True
2018-03-01,CSCO,sell_put,2.2771,8,8,-4.2207,-1.9436,-0.155488,True
2018-03-01,CSX,skip,0.0,0,0,4.12,0.0,0.0,True
2018-03-01,CVS,skip,0.0,0,0,-8.15,0.0,0.0,True
2018-03-01,CVX,skip,0.0,0,0,2.9085,0.0,0.0,True
2018-03-01,DHR,skip,0.0,0,0,0.1329,0.0,0.0,True
2018-03-01,DIS,skip,0.0,0,0,-2.6367,0.0,0.0,True
2018-03-01,DUK,skip,0.0,0,0,4.0541,0.0,0.0,True
2018-03-01,ELV,skip,0.0,0,0,-6.6616,0.0,0.0,True
2018-03-01,EOG,skip,0.0,0,0,3.7961,0.0,0.0,True
2018-03-01,EQIX,skip,0.0,0,0,7.2676,0.0,0.0,True
2018-03-01,FDX,skip,0.0,0,0,-2.5567,0.0,0.0,True
2018-03-01,GE,skip,0.0,0,0,-3.6743,0.0,0.0,True
2018-03-01,GILD,skip,0.0,0,0,-4.2423,0.0,0.0,True
2018-03-01,GM,skip,0.0,0,0,-7.6493,0.0,0.0,True
2018-03-01,GOOGL,skip,0.0,0,0,-6.0494,0.0,0.0,True
2018-03-01,GS,skip,0.0,0,0,-3.9413,0.0,0.0,True
2018-03-01,HD,skip,0.0,0,0,-2.211,0.0,0.0,True
2018-03-01,HON,skip,0.0,0,0,-3.9029,0.0,0.0,True
2018-03-01,IBM,skip,0.0,0,0,-0.5707,0.0,0.0,True
2018-03-01,ICE,skip,0.0,0,0,-0.7663,0.0,0.0,True
2018-03-01,INTC,sell_put,3.1607,8,8,6.3772,3.1607,0.252856,True
2018-03-01,ISRG,skip,0.0,0,0,-3.1938,0.0,0.0,True
2018-03-01,ITW,skip,0.0,0,0,-2.9608,0.0,0.0,True
2018-03-01,JNJ,skip,0.0,0,0,-0.7002,0.0,0.0,True
2018-03-01,JPM,sell_put,2.0622,8,8,-4.7878,-2.7257,-0.218056,True
2018-03-01,KO,skip,0.0,0,0,0.4859,0.0,0.0,True
2018-03-01,LLY,skip,0.0,0,0,1.202,0.0,0.0,True
2018-03-01,LMT,skip,0.0,0,0,-3.5786,0.0,0.0,True
2018-03-01,LOW,skip,0.0,0,0,-2.0538,0.0,0.0,True
2018-03-01,MA,sell_put,2.0199,8,8,-0.3414,1.6785,0.13428,True
2018-03-01,MCD,skip,0.0,0,0,-0.235,0.0,0.0,True
2018-03-01,MDLZ,skip,0.0,0,0,-4.9431,0.0,0.0,True
2018-03-01,MDT,skip,0.0,0,0,0.4131,0.0,0.0,True
2018-03-01,MET,skip,0.0,0,0,0.1786,0.0,0.0,True
2018-03-01,META,skip,0.0,0,0,-10.3914,0.0,0.0,True
2018-03-01,MMM,skip,0.0,0,0,-6.2399,0.0,0.0,True
2018-03-01,MO,skip,0.0,0,0,-1.0008,0.0,0.0,True
2018-03-01,MRK,skip,0.0,0,0,0.4611,0.0,0.0,True
2018-03-01,MS,skip,0.0,0,0,-3.6773,0.0,0.0,True
2018-03-01,MSFT,skip,0.0,0,0,-2.2089,0.0,0.0,True
2018-03-01,MU,sell_put,4.0833,8,8,6.8224,4.0833,0.326664,True
2018-03-01,NEE,skip,0.0,0,0,8.116,0.0,0.0,True
2018-03-01,NFLX,sell_put,3.3649,8,8,1.3625,3.3649,0.269192,True
2018-03-01,NKE,skip,0.0,0,0,-0.8802,0.0,0.0,True
2018-03-01,NVDA,skip,0.0,0,0,-4.2422,0.0,0.0,True
2018-03-01,ORCL,skip,0.0,0,0,-9.7099,0.0,0.0,True
2018-03-01,PEP,skip,0.0,0,0,-0.5286,0.0,0.0,True
2018-03-01,PFE,skip,0.0,0,0,-1.3528,0.0,0.0,True
2018-03-01,PG,skip,0.0,0,0,0.9679,0.0,0.0,True
2018-03-01,PM,skip,0.0,0,0,-4.0077,0.0,0.0,True
2018-03-01,PYPL,skip,0.0,0,0,-4.4579,0.0,0.0,True
2018-03-01,QCOM,skip,0.0,0,0,-14.0222,0.0,0.0,True
2018-03-01,SBUX,sell_put,1.4955,8,8,1.9334,1.4955,0.11964,True
2018-03-01,SCHW,skip,0.0,0,0,-1.3192,0.0,0.0,True
2018-03-01,SO,skip,0.0,0,0,5.0836,0.0,0.0,True
2018-03-01,SPGI,sell_put,2.0622,8,8,-0.12,1.9422,0.155376,True
2018-03-01,SYK,skip,0.0,0,0,-0.7647,0.0,0.0,True
2018-03-01,T,skip,0.0,0,0,-1.7906,0.0,0.0,True
2018-03-01,TJX,sell_put,1.8534,8,8,-0.9443,0.9092,0.072736,True
2018-03-01,TMO,skip,0.0,0,0,-1.0164,0.0,0.0,True
2018-03-01,TMUS,skip,0.0,0,0,0.7095,0.0,0.0,True
2018-03-01,TXN,skip,0.0,0,0,-4.1163,0.0,0.0,True
2018-03-01,UNH,skip,0.0,0,0,-5.3767,0.0,0.0,True
2018-03-01,UNP,skip,0.0,0,0,3.7549,0.0,0.0,True
2018-03-01,USB,skip,0.0,0,0,-7.1008,0.0,0.0,True
2018-03-01,V,skip,0.0,0,0,-2.5311,0.0,0.0,True
2018-03-01,VZ,skip,0.0,0,0,0.1676,0.0,0.0,True
2018-03-01,WFC,skip,0.0,0,0,-9.737,0.0,0.0,True
2018-03-01,WMT,skip,0.0,0,0,-1.1554,0.0,0.0,True
2018-03-01,XOM,skip,0.0,0,0,-0.4846,0.0,0.0,True
2018-04-01,AAPL,skip,0.0,0,0,-1.502,0.0,0.0,True
2018-04-01,ABBV,skip,0.0,0,0,2.0074,0.0,0.0,True
2018-04-01,ABT,skip,0.0,0,0,-2.9873,0.0,0.0,True
2018-04-01,ADBE,sell_put,2.3146,14,14,2.5546,2.3146,0.324044,True
2018-04-01,ADP,skip,0.0,0,0,4.6258,0.0,0.0,True
2018-04-01,AMAT,skip,0.0,0,0,-10.6815,0.0,0.0,True
2018-04-01,AMGN,skip,0.0,0,0,2.3463,0.0,0.0,True
2018-04-01,AMT,sell_put,1.8164,14,14,-6.1786,-4.3622,-0.610708,True
2018-04-01,AMZN,skip,0.0,0,0,8.2075,0.0,0.0,True
2018-04-01,AVGO,skip,0.0,0,0,-1.2172,0.0,0.0,True
2018-04-01,AXP,skip,0.0,0,0,5.8641,0.0,0.0,True
2018-04-01,BA,skip,0.0,0,0,1.7324,0.0,0.0,True
2018-04-01,BAC,skip,0.0,0,0,0.141,0.0,0.0,True
2018-04-01,BDX,skip,0.0,0,0,7.368,0.0,0.0,True
2018-04-01,BKNG,sell_put,1.8123,14,14,4.6919,1.8123,0.253722,True
2018-04-01,BLK,skip,0.0,0,0,-3.2214,0.0,0.0,True
2018-04-01,BMY,skip,0.0,0,0,-17.581,0.0,0.0,True
2018-04-01,BRK-B,skip,0.0,0,0,-2.8825,0.0,0.0,True
2018-04-01,C,skip,0.0,0,0,1.1408,0.0,0.0,True
2018-04-01,CAT,skip,0.0,0,0,-2.0491,0.0,0.0,True
2018-04-01,CHTR,skip,0.0,0,0,-12.8301,0.0,0.0,True
2018-04-01,CL,sell_put,1.2682,14,14,-8.9983,-7.7302,-1.082228,True
2018-04-01,CMCSA,skip,0.0,0,0,-8.1358,0.0,0.0,True
2018-04-01,CME,skip,0.0,0,0,-2.1037,0.0,0.0,True
2018-04-01,COST,skip,0.0,0,0,4.633,0.0,0.0,True
2018-04-01,CRM,sell_put,2.3523,14,14,4.0327,2.3523,0.329322,True
2018-04-01,CSCO,skip,0.0,0,0,3.2642,0.0,0.0,True
2018-04-01,CSX,sell_put,1.8123,14,14,6.6056,1.8123,0.253722,True
2018-04-01,CVS,skip,0.0,0,0,12.2488,0.0,0.0,True
2018-04-01,CVX,sell_put,1.8108,14,14,9.7072,1.8108,0.253512,True
2018-04-01,DHR,sell_put,1.4857,14,14,2.6303,1.4857,0.207998,True
2018-04-01,DIS,skip,0.0,0,0,-0.1095,0.0,0.0,True
2018-04-01,DUK,sell_put,1.1929,14,14,3.4723,1.1929,0.167006,True
2018-04-01,ELV,skip,0.0,0,0,7.7632,0.0,0.0,True
2018-04-01,EOG,sell_put,1.9638,14,14,12.2542,1.9638,0.274932,True
2018-04-01,EQIX,sell_put,1.8164,14,14,0.6337,1.8164,0.254296,True
2018-04-01,FDX,skip,0.0,0,0,3.1673,0.0,0.0,True
2018-04-01,GE,skip,0.0,0,0,4.3769,0.0,0.0,True
2018-04-01,GILD,skip,0.0,0,0,-3.5134,0.0,0.0,True
2018-04-01,GM,skip,0.0,0,0,2.129,0.0,0.0,True
2018-04-01,GOOGL,skip,0.0,0,0,-1.7895,0.0,0.0,True
2018-04-01,GS,skip,0.0,0,0,-5.372,0.0,0.0,True
2018-04-01,HD,skip,0.0,0,0,4.2717,0.0,0.0,True
2018-04-01,HON,skip,0.0,0,0,0.1176,0.0,0.0,True
2018-04-01,IBM,skip,0.0,0,0,-5.5205,0.0,0.0,True
2018-04-01,ICE,skip,0.0,0,0,0.2378,0.0,0.0,True
2018-04-01,INTC,sell_put,2.5213,14,14,-0.8833,1.6381,0.229334,True
2018-04-01,ISRG,skip,0.0,0,0,6.7703,0.0,0.0,True
2018-04-01,ITW,skip,0.0,0,0,-8.8885,0.0,0.0,True
2018-04-01,JNJ,skip,0.0,0,0,-1.2953,0.0,0.0,True
2018-04-01,JPM,skip,0.0,0,0,-1.0821,0.0,0.0,True
2018-04-01,KO,sell_put,1.1929,14,14,0.3717,1.1929,0.167006,True
2018-04-01,LLY,sell_put,2.1324,14,14,4.7822,2.1324,0.298536,True
2018-04-01,LMT,skip,0.0,0,0,-5.0573,0.0,0.0,True
2018-04-01,LOW,skip,0.0,0,0,-6.0627,0.0,0.0,True
2018-04-01,MA,skip,0.0,0,0,1.7755,0.0,0.0,True
2018-04-01,MCD,skip,0.0,0,0,7.0725,0.0,0.0,True
2018-04-01,MDLZ,skip,0.0,0,0,-4.8321,0.0,0.0,True
2018-04-01,MDT,sell_put,1.4857,14,14,0.4652,1.4857,0.207998,True
2018-04-01,MET,sell_put,1.645,14,14,3.8789,1.645,0.2303,True
2018-04-01,META,skip,0.0,0,0,7.6413,0.0,0.0,True
2018-04-01,MMM,skip,0.0,0,0,-11.4477,0.0,0.0,True
2018-04-01,MO,skip,0.0,0,0,-9.0015,0.0,0.0,True
2018-04-01,MRK,sell_put,1.6427,14,14,9.0229,1.6427,0.229978,True
2018-04-01,MS,skip,0.0,0,0,-4.3365,0.0,0.0,True
2018-04-01,MSFT,skip,0.0,0,0,2.4652,0.0,0.0,True
2018-04-01,MU,sell_put,3.2572,14,14,-11.8143,-8.5571,-1.197994,True
2018-04-01,NEE,sell_put,1.1929,14,14,0.3551,1.1929,0.167006,True
2018-04-01,NFLX,sell_put,2.6842,14,14,5.7931,2.6842,0.375788,True
2018-04-01,NKE,skip,0.0,0,0,3.2463,0.0,0.0,True
2018-04-01,NVDA,skip,0.0,0,0,-2.8887,0.0,0.0,True
2018-04-01,ORCL,skip,0.0,0,0,-0.1749,0.0,0.0,True
2018-04-01,PEP,skip,0.0,0,0,-6.8383,0.0,0.0,True
2018-04-01,PFE,skip,0.0,0,0,3.1558,0.0,0.0,True
2018-04-01,PG,sell_put,1.2682,14,14,-8.7538,-7.4856,-1.047984,True
2018-04-01,PM,skip,0.0,0,0,-16.6152,0.0,0.0,True
2018-04-01,PYPL,skip,0.0,0,0,-1.6607,0.0,0.0,True
2018-04-01,QCOM,skip,0.0,0,0,-7.9408,0.0,0.0,True
2018-04-01,SBUX,sell_put,1.1929,14,14,-0.5528,0.6402,0.089628,True
2018-04-01,SCHW,skip,0.0,0,0,6.6258,0.0,0.0,True
2018-04-01,SO,sell_put,1.1929,14,14,3.2691,1.1929,0.167006,True
2018-04-01,SPGI,skip,0.0,0,0,-1.2875,0.0,0.0,True
2018-04-01,SYK,skip,0.0,0,0,5.5952,0.0,0.0,True
2018-04-01,T,skip,0.0,0,0,-8.2749,0.0,0.0,True
2018-04-01,TJX,skip,0.0,0,0,4.0338,0.0,0.0,True
2018-04-01,TMO,skip,0.0,0,0,1.9647,0.0,0.0,True
2018-04-01,TMUS,sell_put,1.873,14,14,-0.8683,1.0047,0.140658,True
2018-04-01,TXN,skip,0.0,0,0,-2.3679,0.0,0.0,True
2018-04-01,UNH,skip,0.0,0,0,10.833,0.0,0.0,True
2018-04-01,UNP,sell_put,1.9638,14,14,-0.5951,1.3687,0.191618,True
2018-04-01,USB,skip,0.0,0,0,0.5057,0.0,0.0,True
2018-04-01,V,skip,0.0,0,0,6.0692,0.0,0.0,True
2018-04-01,VZ,sell_put,1.873,14,14,3.1995,1.873,0.26222,True
2018-04-01,WFC,skip,0.0,0,0,-0.8586,0.0,0.0,True
2018-04-01,WMT,skip,0.0,0,0,0.0196,0.0,0.0,True
2018-04-01,XOM,skip,0.0,0,0,4.2086,0.0,0.0,True
2018-05-01,AAPL,skip,0.0,0,0,13.0763,0.0,0.0,True
2018-05-01,ABBV,sell_put,1.6446,4,4,3.5368,1.6446,0.065784,True
2018-05-01,ABT,skip,0.0,0,0,6.3585,0.0,0.0,True
2018-05-01,ADBE,sell_put,2.242,4,4,12.491,2.242,0.08968,True
2018-05-01,ADP,sell_put,1.7594,4,4,10.1118,1.7594,0.070376,True
2018-05-01,AMAT,skip,0.0,0,0,2.2348,0.0,0.0,True
2018-05-01,AMGN,sell_put,1.6446,4,4,2.9459,1.6446,0.065784,True
2018-05-01,AMT,skip,0.0,0,0,2.0083,0.0,0.0,True
2018-05-01,AMZN,sell_put,2.239,4,4,4.0539,2.239,0.08956,True
2018-05-01,AVGO,skip,0.0,0,0,9.8728,0.0,0.0,True
2018-05-01,AXP,sell_put,1.5607,4,4,-0.082,1.4787,0.059148,True
2018-05-01,BA,sell_put,1.7554,4,4,5.5762,1.7554,0.070216,True
2018-05-01,BAC,sell_put,1.8754,4,4,-2.9412,-1.0658,-0.042632,True
2018-05-01,BDX,sell_put,1.4391,4,4,-4.4335,-2.9945,-0.11978,True
2018-05-01,BKNG,sell_put,1.7554,4,4,-3.1717,-1.4163,-0.056652,True
2018-05-01,BLK,skip,0.0,0,0,2.441,0.0,0.0,True
2018-05-01,BMY,skip,0.0,0,0,1.5851,0.0,0.0,True
2018-05-01,BRK-B,skip,0.0,0,0,-1.1356,0.0,0.0,True
2018-05-01,C,sell_put,1.7554,4,4,-2.3144,-0.559,-0.02236,True
2018-05-01,CAT,skip,0.0,0,0,5.7598,0.0,0.0,True
2018-05-01,CHTR,skip,0.0,0,0,-3.7782,0.0,0.0,True
2018-05-01,CL,skip,0.0,0,0,-2.7138,0.0,0.0,True
2018-05-01,CMCSA,skip,0.0,0,0,-0.1028,0.0,0.0,True
2018-05-01,CME,skip,0.0,0,0,3.3105,0.0,0.0,True
2018-05-01,COST,sell_put,1.5087,4,4,0.5478,1.5087,0.060348,True
2018-05-01,CRM,sell_put,2.2785,4,4,6.8931,2.2785,0.09114,True
2018-05-01,CSCO,sell_put,1.7594,4,4,-2.7922,-1.0328,-0.041312,True
2018-05-01,CSX,sell_put,1.7554,4,4,8.8567,1.7554,0.070216,True
2018-05-01,CVS,sell_put,1.7395,4,4,-8.528,-6.7884,-0.271536,True
2018-05-01,CVX,sell_put,1.754,4,4,-0.6474,1.1065,0.04426,True
2018-05-01,DHR,sell_put,1.4391,4,4,-1.0367,0.4024,0.016096,True
2018-05-01,DIS,skip,0.0,0,0,-0.8572,0.0,0.0,True
2018-05-01,DUK,sell_put,1.1555,4,4,-3.7425,-2.587,-0.10348,True
2018-05-01,ELV,sell_put,1.7395,4,4,-6.174,-4.4345,-0.17738,True
2018-05-01,EOG,sell_put,1.9021,4,4,-0.1367,1.7655,0.07062,True
2018-05-01,EQIX,sell_put,1.7594,4,4,-5.6893,-3.9299,-0.157196,True
2018-05-01,FDX,sell_put,1.7594,4,4,0.7767,1.7594,0.070376,True
2018-05-01,GE,sell_put,1.9021,4,4,0.071,1.9021,0.076084,True
2018-05-01,GILD,skip,0.0,0,0,-6.687,0.0,0.0,True
2018-05-01,GM,sell_put,1.9021,4,4,16.2222,1.9021,0.076084,True
2018-05-01,GOOGL,skip,0.0,0,0,7.9935,0.0,0.0,True
2018-05-01,GS,skip,0.0,0,0,-5.2239,0.0,0.0,True
2018-05-01,HD,sell_put,1.6266,4,4,0.947,1.6266,0.065064,True
2018-05-01,HON,sell_put,1.7594,4,4,2.2325,1.7594,0.070376,True
2018-05-01,IBM,skip,0.0,0,0,-2.5179,0.0,0.0,True
2018-05-01,ICE,sell_put,1.7554,4,4,-2.1667,-0.4113,-0.016452,True
2018-05-01,INTC,skip,0.0,0,0,6.9353,0.0,0.0,True
2018-05-01,ISRG,sell_put,1.4391,4,4,4.2856,1.4391,0.057564,True
2018-05-01,ITW,skip,0.0,0,0,1.183,0.0,0.0,True
2018-05-01,JNJ,skip,0.0,0,0,-5.4313,0.0,0.0,True
2018-05-01,JPM,skip,0.0,0,0,-1.1283,0.0,0.0,True
2018-05-01,KO,sell_put,1.1555,4,4,-0.486,0.6695,0.02678,True
2018-05-01,LLY,sell_put,2.0654,4,4,4.897,2.0654,0.082616,True
2018-05-01,LMT,skip,0.0,0,0,-1.9636,0.0,0.0,True
2018-05-01,LOW,skip,0.0,0,0,15.8244,0.0,0.0,True
2018-05-01,MA,sell_put,1.5607,4,4,6.7991,1.5607,0.062428,True
2018-05-01,MCD,sell_put,1.1555,4,4,-4.4374,-3.2819,-0.131276,True
2018-05-01,MDLZ,skip,0.0,0,0,-0.5822,0.0,0.0,True
2018-05-01,MDT,sell_put,1.4391,4,4,7.725,1.4391,0.057564,True
2018-05-01,MET,sell_put,1.5933,4,4,-3.5242,-1.9309,-0.077236,True
2018-05-01,META,sell_put,2.5385,4,4,11.5,2.5385,0.10154,True
2018-05-01,MMM,skip,0.0,0,0,1.461,0.0,0.0,True
2018-05-01,MO,skip,0.0,0,0,-0.6594,0.0,0.0,True
2018-05-01,MRK,sell_put,1.5911,4,4,1.1211,1.5911,0.063644,True
2018-05-01,MS,skip,0.0,0,0,-2.3997,0.0,0.0,True
2018-05-01,MSFT,sell_put,1.6951,4,4,5.6886,1.6951,0.067804,True
2018-05-01,MU,skip,0.0,0,0,25.2501,0.0,0.0,True
2018-05-01,NEE,sell_put,1.1555,4,4,1.1591,1.1555,0.04622,True
2018-05-01,NFLX,sell_put,2.5999,4,4,12.5264,2.5999,0.103996,True
2018-05-01,NKE,sell_put,2.0586,4,4,4.9861,2.0586,0.082344,True
2018-05-01,NVDA,skip,0.0,0,0,12.1343,0.0,0.0,True
2018-05-01,ORCL,skip,0.0,0,0,2.7226,0.0,0.0,True
2018-05-01,PEP,skip,0.0,0,0,-0.6835,0.0,0.0,True
2018-05-01,PFE,sell_put,1.6446,4,4,-1.8574,-0.2128,-0.008512,True
2018-05-01,PG,skip,0.0,0,0,2.0834,0.0,0.0,True
2018-05-01,PM,skip,0.0,0,0,-3.0,0.0,0.0,True
2018-05-01,PYPL,skip,0.0,0,0,9.9987,0.0,0.0,True
2018-05-01,QCOM,skip,0.0,0,0,13.9385,0.0,0.0,True
2018-05-01,SBUX,skip,0.0,0,0,-1.5633,0.0,0.0,True
2018-05-01,SCHW,sell_put,1.5933,4,4,-0.1078,1.4856,0.059424,True
2018-05-01,SO,sell_put,1.1555,4,4,-2.6453,-1.4898,-0.059592,True
2018-05-01,SPGI,skip,0.0,0,0,4.719,0.0,0.0,True
2018-05-01,SYK,sell_put,1.4391,4,4,2.7151,1.4391,0.057564,True
2018-05-01,T,skip,0.0,0,0,0.7091,0.0,0.0,True
2018-05-01,TJX,sell_put,1.4321,4,4,6.4467,1.4321,0.057284,True
2018-05-01,TMO,sell_put,1.6674,4,4,-0.9888,0.6785,0.02714,True
2018-05-01,TMUS,skip,0.0,0,0,-7.9491,0.0,0.0,True
2018-05-01,TXN,skip,0.0,0,0,10.3322,0.0,0.0,True
2018-05-01,UNH,sell_put,1.7395,4,4,2.1616,1.7395,0.06958,True
2018-05-01,UNP,skip,0.0,0,0,6.8322,0.0,0.0,True
2018-05-01,USB,sell_put,1.5933,4,4,-0.9118,0.6816,0.027264,True
2018-05-01,V,sell_put,1.4921,4,4,3.0265,1.4921,0.059684,True
2018-05-01,VZ,sell_put,1.8142,4,4,-2.1888,-0.3746,-0.014984,True
2018-05-01,WFC,skip,0.0,0,0,3.9069,0.0,0.0,True
2018-05-01,WMT,sell_put,1.4321,4,4,-6.6923,-5.2602,-0.210408,True
2018-05-01,XOM,sell_put,1.9021,4,4,4.4888,1.9021,0.076084,True
2018-06-01,AAPL,sell_put,1.9193,2,2,-0.5599,1.3594,0.027188,True
2018-06-01,ABBV,sell_put,1.715,2,2,-6.3574,-4.6424,-0.092848,True
2018-06-01,ABT,sell_put,1.5006,2,2,-0.8776,0.623,0.01246,True
2018-06-01,ADBE,sell_put,2.3379,2,2,-2.1943,0.1435,0.00287,True
2018-06-01,ADP,sell_put,1.8347,2,2,3.1687,1.8347,0.036694,True
2018-06-01,AMAT,sell_put,2.5466,2,2,-8.6755,-6.1289,-0.122578,True
2018-06-01,AMGN,sell_put,1.715,2,2,3.5602,1.715,0.0343,True
2018-06-01,AMT,sell_put,1.8347,2,2,4.1917,1.8347,0.036694,True
2018-06-01,AMZN,sell_put,2.3348,2,2,4.3065,2.3348,0.046696,True
2018-06-01,AVGO,sell_put,2.5466,2,2,-3.741,-1.1944,-0.023888,True
2018-06-01,AXP,skip,0.0,0,0,-0.3052,0.0,0.0,True
2018-06-01,BA,sell_put,1.8305,2,2,-4.2527,-2.4222,-0.048444,True
2018-06-01,BAC,skip,0.0,0,0,-2.5304,0.0,0.0,True
2018-06-01,BDX,skip,0.0,0,0,8.1096,0.0,0.0,True
2018-06-01,BKNG,skip,0.0,0,0,-3.8802,0.0,0.0,True
2018-06-01,BLK,sell_put,1.6615,2,2,-6.587,-4.9255,-0.09851,True
2018-06-01,BMY,sell_put,1.715,2,2,5.1691,1.715,0.0343,True
2018-06-01,BRK-B,skip,0.0,0,0,-2.5479,0.0,0.0,True
2018-06-01,C,skip,0.0,0,0,0.8197,0.0,0.0,True
2018-06-01,CAT,sell_put,1.9835,2,2,-10.6905,-8.707,-0.17414,True
2018-06-01,CHTR,skip,0.0,0,0,12.3238,0.0,0.0,True
2018-06-01,CL,skip,0.0,0,0,2.7263,0.0,0.0,True
2018-06-01,CMCSA,skip,0.0,0,0,5.2277,0.0,0.0,True
2018-06-01,CME,sell_put,1.6615,2,2,0.6262,1.6615,0.03323,True
2018-06-01,COST,sell_put,1.5733,2,2,5.7251,1.5733,0.031466,True
2018-06-01,CRM,sell_put,2.3759,2,2,5.4666,2.3759,0.047518,True
2018-06-01,CSCO,skip,0.0,0,0,0.7493,0.0,0.0,True
2018-06-01,CSX,sell_put,1.8305,2,2,-1.0066,0.8239,0.016478,True
2018-06-01,CVS,skip,0.0,0,0,1.5144,0.0,0.0,True
2018-06-01,CVX,skip,0.0,0,0,2.6005,0.0,0.0,True
2018-06-01,DHR,skip,0.0,0,0,-0.6043,0.0,0.0,True
2018-06-01,DIS,skip,0.0,0,0,5.3685,0.0,0.0,True
2018-06-01,DUK,skip,0.0,0,0,3.7022,0.0,0.0,True
2018-06-01,ELV,skip,0.0,0,0,7.5016,0.0,0.0,True
2018-06-01,EOG,skip,0.0,0,0,5.6192,0.0,0.0,True
2018-06-01,EQIX,skip,0.0,0,0,8.9646,0.0,0.0,True
2018-06-01,FDX,sell_put,1.8347,2,2,-8.8552,-7.0205,-0.14041,True
2018-06-01,GE,sell_put,1.9835,2,2,-3.3381,-1.3546,-0.027092,True
2018-06-01,GILD,skip,0.0,0,0,5.1038,0.0,0.0,True
2018-06-01,GM,sell_put,1.9835,2,2,-7.7283,-5.7448,-0.114896,True
2018-06-01,GOOGL,sell_put,2.1269,2,2,2.6537,2.1269,0.042538,True
2018-06-01,GS,skip,0.0,0,0,-2.0055,0.0,0.0,True
2018-06-01,HD,sell_put,1.6962,2,2,5.1687,1.6962,0.033924,True
2018-06-01,HON,sell_put,1.8347,2,2,-2.1155,-0.2808,-0.005616,True
2018-06-01,IBM,skip,0.0,0,0,-0.0419,0.0,0.0,True
2018-06-01,ICE,skip,0.0,0,0,3.7523,0.0,0.0,True
2018-06-01,INTC,sell_put,2.5466,2,2,-9.4259,-6.8793,-0.137586,True
2018-06-01,ISRG,sell_put,1.5006,2,2,4.0921,1.5006,0.030012,True
2018-06-01,ITW,sell_put,1.8347,2,2,-3.5908,-1.7561,-0.035122,True
2018-06-01,JNJ,skip,0.0,0,0,2.1902,0.0,0.0,True
2018-06-01,JPM,skip,0.0,0,0,-2.6259,0.0,0.0,True
2018-06-01,KO,skip,0.0,0,0,2.0,0.0,0.0,True
2018-06-01,LLY,sell_put,2.1538,2,2,1.0329,2.1538,0.043076,True
2018-06-01,LMT,skip,0.0,0,0,-5.4867,0.0,0.0,True
2018-06-01,LOW,sell_put,1.6962,2,2,0.5894,1.6962,0.033924,True
2018-06-01,MA,sell_put,1.6274,2,2,3.3663,1.6274,0.032548,True
2018-06-01,MCD,skip,0.0,0,0,-2.0749,0.0,0.0,True
2018-06-01,MDLZ,skip,0.0,0,0,4.4054,0.0,0.0,True
2018-06-01,MDT,sell_put,1.5006,2,2,-0.8226,0.6781,0.013562,True
2018-06-01,MET,skip,0.0,0,0,-4.2968,0.0,0.0,True
2018-06-01,META,sell_put,2.6471,2,2,1.3244,2.6471,0.052942,True
2018-06-01,MMM,sell_put,1.8347,2,2,0.4236,1.8347,0.036694,True
2018-06-01,MO,skip,0.0,0,0,1.8838,0.0,0.0,True
2018-06-01,MRK,sell_put,1.6592,2,2,1.9654,1.6592,0.033184,True
2018-06-01,MS,skip,0.0,0,0,-5.4647,0.0,0.0,True
2018-06-01,MSFT,sell_put,1.7676,2,2,0.1997,1.7676,0.035352,True
2018-06-01,MU,sell_put,3.2899,2,2,-8.9425,-5.6526,-0.113052,True
2018-06-01,NEE,sell_put,1.2049,2,2,0.7358,1.2049,0.024098,True
2018-06-01,NFLX,sell_put,2.7112,2,2,11.3282,2.7112,0.054224,True
2018-06-01,NKE,sell_put,2.1466,2,2,10.9749,2.1466,0.042932,True
2018-06-01,NVDA,sell_put,3.2899,2,2,-6.0048,-2.7149,-0.054298,True
2018-06-01,ORCL,sell_put,2.2017,2,2,-5.6935,-3.4917,-0.069834,True
2018-06-01,PEP,skip,0.0,0,0,9.5973,0.0,0.0,True
2018-06-01,PFE,skip,0.0,0,0,1.9598,0.0,0.0,True
2018-06-01,PG,sell_put,1.2809,2,2,6.6831,1.2809,0.025618,True
2018-06-01,PM,skip,0.0,0,0,1.5086,0.0,0.0,True
2018-06-01,PYPL,sell_put,1.6274,2,2,1.4622,1.6274,0.032548,True
2018-06-01,QCOM,sell_put,2.6049,2,2,-2.4323,0.1726,0.003452,True
2018-06-01,SBUX,skip,0.0,0,0,-13.3484,0.0,0.0,True
2018-06-01,SCHW,skip,0.0,0,0,-7.9699,0.0,0.0,True
2018-06-01,SO,skip,0.0,0,0,4.5788,0.0,0.0,True
2018-06-01,SPGI,sell_put,1.6615,2,2,3.4944,1.6615,0.03323,True
2018-06-01,SYK,sell_put,1.5006,2,2,-2.9652,-1.4645,-0.02929,True
2018-06-01,T,sell_put,1.8918,2,2,-0.6497,1.2421,0.024842,True
2018-06-01,TJX,sell_put,1.4933,2,2,5.8632,1.4933,0.029866,True
2018-06-01,TMO,skip,0.0,0,0,-0.5426,0.0,0.0,True
2018-06-01,TMUS,skip,0.0,0,0,7.2711,0.0,0.0,True
2018-06-01,TXN,sell_put,2.5466,2,2,-0.8902,1.6565,0.03313,True
2018-06-01,UNH,sell_put,1.8139,2,2,1.5858,1.8139,0.036278,True
2018-06-01,UNP,sell_put,1.9835,2,2,-0.251,1.7325,0.03465,True
2018-06-01,USB,skip,0.0,0,0,0.06,0.0,0.0,True
2018-06-01,V,sell_put,1.556,2,2,1.4863,1.556,0.03112,True
2018-06-01,VZ,skip,0.0,0,0,5.5381,0.0,0.0,True
2018-06-01,WFC,sell_put,2.1248,2,2,3.4588,2.1248,0.042496,True
2018-06-01,WMT,skip,0.0,0,0,4.4216,0.0,0.0,True
2018-06-01,XOM,sell_put,1.9835,2,2,2.8663,1.9835,0.03967,True
2018-07-01,AAPL,skip,0.0,0,0,2.7984,0.0,0.0,True
2018-07-01,ABBV,skip,0.0,0,0,-0.4533,0.0,0.0,True
2018-07-01,ABT,skip,0.0,0,0,7.4602,0.0,0.0,True
2018-07-01,ADBE,skip,0.0,0,0,0.3568,0.0,0.0,True
2018-07-01,ADP,sell_put,1.4629,4,4,1.1465,1.4629,0.058516,True
2018-07-01,AMAT,skip,0.0,0,0,5.2825,0.0,0.0,True
2018-07-01,AMGN,sell_put,1.3675,4,4,6.4792,1.3675,0.0547,True
2018-07-01,AMT,sell_put,1.4629,4,4,3.3976,1.4629,0.058516,True
2018-07-01,AMZN,sell_put,1.8617,4,4,4.5676,1.8617,0.074468,True
2018-07-01,AVGO,skip,0.0,0,0,-7.3756,0.0,0.0,True
2018-07-01,AXP,skip,0.0,0,0,1.551,0.0,0.0,True
2018-07-01,BA,skip,0.0,0,0,6.1965,0.0,0.0,True
2018-07-01,BAC,skip,0.0,0,0,9.5424,0.0,0.0,True
2018-07-01,BDX,sell_put,1.1966,4,4,4.852,1.1966,0.047864,True
2018-07-01,BKNG,skip,0.0,0,0,0.0804,0.0,0.0,True
2018-07-01,BLK,skip,0.0,0,0,1.2913,0.0,0.0,True
2018-07-01,BMY,sell_put,1.3675,4,4,6.1619,1.3675,0.0547,True
2018-07-01,BRK-B,skip,0.0,0,0,6.0113,0.0,0.0,True
2018-07-01,C,sell_put,1.4596,4,4,7.4268,1.4596,0.058384,True
2018-07-01,CAT,skip,0.0,0,0,5.9925,0.0,0.0,True
2018-07-01,CHTR,sell_put,1.5085,4,4,3.8778,1.5085,0.06034,True
2018-07-01,CL,sell_put,1.0214,4,4,3.3946,1.0214,0.040856,True
2018-07-01,CMCSA,sell_put,1.5085,4,4,9.0521,1.5085,0.06034,True
2018-07-01,CME,sell_put,1.3249,4,4,-2.5351,-1.2103,-0.048412,True
2018-07-01,COST,sell_put,1.2545,4,4,4.6559,1.2545,0.05018,True
2018-07-01,CRM,sell_put,1.8945,4,4,0.5499,1.8945,0.07578,True
2018-07-01,CSCO,sell_put,1.4629,4,4,-1.7197,-0.2568,-0.010272,True
2018-07-01,CSX,skip,0.0,0,0,10.8184,0.0,0.0,True
2018-07-01,CVS,sell_put,1.4464,4,4,0.7925,1.4464,0.057856,True
2018-07-01,CVX,sell_put,1.4584,4,4,-0.1265,1.3319,0.053276,True
2018-07-01,DHR,skip,0.0,0,0,4.1219,0.0,0.0,True
2018-07-01,DIS,sell_put,1.5898,4,4,8.3484,1.5898,0.063592,True
2018-07-01,DUK,sell_put,0.9608,4,4,3.2119,0.9608,0.038432,True
2018-07-01,ELV,sell_put,1.4464,4,4,6.6401,1.4464,0.057856,True
2018-07-01,EOG,sell_put,1.5816,4,4,3.6245,1.5816,0.063264,True
2018-07-01,EQIX,sell_put,1.4629,4,4,2.1843,1.4629,0.058516,True
2018-07-01,FDX,skip,0.0,0,0,8.5702,0.0,0.0,True
2018-07-01,GE,skip,0.0,0,0,1.0359,0.0,0.0,True
2018-07-01,GILD,sell_put,1.3675,4,4,10.7528,1.3675,0.0547,True
2018-07-01,GM,skip,0.0,0,0,-2.9422,0.0,0.0,True
2018-07-01,GOOGL,sell_put,1.696,4,4,8.6814,1.696,0.06784,True
2018-07-01,GS,skip,0.0,0,0,7.6438,0.0,0.0,True
2018-07-01,HD,sell_put,1.3525,4,4,1.2404,1.3525,0.0541,True
2018-07-01,HON,skip,0.0,0,0,10.8296,0.0,0.0,True
2018-07-01,IBM,skip,0.0,0,0,3.7437,0.0,0.0,True
2018-07-01,ICE,sell_put,1.4596,4,4,0.8101,1.4596,0.058384,True
2018-07-01,INTC,skip,0.0,0,0,-3.2388,0.0,0.0,True
2018-07-01,ISRG,sell_put,1.1966,4,4,6.2092,1.1966,0.047864,True
2018-07-01,ITW,skip,0.0,0,0,4.033,0.0,0.0,True
2018-07-01,JNJ,sell_put,0.9998,4,4,9.2138,0.9998,0.039992,True
2018-07-01,JPM,skip,0.0,0,0,10.3167,0.0,0.0,True
2018-07-01,KO,sell_put,0.9608,4,4,7.2624,0.9608,0.038432,True
2018-07-01,LLY,sell_put,1.7174,4,4,15.7975,1.7174,0.068696,True
2018-07-01,LMT,skip,0.0,0,0,10.3814,0.0,0.0,True
2018-07-01,LOW,sell_put,1.3525,4,4,3.9448,1.3525,0.0541,True
2018-07-01,MA,sell_put,1.2977,4,4,0.7531,1.2977,0.051908,True
2018-07-01,MCD,skip,0.0,0,0,1.1812,0.0,0.0,True
2018-07-01,MDLZ,sell_put,1.0869,4,4,6.3758,1.0869,0.043476,True
2018-07-01,MDT,skip,0.0,0,0,5.3966,0.0,0.0,True
2018-07-01,MET,skip,0.0,0,0,4.9083,0.0,0.0,True
2018-07-01,META,sell_put,2.1107,4,4,-11.1877,-9.077,-0.36308,True
2018-07-01,MMM,sell_put,1.4629,4,4,7.9301,1.4629,0.058516,True
2018-07-01,MO,sell_put,1.0869,4,4,4.603,1.0869,0.043476,True
2018-07-01,MRK,sell_put,1.323,4,4,9.3559,1.323,0.05292,True
2018-07-01,MS,skip,0.0,0,0,6.6667,0.0,0.0,True
2018-07-01,MSFT,sell_put,1.4095,4,4,7.5753,1.4095,0.05638,True
2018-07-01,MU,skip,0.0,0,0,0.6674,0.0,0.0,True
2018-07-01,NEE,sell_put,0.9608,4,4,0.9928,0.9608,0.038432,True
2018-07-01,NFLX,sell_put,2.1619,4,4,-13.7905,-11.6286,-0.465144,True
2018-07-01,NKE,sell_put,1.7117,4,4,-3.2068,-1.4951,-0.059804,True
2018-07-01,NVDA,skip,0.0,0,0,3.3601,0.0,0.0,True
2018-07-01,ORCL,skip,0.0,0,0,8.2161,0.0,0.0,True
2018-07-01,PEP,sell_put,1.0869,4,4,5.6306,1.0869,0.043476,True
2018-07-01,PFE,sell_put,1.3675,4,4,10.0607,1.3675,0.0547,True
2018-07-01,PG,sell_put,1.0214,4,4,3.6126,1.0214,0.040856,True
2018-07-01,PM,sell_put,1.0869,4,4,8.3979,1.0869,0.043476,True
2018-07-01,PYPL,sell_put,1.2977,4,4,-1.357,-0.0593,-0.002372,True
2018-07-01,QCOM,skip,0.0,0,0,14.2017,0.0,0.0,True
2018-07-01,SBUX,skip,0.0,0,0,7.2467,0.0,0.0,True
2018-07-01,SCHW,skip,0.0,0,0,-0.0782,0.0,0.0,True
2018-07-01,SO,sell_put,0.9608,4,4,4.9449,0.9608,0.038432,True
2018-07-01,SPGI,sell_put,1.3249,4,4,-1.6921,-0.3673,-0.014692,True
2018-07-01,SYK,skip,0.0,0,0,-3.0529,0.0,0.0,True
2018-07-01,T,skip,0.0,0,0,-0.436,0.0,0.0,True
2018-07-01,TJX,sell_put,1.1908,4,4,2.1853,1.1908,0.047632,True
2018-07-01,TMO,skip,0.0,0,0,13.312,0.0,0.0,True
2018-07-01,TMUS,sell_put,1.5085,4,4,0.4184,1.5085,0.06034,True
2018-07-01,TXN,skip,0.0,0,0,0.9705,0.0,0.0,True
2018-07-01,UNH,sell_put,1.4464,4,4,3.577,1.4464,0.057856,True
2018-07-01,UNP,skip,0.0,0,0,5.7947,0.0,0.0,True
2018-07-01,USB,sell_put,1.3249,4,4,6.6195,1.3249,0.052996,True
2018-07-01,V,sell_put,1.2407,4,4,3.2389,1.2407,0.049628,True
2018-07-01,VZ,sell_put,1.5085,4,4,2.6436,1.5085,0.06034,True
2018-07-01,WFC,sell_put,1.6943,4,4,3.3369,1.6943,0.067772,True
2018-07-01,WMT,sell_put,1.1908,4,4,4.1798,1.1908,0.047632,True
2018-07-01,XOM,sell_put,1.5816,4,4,-1.4747,0.1069,0.004276,True
2018-08-01,AAPL,sell_put,1.534,1,1,19.6227,1.534,0.01534,False
2018-08-01,ABBV,skip,0.0,0,0,5.1288,0.0,0.0,False
2018-08-01,ABT,sell_put,1.1994,1,1,2.4419,1.1994,0.011994,False
2018-08-01,ADBE,sell_put,1.8685,1,1,7.6958,1.8685,0.018685,False
2018-08-01,ADP,sell_put,1.4664,1,1,8.7118,1.4664,0.014664,False
2018-08-01,AMAT,sell_put,2.0354,1,1,-11.5361,-9.5007,-0.095007,False
2018-08-01,AMGN,sell_put,1.3707,1,1,1.6586,1.3707,0.013707,False
2018-08-01,AMT,sell_put,1.4664,1,1,0.5936,1.4664,0.014664,False
2018-08-01,AMZN,sell_put,1.8661,1,1,13.2364,1.8661,0.018661,False
2018-08-01,AVGO,skip,0.0,0,0,-1.2355,0.0,0.0,False
2018-08-01,AXP,sell_put,1.3007,1,1,6.8735,1.3007,0.013007,False
2018-08-01,BA,sell_put,1.463,1,1,-3.7917,-2.3287,-0.023287,False
2018-08-01,BAC,sell_put,1.563,1,1,0.1619,1.563,0.01563,False
2018-08-01,BDX,sell_put,1.1994,1,1,4.5932,1.1994,0.011994,False
2018-08-01,BKNG,sell_put,1.463,1,1,-3.8039,-2.3408,-0.023408,False
2018-08-01,BLK,sell_put,1.328,1,1,-4.714,-3.386,-0.03386,False
2018-08-01,BMY,sell_put,1.3707,1,1,3.81,1.3707,0.013707,False
2018-08-01,BRK-B,sell_put,0.8822,1,1,5.4834,0.8822,0.008822,False
2018-08-01,C,sell_put,1.463,1,1,-0.9042,0.5589,0.005589,False
2018-08-01,CAT,sell_put,1.5853,1,1,-2.8502,-1.2649,-0.012649,False
2018-08-01,CHTR,sell_put,1.5121,1,1,1.9108,1.5121,0.015121,False
2018-08-01,CL,sell_put,1.0238,1,1,-0.257,0.7668,0.007668,False
2018-08-01,CMCSA,sell_put,1.5121,1,1,3.9839,1.5121,0.015121,False
2018-08-01,CME,skip,0.0,0,0,9.8102,0.0,0.0,False
2018-08-01,COST,sell_put,1.2574,1,1,6.5932,1.2574,0.012574,False
2018-08-01,CRM,sell_put,1.899,1,1,11.3234,1.899,0.01899,False
2018-08-01,CSCO,skip,0.0,0,0,13.8385,0.0,0.0,False
2018-08-01,CSX,sell_put,1.463,1,1,4.9236,1.463,0.01463,False
2018-08-01,CVS,sell_put,1.4498,1,1,16.8846,1.4498,0.014498,False
2018-08-01,CVX,skip,0.0,0,0,-6.1852,0.0,0.0,False
2018-08-01,DHR,sell_put,1.1994,1,1,0.9359,1.1994,0.011994,False
2018-08-01,DIS,sell_put,1.5935,1,1,-0.5632,1.0303,0.010303,False
2018-08-01,DUK,sell_put,0.963,1,1,-0.4656,0.4974,0.004974,False
2018-08-01,ELV,sell_put,1.4498,1,1,4.6364,1.4498,0.014498,False
2018-08-01,EOG,sell_put,1.5853,1,1,-8.1713,-6.586,-0.06586,False
2018-08-01,EQIX,sell_put,1.4664,1,1,-0.7171,0.7493,0.007493,False
2018-08-01,FDX,sell_put,1.4664,1,1,-0.7809,0.6854,0.006854,False
2018-08-01,GE,sell_put,1.5853,1,1,-5.0624,-3.4771,-0.034771,False
2018-08-01,GILD,sell_put,1.3707,1,1,-2.6982,-1.3275,-0.013275,False
2018-08-01,GM,skip,0.0,0,0,-4.9064,0.0,0.0,False
2018-08-01,GOOGL,sell_put,1.7,1,1,0.3732,1.7,0.017,False
2018-08-01,GS,sell_put,1.328,1,1,0.1601,1.328,0.01328,False
2018-08-01,HD,sell_put,1.3557,1,1,1.6454,1.3557,0.013557,False
2018-08-01,HON,sell_put,1.4664,1,1,-0.3696,1.0968,0.010968,False
2018-08-01,IBM,sell_put,1.4664,1,1,1.0695,1.4664,0.014664,False
2018-08-01,ICE,sell_put,1.463,1,1,3.139,1.463,0.01463,False
2018-08-01,INTC,skip,0.0,0,0,0.686,0.0,0.0,False
2018-08-01,ISRG,sell_put,1.1994,1,1,10.195,1.1994,0.011994,False
2018-08-01,ITW,sell_put,1.4664,1,1,-3.1047,-1.6384,-0.016384,False
2018-08-01,JNJ,sell_put,1.0022,1,1,1.6375,1.0022,0.010022,False
2018-08-01,JPM,sell_put,1.328,1,1,0.2198,1.328,0.01328,False
2018-08-01,KO,sell_put,0.963,1,1,-4.4177,-3.4547,-0.034547,False
2018-08-01,LLY,sell_put,1.7214,1,1,6.9224,1.7214,0.017214,False
2018-08-01,LMT,sell_put,1.5853,1,1,-1.7448,-0.1595,-0.001595,False
2018-08-01,LOW,sell_put,1.3557,1,1,9.9944,1.3557,0.013557,False
2018-08-01,MA,sell_put,1.3007,1,1,9.0057,1.3007,0.013007,False
2018-08-01,MCD,sell_put,0.963,1,1,2.977,0.963,0.00963,False
2018-08-01,MDLZ,sell_put,1.0894,1,1,-1.5214,-0.432,-0.00432,False
2018-08-01,MDT,sell_put,1.1994,1,1,7.4742,1.1994,0.011994,False
2018-08-01,MET,sell_put,1.328,1,1,0.3279,1.328,0.01328,False
2018-08-01,META,skip,0.0,0,0,1.8252,0.0,0.0,False
2018-08-01,MMM,sell_put,1.4664,1,1,-0.6594,0.807,0.00807,False
2018-08-01,MO,sell_put,1.0894,1,1,-0.2727,0.8168,0.008168,False
2018-08-01,MRK,sell_put,1.3261,1,1,4.1294,1.3261,0.013261,False
2018-08-01,MS,sell_put,1.328,1,1,-2.8508,-1.5228,-0.015228,False
2018-08-01,MSFT,sell_put,1.4128,1,1,5.8918,1.4128,0.014128,False
2018-08-01,MU,sell_put,2.6295,1,1,-0.5115,2.118,0.02118,False
2018-08-01,NEE,sell_put,0.963,1,1,1.528,0.963,0.00963,False
2018-08-01,NFLX,skip,0.0,0,0,8.9584,0.0,0.0,False
2018-08-01,NKE,skip,0.0,0,0,6.8782,0.0,0.0,False
2018-08-01,NVDA,sell_put,2.6295,1,1,14.6287,2.6295,0.026295,False
2018-08-01,ORCL,sell_put,1.7597,1,1,2.2872,1.7597,0.017597,False
2018-08-01,PEP,sell_put,1.0894,1,1,-2.6,-1.5106,-0.015106,False
2018-08-01,PFE,sell_put,1.3707,1,1,3.982,1.3707,0.013707,False
2018-08-01,PG,sell_put,1.0238,1,1,3.4902,1.0238,0.010238,False
2018-08-01,PM,sell_put,1.0894,1,1,-9.7451,-8.6557,-0.086557,False
2018-08-01,PYPL,skip,0.0,0,0,12.4057,0.0,0.0,False
2018-08-01,QCOM,sell_put,2.082,1,1,7.2086,2.082,0.02082,False
2018-08-01,SBUX,sell_put,0.963,1,1,2.0233,0.963,0.00963,False
2018-08-01,SCHW,skip,0.0,0,0,-0.5288,0.0,0.0,False
2018-08-01,SO,sell_put,0.963,1,1,-9.9177,-8.9546,-0.089546,False
2018-08-01,SPGI,skip,0.0,0,0,3.2977,0.0,0.0,False
2018-08-01,SYK,skip,0.0,0,0,3.7856,0.0,0.0,False
2018-08-01,T,skip,0.0,0,0,1.9718,0.0,0.0,False
2018-08-01,TJX,sell_put,1.1935,1,1,13.0681,1.1935,0.011935,False
2018-08-01,TMO,sell_put,1.3897,1,1,1.9486,1.3897,0.013897,False
2018-08-01,TMUS,sell_put,1.5121,1,1,10.0667,1.5121,0.015121,False
2018-08-01,TXN,sell_put,2.0354,1,1,1.5292,2.0354,0.020354,False
2018-08-01,UNH,sell_put,1.4498,1,1,6.0185,1.4498,0.014498,False
2018-08-01,UNP,sell_put,1.5853,1,1,0.487,1.5853,0.015853,False
2018-08-01,USB,sell_put,1.328,1,1,2.0751,1.328,0.01328,False
2018-08-01,V,sell_put,1.2436,1,1,7.4229,1.2436,0.012436,False
2018-08-01,VZ,sell_put,1.5121,1,1,6.5073,1.5121,0.015121,False
2018-08-01,WFC,sell_put,1.6983,1,1,2.0772,1.6983,0.016983,False
2018-08-01,WMT,sell_put,1.1935,1,1,7.4302,1.1935,0.011935,False
2018-08-01,XOM,skip,0.0,0,0,-1.644,0.0,0.0,False
2018-09-01,AAPL,sell_put,1.4457,1,1,-0.4825,0.9632,0.009632,False
2018-09-01,ABBV,sell_put,1.2918,1,1,-1.4587,-0.1668,-0.001668,False
2018-09-01,ABT,sell_put,1.1304,1,1,9.7547,1.1304,0.011304,False
2018-09-01,ADBE,sell_put,1.761,1,1,2.4439,1.761,0.01761,False
2018-09-01,ADP,sell_put,1.382,1,1,2.6644,1.382,0.01382,False
2018-09-01,AMAT,skip,0.0,0,0,-9.7456,0.0,0.0,False
2018-09-01,AMGN,sell_put,1.2918,1,1,4.4497,1.2918,0.012918,False
2018-09-01,AMT,sell_put,1.382,1,1,-2.5617,-1.1797,-0.011797,False
2018-09-01,AMZN,sell_put,1.7587,1,1,-0.4824,1.2763,0.012763,False
2018-09-01,AVGO,skip,0.0,0,0,12.6466,0.0,0.0,False
2018-09-01,AXP,sell_put,1.2259,1,1,0.4812,1.2259,0.012259,False
2018-09-01,BA,skip,0.0,0,0,9.0282,0.0,0.0,False
2018-09-01,BAC,sell_put,1.4731,1,1,-4.7527,-3.2796,-0.032796,False
2018-09-01,BDX,sell_put,1.1304,1,1,-0.3322,0.7981,0.007981,False
2018-09-01,BKNG,skip,0.0,0,0,1.6628,0.0,0.0,False
2018-09-01,BLK,skip,0.0,0,0,-1.6136,0.0,0.0,False
2018-09-01,BMY,sell_put,1.2918,1,1,2.5269,1.2918,0.012918,False
2018-09-01,BRK-B,sell_put,0.8314,1,1,2.5824,0.8314,0.008314,False
2018-09-01,C,skip,0.0,0,0,1.3366,0.0,0.0,False
2018-09-01,CAT,skip,0.0,0,0,9.8235,0.0,0.0,False
2018-09-01,CHTR,sell_put,1.425,1,1,4.9871,1.425,0.01425,False
2018-09-01,CL,skip,0.0,0,0,0.8131,0.0,0.0,False
2018-09-01,CMCSA,sell_put,1.425,1,1,-4.2714,-2.8464,-0.028464,False
2018-09-01,CME,sell_put,1.2515,1,1,-2.5868,-1.3353,-0.013353,False
2018-09-01,COST,sell_put,1.1851,1,1,1.0007,1.1851,0.011851,False
2018-09-01,CRM,sell_put,1.7897,1,1,4.159,1.7897,0.017897,False
2018-09-01,CSCO,sell_put,1.382,1,1,1.8422,1.382,0.01382,False
2018-09-01,CSX,sell_put,1.3788,1,1,0.1461,1.3788,0.013788,False
2018-09-01,CVS,sell_put,1.3664,1,1,4.6252,1.3664,0.013664,False
2018-09-01,CVX,skip,0.0,0,0,4.2144,0.0,0.0,False
2018-09-01,DHR,sell_put,1.1304,1,1,4.9449,1.1304,0.011304,False
2018-09-01,DIS,skip,0.0,0,0,4.3921,0.0,0.0,False
2018-09-01,DUK,skip,0.0,0,0,-0.3723,0.0,0.0,False
2018-09-01,ELV,sell_put,1.3664,1,1,3.5206,1.3664,0.013664,False
2018-09-01,EOG,skip,0.0,0,0,7.8999,0.0,0.0,False
2018-09-01,EQIX,skip,0.0,0,0,-0.2239,0.0,0.0,False
2018-09-01,FDX,skip,0.0,0,0,-1.2953,0.0,0.0,False
2018-09-01,GE,skip,0.0,0,0,-12.7512,0.0,0.0,False
2018-09-01,GILD,skip,0.0,0,0,1.9543,0.0,0.0,False
2018-09-01,GM,skip,0.0,0,0,-6.6019,0.0,0.0,False
2018-09-01,GOOGL,sell_put,1.6021,1,1,-2.0068,-0.4047,-0.004047,False
2018-09-01,GS,sell_put,1.2515,1,1,-5.3939,-4.1424,-0.041424,False
2018-09-01,HD,sell_put,1.2777,1,1,3.7066,1.2777,0.012777,False
2018-09-01,HON,skip,0.0,0,0,5.126,0.0,0.0,False
2018-09-01,IBM,sell_put,1.382,1,1,4.3444,1.382,0.01382,False
2018-09-01,ICE,sell_put,1.3788,1,1,-1.7578,-0.379,-0.00379,False
2018-09-01,INTC,sell_put,1.9183,1,1,-1.7601,0.1582,0.001582,False
2018-09-01,ISRG,sell_put,1.1304,1,1,2.5,1.1304,0.011304,False
2018-09-01,ITW,skip,0.0,0,0,1.6129,0.0,0.0,False
2018-09-01,JNJ,sell_put,0.9445,1,1,3.2673,0.9445,0.009445,False
2018-09-01,JPM,sell_put,1.2515,1,1,-1.5186,-0.2671,-0.002671,False
2018-09-01,KO,skip,0.0,0,0,3.6347,0.0,0.0,False
2018-09-01,LLY,sell_put,1.6224,1,1,2.1325,1.6224,0.016224,False
2018-09-01,LMT,skip,0.0,0,0,8.6493,0.0,0.0,False
2018-09-01,LOW,sell_put,1.2777,1,1,5.5816,1.2777,0.012777,False
2018-09-01,MA,sell_put,1.2259,1,1,3.2706,1.2259,0.012259,False
2018-09-01,MCD,sell_put,0.9076,1,1,3.7628,0.9076,0.009076,False
2018-09-01,MDLZ,skip,0.0,0,0,0.5618,0.0,0.0,False
2018-09-01,MDT,sell_put,1.1304,1,1,2.033,1.1304,0.011304,False
2018-09-01,MET,sell_put,1.2515,1,1,2.7429,1.2515,0.012515,False
2018-09-01,META,sell_put,1.9939,1,1,-6.4132,-4.4193,-0.044193,False
2018-09-01,MMM,skip,0.0,0,0,0.5701,0.0,0.0,False
2018-09-01,MO,skip,0.0,0,0,3.0588,0.0,0.0,False
2018-09-01,MRK,sell_put,1.2498,1,1,3.4262,1.2498,0.012498,False
2018-09-01,MS,skip,0.0,0,0,-4.6283,0.0,0.0,False
2018-09-01,MSFT,sell_put,1.3315,1,1,2.2079,1.3315,0.013315,False
2018-09-01,MU,skip,0.0,0,0,-13.8804,0.0,0.0,False
2018-09-01,NEE,sell_put,0.9076,1,1,-0.8243,0.0833,0.000833,False
2018-09-01,NFLX,sell_put,2.0422,1,1,1.7542,2.0422,0.020422,False
2018-09-01,NKE,sell_put,1.617,1,1,3.3195,1.617,0.01617,False
2018-09-01,NVDA,sell_put,2.4782,1,1,0.1759,2.4782,0.024782,False
2018-09-01,ORCL,sell_put,1.6585,1,1,6.1342,1.6585,0.016585,False
2018-09-01,PEP,skip,0.0,0,0,-0.1875,0.0,0.0,False
2018-09-01,PFE,sell_put,1.2918,1,1,7.0454,1.2918,0.012918,False
2018-09-01,PG,sell_put,0.9649,1,1,0.3375,0.9649,0.009649,False
2018-09-01,PM,skip,0.0,0,0,4.6861,0.0,0.0,False
2018-09-01,PYPL,sell_put,1.2259,1,1,-4.863,-3.6371,-0.036371,False
2018-09-01,QCOM,sell_put,1.9622,1,1,4.8319,1.9622,0.019622,False
2018-09-01,SBUX,sell_put,0.9076,1,1,7.0827,0.9076,0.009076,False
2018-09-01,SCHW,skip,0.0,0,0,-2.9792,0.0,0.0,False
2018-09-01,SO,skip,0.0,0,0,0.8629,0.0,0.0,False
2018-09-01,SPGI,sell_put,1.2515,1,1,-5.3983,-4.1468,-0.041468,False
2018-09-01,SYK,sell_put,1.1304,1,1,4.8693,1.1304,0.011304,False
2018-09-01,T,sell_put,1.425,1,1,5.1346,1.425,0.01425,False
2018-09-01,TJX,sell_put,1.1249,1,1,2.259,1.1249,0.011249,False
2018-09-01,TMO,sell_put,1.3097,1,1,2.0828,1.3097,0.013097,False
2018-09-01,TMUS,sell_put,1.425,1,1,6.2689,1.425,0.01425,False
2018-09-01,TXN,sell_put,1.9183,1,1,-4.5462,-2.628,-0.02628,False
2018-09-01,UNH,sell_put,1.3664,1,1,-0.9014,0.465,0.00465,False
2018-09-01,UNP,sell_put,1.4941,1,1,8.683,1.4941,0.014941,False
2018-09-01,USB,sell_put,1.2515,1,1,-2.4025,-1.151,-0.01151,False
2018-09-01,V,sell_put,1.172,1,1,2.3321,1.172,0.01172,False
2018-09-01,VZ,sell_put,1.425,1,1,-1.8025,-0.3774,-0.003774,False
2018-09-01,WFC,sell_put,1.6006,1,1,-9.4654,-7.8648,-0.078648,False
2018-09-01,WMT,sell_put,1.1249,1,1,-1.4652,-0.3404,-0.003404,False
2018-09-01,XOM,skip,0.0,0,0,7.1435,0.0,0.0,False
2018-10-01,AAPL,skip,0.0,0,0,-3.0478,0.0,0.0,False
2018-10-01,ABBV,skip,0.0,0,0,-17.6887,0.0,0.0,False
2018-10-01,ABT,sell_put,1.98,1,1,-6.0251,-4.0451,-0.040451,False
2018-10-01,ADBE,sell_put,3.0847,1,1,-8.9609,-5.8762,-0.058762,False
2018-10-01,ADP,sell_put,2.4208,1,1,-3.9168,-1.4961,-0.014961,False
2018-10-01,AMAT,skip,0.0,0,0,-14.9288,0.0,0.0,False
2018-10-01,AMGN,sell_put,2.2628,1,1,-6.9951,-4.7322,-0.047322,False
2018-10-01,AMT,skip,0.0,0,0,7.8251,0.0,0.0,False
2018-10-01,AMZN,skip,0.0,0,0,-20.2192,0.0,0.0,False
2018-10-01,AVGO,sell_put,3.3602,1,1,-8.7391,-5.379,-0.05379,False
2018-10-01,AXP,sell_put,2.1473,1,1,-3.5308,-1.3835,-0.013835,False
2018-10-01,BA,sell_put,2.4152,1,1,-4.5819,-2.1666,-0.021666,False
2018-10-01,BAC,skip,0.0,0,0,-6.2018,0.0,0.0,False
2018-10-01,BDX,skip,0.0,0,0,-11.4279,0.0,0.0,False
2018-10-01,BKNG,sell_put,2.4152,1,1,-5.5151,-3.0999,-0.030999,False
2018-10-01,BLK,skip,0.0,0,0,-12.1358,0.0,0.0,False
2018-10-01,BMY,sell_put,2.2628,1,1,-18.5889,-16.3261,-0.163261,False
2018-10-01,BRK-B,sell_put,1.4564,1,1,-4.124,-2.6677,-0.026677,False
2018-10-01,C,sell_put,2.4152,1,1,-8.7538,-6.3386,-0.063386,False
2018-10-01,CAT,sell_put,2.6171,1,1,-20.4407,-17.8236,-0.178236,False
2018-10-01,CHTR,sell_put,2.4962,1,1,-1.6908,0.8054,0.008054,False
2018-10-01,CL,sell_put,1.6901,1,1,-11.053,-9.3629,-0.093629,False
2018-10-01,CMCSA,skip,0.0,0,0,7.7097,0.0,0.0,False
2018-10-01,CME,skip,0.0,0,0,8.0914,0.0,0.0,False
2018-10-01,COST,sell_put,2.0759,1,1,-2.661,-0.5851,-0.005851,False
2018-10-01,CRM,sell_put,3.1349,1,1,-13.7018,-10.5669,-0.105669,False
2018-10-01,CSCO,sell_put,2.4208,1,1,-5.961,-3.5402,-0.035402,False
2018-10-01,CSX,sell_put,2.4152,1,1,-7.0088,-4.5935,-0.045935,False
2018-10-01,CVS,sell_put,2.3934,1,1,-8.0412,-5.6477,-0.056477,False
2018-10-01,CVX,sell_put,2.4133,1,1,-8.6932,-6.2799,-0.062799,False
2018-10-01,DHR,sell_put,1.98,1,1,-8.3874,-6.4074,-0.064074,False
2018-10-01,DIS,sell_put,2.6306,1,1,-1.8044,0.8263,0.008263,False
2018-10-01,DUK,skip,0.0,0,0,3.2617,0.0,0.0,False
2018-10-01,ELV,sell_put,2.3934,1,1,0.8338,2.3934,0.023934,False
2018-10-01,EOG,sell_put,2.6171,1,1,-17.4257,-14.8086,-0.148086,False
2018-10-01,EQIX,skip,0.0,0,0,-12.5089,0.0,0.0,False
2018-10-01,FDX,skip,0.0,0,0,-8.2506,0.0,0.0,False
2018-10-01,GE,skip,0.0,0,0,-9.6876,0.0,0.0,False
2018-10-01,GILD,sell_put,2.2628,1,1,-11.0096,-8.7468,-0.087468,False
2018-10-01,GM,skip,0.0,0,0,9.8553,0.0,0.0,False
2018-10-01,GOOGL,skip,0.0,0,0,-9.6514,0.0,0.0,False
2018-10-01,GS,skip,0.0,0,0,0.5039,0.0,0.0,False
2018-10-01,HD,sell_put,2.2381,1,1,-15.0953,-12.8573,-0.128573,False
2018-10-01,HON,sell_put,2.4208,1,1,-9.1958,-6.775,-0.06775,False
2018-10-01,IBM,sell_put,2.4208,1,1,-23.6625,-21.2417,-0.212417,False
2018-10-01,ICE,skip,0.0,0,0,3.1879,0.0,0.0,False
2018-10-01,INTC,skip,0.0,0,0,-0.867,0.0,0.0,False
2018-10-01,ISRG,sell_put,1.98,1,1,-9.2021,-7.2221,-0.072221,False
2018-10-01,ITW,sell_put,2.4208,1,1,-8.9648,-6.5441,-0.065441,False
2018-10-01,JNJ,sell_put,1.6545,1,1,1.3172,1.6545,0.016545,False
2018-10-01,JPM,skip,0.0,0,0,-3.3853,0.0,0.0,False
2018-10-01,KO,sell_put,1.5898,1,1,4.5406,1.5898,0.015898,False
2018-10-01,LLY,sell_put,2.8418,1,1,1.053,2.8418,0.028418,False
2018-10-01,LMT,sell_put,2.6171,1,1,-15.0624,-12.4453,-0.124453,False
2018-10-01,LOW,sell_put,2.2381,1,1,-17.0702,-14.8322,-0.148322,False
2018-10-01,MA,sell_put,2.1473,1,1,-11.2034,-9.0561,-0.090561,False
2018-10-01,MCD,sell_put,1.5898,1,1,5.7445,1.5898,0.015898,False
2018-10-01,MDLZ,sell_put,1.7985,1,1,-1.6901,0.1084,0.001084,False
2018-10-01,MDT,sell_put,1.98,1,1,-8.6917,-6.7117,-0.067117,False
2018-10-01,MET,sell_put,2.1923,1,1,-11.8365,-9.6442,-0.096442,False
2018-10-01,META,skip,0.0,0,0,-7.704,0.0,0.0,False
2018-10-01,MMM,sell_put,2.4208,1,1,-9.7053,-7.2845,-0.072845,False
2018-10-01,MO,sell_put,1.7985,1,1,9.2204,1.7985,0.017985,False
2018-10-01,MRK,sell_put,2.1892,1,1,4.4717,2.1892,0.021892,False
2018-10-01,MS,skip,0.0,0,0,-1.9541,0.0,0.0,False
2018-10-01,MSFT,sell_put,2.3323,1,1,-6.6101,-4.2778,-0.042778,False
2018-10-01,MU,skip,0.0,0,0,-16.604,0.0,0.0,False
2018-10-01,NEE,skip,0.0,0,0,2.9236,0.0,0.0,False
2018-10-01,NFLX,sell_put,3.5772,1,1,-19.3382,-15.7609,-0.157609,False
2018-10-01,NKE,sell_put,2.8324,1,1,-11.4259,-8.5935,-0.085935,False
2018-10-01,NVDA,sell_put,4.3409,1,1,-24.9769,-20.636,-0.20636,False
2018-10-01,ORCL,sell_put,2.9051,1,1,-5.2754,-2.3703,-0.023703,False
2018-10-01,PEP,skip,0.0,0,0,1.3502,0.0,0.0,False
2018-10-01,PFE,sell_put,2.2628,1,1,-2.2918,-0.029,-0.00029,False
2018-10-01,PG,sell_put,1.6901,1,1,6.5481,1.6901,0.016901,False
2018-10-01,PM,sell_put,1.7985,1,1,9.5384,1.7985,0.017985,False
2018-10-01,PYPL,skip,0.0,0,0,-4.1553,0.0,0.0,False
2018-10-01,QCOM,sell_put,3.4371,1,1,-11.8941,-8.4571,-0.084571,False
2018-10-01,SBUX,sell_put,1.5898,1,1,2.5158,1.5898,0.015898,False
2018-10-01,SCHW,skip,0.0,0,0,-5.9207,0.0,0.0,False
2018-10-01,SO,sell_put,1.5898,1,1,3.2798,1.5898,0.015898,False
2018-10-01,SPGI,skip,0.0,0,0,-6.6892,0.0,0.0,False
2018-10-01,SYK,sell_put,1.98,1,1,-8.4562,-6.4762,-0.064762,False
2018-10-01,T,sell_put,2.4962,1,1,-8.6361,-6.1399,-0.061399,False
2018-10-01,TJX,sell_put,1.9704,1,1,-1.9104,0.06,0.0006,False
2018-10-01,TMO,sell_put,2.2941,1,1,-4.2065,-1.9123,-0.019123,False
2018-10-01,TMUS,sell_put,2.4962,1,1,-2.3226,0.1736,0.001736,False
2018-10-01,TXN,skip,0.0,0,0,-13.4775,0.0,0.0,False
2018-10-01,UNH,skip,0.0,0,0,-1.4314,0.0,0.0,False
2018-10-01,UNP,sell_put,2.6171,1,1,-10.2009,-7.5837,-0.075837,False
2018-10-01,USB,skip,0.0,0,0,-0.3347,0.0,0.0,False
2018-10-01,V,sell_put,2.053,1,1,-8.1551,-6.1021,-0.061021,False
2018-10-01,VZ,skip,0.0,0,0,6.9301,0.0,0.0,False
2018-10-01,WFC,skip,0.0,0,0,1.2747,0.0,0.0,False
2018-10-01,WMT,skip,0.0,0,0,6.7831,0.0,0.0,False
2018-10-01,XOM,sell_put,2.6171,1,1,-6.2809,-3.6637,-0.036637,False
2018-11-01,AAPL,skip,0.0,0,0,-18.4044,0.0,0.0,True
2018-11-01,ABBV,skip,0.0,0,0,22.3872,0.0,0.0,True
2018-11-01,ABT,skip,0.0,0,0,7.8539,0.0,0.0,True
2018-11-01,ADBE,skip,0.0,0,0,2.0874,0.0,0.0,True
2018-11-01,ADP,skip,0.0,0,0,2.3182,0.0,0.0,True
2018-11-01,AMAT,skip,0.0,0,0,13.382,0.0,0.0,True
2018-11-01,AMGN,skip,0.0,0,0,8.0191,0.0,0.0,True
2018-11-01,AMT,sell_put,2.0604,18,18,5.5709,2.0604,0.370872,True
2018-11-01,AMZN,skip,0.0,0,0,5.7672,0.0,0.0,True
2018-11-01,AVGO,skip,0.0,0,0,6.2285,0.0,0.0,True
2018-11-01,AXP,skip,0.0,0,0,9.6809,0.0,0.0,True
2018-11-01,BA,skip,0.0,0,0,-2.2826,0.0,0.0,True
2018-11-01,BAC,skip,0.0,0,0,3.2728,0.0,0.0,True
2018-11-01,BDX,skip,0.0,0,0,9.6529,0.0,0.0,True
2018-11-01,BKNG,skip,0.0,0,0,0.9229,0.0,0.0,True
2018-11-01,BLK,skip,0.0,0,0,4.0324,0.0,0.0,True
2018-11-01,BMY,skip,0.0,0,0,6.4573,0.0,0.0,True
2018-11-01,BRK-B,skip,0.0,0,0,6.3133,0.0,0.0,True
2018-11-01,C,skip,0.0,0,0,-1.0235,0.0,0.0,True
2018-11-01,CAT,skip,0.0,0,0,12.5409,0.0,0.0,True
2018-11-01,CHTR,skip,0.0,0,0,2.7562,0.0,0.0,True
2018-11-01,CL,skip,0.0,0,0,7.3763,0.0,0.0,True
2018-11-01,CMCSA,sell_put,2.1246,18,18,2.8312,2.1246,0.382428,True
2018-11-01,CME,sell_put,1.866,18,18,3.7328,1.866,0.33588,True
2018-11-01,COST,skip,0.0,0,0,1.1591,0.0,0.0,True
2018-11-01,CRM,skip,0.0,0,0,4.0222,0.0,0.0,True
2018-11-01,CSCO,skip,0.0,0,0,5.3413,0.0,0.0,True
2018-11-01,CSX,skip,0.0,0,0,5.4749,0.0,0.0,True
2018-11-01,CVS,skip,0.0,0,0,11.5546,0.0,0.0,True
2018-11-01,CVX,skip,0.0,0,0,6.5294,0.0,0.0,True
2018-11-01,DHR,skip,0.0,0,0,10.2012,0.0,0.0,True
2018-11-01,DIS,skip,0.0,0,0,0.5748,0.0,0.0,True
2018-11-01,DUK,sell_put,1.3532,18,18,7.1887,1.3532,0.243576,True
2018-11-01,ELV,sell_put,2.0372,18,18,5.2618,2.0372,0.366696,True
2018-11-01,EOG,skip,0.0,0,0,-1.7507,0.0,0.0,True
2018-11-01,EQIX,skip,0.0,0,0,1.7267,0.0,0.0,True
2018-11-01,FDX,skip,0.0,0,0,3.9303,0.0,0.0,True
2018-11-01,GE,skip,0.0,0,0,-25.7425,0.0,0.0,True
2018-11-01,GILD,skip,0.0,0,0,5.5148,0.0,0.0,True
2018-11-01,GM,sell_put,2.2276,18,18,3.7169,2.2276,0.400968,True
2018-11-01,GOOGL,skip,0.0,0,0,1.7486,0.0,0.0,True
2018-11-01,GS,sell_put,1.866,18,18,-15.388,-13.5221,-2.433978,True
2018-11-01,HD,skip,0.0,0,0,2.5245,0.0,0.0,True
2018-11-01,HON,skip,0.0,0,0,1.3327,0.0,0.0,True
2018-11-01,IBM,skip,0.0,0,0,7.6583,0.0,0.0,True
2018-11-01,ICE,sell_put,2.0557,18,18,6.0747,2.0557,0.370026,True
2018-11-01,INTC,skip,0.0,0,0,5.1834,0.0,0.0,True
2018-11-01,ISRG,skip,0.0,0,0,1.8592,0.0,0.0,True
2018-11-01,ITW,skip,0.0,0,0,8.999,0.0,0.0,True
2018-11-01,JNJ,sell_put,1.4082,18,18,4.936,1.4082,0.253476,True
2018-11-01,JPM,skip,0.0,0,0,2.7047,0.0,0.0,True
2018-11-01,KO,sell_put,1.3532,18,18,5.2631,1.3532,0.243576,True
2018-11-01,LLY,sell_put,2.4188,18,18,9.4061,2.4188,0.435384,True
2018-11-01,LMT,skip,0.0,0,0,2.2392,0.0,0.0,True
2018-11-01,LOW,skip,0.0,0,0,-0.4068,0.0,0.0,True
2018-11-01,MA,skip,0.0,0,0,1.8378,0.0,0.0,True
2018-11-01,MCD,sell_put,1.3532,18,18,6.5631,1.3532,0.243576,True
2018-11-01,MDLZ,skip,0.0,0,0,7.1463,0.0,0.0,True
2018-11-01,MDT,skip,0.0,0,0,8.5838,0.0,0.0,True
2018-11-01,MET,skip,0.0,0,0,8.3515,0.0,0.0,True
2018-11-01,META,skip,0.0,0,0,-7.3654,0.0,0.0,True
2018-11-01,MMM,skip,0.0,0,0,9.282,0.0,0.0,True
2018-11-01,MO,sell_put,1.5308,18,18,-15.698,-14.1672,-2.550096,True
2018-11-01,MRK,sell_put,1.8633,18,18,7.7843,1.8633,0.335394,True
2018-11-01,MS,skip,0.0,0,0,-2.1133,0.0,0.0,True
2018-11-01,MSFT,skip,0.0,0,0,3.8199,0.0,0.0,True
2018-11-01,MU,skip,0.0,0,0,2.2269,0.0,0.0,True
2018-11-01,NEE,sell_put,1.3532,18,18,5.3391,1.3532,0.243576,True
2018-11-01,NFLX,skip,0.0,0,0,-5.1859,0.0,0.0,True
2018-11-01,NKE,skip,0.0,0,0,0.1066,0.0,0.0,True
2018-11-01,NVDA,skip,0.0,0,0,-22.4826,0.0,0.0,True
2018-11-01,ORCL,skip,0.0,0,0,0.2382,0.0,0.0,True
2018-11-01,PEP,sell_put,1.5308,18,18,8.5069,1.5308,0.275544,True
2018-11-01,PFE,skip,0.0,0,0,7.3618,0.0,0.0,True
2018-11-01,PG,sell_put,1.4385,18,18,7.5159,1.4385,0.25893,True
2018-11-01,PM,sell_put,1.5308,18,18,-1.7486,-0.2178,-0.039204,True
2018-11-01,PYPL,skip,0.0,0,0,1.9242,0.0,0.0,True
2018-11-01,QCOM,skip,0.0,0,0,-7.3621,0.0,0.0,True
2018-11-01,SBUX,sell_put,1.3532,18,18,14.5014,1.3532,0.243576,True
2018-11-01,SCHW,skip,0.0,0,0,-3.1142,0.0,0.0,True
2018-11-01,SO,sell_put,1.3532,18,18,5.1077,1.3532,0.243576,True
2018-11-01,SPGI,skip,0.0,0,0,0.2962,0.0,0.0,True
2018-11-01,SYK,skip,0.0,0,0,8.1617,0.0,0.0,True
2018-11-01,T,skip,0.0,0,0,3.8406,0.0,0.0,True
2018-11-01,TJX,skip,0.0,0,0,-11.0848,0.0,0.0,True
2018-11-01,TMO,skip,0.0,0,0,6.8051,0.0,0.0,True
2018-11-01,TMUS,skip,0.0,0,0,-0.1459,0.0,0.0,True
2018-11-01,TXN,skip,0.0,0,0,8.4885,0.0,0.0,True
2018-11-01,UNH,skip,0.0,0,0,7.6564,0.0,0.0,True
2018-11-01,UNP,skip,0.0,0,0,5.1703,0.0,0.0,True
2018-11-01,USB,skip,0.0,0,0,4.1898,0.0,0.0,True
2018-11-01,V,skip,0.0,0,0,2.8002,0.0,0.0,True
2018-11-01,VZ,sell_put,2.1246,18,18,6.7931,2.1246,0.382428,True
2018-11-01,WFC,sell_put,2.3863,18,18,1.9726,2.3863,0.429534,True
2018-11-01,WMT,sell_put,1.6771,18,18,-2.6227,-0.9456,-0.170208,True
2018-11-01,XOM,skip,0.0,0,0,-0.2259,0.0,0.0,True
2018-12-01,AAPL,skip,0.0,0,0,-11.3616,0.0,0.0,True
2018-12-01,ABBV,sell_put,2.7094,4,4,-2.2065,0.503,0.02012,True
2018-12-01,ABT,sell_put,2.3708,4,4,-2.3227,0.0481,0.001924,True
2018-12-01,ADBE,sell_put,3.6935,4,4,-9.825,-6.1315,-0.24526,True
2018-12-01,ADP,sell_put,2.8985,4,4,-11.0568,-8.1583,-0.326332,True
2018-12-01,AMAT,sell_put,4.0233,4,4,-11.6843,-7.661,-0.30644,True
2018-12-01,AMGN,sell_put,2.7094,4,4,-5.8683,-3.1589,-0.126356,True
2018-12-01,AMT,sell_put,2.8985,4,4,-3.83,-0.9315,-0.03726,True
2018-12-01,AMZN,sell_put,3.6886,4,4,-11.135,-7.4463,-0.297852,True
2018-12-01,AVGO,sell_put,4.0233,4,4,7.1058,4.0233,0.160932,True
2018-12-01,AXP,sell_put,2.5711,4,4,-15.0975,-12.5264,-0.501056,True
2018-12-01,BA,skip,0.0,0,0,-6.5667,0.0,0.0,True
2018-12-01,BAC,sell_put,3.0895,4,4,-13.2395,-10.1499,-0.405996,True
2018-12-01,BDX,sell_put,2.3708,4,4,-10.8526,-8.4818,-0.339272,True
2018-12-01,BKNG,sell_put,2.8919,4,4,-8.9572,-6.0653,-0.242612,True
2018-12-01,BLK,sell_put,2.6249,4,4,-8.2218,-5.5968,-0.223872,True
2018-12-01,BMY,sell_put,2.7094,4,4,-2.7684,-0.059,-0.00236,True
2018-12-01,BRK-B,sell_put,1.7438,4,4,-6.4425,-4.6986,-0.187944,True
2018-12-01,C,skip,0.0,0,0,-19.0951,0.0,0.0,True
2018-12-01,CAT,sell_put,3.1336,4,4,-6.3389,-3.2053,-0.128212,True
2018-12-01,CHTR,sell_put,2.9888,4,4,-13.4356,-10.4468,-0.417872,True
2018-12-01,CL,sell_put,2.0237,4,4,-6.2972,-4.2736,-0.170944,True
2018-12-01,CMCSA,sell_put,2.9888,4,4,-12.7147,-9.7259,-0.389036,True
2018-12-01,CME,sell_put,2.6249,4,4,-1.0312,1.5938,0.063752,True
2018-12-01,COST,sell_put,2.4856,4,4,-11.7112,-9.2257,-0.369028,True
2018-12-01,CRM,sell_put,3.7536,4,4,-4.0558,-0.3021,-0.012084,True
2018-12-01,CSCO,sell_put,2.8985,4,4,-9.484,-6.5855,-0.26342,True
2018-12-01,CSX,sell_put,2.8919,4,4,-14.1973,-11.3054,-0.452216,True
2018-12-01,CVS,sell_put,2.8658,4,4,-18.3043,-15.4385,-0.61754,True
2018-12-01,CVX,sell_put,2.8895,4,4,-7.6398,-4.7503,-0.190012,True
2018-12-01,DHR,sell_put,2.3708,4,4,-5.8609,-3.4901,-0.139604,True
2018-12-01,DIS,sell_put,3.1498,4,4,-5.0567,-1.9069,-0.076276,True
2018-12-01,DUK,sell_put,1.9036,4,4,-1.5053,0.3983,0.015932,True
2018-12-01,ELV,sell_put,2.8658,4,4,-9.4598,-6.594,-0.26376,True
2018-12-01,EOG,skip,0.0,0,0,-15.5842,0.0,0.0,True
2018-12-01,EQIX,sell_put,2.8985,4,4,-7.9536,-5.0551,-0.202204,True
2018-12-01,FDX,sell_put,2.8985,4,4,-29.5502,-26.6517,-1.066068,True
2018-12-01,GE,skip,0.0,0,0,0.9333,0.0,0.0,True
2018-12-01,GILD,sell_put,2.7094,4,4,-13.0525,-10.3431,-0.413724,True
2018-12-01,GM,sell_put,3.1336,4,4,-11.8577,-8.7241,-0.348964,True
2018-12-01,GOOGL,sell_put,3.3603,4,4,-5.8298,-2.4695,-0.09878,True
2018-12-01,GS,skip,0.0,0,0,-12.0423,0.0,0.0,True
2018-12-01,HD,sell_put,2.6798,4,4,-4.1439,-1.4641,-0.058564,True
2018-12-01,HON,sell_put,2.8985,4,4,-9.4661,-6.5676,-0.262704,True
2018-12-01,IBM,sell_put,2.8985,4,4,-7.3648,-4.4663,-0.178652,True
2018-12-01,ICE,sell_put,2.8919,4,4,-7.8194,-4.9275,-0.1971,True
2018-12-01,INTC,sell_put,4.0233,4,4,-4.2276,-0.2043,-0.008172,True
2018-12-01,ISRG,sell_put,2.3708,4,4,-9.7858,-7.415,-0.2966,True
2018-12-01,ITW,sell_put,2.8985,4,4,-8.8889,-5.9903,-0.239612,True
2018-12-01,JNJ,sell_put,1.981,4,4,-11.5917,-9.6107,-0.384428,True
2018-12-01,JPM,sell_put,2.6249,4,4,-12.2043,-9.5794,-0.383176,True
2018-12-01,KO,sell_put,1.9036,4,4,-5.3087,-3.4051,-0.136204,True
2018-12-01,LLY,sell_put,3.4027,4,4,-1.9702,1.4325,0.0573,True
2018-12-01,LMT,sell_put,3.1336,4,4,-12.2062,-9.0726,-0.362904,True
2018-12-01,LOW,skip,0.0,0,0,-2.1299,0.0,0.0,True
2018-12-01,MA,sell_put,2.5711,4,4,-6.177,-3.6058,-0.144232,True
2018-12-01,MCD,sell_put,1.9036,4,4,-5.2225,-3.3189,-0.132756,True
2018-12-01,MDLZ,sell_put,2.1535,4,4,-11.0049,-8.8514,-0.354056,True
2018-12-01,MDT,sell_put,2.3708,4,4,-6.7364,-4.3656,-0.174624,True
2018-12-01,MET,sell_put,2.6249,4,4,-7.1042,-4.4793,-0.179172,True
2018-12-01,META,skip,0.0,0,0,-6.7705,0.0,0.0,True
2018-12-01,MMM,sell_put,2.8985,4,4,-7.7332,-4.8347,-0.193388,True
2018-12-01,MO,skip,0.0,0,0,-9.9216,0.0,0.0,True
2018-12-01,MRK,sell_put,2.6212,4,4,-3.6929,-1.0717,-0.042868,True
2018-12-01,MS,skip,0.0,0,0,-10.6781,0.0,0.0,True
2018-12-01,MSFT,sell_put,2.7926,4,4,-8.009,-5.2164,-0.208656,True
2018-12-01,MU,sell_put,5.1976,4,4,-17.7126,-12.515,-0.5006,True
2018-12-01,NEE,sell_put,1.9036,4,4,-3.742,-1.8384,-0.073536,True
2018-12-01,NFLX,skip,0.0,0,0,-6.4551,0.0,0.0,True
2018-12-01,NKE,sell_put,3.3914,4,4,-1.0116,2.3798,0.095192,True
2018-12-01,NVDA,skip,0.0,0,0,-18.2319,0.0,0.0,True
2018-12-01,ORCL,sell_put,3.4784,4,4,-7.4036,-3.9252,-0.157008,True
2018-12-01,PEP,sell_put,2.1535,4,4,-9.3981,-7.2446,-0.289784,True
2018-12-01,PFE,sell_put,2.7094,4,4,-4.8522,-2.1427,-0.085708,True
2018-12-01,PG,sell_put,2.0237,4,4,-2.7404,-0.7168,-0.028672,True
2018-12-01,PM,skip,0.0,0,0,-22.8476,0.0,0.0,True
2018-12-01,PYPL,sell_put,2.5711,4,4,-2.0044,0.5667,0.022668,True
2018-12-01,QCOM,skip,0.0,0,0,-2.3172,0.0,0.0,True
2018-12-01,SBUX,sell_put,1.9036,4,4,-2.959,-1.0554,-0.042216,True
2018-12-01,SCHW,skip,0.0,0,0,-7.0504,0.0,0.0,True
2018-12-01,SO,sell_put,1.9036,4,4,-6.0094,-4.1058,-0.164232,True
2018-12-01,SPGI,sell_put,2.6249,4,4,-6.8028,-4.1779,-0.167116,True
2018-12-01,SYK,sell_put,2.3708,4,4,-10.6634,-8.2926,-0.331704,True
2018-12-01,T,sell_put,2.9888,4,4,-8.6427,-5.6539,-0.226156,True
2018-12-01,TJX,skip,0.0,0,0,-8.08,0.0,0.0,True
2018-12-01,TMO,sell_put,2.7469,4,4,-10.3226,-7.5757,-0.303028,True
2018-12-01,TMUS,skip,0.0,0,0,-7.0709,0.0,0.0,True
2018-12-01,TXN,sell_put,4.0233,4,4,-5.358,-1.3347,-0.053388,True
2018-12-01,UNH,sell_put,2.8658,4,4,-11.1757,-8.3099,-0.332396,True
2018-12-01,UNP,sell_put,3.1336,4,4,-9.6362,-6.5026,-0.260104,True
2018-12-01,USB,sell_put,2.6249,4,4,-16.0853,-13.4603,-0.538412,True
2018-12-01,V,sell_put,2.4582,4,4,-6.7272,-4.269,-0.17076,True
2018-12-01,VZ,sell_put,2.9888,4,4,-6.7662,-3.7773,-0.151092,True
2018-12-01,WFC,sell_put,3.357,4,4,-14.42,-11.0631,-0.442524,True
2018-12-01,WMT,skip,0.0,0,0,-4.6083,0.0,0.0,True
2018-12-01,XOM,skip,0.0,0,0,-13.3569,0.0,0.0,True
2019-01-01,AAPL,skip,0.0,0,0,5.5154,0.0,0.0,True
2019-01-01,ABBV,skip,0.0,0,0,-12.9081,0.0,0.0,True
2019-01-01,ABT,skip,0.0,0,0,0.8987,0.0,0.0,True
2019-01-01,ADBE,skip,0.0,0,0,9.5385,0.0,0.0,True
2019-01-01,ADP,skip,0.0,0,0,7.2575,0.0,0.0,True
2019-01-01,AMAT,skip,0.0,0,0,19.3647,0.0,0.0,True
2019-01-01,AMGN,skip,0.0,0,0,-3.8835,0.0,0.0,True
2019-01-01,AMT,skip,0.0,0,0,9.8619,0.0,0.0,True
2019-01-01,AMZN,skip,0.0,0,0,14.4317,0.0,0.0,True
2019-01-01,AVGO,sell_put,2.6226,818,818,6.6056,2.6226,21.452868,True
2019-01-01,AXP,skip,0.0,0,0,7.7423,0.0,0.0,True
2019-01-01,BA,skip,0.0,0,0,19.5721,0.0,0.0,True
2019-01-01,BAC,skip,0.0,0,0,16.1896,0.0,0.0,True
2019-01-01,BDX,skip,0.0,0,0,11.0682,0.0,0.0,True
2019-01-01,BKNG,skip,0.0,0,0,6.409,0.0,0.0,True
2019-01-01,BLK,skip,0.0,0,0,6.4821,0.0,0.0,True
2019-01-01,BMY,skip,0.0,0,0,-5.0212,0.0,0.0,True
2019-01-01,BRK-B,skip,0.0,0,0,0.6661,0.0,0.0,True
2019-01-01,C,skip,0.0,0,0,23.8187,0.0,0.0,True
2019-01-01,CAT,skip,0.0,0,0,4.7926,0.0,0.0,True
2019-01-01,CHTR,skip,0.0,0,0,16.1701,0.0,0.0,True
2019-01-01,CL,skip,0.0,0,0,8.6693,0.0,0.0,True
2019-01-01,CME,skip,0.0,0,0,-1.8017,0.0,0.0,True
2019-01-01,COST,skip,0.0,0,0,5.3606,0.0,0.0,True
2019-01-01,CRM,skip,0.0,0,0,10.9513,0.0,0.0,True
2019-01-01,CSCO,skip,0.0,0,0,9.1392,0.0,0.0,True
2019-01-01,CSX,skip,0.0,0,0,5.746,0.0,0.0,True
2019-01-01,CVS,skip,0.0,0,0,0.0458,0.0,0.0,True
2019-01-01,CVX,skip,0.0,0,0,5.3865,0.0,0.0,True
2019-01-01,DHR,skip,0.0,0,0,7.7364,0.0,0.0,True
2019-01-01,DIS,skip,0.0,0,0,2.4943,0.0,0.0,True
2019-01-01,DUK,skip,0.0,0,0,1.715,0.0,0.0,True
2019-01-01,EL,skip,0.0,0,0,4.8578,0.0,0.0,True
2019-01-01,ELV,skip,0.0,0,0,15.6642,0.0,0.0,True
2019-01-01,EOG,skip,0.0,0,0,13.7484,0.0,0.0,True
2019-01-01,FDX,skip,0.0,0,0,10.4,0.0,0.0,True
2019-01-01,GE,sell_put,2.0427,818,818,34.3986,2.0427,16.709286,True
2019-01-01,GILD,skip,0.0,0,0,12.8706,0.0,0.0,True
2019-01-01,GM,skip,0.0,0,0,17.8783,0.0,0.0,True
2019-01-01,GOOGL,skip,0.0,0,0,7.7448,0.0,0.0,True
2019-01-01,GS,skip,0.0,0,0,18.5334,0.0,0.0,True
2019-01-01,HD,skip,0.0,0,0,6.8153,0.0,0.0,True
2019-01-01,HON,skip,0.0,0,0,8.7118,0.0,0.0,True
2019-01-01,IBM,skip,0.0,0,0,18.2546,0.0,0.0,True
2019-01-01,ICE,skip,0.0,0,0,2.2128,0.0,0.0,True
2019-01-01,INTC,skip,0.0,0,0,0.4048,0.0,0.0,True
2019-01-01,INTU,skip,0.0,0,0,9.6368,0.0,0.0,True
2019-01-01,ISRG,skip,0.0,0,0,9.3377,0.0,0.0,True
2019-01-01,ITW,skip,0.0,0,0,9.2502,0.0,0.0,True
2019-01-01,JNJ,skip,0.0,0,0,3.1228,0.0,0.0,True
2019-01-01,JPM,skip,0.0,0,0,6.0234,0.0,0.0,True
2019-01-01,KO,skip,0.0,0,0,1.6473,0.0,0.0,True
2019-01-01,LLY,skip,0.0,0,0,3.5776,0.0,0.0,True
2019-01-01,LMT,skip,0.0,0,0,10.6363,0.0,0.0,True
2019-01-01,LOW,skip,0.0,0,0,4.1143,0.0,0.0,True
2019-01-01,MA,skip,0.0,0,0,11.9163,0.0,0.0,True
2019-01-01,MCD,skip,0.0,0,0,0.6814,0.0,0.0,True
2019-01-01,MDLZ,skip,0.0,0,0,16.315,0.0,0.0,True
2019-01-01,MDT,skip,0.0,0,0,-2.2743,0.0,0.0,True
2019-01-01,META,skip,0.0,0,0,27.1569,0.0,0.0,True
2019-01-01,MMM,skip,0.0,0,0,5.1223,0.0,0.0,True
2019-01-01,MO,skip,0.0,0,0,1.5744,0.0,0.0,True
2019-01-01,MRK,skip,0.0,0,0,-1.9085,0.0,0.0,True
2019-01-01,MS,skip,0.0,0,0,6.6834,0.0,0.0,True
2019-01-01,MSFT,skip,0.0,0,0,2.8158,0.0,0.0,True
2019-01-01,MU,skip,0.0,0,0,20.4538,0.0,0.0,True
2019-01-01,NEE,skip,0.0,0,0,2.9686,0.0,0.0,True
2019-01-01,NFLX,skip,0.0,0,0,26.84,0.0,0.0,True
2019-01-01,NKE,skip,0.0,0,0,10.4397,0.0,0.0,True
2019-01-01,NVDA,skip,0.0,0,0,7.6779,0.0,0.0,True
2019-01-01,ORCL,skip,0.0,0,0,11.2513,0.0,0.0,True
2019-01-01,PEP,skip,0.0,0,0,2.792,0.0,0.0,True
2019-01-01,PFE,skip,0.0,0,0,-2.7492,0.0,0.0,True
2019-01-01,PG,skip,0.0,0,0,4.95,0.0,0.0,True
2019-01-01,PM,skip,0.0,0,0,16.6888,0.0,0.0,True
2019-01-01,PYPL,skip,0.0,0,0,5.5536,0.0,0.0,True
2019-01-01,QCOM,skip,0.0,0,0,-12.0408,0.0,0.0,True
2019-01-01,SBUX,skip,0.0,0,0,5.8075,0.0,0.0,True
2019-01-01,SCHW,skip,0.0,0,0,12.6174,0.0,0.0,True
2019-01-01,SO,skip,0.0,0,0,10.6557,0.0,0.0,True
2019-01-01,SPGI,skip,0.0,0,0,12.7751,0.0,0.0,True
2019-01-01,SYK,skip,0.0,0,0,13.6646,0.0,0.0,True
2019-01-01,T,skip,0.0,0,0,5.3258,0.0,0.0,True
2019-01-01,TJX,skip,0.0,0,0,11.1533,0.0,0.0,True
2019-01-01,TMO,skip,0.0,0,0,9.8543,0.0,0.0,True
2019-01-01,TMUS,skip,0.0,0,0,9.4482,0.0,0.0,True
2019-01-01,TXN,skip,0.0,0,0,6.5397,0.0,0.0,True
2019-01-01,UNH,skip,0.0,0,0,8.4618,0.0,0.0,True
2019-01-01,UNP,skip,0.0,0,0,15.0763,0.0,0.0,True
2019-01-01,USB,skip,0.0,0,0,12.8623,0.0,0.0,True
2019-01-01,V,skip,0.0,0,0,2.3268,0.0,0.0,True
2019-01-01,VRTX,skip,0.0,0,0,15.2073,0.0,0.0,True
2019-01-01,VZ,skip,0.0,0,0,-2.0633,0.0,0.0,True
2019-01-01,WFC,skip,0.0,0,0,6.1415,0.0,0.0,True
2019-01-01,WMT,skip,0.0,0,0,3.4385,0.0,0.0,True
2019-01-01,XOM,skip,0.0,0,0,7.4644,0.0,0.0,True
2019-01-01,ZTS,skip,0.0,0,0,0.7248,0.0,0.0,True
2019-02-01,AAPL,sell_put,1.763,1,1,4.0315,1.763,0.01763,False
2019-02-01,ABBV,skip,0.0,0,0,-0.0973,0.0,0.0,False
2019-02-01,ABT,sell_put,1.3785,1,1,6.8511,1.3785,0.013785,False
2019-02-01,ADBE,sell_put,2.1475,1,1,5.9237,2.1475,0.021475,False
2019-02-01,ADP,sell_put,1.6853,1,1,9.4322,1.6853,0.016853,False
2019-02-01,AMAT,sell_put,2.3393,1,1,-1.8935,0.4458,0.004458,False
2019-02-01,AMGN,skip,0.0,0,0,1.5873,0.0,0.0,False
2019-02-01,AMT,sell_put,1.6853,1,1,1.915,1.6853,0.016853,False
2019-02-01,AMZN,sell_put,2.1447,1,1,-4.5906,-2.4459,-0.024459,False
2019-02-01,AVGO,sell_put,2.3393,1,1,2.6505,2.3393,0.023393,False
2019-02-01,AXP,sell_put,1.4949,1,1,5.3369,1.4949,0.014949,False
2019-02-01,BA,sell_put,1.6815,1,1,14.0916,1.6815,0.016815,False
2019-02-01,BAC,sell_put,1.7964,1,1,2.1426,1.7964,0.017964,False
2019-02-01,BDX,sell_put,1.3785,1,1,-0.2686,1.1099,0.011099,False
2019-02-01,BKNG,sell_put,1.6815,1,1,-7.4077,-5.7263,-0.057263,False
2019-02-01,BLK,sell_put,1.5262,1,1,6.7794,1.5262,0.015262,False
2019-02-01,BMY,skip,0.0,0,0,5.4632,0.0,0.0,False
2019-02-01,BRK-B,sell_put,1.0139,1,1,-2.0629,-1.0489,-0.010489,False
2019-02-01,C,sell_put,1.6815,1,1,-0.7447,0.9368,0.009368,False
2019-02-01,CAT,sell_put,1.822,1,1,3.8026,1.822,0.01822,False
2019-02-01,CHTR,sell_put,1.7378,1,1,4.1867,1.7378,0.017378,False
2019-02-01,CL,sell_put,1.1766,1,1,2.5274,1.1766,0.011766,False
2019-02-01,CME,skip,0.0,0,0,-0.203,0.0,0.0,False
2019-02-01,COST,sell_put,1.4452,1,1,1.9149,1.4452,0.014452,False
2019-02-01,CRM,sell_put,2.1825,1,1,7.6857,2.1825,0.021825,False
2019-02-01,CSCO,sell_put,1.6853,1,1,10.3211,1.6853,0.016853,False
2019-02-01,CSX,sell_put,1.6815,1,1,10.6088,1.6815,0.016815,False
2019-02-01,CVS,sell_put,1.6663,1,1,-11.105,-9.4387,-0.094387,False
2019-02-01,CVX,sell_put,1.6801,1,1,4.3,1.6801,0.016801,False
2019-02-01,DHR,sell_put,1.3785,1,1,14.515,1.3785,0.013785,False
2019-02-01,DIS,sell_put,1.8314,1,1,1.1836,1.8314,0.018314,False
2019-02-01,DUK,sell_put,1.1068,1,1,2.1417,1.1068,0.011068,False
2019-02-01,EL,sell_put,1.6815,1,1,15.0418,1.6815,0.016815,False
2019-02-01,ELV,sell_put,1.6663,1,1,-0.7492,0.9171,0.009171,False
2019-02-01,EOG,sell_put,1.822,1,1,-5.03,-3.208,-0.03208,False
2019-02-01,FDX,sell_put,1.6853,1,1,1.9316,1.6853,0.016853,False
2019-02-01,GE,sell_put,1.822,1,1,6.3544,1.822,0.01822,False
2019-02-01,GILD,sell_put,1.5754,1,1,-7.1275,-5.5522,-0.055522,False
2019-02-01,GM,sell_put,1.822,1,1,1.1789,1.822,0.01822,False
2019-02-01,GOOGL,sell_put,1.9538,1,1,0.0586,1.9538,0.019538,False
2019-02-01,GS,sell_put,1.5262,1,1,-0.6616,0.8646,0.008646,False
2019-02-01,HD,sell_put,1.5581,1,1,0.8773,1.5581,0.015581,False
2019-02-01,HON,sell_put,1.6853,1,1,7.2687,1.6853,0.016853,False
2019-02-01,IBM,sell_put,1.6853,1,1,2.76,1.6853,0.016853,False
2019-02-01,ICE,sell_put,1.6815,1,1,0.5081,1.6815,0.016815,False
2019-02-01,INTC,sell_put,2.3393,1,1,12.3939,2.3393,0.023393,False
2019-02-01,INTU,sell_put,1.9935,1,1,14.7722,1.9935,0.019935,False
2019-02-01,ISRG,sell_put,1.3785,1,1,4.5776,1.3785,0.013785,False
2019-02-01,ITW,sell_put,1.6853,1,1,4.9304,1.6853,0.016853,False
2019-02-01,JNJ,sell_put,1.1518,1,1,2.6751,1.1518,0.011518,False
2019-02-01,JPM,sell_put,1.5262,1,1,1.6498,1.5262,0.015262,False
2019-02-01,KO,sell_put,1.1068,1,1,-5.7968,-4.69,-0.0469,False
2019-02-01,LLY,sell_put,1.9784,1,1,5.3646,1.9784,0.019784,False
2019-02-01,LMT,sell_put,1.822,1,1,6.8073,1.822,0.01822,False
2019-02-01,LOW,sell_put,1.5581,1,1,9.8417,1.5581,0.015581,False
2019-02-01,MA,sell_put,1.4949,1,1,6.6445,1.4949,0.014949,False
2019-02-01,MCD,sell_put,1.1068,1,1,2.8303,1.1068,0.011068,False
2019-02-01,MDLZ,sell_put,1.2521,1,1,1.9455,1.2521,0.012521,False
2019-02-01,MDT,skip,0.0,0,0,2.3871,0.0,0.0,False
2019-02-01,META,sell_put,2.4315,1,1,-3.1436,-0.712,-0.00712,False
2019-02-01,MMM,sell_put,1.6853,1,1,3.5397,1.6853,0.016853,False
2019-02-01,MO,sell_put,1.2521,1,1,6.2006,1.2521,0.012521,False
2019-02-01,MRK,skip,0.0,0,0,9.2167,0.0,0.0,False
2019-02-01,MS,sell_put,1.5262,1,1,-0.0508,1.4754,0.014754,False
2019-02-01,MSFT,sell_put,1.6237,1,1,7.2776,1.6237,0.016237,False
2019-02-01,MU,sell_put,3.0221,1,1,6.9597,3.0221,0.030221,False
2019-02-01,NEE,sell_put,1.1068,1,1,4.8833,1.1068,0.011068,False
2019-02-01,NFLX,sell_put,2.4904,1,1,5.4786,2.4904,0.024904,False
2019-02-01,NKE,sell_put,1.9719,1,1,4.702,1.9719,0.019719,False
2019-02-01,NVDA,sell_put,3.0221,1,1,7.3113,3.0221,0.030221,False
2019-02-01,ORCL,sell_put,2.0225,1,1,4.1935,2.0225,0.020225,False
2019-02-01,PEP,sell_put,1.2521,1,1,2.636,1.2521,0.012521,False
2019-02-01,PFE,skip,0.0,0,0,3.0121,0.0,0.0,False
2019-02-01,PG,sell_put,1.1766,1,1,2.9641,1.1766,0.011766,False
2019-02-01,PM,sell_put,1.2521,1,1,13.3212,1.2521,0.012521,False
2019-02-01,PYPL,sell_put,1.4949,1,1,10.489,1.4949,0.014949,False
2019-02-01,QCOM,skip,0.0,0,0,7.815,0.0,0.0,False
2019-02-01,SBUX,sell_put,1.1068,1,1,3.1113,1.1068,0.011068,False
2019-02-01,SCHW,sell_put,1.5262,1,1,-1.625,-0.0988,-0.000988,False
2019-02-01,SO,sell_put,1.1068,1,1,2.2428,1.1068,0.011068,False
2019-02-01,SPGI,sell_put,1.5262,1,1,4.5499,1.5262,0.015262,False
2019-02-01,SYK,sell_put,1.3785,1,1,6.161,1.3785,0.013785,False
2019-02-01,T,sell_put,1.7378,1,1,5.8104,1.7378,0.017378,False
2019-02-01,TJX,sell_put,1.3717,1,1,3.137,1.3717,0.013717,False
2019-02-01,TMO,sell_put,1.5971,1,1,5.658,1.5971,0.015971,False
2019-02-01,TMUS,sell_put,1.7378,1,1,3.7202,1.7378,0.017378,False
2019-02-01,TXN,sell_put,2.3393,1,1,5.8699,2.3393,0.023393,False
2019-02-01,UNH,sell_put,1.6663,1,1,-10.3553,-8.689,-0.08689,False
2019-02-01,UNP,sell_put,1.822,1,1,5.4253,1.822,0.01822,False
2019-02-01,USB,sell_put,1.5262,1,1,1.036,1.5262,0.015262,False
2019-02-01,V,sell_put,1.4293,1,1,9.7104,1.4293,0.014293,False
2019-02-01,VRTX,sell_put,1.5754,1,1,-1.1314,0.4439,0.004439,False
2019-02-01,VZ,skip,0.0,0,0,4.4571,0.0,0.0,False
2019-02-01,WFC,sell_put,1.9518,1,1,2.9284,1.9518,0.019518,False
2019-02-01,WMT,sell_put,1.3717,1,1,3.2975,1.3717,0.013717,False
2019-02-01,XOM,sell_put,1.822,1,1,7.8467,1.822,0.01822,False
2019-02-01,ZTS,sell_put,1.5754,1,1,9.5823,1.5754,0.015754,False
2019-03-01,AAPL,sell_put,1.6354,1,1,10.1731,1.6354,0.016354,False
2019-03-01,ABBV,skip,0.0,0,0,1.7037,0.0,0.0,False
2019-03-01,ABT,sell_put,1.2787,1,1,2.9889,1.2787,0.012787,False
2019-03-01,ADBE,sell_put,1.992,1,1,1.52,1.992,0.01992,False
2019-03-01,ADP,sell_put,1.5633,1,1,4.3848,1.5633,0.015633,False
2019-03-01,AMAT,skip,0.0,0,0,3.972,0.0,0.0,False
2019-03-01,AMGN,sell_put,1.4613,1,1,0.7202,1.4613,0.014613,False
2019-03-01,AMT,sell_put,1.5633,1,1,11.8706,1.5633,0.015633,False
2019-03-01,AMZN,skip,0.0,0,0,8.5936,0.0,0.0,False
2019-03-01,AVGO,sell_put,2.1699,1,1,9.2061,2.1699,0.021699,False
2019-03-01,AXP,sell_put,1.3867,1,1,1.4479,1.3867,0.013867,False
2019-03-01,BA,sell_put,1.5597,1,1,-12.8702,-11.3105,-0.113105,False
2019-03-01,BAC,sell_put,1.6663,1,1,-4.6394,-2.9731,-0.029731,False
2019-03-01,BDX,skip,0.0,0,0,0.3779,0.0,0.0,False
2019-03-01,BKNG,skip,0.0,0,0,2.8208,0.0,0.0,False
2019-03-01,BLK,sell_put,1.4157,1,1,-3.5761,-2.1604,-0.021604,False
2019-03-01,BMY,sell_put,1.4613,1,1,-7.6461,-6.1848,-0.061848,False
2019-03-01,BRK-B,skip,0.0,0,0,-0.2037,0.0,0.0,False
2019-03-01,C,skip,0.0,0,0,-2.0672,0.0,0.0,False
2019-03-01,CAT,sell_put,1.6901,1,1,-1.347,0.3431,0.003431,False
2019-03-01,CHTR,sell_put,1.612,1,1,0.5799,1.612,0.01612,False
2019-03-01,CL,sell_put,1.0914,1,1,4.0534,1.0914,0.010914,False
2019-03-01,CME,skip,0.0,0,0,-9.5267,0.0,0.0,False
2019-03-01,COST,sell_put,1.3406,1,1,10.9966,1.3406,0.013406,False
2019-03-01,CRM,sell_put,2.0245,1,1,-3.2264,-1.2019,-0.012019,False
2019-03-01,CSCO,sell_put,1.5633,1,1,4.2882,1.5633,0.015633,False
2019-03-01,CSX,sell_put,1.5597,1,1,3.2993,1.5597,0.015597,False
2019-03-01,CVS,skip,0.0,0,0,-6.7439,0.0,0.0,False
2019-03-01,CVX,sell_put,1.5584,1,1,4.0461,1.5584,0.015584,False
2019-03-01,DHR,sell_put,1.2787,1,1,3.9364,1.2787,0.012787,False
2019-03-01,DIS,sell_put,1.6988,1,1,-1.6041,0.0948,0.000948,False
2019-03-01,DUK,sell_put,1.0267,1,1,1.4299,1.0267,0.010267,False
2019-03-01,EL,sell_put,1.5597,1,1,5.7769,1.5597,0.015597,False
2019-03-01,ELV,skip,0.0,0,0,-4.5722,0.0,0.0,False
2019-03-01,EOG,skip,0.0,0,0,1.2553,0.0,0.0,False
2019-03-01,FDX,sell_put,1.5633,1,1,0.2265,1.5633,0.015633,False
2019-03-01,GE,sell_put,1.6901,1,1,-3.8499,-2.1598,-0.021598,False
2019-03-01,GILD,skip,0.0,0,0,-0.0154,0.0,0.0,False
2019-03-01,GM,sell_put,1.6901,1,1,-6.0284,-4.3383,-0.043383,False
2019-03-01,GOOGL,sell_put,1.8123,1,1,4.4685,1.8123,0.018123,False
2019-03-01,GS,skip,0.0,0,0,-2.0003,0.0,0.0,False
2019-03-01,HD,sell_put,1.4453,1,1,3.6459,1.4453,0.014453,False
2019-03-01,HON,sell_put,1.5633,1,1,3.698,1.5633,0.015633,False
2019-03-01,IBM,sell_put,1.5633,1,1,3.3403,1.5633,0.015633,False
2019-03-01,ICE,sell_put,1.5597,1,1,-1.3091,0.2506,0.002506,False
2019-03-01,INTC,sell_put,2.1699,1,1,2.04,2.1699,0.021699,False
2019-03-01,INTU,sell_put,1.8492,1,1,5.7784,1.8492,0.018492,False
2019-03-01,ISRG,sell_put,1.2787,1,1,4.1946,1.2787,0.012787,False
2019-03-01,ITW,sell_put,1.5633,1,1,-0.3818,1.1815,0.011815,False
2019-03-01,JNJ,sell_put,1.0684,1,1,2.9838,1.0684,0.010684,False
2019-03-01,JPM,sell_put,1.4157,1,1,-2.9992,-1.5835,-0.015835,False
2019-03-01,KO,skip,0.0,0,0,3.3525,0.0,0.0,False
2019-03-01,LLY,sell_put,1.8352,1,1,3.3045,1.8352,0.018352,False
2019-03-01,LMT,sell_put,1.6901,1,1,-2.2907,-0.6006,-0.006006,False
2019-03-01,LOW,sell_put,1.4453,1,1,4.1679,1.4453,0.014453,False
2019-03-01,MA,sell_put,1.3867,1,1,4.7515,1.3867,0.013867,False
2019-03-01,MCD,sell_put,1.0267,1,1,3.954,1.0267,0.010267,False
2019-03-01,MDLZ,sell_put,1.1614,1,1,5.8524,1.1614,0.011614,False
2019-03-01,MDT,sell_put,1.2787,1,1,0.6409,1.2787,0.012787,False
2019-03-01,META,skip,0.0,0,0,3.2456,0.0,0.0,False
2019-03-01,MMM,sell_put,1.5633,1,1,0.8807,1.5633,0.015633,False
2019-03-01,MO,sell_put,1.1614,1,1,9.5783,1.1614,0.011614,False
2019-03-01,MRK,sell_put,1.4137,1,1,2.3127,1.4137,0.014137,False
2019-03-01,MS,skip,0.0,0,0,0.5241,0.0,0.0,False
2019-03-01,MSFT,sell_put,1.5061,1,1,5.725,1.5061,0.015061,False
2019-03-01,MU,sell_put,2.8033,1,1,1.1008,2.8033,0.028033,False
2019-03-01,NEE,sell_put,1.0267,1,1,3.6716,1.0267,0.010267,False
2019-03-01,NFLX,sell_put,2.3101,1,1,-0.4301,1.8801,0.018801,False
2019-03-01,NKE,sell_put,1.8291,1,1,-1.773,0.0561,0.000561,False
2019-03-01,NVDA,sell_put,2.8033,1,1,16.5209,2.8033,0.028033,False
2019-03-01,ORCL,sell_put,1.876,1,1,3.0309,1.876,0.01876,False
2019-03-01,PEP,sell_put,1.1614,1,1,6.8348,1.1614,0.011614,False
2019-03-01,PFE,sell_put,1.4613,1,1,-2.03,-0.5687,-0.005687,False
2019-03-01,PG,sell_put,1.0914,1,1,5.5809,1.0914,0.010914,False
2019-03-01,PM,sell_put,1.1614,1,1,1.6678,1.1614,0.011614,False
2019-03-01,PYPL,sell_put,1.3867,1,1,5.8836,1.3867,0.013867,False
2019-03-01,QCOM,sell_put,2.2196,1,1,6.8178,2.2196,0.022196,False
2019-03-01,SBUX,sell_put,1.0267,1,1,6.3592,1.0267,0.010267,False
2019-03-01,SCHW,skip,0.0,0,0,-6.718,0.0,0.0,False
2019-03-01,SO,sell_put,1.0267,1,1,5.2889,1.0267,0.010267,False
2019-03-01,SPGI,sell_put,1.4157,1,1,5.3782,1.4157,0.014157,False
2019-03-01,SYK,sell_put,1.2787,1,1,4.7796,1.2787,0.012787,False
2019-03-01,T,sell_put,1.612,1,1,0.7712,1.612,0.01612,False
2019-03-01,TJX,sell_put,1.2724,1,1,4.1517,1.2724,0.012724,False
2019-03-01,TMO,sell_put,1.4815,1,1,5.4513,1.4815,0.014815,False
2019-03-01,TMUS,sell_put,1.612,1,1,-4.3069,-2.6949,-0.026949,False
2019-03-01,TXN,sell_put,2.1699,1,1,0.2741,2.1699,0.021699,False
2019-03-01,UNH,skip,0.0,0,0,2.0807,0.0,0.0,False
2019-03-01,UNP,sell_put,1.6901,1,1,0.2201,1.6901,0.016901,False
2019-03-01,USB,sell_put,1.4157,1,1,-6.7711,-5.3554,-0.053554,False
2019-03-01,V,sell_put,1.3258,1,1,5.6323,1.3258,0.013258,False
2019-03-01,VRTX,skip,0.0,0,0,-2.543,0.0,0.0,False
2019-03-01,VZ,sell_put,1.612,1,1,3.8826,1.612,0.01612,False
2019-03-01,WFC,sell_put,1.8105,1,1,-3.1469,-1.3364,-0.013364,False
2019-03-01,WMT,sell_put,1.2724,1,1,-1.4749,-0.2025,-0.002025,False
2019-03-01,XOM,sell_put,1.6901,1,1,3.3747,1.6901,0.016901,False
2019-03-01,ZTS,sell_put,1.4613,1,1,6.8344,1.4613,0.014613,False
2019-04-01,AAPL,sell_put,1.565,1,1,5.6436,1.565,0.01565,False
2019-04-01,ABBV,sell_put,1.3984,1,1,-1.489,-0.0906,-0.000906,False
2019-04-01,ABT,sell_put,1.2236,1,1,-0.4754,0.7483,0.007483,False
2019-04-01,ADBE,sell_put,1.9063,1,1,8.5407,1.9063,0.019063,False
2019-04-01,ADP,sell_put,1.496,1,1,3.4467,1.496,0.01496,False
2019-04-01,AMAT,sell_put,2.0766,1,1,11.1195,2.0766,0.020766,False
2019-04-01,AMGN,sell_put,1.3984,1,1,-5.6111,-4.2127,-0.042127,False
2019-04-01,AMT,sell_put,1.496,1,1,-0.8931,0.6029,0.006029,False
2019-04-01,AMZN,sell_put,1.9038,1,1,8.1859,1.9038,0.019038,False
2019-04-01,AVGO,sell_put,2.0766,1,1,6.8286,2.0766,0.020766,False
2019-04-01,AXP,sell_put,1.327,1,1,7.2553,1.327,0.01327,False
2019-04-01,BA,skip,0.0,0,0,-0.9779,0.0,0.0,False
2019-04-01,BAC,skip,0.0,0,0,10.8373,0.0,0.0,False
2019-04-01,BDX,sell_put,1.2236,1,1,-3.3003,-2.0767,-0.020767,False
2019-04-01,BKNG,sell_put,1.4926,1,1,6.3086,1.4926,0.014926,False
2019-04-01,BLK,skip,0.0,0,0,14.4042,0.0,0.0,False
2019-04-01,BMY,skip,0.0,0,0,-2.6829,0.0,0.0,False
2019-04-01,BRK-B,skip,0.0,0,0,7.875,0.0,0.0,False
2019-04-01,C,skip,0.0,0,0,13.629,0.0,0.0,False
2019-04-01,CAT,skip,0.0,0,0,2.9006,0.0,0.0,False
2019-04-01,CHTR,sell_put,1.5426,1,1,6.9989,1.5426,0.015426,False
2019-04-01,CL,sell_put,1.0445,1,1,6.2007,1.0445,0.010445,False
2019-04-01,CME,skip,0.0,0,0,9.1708,0.0,0.0,False
2019-04-01,COST,sell_put,1.2829,1,1,1.4,1.2829,0.012829,False
2019-04-01,CRM,skip,0.0,0,0,4.4074,0.0,0.0,False
2019-04-01,CSCO,sell_put,1.496,1,1,3.6303,1.496,0.01496,False
2019-04-01,CSX,sell_put,1.4926,1,1,6.4287,1.4926,0.014926,False
2019-04-01,CVS,skip,0.0,0,0,0.8344,0.0,0.0,False
2019-04-01,CVX,sell_put,1.4914,1,1,-2.5329,-1.0415,-0.010415,False
2019-04-01,DHR,sell_put,1.2236,1,1,0.4498,1.2236,0.012236,False
2019-04-01,DIS,skip,0.0,0,0,23.3631,0.0,0.0,False
2019-04-01,DUK,sell_put,0.9825,1,1,1.2444,0.9825,0.009825,False
2019-04-01,EL,sell_put,1.4926,1,1,3.7813,1.4926,0.014926,False
2019-04-01,ELV,skip,0.0,0,0,-8.1049,0.0,0.0,False
2019-04-01,EOG,sell_put,1.6174,1,1,0.914,1.6174,0.016174,False
2019-04-01,FDX,sell_put,1.496,1,1,4.8317,1.496,0.01496,False
2019-04-01,GE,skip,0.0,0,0,1.9096,0.0,0.0,False
2019-04-01,GILD,skip,0.0,0,0,1.014,0.0,0.0,False
2019-04-01,GM,skip,0.0,0,0,6.0284,0.0,0.0,False
2019-04-01,GOOGL,sell_put,1.7343,1,1,1.8753,1.7343,0.017343,False
2019-04-01,GS,skip,0.0,0,0,7.2556,0.0,0.0,False
2019-04-01,HD,sell_put,1.3831,1,1,6.945,1.3831,0.013831,False
2019-04-01,HON,sell_put,1.496,1,1,9.2562,1.496,0.01496,False
2019-04-01,IBM,sell_put,1.496,1,1,-0.5882,0.9078,0.009078,False
2019-04-01,ICE,skip,0.0,0,0,7.2409,0.0,0.0,False
2019-04-01,INTC,sell_put,2.0766,1,1,-4.9535,-2.8769,-0.028769,False
2019-04-01,INTU,sell_put,1.7696,1,1,-3.9593,-2.1897,-0.021897,False
2019-04-01,ISRG,sell_put,1.2236,1,1,-10.5068,-9.2832,-0.092832,False
2019-04-01,ITW,skip,0.0,0,0,9.1959,0.0,0.0,False
2019-04-01,JNJ,sell_put,1.0224,1,1,1.0086,1.0224,0.010224,False
2019-04-01,JPM,skip,0.0,0,0,14.6399,0.0,0.0,False
2019-04-01,KO,sell_put,0.9825,1,1,5.6088,0.9825,0.009825,False
2019-04-01,LLY,sell_put,1.7562,1,1,-9.8027,-8.0465,-0.080465,False
2019-04-01,LMT,skip,0.0,0,0,11.0508,0.0,0.0,False
2019-04-01,LOW,sell_put,1.3831,1,1,3.3525,1.3831,0.013831,False
2019-04-01,MA,sell_put,1.327,1,1,7.9805,1.327,0.01327,False
2019-04-01,MCD,sell_put,0.9825,1,1,4.039,0.9825,0.009825,False
2019-04-01,MDLZ,sell_put,1.1115,1,1,2.3994,1.1115,0.011115,False
2019-04-01,MDT,sell_put,1.2236,1,1,-1.9578,-0.7342,-0.007342,False
2019-04-01,META,sell_put,2.1584,1,1,16.0237,2.1584,0.021584,False
2019-04-01,MMM,sell_put,1.496,1,1,-8.7929,-7.2969,-0.072969,False
2019-04-01,MO,sell_put,1.1115,1,1,-4.0495,-2.9381,-0.029381,False
2019-04-01,MRK,sell_put,1.3529,1,1,-4.7203,-3.3674,-0.033674,False
2019-04-01,MS,sell_put,1.3548,1,1,14.3365,1.3548,0.013548,False
2019-04-01,MSFT,sell_put,1.4413,1,1,10.7343,1.4413,0.014413,False
2019-04-01,MU,sell_put,2.6826,1,1,1.7663,2.6826,0.026826,False
2019-04-01,NEE,sell_put,0.9825,1,1,0.5794,0.9825,0.009825,False
2019-04-01,NFLX,skip,0.0,0,0,3.9208,0.0,0.0,False
2019-04-01,NKE,skip,0.0,0,0,4.5671,0.0,0.0,False
2019-04-01,NVDA,sell_put,2.6826,1,1,0.802,2.6826,0.026826,False
2019-04-01,ORCL,sell_put,1.7953,1,1,3.0162,1.7953,0.017953,False
2019-04-01,PEP,sell_put,1.1115,1,1,4.488,1.1115,0.011115,False
2019-04-01,PFE,skip,0.0,0,0,-4.3796,0.0,0.0,False
2019-04-01,PG,sell_put,1.0445,1,1,2.3354,1.0445,0.010445,False
2019-04-01,PM,sell_put,1.1115,1,1,-0.8304,0.2811,0.002811,False
2019-04-01,PYPL,sell_put,1.327,1,1,8.5998,1.327,0.01327,False
2019-04-01,QCOM,sell_put,2.1241,1,1,52.7819,2.1241,0.021241,False
2019-04-01,SBUX,sell_put,0.9825,1,1,4.4929,0.9825,0.009825,False
2019-04-01,SCHW,skip,0.0,0,0,7.0626,0.0,0.0,False
2019-04-01,SO,sell_put,0.9825,1,1,2.9799,0.9825,0.009825,False
2019-04-01,SPGI,sell_put,1.3548,1,1,4.8017,1.3548,0.013548,False
2019-04-01,SYK,sell_put,1.2236,1,1,-4.1049,-2.8813,-0.028813,False
2019-04-01,T,sell_put,1.5426,1,1,-1.2755,0.2671,0.002671,False
2019-04-01,TJX,sell_put,1.2177,1,1,3.1385,1.2177,0.012177,False
2019-04-01,TMO,sell_put,1.4178,1,1,1.4372,1.4178,0.014178,False
2019-04-01,TMUS,skip,0.0,0,0,5.6295,0.0,0.0,False
2019-04-01,TXN,sell_put,2.0766,1,1,11.087,2.0766,0.020766,False
2019-04-01,UNH,sell_put,1.4791,1,1,-5.3791,-3.9,-0.039,False
2019-04-01,UNP,sell_put,1.6174,1,1,5.8852,1.6174,0.016174,False
2019-04-01,USB,skip,0.0,0,0,11.5025,0.0,0.0,False
2019-04-01,V,sell_put,1.2688,1,1,5.2757,1.2688,0.012688,False
2019-04-01,VRTX,skip,0.0,0,0,-8.1381,0.0,0.0,False
2019-04-01,VZ,sell_put,1.5426,1,1,-3.2809,-1.7383,-0.017383,False
2019-04-01,WFC,skip,0.0,0,0,0.1863,0.0,0.0,False
2019-04-01,WMT,skip,0.0,0,0,6.0118,0.0,0.0,False
2019-04-01,XOM,sell_put,1.6174,1,1,-0.6436,0.9738,0.009738,False
2019-04-01,ZTS,sell_put,1.3984,1,1,1.1622,1.3984,0.013984,False
2019-05-01,AAPL,sell_put,2.2318,1,1,-12.7573,-10.5254,-0.105254,False
2019-05-01,ABBV,skip,0.0,0,0,-2.0946,0.0,0.0,False
2019-05-01,ABT,skip,0.0,0,0,-3.9196,0.0,0.0,False
2019-05-01,ADBE,sell_put,2.7185,1,1,-6.344,-3.6255,-0.036255,False
2019-05-01,ADP,sell_put,2.1334,1,1,-2.5974,-0.464,-0.00464,False
2019-05-01,AMAT,sell_put,2.9613,1,1,-12.2079,-9.2466,-0.092466,False
2019-05-01,AMGN,skip,0.0,0,0,-7.0377,0.0,0.0,False
2019-05-01,AMT,skip,0.0,0,0,7.3884,0.0,0.0,False
2019-05-01,AMZN,sell_put,2.715,1,1,-7.8613,-5.1464,-0.051464,False
2019-05-01,AVGO,sell_put,2.9613,1,1,-20.9673,-18.006,-0.18006,False
2019-05-01,AXP,sell_put,1.8924,1,1,-1.8032,0.0892,0.000892,False
2019-05-01,BA,skip,0.0,0,0,-9.5528,0.0,0.0,False
2019-05-01,BAC,sell_put,2.274,1,1,-13.015,-10.741,-0.10741,False
2019-05-01,BDX,skip,0.0,0,0,-3.0323,0.0,0.0,False
2019-05-01,BKNG,sell_put,2.1286,1,1,-10.7154,-8.5869,-0.085869,False
2019-05-01,BLK,sell_put,1.932,1,1,-14.3599,-12.4279,-0.124279,False
2019-05-01,BMY,skip,0.0,0,0,-1.4209,0.0,0.0,False
2019-05-01,BRK-B,sell_put,1.2835,1,1,-8.9013,-7.6178,-0.076178,False
2019-05-01,C,sell_put,2.1286,1,1,-12.0933,-9.9648,-0.099648,False
2019-05-01,CAT,sell_put,2.3065,1,1,-13.5445,-11.238,-0.11238,False
2019-05-01,CHTR,sell_put,2.1999,1,1,1.5114,2.1999,0.021999,False
2019-05-01,CL,sell_put,1.4895,1,1,-3.7555,-2.2661,-0.022661,False
2019-05-01,CME,sell_put,1.932,1,1,7.3896,1.932,0.01932,False
2019-05-01,COST,sell_put,1.8295,1,1,-2.4233,-0.5939,-0.005939,False
2019-05-01,CRM,sell_put,2.7628,1,1,-8.4306,-5.6678,-0.056678,False
2019-05-01,CSCO,sell_put,2.1334,1,1,-6.4175,-4.2841,-0.042841,False
2019-05-01,CSX,sell_put,2.1286,1,1,-6.48,-4.3514,-0.043514,False
2019-05-01,CVS,sell_put,2.1093,1,1,-2.7725,-0.6632,-0.006632,False
2019-05-01,CVX,skip,0.0,0,0,-5.1724,0.0,0.0,False
2019-05-01,DHR,sell_put,1.745,1,1,-0.3247,1.4203,0.014203,False
2019-05-01,DIS,sell_put,2.3184,1,1,-3.5993,-1.281,-0.01281,False
2019-05-01,DUK,sell_put,1.4011,1,1,-6.047,-4.6458,-0.046458,False
2019-05-01,EL,sell_put,2.1286,1,1,-6.2744,-4.1458,-0.041458,False
2019-05-01,ELV,skip,0.0,0,0,5.6838,0.0,0.0,False
2019-05-01,EOG,sell_put,2.3065,1,1,-14.5743,-12.2678,-0.122678,False
2019-05-01,FDX,sell_put,2.1334,1,1,-18.5686,-16.4352,-0.164352,False
2019-05-01,GE,sell_put,2.3065,1,1,-7.178,-4.8715,-0.048715,False
2019-05-01,GILD,sell_put,1.9942,1,1,-4.2897,-2.2954,-0.022954,False
2019-05-01,GM,sell_put,2.3065,1,1,-14.4031,-12.0966,-0.120966,False
2019-05-01,GOOGL,sell_put,2.4733,1,1,-7.7117,-5.2384,-0.052384,False
2019-05-01,GS,sell_put,1.932,1,1,-11.3782,-9.4462,-0.094462,False
2019-05-01,HD,sell_put,1.9724,1,1,-6.7992,-4.8268,-0.048268,False
2019-05-01,HON,sell_put,2.1334,1,1,-5.3677,-3.2343,-0.032343,False
2019-05-01,IBM,skip,0.0,0,0,-9.4675,0.0,0.0,False
2019-05-01,ICE,sell_put,2.1286,1,1,1.0572,2.1286,0.021286,False
2019-05-01,INTC,skip,0.0,0,0,-13.7147,0.0,0.0,False
2019-05-01,INTU,skip,0.0,0,0,-2.2974,0.0,0.0,False
2019-05-01,ISRG,skip,0.0,0,0,-8.9654,0.0,0.0,False
2019-05-01,ITW,sell_put,2.1334,1,1,-10.2744,-8.1409,-0.081409,False
2019-05-01,JNJ,sell_put,1.4581,1,1,-7.1175,-5.6595,-0.056595,False
2019-05-01,JPM,sell_put,1.932,1,1,-7.9959,-6.0638,-0.060638,False
2019-05-01,KO,sell_put,1.4011,1,1,0.1427,1.4011,0.014011,False
2019-05-01,LLY,skip,0.0,0,0,-0.9399,0.0,0.0,False
2019-05-01,LMT,sell_put,2.3065,1,1,1.563,2.3065,0.023065,False
2019-05-01,LOW,sell_put,1.9724,1,1,-17.2031,-15.2307,-0.152307,False
2019-05-01,MA,sell_put,1.8924,1,1,-0.9435,0.9489,0.009489,False
2019-05-01,MCD,sell_put,1.4011,1,1,0.3543,1.4011,0.014011,False
2019-05-01,MDLZ,sell_put,1.585,1,1,0.0,1.585,0.01585,False
2019-05-01,MDT,skip,0.0,0,0,4.245,0.0,0.0,False
2019-05-01,META,sell_put,3.0781,1,1,-8.2368,-5.1587,-0.051587,False
2019-05-01,MMM,skip,0.0,0,0,-15.7036,0.0,0.0,False
2019-05-01,MO,skip,0.0,0,0,-9.7,0.0,0.0,False
2019-05-01,MRK,skip,0.0,0,0,0.6352,0.0,0.0,False
2019-05-01,MS,sell_put,1.932,1,1,-15.1368,-13.2048,-0.132048,False
2019-05-01,MSFT,sell_put,2.0554,1,1,-5.2986,-3.2432,-0.032432,False
2019-05-01,MU,sell_put,3.8256,1,1,-22.4679,-18.6423,-0.186423,False
2019-05-01,NEE,sell_put,1.4011,1,1,1.9389,1.4011,0.014011,False
2019-05-01,NFLX,sell_put,3.1526,1,1,-7.3568,-4.2042,-0.042042,False
2019-05-01,NKE,sell_put,2.4962,1,1,-12.1712,-9.6751,-0.096751,False
2019-05-01,NVDA,sell_put,3.8256,1,1,-25.1602,-21.3346,-0.213346,False
2019-05-01,ORCL,sell_put,2.5602,1,1,-8.1391,-5.5789,-0.055789,False
2019-05-01,PEP,sell_put,1.585,1,1,-0.039,1.546,0.01546,False
2019-05-01,PFE,skip,0.0,0,0,2.2408,0.0,0.0,False
2019-05-01,PG,sell_put,1.4895,1,1,-2.6705,-1.181,-0.01181,False
2019-05-01,PM,skip,0.0,0,0,-10.8942,0.0,0.0,False
2019-05-01,PYPL,sell_put,1.8924,1,1,-2.678,-0.7856,-0.007856,False
2019-05-01,QCOM,sell_put,3.0291,1,1,-22.4196,-19.3905,-0.193905,False
2019-05-01,SBUX,sell_put,1.4011,1,1,-2.0855,-0.6844,-0.006844,False
2019-05-01,SCHW,sell_put,1.932,1,1,-9.1088,-7.1767,-0.071767,False
2019-05-01,SO,sell_put,1.4011,1,1,0.5261,1.4011,0.014011,False
2019-05-01,SPGI,sell_put,1.932,1,1,-3.0726,-1.1405,-0.011405,False
2019-05-01,SYK,skip,0.0,0,0,-3.0014,0.0,0.0,False
2019-05-01,T,skip,0.0,0,0,0.8756,0.0,0.0,False
2019-05-01,TJX,sell_put,1.7365,1,1,-8.3637,-6.6272,-0.066272,False
2019-05-01,TMO,sell_put,2.0218,1,1,-3.7736,-1.7518,-0.017518,False
2019-05-01,TMUS,sell_put,2.1999,1,1,0.6165,2.1999,0.021999,False
2019-05-01,TXN,sell_put,2.9613,1,1,-11.4742,-8.5129,-0.085129,False
2019-05-01,UNH,skip,0.0,0,0,3.7457,0.0,0.0,False
2019-05-01,UNP,sell_put,2.3065,1,1,-5.7953,-3.4888,-0.034888,False
2019-05-01,USB,sell_put,1.932,1,1,-5.8515,-3.9194,-0.039194,False
2019-05-01,V,sell_put,1.8093,1,1,-1.8853,-0.076,-0.00076,False
2019-05-01,VRTX,skip,0.0,0,0,-1.657,0.0,0.0,False
2019-05-01,VZ,skip,0.0,0,0,-3.9868,0.0,0.0,False
2019-05-01,WFC,sell_put,2.4708,1,1,-8.3454,-5.8745,-0.058745,False
2019-05-01,WMT,sell_put,1.7365,1,1,-1.3613,0.3752,0.003752,False
2019-05-01,XOM,skip,0.0,0,0,-11.846,0.0,0.0,False
2019-05-01,ZTS,sell_put,1.9942,1,1,-0.6113,1.3829,0.013829,False
2019-06-01,AAPL,skip,0.0,0,0,13.4873,0.0,0.0,True
2019-06-01,ABBV,skip,0.0,0,0,-5.2014,0.0,0.0,True
2019-06-01,ABT,skip,0.0,0,0,10.4689,0.0,0.0,True
2019-06-01,ADBE,skip,0.0,0,0,8.7671,0.0,0.0,True
2019-06-01,ADP,skip,0.0,0,0,3.2538,0.0,0.0,True
2019-06-01,AMAT,skip,0.0,0,0,16.6702,0.0,0.0,True
2019-06-01,AMGN,skip,0.0,0,0,11.4976,0.0,0.0,True
2019-06-01,AMT,sell_put,1.7195,28,28,-2.0693,-0.3498,-0.097944,True
2019-06-01,AMZN,skip,0.0,0,0,6.6792,0.0,0.0,True
2019-06-01,AVGO,skip,0.0,0,0,14.3936,0.0,0.0,True
2019-06-01,AXP,skip,0.0,0,0,7.6105,0.0,0.0,True
2019-06-01,BA,skip,0.0,0,0,7.1694,0.0,0.0,True
2019-06-01,BAC,skip,0.0,0,0,9.0225,0.0,0.0,True
2019-06-01,BDX,skip,0.0,0,0,7.9549,0.0,0.0,True
2019-06-01,BKNG,skip,0.0,0,0,13.1921,0.0,0.0,True
2019-06-01,BLK,skip,0.0,0,0,12.932,0.0,0.0,True
2019-06-01,BMY,skip,0.0,0,0,-0.0441,0.0,0.0,True
2019-06-01,BRK-B,skip,0.0,0,0,7.9779,0.0,0.0,True
2019-06-01,C,skip,0.0,0,0,13.4043,0.0,0.0,True
2019-06-01,CAT,skip,0.0,0,0,13.7551,0.0,0.0,True
2019-06-01,CHTR,sell_put,1.7731,28,28,4.8779,1.7731,0.496468,True
2019-06-01,CL,skip,0.0,0,0,2.9446,0.0,0.0,True
2019-06-01,CME,sell_put,1.5572,28,28,1.0358,1.5572,0.436016,True
2019-06-01,COST,skip,0.0,0,0,10.5993,0.0,0.0,True
2019-06-01,CRM,skip,0.0,0,0,0.2113,0.0,0.0,True
2019-06-01,CSCO,skip,0.0,0,0,5.1893,0.0,0.0,True
2019-06-01,CSX,skip,0.0,0,0,4.2325,0.0,0.0,True
2019-06-01,CVS,skip,0.0,0,0,4.0481,0.0,0.0,True
2019-06-01,CVX,skip,0.0,0,0,10.3771,0.0,0.0,True
2019-06-01,DHR,skip,0.0,0,0,8.2645,0.0,0.0,True
2019-06-01,DIS,skip,0.0,0,0,5.7558,0.0,0.0,True
2019-06-01,DUK,skip,0.0,0,0,4.1861,0.0,0.0,True
2019-06-01,EL,skip,0.0,0,0,14.0106,0.0,0.0,True
2019-06-01,ELV,sell_put,1.7001,28,28,1.5217,1.7001,0.476028,True
2019-06-01,EOG,skip,0.0,0,0,13.7763,0.0,0.0,True
2019-06-01,FDX,skip,0.0,0,0,6.4234,0.0,0.0,True
2019-06-01,GE,skip,0.0,0,0,11.2288,0.0,0.0,True
2019-06-01,GILD,skip,0.0,0,0,8.5301,0.0,0.0,True
2019-06-01,GM,skip,0.0,0,0,15.5669,0.0,0.0,True
2019-06-01,GOOGL,skip,0.0,0,0,-2.1419,0.0,0.0,True
2019-06-01,GS,skip,0.0,0,0,12.621,0.0,0.0,True
2019-06-01,HD,skip,0.0,0,0,9.5444,0.0,0.0,True
2019-06-01,HON,skip,0.0,0,0,6.7736,0.0,0.0,True
2019-06-01,IBM,skip,0.0,0,0,9.8812,0.0,0.0,True
2019-06-01,ICE,sell_put,1.7156,28,28,4.5372,1.7156,0.480368,True
2019-06-01,INTC,skip,0.0,0,0,9.3623,0.0,0.0,True
2019-06-01,INTU,skip,0.0,0,0,6.7306,0.0,0.0,True
2019-06-01,ISRG,skip,0.0,0,0,12.8429,0.0,0.0,True
2019-06-01,ITW,skip,0.0,0,0,7.9991,0.0,0.0,True
2019-06-01,JNJ,skip,0.0,0,0,6.9257,0.0,0.0,True
2019-06-01,JPM,skip,0.0,0,0,5.5115,0.0,0.0,True
2019-06-01,KO,sell_put,1.1293,28,28,3.6434,1.1293,0.316204,True
2019-06-01,LLY,skip,0.0,0,0,-3.9059,0.0,0.0,True
2019-06-01,LMT,sell_put,1.859,28,28,8.08,1.859,0.52052,True
2019-06-01,LOW,skip,0.0,0,0,8.1797,0.0,0.0,True
2019-06-01,MA,skip,0.0,0,0,5.1851,0.0,0.0,True
2019-06-01,MCD,sell_put,1.1293,28,28,5.3493,1.1293,0.316204,True
2019-06-01,MDLZ,sell_put,1.2775,28,28,5.998,1.2775,0.3577,True
2019-06-01,MDT,sell_put,1.4064,28,28,5.1955,1.4064,0.393792,True
2019-06-01,META,skip,0.0,0,0,8.7508,0.0,0.0,True
2019-06-01,MMM,skip,0.0,0,0,9.4354,0.0,0.0,True
2019-06-01,MO,skip,0.0,0,0,-3.4855,0.0,0.0,True
2019-06-01,MRK,sell_put,1.555,28,28,5.8578,1.555,0.4354,True
2019-06-01,MS,skip,0.0,0,0,7.6677,0.0,0.0,True
2019-06-01,MSFT,skip,0.0,0,0,8.7127,0.0,0.0,True
2019-06-01,MU,skip,0.0,0,0,18.3379,0.0,0.0,True
2019-06-01,NEE,sell_put,1.1293,28,28,4.0085,1.1293,0.316204,True
2019-06-01,NFLX,skip,0.0,0,0,7.003,0.0,0.0,True
2019-06-01,NKE,skip,0.0,0,0,9.131,0.0,0.0,True
2019-06-01,NVDA,skip,0.0,0,0,21.3771,0.0,0.0,True
2019-06-01,ORCL,skip,0.0,0,0,12.5889,0.0,0.0,True
2019-06-01,PEP,skip,0.0,0,0,2.4453,0.0,0.0,True
2019-06-01,PFE,sell_put,1.6073,28,28,5.2606,1.6073,0.450044,True
2019-06-01,PG,skip,0.0,0,0,6.5494,0.0,0.0,True
2019-06-01,PM,skip,0.0,0,0,1.8151,0.0,0.0,True
2019-06-01,PYPL,skip,0.0,0,0,4.2916,0.0,0.0,True
2019-06-01,QCOM,skip,0.0,0,0,13.8432,0.0,0.0,True
2019-06-01,SBUX,skip,0.0,0,0,10.727,0.0,0.0,True
2019-06-01,SCHW,skip,0.0,0,0,-3.0364,0.0,0.0,True
2019-06-01,SO,sell_put,1.1293,28,28,4.5259,1.1293,0.316204,True
2019-06-01,SPGI,skip,0.0,0,0,6.7876,0.0,0.0,True
2019-06-01,SYK,skip,0.0,0,0,12.1917,0.0,0.0,True
2019-06-01,T,sell_put,1.7731,28,28,9.5814,1.7731,0.496468,True
2019-06-01,TJX,skip,0.0,0,0,5.6121,0.0,0.0,True
2019-06-01,TMO,skip,0.0,0,0,10.0007,0.0,0.0,True
2019-06-01,TMUS,sell_put,1.7731,28,28,0.9531,1.7731,0.496468,True
2019-06-01,TXN,skip,0.0,0,0,10.7442,0.0,0.0,True
2019-06-01,UNH,sell_put,1.7001,28,28,0.914,1.7001,0.476028,True
2019-06-01,UNP,skip,0.0,0,0,1.9278,0.0,0.0,True
2019-06-01,USB,skip,0.0,0,0,4.3825,0.0,0.0,True
2019-06-01,V,skip,0.0,0,0,7.74,0.0,0.0,True
2019-06-01,VRTX,skip,0.0,0,0,10.3502,0.0,0.0,True
2019-06-01,VZ,skip,0.0,0,0,5.115,0.0,0.0,True
2019-06-01,WFC,skip,0.0,0,0,7.6796,0.0,0.0,True
2019-06-01,WMT,skip,0.0,0,0,9.5002,0.0,0.0,True
2019-06-01,XOM,skip,0.0,0,0,9.5215,0.0,0.0,True
2019-06-01,ZTS,skip,0.0,0,0,12.3107,0.0,0.0,True
2019-07-01,AAPL,sell_put,1.9229,1,1,7.6394,1.9229,0.019229,False
2019-07-01,ABBV,skip,0.0,0,0,-8.3883,0.0,0.0,False
2019-07-01,ABT,sell_put,1.5034,1,1,3.5672,1.5034,0.015034,False
2019-07-01,ADBE,sell_put,2.3422,1,1,1.4288,2.3422,0.023422,False
2019-07-01,ADP,sell_put,1.8381,1,1,1.2037,1.8381,0.018381,False
2019-07-01,AMAT,sell_put,2.5514,1,1,9.931,2.5514,0.025514,False
2019-07-01,AMGN,sell_put,1.7182,1,1,1.2481,1.7182,0.017182,False
2019-07-01,AMT,skip,0.0,0,0,3.9537,0.0,0.0,False
2019-07-01,AMZN,sell_put,2.3391,1,1,-1.4179,0.9212,0.009212,False
2019-07-01,AVGO,sell_put,2.5514,1,1,1.7058,2.5514,0.025514,False
2019-07-01,AXP,sell_put,1.6305,1,1,0.7534,1.6305,0.016305,False
2019-07-01,BA,sell_put,1.8339,1,1,-6.2718,-4.4379,-0.044379,False
2019-07-01,BAC,sell_put,1.9592,1,1,6.3648,1.9592,0.019592,False
2019-07-01,BDX,sell_put,1.5034,1,1,0.6372,1.5034,0.015034,False
2019-07-01,BKNG,sell_put,1.8339,1,1,0.6348,1.8339,0.018339,False
2019-07-01,BLK,sell_put,1.6646,1,1,0.4174,1.6646,0.016646,False
2019-07-01,BMY,skip,0.0,0,0,-2.0728,0.0,0.0,False
2019-07-01,BRK-B,sell_put,1.1058,1,1,-3.6309,-2.5251,-0.025251,False
2019-07-01,C,sell_put,1.8339,1,1,1.6136,1.8339,0.018339,False
2019-07-01,CAT,sell_put,1.9872,1,1,-3.3898,-1.4026,-0.014026,False
2019-07-01,CHTR,sell_put,1.8954,1,1,-2.4799,-0.5845,-0.005845,False
2019-07-01,CL,sell_put,1.2833,1,1,0.0977,1.2833,0.012833,False
2019-07-01,CME,sell_put,1.6646,1,1,0.5351,1.6646,0.016646,False
2019-07-01,COST,sell_put,1.5762,1,1,4.3026,1.5762,0.015762,False
2019-07-01,CRM,sell_put,2.3803,1,1,1.8256,2.3803,0.023803,False
2019-07-01,CSCO,sell_put,1.8381,1,1,1.2241,1.8381,0.018381,False
2019-07-01,CSX,sell_put,1.8339,1,1,-9.0087,-7.1748,-0.071748,False
2019-07-01,CVS,sell_put,1.8173,1,1,2.5326,1.8173,0.018173,False
2019-07-01,CVX,sell_put,1.8324,1,1,-1.0688,0.7636,0.007636,False
2019-07-01,DHR,sell_put,1.5034,1,1,-1.5745,-0.0711,-0.000711,False
2019-07-01,DIS,sell_put,1.9974,1,1,2.4133,1.9974,0.019974,False
2019-07-01,DUK,sell_put,1.2072,1,1,-1.7226,-0.5154,-0.005154,False
2019-07-01,EL,sell_put,1.8339,1,1,0.5898,1.8339,0.018339,False
2019-07-01,ELV,sell_put,1.8173,1,1,4.6957,1.8173,0.018173,False
2019-07-01,EOG,sell_put,1.9872,1,1,-7.8468,-5.8596,-0.058596,False
2019-07-01,FDX,sell_put,1.8381,1,1,4.2636,1.8381,0.018381,False
2019-07-01,GE,sell_put,1.9872,1,1,-0.3804,1.6068,0.016068,False
2019-07-01,GILD,sell_put,1.7182,1,1,-2.0959,-0.3777,-0.003777,False
2019-07-01,GM,sell_put,1.9872,1,1,5.8196,1.9872,0.019872,False
2019-07-01,GOOGL,skip,0.0,0,0,12.5046,0.0,0.0,False
2019-07-01,GS,sell_put,1.6646,1,1,7.5904,1.6646,0.016646,False
2019-07-01,HD,sell_put,1.6994,1,1,3.4711,1.6994,0.016994,False
2019-07-01,HON,sell_put,1.8381,1,1,-1.22,0.6181,0.006181,False
2019-07-01,IBM,sell_put,1.8381,1,1,7.4982,1.8381,0.018381,False
2019-07-01,ICE,sell_put,1.8339,1,1,2.5641,1.8339,0.018339,False
2019-07-01,INTC,sell_put,2.5514,1,1,5.5985,2.5514,0.025514,False
2019-07-01,INTU,sell_put,2.1742,1,1,6.1149,2.1742,0.021742,False
2019-07-01,ISRG,sell_put,1.5034,1,1,-0.9608,0.5426,0.005426,False
2019-07-01,ITW,sell_put,1.8381,1,1,2.9538,1.8381,0.018381,False
2019-07-01,JNJ,sell_put,1.2562,1,1,-6.5049,-5.2487,-0.052487,False
2019-07-01,JPM,sell_put,1.6646,1,1,3.7567,1.6646,0.016646,False
2019-07-01,KO,sell_put,1.2072,1,1,4.1651,1.2072,0.012072,False
2019-07-01,LLY,skip,0.0,0,0,-1.6608,0.0,0.0,False
2019-07-01,LMT,sell_put,1.9872,1,1,-0.3768,1.6104,0.016104,False
2019-07-01,LOW,sell_put,1.6994,1,1,0.4856,1.6994,0.016994,False
2019-07-01,MA,sell_put,1.6305,1,1,2.9259,1.6305,0.016305,False
2019-07-01,MCD,sell_put,1.2072,1,1,1.4736,1.2072,0.012072,False
2019-07-01,MDLZ,sell_put,1.3656,1,1,-0.2846,1.081,0.01081,False
2019-07-01,MDT,sell_put,1.5034,1,1,4.6719,1.5034,0.015034,False
2019-07-01,META,sell_put,2.652,1,1,0.6373,2.652,0.02652,False
2019-07-01,MMM,sell_put,1.8381,1,1,0.7961,1.8381,0.018381,False
2019-07-01,MO,skip,0.0,0,0,0.9744,0.0,0.0,False
2019-07-01,MRK,sell_put,1.6622,1,1,-0.3646,1.2977,0.012977,False
2019-07-01,MS,sell_put,1.6646,1,1,1.7119,1.6646,0.016646,False
2019-07-01,MSFT,sell_put,1.7709,1,1,1.7244,1.7709,0.017709,False
2019-07-01,MU,sell_put,3.2961,1,1,16.3255,3.2961,0.032961,False
2019-07-01,NEE,sell_put,1.2072,1,1,1.1276,1.2072,0.012072,False
2019-07-01,NFLX,sell_put,2.7162,1,1,-12.0685,-9.3523,-0.093523,False
2019-07-01,NKE,sell_put,2.1506,1,1,2.4777,2.1506,0.021506,False
2019-07-01,NVDA,sell_put,3.2961,1,1,2.734,3.2961,0.032961,False
2019-07-01,ORCL,sell_put,2.2058,1,1,-1.1761,1.0297,0.010297,False
2019-07-01,PEP,sell_put,1.3656,1,1,-1.8182,-0.4526,-0.004526,False
2019-07-01,PFE,sell_put,1.7182,1,1,-10.3417,-8.6235,-0.086235,False
2019-07-01,PG,sell_put,1.2833,1,1,7.6516,1.2833,0.012833,False
2019-07-01,PM,sell_put,1.3656,1,1,8.0762,1.3656,0.013656,False
2019-07-01,PYPL,sell_put,1.6305,1,1,-3.5471,-1.9166,-0.019166,False
2019-07-01,QCOM,sell_put,2.6098,1,1,-2.9463,-0.3366,-0.003366,False
2019-07-01,SBUX,sell_put,1.2072,1,1,12.9548,1.2072,0.012072,False
2019-07-01,SCHW,skip,0.0,0,0,7.5392,0.0,0.0,False
2019-07-01,SO,sell_put,1.2072,1,1,1.6642,1.2072,0.012072,False
2019-07-01,SPGI,sell_put,1.6646,1,1,7.5332,1.6646,0.016646,False
2019-07-01,SYK,sell_put,1.5034,1,1,2.3059,1.5034,0.015034,False
2019-07-01,T,sell_put,1.8954,1,1,1.6115,1.8954,0.018954,False
2019-07-01,TJX,sell_put,1.4961,1,1,3.177,1.4961,0.014961,False
2019-07-01,TMO,sell_put,1.7419,1,1,-5.3851,-3.6432,-0.036432,False
2019-07-01,TMUS,sell_put,1.8954,1,1,7.5398,1.8954,0.018954,False
2019-07-01,TXN,sell_put,2.5514,1,1,8.9317,2.5514,0.025514,False
2019-07-01,UNH,sell_put,1.8173,1,1,2.501,1.8173,0.018173,False
2019-07-01,UNP,sell_put,1.9872,1,1,6.41,1.9872,0.019872,False
2019-07-01,USB,sell_put,1.6646,1,1,9.8468,1.6646,0.016646,False
2019-07-01,V,sell_put,1.5589,1,1,2.5641,1.5589,0.015589,False
2019-07-01,VRTX,sell_put,1.7182,1,1,-9.1395,-7.4213,-0.074213,False
2019-07-01,VZ,sell_put,1.8954,1,1,-3.2557,-1.3604,-0.013604,False
2019-07-01,WFC,sell_put,2.1288,1,1,2.3035,2.1288,0.021288,False
2019-07-01,WMT,sell_put,1.4961,1,1,-0.0995,1.3966,0.013966,False
2019-07-01,XOM,sell_put,1.9872,1,1,-2.9623,-0.9751,-0.009751,False
2019-07-01,ZTS,sell_put,1.7182,1,1,1.2336,1.7182,0.017182,False
2019-08-01,AAPL,sell_put,2.264,1,1,-2.0184,0.2456,0.002456,False
2019-08-01,ABBV,skip,0.0,0,0,0.1838,0.0,0.0,False
2019-08-01,ABT,sell_put,1.7702,1,1,-1.6767,0.0934,0.000934,False
2019-08-01,ADBE,sell_put,2.7578,1,1,-4.8016,-2.0438,-0.020438,False
2019-08-01,ADP,sell_put,2.1642,1,1,1.9937,2.1642,0.021642,False
2019-08-01,AMAT,sell_put,3.004,1,1,-2.7344,0.2696,0.002696,False
2019-08-01,AMGN,sell_put,2.023,1,1,11.8126,2.023,0.02023,False
2019-08-01,AMT,sell_put,2.1642,1,1,8.7752,2.1642,0.021642,False
2019-08-01,AMZN,skip,0.0,0,0,-4.8474,0.0,0.0,False
2019-08-01,AVGO,sell_put,3.004,1,1,-2.5346,0.4695,0.004695,False
2019-08-01,AXP,sell_put,1.9198,1,1,-2.9135,-0.9938,-0.009938,False
2019-08-01,BA,skip,0.0,0,0,6.7149,0.0,0.0,False
2019-08-01,BAC,sell_put,2.3068,1,1,-10.3324,-8.0256,-0.080256,False
2019-08-01,BDX,sell_put,1.7702,1,1,0.443,1.7702,0.017702,False
2019-08-01,BKNG,sell_put,2.1593,1,1,4.2298,2.1593,0.021593,False
2019-08-01,BLK,sell_put,1.9599,1,1,-9.6476,-7.6877,-0.076877,False
2019-08-01,BMY,skip,0.0,0,0,9.2005,0.0,0.0,False
2019-08-01,BRK-B,skip,0.0,0,0,-0.9833,0.0,0.0,False
2019-08-01,C,sell_put,2.1593,1,1,-9.57,-7.4107,-0.074107,False
2019-08-01,CAT,skip,0.0,0,0,-8.9271,0.0,0.0,False
2019-08-01,CHTR,skip,0.0,0,0,6.2821,0.0,0.0,False
2019-08-01,CL,sell_put,1.511,1,1,3.9594,1.511,0.01511,False
2019-08-01,CME,sell_put,1.9599,1,1,11.7632,1.9599,0.019599,False
2019-08-01,COST,sell_put,1.8559,1,1,6.9405,1.8559,0.018559,False
2019-08-01,CRM,sell_put,2.8027,1,1,1.0162,2.8027,0.028027,False
2019-08-01,CSCO,sell_put,2.1642,1,1,-14.9721,-12.8079,-0.128079,False
2019-08-01,CSX,skip,0.0,0,0,-4.8012,0.0,0.0,False
2019-08-01,CVS,sell_put,2.1397,1,1,10.0164,2.1397,0.021397,False
2019-08-01,CVX,skip,0.0,0,0,-4.3782,0.0,0.0,False
2019-08-01,DHR,skip,0.0,0,0,1.1316,0.0,0.0,False
2019-08-01,DIS,sell_put,2.3518,1,1,-3.4263,-1.0745,-0.010745,False
2019-08-01,DUK,skip,0.0,0,0,6.9419,0.0,0.0,False
2019-08-01,EL,sell_put,2.1593,1,1,7.4922,2.1593,0.021593,False
2019-08-01,ELV,sell_put,2.1397,1,1,-11.2318,-9.0921,-0.090921,False
2019-08-01,EOG,skip,0.0,0,0,-13.3005,0.0,0.0,False
2019-08-01,FDX,sell_put,2.1642,1,1,-6.99,-4.8258,-0.048258,False
2019-08-01,GE,skip,0.0,0,0,-21.0526,0.0,0.0,False
2019-08-01,GILD,skip,0.0,0,0,-3.022,0.0,0.0,False
2019-08-01,GM,sell_put,2.3398,1,1,-8.0565,-5.7168,-0.057168,False
2019-08-01,GOOGL,sell_put,2.509,1,1,-2.2714,0.2376,0.002376,False
2019-08-01,GS,sell_put,1.9599,1,1,-7.3684,-5.4084,-0.054084,False
2019-08-01,HD,sell_put,2.0009,1,1,6.6545,2.0009,0.020009,False
2019-08-01,HON,skip,0.0,0,0,-4.546,0.0,0.0,False
2019-08-01,IBM,sell_put,2.1642,1,1,-8.5739,-6.4097,-0.064097,False
2019-08-01,ICE,sell_put,2.1593,1,1,6.3966,2.1593,0.021593,False
2019-08-01,INTC,sell_put,3.004,1,1,-6.2117,-3.2076,-0.032076,False
2019-08-01,INTU,sell_put,2.56,1,1,4.1653,2.56,0.0256,False
2019-08-01,ISRG,skip,0.0,0,0,-1.5726,0.0,0.0,False
2019-08-01,ITW,sell_put,2.1642,1,1,-2.8334,-0.6692,-0.006692,False
2019-08-01,JNJ,skip,0.0,0,0,-1.4283,0.0,0.0,False
2019-08-01,JPM,sell_put,1.9599,1,1,-4.6226,-2.6627,-0.026627,False
2019-08-01,KO,sell_put,1.4213,1,1,4.5792,1.4213,0.014213,False
2019-08-01,LLY,skip,0.0,0,0,3.6898,0.0,0.0,False
2019-08-01,LMT,skip,0.0,0,0,6.0579,0.0,0.0,False
2019-08-01,LOW,sell_put,2.0009,1,1,11.2475,2.0009,0.020009,False
2019-08-01,MA,sell_put,1.9198,1,1,3.4677,1.9198,0.019198,False
2019-08-01,MCD,sell_put,1.4213,1,1,3.4406,1.4213,0.014213,False
2019-08-01,MDLZ,skip,0.0,0,0,3.2342,0.0,0.0,False
2019-08-01,MDT,sell_put,1.7702,1,1,6.4184,1.7702,0.017702,False
2019-08-01,META,sell_put,3.1225,1,1,-4.4072,-1.2846,-0.012846,False
2019-08-01,MMM,sell_put,2.1642,1,1,-7.4405,-5.2763,-0.052763,False
2019-08-01,MO,sell_put,1.6079,1,1,-7.0746,-5.4667,-0.054667,False
2019-08-01,MRK,skip,0.0,0,0,4.1933,0.0,0.0,False
2019-08-01,MS,sell_put,1.9599,1,1,-6.1634,-4.2035,-0.042035,False
2019-08-01,MSFT,sell_put,2.0851,1,1,1.1668,2.0851,0.020851,False
2019-08-01,MU,sell_put,3.8808,1,1,0.8465,3.8808,0.038808,False
2019-08-01,NEE,sell_put,1.4213,1,1,5.7489,1.4213,0.014213,False
2019-08-01,NFLX,skip,0.0,0,0,-9.0529,0.0,0.0,False
2019-08-01,NKE,sell_put,2.5322,1,1,-1.7784,0.7538,0.007538,False
2019-08-01,NVDA,sell_put,3.8808,1,1,-0.7171,3.1637,0.031637,False
2019-08-01,ORCL,skip,0.0,0,0,-7.1568,0.0,0.0,False
2019-08-01,PEP,skip,0.0,0,0,6.9791,0.0,0.0,False
2019-08-01,PFE,skip,0.0,0,0,-8.4706,0.0,0.0,False
2019-08-01,PG,sell_put,1.511,1,1,2.5149,1.511,0.01511,False
2019-08-01,PM,sell_put,1.6079,1,1,-13.7782,-12.1703,-0.121703,False
2019-08-01,PYPL,skip,0.0,0,0,-1.2228,0.0,0.0,False
2019-08-01,QCOM,skip,0.0,0,0,6.3013,0.0,0.0,False
2019-08-01,SBUX,sell_put,1.4213,1,1,1.9748,1.4213,0.014213,False
2019-08-01,SCHW,sell_put,1.9599,1,1,-11.4531,-9.4931,-0.094931,False
2019-08-01,SO,sell_put,1.4213,1,1,3.6655,1.4213,0.014213,False
2019-08-01,SPGI,sell_put,1.9599,1,1,6.2217,1.9599,0.019599,False
2019-08-01,SYK,sell_put,1.7702,1,1,5.1864,1.7702,0.017702,False
2019-08-01,T,sell_put,2.2316,1,1,5.6362,2.2316,0.022316,False
2019-08-01,TJX,sell_put,1.7615,1,1,0.7515,1.7615,0.017615,False
2019-08-01,TMO,skip,0.0,0,0,3.378,0.0,0.0,False
2019-08-01,TMUS,sell_put,2.2316,1,1,-2.1071,0.1245,0.001245,False
2019-08-01,TXN,sell_put,3.004,1,1,-0.418,2.5861,0.025861,False
2019-08-01,UNH,sell_put,2.1397,1,1,-6.0279,-3.8881,-0.038881,False
2019-08-01,UNP,sell_put,2.3398,1,1,-9.9972,-7.6575,-0.076575,False
2019-08-01,USB,sell_put,1.9599,1,1,-7.804,-5.8441,-0.058441,False
2019-08-01,V,sell_put,1.8354,1,1,1.5843,1.8354,0.018354,False
2019-08-01,VRTX,skip,0.0,0,0,8.0423,0.0,0.0,False
2019-08-01,VZ,skip,0.0,0,0,6.3365,0.0,0.0,False
2019-08-01,WFC,sell_put,2.5065,1,1,-3.8009,-1.2944,-0.012944,False
2019-08-01,WMT,skip,0.0,0,0,3.5151,0.0,0.0,False
2019-08-01,XOM,skip,0.0,0,0,-7.9075,0.0,0.0,False
2019-08-01,ZTS,sell_put,2.023,1,1,10.1946,2.023,0.02023,False
2019-09-01,AAPL,skip,0.0,0,0,7.7038,0.0,0.0,True
2019-09-01,ABBV,sell_put,1.731,2,2,15.181,1.731,0.03462,True
2019-09-01,ABT,skip,0.0,0,0,-1.934,0.0,0.0,True
2019-09-01,ADBE,skip,0.0,0,0,-2.9032,0.0,0.0,True
2019-09-01,ADP,sell_put,1.8518,2,2,-4.9576,-3.1058,-0.062116,True
2019-09-01,AMAT,skip,0.0,0,0,4.3841,0.0,0.0,True
2019-09-01,AMGN,sell_put,1.731,2,2,-6.5857,-4.8547,-0.097094,True
2019-09-01,AMT,sell_put,1.8518,2,2,-3.9359,-2.0841,-0.041682,True
2019-09-01,AMZN,skip,0.0,0,0,-2.2733,0.0,0.0,True
2019-09-01,AVGO,skip,0.0,0,0,-2.3245,0.0,0.0,True
2019-09-01,AXP,skip,0.0,0,0,-1.7363,0.0,0.0,True
2019-09-01,BA,sell_put,1.8476,2,2,5.151,1.8476,0.036952,True
2019-09-01,BAC,skip,0.0,0,0,6.0342,0.0,0.0,True
2019-09-01,BDX,sell_put,1.5146,2,2,-0.3781,1.1366,0.022732,True
2019-09-01,BKNG,sell_put,1.8476,2,2,-0.1932,1.6543,0.033086,True
2019-09-01,BLK,skip,0.0,0,0,5.4619,0.0,0.0,True
2019-09-01,BMY,sell_put,1.731,2,2,5.492,1.731,0.03462,True
2019-09-01,BRK-B,skip,0.0,0,0,2.2664,0.0,0.0,True
2019-09-01,C,skip,0.0,0,0,8.1575,0.0,0.0,True
2019-09-01,CAT,skip,0.0,0,0,6.1429,0.0,0.0,True
2019-09-01,CHTR,sell_put,1.9095,2,2,0.6177,1.9095,0.03819,True
2019-09-01,CL,sell_put,1.2929,2,2,-0.8631,0.4298,0.008596,True
2019-09-01,CME,sell_put,1.677,2,2,-2.7383,-1.0613,-0.021226,True
2019-09-01,COST,sell_put,1.5879,2,2,-2.0399,-0.4519,-0.009038,True
2019-09-01,CRM,sell_put,2.3981,2,2,-4.8888,-2.4908,-0.049816,True
2019-09-01,CSCO,skip,0.0,0,0,5.5544,0.0,0.0,True
2019-09-01,CSX,skip,0.0,0,0,3.738,0.0,0.0,True
2019-09-01,CVS,sell_put,1.8308,2,2,3.5292,1.8308,0.036616,True
2019-09-01,CVX,skip,0.0,0,0,1.7832,0.0,0.0,True
2019-09-01,DHR,sell_put,1.5146,2,2,1.6469,1.5146,0.030292,True
2019-09-01,DIS,skip,0.0,0,0,-5.0561,0.0,0.0,True
2019-09-01,DUK,sell_put,1.2161,2,2,4.4759,1.2161,0.024322,True
2019-09-01,EL,sell_put,1.8476,2,2,0.6987,1.8476,0.036952,True
2019-09-01,ELV,skip,0.0,0,0,-8.1906,0.0,0.0,True
2019-09-01,EOG,skip,0.0,0,0,0.0404,0.0,0.0,True
2019-09-01,FDX,skip,0.0,0,0,-8.2214,0.0,0.0,True
2019-09-01,GE,skip,0.0,0,0,8.3637,0.0,0.0,True
2019-09-01,GILD,skip,0.0,0,0,-0.2518,0.0,0.0,True
2019-09-01,GM,skip,0.0,0,0,1.0515,0.0,0.0,True
2019-09-01,GOOGL,skip,0.0,0,0,2.5711,0.0,0.0,True
2019-09-01,GS,skip,0.0,0,0,2.266,0.0,0.0,True
2019-09-01,HD,sell_put,1.712,2,2,1.8033,1.712,0.03424,True
2019-09-01,HON,skip,0.0,0,0,3.2985,0.0,0.0,True
2019-09-01,IBM,skip,0.0,0,0,8.5615,0.0,0.0,True
2019-09-01,ICE,sell_put,1.8476,2,2,-1.2944,0.5532,0.011064,True
2019-09-01,INTC,skip,0.0,0,0,9.424,0.0,0.0,True
2019-09-01,INTU,sell_put,2.1904,2,2,-7.775,-5.5846,-0.111692,True
2019-09-01,ISRG,skip,0.0,0,0,5.5912,0.0,0.0,True
2019-09-01,ITW,skip,0.0,0,0,4.4241,0.0,0.0,True
2019-09-01,JNJ,skip,0.0,0,0,1.5499,0.0,0.0,True
2019-09-01,JPM,skip,0.0,0,0,7.1272,0.0,0.0,True
2019-09-01,KO,sell_put,1.2161,2,2,-1.0902,0.126,0.00252,True
2019-09-01,LLY,sell_put,2.1739,2,2,-0.4542,1.7197,0.034394,True
2019-09-01,LMT,sell_put,2.002,2,2,2.1335,2.002,0.04004,True
2019-09-01,LOW,sell_put,1.712,2,2,-1.9964,-0.2844,-0.005688,True
2019-09-01,MA,sell_put,1.6426,2,2,-3.483,-1.8403,-0.036806,True
2019-09-01,MCD,sell_put,1.2161,2,2,-0.9748,0.2414,0.004828,True
2019-09-01,MDLZ,sell_put,1.3758,2,2,0.1811,1.3758,0.027516,True
2019-09-01,MDT,sell_put,1.5146,2,2,0.6766,1.5146,0.030292,True
2019-09-01,META,skip,0.0,0,0,-4.0879,0.0,0.0,True
2019-09-01,MMM,skip,0.0,0,0,2.5874,0.0,0.0,True
2019-09-01,MO,skip,0.0,0,0,-6.4929,0.0,0.0,True
2019-09-01,MRK,sell_put,1.6746,2,2,-2.6483,-0.9737,-0.019474,True
2019-09-01,MS,skip,0.0,0,0,2.844,0.0,0.0,True
2019-09-01,MSFT,sell_put,1.7841,2,2,1.1845,1.7841,0.035682,True
2019-09-01,MU,sell_put,3.3206,2,2,-5.3457,-2.0251,-0.040502,True
2019-09-01,NEE,sell_put,1.2161,2,2,6.9461,1.2161,0.024322,True
2019-09-01,NFLX,skip,0.0,0,0,-8.8953,0.0,0.0,True
2019-09-01,NKE,skip,0.0,0,0,11.435,0.0,0.0,True
2019-09-01,NVDA,skip,0.0,0,0,4.019,0.0,0.0,True
2019-09-01,ORCL,skip,0.0,0,0,5.705,0.0,0.0,True
2019-09-01,PEP,sell_put,1.3758,2,2,0.2706,1.3758,0.027516,True
2019-09-01,PFE,skip,0.0,0,0,2.0145,0.0,0.0,True
2019-09-01,PG,sell_put,1.2929,2,2,3.4517,1.2929,0.025858,True
2019-09-01,PM,skip,0.0,0,0,5.3267,0.0,0.0,True
2019-09-01,PYPL,skip,0.0,0,0,-5.0069,0.0,0.0,True
2019-09-01,QCOM,sell_put,2.6292,2,2,-1.9159,0.7133,0.014266,True
2019-09-01,SBUX,sell_put,1.2161,2,2,-8.0829,-6.8667,-0.137334,True
2019-09-01,SCHW,skip,0.0,0,0,9.7991,0.0,0.0,True
2019-09-01,SO,sell_put,1.2161,2,2,7.1778,1.2161,0.024322,True
2019-09-01,SPGI,sell_put,1.677,2,2,-5.6365,-3.9595,-0.07919,True
2019-09-01,SYK,sell_put,1.5146,2,2,-1.9759,-0.4613,-0.009226,True
2019-09-01,T,sell_put,1.9095,2,2,7.3171,1.9095,0.03819,True
2019-09-01,TJX,sell_put,1.5072,2,2,1.8382,1.5072,0.030144,True
2019-09-01,TMO,sell_put,1.7549,2,2,1.4666,1.7549,0.035098,True
2019-09-01,TMUS,skip,0.0,0,0,0.9225,0.0,0.0,True
2019-09-01,TXN,skip,0.0,0,0,4.4364,0.0,0.0,True
2019-09-01,UNH,skip,0.0,0,0,-7.1282,0.0,0.0,True
2019-09-01,UNP,skip,0.0,0,0,0.6286,0.0,0.0,True
2019-09-01,USB,skip,0.0,0,0,5.0294,0.0,0.0,True
2019-09-01,V,sell_put,1.5705,2,2,-4.735,-3.1645,-0.06329,True
2019-09-01,VRTX,sell_put,1.731,2,2,-5.8882,-4.1573,-0.083146,True
2019-09-01,VZ,sell_put,1.9095,2,2,3.7827,1.9095,0.03819,True
2019-09-01,WFC,skip,0.0,0,0,9.5294,0.0,0.0,True
2019-09-01,WMT,sell_put,1.5072,2,2,4.3797,1.5072,0.030144,True
2019-09-01,XOM,skip,0.0,0,0,4.3925,0.0,0.0,True
2019-09-01,ZTS,sell_put,1.731,2,2,-1.4475,0.2834,0.005668,True
2019-10-01,AAPL,sell_put,1.577,2,2,11.0685,1.577,0.03154,True
2019-10-01,ABBV,sell_put,1.4091,2,2,5.0581,1.4091,0.028182,True
2019-10-01,ABT,skip,0.0,0,0,-0.0717,0.0,0.0,True
2019-10-01,ADBE,skip,0.0,0,0,0.6081,0.0,0.0,True
2019-10-01,ADP,skip,0.0,0,0,0.997,0.0,0.0,True
2019-10-01,AMAT,sell_put,2.0924,2,2,8.7375,2.0924,0.041848,True
2019-10-01,AMGN,skip,0.0,0,0,10.201,0.0,0.0,True
2019-10-01,AMT,skip,0.0,0,0,-0.9555,0.0,0.0,True
2019-10-01,AMZN,skip,0.0,0,0,2.3475,0.0,0.0,True
2019-10-01,AVGO,skip,0.0,0,0,7.0543,0.0,0.0,True
2019-10-01,AXP,skip,0.0,0,0,-0.8455,0.0,0.0,True
2019-10-01,BA,sell_put,1.504,2,2,-10.6605,-9.1565,-0.18313,True
2019-10-01,BAC,sell_put,1.6068,2,2,7.9057,1.6068,0.032136,True
2019-10-01,BDX,skip,0.0,0,0,1.5041,0.0,0.0,True
2019-10-01,BKNG,skip,0.0,0,0,4.3901,0.0,0.0,True
2019-10-01,BLK,sell_put,1.3651,2,2,4.4326,1.3651,0.027302,True
2019-10-01,BMY,sell_put,1.4091,2,2,13.1335,1.4091,0.028182,True
2019-10-01,BRK-B,sell_put,0.9069,2,2,2.1921,0.9069,0.018138,True
2019-10-01,C,sell_put,1.504,2,2,4.0243,1.504,0.03008,True
2019-10-01,CAT,sell_put,1.6297,2,2,9.0967,1.6297,0.032594,True
2019-10-01,CHTR,sell_put,1.5544,2,2,13.5252,1.5544,0.031088,True
2019-10-01,CL,skip,0.0,0,0,-6.6794,0.0,0.0,True
2019-10-01,CME,skip,0.0,0,0,-2.3166,0.0,0.0,True
2019-10-01,COST,skip,0.0,0,0,3.1238,0.0,0.0,True
2019-10-01,CRM,skip,0.0,0,0,5.4231,0.0,0.0,True
2019-10-01,CSCO,sell_put,1.5074,2,2,-3.8454,-2.338,-0.04676,True
2019-10-01,CSX,sell_put,1.504,2,2,1.4436,1.504,0.03008,True
2019-10-01,CVS,sell_put,1.4904,2,2,5.264,1.4904,0.029808,True
2019-10-01,CVX,sell_put,1.5027,2,2,-2.0742,-0.5715,-0.01143,True
2019-10-01,DHR,sell_put,1.233,2,2,-4.4638,-3.2308,-0.064616,True
2019-10-01,DIS,skip,0.0,0,0,-0.307,0.0,0.0,True
2019-10-01,DUK,sell_put,0.99,2,2,-1.6691,-0.6791,-0.013582,True
2019-10-01,EL,sell_put,1.504,2,2,-6.3735,-4.8695,-0.09739,True
2019-10-01,ELV,skip,0.0,0,0,12.4306,0.0,0.0,True
2019-10-01,EOG,sell_put,1.6297,2,2,-6.6155,-4.9858,-0.099716,True
2019-10-01,FDX,skip,0.0,0,0,5.2869,0.0,0.0,True
2019-10-01,GE,sell_put,1.6297,2,2,11.7538,1.6297,0.032594,True
2019-10-01,GILD,skip,0.0,0,0,1.4596,0.0,0.0,True
2019-10-01,GM,sell_put,1.6297,2,2,0.1414,1.6297,0.032594,True
2019-10-01,GOOGL,sell_put,1.7475,2,2,3.084,1.7475,0.03495,True
2019-10-01,GS,sell_put,1.3651,2,2,2.9678,1.3651,0.027302,True
2019-10-01,HD,sell_put,1.3937,2,2,1.7208,1.3937,0.027874,True
2019-10-01,HON,sell_put,1.5074,2,2,2.0863,1.5074,0.030148,True
2019-10-01,IBM,sell_put,1.5074,2,2,-8.0388,-6.5314,-0.130628,True
2019-10-01,ICE,skip,0.0,0,0,2.534,0.0,0.0,True
2019-10-01,INTC,sell_put,2.0924,2,2,9.7031,2.0924,0.041848,True
2019-10-01,INTU,skip,0.0,0,0,-3.1737,0.0,0.0,True
2019-10-01,ISRG,sell_put,1.233,2,2,2.4114,1.233,0.02466,True
2019-10-01,ITW,sell_put,1.5074,2,2,8.473,1.5074,0.030148,True
2019-10-01,JNJ,sell_put,1.0302,2,2,2.0559,1.0302,0.020604,True
2019-10-01,JPM,sell_put,1.3651,2,2,6.1433,1.3651,0.027302,True
2019-10-01,KO,skip,0.0,0,0,0.7127,0.0,0.0,True
2019-10-01,LLY,skip,0.0,0,0,1.8957,0.0,0.0,True
2019-10-01,LMT,sell_put,1.6297,2,2,-3.4303,-1.8006,-0.036012,True
2019-10-01,LOW,skip,0.0,0,0,1.5005,0.0,0.0,True
2019-10-01,MA,skip,0.0,0,0,1.9295,0.0,0.0,True
2019-10-01,MCD,skip,0.0,0,0,-8.3881,0.0,0.0,True
2019-10-01,MDLZ,sell_put,1.1199,2,2,-4.7003,-3.5804,-0.071608,True
2019-10-01,MDT,sell_put,1.233,2,2,0.7634,1.233,0.02466,True
2019-10-01,META,skip,0.0,0,0,7.6202,0.0,0.0,True
2019-10-01,MMM,sell_put,1.5074,2,2,0.3589,1.5074,0.030148,True
2019-10-01,MO,skip,0.0,0,0,11.6199,0.0,0.0,True
2019-10-01,MRK,skip,0.0,0,0,3.6302,0.0,0.0,True
2019-10-01,MS,sell_put,1.3651,2,2,7.9213,1.3651,0.027302,True
2019-10-01,MSFT,sell_put,1.4523,2,2,3.1217,1.4523,0.029046,True
2019-10-01,MU,skip,0.0,0,0,10.9685,0.0,0.0,True
2019-10-01,NEE,sell_put,0.99,2,2,2.2962,0.99,0.0198,True
2019-10-01,NFLX,skip,0.0,0,0,7.3948,0.0,0.0,True
2019-10-01,NKE,sell_put,1.7637,2,2,-4.6529,-2.8892,-0.057784,True
2019-10-01,NVDA,sell_put,2.7031,2,2,15.4823,2.7031,0.054062,True
2019-10-01,ORCL,sell_put,1.809,2,2,-0.9813,0.8277,0.016554,True
2019-10-01,PEP,sell_put,1.1199,2,2,0.7425,1.1199,0.022398,True
2019-10-01,PFE,sell_put,1.4091,2,2,6.7909,1.4091,0.028182,True
2019-10-01,PG,sell_put,1.0524,2,2,0.1045,1.0524,0.021048,True
2019-10-01,PM,sell_put,1.1199,2,2,9.0284,1.1199,0.022398,True
2019-10-01,PYPL,skip,0.0,0,0,0.4923,0.0,0.0,True
2019-10-01,QCOM,skip,0.0,0,0,6.2908,0.0,0.0,True
2019-10-01,SBUX,skip,0.0,0,0,-4.3655,0.0,0.0,True
2019-10-01,SCHW,sell_put,1.3651,2,2,-2.6775,-1.3124,-0.026248,True
2019-10-01,SO,sell_put,0.99,2,2,1.4408,0.99,0.0198,True
2019-10-01,SPGI,skip,0.0,0,0,5.3106,0.0,0.0,True
2019-10-01,SYK,skip,0.0,0,0,0.227,0.0,0.0,True
2019-10-01,T,sell_put,1.5544,2,2,1.7178,1.5544,0.031088,True
2019-10-01,TJX,sell_put,1.227,2,2,3.4266,1.227,0.02454,True
2019-10-01,TMO,sell_put,1.4286,2,2,3.7433,1.4286,0.028572,True
2019-10-01,TMUS,sell_put,1.5544,2,2,4.9384,1.5544,0.031088,True
2019-10-01,TXN,sell_put,2.0924,2,2,-8.7048,-6.6124,-0.132248,True
2019-10-01,UNH,skip,0.0,0,0,16.8285,0.0,0.0,True
2019-10-01,UNP,sell_put,1.6297,2,2,2.1484,1.6297,0.032594,True
2019-10-01,USB,sell_put,1.3651,2,2,3.8205,1.3651,0.027302,True
2019-10-01,V,skip,0.0,0,0,3.9823,0.0,0.0,True
2019-10-01,VRTX,skip,0.0,0,0,15.3819,0.0,0.0,True
2019-10-01,VZ,sell_put,1.5544,2,2,0.1822,1.5544,0.031088,True
2019-10-01,WFC,sell_put,1.7458,2,2,2.3593,1.7458,0.034916,True
2019-10-01,WMT,sell_put,1.227,2,2,-1.1965,0.0304,0.000608,True
2019-10-01,XOM,sell_put,1.6297,2,2,-4.3053,-2.6757,-0.053514,True
2019-10-01,ZTS,skip,0.0,0,0,2.6728,0.0,0.0,True
2019-11-01,AAPL,sell_put,1.5054,2,2,7.4329,1.5054,0.030108,True
2019-11-01,ABBV,sell_put,1.3451,2,2,11.891,1.3451,0.026902,True
2019-11-01,ABT,skip,0.0,0,0,2.6104,0.0,0.0,True
2019-11-01,ADBE,sell_put,1.8337,2,2,11.3698,1.8337,0.036674,True
2019-11-01,ADP,sell_put,1.439,2,2,5.2703,1.439,0.02878,True
2019-11-01,AMAT,sell_put,1.9974,2,2,6.7084,1.9974,0.039948,True
2019-11-01,AMGN,sell_put,1.3451,2,2,10.068,1.3451,0.026902,True
2019-11-01,AMT,skip,0.0,0,0,-1.8571,0.0,0.0,True
2019-11-01,AMZN,sell_put,1.8313,2,2,1.3587,1.8313,0.036626,True
2019-11-01,AVGO,sell_put,1.9974,2,2,7.9768,1.9974,0.039948,True
2019-11-01,AXP,skip,0.0,0,0,2.8133,0.0,0.0,True
2019-11-01,BA,skip,0.0,0,0,7.7285,0.0,0.0,True
2019-11-01,BAC,sell_put,1.5338,2,2,6.5558,1.5338,0.030676,True
2019-11-01,BDX,sell_put,1.177,2,2,0.9766,1.177,0.02354,True
2019-11-01,BKNG,sell_put,1.4357,2,2,-7.0647,-5.629,-0.11258,True
2019-11-01,BLK,sell_put,1.3032,2,2,7.1929,1.3032,0.026064,True
2019-11-01,BMY,sell_put,1.3451,2,2,0.0843,1.3451,0.026902,True
2019-11-01,BRK-B,sell_put,0.8657,2,2,3.6316,0.8657,0.017314,True
2019-11-01,C,sell_put,1.4357,2,2,4.5366,1.4357,0.028714,True
2019-11-01,CAT,sell_put,1.5557,2,2,5.8546,1.5557,0.031114,True
2019-11-01,CHTR,sell_put,1.4838,2,2,0.4595,1.4838,0.029676,True
2019-11-01,CL,skip,0.0,0,0,-0.5107,0.0,0.0,True
2019-11-01,CME,skip,0.0,0,0,-1.4678,0.0,0.0,True
2019-11-01,COST,sell_put,1.234,2,2,1.128,1.234,0.02468,True
2019-11-01,CRM,sell_put,1.8635,2,2,4.0897,1.8635,0.03727,True
2019-11-01,CSCO,skip,0.0,0,0,-3.9083,0.0,0.0,True
2019-11-01,CSX,sell_put,1.4357,2,2,1.8073,1.4357,0.028714,True
2019-11-01,CVS,sell_put,1.4227,2,2,14.2336,1.4227,0.028454,True
2019-11-01,CVX,skip,0.0,0,0,0.8524,0.0,0.0,True
2019-11-01,DHR,skip,0.0,0,0,5.9208,0.0,0.0,True
2019-11-01,DIS,skip,0.0,0,0,16.6718,0.0,0.0,True
2019-11-01,DUK,skip,0.0,0,0,-6.4608,0.0,0.0,True
2019-11-01,EL,skip,0.0,0,0,4.9391,0.0,0.0,True
2019-11-01,ELV,sell_put,1.4227,2,2,7.2767,1.4227,0.028454,True
2019-11-01,EOG,skip,0.0,0,0,2.7212,0.0,0.0,True
2019-11-01,FDX,sell_put,1.439,2,2,4.8408,1.439,0.02878,True
2019-11-01,GE,sell_put,1.5557,2,2,12.9259,1.5557,0.031114,True
2019-11-01,GILD,sell_put,1.3451,2,2,5.5407,1.3451,0.026902,True
2019-11-01,GM,sell_put,1.5557,2,2,-3.1217,-1.5659,-0.031318,True
2019-11-01,GOOGL,sell_put,1.6682,2,2,3.5979,1.6682,0.033364,True
2019-11-01,GS,sell_put,1.3032,2,2,3.7351,1.3032,0.026064,True
2019-11-01,HD,sell_put,1.3304,2,2,-5.9979,-4.6676,-0.093352,True
2019-11-01,HON,sell_put,1.439,2,2,3.3694,1.439,0.02878,True
2019-11-01,IBM,skip,0.0,0,0,0.5384,0.0,0.0,True
2019-11-01,ICE,sell_put,1.4357,2,2,-0.159,1.2767,0.025534,True
2019-11-01,INTC,sell_put,1.9974,2,2,2.6889,1.9974,0.039948,True
2019-11-01,INTU,skip,0.0,0,0,0.7444,0.0,0.0,True
2019-11-01,ISRG,sell_put,1.177,2,2,7.2249,1.177,0.02354,True
2019-11-01,ITW,sell_put,1.439,2,2,3.4108,1.439,0.02878,True
2019-11-01,JNJ,sell_put,0.9835,2,2,4.1275,0.9835,0.01967,True
2019-11-01,JPM,sell_put,1.3032,2,2,6.3204,1.3032,0.026064,True
2019-11-01,KO,sell_put,0.9451,2,2,-1.8923,-0.9473,-0.018946,True
2019-11-01,LLY,sell_put,1.6893,2,2,2.9838,1.6893,0.033786,True
2019-11-01,LMT,skip,0.0,0,0,3.8096,0.0,0.0,True
2019-11-01,LOW,sell_put,1.3304,2,2,5.626,1.3304,0.026608,True
2019-11-01,MA,sell_put,1.2765,2,2,5.6988,1.2765,0.02553,True
2019-11-01,MCD,skip,0.0,0,0,-1.1286,0.0,0.0,True
2019-11-01,MDLZ,skip,0.0,0,0,0.1716,0.0,0.0,True
2019-11-01,MDT,sell_put,1.177,2,2,2.2865,1.177,0.02354,True
2019-11-01,META,sell_put,2.0762,2,2,5.2126,2.0762,0.041524,True
2019-11-01,MMM,sell_put,1.439,2,2,2.8971,1.439,0.02878,True
2019-11-01,MO,sell_put,1.0691,2,2,10.9623,1.0691,0.021382,True
2019-11-01,MRK,sell_put,1.3013,2,2,0.6,1.3013,0.026026,True
2019-11-01,MS,sell_put,1.3032,2,2,8.2575,1.3032,0.026064,True
2019-11-01,MSFT,sell_put,1.3864,2,2,5.587,1.3864,0.027728,True
2019-11-01,MU,sell_put,2.5804,2,2,-0.0841,2.4963,0.049926,True
2019-11-01,NEE,sell_put,0.9451,2,2,-1.8964,-0.9514,-0.019028,True
2019-11-01,NFLX,sell_put,2.1265,2,2,9.4812,2.1265,0.04253,True
2019-11-01,NKE,skip,0.0,0,0,4.3998,0.0,0.0,True
2019-11-01,NVDA,sell_put,2.5804,2,2,7.8201,2.5804,0.051608,True
2019-11-01,ORCL,skip,0.0,0,0,3.4876,0.0,0.0,True
2019-11-01,PEP,sell_put,1.0691,2,2,-0.9769,0.0922,0.001844,True
2019-11-01,PFE,sell_put,1.3451,2,2,0.3909,1.3451,0.026902,True
2019-11-01,PG,sell_put,1.0047,2,2,-1.3415,-0.3368,-0.006736,True
2019-11-01,PM,sell_put,1.0691,2,2,1.8296,1.0691,0.021382,True
2019-11-01,PYPL,sell_put,1.2765,2,2,3.756,1.2765,0.02553,True
2019-11-01,QCOM,sell_put,2.0431,2,2,3.8663,2.0431,0.040862,True
2019-11-01,SBUX,skip,0.0,0,0,1.0289,0.0,0.0,True
2019-11-01,SCHW,skip,0.0,0,0,21.5917,0.0,0.0,True
2019-11-01,SO,sell_put,0.9451,2,2,-1.0693,-0.1242,-0.002484,True
2019-11-01,SPGI,sell_put,1.3032,2,2,2.5815,1.3032,0.026064,True
2019-11-01,SYK,sell_put,1.177,2,2,-5.2758,-4.0988,-0.081976,True
2019-11-01,T,sell_put,1.4838,2,2,-1.1021,0.3817,0.007634,True
2019-11-01,TJX,sell_put,1.1713,2,2,6.0364,1.1713,0.023426,True
2019-11-01,TMO,sell_put,1.3637,2,2,3.9638,1.3637,0.027274,True
2019-11-01,TMUS,sell_put,1.4838,2,2,-4.9722,-3.4883,-0.069766,True
2019-11-01,TXN,skip,0.0,0,0,2.6496,0.0,0.0,True
2019-11-01,UNH,sell_put,1.4227,2,2,10.7518,1.4227,0.028454,True
2019-11-01,UNP,sell_put,1.5557,2,2,6.3641,1.5557,0.031114,True
2019-11-01,USB,sell_put,1.3032,2,2,5.2788,1.3032,0.026064,True
2019-11-01,V,sell_put,1.2204,2,2,3.1589,1.2204,0.024408,True
2019-11-01,VRTX,sell_put,1.3451,2,2,13.4387,1.3451,0.026902,True
2019-11-01,VZ,sell_put,1.4838,2,2,0.6562,1.4838,0.029676,True
2019-11-01,WFC,sell_put,1.6666,2,2,5.4813,1.6666,0.033332,True
2019-11-01,WMT,skip,0.0,0,0,1.5607,0.0,0.0,True
2019-11-01,XOM,skip,0.0,0,0,0.8288,0.0,0.0,True
2019-11-01,ZTS,sell_put,1.3451,2,2,-5.6641,-4.319,-0.08638,True
2019-12-01,AAPL,sell_put,1.6438,1,1,10.2083,1.6438,0.016438,False
2019-12-01,ABBV,sell_put,1.4688,1,1,0.9233,1.4688,0.014688,False
2019-12-01,ABT,sell_put,1.2852,1,1,1.6501,1.2852,0.012852,False
2019-12-01,ADBE,sell_put,2.0022,1,1,6.5519,2.0022,0.020022,False
2019-12-01,ADP,sell_put,1.5713,1,1,-0.1639,1.4073,0.014073,False
2019-12-01,AMAT,sell_put,2.181,1,1,5.7877,2.181,0.02181,False
2019-12-01,AMGN,sell_put,1.4688,1,1,3.3878,1.4688,0.014688,False
2019-12-01,AMT,skip,0.0,0,0,7.3775,0.0,0.0,False
2019-12-01,AMZN,sell_put,1.9996,1,1,2.6122,1.9996,0.019996,False
2019-12-01,AVGO,sell_put,2.181,1,1,-0.0601,2.1209,0.021209,False
2019-12-01,AXP,sell_put,1.3938,1,1,3.638,1.3938,0.013938,False
2019-12-01,BA,sell_put,1.5677,1,1,-10.5191,-8.9514,-0.089514,False
2019-12-01,BAC,sell_put,1.6748,1,1,5.7023,1.6748,0.016748,False
2019-12-01,BDX,sell_put,1.2852,1,1,5.2108,1.2852,0.012852,False
2019-12-01,BKNG,skip,0.0,0,0,7.8623,0.0,0.0,False
2019-12-01,BLK,sell_put,1.423,1,1,1.574,1.423,0.01423,False
2019-12-01,BMY,sell_put,1.4688,1,1,12.7327,1.4688,0.014688,False
2019-12-01,BRK-B,sell_put,0.9453,1,1,2.8143,0.9453,0.009453,False
2019-12-01,C,sell_put,1.5677,1,1,7.11,1.5677,0.015677,False
2019-12-01,CAT,sell_put,1.6987,1,1,2.0383,1.6987,0.016987,False
2019-12-01,CHTR,sell_put,1.6202,1,1,3.2063,1.6202,0.016202,False
2019-12-01,CL,skip,0.0,0,0,1.504,0.0,0.0,False
2019-12-01,CME,skip,0.0,0,0,-0.9915,0.0,0.0,False
2019-12-01,COST,sell_put,1.3474,1,1,-1.9646,-0.6172,-0.006172,False
2019-12-01,CRM,sell_put,2.0348,1,1,-0.1535,1.8813,0.018813,False
2019-12-01,CSCO,skip,0.0,0,0,5.8486,0.0,0.0,False
2019-12-01,CSX,sell_put,1.5677,1,1,1.4847,1.5677,0.015677,False
2019-12-01,CVS,sell_put,1.5535,1,1,-1.302,0.2515,0.002515,False
2019-12-01,CVX,sell_put,1.5664,1,1,3.8995,1.5664,0.015664,False
2019-12-01,DHR,sell_put,1.2852,1,1,5.1377,1.2852,0.012852,False
2019-12-01,DIS,sell_put,1.7075,1,1,-4.585,-2.8775,-0.028775,False
2019-12-01,DUK,skip,0.0,0,0,4.564,0.0,0.0,False
2019-12-01,EL,sell_put,1.5677,1,1,5.9234,1.5677,0.015677,False
2019-12-01,ELV,sell_put,1.5535,1,1,4.6318,1.5535,0.015535,False
2019-12-01,EOG,sell_put,1.6987,1,1,18.1382,1.6987,0.016987,False
2019-12-01,FDX,sell_put,1.5713,1,1,-5.5233,-3.952,-0.03952,False
2019-12-01,GE,sell_put,1.6987,1,1,-0.9761,0.7227,0.007227,False
2019-12-01,GILD,sell_put,1.4688,1,1,-3.3611,-1.8923,-0.018923,False
2019-12-01,GM,skip,0.0,0,0,1.6667,0.0,0.0,False
2019-12-01,GOOGL,sell_put,1.8216,1,1,2.7069,1.8216,0.018216,False
2019-12-01,GS,sell_put,1.423,1,1,4.4619,1.423,0.01423,False
2019-12-01,HD,skip,0.0,0,0,-0.966,0.0,0.0,False
2019-12-01,HON,sell_put,1.5713,1,1,-0.3753,1.1959,0.011959,False
2019-12-01,IBM,sell_put,1.5713,1,1,0.8725,1.5713,0.015713,False
2019-12-01,ICE,skip,0.0,0,0,-1.7203,0.0,0.0,False
2019-12-01,INTC,sell_put,2.181,1,1,3.6682,2.181,0.02181,False
2019-12-01,INTU,sell_put,1.8586,1,1,1.1742,1.8586,0.018586,False
2019-12-01,ISRG,sell_put,1.2852,1,1,-0.2952,0.99,0.0099,False
2019-12-01,ITW,sell_put,1.5713,1,1,3.0402,1.5713,0.015713,False
2019-12-01,JNJ,sell_put,1.0739,1,1,6.8301,1.0739,0.010739,False
2019-12-01,JPM,sell_put,1.423,1,1,5.7984,1.423,0.01423,False
2019-12-01,KO,skip,0.0,0,0,4.4259,0.0,0.0,False
2019-12-01,LLY,sell_put,1.8446,1,1,12.6425,1.8446,0.018446,False
2019-12-01,LMT,sell_put,1.6987,1,1,0.1879,1.6987,0.016987,False
2019-12-01,LOW,sell_put,1.4527,1,1,2.0885,1.4527,0.014527,False
2019-12-01,MA,sell_put,1.3938,1,1,2.1763,1.3938,0.013938,False
2019-12-01,MCD,skip,0.0,0,0,2.2606,0.0,0.0,False
2019-12-01,MDLZ,sell_put,1.1674,1,1,4.8344,1.1674,0.011674,False
2019-12-01,MDT,sell_put,1.2852,1,1,1.8494,1.2852,0.012852,False
2019-12-01,META,sell_put,2.267,1,1,1.7903,2.267,0.02267,False
2019-12-01,MMM,sell_put,1.5713,1,1,4.8167,1.5713,0.015713,False
2019-12-01,MO,sell_put,1.1674,1,1,0.4225,1.1674,0.011674,False
2019-12-01,MRK,sell_put,1.421,1,1,4.3244,1.421,0.01421,False
2019-12-01,MS,sell_put,1.423,1,1,3.3144,1.423,0.01423,False
2019-12-01,MSFT,sell_put,1.5138,1,1,4.5294,1.5138,0.015138,False
2019-12-01,MU,skip,0.0,0,0,13.1972,0.0,0.0,False
2019-12-01,NEE,skip,0.0,0,0,4.1209,0.0,0.0,False
2019-12-01,NFLX,sell_put,2.3219,1,1,2.8316,2.3219,0.023219,False
2019-12-01,NKE,sell_put,1.8385,1,1,8.6473,1.8385,0.018385,False
2019-12-01,NVDA,sell_put,2.8176,1,1,8.6434,2.8176,0.028176,False
2019-12-01,ORCL,sell_put,1.8856,1,1,-5.6288,-3.7432,-0.037432,False
2019-12-01,PEP,skip,0.0,0,0,0.6184,0.0,0.0,False
2019-12-01,PFE,sell_put,1.4688,1,1,2.6964,1.4688,0.014688,False
2019-12-01,PG,skip,0.0,0,0,2.3267,0.0,0.0,False
2019-12-01,PM,sell_put,1.1674,1,1,2.6046,1.1674,0.011674,False
2019-12-01,PYPL,sell_put,1.3938,1,1,0.1481,1.3938,0.013938,False
2019-12-01,QCOM,sell_put,2.2309,1,1,5.6014,2.2309,0.022309,False
2019-12-01,SBUX,sell_put,1.0319,1,1,3.4291,1.0319,0.010319,False
2019-12-01,SCHW,sell_put,1.423,1,1,-3.5385,-2.1156,-0.021156,False
2019-12-01,SO,skip,0.0,0,0,3.7899,0.0,0.0,False
2019-12-01,SPGI,sell_put,1.423,1,1,3.3962,1.423,0.01423,False
2019-12-01,SYK,skip,0.0,0,0,2.4797,0.0,0.0,False
2019-12-01,T,skip,0.0,0,0,4.5479,0.0,0.0,False
2019-12-01,TJX,sell_put,1.2789,1,1,0.2804,1.2789,0.012789,False
2019-12-01,TMO,sell_put,1.4891,1,1,3.4782,1.4891,0.014891,False
2019-12-01,TMUS,skip,0.0,0,0,-0.1655,0.0,0.0,False
2019-12-01,TXN,sell_put,2.181,1,1,6.7215,2.181,0.02181,False
2019-12-01,UNH,sell_put,1.5535,1,1,5.0417,1.5535,0.015535,False
2019-12-01,UNP,sell_put,1.6987,1,1,3.29,1.6987,0.016987,False
2019-12-01,USB,sell_put,1.423,1,1,-1.2327,0.1902,0.001902,False
2019-12-01,V,sell_put,1.3326,1,1,2.0079,1.3326,0.013326,False
2019-12-01,VRTX,sell_put,1.4688,1,1,-1.2627,0.2061,0.002061,False
2019-12-01,VZ,sell_put,1.6202,1,1,1.9256,1.6202,0.016202,False
2019-12-01,WFC,sell_put,1.8198,1,1,-0.2665,1.5533,0.015533,False
2019-12-01,WMT,sell_put,1.2789,1,1,-0.2099,1.069,0.01069,False
2019-12-01,XOM,sell_put,1.6987,1,1,3.6571,1.6987,0.016987,False
2019-12-01,ZTS,skip,0.0,0,0,9.8158,0.0,0.0,False
2020-01-01,AAPL,sell_put,2.2473,1,1,5.401,2.2473,0.022473,False
2020-01-01,ABBV,sell_put,2.0081,1,1,-8.4933,-6.4852,-0.064852,False
2020-01-01,ABT,sell_put,1.7571,1,1,0.3223,1.7571,0.017571,False
2020-01-01,ADBE,sell_put,2.7374,1,1,6.4674,2.7374,0.027374,False
2020-01-01,ADP,skip,0.0,0,0,1.0719,0.0,0.0,False
2020-01-01,AMAT,sell_put,2.9819,1,1,-4.9967,-2.0148,-0.020148,False
2020-01-01,AMGN,sell_put,2.0081,1,1,-10.3787,-8.3706,-0.083706,False
2020-01-01,AMT,sell_put,2.1482,1,1,1.2859,2.1482,0.021482,False
2020-01-01,AMZN,sell_put,2.7338,1,1,8.7064,2.7338,0.027338,False
2020-01-01,AVGO,skip,0.0,0,0,-2.4584,0.0,0.0,False
2020-01-01,AXP,sell_put,1.9056,1,1,4.3216,1.9056,0.019056,False
2020-01-01,BA,skip,0.0,0,0,-2.2993,0.0,0.0,False
2020-01-01,BAC,sell_put,2.2898,1,1,-6.277,-3.9872,-0.039872,False
2020-01-01,BDX,sell_put,1.7571,1,1,1.4878,1.7571,0.017571,False
2020-01-01,BKNG,sell_put,2.1433,1,1,-10.867,-8.7237,-0.087237,False
2020-01-01,BLK,sell_put,1.9455,1,1,5.6197,1.9455,0.019455,False
2020-01-01,BMY,sell_put,2.0081,1,1,-1.9318,0.0763,0.000763,False
2020-01-01,BRK-B,sell_put,1.2924,1,1,-0.9139,0.3785,0.003785,False
2020-01-01,C,sell_put,2.1433,1,1,-6.8594,-4.7161,-0.047161,False
2020-01-01,CAT,sell_put,2.3225,1,1,-11.0577,-8.7352,-0.087352,False
2020-01-01,CHTR,sell_put,2.2152,1,1,6.6752,2.2152,0.022152,False
2020-01-01,CMCSA,sell_put,2.2152,1,1,-3.9582,-1.743,-0.01743,False
2020-01-01,COST,skip,0.0,0,0,3.9466,0.0,0.0,False
2020-01-01,CRM,skip,0.0,0,0,12.0942,0.0,0.0,False
2020-01-01,CSCO,sell_put,2.1482,1,1,-4.1493,-2.001,-0.02001,False
2020-01-01,CSX,sell_put,2.1433,1,1,5.5003,2.1433,0.021433,False
2020-01-01,CVS,skip,0.0,0,0,-8.7091,0.0,0.0,False
2020-01-01,CVX,sell_put,2.1416,1,1,-11.0945,-8.9529,-0.089529,False
2020-01-01,DHR,sell_put,1.7571,1,1,4.9313,1.7571,0.017571,False
2020-01-01,DIS,skip,0.0,0,0,-3.7968,0.0,0.0,False
2020-01-01,DUK,sell_put,1.4109,1,1,7.0387,1.4109,0.014109,False
2020-01-01,EL,sell_put,2.1433,1,1,-5.5098,-3.3665,-0.033665,False
2020-01-01,ELV,sell_put,2.124,1,1,-11.9215,-9.7975,-0.097975,False
2020-01-01,EOG,sell_put,2.3225,1,1,-12.9537,-10.6312,-0.106312,False
2020-01-01,GILD,skip,0.0,0,0,-1.8268,0.0,0.0,False
2020-01-01,GM,sell_put,2.3225,1,1,-7.7917,-5.4692,-0.054692,False
2020-01-01,GOOGL,sell_put,2.4904,1,1,6.9726,2.4904,0.024904,False
2020-01-01,GS,sell_put,1.9455,1,1,3.401,1.9455,0.019455,False
2020-01-01,HD,skip,0.0,0,0,5.119,0.0,0.0,False
2020-01-01,HON,skip,0.0,0,0,-2.1356,0.0,0.0,False
2020-01-01,IBM,sell_put,2.1482,1,1,7.2292,2.1482,0.021482,False
2020-01-01,ICE,skip,0.0,0,0,8.0965,0.0,0.0,False
2020-01-01,INTC,sell_put,2.9819,1,1,6.817,2.9819,0.029819,False
2020-01-01,INTU,sell_put,2.5411,1,1,7.0439,2.5411,0.025411,False
2020-01-01,ISRG,skip,0.0,0,0,-5.3066,0.0,0.0,False
2020-01-01,ITW,sell_put,2.1482,1,1,-2.0098,0.1384,0.001384,False
2020-01-01,JNJ,sell_put,1.4682,1,1,2.0566,1.4682,0.014682,False
2020-01-01,JPM,sell_put,1.9455,1,1,-5.0502,-3.1047,-0.031047,False
2020-01-01,KO,sell_put,1.4109,1,1,5.5104,1.4109,0.014109,False
2020-01-01,LLY,sell_put,2.5219,1,1,6.2467,2.5219,0.025219,False
2020-01-01,LMT,sell_put,2.3225,1,1,9.9491,2.3225,0.023225,False
2020-01-01,LOW,sell_put,1.9861,1,1,-2.9392,-0.9531,-0.009531,False
2020-01-01,MA,sell_put,1.9056,1,1,5.8106,1.9056,0.019056,False
2020-01-01,MCD,sell_put,1.4109,1,1,8.2789,1.4109,0.014109,False
2020-01-01,MDLZ,sell_put,1.596,1,1,4.7156,1.596,0.01596,False
2020-01-01,MDT,sell_put,1.7571,1,1,2.2394,1.7571,0.017571,False
2020-01-01,META,sell_put,3.0995,1,1,-1.6273,1.4722,0.014722,False
2020-01-01,MMM,sell_put,2.1482,1,1,-10.0669,-7.9187,-0.079187,False
2020-01-01,MRK,sell_put,1.9427,1,1,-5.4141,-3.4714,-0.034714,False
2020-01-01,MS,sell_put,1.9455,1,1,2.2301,1.9455,0.019455,False
2020-01-01,MSFT,sell_put,2.0697,1,1,7.9455,2.0697,0.020697,False
2020-01-01,MU,sell_put,3.8522,1,1,-1.283,2.5692,0.025692,False
2020-01-01,NEE,sell_put,1.4109,1,1,10.7532,1.4109,0.014109,False
2020-01-01,NFLX,sell_put,3.1745,1,1,6.6508,3.1745,0.031745,False
2020-01-01,NKE,sell_put,2.5135,1,1,-4.9452,-2.4317,-0.024317,False
2020-01-01,NOW,skip,0.0,0,0,19.8038,0.0,0.0,False
2020-01-01,NVDA,sell_put,3.8522,1,1,0.4803,3.8522,0.038522,False
2020-01-01,ORCL,skip,0.0,0,0,-1.0004,0.0,0.0,False
2020-01-01,PEP,sell_put,1.596,1,1,4.6424,1.596,0.01596,False
2020-01-01,PFE,sell_put,2.0081,1,1,-4.9515,-2.9434,-0.029434,False
2020-01-01,PG,sell_put,1.4998,1,1,-0.2242,1.2757,0.012757,False
2020-01-01,PLD,skip,0.0,0,0,4.832,0.0,0.0,False
2020-01-01,PM,sell_put,1.596,1,1,-1.4675,0.1285,0.001285,False
2020-01-01,PYPL,sell_put,1.9056,1,1,5.288,1.9056,0.019056,False
2020-01-01,REGN,sell_put,2.0081,1,1,-9.9979,-7.9898,-0.079898,False
2020-01-01,SBUX,sell_put,1.4109,1,1,-3.5146,-2.1037,-0.021037,False
2020-01-01,SCHW,skip,0.0,0,0,-4.2263,0.0,0.0,False
2020-01-01,SO,sell_put,1.4109,1,1,10.5181,1.4109,0.014109,False
2020-01-01,SPGI,sell_put,1.9455,1,1,7.5737,1.9455,0.019455,False
2020-01-01,SYK,sell_put,1.7571,1,1,0.6369,1.7571,0.017571,False
2020-01-01,T,sell_put,2.2152,1,1,-3.7359,-1.5208,-0.015208,False
2020-01-01,TGT,sell_put,1.7486,1,1,-13.6261,-11.8776,-0.118776,False
2020-01-01,TJX,sell_put,1.7486,1,1,-3.3082,-1.5597,-0.015597,False
2020-01-01,TMO,sell_put,2.0359,1,1,-3.5381,-1.5022,-0.015022,False
2020-01-01,TMUS,skip,0.0,0,0,0.9819,0.0,0.0,False
2020-01-01,TXN,sell_put,2.9819,1,1,-5.9552,-2.9734,-0.029734,False
2020-01-01,UNH,sell_put,2.124,1,1,-6.9674,-4.8434,-0.048434,False
2020-01-01,UNP,sell_put,2.3225,1,1,-0.7578,1.5647,0.015647,False
2020-01-01,V,sell_put,1.8219,1,1,5.8914,1.8219,0.018219,False
2020-01-01,VRTX,skip,0.0,0,0,3.6995,0.0,0.0,False
2020-01-01,VZ,sell_put,2.2152,1,1,-3.1922,-0.977,-0.00977,False
2020-01-01,WFC,skip,0.0,0,0,-12.7509,0.0,0.0,False
2020-01-01,WM,sell_put,2.1433,1,1,7.2795,2.1433,0.021433,False
2020-01-01,WMT,skip,0.0,0,0,-3.2282,0.0,0.0,False
2020-01-01,XOM,sell_put,2.3225,1,1,-10.9774,-8.6549,-0.086549,False
2020-01-01,ZTS,sell_put,2.0081,1,1,1.4054,2.0081,0.020081,False
2020-02-01,AAPL,sell_put,4.7845,2,2,-11.6798,-6.8952,-0.137904,True
2020-02-01,ABBV,skip,0.0,0,0,7.2179,0.0,0.0,True
2020-02-01,ABT,sell_put,3.7409,2,2,-11.2266,-7.4857,-0.149714,True
2020-02-01,ADBE,sell_put,5.8279,2,2,-1.7144,4.1135,0.08227,True
2020-02-01,ADP,sell_put,4.5736,2,2,-9.7147,-5.1411,-0.102822,True
2020-02-01,AMAT,skip,0.0,0,0,0.2242,0.0,0.0,True
2020-02-01,AMGN,skip,0.0,0,0,-7.5538,0.0,0.0,True
2020-02-01,AMT,sell_put,4.5736,2,2,-2.1317,2.4419,0.048838,True
2020-02-01,AMZN,sell_put,5.8203,2,2,-6.2214,-0.4011,-0.008022,True
2020-02-01,AVGO,skip,0.0,0,0,-10.6633,0.0,0.0,True
2020-02-01,AXP,sell_put,4.057,2,2,-15.0604,-11.0034,-0.220068,True
2020-02-01,BA,skip,0.0,0,0,-13.5608,0.0,0.0,True
2020-02-01,BAC,skip,0.0,0,0,-13.1892,0.0,0.0,True
2020-02-01,BDX,sell_put,3.7409,2,2,-13.5766,-9.8357,-0.196714,True
2020-02-01,BKNG,skip,0.0,0,0,-7.3688,0.0,0.0,True
2020-02-01,BLK,sell_put,4.1419,2,2,-12.2006,-8.0588,-0.161176,True
2020-02-01,BMY,skip,0.0,0,0,-5.5171,0.0,0.0,True
2020-02-01,BRK-B,skip,0.0,0,0,-8.0604,0.0,0.0,True
2020-02-01,C,skip,0.0,0,0,-14.1503,0.0,0.0,True
2020-02-01,CAT,skip,0.0,0,0,-4.7495,0.0,0.0,True
2020-02-01,CHTR,sell_put,4.7161,2,2,-4.6941,0.022,0.00044,True
2020-02-01,CMCSA,skip,0.0,0,0,-5.9482,0.0,0.0,True
2020-02-01,COST,sell_put,3.9219,2,2,-7.9798,-4.0579,-0.081158,True
2020-02-01,CRM,sell_put,5.9228,2,2,-6.5328,-0.61,-0.0122,True
2020-02-01,CSCO,skip,0.0,0,0,-12.5005,0.0,0.0,True
2020-02-01,CSX,sell_put,4.5631,2,2,-7.7155,-3.1523,-0.063046,True
2020-02-01,CVS,skip,0.0,0,0,-12.1507,0.0,0.0,True
2020-02-01,CVX,skip,0.0,0,0,-12.8804,0.0,0.0,True
2020-02-01,DHR,sell_put,3.7409,2,2,-10.1262,-6.3853,-0.127706,True
2020-02-01,DIS,skip,0.0,0,0,-14.9375,0.0,0.0,True
2020-02-01,DUK,sell_put,3.0037,2,2,-6.0739,-3.0703,-0.061406,True
2020-02-01,EL,skip,0.0,0,0,-5.9233,0.0,0.0,True
2020-02-01,ELV,skip,0.0,0,0,-3.0873,0.0,0.0,True
2020-02-01,EOG,skip,0.0,0,0,-12.9465,0.0,0.0,True
2020-02-01,GILD,skip,0.0,0,0,9.7469,0.0,0.0,True
2020-02-01,GM,skip,0.0,0,0,-8.6553,0.0,0.0,True
2020-02-01,GOOGL,sell_put,5.3021,2,2,-6.5279,-1.2257,-0.024514,True
2020-02-01,GS,sell_put,4.1419,2,2,-15.5542,-11.4123,-0.228246,True
2020-02-01,HD,sell_put,4.2284,2,2,-4.4981,-0.2697,-0.005394,True
2020-02-01,HON,skip,0.0,0,0,-6.3792,0.0,0.0,True
2020-02-01,IBM,sell_put,4.5736,2,2,-9.4483,-4.8747,-0.097494,True
2020-02-01,ICE,sell_put,4.5631,2,2,-10.5474,-5.9843,-0.119686,True
2020-02-01,INTC,sell_put,6.3484,2,2,-13.155,-6.8066,-0.136132,True
2020-02-01,INTU,sell_put,5.4099,2,2,-4.9978,0.4121,0.008242,True
2020-02-01,ISRG,skip,0.0,0,0,-4.6125,0.0,0.0,True
2020-02-01,ITW,skip,0.0,0,0,-4.1148,0.0,0.0,True
2020-02-01,JNJ,sell_put,3.1258,2,2,-9.6661,-6.5404,-0.130808,True
2020-02-01,JPM,skip,0.0,0,0,-11.7139,0.0,0.0,True
2020-02-01,KO,sell_put,3.0037,2,2,-8.4076,-5.4039,-0.108078,True
2020-02-01,LLY,sell_put,5.369,2,2,-9.6749,-4.3058,-0.086116,True
2020-02-01,LMT,sell_put,4.9446,2,2,-13.606,-8.6615,-0.17323,True
2020-02-01,LOW,skip,0.0,0,0,-7.905,0.0,0.0,True
2020-02-01,MA,sell_put,4.057,2,2,-8.0087,-3.9518,-0.079036,True
2020-02-01,MCD,sell_put,3.0037,2,2,-9.2536,-6.25,-0.125,True
2020-02-01,MDLZ,sell_put,3.3979,2,2,-7.9819,-4.5839,-0.091678,True
2020-02-01,MDT,sell_put,3.7409,2,2,-12.7946,-9.0537,-0.181074,True
2020-02-01,META,skip,0.0,0,0,-4.6754,0.0,0.0,True
2020-02-01,MMM,skip,0.0,0,0,-5.9372,0.0,0.0,True
2020-02-01,MRK,skip,0.0,0,0,-10.3933,0.0,0.0,True
2020-02-01,MS,sell_put,4.1419,2,2,-13.2692,-9.1273,-0.182546,True
2020-02-01,MSFT,sell_put,4.4064,2,2,-4.8287,-0.4224,-0.008448,True
2020-02-01,MU,skip,0.0,0,0,-0.9983,0.0,0.0,True
2020-02-01,NEE,sell_put,3.0037,2,2,-5.7569,-2.7532,-0.055064,True
2020-02-01,NFLX,sell_put,6.7585,2,2,6.9373,6.7585,0.13517,True
2020-02-01,NKE,skip,0.0,0,0,-7.1859,0.0,0.0,True
2020-02-01,NOW,sell_put,6.2747,2,2,-3.5893,2.6855,0.05371,True
2020-02-01,NVDA,sell_put,8.2013,2,2,14.2283,8.2013,0.164026,True
2020-02-01,ORCL,skip,0.0,0,0,-5.2809,0.0,0.0,True
2020-02-01,PEP,sell_put,3.3979,2,2,-7.0342,-3.6363,-0.072726,True
2020-02-01,PFE,skip,0.0,0,0,-9.3411,0.0,0.0,True
2020-02-01,PG,skip,0.0,0,0,-8.6,0.0,0.0,True
2020-02-01,PLD,sell_put,4.5736,2,2,-9.2593,-4.6857,-0.093714,True
2020-02-01,PM,skip,0.0,0,0,-1.0036,0.0,0.0,True
2020-02-01,PYPL,sell_put,4.057,2,2,-5.1804,-1.1235,-0.02247,True
2020-02-01,REGN,skip,0.0,0,0,31.5529,0.0,0.0,True
2020-02-01,SBUX,skip,0.0,0,0,-7.5445,0.0,0.0,True
2020-02-01,SCHW,skip,0.0,0,0,-10.5378,0.0,0.0,True
2020-02-01,SO,sell_put,3.0037,2,2,-14.2614,-11.2577,-0.225154,True
2020-02-01,SPGI,sell_put,4.1419,2,2,-9.4713,-5.3294,-0.106588,True
2020-02-01,SYK,sell_put,3.7409,2,2,-9.5444,-5.8035,-0.11607,True
2020-02-01,T,skip,0.0,0,0,-4.7133,0.0,0.0,True
2020-02-01,TGT,skip,0.0,0,0,-6.9893,0.0,0.0,True
2020-02-01,TJX,skip,0.0,0,0,1.2873,0.0,0.0,True
2020-02-01,TMO,skip,0.0,0,0,-7.149,0.0,0.0,True
2020-02-01,TMUS,sell_put,4.7161,2,2,13.8528,4.7161,0.094322,True
2020-02-01,TXN,skip,0.0,0,0,-4.7124,0.0,0.0,True
2020-02-01,UNH,skip,0.0,0,0,-6.4195,0.0,0.0,True
2020-02-01,UNP,skip,0.0,0,0,-10.9297,0.0,0.0,True
2020-02-01,V,sell_put,3.8788,2,2,-8.6495,-4.7707,-0.095414,True
2020-02-01,VRTX,sell_put,4.2752,2,2,-1.3301,2.9451,0.058902,True
2020-02-01,VZ,skip,0.0,0,0,-7.9347,0.0,0.0,True
2020-02-01,WFC,skip,0.0,0,0,-12.974,0.0,0.0,True
2020-02-01,WM,sell_put,4.5631,2,2,-8.9482,-4.3851,-0.087702,True
2020-02-01,WMT,skip,0.0,0,0,-5.9481,0.0,0.0,True
2020-02-01,XOM,skip,0.0,0,0,-17.1925,0.0,0.0,True
2020-02-01,ZTS,sell_put,4.2752,2,2,-0.5867,3.6885,0.07377,True
2020-03-01,AAPL,skip,0.0,0,0,-6.7554,0.0,0.0,True
2020-03-01,ABBV,sell_put,5.7067,14,14,-11.1072,-5.4006,-0.756084,True
2020-03-01,ABT,skip,0.0,0,0,2.4406,0.0,0.0,True
2020-03-01,ADBE,skip,0.0,0,0,-7.7886,0.0,0.0,True
2020-03-01,ADP,skip,0.0,0,0,-11.6712,0.0,0.0,True
2020-03-01,AMAT,sell_put,8.474,14,14,-20.9147,-12.4407,-1.741698,True
2020-03-01,AMGN,skip,0.0,0,0,2.2225,0.0,0.0,True
2020-03-01,AMT,skip,0.0,0,0,-3.9903,0.0,0.0,True
2020-03-01,AMZN,skip,0.0,0,0,3.5021,0.0,0.0,True
2020-03-01,AVGO,skip,0.0,0,0,-13.0291,0.0,0.0,True
2020-03-01,AXP,skip,0.0,0,0,-22.1232,0.0,0.0,True
2020-03-01,BA,skip,0.0,0,0,-45.4664,0.0,0.0,True
2020-03-01,BAC,skip,0.0,0,0,-25.5088,0.0,0.0,True
2020-03-01,BDX,skip,0.0,0,0,-3.3849,0.0,0.0,True
2020-03-01,BKNG,skip,0.0,0,0,-20.661,0.0,0.0,True
2020-03-01,BLK,skip,0.0,0,0,-4.9761,0.0,0.0,True
2020-03-01,BMY,skip,0.0,0,0,-5.6214,0.0,0.0,True
2020-03-01,BRK-B,skip,0.0,0,0,-11.3938,0.0,0.0,True
2020-03-01,C,skip,0.0,0,0,-33.6275,0.0,0.0,True
2020-03-01,CAT,skip,0.0,0,0,-6.6001,0.0,0.0,True
2020-03-01,CHTR,skip,0.0,0,0,-11.5295,0.0,0.0,True
2020-03-01,CMCSA,skip,0.0,0,0,-14.9641,0.0,0.0,True
2020-03-01,COST,skip,0.0,0,0,1.633,0.0,0.0,True
2020-03-01,CRM,skip,0.0,0,0,-15.5047,0.0,0.0,True
2020-03-01,CSCO,skip,0.0,0,0,-1.5527,0.0,0.0,True
2020-03-01,CSX,skip,0.0,0,0,-18.3839,0.0,0.0,True
2020-03-01,CVS,skip,0.0,0,0,0.2535,0.0,0.0,True
2020-03-01,CVX,skip,0.0,0,0,-21.4625,0.0,0.0,True
2020-03-01,DHR,skip,0.0,0,0,-4.2675,0.0,0.0,True
2020-03-01,DIS,skip,0.0,0,0,-17.8921,0.0,0.0,True
2020-03-01,DUK,skip,0.0,0,0,-10.9399,0.0,0.0,True
2020-03-01,EL,skip,0.0,0,0,-12.9929,0.0,0.0,True
2020-03-01,ELV,skip,0.0,0,0,-11.6885,0.0,0.0,True
2020-03-01,EOG,skip,0.0,0,0,-43.2185,0.0,0.0,True
2020-03-01,GILD,sell_put,5.7067,14,14,7.7854,5.7067,0.798938,True
2020-03-01,GM,skip,0.0,0,0,-31.8688,0.0,0.0,True
2020-03-01,GOOGL,skip,0.0,0,0,-13.2388,0.0,0.0,True
2020-03-01,GS,skip,0.0,0,0,-22.5307,0.0,0.0,True
2020-03-01,HD,skip,0.0,0,0,-14.2903,0.0,0.0,True
2020-03-01,HON,skip,0.0,0,0,-17.0536,0.0,0.0,True
2020-03-01,IBM,skip,0.0,0,0,-13.8776,0.0,0.0,True
2020-03-01,ICE,skip,0.0,0,0,-9.4934,0.0,0.0,True
2020-03-01,INTC,skip,0.0,0,0,-2.0416,0.0,0.0,True
2020-03-01,INTU,skip,0.0,0,0,-13.485,0.0,0.0,True
2020-03-01,ISRG,skip,0.0,0,0,-7.2571,0.0,0.0,True
2020-03-01,ITW,skip,0.0,0,0,-15.2938,0.0,0.0,True
2020-03-01,JNJ,skip,0.0,0,0,-1.8693,0.0,0.0,True
2020-03-01,JPM,skip,0.0,0,0,-22.4615,0.0,0.0,True
2020-03-01,KO,skip,0.0,0,0,-17.2743,0.0,0.0,True
2020-03-01,LLY,skip,0.0,0,0,10.5519,0.0,0.0,True
2020-03-01,LMT,skip,0.0,0,0,-7.7842,0.0,0.0,True
2020-03-01,LOW,skip,0.0,0,0,-19.2549,0.0,0.0,True
2020-03-01,MA,skip,0.0,0,0,-16.7752,0.0,0.0,True
2020-03-01,MCD,skip,0.0,0,0,-14.3098,0.0,0.0,True
2020-03-01,MDLZ,skip,0.0,0,0,-5.1515,0.0,0.0,True
2020-03-01,MDT,skip,0.0,0,0,-10.4201,0.0,0.0,True
2020-03-01,META,skip,0.0,0,0,-13.3371,0.0,0.0,True
2020-03-01,MMM,skip,0.0,0,0,-7.7016,0.0,0.0,True
2020-03-01,MRK,skip,0.0,0,0,0.4963,0.0,0.0,True
2020-03-01,MS,skip,0.0,0,0,-24.4948,0.0,0.0,True
2020-03-01,MSFT,skip,0.0,0,0,-2.3883,0.0,0.0,True
2020-03-01,MU,skip,0.0,0,0,-19.9772,0.0,0.0,True
2020-03-01,NEE,skip,0.0,0,0,-4.3058,0.0,0.0,True
2020-03-01,NFLX,sell_put,9.0215,14,14,1.7532,9.0215,1.26301,True
2020-03-01,NKE,skip,0.0,0,0,-7.1721,0.0,0.0,True
2020-03-01,NOW,skip,0.0,0,0,-12.1163,0.0,0.0,True
2020-03-01,NVDA,sell_put,10.9473,14,14,-2.3373,8.61,1.2054,True
2020-03-01,ORCL,skip,0.0,0,0,-2.2846,0.0,0.0,True
2020-03-01,PEP,skip,0.0,0,0,-9.0358,0.0,0.0,True
2020-03-01,PFE,skip,0.0,0,0,-2.3339,0.0,0.0,True
2020-03-01,PG,skip,0.0,0,0,-2.8526,0.0,0.0,True
2020-03-01,PLD,skip,0.0,0,0,-4.6393,0.0,0.0,True
2020-03-01,PM,skip,0.0,0,0,-10.8831,0.0,0.0,True
2020-03-01,PYPL,skip,0.0,0,0,-11.3436,0.0,0.0,True
2020-03-01,REGN,sell_put,5.7067,14,14,9.8342,5.7067,0.798938,True
2020-03-01,SBUX,skip,0.0,0,0,-15.7894,0.0,0.0,True
2020-03-01,SCHW,skip,0.0,0,0,-17.185,0.0,0.0,True
2020-03-01,SO,skip,0.0,0,0,-9.498,0.0,0.0,True
2020-03-01,SPGI,skip,0.0,0,0,-7.632,0.0,0.0,True
2020-03-01,SYK,skip,0.0,0,0,-12.6449,0.0,0.0,True
2020-03-01,T,skip,0.0,0,0,-17.2345,0.0,0.0,True
2020-03-01,TGT,skip,0.0,0,0,-9.2241,0.0,0.0,True
2020-03-01,TJX,sell_put,4.9691,14,14,-19.7546,-14.7856,-2.069984,True
2020-03-01,TMO,skip,0.0,0,0,-2.4759,0.0,0.0,True
2020-03-01,TMUS,sell_put,6.2951,14,14,-6.9432,-0.6481,-0.090734,True
2020-03-01,TXN,skip,0.0,0,0,-12.4496,0.0,0.0,True
2020-03-01,UNH,skip,0.0,0,0,-2.1886,0.0,0.0,True
2020-03-01,UNP,skip,0.0,0,0,-11.2257,0.0,0.0,True
2020-03-01,V,skip,0.0,0,0,-11.2273,0.0,0.0,True
2020-03-01,VRTX,skip,0.0,0,0,6.2135,0.0,0.0,True
2020-03-01,VZ,skip,0.0,0,0,-0.7939,0.0,0.0,True
2020-03-01,WFC,skip,0.0,0,0,-28.9934,0.0,0.0,True
2020-03-01,WM,skip,0.0,0,0,-16.4696,0.0,0.0,True
2020-03-01,WMT,skip,0.0,0,0,5.5163,0.0,0.0,True
2020-03-01,XOM,skip,0.0,0,0,-25.1262,0.0,0.0,True
2020-03-01,ZTS,skip,0.0,0,0,-11.664,0.0,0.0,True
2020-04-01,AAPL,skip,0.0,0,0,15.5374,0.0,0.0,True
2020-04-01,ABBV,skip,0.0,0,0,7.8882,0.0,0.0,True
2020-04-01,ABT,sell_put,3.185,20,20,16.7025,3.185,0.637,True
2020-04-01,ADBE,skip,0.0,0,0,11.1237,0.0,0.0,True
2020-04-01,ADP,skip,0.0,0,0,7.9876,0.0,0.0,True
2020-04-01,AMAT,skip,0.0,0,0,8.4243,0.0,0.0,True
2020-04-01,AMGN,sell_put,3.6399,20,20,17.9993,3.6399,0.72798,True
2020-04-01,AMT,skip,0.0,0,0,9.2997,0.0,0.0,True
2020-04-01,AMZN,sell_put,4.9554,20,20,26.89,4.9554,0.99108,True
2020-04-01,AVGO,skip,0.0,0,0,16.5065,0.0,0.0,True
2020-04-01,AXP,skip,0.0,0,0,6.588,0.0,0.0,True
2020-04-01,BA,skip,0.0,0,0,-5.4445,0.0,0.0,True
2020-04-01,BAC,skip,0.0,0,0,14.0059,0.0,0.0,True
2020-04-01,BDX,skip,0.0,0,0,10.2699,0.0,0.0,True
2020-04-01,BKNG,skip,0.0,0,0,10.0534,0.0,0.0,True
2020-04-01,BLK,skip,0.0,0,0,14.9735,0.0,0.0,True
2020-04-01,BMY,skip,0.0,0,0,9.0958,0.0,0.0,True
2020-04-01,BRK-B,skip,0.0,0,0,2.4777,0.0,0.0,True
2020-04-01,C,skip,0.0,0,0,15.2896,0.0,0.0,True
2020-04-01,CAT,skip,0.0,0,0,0.293,0.0,0.0,True
2020-04-01,CHTR,skip,0.0,0,0,13.5042,0.0,0.0,True
2020-04-01,CMCSA,skip,0.0,0,0,10.1671,0.0,0.0,True
2020-04-01,COST,sell_put,3.3392,20,20,6.2673,3.3392,0.66784,True
2020-04-01,CRM,skip,0.0,0,0,12.4809,0.0,0.0,True
2020-04-01,CSCO,skip,0.0,0,0,7.8097,0.0,0.0,True
2020-04-01,CSX,skip,0.0,0,0,15.5846,0.0,0.0,True
2020-04-01,CVS,sell_put,3.85,20,20,3.7418,3.85,0.77,True
2020-04-01,CVX,skip,0.0,0,0,26.9666,0.0,0.0,True
2020-04-01,DHR,skip,0.0,0,0,18.263,0.0,0.0,True
2020-04-01,DIS,skip,0.0,0,0,11.9565,0.0,0.0,True
2020-04-01,DUK,skip,0.0,0,0,4.6736,0.0,0.0,True
2020-04-01,EL,skip,0.0,0,0,10.7067,0.0,0.0,True
2020-04-01,ELV,skip,0.0,0,0,24.108,0.0,0.0,True
2020-04-01,EOG,skip,0.0,0,0,32.2662,0.0,0.0,True
2020-04-01,GILD,sell_put,3.6399,20,20,13.4059,3.6399,0.72798,True
2020-04-01,GM,skip,0.0,0,0,8.5751,0.0,0.0,True
2020-04-01,GOOGL,skip,0.0,0,0,15.9,0.0,0.0,True
2020-04-01,GS,skip,0.0,0,0,18.6493,0.0,0.0,True
2020-04-01,HD,skip,0.0,0,0,18.5265,0.0,0.0,True
2020-04-01,HON,skip,0.0,0,0,6.0617,0.0,0.0,True
2020-04-01,IBM,skip,0.0,0,0,13.1885,0.0,0.0,True
2020-04-01,ICE,skip,0.0,0,0,11.1753,0.0,0.0,True
2020-04-01,INTC,skip,0.0,0,0,10.8278,0.0,0.0,True
2020-04-01,INTU,skip,0.0,0,0,17.3087,0.0,0.0,True
2020-04-01,ISRG,skip,0.0,0,0,3.1643,0.0,0.0,True
2020-04-01,ITW,skip,0.0,0,0,15.2002,0.0,0.0,True
2020-04-01,JNJ,skip,0.0,0,0,14.4208,0.0,0.0,True
2020-04-01,JPM,skip,0.0,0,0,6.3645,0.0,0.0,True
2020-04-01,KO,skip,0.0,0,0,4.6157,0.0,0.0,True
2020-04-01,LLY,sell_put,4.5712,20,20,11.4763,4.5712,0.91424,True
2020-04-01,LMT,skip,0.0,0,0,14.7839,0.0,0.0,True
2020-04-01,LOW,skip,0.0,0,0,21.7315,0.0,0.0,True
2020-04-01,MA,skip,0.0,0,0,13.8309,0.0,0.0,True
2020-04-01,MCD,skip,0.0,0,0,13.4321,0.0,0.0,True
2020-04-01,MDLZ,skip,0.0,0,0,3.3306,0.0,0.0,True
2020-04-01,MDT,skip,0.0,0,0,8.9388,0.0,0.0,True
2020-04-01,META,skip,0.0,0,0,22.7278,0.0,0.0,True
2020-04-01,MMM,skip,0.0,0,0,11.2885,0.0,0.0,True
2020-04-01,MRK,sell_put,3.5214,20,20,3.9712,3.5214,0.70428,True
2020-04-01,MS,skip,0.0,0,0,15.9706,0.0,0.0,True
2020-04-01,MSFT,skip,0.0,0,0,13.6326,0.0,0.0,True
2020-04-01,MU,skip,0.0,0,0,13.8611,0.0,0.0,True
2020-04-01,NEE,skip,0.0,0,0,-3.9481,0.0,0.0,True
2020-04-01,NFLX,sell_put,5.7543,20,20,11.8109,5.7543,1.15086,True
2020-04-01,NKE,skip,0.0,0,0,5.3662,0.0,0.0,True
2020-04-01,NOW,skip,0.0,0,0,22.6673,0.0,0.0,True
2020-04-01,NVDA,skip,0.0,0,0,10.8801,0.0,0.0,True
2020-04-01,ORCL,skip,0.0,0,0,9.6006,0.0,0.0,True
2020-04-01,PEP,skip,0.0,0,0,10.8936,0.0,0.0,True
2020-04-01,PFE,skip,0.0,0,0,17.5245,0.0,0.0,True
2020-04-01,PG,skip,0.0,0,0,7.1545,0.0,0.0,True
2020-04-01,PLD,skip,0.0,0,0,11.9492,0.0,0.0,True
2020-04-01,PM,skip,0.0,0,0,4.0809,0.0,0.0,True
2020-04-01,PYPL,skip,0.0,0,0,28.473,0.0,0.0,True
2020-04-01,REGN,sell_put,3.6399,20,20,7.6983,3.6399,0.72798,True
2020-04-01,SBUX,skip,0.0,0,0,16.7174,0.0,0.0,True
2020-04-01,SCHW,skip,0.0,0,0,12.1951,0.0,0.0,True
2020-04-01,SO,skip,0.0,0,0,4.7839,0.0,0.0,True
2020-04-01,SPGI,skip,0.0,0,0,19.5185,0.0,0.0,True
2020-04-01,SYK,skip,0.0,0,0,12.3825,0.0,0.0,True
2020-04-01,T,skip,0.0,0,0,4.5283,0.0,0.0,True
2020-04-01,TGT,skip,0.0,0,0,18.038,0.0,0.0,True
2020-04-01,TJX,skip,0.0,0,0,2.5936,0.0,0.0,True
2020-04-01,TMO,skip,0.0,0,0,18.1027,0.0,0.0,True
2020-04-01,TMUS,skip,0.0,0,0,4.6484,0.0,0.0,True
2020-04-01,TXN,skip,0.0,0,0,16.1513,0.0,0.0,True
2020-04-01,UNH,skip,0.0,0,0,17.7868,0.0,0.0,True
2020-04-01,UNP,skip,0.0,0,0,13.2941,0.0,0.0,True
2020-04-01,V,skip,0.0,0,0,10.9236,0.0,0.0,True
2020-04-01,VRTX,sell_put,3.6399,20,20,5.5684,3.6399,0.72798,True
2020-04-01,VZ,skip,0.0,0,0,6.9235,0.0,0.0,True
2020-04-01,WFC,skip,0.0,0,0,1.2195,0.0,0.0,True
2020-04-01,WM,skip,0.0,0,0,8.5515,0.0,0.0,True
2020-04-01,WMT,sell_put,3.1695,20,20,7.4528,3.1695,0.6339,True
2020-04-01,XOM,skip,0.0,0,0,22.3861,0.0,0.0,True
2020-04-01,ZTS,skip,0.0,0,0,9.8734,0.0,0.0,True
2020-05-01,AAPL,sell_put,3.2815,1,1,8.2165,3.2815,0.032815,False
2020-05-01,ABBV,sell_put,2.9322,1,1,14.4186,2.9322,0.029322,False
2020-05-01,ABT,sell_put,2.5657,1,1,3.5071,2.5657,0.025657,False
2020-05-01,ADBE,sell_put,3.9972,1,1,9.3202,3.9972,0.039972,False
2020-05-01,ADP,sell_put,3.1368,1,1,-0.1364,3.0005,0.030005,False
2020-05-01,AMAT,sell_put,4.3541,1,1,13.0838,4.3541,0.043541,False
2020-05-01,AMGN,sell_put,2.9322,1,1,-3.9796,-1.0474,-0.010474,False
2020-05-01,AMT,sell_put,3.1368,1,1,8.928,3.1368,0.031368,False
2020-05-01,AMZN,sell_put,3.9919,1,1,-1.2785,2.7134,0.027134,False
2020-05-01,AVGO,sell_put,4.3541,1,1,7.2344,4.3541,0.043541,False
2020-05-01,AXP,sell_put,2.7825,1,1,4.765,2.7825,0.027825,False
2020-05-01,BA,skip,0.0,0,0,3.425,0.0,0.0,False
2020-05-01,BAC,sell_put,3.3436,1,1,0.291,3.3436,0.033436,False
2020-05-01,BDX,sell_put,2.5657,1,1,-2.2175,0.3482,0.003482,False
2020-05-01,BKNG,sell_put,3.1297,1,1,10.729,3.1297,0.031297,False
2020-05-01,BLK,sell_put,2.8407,1,1,5.2984,2.8407,0.028407,False
2020-05-01,BMY,sell_put,2.9322,1,1,-0.9796,1.9526,0.019526,False
2020-05-01,BRK-B,sell_put,1.8872,1,1,-0.95,0.9372,0.009372,False
2020-05-01,C,sell_put,3.1297,1,1,-1.3386,1.7911,0.017911,False
2020-05-01,CAT,sell_put,3.3913,1,1,4.1699,3.3913,0.033913,False
2020-05-01,CHTR,sell_put,3.2346,1,1,9.8479,3.2346,0.032346,False
2020-05-01,CMCSA,sell_put,3.2346,1,1,5.2352,3.2346,0.032346,False
2020-05-01,COST,sell_put,2.6899,1,1,2.0378,2.6899,0.026899,False
2020-05-01,CRM,sell_put,4.0622,1,1,7.9284,4.0622,0.040622,False
2020-05-01,CSCO,sell_put,3.1368,1,1,13.9061,3.1368,0.031368,False
2020-05-01,CSX,sell_put,3.1297,1,1,8.0779,3.1297,0.031297,False
2020-05-01,CVS,sell_put,3.1014,1,1,7.4228,3.1014,0.031014,False
2020-05-01,CVX,sell_put,3.1271,1,1,-0.3261,2.801,0.02801,False
2020-05-01,DHR,sell_put,2.5657,1,1,1.9271,2.5657,0.025657,False
2020-05-01,DIS,sell_put,3.4088,1,1,8.4605,3.4088,0.034088,False
2020-05-01,DUK,sell_put,2.0601,1,1,1.1458,2.0601,0.020601,False
2020-05-01,EL,sell_put,3.1297,1,1,11.9444,3.1297,0.031297,False
2020-05-01,ELV,sell_put,3.1014,1,1,4.7661,3.1014,0.031014,False
2020-05-01,EOG,sell_put,3.3913,1,1,8.2439,3.3913,0.033913,False
2020-05-01,GILD,sell_put,2.9322,1,1,-7.3452,-4.413,-0.04413,False
2020-05-01,GM,sell_put,3.3913,1,1,16.1059,3.3913,0.033913,False
2020-05-01,GOOGL,sell_put,3.6365,1,1,6.4469,3.6365,0.036365,False
2020-05-01,GS,sell_put,2.8407,1,1,7.1257,2.8407,0.028407,False
2020-05-01,HD,sell_put,2.9001,1,1,13.0328,2.9001,0.029001,False
2020-05-01,HON,sell_put,3.1368,1,1,2.7836,3.1368,0.031368,False
2020-05-01,IBM,sell_put,3.1368,1,1,-0.5256,2.6112,0.026112,False
2020-05-01,ICE,sell_put,3.1297,1,1,8.7199,3.1297,0.031297,False
2020-05-01,INTC,sell_put,4.3541,1,1,4.9183,4.3541,0.043541,False
2020-05-01,INTU,sell_put,3.7105,1,1,7.8341,3.7105,0.037105,False
2020-05-01,ISRG,sell_put,2.5657,1,1,13.5355,2.5657,0.025657,False
2020-05-01,ITW,sell_put,3.1368,1,1,6.1292,3.1368,0.031368,False
2020-05-01,JNJ,sell_put,2.1439,1,1,-0.8598,1.2841,0.012841,False
2020-05-01,JPM,sell_put,2.8407,1,1,2.6746,2.8407,0.028407,False
2020-05-01,KO,sell_put,2.0601,1,1,1.7215,2.0601,0.020601,False
2020-05-01,LLY,sell_put,3.6824,1,1,-1.0929,2.5895,0.025895,False
2020-05-01,LMT,sell_put,3.3913,1,1,-0.1594,3.2319,0.032319,False
2020-05-01,LOW,sell_put,2.9001,1,1,25.1628,2.9001,0.029001,False
2020-05-01,MA,sell_put,2.7825,1,1,9.5957,2.7825,0.027825,False
2020-05-01,MCD,sell_put,2.0601,1,1,-0.6611,1.399,0.01399,False
2020-05-01,MDLZ,sell_put,2.3305,1,1,1.3219,2.3305,0.023305,False
2020-05-01,MDT,sell_put,2.5657,1,1,0.9731,2.5657,0.025657,False
2020-05-01,META,sell_put,4.5258,1,1,9.9555,4.5258,0.045258,False
2020-05-01,MMM,sell_put,3.1368,1,1,2.9753,3.1368,0.031368,False
2020-05-01,MRK,sell_put,2.8367,1,1,1.7394,2.8367,0.028367,False
2020-05-01,MS,sell_put,2.8407,1,1,13.0837,2.8407,0.028407,False
2020-05-01,MSFT,sell_put,3.0222,1,1,2.2544,3.0222,0.030222,False
2020-05-01,MU,sell_put,5.625,1,1,0.0417,5.625,0.05625,False
2020-05-01,NEE,skip,0.0,0,0,10.5746,0.0,0.0,False
2020-05-01,NFLX,sell_put,4.6354,1,1,-0.0286,4.6068,0.046068,False
2020-05-01,NKE,sell_put,3.6702,1,1,13.0764,3.6702,0.036702,False
2020-05-01,NOW,sell_put,4.3036,1,1,10.3516,4.3036,0.043036,False
2020-05-01,NVDA,sell_put,5.625,1,1,21.4657,5.625,0.05625,False
2020-05-01,ORCL,sell_put,3.7644,1,1,1.9925,3.7644,0.037644,False
2020-05-01,PEP,sell_put,2.3305,1,1,-0.5594,1.7712,0.017712,False
2020-05-01,PFE,sell_put,2.9322,1,1,-0.4431,2.4891,0.024891,False
2020-05-01,PG,sell_put,2.1901,1,1,-0.9985,1.1915,0.011915,False
2020-05-01,PLD,sell_put,3.1368,1,1,2.544,3.1368,0.031368,False
2020-05-01,PM,sell_put,2.3305,1,1,-1.6622,0.6684,0.006684,False
2020-05-01,PYPL,sell_put,2.7825,1,1,26.0244,2.7825,0.027825,False
2020-05-01,REGN,sell_put,2.9322,1,1,16.5304,2.9322,0.029322,False
2020-05-01,SBUX,sell_put,2.0601,1,1,1.6421,2.0601,0.020601,False
2020-05-01,SCHW,sell_put,2.8407,1,1,-4.7985,-1.9578,-0.019578,False
2020-05-01,SO,sell_put,2.0601,1,1,0.5993,2.0601,0.020601,False
2020-05-01,SPGI,sell_put,2.8407,1,1,10.9738,2.8407,0.028407,False
2020-05-01,SYK,sell_put,2.5657,1,1,4.9885,2.5657,0.025657,False
2020-05-01,T,sell_put,3.2346,1,1,3.6524,3.2346,0.032346,False
2020-05-01,TGT,sell_put,2.5532,1,1,11.4726,2.5532,0.025532,False
2020-05-01,TJX,sell_put,2.5532,1,1,7.5637,2.5532,0.025532,False
2020-05-01,TMO,sell_put,2.9727,1,1,4.3355,2.9727,0.029727,False
2020-05-01,TMUS,sell_put,3.2346,1,1,13.9408,3.2346,0.032346,False
2020-05-01,TXN,sell_put,4.3541,1,1,2.3003,4.3541,0.043541,False
2020-05-01,UNH,sell_put,3.1014,1,1,4.2329,3.1014,0.031014,False
2020-05-01,UNP,sell_put,3.3913,1,1,6.302,3.3913,0.033913,False
2020-05-01,V,sell_put,2.6603,1,1,9.2435,2.6603,0.026603,False
2020-05-01,VRTX,sell_put,2.9322,1,1,14.6338,2.9322,0.029322,False
2020-05-01,VZ,sell_put,3.2346,1,1,0.9523,3.2346,0.032346,False
2020-05-01,WFC,sell_put,3.633,1,1,-8.8812,-5.2483,-0.052483,False
2020-05-01,WM,sell_put,3.1297,1,1,6.7287,3.1297,0.031297,False
2020-05-01,WMT,sell_put,2.5532,1,1,2.065,2.5532,0.025532,False
2020-05-01,XOM,sell_put,3.3913,1,1,-2.1519,1.2394,0.012394,False
2020-05-01,ZTS,sell_put,2.9322,1,1,7.9696,2.9322,0.029322,False
2020-06-01,AAPL,sell_put,3.6298,1,1,15.0493,3.6298,0.036298,False
2020-06-01,ABBV,sell_put,3.2434,1,1,5.9458,3.2434,0.032434,False
2020-06-01,ABT,sell_put,2.8381,1,1,-3.6768,-0.8387,-0.008387,False
2020-06-01,ADBE,sell_put,4.4214,1,1,12.5996,4.4214,0.044214,False
2020-06-01,ADP,skip,0.0,0,0,1.6383,0.0,0.0,False
2020-06-01,AMAT,sell_put,4.8163,1,1,8.029,4.8163,0.048163,False
2020-06-01,AMGN,skip,0.0,0,0,3.3768,0.0,0.0,False
2020-06-01,AMT,sell_put,3.4698,1,1,0.1433,3.4698,0.034698,False
2020-06-01,AMZN,skip,0.0,0,0,12.9567,0.0,0.0,False
2020-06-01,AVGO,sell_put,4.8163,1,1,8.3565,4.8163,0.048163,False
2020-06-01,AXP,sell_put,3.0779,1,1,0.1368,3.0779,0.030779,False
2020-06-01,BA,sell_put,3.4619,1,1,25.6771,3.4619,0.034619,False
2020-06-01,BAC,sell_put,3.6985,1,1,-1.534,2.1645,0.021645,False
2020-06-01,BDX,skip,0.0,0,0,-3.1021,0.0,0.0,False
2020-06-01,BKNG,sell_put,3.4619,1,1,-2.8718,0.5901,0.005901,False
2020-06-01,BLK,sell_put,3.1423,1,1,2.9226,3.1423,0.031423,False
2020-06-01,BMY,skip,0.0,0,0,-1.5405,0.0,0.0,False
2020-06-01,BRK-B,skip,0.0,0,0,-3.8097,0.0,0.0,False
2020-06-01,C,skip,0.0,0,0,7.7904,0.0,0.0,False
2020-06-01,CAT,sell_put,3.7513,1,1,5.3026,3.7513,0.037513,False
2020-06-01,CHTR,sell_put,3.5779,1,1,-6.2426,-2.6647,-0.026647,False
2020-06-01,CMCSA,sell_put,3.5779,1,1,-1.5656,2.0123,0.020123,False
2020-06-01,COST,sell_put,2.9754,1,1,-1.7052,1.2703,0.012703,False
2020-06-01,CRM,sell_put,4.4934,1,1,7.1743,4.4934,0.044934,False
2020-06-01,CSCO,sell_put,3.4698,1,1,-2.4676,1.0022,0.010022,False
2020-06-01,CSX,sell_put,3.4619,1,1,-2.2251,1.2368,0.012368,False
2020-06-01,CVS,sell_put,3.4306,1,1,-0.9151,2.5155,0.025155,False
2020-06-01,CVX,skip,0.0,0,0,-1.265,0.0,0.0,False
2020-06-01,DHR,sell_put,2.8381,1,1,6.1341,2.8381,0.028381,False
2020-06-01,DIS,sell_put,3.7706,1,1,-4.9361,-1.1655,-0.011655,False
2020-06-01,DUK,sell_put,2.2788,1,1,-5.6141,-3.3353,-0.033353,False
2020-06-01,EL,sell_put,3.4619,1,1,-4.4513,-0.9894,-0.009894,False
2020-06-01,ELV,sell_put,3.4306,1,1,-10.5845,-7.1539,-0.071539,False
2020-06-01,EOG,sell_put,3.7513,1,1,-0.6082,3.143,0.03143,False
2020-06-01,GILD,skip,0.0,0,0,-1.1435,0.0,0.0,False
2020-06-01,GM,sell_put,3.7513,1,1,-2.2411,1.5102,0.015102,False
2020-06-01,GOOGL,sell_put,4.0225,1,1,-1.0792,2.9433,0.029433,False
2020-06-01,GS,sell_put,3.1423,1,1,1.2038,3.1423,0.031423,False
2020-06-01,HD,sell_put,3.2079,1,1,0.817,3.2079,0.032079,False
2020-06-01,HON,sell_put,3.4698,1,1,-0.133,3.3368,0.033368,False
2020-06-01,IBM,skip,0.0,0,0,-2.0099,0.0,0.0,False
2020-06-01,ICE,sell_put,3.4619,1,1,-5.8098,-2.3479,-0.023479,False
2020-06-01,INTC,sell_put,4.8163,1,1,-4.389,0.4272,0.004272,False
2020-06-01,INTU,sell_put,4.1043,1,1,2.0219,4.1043,0.041043,False
2020-06-01,ISRG,sell_put,2.8381,1,1,-1.7585,1.0795,0.010795,False
2020-06-01,ITW,sell_put,3.4698,1,1,1.3858,3.4698,0.034698,False
2020-06-01,JNJ,skip,0.0,0,0,-4.8034,0.0,0.0,False
2020-06-01,JPM,sell_put,3.1423,1,1,-3.3398,-0.1976,-0.001976,False
2020-06-01,KO,sell_put,2.2788,1,1,-4.2845,-2.0057,-0.020057,False
2020-06-01,LLY,skip,0.0,0,0,7.8476,0.0,0.0,False
2020-06-01,LMT,skip,0.0,0,0,-5.4857,0.0,0.0,False
2020-06-01,LOW,sell_put,3.2079,1,1,3.6594,3.2079,0.032079,False
2020-06-01,MA,sell_put,3.0779,1,1,-1.7249,1.353,0.01353,False
2020-06-01,MCD,skip,0.0,0,0,-0.3328,0.0,0.0,False
2020-06-01,MDLZ,sell_put,2.5779,1,1,-1.8995,0.6784,0.006784,False
2020-06-01,MDT,sell_put,2.8381,1,1,-6.9791,-4.1411,-0.041411,False
2020-06-01,META,sell_put,5.0062,1,1,0.8797,5.0062,0.050062,False
2020-06-01,MMM,sell_put,3.4698,1,1,0.7013,3.4698,0.034698,False
2020-06-01,MRK,sell_put,3.1379,1,1,-4.1997,-1.0619,-0.010619,False
2020-06-01,MS,sell_put,3.1423,1,1,9.276,3.1423,0.031423,False
2020-06-01,MSFT,sell_put,3.343,1,1,11.3652,3.343,0.03343,False
2020-06-01,MU,sell_put,6.222,1,1,7.535,6.222,0.06222,False
2020-06-01,NEE,sell_put,2.2788,1,1,-6.0221,-3.7433,-0.037433,False
2020-06-01,NFLX,skip,0.0,0,0,8.4126,0.0,0.0,False
2020-06-01,NKE,sell_put,4.0598,1,1,-0.2895,3.7703,0.037703,False
2020-06-01,NOW,sell_put,4.7604,1,1,4.4157,4.7604,0.047604,False
2020-06-01,NVDA,sell_put,6.222,1,1,7.0108,6.222,0.06222,False
2020-06-01,ORCL,sell_put,4.164,1,1,2.7897,4.164,0.04164,False
2020-06-01,PEP,skip,0.0,0,0,0.5397,0.0,0.0,False
2020-06-01,PFE,skip,0.0,0,0,-13.5222,0.0,0.0,False
2020-06-01,PG,skip,0.0,0,0,3.1487,0.0,0.0,False
2020-06-01,PLD,sell_put,3.4698,1,1,2.0,3.4698,0.034698,False
2020-06-01,PM,skip,0.0,0,0,-4.4984,0.0,0.0,False
2020-06-01,PYPL,sell_put,3.0779,1,1,12.3992,3.0779,0.030779,False
2020-06-01,REGN,sell_put,3.2434,1,1,1.7689,3.2434,0.032434,False
2020-06-01,SBUX,sell_put,2.2788,1,1,-5.1085,-2.8297,-0.028297,False
2020-06-01,SCHW,skip,0.0,0,0,-5.5511,0.0,0.0,False
2020-06-01,SO,sell_put,2.2788,1,1,-8.0721,-5.7933,-0.057933,False
2020-06-01,SPGI,sell_put,3.1423,1,1,1.5905,3.1423,0.031423,False
2020-06-01,SYK,sell_put,2.8381,1,1,-7.9395,-5.1015,-0.051015,False
2020-06-01,T,sell_put,3.5779,1,1,-2.0415,1.5364,0.015364,False
2020-06-01,TGT,sell_put,2.8242,1,1,-1.4424,1.3819,0.013819,False
2020-06-01,TJX,sell_put,2.8242,1,1,-4.1698,-1.3456,-0.013456,False
2020-06-01,TMO,sell_put,3.2883,1,1,3.7659,3.2883,0.032883,False
2020-06-01,TMUS,sell_put,3.5779,1,1,4.1084,3.5779,0.035779,False
2020-06-01,TXN,sell_put,4.8163,1,1,7.7667,4.8163,0.048163,False
2020-06-01,UNH,sell_put,3.4306,1,1,-3.2475,0.1831,0.001831,False
2020-06-01,UNP,sell_put,3.7513,1,1,0.0934,3.7513,0.037513,False
2020-06-01,V,sell_put,2.9427,1,1,-0.8946,2.0481,0.020481,False
2020-06-01,VRTX,sell_put,3.2434,1,1,0.8161,3.2434,0.032434,False
2020-06-01,VZ,sell_put,3.5779,1,1,-3.9212,-0.3433,-0.003433,False
2020-06-01,WFC,skip,0.0,0,0,-1.3217,0.0,0.0,False
2020-06-01,WM,sell_put,3.4619,1,1,-0.7869,2.675,0.02675,False
2020-06-01,WMT,sell_put,2.8242,1,1,-3.0252,-0.201,-0.00201,False
2020-06-01,XOM,skip,0.0,0,0,0.2575,0.0,0.0,False
2020-06-01,ZTS,sell_put,3.2434,1,1,-1.6859,1.5575,0.015575,False
2020-07-01,AAPL,sell_put,2.9177,1,1,16.5132,2.9177,0.029177,False
2020-07-01,ABBV,sell_put,2.6071,1,1,-3.3306,-0.7235,-0.007235,False
2020-07-01,ABT,skip,0.0,0,0,10.0733,0.0,0.0,False
2020-07-01,ADBE,sell_put,3.554,1,1,2.0698,3.554,0.03554,False
2020-07-01,ADP,sell_put,2.7891,1,1,-10.2091,-7.42,-0.0742,False
2020-07-01,AMAT,sell_put,3.8714,1,1,6.4185,3.8714,0.038714,False
2020-07-01,AMGN,sell_put,2.6071,1,1,3.7353,2.6071,0.026071,False
2020-07-01,AMT,sell_put,2.7891,1,1,1.5254,2.7891,0.027891,False
2020-07-01,AMZN,sell_put,3.5493,1,1,14.7114,3.5493,0.035493,False
2020-07-01,AVGO,sell_put,3.8714,1,1,1.3952,3.8714,0.038714,False
2020-07-01,AXP,sell_put,2.474,1,1,-1.9748,0.4992,0.004992,False
2020-07-01,BA,sell_put,2.7827,1,1,-13.8025,-11.0198,-0.110198,False
2020-07-01,BAC,skip,0.0,0,0,5.4885,0.0,0.0,False
2020-07-01,BDX,skip,0.0,0,0,17.9677,0.0,0.0,False
2020-07-01,BKNG,skip,0.0,0,0,4.3828,0.0,0.0,False
2020-07-01,BLK,sell_put,2.5258,1,1,6.388,2.5258,0.025258,False
2020-07-01,BMY,skip,0.0,0,0,-0.2381,0.0,0.0,False
2020-07-01,BRK-B,skip,0.0,0,0,9.6745,0.0,0.0,False
2020-07-01,C,sell_put,2.7827,1,1,-2.1331,0.6496,0.006496,False
2020-07-01,CAT,sell_put,3.0153,1,1,5.0435,3.0153,0.030153,False
2020-07-01,CHTR,skip,0.0,0,0,13.7166,0.0,0.0,False
2020-07-01,CMCSA,skip,0.0,0,0,10.4523,0.0,0.0,False
2020-07-01,COST,skip,0.0,0,0,7.3612,0.0,0.0,False
2020-07-01,CRM,sell_put,3.6119,1,1,4.0143,3.6119,0.036119,False
2020-07-01,CSCO,skip,0.0,0,0,0.9862,0.0,0.0,False
2020-07-01,CSX,skip,0.0,0,0,2.2942,0.0,0.0,False
2020-07-01,CVS,skip,0.0,0,0,-3.1245,0.0,0.0,False
2020-07-01,CVX,skip,0.0,0,0,-5.9285,0.0,0.0,False
2020-07-01,DHR,sell_put,2.2813,1,1,15.373,2.2813,0.022813,False
2020-07-01,DIS,skip,0.0,0,0,4.8695,0.0,0.0,False
2020-07-01,DUK,skip,0.0,0,0,6.0708,0.0,0.0,False
2020-07-01,EL,skip,0.0,0,0,4.6958,0.0,0.0,False
2020-07-01,ELV,skip,0.0,0,0,4.4444,0.0,0.0,False
2020-07-01,EOG,skip,0.0,0,0,-7.5207,0.0,0.0,False
2020-07-01,GILD,skip,0.0,0,0,-8.8265,0.0,0.0,False
2020-07-01,GM,skip,0.0,0,0,-1.6205,0.0,0.0,False
2020-07-01,GOOGL,skip,0.0,0,0,4.9293,0.0,0.0,False
2020-07-01,GS,sell_put,2.5258,1,1,0.1721,2.5258,0.025258,False
2020-07-01,HD,sell_put,2.5786,1,1,6.6126,2.5786,0.025786,False
2020-07-01,HON,skip,0.0,0,0,3.3059,0.0,0.0,False
2020-07-01,IBM,skip,0.0,0,0,1.7968,0.0,0.0,False
2020-07-01,ICE,skip,0.0,0,0,5.996,0.0,0.0,False
2020-07-01,INTC,skip,0.0,0,0,-20.224,0.0,0.0,False
2020-07-01,INTU,sell_put,3.2991,1,1,3.437,3.2991,0.032991,False
2020-07-01,ISRG,skip,0.0,0,0,20.2885,0.0,0.0,False
2020-07-01,ITW,sell_put,2.7891,1,1,6.4782,2.7891,0.027891,False
2020-07-01,JNJ,skip,0.0,0,0,3.6479,0.0,0.0,False
2020-07-01,JPM,skip,0.0,0,0,2.7429,0.0,0.0,False
2020-07-01,KO,skip,0.0,0,0,6.6902,0.0,0.0,False
2020-07-01,LLY,sell_put,3.2742,1,1,-8.4602,-5.1861,-0.051861,False
2020-07-01,LMT,skip,0.0,0,0,3.8501,0.0,0.0,False
2020-07-01,LOW,sell_put,2.5786,1,1,10.2057,2.5786,0.025786,False
2020-07-01,MA,skip,0.0,0,0,4.3389,0.0,0.0,False
2020-07-01,MCD,skip,0.0,0,0,5.318,0.0,0.0,False
2020-07-01,MDLZ,skip,0.0,0,0,9.1484,0.0,0.0,False
2020-07-01,MDT,skip,0.0,0,0,5.9033,0.0,0.0,False
2020-07-01,META,sell_put,4.024,1,1,11.7144,4.024,0.04024,False
2020-07-01,MMM,sell_put,2.7891,1,1,-3.5387,-0.7496,-0.007496,False
2020-07-01,MRK,skip,0.0,0,0,4.5879,0.0,0.0,False
2020-07-01,MS,sell_put,2.5258,1,1,1.2008,2.5258,0.025258,False
2020-07-01,MSFT,sell_put,2.6871,1,1,0.7371,2.6871,0.026871,False
2020-07-01,MU,sell_put,5.0013,1,1,-2.8339,2.1675,0.021675,False
2020-07-01,NEE,skip,0.0,0,0,17.5193,0.0,0.0,False
2020-07-01,NFLX,sell_put,4.1215,1,1,7.4367,4.1215,0.041215,False
2020-07-01,NKE,skip,0.0,0,0,-0.4487,0.0,0.0,False
2020-07-01,NOW,sell_put,3.8265,1,1,8.4284,3.8265,0.038265,False
2020-07-01,NVDA,sell_put,5.0013,1,1,11.8117,5.0013,0.050013,False
2020-07-01,ORCL,sell_put,3.3471,1,1,0.3256,3.3471,0.033471,False
2020-07-01,PEP,sell_put,2.0721,1,1,4.8908,2.0721,0.020721,False
2020-07-01,PFE,skip,0.0,0,0,17.6759,0.0,0.0,False
2020-07-01,PG,sell_put,1.9472,1,1,9.6596,1.9472,0.019472,False
2020-07-01,PLD,sell_put,2.7891,1,1,13.6519,2.7891,0.027891,False
2020-07-01,PM,skip,0.0,0,0,11.3815,0.0,0.0,False
2020-07-01,PYPL,sell_put,2.474,1,1,12.5352,2.474,0.02474,False
2020-07-01,REGN,sell_put,2.6071,1,1,1.3501,2.6071,0.026071,False
2020-07-01,SBUX,skip,0.0,0,0,3.9951,0.0,0.0,False
2020-07-01,SCHW,skip,0.0,0,0,-1.7486,0.0,0.0,False
2020-07-01,SO,skip,0.0,0,0,5.323,0.0,0.0,False
2020-07-01,SPGI,sell_put,2.5258,1,1,6.3039,2.5258,0.025258,False
2020-07-01,SYK,skip,0.0,0,0,7.6319,0.0,0.0,False
2020-07-01,T,skip,0.0,0,0,-2.1502,0.0,0.0,False
2020-07-01,TGT,skip,0.0,0,0,4.9612,0.0,0.0,False
2020-07-01,TJX,skip,0.0,0,0,2.8283,0.0,0.0,False
2020-07-01,TMO,sell_put,2.6432,1,1,14.3183,2.6432,0.026432,False
2020-07-01,TMUS,sell_put,2.876,1,1,3.1013,2.876,0.02876,False
2020-07-01,TXN,sell_put,3.8714,1,1,0.4568,3.8714,0.038714,False
2020-07-01,UNH,skip,0.0,0,0,3.0968,0.0,0.0,False
2020-07-01,UNP,sell_put,3.0153,1,1,2.5315,3.0153,0.030153,False
2020-07-01,V,skip,0.0,0,0,-1.434,0.0,0.0,False
2020-07-01,VRTX,sell_put,2.6071,1,1,-6.3071,-3.6999,-0.036999,False
2020-07-01,VZ,skip,0.0,0,0,4.2627,0.0,0.0,False
2020-07-01,WFC,skip,0.0,0,0,-5.2343,0.0,0.0,False
2020-07-01,WM,skip,0.0,0,0,3.9984,0.0,0.0,False
2020-07-01,WMT,skip,0.0,0,0,8.0313,0.0,0.0,False
2020-07-01,XOM,sell_put,3.0153,1,1,-5.9034,-2.8881,-0.028881,False
2020-07-01,ZTS,skip,0.0,0,0,10.683,0.0,0.0,False
2020-08-01,AAPL,sell_put,3.1503,1,1,21.4379,3.1503,0.031503,False
2020-08-01,ABBV,skip,0.0,0,0,2.1377,0.0,0.0,False
2020-08-01,ABT,sell_put,2.4631,1,1,9.1961,2.4631,0.024631,False
2020-08-01,ADBE,sell_put,3.8373,1,1,15.5451,3.8373,0.038373,False
2020-08-01,ADP,skip,0.0,0,0,4.6497,0.0,0.0,False
2020-08-01,AMAT,sell_put,4.18,1,1,-4.2437,-0.0637,-0.000637,False
2020-08-01,AMGN,sell_put,2.815,1,1,3.5354,2.815,0.02815,False
2020-08-01,AMT,sell_put,3.0114,1,1,-4.6827,-1.6712,-0.016712,False
2020-08-01,AMZN,sell_put,3.8323,1,1,9.0461,3.8323,0.038323,False
2020-08-01,AVGO,sell_put,4.18,1,1,9.5975,4.18,0.0418,False
2020-08-01,AXP,skip,0.0,0,0,9.3559,0.0,0.0,False
2020-08-01,BA,skip,0.0,0,0,8.7468,0.0,0.0,False
2020-08-01,BAC,sell_put,3.2099,1,1,3.4566,3.2099,0.032099,False
2020-08-01,BDX,sell_put,2.4631,1,1,-13.7094,-11.2463,-0.112463,False
2020-08-01,BKNG,sell_put,3.0046,1,1,14.9399,3.0046,0.030046,False
2020-08-01,BLK,sell_put,2.7272,1,1,3.3356,2.7272,0.027272,False
2020-08-01,BMY,skip,0.0,0,0,6.8438,0.0,0.0,False
2020-08-01,BRK-B,sell_put,1.8117,1,1,11.3699,1.8117,0.018117,False
2020-08-01,C,skip,0.0,0,0,3.2547,0.0,0.0,False
2020-08-01,CAT,sell_put,3.2557,1,1,7.8987,3.2557,0.032557,False
2020-08-01,CHTR,sell_put,3.1052,1,1,6.1397,3.1052,0.031052,False
2020-08-01,CMCSA,sell_put,3.1052,1,1,4.6963,3.1052,0.031052,False
2020-08-01,COST,sell_put,2.5824,1,1,7.0279,2.5824,0.025824,False
2020-08-01,CRM,sell_put,3.8998,1,1,39.9281,3.8998,0.038998,False
2020-08-01,CSCO,sell_put,3.0114,1,1,-9.6548,-6.6434,-0.066434,False
2020-08-01,CSX,sell_put,3.0046,1,1,7.1769,3.0046,0.030046,False
2020-08-01,CVS,skip,0.0,0,0,-0.532,0.0,0.0,False
2020-08-01,CVX,skip,0.0,0,0,-0.012,0.0,0.0,False
2020-08-01,DHR,sell_put,2.4631,1,1,1.3101,2.4631,0.024631,False
2020-08-01,DIS,sell_put,3.2725,1,1,12.7672,3.2725,0.032725,False
2020-08-01,DUK,sell_put,1.9777,1,1,-5.1923,-3.2146,-0.032146,False
2020-08-01,EL,sell_put,3.0046,1,1,12.2406,3.0046,0.030046,False
2020-08-01,ELV,sell_put,2.9774,1,1,2.8196,2.9774,0.029774,False
2020-08-01,EOG,skip,0.0,0,0,-2.4523,0.0,0.0,False
2020-08-01,GILD,skip,0.0,0,0,-3.9983,0.0,0.0,False
2020-08-01,GM,skip,0.0,0,0,19.0438,0.0,0.0,False
2020-08-01,GOOGL,sell_put,3.4911,1,1,9.5151,3.4911,0.034911,False
2020-08-01,GS,sell_put,2.7272,1,1,3.4906,2.7272,0.027272,False
2020-08-01,HD,sell_put,2.7841,1,1,7.3637,2.7841,0.027841,False
2020-08-01,HON,sell_put,3.0114,1,1,10.8321,3.0114,0.030114,False
2020-08-01,IBM,sell_put,3.0114,1,1,0.3009,3.0114,0.030114,False
2020-08-01,ICE,sell_put,3.0046,1,1,9.7644,3.0046,0.030046,False
2020-08-01,INTC,skip,0.0,0,0,6.7463,0.0,0.0,False
2020-08-01,INTU,sell_put,3.5621,1,1,12.9291,3.5621,0.035621,False
2020-08-01,ISRG,sell_put,2.4631,1,1,6.6235,2.4631,0.024631,False
2020-08-01,ITW,sell_put,3.0114,1,1,6.7895,3.0114,0.030114,False
2020-08-01,JNJ,sell_put,2.0581,1,1,5.2484,2.0581,0.020581,False
2020-08-01,JPM,sell_put,2.7272,1,1,4.6837,2.7272,0.027272,False
2020-08-01,KO,sell_put,1.9777,1,1,4.8476,1.9777,0.019777,False
2020-08-01,LLY,skip,0.0,0,0,-1.2642,0.0,0.0,False
2020-08-01,LMT,sell_put,3.2557,1,1,2.9791,3.2557,0.032557,False
2020-08-01,LOW,sell_put,2.7841,1,1,11.0207,2.7841,0.027841,False
2020-08-01,MA,sell_put,2.6713,1,1,16.2507,2.6713,0.026713,False
2020-08-01,MCD,sell_put,1.9777,1,1,9.9032,1.9777,0.019777,False
2020-08-01,MDLZ,sell_put,2.2373,1,1,5.2802,2.2373,0.022373,False
2020-08-01,MDT,sell_put,2.4631,1,1,11.391,2.4631,0.024631,False
2020-08-01,META,sell_put,4.3449,1,1,15.5833,4.3449,0.043449,False
2020-08-01,MMM,skip,0.0,0,0,8.3405,0.0,0.0,False
2020-08-01,MRK,sell_put,2.7233,1,1,6.2687,2.7233,0.027233,False
2020-08-01,MS,sell_put,2.7272,1,1,7.6597,2.7272,0.027272,False
2020-08-01,MSFT,sell_put,2.9013,1,1,10.0093,2.9013,0.029013,False
2020-08-01,MU,skip,0.0,0,0,-9.0891,0.0,0.0,False
2020-08-01,NEE,sell_put,1.9777,1,1,-0.5451,1.4327,0.014327,False
2020-08-01,NFLX,sell_put,4.4501,1,1,8.3211,4.4501,0.044501,False
2020-08-01,NKE,skip,0.0,0,0,14.6296,0.0,0.0,False
2020-08-01,NOW,sell_put,4.1315,1,1,9.7495,4.1315,0.041315,False
2020-08-01,NVDA,sell_put,5.4001,1,1,25.9992,5.4001,0.054001,False
2020-08-01,ORCL,sell_put,3.6139,1,1,3.6283,3.6139,0.036139,False
2020-08-01,PEP,sell_put,2.2373,1,1,1.7434,2.2373,0.022373,False
2020-08-01,PFE,sell_put,2.815,1,1,-0.8333,1.9816,0.019816,False
2020-08-01,PG,sell_put,2.1025,1,1,6.1645,2.1025,0.021025,False
2020-08-01,PLD,sell_put,3.0114,1,1,-3.377,-0.3656,-0.003656,False
2020-08-01,PM,sell_put,2.2373,1,1,3.8797,2.2373,0.022373,False
2020-08-01,PYPL,sell_put,2.6713,1,1,4.1159,2.6713,0.026713,False
2020-08-01,REGN,sell_put,2.815,1,1,-1.9207,0.8943,0.008943,False
2020-08-01,SBUX,sell_put,1.9777,1,1,10.375,1.9777,0.019777,False
2020-08-01,SCHW,skip,0.0,0,0,7.1794,0.0,0.0,False
2020-08-01,SO,sell_put,1.9777,1,1,-4.4497,-2.472,-0.02472,False
2020-08-01,SPGI,sell_put,2.7272,1,1,4.6167,2.7272,0.027272,False
2020-08-01,SYK,sell_put,2.4631,1,1,2.5142,2.4631,0.024631,False
2020-08-01,T,skip,0.0,0,0,3.1081,0.0,0.0,False
2020-08-01,TGT,sell_put,2.4511,1,1,20.1224,2.4511,0.024511,False
2020-08-01,TJX,sell_put,2.4511,1,1,5.3856,2.4511,0.024511,False
2020-08-01,TMO,sell_put,2.8539,1,1,3.6309,2.8539,0.028539,False
2020-08-01,TMUS,sell_put,3.1052,1,1,8.6608,3.1052,0.031052,False
2020-08-01,TXN,sell_put,4.18,1,1,12.2137,4.18,0.0418,False
2020-08-01,UNH,sell_put,2.9774,1,1,3.2268,2.9774,0.029774,False
2020-08-01,UNP,sell_put,3.2557,1,1,11.0124,3.2557,0.032557,False
2020-08-01,V,skip,0.0,0,0,11.3393,0.0,0.0,False
2020-08-01,VRTX,skip,0.0,0,0,2.6176,0.0,0.0,False
2020-08-01,VZ,sell_put,3.1052,1,1,4.2721,3.1052,0.031052,False
2020-08-01,WFC,skip,0.0,0,0,-0.4535,0.0,0.0,False
2020-08-01,WM,sell_put,3.0046,1,1,4.0146,3.0046,0.030046,False
2020-08-01,WMT,sell_put,2.4511,1,1,7.303,2.4511,0.024511,False
2020-08-01,XOM,skip,0.0,0,0,-5.0856,0.0,0.0,False
2020-08-01,ZTS,sell_put,2.815,1,1,5.6991,2.815,0.02815,False
2020-09-01,AAPL,sell_put,6.0691,1,1,-10.0908,-4.0217,-0.040217,False
2020-09-01,ABBV,sell_put,2.8359,1,1,-8.5413,-5.7054,-0.057054,False
2020-09-01,ABT,sell_put,3.4463,1,1,-0.5846,2.8617,0.028617,False
2020-09-01,ADBE,sell_put,5.9774,1,1,-4.4722,1.5051,0.015051,False
2020-09-01,ADP,sell_put,2.8397,1,1,0.2876,2.8397,0.028397,False
2020-09-01,AMAT,skip,0.0,0,0,-3.1696,0.0,0.0,False
2020-09-01,AMGN,sell_put,2.8359,1,1,1.0037,2.8359,0.028359,False
2020-09-01,AMT,skip,0.0,0,0,-2.9781,0.0,0.0,False
2020-09-01,AMZN,sell_put,4.5703,1,1,-8.7579,-4.1876,-0.041876,False
2020-09-01,AVGO,sell_put,5.3783,1,1,4.946,5.3783,0.053783,False
2020-09-01,AXP,sell_put,3.8997,1,1,-1.319,2.5807,0.025807,False
2020-09-01,BA,sell_put,3.0,1,1,-3.818,-0.818,-0.00818,False
2020-09-01,BAC,sell_put,4.2617,1,1,-6.4102,-2.1486,-0.021486,False
2020-09-01,BDX,skip,0.0,0,0,-4.1562,0.0,0.0,False
2020-09-01,BKNG,sell_put,3.0,1,1,-10.4567,-7.4567,-0.074567,False
2020-09-01,BLK,sell_put,4.1104,1,1,-5.1566,-1.0462,-0.010462,False
2020-09-01,BMY,sell_put,2.8359,1,1,-3.0707,-0.2348,-0.002348,False
2020-09-01,BRK-B,sell_put,2.4579,1,1,-2.339,0.1189,0.001189,False
2020-09-01,C,sell_put,3.0,1,1,-15.669,-12.669,-0.12669,False
2020-09-01,CAT,sell_put,4.2808,1,1,4.8064,4.2808,0.042808,False
2020-09-01,CHTR,sell_put,3.3743,1,1,1.4181,3.3743,0.033743,False
2020-09-01,CMCSA,sell_put,3.3743,1,1,3.2359,3.3743,0.033743,False
2020-09-01,COST,sell_put,4.461,1,1,2.1113,4.461,0.04461,False
2020-09-01,CRM,sell_put,5.5979,1,1,-7.8232,-2.2253,-0.022253,False
2020-09-01,CSCO,skip,0.0,0,0,-6.703,0.0,0.0,False
2020-09-01,CSX,sell_put,3.0,1,1,1.9304,3.0,0.03,False
2020-09-01,CVS,skip,0.0,0,0,-5.9884,0.0,0.0,False
2020-09-01,CVX,skip,0.0,0,0,-12.9775,0.0,0.0,False
2020-09-01,DHR,sell_put,3.4463,1,1,4.2912,3.4463,0.034463,False
2020-09-01,DIS,sell_put,4.1391,1,1,-5.9073,-1.7682,-0.017682,False
2020-09-01,DUK,skip,0.0,0,0,11.5077,0.0,0.0,False
2020-09-01,EL,sell_put,3.0,1,1,-1.3463,1.6537,0.016537,False
2020-09-01,ELV,sell_put,3.7549,1,1,-4.593,-0.8381,-0.008381,False
2020-09-01,EOG,skip,0.0,0,0,-20.7323,0.0,0.0,False
2020-09-01,GILD,skip,0.0,0,0,-5.3334,0.0,0.0,False
2020-09-01,GM,sell_put,4.2808,1,1,-0.135,4.1458,0.041458,False
2020-09-01,GOOGL,sell_put,3.4858,1,1,-10.06,-6.5741,-0.065741,False
2020-09-01,GS,sell_put,4.1104,1,1,-1.3097,2.8007,0.028007,False
2020-09-01,HD,sell_put,3.1898,1,1,-2.5716,0.6182,0.006182,False
2020-09-01,HON,sell_put,2.8397,1,1,-0.0056,2.8341,0.028341,False
2020-09-01,IBM,sell_put,2.8397,1,1,-0.038,2.8017,0.028017,False
2020-09-01,ICE,sell_put,3.0,1,1,-5.8176,-2.8176,-0.028176,False
2020-09-01,INTC,sell_put,5.3783,1,1,2.3192,5.3783,0.053783,False
2020-09-01,INTU,sell_put,4.2221,1,1,-5.5531,-1.331,-0.01331,False
2020-09-01,ISRG,sell_put,3.4463,1,1,-2.9145,0.5318,0.005318,False
2020-09-01,ITW,sell_put,2.8397,1,1,-2.1969,0.6428,0.006428,False
2020-09-01,JNJ,sell_put,2.8013,1,1,-2.307,0.4943,0.004943,False
2020-09-01,JPM,sell_put,4.1104,1,1,-3.9126,0.1978,0.001978,False
2020-09-01,KO,sell_put,2.8536,1,1,-0.3231,2.5305,0.025305,False
2020-09-01,LLY,skip,0.0,0,0,0.2369,0.0,0.0,False
2020-09-01,LMT,sell_put,4.2808,1,1,-1.1891,3.0918,0.030918,False
2020-09-01,LOW,sell_put,3.1898,1,1,0.7104,3.1898,0.031898,False
2020-09-01,MA,sell_put,3.8997,1,1,-5.5892,-1.6895,-0.016895,False
2020-09-01,MCD,sell_put,2.8536,1,1,3.3974,2.8536,0.028536,False
2020-09-01,MDLZ,sell_put,3.0849,1,1,-1.6604,1.4245,0.014245,False
2020-09-01,MDT,sell_put,3.4463,1,1,-3.3033,0.143,0.00143,False
2020-09-01,META,sell_put,4.3383,1,1,-10.6753,-6.3371,-0.063371,False
2020-09-01,MMM,sell_put,2.8397,1,1,-0.8477,1.992,0.01992,False
2020-09-01,MRK,sell_put,2.8293,1,1,-2.7208,0.1085,0.001085,False
2020-09-01,MS,sell_put,4.1104,1,1,-7.4818,-3.3714,-0.033714,False
2020-09-01,MSFT,sell_put,4.669,1,1,-6.5142,-1.8452,-0.018452,False
2020-09-01,MU,skip,0.0,0,0,3.1861,0.0,0.0,False
2020-09-01,NEE,skip,0.0,0,0,-0.0753,0.0,0.0,False
2020-09-01,NFLX,sell_put,6.2661,1,1,-5.5763,0.6898,0.006898,False
2020-09-01,NKE,sell_put,4.7705,1,1,12.448,4.7705,0.047705,False
2020-09-01,NOW,sell_put,5.7575,1,1,0.6182,5.7575,0.057575,False
2020-09-01,NVDA,sell_put,6.4903,1,1,1.1664,6.4903,0.064903,False
2020-09-01,ORCL,sell_put,4.1942,1,1,4.3341,4.1942,0.041942,False
2020-09-01,PEP,sell_put,3.0849,1,1,-1.0424,2.0425,0.020425,False
2020-09-01,PFE,skip,0.0,0,0,-2.8843,0.0,0.0,False
2020-09-01,PG,sell_put,2.4288,1,1,0.4771,2.4288,0.024288,False
2020-09-01,PLD,skip,0.0,0,0,-1.2174,0.0,0.0,False
2020-09-01,PM,sell_put,3.0849,1,1,-6.0158,-2.9309,-0.029309,False
2020-09-01,PYPL,sell_put,3.8997,1,1,-3.4829,0.4168,0.004168,False
2020-09-01,REGN,skip,0.0,0,0,-9.7027,0.0,0.0,False
2020-09-01,SBUX,sell_put,2.8536,1,1,2.2699,2.8536,0.028536,False
2020-09-01,SCHW,sell_put,4.1104,1,1,2.5097,4.1104,0.041104,False
2020-09-01,SO,skip,0.0,0,0,5.1327,0.0,0.0,False
2020-09-01,SPGI,sell_put,4.1104,1,1,-1.4049,2.7056,0.027056,False
2020-09-01,SYK,sell_put,3.4463,1,1,5.1524,3.4463,0.034463,False
2020-09-01,T,sell_put,3.3743,1,1,-4.361,-0.9867,-0.009867,False
2020-09-01,TGT,sell_put,5.6849,1,1,4.6215,5.6849,0.056849,False
2020-09-01,TJX,sell_put,5.6849,1,1,1.5696,5.6849,0.056849,False
2020-09-01,TMO,sell_put,2.8496,1,1,2.9232,2.8496,0.028496,False
2020-09-01,TMUS,sell_put,3.3743,1,1,-1.9883,1.386,0.01386,False
2020-09-01,TXN,sell_put,5.3783,1,1,0.4502,5.3783,0.053783,False
2020-09-01,UNH,sell_put,3.7549,1,1,-0.2496,3.5053,0.035053,False
2020-09-01,UNP,sell_put,4.2808,1,1,2.8149,4.2808,0.042808,False
2020-09-01,V,sell_put,2.9148,1,1,-5.5275,-2.6127,-0.026127,False
2020-09-01,VRTX,sell_put,2.8359,1,1,-2.5079,0.328,0.00328,False
2020-09-01,VZ,sell_put,3.3743,1,1,0.3712,3.3743,0.033743,False
2020-09-01,WFC,skip,0.0,0,0,-2.2495,0.0,0.0,False
2020-09-01,WM,sell_put,3.0,1,1,-0.7281,2.2719,0.022719,False
2020-09-01,WMT,sell_put,5.6849,1,1,1.1777,5.6849,0.056849,False
2020-09-01,XOM,skip,0.0,0,0,-12.3503,0.0,0.0,False
2020-09-01,ZTS,sell_put,2.8359,1,1,3.2917,2.8359,0.028359,False
2020-10-01,AAPL,skip,0.0,0,0,-6.0012,0.0,0.0,False
2020-10-01,ABBV,skip,0.0,0,0,-2.8428,0.0,0.0,False
2020-10-01,ABT,skip,0.0,0,0,-3.4182,0.0,0.0,False
2020-10-01,ADBE,skip,0.0,0,0,-8.8351,0.0,0.0,False
2020-10-01,ADP,sell_put,3.762,1,1,13.9969,3.762,0.03762,False
2020-10-01,AMAT,skip,0.0,0,0,-0.3701,0.0,0.0,False
2020-10-01,AMGN,sell_put,4.913,1,1,-14.6443,-9.7313,-0.097313,False
2020-10-01,AMT,skip,0.0,0,0,-4.5365,0.0,0.0,False
2020-10-01,AMZN,skip,0.0,0,0,-3.5754,0.0,0.0,False
2020-10-01,AVGO,sell_put,3.481,1,1,-3.1573,0.3238,0.003238,False
2020-10-01,AXP,skip,0.0,0,0,-8.9875,0.0,0.0,False
2020-10-01,BA,skip,0.0,0,0,-12.6286,0.0,0.0,False
2020-10-01,BAC,skip,0.0,0,0,-0.9336,0.0,0.0,False
2020-10-01,BDX,skip,0.0,0,0,-0.3298,0.0,0.0,False
2020-10-01,BKNG,skip,0.0,0,0,-5.1547,0.0,0.0,False
2020-10-01,BLK,skip,0.0,0,0,6.9664,0.0,0.0,False
2020-10-01,BMY,skip,0.0,0,0,-3.0519,0.0,0.0,False
2020-10-01,BRK-B,skip,0.0,0,0,-5.1846,0.0,0.0,False
2020-10-01,C,skip,0.0,0,0,-3.9202,0.0,0.0,False
2020-10-01,CAT,sell_put,4.3853,1,1,5.2967,4.3853,0.043853,False
2020-10-01,CHTR,sell_put,4.6444,1,1,-3.2867,1.3577,0.013577,False
2020-10-01,CMCSA,sell_put,4.6444,1,1,-8.69,-4.0456,-0.040456,False
2020-10-01,COST,sell_put,2.6565,1,1,0.7381,2.6565,0.026565,False
2020-10-01,CRM,skip,0.0,0,0,-7.58,0.0,0.0,False
2020-10-01,CSCO,skip,0.0,0,0,-8.8601,0.0,0.0,False
2020-10-01,CSX,sell_put,3.0,1,1,1.6351,3.0,0.03,False
2020-10-01,CVS,skip,0.0,0,0,-3.9555,0.0,0.0,False
2020-10-01,CVX,skip,0.0,0,0,-3.4722,0.0,0.0,False
2020-10-01,DHR,sell_put,3.6809,1,1,6.6935,3.6809,0.036809,False
2020-10-01,DIS,skip,0.0,0,0,-2.2808,0.0,0.0,False
2020-10-01,DUK,sell_put,2.9089,1,1,4.0085,2.9089,0.029089,False
2020-10-01,EL,skip,0.0,0,0,0.6461,0.0,0.0,False
2020-10-01,ELV,skip,0.0,0,0,1.9298,0.0,0.0,False
2020-10-01,EOG,skip,0.0,0,0,-4.7301,0.0,0.0,False
2020-10-01,GILD,skip,0.0,0,0,-7.0117,0.0,0.0,False
2020-10-01,GM,skip,0.0,0,0,16.6949,0.0,0.0,False
2020-10-01,GOOGL,skip,0.0,0,0,10.2695,0.0,0.0,False
2020-10-01,GS,skip,0.0,0,0,-5.9362,0.0,0.0,False
2020-10-01,HD,skip,0.0,0,0,-3.4545,0.0,0.0,False
2020-10-01,HON,skip,0.0,0,0,0.2065,0.0,0.0,False
2020-10-01,IBM,skip,0.0,0,0,-8.2272,0.0,0.0,False
2020-10-01,ICE,skip,0.0,0,0,-5.3646,0.0,0.0,False
2020-10-01,INTC,sell_put,3.481,1,1,-14.4844,-11.0033,-0.110033,False
2020-10-01,INTU,skip,0.0,0,0,-3.5345,0.0,0.0,False
2020-10-01,ISRG,skip,0.0,0,0,-5.9842,0.0,0.0,False
2020-10-01,ITW,skip,0.0,0,0,1.976,0.0,0.0,False
2020-10-01,JNJ,skip,0.0,0,0,-7.9057,0.0,0.0,False
2020-10-01,JPM,skip,0.0,0,0,1.8386,0.0,0.0,False
2020-10-01,KO,skip,0.0,0,0,-1.8654,0.0,0.0,False
2020-10-01,LLY,sell_put,4.1615,1,1,-11.8633,-7.7018,-0.077018,False
2020-10-01,LMT,skip,0.0,0,0,-8.649,0.0,0.0,False
2020-10-01,LOW,sell_put,2.9287,1,1,-4.6787,-1.7499,-0.017499,False
2020-10-01,MA,skip,0.0,0,0,-14.6465,0.0,0.0,False
2020-10-01,MCD,sell_put,2.9089,1,1,-2.9569,-0.048,-0.00048,False
2020-10-01,MDLZ,skip,0.0,0,0,-7.0232,0.0,0.0,False
2020-10-01,MDT,skip,0.0,0,0,-2.6755,0.0,0.0,False
2020-10-01,META,skip,0.0,0,0,0.462,0.0,0.0,False
2020-10-01,MMM,skip,0.0,0,0,-0.1374,0.0,0.0,False
2020-10-01,MRK,skip,0.0,0,0,-8.6715,0.0,0.0,False
2020-10-01,MS,skip,0.0,0,0,-0.4137,0.0,0.0,False
2020-10-01,MSFT,skip,0.0,0,0,-3.737,0.0,0.0,False
2020-10-01,MU,sell_put,5.2051,1,1,7.1976,5.2051,0.052051,False
2020-10-01,NEE,skip,0.0,0,0,5.5051,0.0,0.0,False
2020-10-01,NFLX,skip,0.0,0,0,-4.8577,0.0,0.0,False
2020-10-01,NKE,sell_put,3.4449,1,1,-4.3492,-0.9043,-0.009043,False
2020-10-01,NOW,sell_put,6.8658,1,1,2.5918,6.8658,0.068658,False
2020-10-01,NVDA,sell_put,5.2051,1,1,-7.3371,-2.1321,-0.021321,False
2020-10-01,ORCL,sell_put,3.3002,1,1,-6.0134,-2.7132,-0.027132,False
2020-10-01,PEP,skip,0.0,0,0,-3.1397,0.0,0.0,False
2020-10-01,PFE,skip,0.0,0,0,-3.3243,0.0,0.0,False
2020-10-01,PG,sell_put,2.9443,1,1,-1.3598,1.5845,0.015845,False
2020-10-01,PLD,skip,0.0,0,0,-0.8515,0.0,0.0,False
2020-10-01,PM,skip,0.0,0,0,-3.795,0.0,0.0,False
2020-10-01,PYPL,skip,0.0,0,0,-5.5321,0.0,0.0,False
2020-10-01,REGN,skip,0.0,0,0,-2.8976,0.0,0.0,False
2020-10-01,SBUX,sell_put,2.9089,1,1,1.2104,2.9089,0.029089,False
2020-10-01,SCHW,sell_put,4.0347,1,1,13.4695,4.0347,0.040347,False
2020-10-01,SO,sell_put,2.9089,1,1,5.9572,2.9089,0.029089,False
2020-10-01,SPGI,skip,0.0,0,0,-10.5019,0.0,0.0,False
2020-10-01,SYK,sell_put,3.6809,1,1,-2.7825,0.8984,0.008984,False
2020-10-01,T,skip,0.0,0,0,-5.2262,0.0,0.0,False
2020-10-01,TGT,sell_put,2.9323,1,1,-3.3032,-0.3709,-0.003709,False
2020-10-01,TJX,sell_put,2.9323,1,1,-8.7152,-5.7829,-0.057829,False
2020-10-01,TMO,sell_put,2.8496,1,1,7.2118,2.8496,0.028496,False
2020-10-01,TMUS,skip,0.0,0,0,-4.1885,0.0,0.0,False
2020-10-01,TXN,sell_put,3.481,1,1,1.2606,3.481,0.03481,False
2020-10-01,UNH,skip,0.0,0,0,-1.7233,0.0,0.0,False
2020-10-01,UNP,sell_put,4.3853,1,1,-9.9965,-5.6112,-0.056112,False
2020-10-01,V,skip,0.0,0,0,-9.1314,0.0,0.0,False
2020-10-01,VRTX,skip,0.0,0,0,-23.4308,0.0,0.0,False
2020-10-01,VZ,sell_put,4.6444,1,1,-4.2024,0.442,0.00442,False
2020-10-01,WFC,skip,0.0,0,0,-8.7622,0.0,0.0,False
2020-10-01,WM,skip,0.0,0,0,-4.1904,0.0,0.0,False
2020-10-01,WMT,sell_put,2.9323,1,1,-0.8291,2.1032,0.021032,False
2020-10-01,XOM,skip,0.0,0,0,-4.9811,0.0,0.0,False
2020-10-01,ZTS,sell_put,4.913,1,1,-4.1241,0.7889,0.007889,False
2020-11-01,AAPL,skip,0.0,0,0,9.3607,0.0,0.0,False
2020-11-01,ABBV,skip,0.0,0,0,24.5642,0.0,0.0,False
2020-11-01,ABT,skip,0.0,0,0,3.302,0.0,0.0,False
2020-11-01,ADBE,skip,0.0,0,0,7.0163,0.0,0.0,False
2020-11-01,ADP,sell_put,4.3521,1,1,10.0785,4.3521,0.043521,False
2020-11-01,AMAT,skip,0.0,0,0,39.2538,0.0,0.0,False
2020-11-01,AMGN,skip,0.0,0,0,2.3509,0.0,0.0,False
2020-11-01,AMT,skip,0.0,0,0,0.6749,0.0,0.0,False
2020-11-01,AMZN,skip,0.0,0,0,4.344,0.0,0.0,False
2020-11-01,AVGO,skip,0.0,0,0,14.8585,0.0,0.0,False
2020-11-01,AXP,skip,0.0,0,0,30.5188,0.0,0.0,False
2020-11-01,BA,skip,0.0,0,0,45.9312,0.0,0.0,False
2020-11-01,BAC,skip,0.0,0,0,18.8185,0.0,0.0,False
2020-11-01,BDX,skip,0.0,0,0,1.6052,0.0,0.0,False
2020-11-01,BKNG,skip,0.0,0,0,25.02,0.0,0.0,False
2020-11-01,BLK,sell_put,4.417,1,1,16.5451,4.417,0.04417,False
2020-11-01,BMY,skip,0.0,0,0,7.5607,0.0,0.0,False
2020-11-01,BRK-B,skip,0.0,0,0,13.3779,0.0,0.0,False
2020-11-01,C,skip,0.0,0,0,34.6029,0.0,0.0,False
2020-11-01,CAT,sell_put,6.7996,1,1,11.2068,6.7996,0.067996,False
2020-11-01,CHTR,skip,0.0,0,0,7.9775,0.0,0.0,False
2020-11-01,CMCSA,skip,0.0,0,0,19.5396,0.0,0.0,False
2020-11-01,COST,sell_put,3.8827,1,1,9.7597,3.8827,0.038827,False
2020-11-01,CRM,skip,0.0,0,0,5.8251,0.0,0.0,False
2020-11-01,CSCO,skip,0.0,0,0,20.9382,0.0,0.0,False
2020-11-01,CSX,sell_put,3.0,1,1,14.074,3.0,0.03,False
2020-11-01,CVS,skip,0.0,0,0,21.8848,0.0,0.0,False
2020-11-01,CVX,skip,0.0,0,0,25.4388,0.0,0.0,False
2020-11-01,DHR,sell_put,3.5069,1,1,-2.1391,1.3678,0.013678,False
2020-11-01,DIS,skip,0.0,0,0,22.0701,0.0,0.0,False
2020-11-01,DUK,sell_put,3.9539,1,1,0.5972,3.9539,0.039539,False
2020-11-01,EL,sell_put,3.0,1,1,11.6817,3.0,0.03,False
2020-11-01,ELV,sell_put,6.6682,1,1,14.1935,6.6682,0.066682,False
2020-11-01,EOG,skip,0.0,0,0,38.2944,0.0,0.0,False
2020-11-01,GILD,skip,0.0,0,0,4.3336,0.0,0.0,False
2020-11-01,GM,sell_put,6.7996,1,1,26.962,6.7996,0.067996,False
2020-11-01,GOOGL,sell_put,5.1795,1,1,8.557,5.1795,0.051795,False
2020-11-01,GS,skip,0.0,0,0,21.9742,0.0,0.0,False
2020-11-01,HD,skip,0.0,0,0,4.0119,0.0,0.0,False
2020-11-01,HON,sell_put,4.3521,1,1,23.6253,4.3521,0.043521,False
2020-11-01,IBM,skip,0.0,0,0,10.6215,0.0,0.0,False
2020-11-01,ICE,skip,0.0,0,0,11.7691,0.0,0.0,False
2020-11-01,INTC,skip,0.0,0,0,9.1915,0.0,0.0,False
2020-11-01,INTU,skip,0.0,0,0,12.0634,0.0,0.0,False
2020-11-01,ISRG,skip,0.0,0,0,8.84,0.0,0.0,False
2020-11-01,ITW,sell_put,4.3521,1,1,7.7649,4.3521,0.043521,False
2020-11-01,JNJ,skip,0.0,0,0,5.5211,0.0,0.0,False
2020-11-01,JPM,sell_put,4.417,1,1,21.3524,4.417,0.04417,False
2020-11-01,KO,skip,0.0,0,0,7.3658,0.0,0.0,False
2020-11-01,LLY,skip,0.0,0,0,11.6433,0.0,0.0,False
2020-11-01,LMT,skip,0.0,0,0,4.247,0.0,0.0,False
2020-11-01,LOW,skip,0.0,0,0,-1.1033,0.0,0.0,False
2020-11-01,MA,skip,0.0,0,0,16.7204,0.0,0.0,False
2020-11-01,MCD,skip,0.0,0,0,2.0845,0.0,0.0,False
2020-11-01,MDLZ,skip,0.0,0,0,8.1514,0.0,0.0,False
2020-11-01,MDT,skip,0.0,0,0,13.0556,0.0,0.0,False
2020-11-01,META,sell_put,4.3383,1,1,5.2678,4.3383,0.043383,False
2020-11-01,MMM,skip,0.0,0,0,7.9833,0.0,0.0,False
2020-11-01,MRK,skip,0.0,0,0,6.8874,0.0,0.0,False
2020-11-01,MS,skip,0.0,0,0,29.363,0.0,0.0,False
2020-11-01,MSFT,skip,0.0,0,0,5.7292,0.0,0.0,False
2020-11-01,MU,sell_put,5.9984,1,1,27.3142,5.9984,0.059984,False
2020-11-01,NEE,sell_put,3.9539,1,1,0.519,3.9539,0.039539,False
2020-11-01,NFLX,skip,0.0,0,0,3.1446,0.0,0.0,False
2020-11-01,NKE,skip,0.0,0,0,12.1752,0.0,0.0,False
2020-11-01,NOW,sell_put,3.5849,1,1,7.4321,3.5849,0.035849,False
2020-11-01,NVDA,skip,0.0,0,0,6.9212,0.0,0.0,False
2020-11-01,ORCL,skip,0.0,0,0,3.2859,0.0,0.0,False
2020-11-01,PEP,skip,0.0,0,0,8.2077,0.0,0.0,False
2020-11-01,PFE,skip,0.0,0,0,13.8071,0.0,0.0,False
2020-11-01,PG,skip,0.0,0,0,1.8534,0.0,0.0,False
2020-11-01,PLD,skip,0.0,0,0,0.8568,0.0,0.0,False
2020-11-01,PM,skip,0.0,0,0,6.6601,0.0,0.0,False
2020-11-01,PYPL,skip,0.0,0,0,15.0379,0.0,0.0,False
2020-11-01,REGN,skip,0.0,0,0,-5.0648,0.0,0.0,False
2020-11-01,SBUX,sell_put,3.9539,1,1,12.7185,3.9539,0.039539,False
2020-11-01,SCHW,sell_put,4.417,1,1,18.6573,4.417,0.04417,False
2020-11-01,SO,sell_put,3.9539,1,1,4.1775,3.9539,0.039539,False
2020-11-01,SPGI,skip,0.0,0,0,9.0013,0.0,0.0,False
2020-11-01,SYK,skip,0.0,0,0,15.5388,0.0,0.0,False
2020-11-01,T,skip,0.0,0,0,9.0086,0.0,0.0,False
2020-11-01,TGT,skip,0.0,0,0,17.9411,0.0,0.0,False
2020-11-01,TJX,skip,0.0,0,0,25.0197,0.0,0.0,False
2020-11-01,TMO,sell_put,2.8496,1,1,-1.7205,1.129,0.01129,False
2020-11-01,TMUS,skip,0.0,0,0,21.3288,0.0,0.0,False
2020-11-01,TXN,sell_put,5.0825,1,1,12.3234,5.0825,0.050825,False
2020-11-01,UNH,skip,0.0,0,0,10.2248,0.0,0.0,False
2020-11-01,UNP,skip,0.0,0,0,15.1758,0.0,0.0,False
2020-11-01,V,skip,0.0,0,0,15.7614,0.0,0.0,False
2020-11-01,VRTX,skip,0.0,0,0,9.306,0.0,0.0,False
2020-11-01,VZ,skip,0.0,0,0,7.1297,0.0,0.0,False
2020-11-01,WFC,skip,0.0,0,0,27.5058,0.0,0.0,False
2020-11-01,WM,skip,0.0,0,0,10.3975,0.0,0.0,False
2020-11-01,WMT,skip,0.0,0,0,10.1189,0.0,0.0,False
2020-11-01,XOM,skip,0.0,0,0,16.8915,0.0,0.0,False
2020-11-01,ZTS,skip,0.0,0,0,1.2808,0.0,0.0,False
2020-12-01,AAPL,sell_put,4.1086,1,1,11.6497,4.1086,0.041086,False
2020-12-01,ABBV,sell_put,3.2155,1,1,2.4575,3.2155,0.032155,False
2020-12-01,ABT,sell_put,3.3064,1,1,1.1735,3.3064,0.033064,False
2020-12-01,ADBE,sell_put,3.8315,1,1,4.5248,3.8315,0.038315,False
2020-12-01,ADP,sell_put,3.5475,1,1,1.3343,3.5475,0.035475,False
2020-12-01,AMAT,sell_put,2.6757,1,1,4.9419,2.6757,0.026757,False
2020-12-01,AMGN,sell_put,3.2155,1,1,4.2523,3.2155,0.032155,False
2020-12-01,AMT,sell_put,3.5475,1,1,-2.9152,0.6323,0.006323,False
2020-12-01,AMZN,sell_put,3.3216,1,1,2.8058,3.3216,0.033216,False
2020-12-01,AVGO,sell_put,2.6757,1,1,9.0318,2.6757,0.026757,False
2020-12-01,AXP,sell_put,3.198,1,1,1.9563,3.198,0.03198,False
2020-12-01,BA,sell_put,3.0,1,1,1.5899,3.0,0.03,False
2020-12-01,BAC,sell_put,3.4052,1,1,7.635,3.4052,0.034052,False
2020-12-01,BDX,sell_put,3.3064,1,1,6.5491,3.3064,0.033064,False
2020-12-01,BKNG,sell_put,3.0,1,1,9.8016,3.0,0.03,False
2020-12-01,BLK,sell_put,3.5328,1,1,3.3207,3.5328,0.035328,False
2020-12-01,BMY,sell_put,3.2155,1,1,-0.593,2.6225,0.026225,False
2020-12-01,BRK-B,sell_put,1.8021,1,1,1.2931,1.8021,0.018021,False
2020-12-01,C,sell_put,3.0,1,1,11.9666,3.0,0.03,False
2020-12-01,CAT,sell_put,3.9329,1,1,4.8563,3.9329,0.039329,False
2020-12-01,CHTR,sell_put,4.0571,1,1,1.4663,4.0571,0.040571,False
2020-12-01,CMCSA,sell_put,4.0571,1,1,4.2994,4.0571,0.040571,False
2020-12-01,COST,sell_put,2.0898,1,1,-3.8262,-1.7364,-0.017364,False
2020-12-01,CRM,sell_put,3.75,1,1,-9.4671,-5.7171,-0.057171,False
2020-12-01,CSCO,sell_put,3.5475,1,1,4.0214,3.5475,0.035475,False
2020-12-01,CSX,sell_put,3.0,1,1,1.0622,3.0,0.03,False
2020-12-01,CVS,sell_put,4.6984,1,1,0.7523,4.6984,0.046984,False
2020-12-01,CVX,sell_put,3.9435,1,1,-1.7061,2.2374,0.022374,False
2020-12-01,DHR,skip,0.0,0,0,-1.1085,0.0,0.0,False
2020-12-01,DIS,sell_put,3.7377,1,1,22.4106,3.7377,0.037377,False
2020-12-01,DUK,sell_put,2.2533,1,1,-0.1975,2.0559,0.020559,False
2020-12-01,EL,sell_put,3.0,1,1,8.7407,3.0,0.03,False
2020-12-01,ELV,sell_put,4.6984,1,1,3.0721,4.6984,0.046984,False
2020-12-01,EOG,sell_put,3.9329,1,1,6.378,3.9329,0.039329,False
2020-12-01,GILD,sell_put,3.2155,1,1,-3.9723,-0.7568,-0.007568,False
2020-12-01,GM,sell_put,3.9329,1,1,-5.0182,-1.0853,-0.010853,False
2020-12-01,GOOGL,sell_put,4.56,1,1,-0.1003,4.4596,0.044596,False
2020-12-01,GS,sell_put,3.5328,1,1,14.3681,3.5328,0.035328,False
2020-12-01,HD,sell_put,2.4067,1,1,-4.25,-1.8433,-0.018433,False
2020-12-01,HON,sell_put,3.5475,1,1,4.7947,3.5475,0.035475,False
2020-12-01,IBM,sell_put,3.5475,1,1,3.3884,3.5475,0.035475,False
2020-12-01,ICE,sell_put,3.0,1,1,9.2693,3.0,0.03,False
2020-12-01,INTC,sell_put,2.6757,1,1,3.7898,2.6757,0.026757,False
2020-12-01,INTU,sell_put,3.5847,1,1,7.9058,3.5847,0.035847,False
2020-12-01,ISRG,sell_put,3.3064,1,1,12.6782,3.3064,0.033064,False
2020-12-01,ITW,sell_put,3.5475,1,1,-3.4156,0.1319,0.001319,False
2020-12-01,JNJ,sell_put,2.4675,1,1,9.5339,2.4675,0.024675,False
2020-12-01,JPM,sell_put,3.5328,1,1,7.7961,3.5328,0.035328,False
2020-12-01,KO,sell_put,2.2533,1,1,7.1124,2.2533,0.022533,False
2020-12-01,LLY,sell_put,3.5416,1,1,16.5174,3.5416,0.035416,False
2020-12-01,LMT,sell_put,3.9329,1,1,-2.065,1.868,0.01868,False
2020-12-01,LOW,skip,0.0,0,0,3.0099,0.0,0.0,False
2020-12-01,MA,sell_put,3.198,1,1,6.0712,3.198,0.03198,False
2020-12-01,MCD,sell_put,2.2533,1,1,-0.7288,1.5246,0.015246,False
2020-12-01,MDLZ,sell_put,1.9996,1,1,1.7754,1.9996,0.019996,False
2020-12-01,MDT,sell_put,3.3064,1,1,3.0255,3.3064,0.033064,False
2020-12-01,META,sell_put,4.3383,1,1,-1.3756,2.9627,0.029627,False
2020-12-01,MMM,sell_put,3.5475,1,1,2.068,3.5475,0.035475,False
2020-12-01,MRK,sell_put,2.8863,1,1,1.754,2.8863,0.028863,False
2020-12-01,MS,sell_put,3.5328,1,1,10.8362,3.5328,0.035328,False
2020-12-01,MSFT,sell_put,2.7365,1,1,4.1726,2.7365,0.027365,False
2020-12-01,MU,sell_put,4.0542,1,1,17.3038,4.0542,0.040542,False
2020-12-01,NEE,sell_put,2.2533,1,1,5.3293,2.2533,0.022533,False
2020-12-01,NFLX,sell_put,5.0971,1,1,10.1956,5.0971,0.050971,False
2020-12-01,NKE,sell_put,3.5181,1,1,5.026,3.5181,0.035181,False
2020-12-01,NOW,sell_put,4.0261,1,1,2.9707,4.0261,0.040261,False
2020-12-01,NVDA,sell_put,4.0542,1,1,-2.5855,1.4687,0.014687,False
2020-12-01,ORCL,sell_put,3.6084,1,1,12.0755,3.6084,0.036084,False
2020-12-01,PEP,sell_put,1.9996,1,1,2.8219,1.9996,0.019996,False
2020-12-01,PFE,sell_put,3.2155,1,1,-2.9273,0.2882,0.002882,False
2020-12-01,PG,sell_put,3.8939,1,1,0.1944,3.8939,0.038939,False
2020-12-01,PLD,sell_put,3.5475,1,1,-0.3898,3.1577,0.031577,False
2020-12-01,PM,sell_put,1.9996,1,1,9.2937,1.9996,0.019996,False
2020-12-01,PYPL,sell_put,3.198,1,1,9.3779,3.198,0.03198,False
2020-12-01,REGN,skip,0.0,0,0,-6.3795,0.0,0.0,False
2020-12-01,SBUX,sell_put,2.2533,1,1,9.6557,2.2533,0.022533,False
2020-12-01,SCHW,sell_put,3.5328,1,1,9.1581,3.5328,0.035328,False
2020-12-01,SO,sell_put,2.2533,1,1,3.6846,2.2533,0.022533,False
2020-12-01,SPGI,sell_put,3.5328,1,1,-6.3663,-2.8335,-0.028335,False
2020-12-01,SYK,sell_put,3.3064,1,1,4.9871,3.3064,0.033064,False
2020-12-01,T,sell_put,4.0571,1,1,0.0348,4.0571,0.040571,False
2020-12-01,TGT,sell_put,2.417,1,1,-1.2646,1.1525,0.011525,False
2020-12-01,TJX,sell_put,2.417,1,1,7.5264,2.417,0.02417,False
2020-12-01,TMO,skip,0.0,0,0,0.172,0.0,0.0,False
2020-12-01,TMUS,sell_put,4.0571,1,1,1.4368,4.0571,0.040571,False
2020-12-01,TXN,sell_put,2.6757,1,1,1.786,2.6757,0.026757,False
2020-12-01,UNH,sell_put,4.6984,1,1,4.2635,4.6984,0.046984,False
2020-12-01,UNP,sell_put,3.9329,1,1,2.5084,3.9329,0.039329,False
2020-12-01,V,sell_put,2.565,1,1,4.1405,2.565,0.02565,False
2020-12-01,VRTX,sell_put,3.2155,1,1,3.7717,3.2155,0.032155,False
2020-12-01,VZ,sell_put,4.0571,1,1,-2.7479,1.3092,0.013092,False
2020-12-01,WFC,sell_put,4.6549,1,1,10.854,4.6549,0.046549,False
2020-12-01,WM,sell_put,3.0,1,1,-1.0073,1.9927,0.019927,False
2020-12-01,WMT,sell_put,2.417,1,1,-5.6548,-3.2378,-0.032378,False
2020-12-01,XOM,sell_put,3.9329,1,1,10.712,3.9329,0.039329,False
2020-12-01,ZTS,sell_put,3.2155,1,1,3.1924,3.2155,0.032155,False
2021-01-01,AAPL,sell_put,5.5919,1,1,-0.5502,5.0418,0.050418,False
2021-01-01,ABBV,sell_put,3.1765,1,1,-4.3584,-1.1819,-0.011819,False
2021-01-01,ABT,sell_put,3.6151,1,1,12.8779,3.6151,0.036151,False
2021-01-01,ACN,sell_put,3.0424,1,1,-7.3848,-4.3425,-0.043425,False
2021-01-01,ADBE,sell_put,3.4104,1,1,-8.268,-4.8577,-0.048577,False
2021-01-01,AMAT,sell_put,3.1741,1,1,12.0278,3.1741,0.031741,False
2021-01-01,AMD,skip,0.0,0,0,-6.6187,0.0,0.0,False
2021-01-01,AMGN,sell_put,3.1765,1,1,5.0061,3.1765,0.031765,False
2021-01-01,AMT,skip,0.0,0,0,1.8589,0.0,0.0,False
2021-01-01,AMZN,sell_put,4.5475,1,1,-1.5576,2.9899,0.029899,False
2021-01-01,AVGO,sell_put,3.1741,1,1,3.7658,3.1741,0.031741,False
2021-01-01,AXP,sell_put,3.9796,1,1,-3.8458,0.1337,0.001337,False
2021-01-01,BA,sell_put,3.0,1,1,-9.2824,-6.2824,-0.062824,False
2021-01-01,BAC,sell_put,3.3967,1,1,-1.5678,1.8289,0.018289,False
2021-01-01,BKNG,sell_put,3.0,1,1,-12.7035,-9.7035,-0.097035,False
2021-01-01,BLK,sell_put,3.1226,1,1,-2.3171,0.8056,0.008056,False
2021-01-01,BMY,skip,0.0,0,0,-0.1773,0.0,0.0,False
2021-01-01,BRK-B,sell_put,1.9106,1,1,-1.7251,0.1855,0.001855,False
2021-01-01,C,sell_put,3.0,1,1,-5.952,-2.952,-0.02952,False
2021-01-01,CAT,sell_put,5.7339,1,1,0.4505,5.7339,0.057339,False
2021-01-01,CHTR,sell_put,3.639,1,1,-8.1611,-4.5222,-0.045222,False
2021-01-01,CI,skip,0.0,0,0,4.2608,0.0,0.0,False
2021-01-01,CMCSA,sell_put,3.639,1,1,-5.4008,-1.7618,-0.017618,False
2021-01-01,COST,skip,0.0,0,0,-4.0125,0.0,0.0,False
2021-01-01,CRM,skip,0.0,0,0,1.3616,0.0,0.0,False
2021-01-01,CSCO,sell_put,4.0074,1,1,-0.3799,3.6275,0.036275,False
2021-01-01,CSX,sell_put,3.0,1,1,-5.4986,-2.4986,-0.024986,False
2021-01-01,CVS,sell_put,3.3225,1,1,4.9048,3.3225,0.033225,False
2021-01-01,CVX,skip,0.0,0,0,0.8881,0.0,0.0,False
2021-01-01,DE,sell_put,5.7339,1,1,7.649,5.7339,0.057339,False
2021-01-01,DHR,skip,0.0,0,0,7.1551,0.0,0.0,False
2021-01-01,DIS,sell_put,4.7123,1,1,-7.1807,-2.4684,-0.024684,False
2021-01-01,DUK,skip,0.0,0,0,2.6649,0.0,0.0,False
2021-01-01,EL,sell_put,3.0,1,1,-11.0973,-8.0973,-0.080973,False
2021-01-01,ELV,sell_put,3.3225,1,1,-7.236,-3.9135,-0.039135,False
2021-01-01,EW,sell_put,3.6151,1,1,-9.4815,-5.8665,-0.058665,False
2021-01-01,GE,sell_put,5.7339,1,1,-1.0201,4.7138,0.047138,False
2021-01-01,GOOGL,skip,0.0,0,0,4.2633,0.0,0.0,False
2021-01-01,GS,sell_put,3.1226,1,1,3.3894,3.1226,0.031226,False
2021-01-01,HD,skip,0.0,0,0,2.5136,0.0,0.0,False
2021-01-01,HON,sell_put,4.0074,1,1,-8.1476,-4.1402,-0.041402,False
2021-01-01,HUM,sell_put,3.3225,1,1,-6.4768,-3.1543,-0.031543,False
2021-01-01,INTC,sell_put,3.1741,1,1,11.4211,3.1741,0.031741,False
2021-01-01,INTU,sell_put,3.2594,1,1,-4.9019,-1.6426,-0.016426,False
2021-01-01,ISRG,sell_put,3.6151,1,1,-8.6126,-4.9976,-0.049976,False
2021-01-01,ITW,skip,0.0,0,0,-4.198,0.0,0.0,False
2021-01-01,JNJ,sell_put,3.1623,1,1,3.6536,3.1623,0.031623,False
2021-01-01,JPM,sell_put,3.1226,1,1,1.2591,3.1226,0.031226,False
2021-01-01,KO,sell_put,3.1439,1,1,-12.1991,-9.0552,-0.090552,False
2021-01-01,LLY,sell_put,3.5347,1,1,23.1758,3.5347,0.035347,False
2021-01-01,LMT,skip,0.0,0,0,-9.3414,0.0,0.0,False
2021-01-01,LOW,sell_put,2.7314,1,1,3.9499,2.7314,0.027314,False
2021-01-01,LRCX,sell_put,3.1741,1,1,2.7357,3.1741,0.031741,False
2021-01-01,MA,sell_put,3.9796,1,1,-11.3885,-7.4089,-0.074089,False
2021-01-01,MCD,skip,0.0,0,0,-3.141,0.0,0.0,False
2021-01-01,MDLZ,sell_put,2.4962,1,1,-4.6684,-2.1722,-0.021722,False
2021-01-01,MDT,sell_put,3.6151,1,1,-4.4852,-0.8702,-0.008702,False
2021-01-01,META,skip,0.0,0,0,-5.429,0.0,0.0,False
2021-01-01,MMM,sell_put,4.0074,1,1,0.4977,4.0074,0.040074,False
2021-01-01,MRK,sell_put,2.715,1,1,-5.0384,-2.3234,-0.023234,False
2021-01-01,MS,sell_put,3.1226,1,1,-2.1596,0.963,0.00963,False
2021-01-01,MSFT,sell_put,3.9524,1,1,4.2892,3.9524,0.039524,False
2021-01-01,MU,sell_put,4.7857,1,1,4.1101,4.7857,0.047857,False
2021-01-01,NEE,sell_put,3.1439,1,1,4.8217,3.1439,0.031439,False
2021-01-01,NFLX,sell_put,3.9861,1,1,-1.5424,2.4438,0.024438,False
2021-01-01,NKE,sell_put,3.5181,1,1,-5.3801,-1.862,-0.01862,False
2021-01-01,NOW,sell_put,5.5016,1,1,-1.3208,4.1808,0.041808,False
2021-01-01,NVDA,skip,0.0,0,0,-0.4704,0.0,0.0,False
2021-01-01,ORCL,sell_put,3.1744,1,1,-6.5852,-3.4109,-0.034109,False
2021-01-01,PEP,sell_put,2.4962,1,1,-7.2536,-4.7574,-0.047574,False
2021-01-01,PFE,skip,0.0,0,0,-2.4722,0.0,0.0,False
2021-01-01,PG,sell_put,2.2541,1,1,-7.8554,-5.6013,-0.056013,False
2021-01-01,PLD,skip,0.0,0,0,4.1571,0.0,0.0,False
2021-01-01,PYPL,sell_put,3.9796,1,1,0.047,3.9796,0.039796,False
2021-01-01,QCOM,sell_put,5.6825,1,1,3.0291,5.6825,0.056825,False
2021-01-01,SBUX,sell_put,3.1439,1,1,-9.5065,-6.3625,-0.063625,False
2021-01-01,SCHW,sell_put,3.1226,1,1,-2.8281,0.2946,0.002946,False
2021-01-01,SO,sell_put,3.1439,1,1,-4.0859,-0.942,-0.00942,False
2021-01-01,SPGI,skip,0.0,0,0,-3.5683,0.0,0.0,False
2021-01-01,SYK,sell_put,3.6151,1,1,-9.57,-5.955,-0.05955,False
2021-01-01,T,sell_put,3.639,1,1,-0.452,3.1869,0.031869,False
2021-01-01,TGT,skip,0.0,0,0,2.6285,0.0,0.0,False
2021-01-01,TJX,sell_put,3.3094,1,1,-6.2235,-2.914,-0.02914,False
2021-01-01,TMO,sell_put,3.4763,1,1,9.4805,3.4763,0.034763,False
2021-01-01,TMUS,sell_put,3.639,1,1,-6.5035,-2.8646,-0.028646,False
2021-01-01,TSLA,sell_put,9.3495,1,1,12.4506,9.3495,0.093495,False
2021-01-01,TXN,sell_put,3.1741,1,1,0.9505,3.1741,0.031741,False
2021-01-01,UNH,sell_put,3.3225,1,1,-4.534,-1.2115,-0.012115,False
2021-01-01,UNP,sell_put,5.7339,1,1,-5.1628,0.5711,0.005711,False
2021-01-01,UPS,skip,0.0,0,0,-7.9572,0.0,0.0,False
2021-01-01,V,sell_put,3.1651,1,1,-11.6491,-8.484,-0.08484,False
2021-01-01,VRTX,sell_put,3.1765,1,1,-3.0718,0.1046,0.001046,False
2021-01-01,VZ,skip,0.0,0,0,-6.8085,0.0,0.0,False
2021-01-01,WMT,skip,0.0,0,0,-2.1828,0.0,0.0,False
2021-01-01,XOM,sell_put,5.7339,1,1,8.7821,5.7339,0.057339,False
2021-01-01,ZTS,sell_put,3.1765,1,1,-6.7976,-3.6211,-0.036211,False
2021-02-01,AAPL,skip,0.0,0,0,-8.1085,0.0,0.0,True
2021-02-01,ABBV,skip,0.0,0,0,6.3623,0.0,0.0,True
2021-02-01,ABT,sell_put,3.0845,2,2,-2.6923,0.3921,0.007842,True
2021-02-01,ACN,skip,0.0,0,0,4.0664,0.0,0.0,True
2021-02-01,ADBE,skip,0.0,0,0,0.1962,0.0,0.0,True
2021-02-01,AMAT,sell_put,5.0332,2,2,22.2487,5.0332,0.100664,True
2021-02-01,AMD,skip,0.0,0,0,-1.3195,0.0,0.0,True
2021-02-01,AMGN,sell_put,2.6027,2,2,-6.8384,-4.2358,-0.084716,True
2021-02-01,AMT,sell_put,3.3063,2,2,-4.9393,-1.633,-0.03266,True
2021-02-01,AMZN,skip,0.0,0,0,-3.5328,0.0,0.0,True
2021-02-01,AVGO,sell_put,5.0332,2,2,4.2997,5.0332,0.100664,True
2021-02-01,AXP,skip,0.0,0,0,16.7506,0.0,0.0,True
2021-02-01,BA,skip,0.0,0,0,9.1766,0.0,0.0,True
2021-02-01,BAC,skip,0.0,0,0,17.0658,0.0,0.0,True
2021-02-01,BKNG,skip,0.0,0,0,19.759,0.0,0.0,True
2021-02-01,BLK,skip,0.0,0,0,-0.964,0.0,0.0,True
2021-02-01,BMY,skip,0.0,0,0,-0.1628,0.0,0.0,True
2021-02-01,BRK-B,skip,0.0,0,0,5.547,0.0,0.0,True
2021-02-01,C,skip,0.0,0,0,14.5742,0.0,0.0,True
2021-02-01,CAT,sell_put,4.2166,2,2,18.6986,4.2166,0.084332,True
2021-02-01,CHTR,skip,0.0,0,0,0.9645,0.0,0.0,True
2021-02-01,CI,sell_put,3.4282,2,2,-3.2942,0.134,0.00268,True
2021-02-01,CMCSA,skip,0.0,0,0,6.8412,0.0,0.0,True
2021-02-01,COST,skip,0.0,0,0,-6.0806,0.0,0.0,True
2021-02-01,CRM,sell_put,4.3926,2,2,-4.0167,0.376,0.00752,True
2021-02-01,CSCO,skip,0.0,0,0,1.4668,0.0,0.0,True
2021-02-01,CSX,skip,0.0,0,0,6.7514,0.0,0.0,True
2021-02-01,CVS,sell_put,3.4282,2,2,-4.2767,-0.8486,-0.016972,True
2021-02-01,CVX,sell_put,3.5674,2,2,17.3709,3.5674,0.071348,True
2021-02-01,DE,sell_put,4.2166,2,2,20.8864,4.2166,0.084332,True
2021-02-01,DHR,sell_put,3.0845,2,2,-7.6396,-4.5551,-0.091102,True
2021-02-01,DIS,skip,0.0,0,0,12.4101,0.0,0.0,True
2021-02-01,DUK,sell_put,2.7944,2,2,-8.9468,-6.1524,-0.123048,True
2021-02-01,EL,skip,0.0,0,0,20.7944,0.0,0.0,True
2021-02-01,ELV,skip,0.0,0,0,2.091,0.0,0.0,True
2021-02-01,EW,skip,0.0,0,0,0.6297,0.0,0.0,True
2021-02-01,GE,skip,0.0,0,0,17.4157,0.0,0.0,True
2021-02-01,GOOGL,sell_put,3.4858,2,2,10.6465,3.4858,0.069716,True
2021-02-01,GS,sell_put,2.8914,2,2,17.8154,2.8914,0.057828,True
2021-02-01,HD,sell_put,3.2887,2,2,-4.6082,-1.3195,-0.02639,True
2021-02-01,HON,skip,0.0,0,0,3.5727,0.0,0.0,True
2021-02-01,HUM,skip,0.0,0,0,-0.9031,0.0,0.0,True
2021-02-01,INTC,sell_put,5.0332,2,2,9.4938,5.0332,0.100664,True
2021-02-01,INTU,skip,0.0,0,0,8.1763,0.0,0.0,True
2021-02-01,ISRG,skip,0.0,0,0,-1.4499,0.0,0.0,True
2021-02-01,ITW,skip,0.0,0,0,4.1038,0.0,0.0,True
2021-02-01,JNJ,sell_put,2.8356,2,2,-2.8628,-0.0272,-0.000544,True
2021-02-01,JPM,sell_put,2.8914,2,2,15.2016,2.8914,0.057828,True
2021-02-01,KO,skip,0.0,0,0,1.7445,0.0,0.0,True
2021-02-01,LLY,sell_put,4.2246,2,2,-1.481,2.7437,0.054874,True
2021-02-01,LMT,skip,0.0,0,0,2.6195,0.0,0.0,True
2021-02-01,LOW,sell_put,3.2887,2,2,-3.9189,-0.6301,-0.012602,True
2021-02-01,LRCX,sell_put,5.0332,2,2,17.2001,5.0332,0.100664,True
2021-02-01,MA,skip,0.0,0,0,12.017,0.0,0.0,True
2021-02-01,MCD,skip,0.0,0,0,-0.8179,0.0,0.0,True
2021-02-01,MDLZ,skip,0.0,0,0,-4.1125,0.0,0.0,True
2021-02-01,MDT,skip,0.0,0,0,5.066,0.0,0.0,True
2021-02-01,META,skip,0.0,0,0,-0.2748,0.0,0.0,True
2021-02-01,MMM,sell_put,3.3063,2,2,-0.3416,2.9647,0.059294,True
2021-02-01,MRK,skip,0.0,0,0,-5.774,0.0,0.0,True
2021-02-01,MS,skip,0.0,0,0,15.2352,0.0,0.0,True
2021-02-01,MSFT,sell_put,2.8599,2,2,0.1811,2.8599,0.057198,True
2021-02-01,MU,sell_put,6.0448,2,2,16.9414,6.0448,0.120896,True
2021-02-01,NEE,sell_put,2.7944,2,2,-9.1381,-6.3437,-0.126874,True
2021-02-01,NFLX,skip,0.0,0,0,1.2134,0.0,0.0,True
2021-02-01,NKE,skip,0.0,0,0,0.8908,0.0,0.0,True
2021-02-01,NOW,skip,0.0,0,0,-1.7858,0.0,0.0,True
2021-02-01,NVDA,skip,0.0,0,0,5.5794,0.0,0.0,True
2021-02-01,ORCL,skip,0.0,0,0,7.1601,0.0,0.0,True
2021-02-01,PEP,skip,0.0,0,0,-5.4038,0.0,0.0,True
2021-02-01,PFE,skip,0.0,0,0,-5.6982,0.0,0.0,True
2021-02-01,PG,skip,0.0,0,0,-3.0691,0.0,0.0,True
2021-02-01,PLD,sell_put,3.3063,2,2,-4.0019,-0.6956,-0.013912,True
2021-02-01,PYPL,sell_put,2.6948,2,2,10.9001,2.6948,0.053896,True
2021-02-01,QCOM,sell_put,3.8721,2,2,-12.8551,-8.9831,-0.179662,True
2021-02-01,SBUX,skip,0.0,0,0,11.5897,0.0,0.0,True
2021-02-01,SCHW,skip,0.0,0,0,19.7517,0.0,0.0,True
2021-02-01,SO,skip,0.0,0,0,-3.7339,0.0,0.0,True
2021-02-01,SPGI,skip,0.0,0,0,3.8991,0.0,0.0,True
2021-02-01,SYK,skip,0.0,0,0,9.8095,0.0,0.0,True
2021-02-01,T,skip,0.0,0,0,-0.2895,0.0,0.0,True
2021-02-01,TGT,sell_put,3.0983,2,2,1.253,3.0983,0.061966,True
2021-02-01,TJX,skip,0.0,0,0,3.045,0.0,0.0,True
2021-02-01,TMO,sell_put,2.7974,2,2,-11.6971,-8.8996,-0.177992,True
2021-02-01,TMUS,skip,0.0,0,0,-4.8461,0.0,0.0,True
2021-02-01,TSLA,sell_put,6.7056,2,2,-14.874,-8.1685,-0.16337,True
2021-02-01,TXN,sell_put,5.0332,2,2,4.6017,5.0332,0.100664,True
2021-02-01,UNH,skip,0.0,0,0,-0.4077,0.0,0.0,True
2021-02-01,UNP,skip,0.0,0,0,4.2994,0.0,0.0,True
2021-02-01,UPS,skip,0.0,0,0,1.8258,0.0,0.0,True
2021-02-01,V,skip,0.0,0,0,9.9043,0.0,0.0,True
2021-02-01,VRTX,skip,0.0,0,0,-7.2158,0.0,0.0,True
2021-02-01,VZ,skip,0.0,0,0,2.0858,0.0,0.0,True
2021-02-01,WMT,skip,0.0,0,0,-7.5236,0.0,0.0,True
2021-02-01,XOM,sell_put,4.2166,2,2,21.2534,4.2166,0.084332,True
2021-02-01,ZTS,skip,0.0,0,0,0.7978,0.0,0.0,True
2021-03-01,AAPL,skip,0.0,0,0,0.8845,0.0,0.0,False
2021-03-01,ABBV,sell_put,2.8453,1,1,0.4455,2.8453,0.028453,False
2021-03-01,ABT,skip,0.0,0,0,0.0501,0.0,0.0,False
2021-03-01,ACN,sell_put,2.362,1,1,10.1036,2.362,0.02362,False
2021-03-01,ADBE,sell_put,3.4615,1,1,3.4155,3.4615,0.034615,False
2021-03-01,AMAT,sell_put,3.5449,1,1,13.2528,3.5449,0.035449,False
2021-03-01,AMD,skip,0.0,0,0,-7.1116,0.0,0.0,False
2021-03-01,AMGN,skip,0.0,0,0,11.4441,0.0,0.0,False
2021-03-01,AMT,skip,0.0,0,0,10.6093,0.0,0.0,False
2021-03-01,AMZN,skip,0.0,0,0,0.0372,0.0,0.0,False
2021-03-01,AVGO,sell_put,3.5449,1,1,-1.3216,2.2232,0.022232,False
2021-03-01,AXP,sell_put,2.923,1,1,4.569,2.923,0.02923,False
2021-03-01,BA,sell_put,3.0,1,1,20.1453,3.0,0.03,False
2021-03-01,BAC,sell_put,3.2119,1,1,11.4664,3.2119,0.032119,False
2021-03-01,BKNG,sell_put,3.0,1,1,0.0571,3.0,0.03,False
2021-03-01,BLK,skip,0.0,0,0,8.5616,0.0,0.0,False
2021-03-01,BMY,skip,0.0,0,0,2.9349,0.0,0.0,False
2021-03-01,BRK-B,sell_put,1.6313,1,1,6.2201,1.6313,0.016313,False
2021-03-01,C,sell_put,3.0,1,1,10.4281,3.0,0.03,False
2021-03-01,CAT,sell_put,3.535,1,1,7.4069,3.535,0.03535,False
2021-03-01,CHTR,sell_put,3.2379,1,1,0.5869,3.2379,0.032379,False
2021-03-01,CI,skip,0.0,0,0,15.1692,0.0,0.0,False
2021-03-01,CMCSA,sell_put,3.2379,1,1,2.6366,3.2379,0.032379,False
2021-03-01,COST,skip,0.0,0,0,6.6997,0.0,0.0,False
2021-03-01,CRM,skip,0.0,0,0,-2.1386,0.0,0.0,False
2021-03-01,CSCO,sell_put,2.2833,1,1,15.2441,2.2833,0.022833,False
2021-03-01,CSX,sell_put,3.0,1,1,5.6363,3.0,0.03,False
2021-03-01,CVS,skip,0.0,0,0,10.4213,0.0,0.0,False
2021-03-01,CVX,sell_put,3.2651,1,1,6.2713,3.2651,0.032651,False
2021-03-01,DE,sell_put,3.535,1,1,7.1666,3.535,0.03535,False
2021-03-01,DHR,skip,0.0,0,0,2.4628,0.0,0.0,False
2021-03-01,DIS,sell_put,3.248,1,1,-2.391,0.8569,0.008569,False
2021-03-01,DUK,skip,0.0,0,0,13.9555,0.0,0.0,False
2021-03-01,EL,sell_put,3.0,1,1,1.9292,3.0,0.03,False
2021-03-01,ELV,sell_put,2.7849,1,1,18.3911,2.7849,0.027849,False
2021-03-01,EW,sell_put,2.1961,1,1,0.6498,2.1961,0.021961,False
2021-03-01,GE,sell_put,3.535,1,1,4.7049,3.535,0.03535,False
2021-03-01,GOOGL,sell_put,2.7725,1,1,2.0085,2.7725,0.027725,False
2021-03-01,GS,sell_put,2.9688,1,1,2.3538,2.9688,0.029688,False
2021-03-01,HD,skip,0.0,0,0,18.1582,0.0,0.0,False
2021-03-01,HON,sell_put,2.2833,1,1,7.7493,2.2833,0.022833,False
2021-03-01,HUM,skip,0.0,0,0,10.4307,0.0,0.0,False
2021-03-01,INTC,sell_put,3.5449,1,1,5.9369,3.5449,0.035449,False
2021-03-01,INTU,sell_put,2.9889,1,1,-1.8147,1.1741,0.011741,False
2021-03-01,ISRG,skip,0.0,0,0,0.2904,0.0,0.0,False
2021-03-01,ITW,sell_put,2.2833,1,1,9.5657,2.2833,0.022833,False
2021-03-01,JNJ,skip,0.0,0,0,4.3638,0.0,0.0,False
2021-03-01,JPM,sell_put,2.9688,1,1,3.4382,2.9688,0.029688,False
2021-03-01,KO,sell_put,2.1176,1,1,7.5934,2.1176,0.021176,False
2021-03-01,LLY,skip,0.0,0,0,-8.4386,0.0,0.0,False
2021-03-01,LMT,sell_put,3.535,1,1,12.7428,3.535,0.03535,False
2021-03-01,LOW,skip,0.0,0,0,19.0485,0.0,0.0,False
2021-03-01,LRCX,sell_put,3.5449,1,1,4.9454,3.5449,0.035449,False
2021-03-01,MA,sell_put,2.923,1,1,0.6217,2.923,0.02923,False
2021-03-01,MCD,skip,0.0,0,0,9.401,0.0,0.0,False
2021-03-01,MDLZ,skip,0.0,0,0,10.1016,0.0,0.0,False
2021-03-01,MDT,sell_put,2.1961,1,1,0.9917,2.1961,0.021961,False
2021-03-01,META,skip,0.0,0,0,14.3273,0.0,0.0,False
2021-03-01,MMM,skip,0.0,0,0,10.9721,0.0,0.0,False
2021-03-01,MRK,skip,0.0,0,0,6.1553,0.0,0.0,False
2021-03-01,MS,sell_put,2.9688,1,1,1.0277,2.9688,0.029688,False
2021-03-01,MSFT,sell_put,2.2425,1,1,1.6925,2.2425,0.022425,False
2021-03-01,MU,sell_put,3.9539,1,1,-3.6272,0.3266,0.003266,False
2021-03-01,NEE,skip,0.0,0,0,3.4387,0.0,0.0,False
2021-03-01,NFLX,sell_put,3.26,1,1,-3.1901,0.0698,0.000698,False
2021-03-01,NKE,sell_put,2.4682,1,1,-1.2018,1.2664,0.012664,False
2021-03-01,NOW,skip,0.0,0,0,-6.2516,0.0,0.0,False
2021-03-01,NVDA,sell_put,3.9539,1,1,-2.6705,1.2834,0.012834,False
2021-03-01,ORCL,sell_put,2.687,1,1,8.7738,2.687,0.02687,False
2021-03-01,PEP,skip,0.0,0,0,9.4899,0.0,0.0,False
2021-03-01,PFE,skip,0.0,0,0,8.1816,0.0,0.0,False
2021-03-01,PG,skip,0.0,0,0,9.6333,0.0,0.0,False
2021-03-01,PLD,skip,0.0,0,0,6.995,0.0,0.0,False
2021-03-01,PYPL,sell_put,2.923,1,1,-6.5461,-3.6231,-0.036231,False
2021-03-01,QCOM,skip,0.0,0,0,-2.6434,0.0,0.0,False
2021-03-01,SBUX,sell_put,2.1176,1,1,1.5785,2.1176,0.021176,False
2021-03-01,SCHW,sell_put,2.9688,1,1,5.9483,2.9688,0.029688,False
2021-03-01,SO,skip,0.0,0,0,10.7474,0.0,0.0,False
2021-03-01,SPGI,sell_put,2.9688,1,1,7.3862,2.9688,0.029688,False
2021-03-01,SYK,sell_put,2.1961,1,1,0.3667,2.1961,0.021961,False
2021-03-01,T,skip,0.0,0,0,8.5335,0.0,0.0,False
2021-03-01,TGT,sell_put,1.9663,1,1,8.3603,1.9663,0.019663,False
2021-03-01,TJX,sell_put,1.9663,1,1,0.6216,1.9663,0.019663,False
2021-03-01,TMO,skip,0.0,0,0,1.3998,0.0,0.0,False
2021-03-01,TMUS,skip,0.0,0,0,4.4344,0.0,0.0,False
2021-03-01,TSLA,skip,0.0,0,0,-1.1207,0.0,0.0,False
2021-03-01,TXN,sell_put,3.5449,1,1,9.7057,3.5449,0.035449,False
2021-03-01,UNH,skip,0.0,0,0,11.995,0.0,0.0,False
2021-03-01,UNP,sell_put,3.535,1,1,7.5098,3.535,0.03535,False
2021-03-01,UPS,sell_put,2.2833,1,1,8.3864,2.2833,0.022833,False
2021-03-01,V,sell_put,2.5858,1,1,-0.156,2.4298,0.024298,False
2021-03-01,VRTX,skip,0.0,0,0,1.1009,0.0,0.0,False
2021-03-01,VZ,sell_put,3.2379,1,1,5.1537,3.2379,0.032379,False
2021-03-01,WMT,skip,0.0,0,0,4.5489,0.0,0.0,False
2021-03-01,XOM,sell_put,3.535,1,1,4.4291,3.535,0.03535,False
2021-03-01,ZTS,sell_put,2.8453,1,1,1.4429,2.8453,0.028453,False
2021-04-01,AAPL,sell_put,4.0047,1,1,7.6218,4.0047,0.040047,False
2021-04-01,ABBV,sell_put,3.54,1,1,3.0309,3.54,0.0354,False
2021-04-01,ABT,sell_put,5.403,1,1,0.2003,5.403,0.05403,False
2021-04-01,ACN,sell_put,2.2615,1,1,4.9665,2.2615,0.022615,False
2021-04-01,ADBE,sell_put,2.5485,1,1,6.9357,2.5485,0.025485,False
2021-04-01,AMAT,sell_put,1.3792,1,1,-0.6662,0.7131,0.007131,False
2021-04-01,AMD,skip,0.0,0,0,3.9745,0.0,0.0,False
2021-04-01,AMGN,sell_put,3.54,1,1,-3.6855,-0.1455,-0.001455,False
2021-04-01,AMT,sell_put,3.732,1,1,6.5716,3.732,0.03732,False
2021-04-01,AMZN,sell_put,3.7793,1,1,12.0663,3.7793,0.037793,False
2021-04-01,AVGO,skip,0.0,0,0,-0.8398,0.0,0.0,False
2021-04-01,AXP,sell_put,3.0663,1,1,8.7464,3.0663,0.030663,False
2021-04-01,BA,sell_put,3.0,1,1,-8.0127,-5.0127,-0.050127,False
2021-04-01,BAC,sell_put,2.7021,1,1,5.2761,2.7021,0.027021,False
2021-04-01,BKNG,sell_put,3.0,1,1,5.8476,3.0,0.03,False
2021-04-01,BLK,sell_put,2.3206,1,1,9.3098,2.3206,0.023206,False
2021-04-01,BMY,sell_put,3.54,1,1,-0.3534,3.1866,0.031866,False
2021-04-01,BRK-B,sell_put,1.5294,1,1,7.6252,1.5294,0.015294,False
2021-04-01,C,sell_put,3.0,1,1,-2.0756,0.9244,0.009244,False
2021-04-01,CAT,sell_put,4.0538,1,1,-1.6216,2.4322,0.024322,False
2021-04-01,CHTR,sell_put,2.6132,1,1,9.1456,2.6132,0.026132,False
2021-04-01,CI,sell_put,2.0778,1,1,3.4459,2.0778,0.020778,False
2021-04-01,CMCSA,sell_put,2.6132,1,1,3.7701,2.6132,0.026132,False
2021-04-01,COST,sell_put,1.8412,1,1,5.5634,1.8412,0.018412,False
2021-04-01,CRM,skip,0.0,0,0,8.7082,0.0,0.0,False
2021-04-01,CSCO,sell_put,3.732,1,1,-1.5471,2.1849,0.021849,False
2021-04-01,CSX,sell_put,3.0,1,1,4.4908,3.0,0.03,False
2021-04-01,CVS,sell_put,2.0778,1,1,1.5552,2.0778,0.020778,False
2021-04-01,CVX,sell_put,3.1377,1,1,-1.6414,1.4963,0.014963,False
2021-04-01,DE,sell_put,4.0538,1,1,-0.6363,3.4175,0.034175,False
2021-04-01,DHR,sell_put,5.403,1,1,12.9302,5.403,0.05403,False
2021-04-01,DIS,skip,0.0,0,0,0.8129,0.0,0.0,False
2021-04-01,DUK,sell_put,1.8,1,1,4.3096,1.8,0.018,False
2021-04-01,EL,sell_put,3.0,1,1,7.8907,3.0,0.03,False
2021-04-01,ELV,sell_put,2.0778,1,1,6.0472,2.0778,0.020778,False
2021-04-01,EW,sell_put,5.403,1,1,14.2037,5.403,0.05403,False
2021-04-01,GE,sell_put,4.0538,1,1,-0.0025,4.0513,0.040513,False
2021-04-01,GOOGL,sell_put,3.4858,1,1,14.108,3.4858,0.034858,False
2021-04-01,GS,sell_put,2.3206,1,1,6.9782,2.3206,0.023206,False
2021-04-01,HD,sell_put,2.0321,1,1,6.6989,2.0321,0.020321,False
2021-04-01,HON,sell_put,3.732,1,1,2.7503,3.732,0.03732,False
2021-04-01,HUM,sell_put,2.0778,1,1,6.3743,2.0778,0.020778,False
2021-04-01,INTC,sell_put,1.3792,1,1,-10.1094,-8.7302,-0.087302,False
2021-04-01,INTU,skip,0.0,0,0,7.5967,0.0,0.0,False
2021-04-01,ISRG,sell_put,5.403,1,1,17.0596,5.403,0.05403,False
2021-04-01,ITW,sell_put,3.732,1,1,4.5614,3.732,0.03732,False
2021-04-01,JNJ,sell_put,1.8123,1,1,-0.9857,0.8265,0.008265,False
2021-04-01,JPM,sell_put,2.3206,1,1,1.0379,2.3206,0.023206,False
2021-04-01,KO,sell_put,1.8,1,1,3.2618,1.8,0.018,False
2021-04-01,LLY,skip,0.0,0,0,-2.1679,0.0,0.0,False
2021-04-01,LMT,sell_put,4.0538,1,1,2.9933,4.0538,0.040538,False
2021-04-01,LOW,sell_put,2.0321,1,1,3.1917,2.0321,0.020321,False
2021-04-01,LRCX,sell_put,1.3792,1,1,4.4883,1.3792,0.013792,False
2021-04-01,MA,sell_put,3.0663,1,1,7.3051,3.0663,0.030663,False
2021-04-01,MCD,sell_put,1.8,1,1,5.327,1.8,0.018,False
2021-04-01,MDLZ,sell_put,1.7384,1,1,4.4421,1.7384,0.017384,False
2021-04-01,MDT,sell_put,5.403,1,1,11.3842,5.403,0.05403,False
2021-04-01,META,sell_put,4.3383,1,1,10.3724,4.3383,0.043383,False
2021-04-01,MMM,sell_put,3.732,1,1,2.3147,3.732,0.03732,False
2021-04-01,MRK,sell_put,3.0317,1,1,-2.5106,0.521,0.00521,False
2021-04-01,MS,sell_put,2.3206,1,1,6.2967,2.3206,0.023206,False
2021-04-01,MSFT,sell_put,2.6505,1,1,6.9602,2.6505,0.026505,False
2021-04-01,MU,skip,0.0,0,0,-2.426,0.0,0.0,False
2021-04-01,NEE,sell_put,1.8,1,1,2.5129,1.8,0.018,False
2021-04-01,NFLX,skip,0.0,0,0,-1.57,0.0,0.0,False
2021-04-01,NKE,skip,0.0,0,0,-0.2032,0.0,0.0,False
2021-04-01,NOW,skip,0.0,0,0,1.2517,0.0,0.0,False
2021-04-01,NVDA,skip,0.0,0,0,12.4842,0.0,0.0,False
2021-04-01,ORCL,sell_put,2.3314,1,1,8.0091,2.3314,0.023314,False
2021-04-01,PEP,sell_put,1.7384,1,1,2.7297,1.7384,0.017384,False
2021-04-01,PFE,sell_put,3.54,1,1,6.6796,3.54,0.0354,False
2021-04-01,PG,sell_put,2.6089,1,1,-1.4842,1.1247,0.011247,False
2021-04-01,PLD,sell_put,3.732,1,1,10.6165,3.732,0.03732,False
2021-04-01,PYPL,skip,0.0,0,0,8.0094,0.0,0.0,False
2021-04-01,QCOM,skip,0.0,0,0,5.1825,0.0,0.0,False
2021-04-01,SBUX,sell_put,1.8,1,1,4.7772,1.8,0.018,False
2021-04-01,SCHW,sell_put,2.3206,1,1,8.0086,2.3206,0.023206,False
2021-04-01,SO,sell_put,1.8,1,1,6.4511,1.8,0.018,False
2021-04-01,SPGI,sell_put,2.3206,1,1,10.6328,2.3206,0.023206,False
2021-04-01,SYK,sell_put,5.403,1,1,8.1022,5.403,0.05403,False
2021-04-01,T,sell_put,2.6132,1,1,3.7661,2.6132,0.026132,False
2021-04-01,TGT,sell_put,2.1258,1,1,4.6397,2.1258,0.021258,False
2021-04-01,TJX,sell_put,2.1258,1,1,7.3318,2.1258,0.021258,False
2021-04-01,TMO,sell_put,2.8496,1,1,3.0942,2.8496,0.028496,False
2021-04-01,TMUS,sell_put,2.6132,1,1,5.4593,2.6132,0.026132,False
2021-04-01,TSLA,skip,0.0,0,0,6.2147,0.0,0.0,False
2021-04-01,TXN,sell_put,1.3792,1,1,-4.487,-3.1078,-0.031078,False
2021-04-01,UNH,sell_put,2.0778,1,1,7.5649,2.0778,0.020778,False
2021-04-01,UNP,sell_put,4.0538,1,1,0.7622,4.0538,0.040538,False
2021-04-01,UPS,sell_put,3.732,1,1,19.9247,3.732,0.03732,False
2021-04-01,V,skip,0.0,0,0,10.3103,0.0,0.0,False
2021-04-01,VRTX,sell_put,3.54,1,1,1.5403,3.54,0.0354,False
2021-04-01,VZ,sell_put,2.6132,1,1,-0.6191,1.9941,0.019941,False
2021-04-01,WMT,sell_put,2.1258,1,1,3.4338,2.1258,0.021258,False
2021-04-01,XOM,sell_put,4.0538,1,1,2.5255,4.0538,0.040538,False
2021-04-01,ZTS,sell_put,3.54,1,1,9.8743,3.54,0.0354,False
2021-05-01,AAPL,sell_put,2.8482,1,1,-5.2107,-2.3625,-0.023625,False
2021-05-01,ABBV,sell_put,2.0234,1,1,2.7591,2.0234,0.020234,False
2021-05-01,ABT,sell_put,2.2758,1,1,-2.4998,-0.2239,-0.002239,False
2021-05-01,ACN,sell_put,1.9568,1,1,-2.3922,-0.4354,-0.004354,False
2021-05-01,ADBE,sell_put,2.6735,1,1,-0.7397,1.9338,0.019338,False
2021-05-01,AMAT,skip,0.0,0,0,4.0841,0.0,0.0,False
2021-05-01,AMD,sell_put,5.6038,1,1,-1.8868,3.717,0.03717,False
2021-05-01,AMGN,skip,0.0,0,0,-0.7094,0.0,0.0,False
2021-05-01,AMT,sell_put,1.95,1,1,0.7907,1.95,0.0195,False
2021-05-01,AMZN,sell_put,2.915,1,1,-7.047,-4.132,-0.04132,False
2021-05-01,AVGO,skip,0.0,0,0,3.5357,0.0,0.0,False
2021-05-01,AXP,sell_put,2.6695,1,1,4.4212,2.6695,0.026695,False
2021-05-01,BA,skip,0.0,0,0,5.4244,0.0,0.0,False
2021-05-01,BAC,sell_put,2.8807,1,1,4.5892,2.8807,0.028807,False
2021-05-01,BKNG,sell_put,3.0,1,1,-4.2387,-1.2387,-0.012387,False
2021-05-01,BLK,sell_put,2.7218,1,1,7.0475,2.7218,0.027218,False
2021-05-01,BMY,skip,0.0,0,0,5.2868,0.0,0.0,False
2021-05-01,BRK-B,sell_put,1.757,1,1,5.27,1.757,0.01757,False
2021-05-01,C,skip,0.0,0,0,11.2541,0.0,0.0,False
2021-05-01,CAT,skip,0.0,0,0,6.1636,0.0,0.0,False
2021-05-01,CHTR,sell_put,0.8374,1,1,3.1302,0.8374,0.008374,False
2021-05-01,CI,sell_put,2.1937,1,1,3.9517,2.1937,0.021937,False
2021-05-01,CMCSA,sell_put,0.8374,1,1,2.5873,0.8374,0.008374,False
2021-05-01,COST,sell_put,2.5174,1,1,1.8786,2.5174,0.025174,False
2021-05-01,CRM,sell_put,4.1932,1,1,3.3779,4.1932,0.041932,False
2021-05-01,CSCO,skip,0.0,0,0,4.6538,0.0,0.0,False
2021-05-01,CSX,sell_put,3.0,1,1,-0.6253,2.3747,0.023747,False
2021-05-01,CVS,sell_put,2.1937,1,1,13.8837,2.1937,0.021937,False
2021-05-01,CVX,skip,0.0,0,0,0.6986,0.0,0.0,False
2021-05-01,DE,skip,0.0,0,0,-2.6291,0.0,0.0,False
2021-05-01,DHR,sell_put,2.2758,1,1,0.8664,2.2758,0.022758,False
2021-05-01,DIS,sell_put,2.9527,1,1,-3.962,-1.0092,-0.010092,False
2021-05-01,DUK,sell_put,1.5813,1,1,-0.4668,1.1145,0.011145,False
2021-05-01,EL,sell_put,3.0,1,1,-2.32,0.68,0.0068,False
2021-05-01,ELV,sell_put,2.1937,1,1,4.9632,2.1937,0.021937,False
2021-05-01,EW,sell_put,2.2758,1,1,0.3978,2.2758,0.022758,False
2021-05-01,GE,skip,0.0,0,0,7.1646,0.0,0.0,False
2021-05-01,GOOGL,sell_put,2.6706,1,1,0.1423,2.6706,0.026706,False
2021-05-01,GS,sell_put,2.7218,1,1,6.7642,2.7218,0.027218,False
2021-05-01,HD,sell_put,3.2365,1,1,-1.4706,1.7659,0.017659,False
2021-05-01,HON,sell_put,1.95,1,1,3.5285,1.95,0.0195,False
2021-05-01,HUM,sell_put,2.1937,1,1,-1.6935,0.5002,0.005002,False
2021-05-01,INTC,skip,0.0,0,0,-0.7127,0.0,0.0,False
2021-05-01,INTU,sell_put,5.0727,1,1,6.6869,5.0727,0.050727,False
2021-05-01,ISRG,sell_put,2.2758,1,1,-2.6382,-0.3623,-0.003623,False
2021-05-01,ITW,sell_put,1.95,1,1,0.5641,1.95,0.0195,False
2021-05-01,JNJ,skip,0.0,0,0,4.0066,0.0,0.0,False
2021-05-01,JPM,sell_put,2.7218,1,1,7.41,2.7218,0.027218,False
2021-05-01,KO,sell_put,1.5813,1,1,2.4268,1.5813,0.015813,False
2021-05-01,LLY,skip,0.0,0,0,9.2849,0.0,0.0,False
2021-05-01,LMT,sell_put,3.4385,1,1,0.4309,3.4385,0.034385,False
2021-05-01,LOW,sell_put,3.2365,1,1,-0.4307,2.8058,0.028058,False
2021-05-01,LRCX,sell_put,4.4679,1,1,4.7385,4.4679,0.044679,False
2021-05-01,MA,sell_put,2.6695,1,1,-5.5101,-2.8406,-0.028406,False
2021-05-01,MCD,sell_put,1.5813,1,1,-0.9276,0.6536,0.006536,False
2021-05-01,MDLZ,sell_put,2.054,1,1,4.473,2.054,0.02054,False
2021-05-01,MDT,sell_put,2.2758,1,1,-3.3074,-1.0315,-0.010315,False
2021-05-01,META,sell_put,4.3383,1,1,1.1228,4.3383,0.043383,False
2021-05-01,MMM,sell_put,1.95,1,1,2.9928,1.95,0.0195,False
2021-05-01,MRK,skip,0.0,0,0,1.8658,0.0,0.0,False
2021-05-01,MS,sell_put,2.7218,1,1,10.6437,2.7218,0.027218,False
2021-05-01,MSFT,sell_put,2.709,1,1,-0.9913,1.7177,0.017177,False
2021-05-01,MU,skip,0.0,0,0,-2.2424,0.0,0.0,False
2021-05-01,NEE,sell_put,1.5813,1,1,-5.5347,-3.9535,-0.039535,False
2021-05-01,NFLX,skip,0.0,0,0,-2.0761,0.0,0.0,False
2021-05-01,NKE,skip,0.0,0,0,2.8955,0.0,0.0,False
2021-05-01,NOW,sell_put,3.9644,1,1,-6.4163,-2.4518,-0.024518,False
2021-05-01,NVDA,sell_put,5.6038,1,1,8.2281,5.6038,0.056038,False
2021-05-01,ORCL,sell_put,2.5675,1,1,4.3418,2.5675,0.025675,False
2021-05-01,PEP,sell_put,2.054,1,1,2.6221,2.054,0.02054,False
2021-05-01,PFE,sell_put,2.0234,1,1,0.207,2.0234,0.020234,False
2021-05-01,PG,skip,0.0,0,0,1.7185,0.0,0.0,False
2021-05-01,PLD,sell_put,1.95,1,1,1.1242,1.95,0.0195,False
2021-05-01,PYPL,sell_put,2.6695,1,1,-0.8655,1.8041,0.018041,False
2021-05-01,QCOM,sell_put,3.9356,1,1,-3.0692,0.8664,0.008664,False
2021-05-01,SBUX,sell_put,1.5813,1,1,-0.5328,1.0485,0.010485,False
2021-05-01,SCHW,sell_put,2.7218,1,1,4.9005,2.7218,0.027218,False
2021-05-01,SO,sell_put,1.5813,1,1,-3.4003,-1.8191,-0.018191,False
2021-05-01,SPGI,sell_put,2.7218,1,1,-2.7972,-0.0754,-0.000754,False
2021-05-01,SYK,sell_put,2.2758,1,1,-2.8024,-0.5266,-0.005266,False
2021-05-01,T,sell_put,0.8374,1,1,-4.1706,-3.3333,-0.033333,False
2021-05-01,TGT,sell_put,2.9238,1,1,9.4857,2.9238,0.029238,False
2021-05-01,TJX,sell_put,2.9238,1,1,-4.8732,-1.9495,-0.019495,False
2021-05-01,TMO,sell_put,2.8496,1,1,-0.1552,2.6943,0.026943,False
2021-05-01,TMUS,sell_put,0.8374,1,1,7.0537,0.8374,0.008374,False
2021-05-01,TSLA,sell_put,7.3862,1,1,-11.8713,-4.4851,-0.044851,False
2021-05-01,TXN,skip,0.0,0,0,5.738,0.0,0.0,False
2021-05-01,UNH,sell_put,2.1937,1,1,3.2899,2.1937,0.021937,False
2021-05-01,UNP,sell_put,3.4385,1,1,1.1887,3.4385,0.034385,False
2021-05-01,UPS,sell_put,1.95,1,1,5.2683,1.95,0.0195,False
2021-05-01,V,sell_put,2.5994,1,1,-2.6803,-0.0809,-0.000809,False
2021-05-01,VRTX,sell_put,2.0234,1,1,-4.3859,-2.3624,-0.023624,False
2021-05-01,VZ,skip,0.0,0,0,-1.1979,0.0,0.0,False
2021-05-01,WMT,sell_put,2.9238,1,1,1.5153,2.9238,0.029238,False
2021-05-01,XOM,sell_put,3.4385,1,1,1.9741,3.4385,0.034385,False
2021-05-01,ZTS,sell_put,2.0234,1,1,2.2615,2.0234,0.020234,False
2021-06-01,AAPL,skip,0.0,0,0,10.0976,0.0,0.0,False
2021-06-01,ABBV,sell_put,2.1806,1,1,-0.4947,1.6859,0.016859,False
2021-06-01,ABT,skip,0.0,0,0,-0.6172,0.0,0.0,False
2021-06-01,ACN,skip,0.0,0,0,4.4762,0.0,0.0,False
2021-06-01,ADBE,skip,0.0,0,0,16.0649,0.0,0.0,False
2021-06-01,AMAT,sell_put,3.6315,1,1,3.2716,3.6315,0.036315,False
2021-06-01,AMD,skip,0.0,0,0,17.2952,0.0,0.0,False
2021-06-01,AMGN,skip,0.0,0,0,3.1621,0.0,0.0,False
2021-06-01,AMT,sell_put,1.8788,1,1,5.7465,1.8788,0.018788,False
2021-06-01,AMZN,skip,0.0,0,0,6.7355,0.0,0.0,False
2021-06-01,AVGO,sell_put,3.6315,1,1,0.9548,3.6315,0.036315,False
2021-06-01,AXP,sell_put,2.652,1,1,3.1849,2.652,0.02652,False
2021-06-01,BA,sell_put,3.0,1,1,-3.02,-0.02,-0.0002,False
2021-06-01,BAC,sell_put,3.0551,1,1,-2.7365,0.3186,0.003186,False
2021-06-01,BKNG,skip,0.0,0,0,-7.3452,0.0,0.0,False
2021-06-01,BLK,sell_put,2.6046,1,1,-0.236,2.3685,0.023685,False
2021-06-01,BMY,sell_put,2.1806,1,1,1.6738,2.1806,0.021806,False
2021-06-01,BRK-B,sell_put,1.3968,1,1,-3.9801,-2.5833,-0.025833,False
2021-06-01,C,sell_put,3.0,1,1,-10.1131,-7.1131,-0.071131,False
2021-06-01,CAT,sell_put,2.9754,1,1,-9.7271,-6.7517,-0.067517,False
2021-06-01,CHTR,sell_put,2.6208,1,1,3.876,2.6208,0.026208,False
2021-06-01,CI,sell_put,2.1916,1,1,-8.4141,-6.2225,-0.062225,False
2021-06-01,CMCSA,sell_put,2.6208,1,1,-0.5581,2.0627,0.020627,False
2021-06-01,COST,sell_put,2.6932,1,1,4.5999,2.6932,0.026932,False
2021-06-01,CRM,sell_put,2.9822,1,1,2.5913,2.9822,0.029822,False
2021-06-01,CSCO,sell_put,1.8788,1,1,0.189,1.8788,0.018788,False
2021-06-01,CSX,skip,0.0,0,0,-3.6066,0.0,0.0,False
2021-06-01,CVS,sell_put,2.1916,1,1,-3.4706,-1.279,-0.01279,False
2021-06-01,CVX,sell_put,2.8808,1,1,2.1506,2.8808,0.028808,False
2021-06-01,DE,skip,0.0,0,0,-2.3235,0.0,0.0,False
2021-06-01,DHR,sell_put,1.7791,1,1,4.7708,1.7791,0.017791,False
2021-06-01,DIS,skip,0.0,0,0,-1.6121,0.0,0.0,False
2021-06-01,DUK,skip,0.0,0,0,-0.5486,0.0,0.0,False
2021-06-01,EL,skip,0.0,0,0,3.9515,0.0,0.0,False
2021-06-01,ELV,sell_put,2.1916,1,1,-4.1233,-1.9317,-0.019317,False
2021-06-01,EW,sell_put,1.7791,1,1,7.9979,1.7791,0.017791,False
2021-06-01,GE,sell_put,2.9754,1,1,-4.2674,-1.292,-0.01292,False
2021-06-01,GOOGL,sell_put,3.5616,1,1,3.604,3.5616,0.035616,False
2021-06-01,GS,sell_put,2.6046,1,1,2.3633,2.6046,0.026046,False
2021-06-01,HD,skip,0.0,0,0,-0.0062,0.0,0.0,False
2021-06-01,HON,sell_put,1.8788,1,1,-4.6031,-2.7243,-0.027243,False
2021-06-01,HUM,skip,0.0,0,0,1.1469,0.0,0.0,False
2021-06-01,INTC,skip,0.0,0,0,-1.1104,0.0,0.0,False
2021-06-01,INTU,sell_put,3.4553,1,1,11.6332,3.4553,0.034553,False
2021-06-01,ISRG,skip,0.0,0,0,9.1976,0.0,0.0,False
2021-06-01,ITW,sell_put,1.8788,1,1,-3.5381,-1.6593,-0.016593,False
2021-06-01,JNJ,sell_put,1.6719,1,1,-2.0575,-0.3856,-0.003856,False
2021-06-01,JPM,sell_put,2.6046,1,1,-5.2971,-2.6926,-0.026926,False
2021-06-01,KO,sell_put,1.7692,1,1,-2.1342,-0.365,-0.00365,False
2021-06-01,LLY,sell_put,2.4265,1,1,15.4172,2.4265,0.024265,False
2021-06-01,LMT,sell_put,2.9754,1,1,-0.3384,2.6369,0.026369,False
2021-06-01,LOW,skip,0.0,0,0,-0.4414,0.0,0.0,False
2021-06-01,LRCX,sell_put,3.6315,1,1,0.1308,3.6315,0.036315,False
2021-06-01,MA,skip,0.0,0,0,1.2508,0.0,0.0,False
2021-06-01,MCD,skip,0.0,0,0,-0.6945,0.0,0.0,False
2021-06-01,MDLZ,sell_put,1.97,1,1,-1.7157,0.2543,0.002543,False
2021-06-01,MDT,skip,0.0,0,0,-1.9433,0.0,0.0,False
2021-06-01,META,sell_put,4.3383,1,1,5.7737,4.3383,0.043383,False
2021-06-01,MMM,sell_put,1.8788,1,1,-1.4521,0.4267,0.004267,False
2021-06-01,MRK,sell_put,1.8322,1,1,7.3962,1.8322,0.018322,False
2021-06-01,MS,sell_put,2.6046,1,1,0.8136,2.6046,0.026046,False
2021-06-01,MSFT,skip,0.0,0,0,8.7494,0.0,0.0,False
2021-06-01,MU,skip,0.0,0,0,0.9983,0.0,0.0,False
2021-06-01,NEE,skip,0.0,0,0,0.0819,0.0,0.0,False
2021-06-01,NFLX,skip,0.0,0,0,5.0516,0.0,0.0,False
2021-06-01,NKE,sell_put,3.5764,1,1,13.4411,3.5764,0.035764,False
2021-06-01,NOW,skip,0.0,0,0,15.9682,0.0,0.0,False
2021-06-01,NVDA,sell_put,3.4989,1,1,23.134,3.4989,0.034989,False
2021-06-01,ORCL,sell_put,3.1373,1,1,-1.143,1.9943,0.019943,False
2021-06-01,PEP,sell_put,1.97,1,1,0.1555,1.97,0.0197,False
2021-06-01,PFE,sell_put,2.1806,1,1,2.1065,2.1806,0.021806,False
2021-06-01,PG,sell_put,1.6571,1,1,0.0593,1.6571,0.016571,False
2021-06-01,PLD,sell_put,1.8788,1,1,1.4341,1.8788,0.018788,False
2021-06-01,PYPL,skip,0.0,0,0,12.0991,0.0,0.0,False
2021-06-01,QCOM,skip,0.0,0,0,6.2361,0.0,0.0,False
2021-06-01,SBUX,skip,0.0,0,0,-1.427,0.0,0.0,False
2021-06-01,SCHW,sell_put,2.6046,1,1,-1.1508,1.4537,0.014537,False
2021-06-01,SO,skip,0.0,0,0,-4.3746,0.0,0.0,False
2021-06-01,SPGI,skip,0.0,0,0,8.3842,0.0,0.0,False
2021-06-01,SYK,skip,0.0,0,0,1.7472,0.0,0.0,False
2021-06-01,T,skip,0.0,0,0,-2.2086,0.0,0.0,False
2021-06-01,TGT,sell_put,2.1437,1,1,6.877,2.1437,0.021437,False
2021-06-01,TJX,skip,0.0,0,0,0.184,0.0,0.0,False
2021-06-01,TMO,skip,0.0,0,0,7.4483,0.0,0.0,False
2021-06-01,TMUS,sell_put,2.6208,1,1,2.3895,2.6208,0.026208,False
2021-06-01,TSLA,skip,0.0,0,0,8.7137,0.0,0.0,False
2021-06-01,TXN,sell_put,3.6315,1,1,1.3065,3.6315,0.036315,False
2021-06-01,UNH,sell_put,2.1916,1,1,-2.7869,-0.5953,-0.005953,False
2021-06-01,UNP,sell_put,2.9754,1,1,-1.6658,1.3095,0.013095,False
2021-06-01,UPS,sell_put,1.8788,1,1,-2.6252,-0.7464,-0.007464,False
2021-06-01,V,skip,0.0,0,0,3.0179,0.0,0.0,False
2021-06-01,VRTX,skip,0.0,0,0,-3.3552,0.0,0.0,False
2021-06-01,VZ,skip,0.0,0,0,-0.8143,0.0,0.0,False
2021-06-01,WMT,sell_put,2.1437,1,1,-0.3212,1.8225,0.018225,False
2021-06-01,XOM,sell_put,2.9754,1,1,9.6436,2.9754,0.029754,False
2021-06-01,ZTS,sell_put,2.1806,1,1,5.4788,2.1806,0.021806,False
2021-07-01,AAPL,sell_put,3.0494,1,1,6.4982,3.0494,0.030494,False
2021-07-01,ABBV,skip,0.0,0,0,3.2493,0.0,0.0,False
2021-07-01,ABT,skip,0.0,0,0,4.3561,0.0,0.0,False
2021-07-01,ACN,sell_put,2.1491,1,1,7.7648,2.1491,0.021491,False
2021-07-01,ADBE,sell_put,2.5012,1,1,6.1454,2.5012,0.025012,False
2021-07-01,AMAT,sell_put,2.8237,1,1,-1.7346,1.0891,0.010891,False
2021-07-01,AMD,sell_put,4.5411,1,1,13.0523,4.5411,0.045411,False
2021-07-01,AMGN,sell_put,4.5631,1,1,-0.9067,3.6565,0.036565,False
2021-07-01,AMT,sell_put,3.0349,1,1,5.1876,3.0349,0.030349,False
2021-07-01,AMZN,sell_put,3.8047,1,1,-3.2722,0.5325,0.005325,False
2021-07-01,AVGO,sell_put,2.8237,1,1,2.592,2.8237,0.028237,False
2021-07-01,AXP,sell_put,2.5306,1,1,3.2076,2.5306,0.025306,False
2021-07-01,BA,skip,0.0,0,0,-5.46,0.0,0.0,False
2021-07-01,BAC,skip,0.0,0,0,-6.5693,0.0,0.0,False
2021-07-01,BKNG,skip,0.0,0,0,-0.4492,0.0,0.0,False
2021-07-01,BLK,skip,0.0,0,0,-0.4281,0.0,0.0,False
2021-07-01,BMY,sell_put,4.5631,1,1,1.5714,4.5631,0.045631,False
2021-07-01,BRK-B,skip,0.0,0,0,0.1331,0.0,0.0,False
2021-07-01,C,skip,0.0,0,0,-4.424,0.0,0.0,False
2021-07-01,CAT,skip,0.0,0,0,-4.9993,0.0,0.0,False
2021-07-01,CHTR,sell_put,3.2997,1,1,3.1326,3.2997,0.032997,False
2021-07-01,CI,skip,0.0,0,0,-2.8131,0.0,0.0,False
2021-07-01,CMCSA,skip,0.0,0,0,3.1743,0.0,0.0,False
2021-07-01,COST,sell_put,1.6523,1,1,8.6056,1.6523,0.016523,False
2021-07-01,CRM,sell_put,2.5343,1,1,-0.958,1.5763,0.015763,False
2021-07-01,CSCO,sell_put,3.0349,1,1,4.4717,3.0349,0.030349,False
2021-07-01,CSX,skip,0.0,0,0,0.7481,0.0,0.0,False
2021-07-01,CVS,skip,0.0,0,0,-1.2943,0.0,0.0,False
2021-07-01,CVX,sell_put,2.8999,1,1,-2.7974,0.1025,0.001025,False
2021-07-01,DE,skip,0.0,0,0,2.782,0.0,0.0,False
2021-07-01,DHR,sell_put,2.4998,1,1,10.9415,2.4998,0.024998,False
2021-07-01,DIS,skip,0.0,0,0,0.1422,0.0,0.0,False
2021-07-01,DUK,skip,0.0,0,0,6.4729,0.0,0.0,False
2021-07-01,EL,sell_put,3.0,1,1,4.9515,3.0,0.03,False
2021-07-01,ELV,skip,0.0,0,0,0.8697,0.0,0.0,False
2021-07-01,EW,sell_put,2.4998,1,1,8.4001,2.4998,0.024998,False
2021-07-01,GE,skip,0.0,0,0,-3.7158,0.0,0.0,False
2021-07-01,GOOGL,sell_put,3.4858,1,1,10.3506,3.4858,0.034858,False
2021-07-01,GS,sell_put,2.2967,1,1,-1.2252,1.0715,0.010715,False
2021-07-01,HD,skip,0.0,0,0,3.456,0.0,0.0,False
2021-07-01,HON,skip,0.0,0,0,6.5831,0.0,0.0,False
2021-07-01,HUM,sell_put,2.9983,1,1,-3.6567,-0.6584,-0.006584,False
2021-07-01,INTC,skip,0.0,0,0,-4.3106,0.0,0.0,False
2021-07-01,INTU,sell_put,2.6193,1,1,8.1196,2.6193,0.026193,False
2021-07-01,ISRG,sell_put,2.4998,1,1,7.8096,2.4998,0.024998,False
2021-07-01,ITW,skip,0.0,0,0,1.9083,0.0,0.0,False
2021-07-01,JNJ,skip,0.0,0,0,4.5284,0.0,0.0,False
2021-07-01,JPM,skip,0.0,0,0,-2.4174,0.0,0.0,False
2021-07-01,KO,skip,0.0,0,0,6.1906,0.0,0.0,False
2021-07-01,LLY,sell_put,3.638,1,1,6.091,3.638,0.03638,False
2021-07-01,LMT,skip,0.0,0,0,-1.7656,0.0,0.0,False
2021-07-01,LOW,skip,0.0,0,0,-0.6599,0.0,0.0,False
2021-07-01,LRCX,sell_put,2.8237,1,1,-1.8462,0.9775,0.009775,False
2021-07-01,MA,sell_put,2.5306,1,1,5.7109,2.5306,0.025306,False
2021-07-01,MCD,skip,0.0,0,0,5.0738,0.0,0.0,False
2021-07-01,MDLZ,skip,0.0,0,0,1.8208,0.0,0.0,False
2021-07-01,MDT,skip,0.0,0,0,6.318,0.0,0.0,False
2021-07-01,META,sell_put,4.3383,1,1,2.4705,4.3383,0.043383,False
2021-07-01,MMM,skip,0.0,0,0,-0.3474,0.0,0.0,False
2021-07-01,MRK,sell_put,2.089,1,1,-0.3077,1.7813,0.017813,False
2021-07-01,MS,sell_put,2.2967,1,1,4.6788,2.2967,0.022967,False
2021-07-01,MSFT,sell_put,2.434,1,1,5.1717,2.434,0.02434,False
2021-07-01,MU,sell_put,4.5411,1,1,-8.7079,-4.1668,-0.041668,False
2021-07-01,NEE,sell_put,2.0022,1,1,6.8665,2.0022,0.020022,False
2021-07-01,NFLX,sell_put,4.5125,1,1,-2.0143,2.4981,0.024981,False
2021-07-01,NKE,sell_put,2.4093,1,1,8.4277,2.4093,0.024093,False
2021-07-01,NOW,sell_put,5.2469,1,1,6.9766,5.2469,0.052469,False
2021-07-01,NVDA,sell_put,4.5411,1,1,-2.4949,2.0463,0.020463,False
2021-07-01,ORCL,skip,0.0,0,0,11.9476,0.0,0.0,False
2021-07-01,PEP,sell_put,2.2032,1,1,6.6995,2.2032,0.022032,False
2021-07-01,PFE,sell_put,4.5631,1,1,9.3208,4.5631,0.045631,False
2021-07-01,PG,sell_put,2.2759,1,1,5.4103,2.2759,0.022759,False
2021-07-01,PLD,sell_put,3.0349,1,1,7.6572,3.0349,0.030349,False
2021-07-01,PYPL,sell_put,2.5306,1,1,-5.4721,-2.9415,-0.029415,False
2021-07-01,QCOM,sell_put,3.4491,1,1,5.3414,3.4491,0.034491,False
2021-07-01,SBUX,skip,0.0,0,0,8.6039,0.0,0.0,False
2021-07-01,SCHW,skip,0.0,0,0,-6.6749,0.0,0.0,False
2021-07-01,SO,skip,0.0,0,0,5.5528,0.0,0.0,False
2021-07-01,SPGI,sell_put,2.2967,1,1,4.4512,2.2967,0.022967,False
2021-07-01,SYK,sell_put,2.4998,1,1,4.569,2.4998,0.024998,False
2021-07-01,T,skip,0.0,0,0,-2.5365,0.0,0.0,False
2021-07-01,TGT,sell_put,1.6194,1,1,7.9879,1.6194,0.016194,False
2021-07-01,TJX,sell_put,1.6194,1,1,2.0617,1.6194,0.016194,False
2021-07-01,TMO,sell_put,2.8496,1,1,7.1049,2.8496,0.028496,False
2021-07-01,TMUS,sell_put,3.2997,1,1,-0.5593,2.7404,0.027404,False
2021-07-01,TSLA,sell_put,6.3553,1,1,1.1034,6.3553,0.063553,False
2021-07-01,TXN,sell_put,2.8237,1,1,-0.8737,1.95,0.0195,False
2021-07-01,UNH,skip,0.0,0,0,3.3188,0.0,0.0,False
2021-07-01,UNP,skip,0.0,0,0,-0.532,0.0,0.0,False
2021-07-01,UPS,skip,0.0,0,0,-7.9867,0.0,0.0,False
2021-07-01,V,sell_put,2.2202,1,1,5.3759,2.2202,0.022202,False
2021-07-01,VRTX,skip,0.0,0,0,-0.0248,0.0,0.0,False
2021-07-01,VZ,skip,0.0,0,0,-0.4462,0.0,0.0,False
2021-07-01,WMT,skip,0.0,0,0,1.0849,0.0,0.0,False
2021-07-01,XOM,sell_put,3.0721,1,1,-8.7349,-5.6629,-0.056629,False
2021-07-01,ZTS,sell_put,4.5631,1,1,8.768,4.5631,0.045631,False
2021-08-01,AAPL,sell_put,2.1365,1,1,4.093,2.1365,0.021365,False
2021-08-01,ABBV,sell_put,2.0358,1,1,5.0099,2.0358,0.020358,False
2021-08-01,ABT,sell_put,2.0783,1,1,4.853,2.0783,0.020783,False
2021-08-01,ACN,sell_put,1.8252,1,1,6.2421,1.8252,0.018252,False
2021-08-01,ADBE,sell_put,2.2571,1,1,6.7677,2.2571,0.022571,False
2021-08-01,AMAT,skip,0.0,0,0,-3.4303,0.0,0.0,False
2021-08-01,AMD,sell_put,5.1086,1,1,4.2659,5.1086,0.051086,False
2021-08-01,AMGN,skip,0.0,0,0,-6.6283,0.0,0.0,False
2021-08-01,AMT,sell_put,1.835,1,1,3.3133,1.835,0.01835,False
2021-08-01,AMZN,skip,0.0,0,0,4.3034,0.0,0.0,False
2021-08-01,AVGO,sell_put,3.1196,1,1,2.433,3.1196,0.031196,False
2021-08-01,AXP,sell_put,2.3746,1,1,-2.4259,-0.0514,-0.000514,False
2021-08-01,BA,skip,0.0,0,0,-3.0819,0.0,0.0,False
2021-08-01,BAC,skip,0.0,0,0,8.8373,0.0,0.0,False
2021-08-01,BKNG,skip,0.0,0,0,5.5737,0.0,0.0,False
2021-08-01,BLK,skip,0.0,0,0,8.778,0.0,0.0,False
2021-08-01,BMY,sell_put,2.0358,1,1,-0.7604,1.2753,0.012753,False
2021-08-01,BRK-B,sell_put,1.3435,1,1,2.6878,1.3435,0.013435,False
2021-08-01,C,skip,0.0,0,0,7.1384,0.0,0.0,False
2021-08-01,CAT,skip,0.0,0,0,2.5401,0.0,0.0,False
2021-08-01,CHTR,sell_put,1.8902,1,1,9.7588,1.8902,0.018902,False
2021-08-01,CI,skip,0.0,0,0,-7.7737,0.0,0.0,False
2021-08-01,CMCSA,sell_put,1.8902,1,1,3.5879,1.8902,0.018902,False
2021-08-01,COST,sell_put,1.7899,1,1,6.1956,1.7899,0.017899,False
2021-08-01,CRM,skip,0.0,0,0,9.6474,0.0,0.0,False
2021-08-01,CSCO,sell_put,1.835,1,1,7.3352,1.835,0.01835,False
2021-08-01,CSX,sell_put,3.0,1,1,0.6498,3.0,0.03,False
2021-08-01,CVS,skip,0.0,0,0,5.5284,0.0,0.0,False
2021-08-01,CVX,skip,0.0,0,0,-4.9504,0.0,0.0,False
2021-08-01,DE,sell_put,3.4175,1,1,4.5466,3.4175,0.034175,False
2021-08-01,DHR,sell_put,2.0783,1,1,8.965,2.0783,0.020783,False
2021-08-01,DIS,sell_put,2.5057,1,1,2.9997,2.5057,0.025057,False
2021-08-01,DUK,sell_put,1.9827,1,1,-0.4281,1.5546,0.015546,False
2021-08-01,EL,sell_put,3.0,1,1,1.995,3.0,0.03,False
2021-08-01,ELV,sell_put,1.9662,1,1,-2.3124,-0.3463,-0.003463,False
2021-08-01,EW,sell_put,2.0783,1,1,4.3734,2.0783,0.020783,False
2021-08-01,GE,skip,0.0,0,0,1.7471,0.0,0.0,False
2021-08-01,GOOGL,sell_put,2.5313,1,1,7.4009,2.5313,0.025313,False
2021-08-01,GS,skip,0.0,0,0,10.3046,0.0,0.0,False
2021-08-01,HD,sell_put,2.9566,1,1,-0.6124,2.3441,0.023441,False
2021-08-01,HON,sell_put,1.835,1,1,-0.8041,1.0309,0.010309,False
2021-08-01,HUM,skip,0.0,0,0,-4.7997,0.0,0.0,False
2021-08-01,INTC,skip,0.0,0,0,0.6329,0.0,0.0,False
2021-08-01,INTU,sell_put,2.946,1,1,6.944,2.946,0.02946,False
2021-08-01,ISRG,sell_put,2.0783,1,1,6.2635,2.0783,0.020783,False
2021-08-01,ITW,sell_put,1.835,1,1,2.7308,1.835,0.01835,False
2021-08-01,JNJ,sell_put,2.4869,1,1,0.5401,2.4869,0.024869,False
2021-08-01,JPM,skip,0.0,0,0,5.9901,0.0,0.0,False
2021-08-01,KO,sell_put,1.9827,1,1,-1.2625,0.7202,0.007202,False
2021-08-01,LLY,sell_put,4.1274,1,1,6.0739,4.1274,0.041274,False
2021-08-01,LMT,skip,0.0,0,0,-3.1937,0.0,0.0,False
2021-08-01,LOW,skip,0.0,0,0,6.2531,0.0,0.0,False
2021-08-01,LRCX,skip,0.0,0,0,-5.1129,0.0,0.0,False
2021-08-01,MA,sell_put,2.3746,1,1,-10.1835,-7.8089,-0.078089,False
2021-08-01,MCD,sell_put,1.9827,1,1,-2.1631,-0.1804,-0.001804,False
2021-08-01,MDLZ,sell_put,2.414,1,1,-1.8811,0.5329,0.005329,False
2021-08-01,MDT,sell_put,2.0783,1,1,1.6526,2.0783,0.020783,False
2021-08-01,META,sell_put,4.3383,1,1,6.4777,4.3383,0.043383,False
2021-08-01,MMM,skip,0.0,0,0,-1.6167,0.0,0.0,False
2021-08-01,MRK,skip,0.0,0,0,-0.7545,0.0,0.0,False
2021-08-01,MS,sell_put,1.8054,1,1,9.6025,1.8054,0.018054,False
2021-08-01,MSFT,sell_put,2.2886,1,1,5.9562,2.2886,0.022886,False
2021-08-01,MU,skip,0.0,0,0,-5.0013,0.0,0.0,False
2021-08-01,NEE,sell_put,1.9827,1,1,7.8177,1.9827,0.019827,False
2021-08-01,NFLX,skip,0.0,0,0,9.9735,0.0,0.0,False
2021-08-01,NKE,sell_put,1.7291,1,1,-1.6536,0.0754,0.000754,False
2021-08-01,NOW,sell_put,2.9335,1,1,9.4831,2.9335,0.029335,False
2021-08-01,NVDA,skip,0.0,0,0,14.8008,0.0,0.0,False
2021-08-01,ORCL,sell_put,2.8472,1,1,2.661,2.8472,0.028472,False
2021-08-01,PEP,sell_put,2.414,1,1,-0.3568,2.0572,0.020572,False
2021-08-01,PFE,sell_put,2.0358,1,1,8.5897,2.0358,0.020358,False
2021-08-01,PG,sell_put,1.7775,1,1,0.7421,1.7775,0.017775,False
2021-08-01,PLD,sell_put,1.835,1,1,5.1703,1.835,0.01835,False
2021-08-01,PYPL,skip,0.0,0,0,4.7654,0.0,0.0,False
2021-08-01,QCOM,sell_put,2.8595,1,1,-2.0761,0.7834,0.007834,False
2021-08-01,SBUX,sell_put,1.9827,1,1,-3.2447,-1.262,-0.01262,False
2021-08-01,SCHW,skip,0.0,0,0,7.2112,0.0,0.0,False
2021-08-01,SO,sell_put,1.9827,1,1,2.9122,1.9827,0.019827,False
2021-08-01,SPGI,sell_put,1.8054,1,1,3.5221,1.8054,0.018054,False
2021-08-01,SYK,sell_put,2.0783,1,1,2.2736,2.0783,0.020783,False
2021-08-01,T,skip,0.0,0,0,0.1371,0.0,0.0,False
2021-08-01,TGT,sell_put,2.7449,1,1,-5.3898,-2.6449,-0.026449,False
2021-08-01,TJX,sell_put,2.7449,1,1,5.6823,2.7449,0.027449,False
2021-08-01,TMO,sell_put,2.8496,1,1,2.7666,2.8496,0.028496,False
2021-08-01,TMUS,skip,0.0,0,0,-4.8604,0.0,0.0,False
2021-08-01,TSLA,sell_put,4.6301,1,1,7.0605,4.6301,0.046301,False
2021-08-01,TXN,skip,0.0,0,0,0.7107,0.0,0.0,False
2021-08-01,UNH,sell_put,1.9662,1,1,0.9825,1.9662,0.019662,False
2021-08-01,UNP,skip,0.0,0,0,-0.8777,0.0,0.0,False
2021-08-01,UPS,skip,0.0,0,0,2.2314,0.0,0.0,False
2021-08-01,V,sell_put,2.2545,1,1,-7.0173,-4.7628,-0.047628,False
2021-08-01,VRTX,skip,0.0,0,0,-0.6399,0.0,0.0,False
2021-08-01,VZ,skip,0.0,0,0,-0.2907,0.0,0.0,False
2021-08-01,WMT,sell_put,2.7449,1,1,3.8934,2.7449,0.027449,False
2021-08-01,XOM,skip,0.0,0,0,-5.2979,0.0,0.0,False
2021-08-01,ZTS,sell_put,2.0358,1,1,1.0453,2.0358,0.020358,False
2021-09-01,AAPL,sell_put,2.6931,1,1,-6.6641,-3.971,-0.03971,False
2021-09-01,ABBV,sell_put,2.3037,1,1,-10.6889,-8.3851,-0.083851,False
2021-09-01,ABT,sell_put,1.7949,1,1,-6.5205,-4.7257,-0.047257,False
2021-09-01,ACN,sell_put,2.3667,1,1,-4.9441,-2.5774,-0.025774,False
2021-09-01,ADBE,sell_put,2.7157,1,1,-13.256,-10.5403,-0.105403,False
2021-09-01,AMAT,skip,0.0,0,0,-4.5619,0.0,0.0,False
2021-09-01,AMD,sell_put,3.9625,1,1,-7.0629,-3.1004,-0.031004,False
2021-09-01,AMGN,skip,0.0,0,0,-4.9829,0.0,0.0,False
2021-09-01,AMT,sell_put,2.0117,1,1,-9.159,-7.1473,-0.071473,False
2021-09-01,AMZN,sell_put,2.3525,1,1,-5.3518,-2.9993,-0.029993,False
2021-09-01,AVGO,sell_put,4.2864,1,1,-2.4698,1.8166,0.018166,False
2021-09-01,AXP,skip,0.0,0,0,0.946,0.0,0.0,False
2021-09-01,BA,skip,0.0,0,0,0.2005,0.0,0.0,False
2021-09-01,BAC,sell_put,2.5558,1,1,1.6767,2.5558,0.025558,False
2021-09-01,BKNG,sell_put,3.0,1,1,3.2265,3.0,0.03,False
2021-09-01,BLK,sell_put,2.3088,1,1,-11.092,-8.7832,-0.087832,False
2021-09-01,BMY,skip,0.0,0,0,-11.5016,0.0,0.0,False
2021-09-01,BRK-B,sell_put,1.3735,1,1,-4.4896,-3.1162,-0.031162,False
2021-09-01,C,sell_put,3.0,1,1,-2.4058,0.5942,0.005942,False
2021-09-01,CAT,sell_put,2.8493,1,1,-8.9629,-6.1135,-0.061135,False
2021-09-01,CHTR,sell_put,2.2831,1,1,-10.9103,-8.6272,-0.086272,False
2021-09-01,CI,skip,0.0,0,0,-5.4288,0.0,0.0,False
2021-09-01,CMCSA,sell_put,2.2831,1,1,-7.8279,-5.5448,-0.055448,False
2021-09-01,COST,sell_put,2.5906,1,1,-1.348,1.2426,0.012426,False
2021-09-01,CRM,sell_put,2.3877,1,1,2.243,2.3877,0.023877,False
2021-09-01,CSCO,sell_put,2.0117,1,1,-7.777,-5.7653,-0.057653,False
2021-09-01,CSX,sell_put,3.0,1,1,-8.3218,-5.3218,-0.053218,False
2021-09-01,CVS,sell_put,2.6221,1,1,-1.771,0.8511,0.008511,False
2021-09-01,CVX,skip,0.0,0,0,6.2496,0.0,0.0,False
2021-09-01,DE,sell_put,2.8493,1,1,-11.3642,-8.5148,-0.085148,False
2021-09-01,DHR,sell_put,1.7949,1,1,-6.0834,-4.2886,-0.042886,False
2021-09-01,DIS,sell_put,2.0458,1,1,-6.6906,-4.6448,-0.046448,False
2021-09-01,DUK,skip,0.0,0,0,-5.89,0.0,0.0,False
2021-09-01,EL,sell_put,3.0,1,1,-11.7751,-8.7751,-0.087751,False
2021-09-01,ELV,skip,0.0,0,0,-0.6212,0.0,0.0,False
2021-09-01,EW,sell_put,1.7949,1,1,-3.388,-1.5931,-0.015931,False
2021-09-01,GE,sell_put,2.8493,1,1,-2.2579,0.5915,0.005915,False
2021-09-01,GOOGL,sell_put,1.9865,1,1,-7.6169,-5.6305,-0.056305,False
2021-09-01,GS,sell_put,2.3088,1,1,-8.136,-5.8272,-0.058272,False
2021-09-01,HD,skip,0.0,0,0,0.6377,0.0,0.0,False
2021-09-01,HON,skip,0.0,0,0,-8.0995,0.0,0.0,False
2021-09-01,HUM,skip,0.0,0,0,-4.0132,0.0,0.0,False
2021-09-01,INTC,sell_put,4.2864,1,1,-0.8024,3.484,0.03484,False
2021-09-01,INTU,sell_put,2.2644,1,1,-4.6988,-2.4344,-0.024344,False
2021-09-01,ISRG,sell_put,1.7949,1,1,-5.639,-3.8441,-0.038441,False
2021-09-01,ITW,sell_put,2.0117,1,1,-11.2643,-9.2525,-0.092525,False
2021-09-01,JNJ,sell_put,1.4162,1,1,-6.1632,-4.747,-0.04747,False
2021-09-01,JPM,sell_put,2.3088,1,1,2.3382,2.3088,0.023088,False
2021-09-01,KO,skip,0.0,0,0,-6.8194,0.0,0.0,False
2021-09-01,LLY,sell_put,2.7941,1,1,-10.2575,-7.4634,-0.074634,False
2021-09-01,LMT,skip,0.0,0,0,-3.3918,0.0,0.0,False
2021-09-01,LOW,sell_put,1.8526,1,1,-0.5052,1.3474,0.013474,False
2021-09-01,LRCX,skip,0.0,0,0,-5.8976,0.0,0.0,False
2021-09-01,MA,skip,0.0,0,0,0.4188,0.0,0.0,False
2021-09-01,MCD,skip,0.0,0,0,2.0937,0.0,0.0,False
2021-09-01,MDLZ,skip,0.0,0,0,-6.2671,0.0,0.0,False
2021-09-01,MDT,sell_put,1.7949,1,1,-6.0908,-4.2959,-0.042959,False
2021-09-01,META,sell_put,4.3383,1,1,-10.5409,-6.2026,-0.062026,False
2021-09-01,MMM,skip,0.0,0,0,-9.2333,0.0,0.0,False
2021-09-01,MRK,skip,0.0,0,0,-1.5467,0.0,0.0,False
2021-09-01,MS,sell_put,2.3088,1,1,-6.818,-4.5092,-0.045092,False
2021-09-01,MSFT,sell_put,1.6327,1,1,-6.4331,-4.8004,-0.048004,False
2021-09-01,MU,skip,0.0,0,0,-3.6906,0.0,0.0,False
2021-09-01,NEE,sell_put,2.0307,1,1,-6.0849,-4.0543,-0.040543,False
2021-09-01,NFLX,sell_put,2.604,1,1,7.2296,2.604,0.02604,False
2021-09-01,NKE,skip,0.0,0,0,-11.6974,0.0,0.0,False
2021-09-01,NOW,sell_put,2.86,1,1,-3.3202,-0.4601,-0.004601,False
2021-09-01,NVDA,sell_put,3.9625,1,1,-7.4396,-3.4771,-0.034771,False
2021-09-01,ORCL,sell_put,3.3714,1,1,-2.2439,1.1275,0.011275,False
2021-09-01,PEP,skip,0.0,0,0,-3.8238,0.0,0.0,False
2021-09-01,PFE,sell_put,2.3037,1,1,-6.6421,-4.3383,-0.043383,False
2021-09-01,PG,sell_put,1.4709,1,1,-1.8189,-0.348,-0.00348,False
2021-09-01,PLD,sell_put,2.0117,1,1,-6.8543,-4.8425,-0.048425,False
2021-09-01,PYPL,sell_put,2.4185,1,1,-9.8559,-7.4374,-0.074374,False
2021-09-01,QCOM,skip,0.0,0,0,-12.0731,0.0,0.0,False
2021-09-01,SBUX,skip,0.0,0,0,-5.7468,0.0,0.0,False
2021-09-01,SCHW,sell_put,2.3088,1,1,0.2274,2.3088,0.023088,False
2021-09-01,SO,sell_put,2.0307,1,1,-4.764,-2.7333,-0.027333,False
2021-09-01,SPGI,sell_put,2.3088,1,1,-4.0965,-1.7877,-0.017877,False
2021-09-01,SYK,sell_put,1.7949,1,1,-4.8286,-3.0338,-0.030338,False
2021-09-01,T,sell_put,2.2831,1,1,-1.4953,0.7879,0.007879,False
2021-09-01,TGT,skip,0.0,0,0,-7.0552,0.0,0.0,False
2021-09-01,TJX,sell_put,1.4197,1,1,-8.937,-7.5173,-0.075173,False
2021-09-01,TMO,sell_put,2.8496,1,1,2.9516,2.8496,0.028496,False
2021-09-01,TMUS,skip,0.0,0,0,-6.7581,0.0,0.0,False
2021-09-01,TSLA,sell_put,4.1433,1,1,5.4042,4.1433,0.041433,False
2021-09-01,TXN,sell_put,4.2864,1,1,0.6809,4.2864,0.042864,False
2021-09-01,UNH,sell_put,2.6221,1,1,-6.1331,-3.5109,-0.035109,False
2021-09-01,UNP,skip,0.0,0,0,-9.1672,0.0,0.0,False
2021-09-01,UPS,sell_put,2.0117,1,1,-6.4243,-4.4125,-0.044125,False
2021-09-01,V,skip,0.0,0,0,-2.6392,0.0,0.0,False
2021-09-01,VRTX,skip,0.0,0,0,-9.4363,0.0,0.0,False
2021-09-01,VZ,skip,0.0,0,0,-1.8,0.0,0.0,False
2021-09-01,WMT,sell_put,1.4197,1,1,-5.5416,-4.1219,-0.041219,False
2021-09-01,XOM,skip,0.0,0,0,9.52,0.0,0.0,False
2021-09-01,ZTS,sell_put,2.3037,1,1,-5.0939,-2.7901,-0.027901,False
2021-10-01,AAPL,skip,0.0,0,0,5.8657,0.0,0.0,True
2021-10-01,ABBV,skip,0.0,0,0,6.3039,0.0,0.0,True
2021-10-01,ABT,skip,0.0,0,0,9.1086,0.0,0.0,True
2021-10-01,ACN,skip,0.0,0,0,12.1499,0.0,0.0,True
2021-10-01,ADBE,skip,0.0,0,0,12.9646,0.0,0.0,True
2021-10-01,AMAT,skip,0.0,0,0,6.1524,0.0,0.0,True
2021-10-01,AMD,skip,0.0,0,0,16.8416,0.0,0.0,True
2021-10-01,AMGN,skip,0.0,0,0,-2.6711,0.0,0.0,True
2021-10-01,AMT,skip,0.0,0,0,6.7349,0.0,0.0,True
2021-10-01,AMZN,skip,0.0,0,0,2.6602,0.0,0.0,True
2021-10-01,AVGO,skip,0.0,0,0,10.442,0.0,0.0,True
2021-10-01,AXP,sell_put,3.8468,8,8,3.7307,3.8468,0.307744,True
2021-10-01,BA,sell_put,3.0,8,8,-5.8698,-2.8698,-0.229584,True
2021-10-01,BAC,sell_put,3.2395,8,8,13.1327,3.2395,0.25916,True
2021-10-01,BKNG,sell_put,3.0,8,8,1.9761,3.0,0.24,True
2021-10-01,BLK,skip,0.0,0,0,12.987,0.0,0.0,True
2021-10-01,BMY,skip,0.0,0,0,-0.497,0.0,0.0,True
2021-10-01,BRK-B,skip,0.0,0,0,5.155,0.0,0.0,True
2021-10-01,C,skip,0.0,0,0,-1.4534,0.0,0.0,True
2021-10-01,CAT,skip,0.0,0,0,6.2718,0.0,0.0,True
2021-10-01,CHTR,skip,0.0,0,0,-7.2393,0.0,0.0,True
2021-10-01,CI,skip,0.0,0,0,7.2139,0.0,0.0,True
2021-10-01,CMCSA,skip,0.0,0,0,-8.0458,0.0,0.0,True
2021-10-01,COST,skip,0.0,0,0,9.3891,0.0,0.0,True
2021-10-01,CRM,sell_put,2.3924,8,8,10.497,2.3924,0.191392,True
2021-10-01,CSCO,skip,0.0,0,0,2.8293,0.0,0.0,True
2021-10-01,CSX,skip,0.0,0,0,21.6207,0.0,0.0,True
2021-10-01,CVS,skip,0.0,0,0,5.2086,0.0,0.0,True
2021-10-01,CVX,sell_put,3.5065,8,8,12.8537,3.5065,0.28052,True
2021-10-01,DE,skip,0.0,0,0,2.4647,0.0,0.0,True
2021-10-01,DHR,skip,0.0,0,0,2.4785,0.0,0.0,True
2021-10-01,DIS,skip,0.0,0,0,-0.0591,0.0,0.0,True
2021-10-01,DUK,skip,0.0,0,0,4.5292,0.0,0.0,True
2021-10-01,EL,skip,0.0,0,0,8.1352,0.0,0.0,True
2021-10-01,ELV,skip,0.0,0,0,17.0761,0.0,0.0,True
2021-10-01,EW,skip,0.0,0,0,5.8387,0.0,0.0,True
2021-10-01,GE,skip,0.0,0,0,1.865,0.0,0.0,True
2021-10-01,GOOGL,skip,0.0,0,0,10.7499,0.0,0.0,True
2021-10-01,GS,skip,0.0,0,0,9.3432,0.0,0.0,True
2021-10-01,HD,sell_put,1.8029,8,8,13.8213,1.8029,0.144232,True
2021-10-01,HON,skip,0.0,0,0,2.9866,0.0,0.0,True
2021-10-01,HUM,skip,0.0,0,0,19.2297,0.0,0.0,True
2021-10-01,INTC,skip,0.0,0,0,-8.033,0.0,0.0,True
2021-10-01,INTU,skip,0.0,0,0,16.0294,0.0,0.0,True
2021-10-01,ISRG,skip,0.0,0,0,8.9765,0.0,0.0,True
2021-10-01,ITW,skip,0.0,0,0,10.9119,0.0,0.0,True
2021-10-01,JNJ,skip,0.0,0,0,0.8545,0.0,0.0,True
2021-10-01,JPM,sell_put,2.7299,8,8,3.7876,2.7299,0.218392,True
2021-10-01,KO,skip,0.0,0,0,8.2436,0.0,0.0,True
2021-10-01,LLY,skip,0.0,0,0,10.2619,0.0,0.0,True
2021-10-01,LMT,skip,0.0,0,0,-3.7033,0.0,0.0,True
2021-10-01,LOW,skip,0.0,0,0,15.2618,0.0,0.0,True
2021-10-01,LRCX,skip,0.0,0,0,-0.7373,0.0,0.0,True
2021-10-01,MA,sell_put,3.8468,8,8,-3.4975,0.3494,0.027952,True
2021-10-01,MCD,sell_put,2.2827,8,8,1.8415,2.2827,0.182616,True
2021-10-01,MDLZ,skip,0.0,0,0,5.0264,0.0,0.0,True
2021-10-01,MDT,skip,0.0,0,0,-3.9102,0.0,0.0,True
2021-10-01,META,skip,0.0,0,0,-4.6613,0.0,0.0,True
2021-10-01,MMM,skip,0.0,0,0,1.8584,0.0,0.0,True
2021-10-01,MRK,skip,0.0,0,0,18.2786,0.0,0.0,True
2021-10-01,MS,skip,0.0,0,0,5.6212,0.0,0.0,True
2021-10-01,MSFT,skip,0.0,0,0,17.6291,0.0,0.0,True
2021-10-01,MU,skip,0.0,0,0,-2.5126,0.0,0.0,True
2021-10-01,NEE,skip,0.0,0,0,8.673,0.0,0.0,True
2021-10-01,NFLX,sell_put,4.5735,8,8,13.1025,4.5735,0.36588,True
2021-10-01,NKE,skip,0.0,0,0,15.1897,0.0,0.0,True
2021-10-01,NOW,skip,0.0,0,0,12.1314,0.0,0.0,True
2021-10-01,NVDA,skip,0.0,0,0,23.4167,0.0,0.0,True
2021-10-01,ORCL,skip,0.0,0,0,10.1114,0.0,0.0,True
2021-10-01,PEP,skip,0.0,0,0,8.1761,0.0,0.0,True
2021-10-01,PFE,skip,0.0,0,0,1.6973,0.0,0.0,True
2021-10-01,PG,skip,0.0,0,0,2.2818,0.0,0.0,True
2021-10-01,PLD,skip,0.0,0,0,16.1193,0.0,0.0,True
2021-10-01,PYPL,skip,0.0,0,0,-10.6145,0.0,0.0,True
2021-10-01,QCOM,skip,0.0,0,0,3.6282,0.0,0.0,True
2021-10-01,SBUX,skip,0.0,0,0,-3.8437,0.0,0.0,True
2021-10-01,SCHW,sell_put,2.7299,8,8,12.6167,2.7299,0.218392,True
2021-10-01,SO,skip,0.0,0,0,0.5648,0.0,0.0,True
2021-10-01,SPGI,skip,0.0,0,0,11.5959,0.0,0.0,True
2021-10-01,SYK,skip,0.0,0,0,1.129,0.0,0.0,True
2021-10-01,T,skip,0.0,0,0,-6.4791,0.0,0.0,True
2021-10-01,TGT,skip,0.0,0,0,13.4851,0.0,0.0,True
2021-10-01,TJX,skip,0.0,0,0,-0.7427,0.0,0.0,True
2021-10-01,TMO,sell_put,2.8496,8,8,10.8579,2.8496,0.227968,True
2021-10-01,TMUS,skip,0.0,0,0,-9.964,0.0,0.0,True
2021-10-01,TSLA,sell_put,6.3803,8,8,43.653,6.3803,0.510424,True
2021-10-01,TXN,sell_put,2.959,8,8,-2.4608,0.4981,0.039848,True
2021-10-01,UNH,skip,0.0,0,0,18.2593,0.0,0.0,True
2021-10-01,UNP,skip,0.0,0,0,23.157,0.0,0.0,True
2021-10-01,UPS,skip,0.0,0,0,17.2268,0.0,0.0,True
2021-10-01,V,skip,0.0,0,0,-4.9293,0.0,0.0,True
2021-10-01,VRTX,skip,0.0,0,0,1.9516,0.0,0.0,True
2021-10-01,VZ,skip,0.0,0,0,-1.8885,0.0,0.0,True
2021-10-01,WMT,skip,0.0,0,0,7.2033,0.0,0.0,True
2021-10-01,XOM,sell_put,5.722,8,8,9.6056,5.722,0.45776,True
2021-10-01,ZTS,skip,0.0,0,0,11.3629,0.0,0.0,True
2021-11-01,AAPL,sell_put,2.4288,1,1,10.3471,2.4288,0.024288,False
2021-11-01,ABBV,sell_put,2.22,1,1,1.7508,2.22,0.0222,False
2021-11-01,ABT,sell_put,1.8762,1,1,-2.0439,-0.1677,-0.001677,False
2021-11-01,ACN,sell_put,2.2462,1,1,-0.0917,2.1545,0.021545,False
2021-11-01,ADBE,sell_put,2.8763,1,1,2.9968,2.8763,0.028763,False
2021-11-01,AMAT,sell_put,2.6323,1,1,7.7131,2.6323,0.026323,False
2021-11-01,AMD,sell_put,5.3316,1,1,31.7225,5.3316,0.053316,False
2021-11-01,AMGN,skip,0.0,0,0,-3.9088,0.0,0.0,False
2021-11-01,AMT,sell_put,3.6262,1,1,-6.9121,-3.2859,-0.032859,False
2021-11-01,AMZN,sell_put,2.4913,1,1,3.9924,2.4913,0.024913,False
2021-11-01,AVGO,sell_put,2.6323,1,1,4.1398,2.6323,0.026323,False
2021-11-01,AXP,sell_put,3.1361,1,1,-12.1426,-9.0065,-0.090065,False
2021-11-01,BA,skip,0.0,0,0,-4.4341,0.0,0.0,False
2021-11-01,BAC,sell_put,2.7085,1,1,-6.9276,-4.2191,-0.042191,False
2021-11-01,BKNG,sell_put,3.0,1,1,-13.1747,-10.1747,-0.101747,False
2021-11-01,BLK,sell_put,2.3852,1,1,-4.1178,-1.7327,-0.017327,False
2021-11-01,BMY,skip,0.0,0,0,-8.1678,0.0,0.0,False
2021-11-01,BRK-B,sell_put,1.3616,1,1,-3.5957,-2.2341,-0.022341,False
2021-11-01,C,skip,0.0,0,0,-7.2272,0.0,0.0,False
2021-11-01,CAT,sell_put,3.6203,1,1,-4.7019,-1.0816,-0.010816,False
2021-11-01,CHTR,skip,0.0,0,0,-4.2392,0.0,0.0,False
2021-11-01,CI,sell_put,1.8194,1,1,-10.1634,-8.344,-0.08344,False
2021-11-01,CMCSA,skip,0.0,0,0,-2.3896,0.0,0.0,False
2021-11-01,COST,sell_put,2.1847,1,1,9.9102,2.1847,0.021847,False
2021-11-01,CRM,sell_put,3.2996,1,1,-4.9151,-1.6154,-0.016154,False
2021-11-01,CSCO,sell_put,3.6262,1,1,-1.357,2.2692,0.022692,False
2021-11-01,CSX,sell_put,3.0,1,1,-4.1747,-1.1747,-0.011747,False
2021-11-01,CVS,sell_put,1.8194,1,1,0.3332,1.8194,0.018194,False
2021-11-01,CVX,sell_put,3.159,1,1,-1.415,1.744,0.01744,False
2021-11-01,DE,sell_put,3.6203,1,1,0.9436,3.6203,0.036203,False
2021-11-01,DHR,sell_put,1.8762,1,1,3.1658,1.8762,0.018762,False
2021-11-01,DIS,skip,0.0,0,0,-14.2959,0.0,0.0,False
2021-11-01,DUK,sell_put,1.269,1,1,-4.9015,-3.6325,-0.036325,False
2021-11-01,EL,sell_put,3.0,1,1,2.3865,3.0,0.03,False
2021-11-01,ELV,sell_put,1.8194,1,1,-6.6417,-4.8223,-0.048223,False
2021-11-01,EW,sell_put,1.8762,1,1,-10.4407,-8.5644,-0.085644,False
2021-11-01,GE,sell_put,3.6203,1,1,-9.4212,-5.8009,-0.058009,False
2021-11-01,GOOGL,sell_put,2.3934,1,1,-4.1531,-1.7597,-0.017597,False
2021-11-01,GS,sell_put,2.3852,1,1,-7.8287,-5.4436,-0.054436,False
2021-11-01,HD,sell_put,2.1807,1,1,7.7662,2.1807,0.021807,False
2021-11-01,HON,sell_put,3.6262,1,1,-7.4924,-3.8662,-0.038662,False
2021-11-01,HUM,sell_put,1.8194,1,1,-9.3812,-7.5618,-0.075618,False
2021-11-01,INTC,skip,0.0,0,0,0.4082,0.0,0.0,False
2021-11-01,INTU,sell_put,3.6561,1,1,4.3357,3.6561,0.036561,False
2021-11-01,ISRG,sell_put,1.8762,1,1,-10.1875,-8.3112,-0.083112,False
2021-11-01,ITW,sell_put,3.6262,1,1,1.8783,3.6262,0.036262,False
2021-11-01,JNJ,sell_put,2.8819,1,1,-4.267,-1.3851,-0.013851,False
2021-11-01,JPM,sell_put,2.3852,1,1,-5.9467,-3.5616,-0.035616,False
2021-11-01,KO,sell_put,1.269,1,1,-6.9541,-5.6851,-0.056851,False
2021-11-01,LLY,sell_put,2.1443,1,1,-2.6378,-0.4935,-0.004935,False
2021-11-01,LMT,skip,0.0,0,0,0.3009,0.0,0.0,False
2021-11-01,LOW,sell_put,2.1807,1,1,4.9849,2.1807,0.021807,False
2021-11-01,LRCX,skip,0.0,0,0,20.6328,0.0,0.0,False
2021-11-01,MA,skip,0.0,0,0,-6.0212,0.0,0.0,False
2021-11-01,MCD,sell_put,1.269,1,1,-0.3869,0.8821,0.008821,False
2021-11-01,MDLZ,sell_put,1.172,1,1,-2.9635,-1.7915,-0.017915,False
2021-11-01,MDT,skip,0.0,0,0,-10.9795,0.0,0.0,False
2021-11-01,META,skip,0.0,0,0,0.2751,0.0,0.0,False
2021-11-01,MMM,sell_put,3.6262,1,1,-4.8354,-1.2092,-0.012092,False
2021-11-01,MRK,sell_put,2.5943,1,1,-14.9233,-12.3291,-0.123291,False
2021-11-01,MS,sell_put,2.3852,1,1,-7.1064,-4.7212,-0.047212,False
2021-11-01,MSFT,sell_put,2.4396,1,1,-0.3106,2.129,0.02129,False
2021-11-01,MU,skip,0.0,0,0,21.563,0.0,0.0,False
2021-11-01,NEE,sell_put,1.269,1,1,1.6993,1.269,0.01269,False
2021-11-01,NFLX,sell_put,2.8381,1,1,-7.0128,-4.1747,-0.041747,False
2021-11-01,NKE,sell_put,1.7856,1,1,1.1656,1.7856,0.017856,False
2021-11-01,NOW,sell_put,3.0216,1,1,-7.1744,-4.1528,-0.041528,False
2021-11-01,NVDA,sell_put,5.3316,1,1,27.8053,5.3316,0.053316,False
2021-11-01,ORCL,sell_put,2.3458,1,1,-5.0911,-2.7452,-0.027452,False
2021-11-01,PEP,sell_put,1.172,1,1,-1.1263,0.0458,0.000458,False
2021-11-01,PFE,sell_put,2.22,1,1,22.8395,2.22,0.0222,False
2021-11-01,PG,sell_put,1.4234,1,1,1.7388,1.4234,0.014234,False
2021-11-01,PLD,sell_put,3.6262,1,1,3.9942,3.6262,0.036262,False
2021-11-01,PYPL,skip,0.0,0,0,-20.5082,0.0,0.0,False
2021-11-01,QCOM,sell_put,4.4302,1,1,35.7186,4.4302,0.044302,False
2021-11-01,SBUX,skip,0.0,0,0,3.3657,0.0,0.0,False
2021-11-01,SCHW,sell_put,2.3852,1,1,-5.6565,-3.2713,-0.032713,False
2021-11-01,SO,sell_put,1.269,1,1,-1.9576,-0.6886,-0.006886,False
2021-11-01,SPGI,sell_put,2.3852,1,1,-3.8869,-1.5017,-0.015017,False
2021-11-01,SYK,sell_put,1.8762,1,1,-11.0648,-9.1885,-0.091885,False
2021-11-01,T,skip,0.0,0,0,-7.2826,0.0,0.0,False
2021-11-01,TGT,sell_put,2.4154,1,1,-6.0781,-3.6627,-0.036627,False
2021-11-01,TJX,skip,0.0,0,0,5.9704,0.0,0.0,False
2021-11-01,TMO,sell_put,2.8496,1,1,-0.0379,2.8116,0.028116,False
2021-11-01,TMUS,skip,0.0,0,0,-5.4073,0.0,0.0,False
2021-11-01,TSLA,sell_put,6.7056,1,1,2.7612,6.7056,0.067056,False
2021-11-01,TXN,skip,0.0,0,0,3.2402,0.0,0.0,False
2021-11-01,UNH,sell_put,1.8194,1,1,-3.529,-1.7096,-0.017096,False
2021-11-01,UNP,sell_put,3.6203,1,1,-2.3861,1.2342,0.012342,False
2021-11-01,UPS,sell_put,3.6262,1,1,-7.0736,-3.4474,-0.034474,False
2021-11-01,V,skip,0.0,0,0,-8.4998,0.0,0.0,False
2021-11-01,VRTX,sell_put,2.22,1,1,1.0869,2.22,0.0222,False
2021-11-01,VZ,skip,0.0,0,0,-4.0064,0.0,0.0,False
2021-11-01,WMT,sell_put,2.4154,1,1,-5.8827,-3.4674,-0.034674,False
2021-11-01,XOM,sell_put,3.6203,1,1,-7.1816,-3.5613,-0.035613,False
2021-11-01,ZTS,sell_put,2.22,1,1,2.8238,2.22,0.0222,False
2021-12-01,AAPL,sell_put,2.8148,2,2,7.5797,2.8148,0.056296,True
2021-12-01,ABBV,sell_put,2.7721,2,2,17.4531,2.7721,0.055442,True
2021-12-01,ABT,skip,0.0,0,0,11.9027,0.0,0.0,True
2021-12-01,ACN,skip,0.0,0,0,15.9905,0.0,0.0,True
2021-12-01,ADBE,sell_put,3.4493,2,2,-15.3452,-11.8959,-0.237918,True
2021-12-01,AMAT,sell_put,2.835,2,2,7.082,2.835,0.0567,True
2021-12-01,AMD,sell_put,5.3747,2,2,-9.1368,-3.7621,-0.075242,True
2021-12-01,AMGN,skip,0.0,0,0,14.0682,0.0,0.0,True
2021-12-01,AMT,skip,0.0,0,0,11.4371,0.0,0.0,True
2021-12-01,AMZN,sell_put,2.9828,2,2,-4.9252,-1.9424,-0.038848,True
2021-12-01,AVGO,sell_put,2.835,2,2,20.1795,2.835,0.0567,True
2021-12-01,AXP,skip,0.0,0,0,7.4196,0.0,0.0,True
2021-12-01,BA,skip,0.0,0,0,1.7539,0.0,0.0,True
2021-12-01,BAC,skip,0.0,0,0,0.045,0.0,0.0,True
2021-12-01,BKNG,skip,0.0,0,0,14.1485,0.0,0.0,True
2021-12-01,BLK,skip,0.0,0,0,1.2104,0.0,0.0,True
2021-12-01,BMY,skip,0.0,0,0,16.2596,0.0,0.0,True
2021-12-01,BRK-B,skip,0.0,0,0,8.0632,0.0,0.0,True
2021-12-01,C,skip,0.0,0,0,-5.1962,0.0,0.0,True
2021-12-01,CAT,skip,0.0,0,0,6.9253,0.0,0.0,True
2021-12-01,CHTR,skip,0.0,0,0,0.8804,0.0,0.0,True
2021-12-01,CI,skip,0.0,0,0,19.6613,0.0,0.0,True
2021-12-01,CMCSA,skip,0.0,0,0,0.7003,0.0,0.0,True
2021-12-01,COST,sell_put,2.484,2,2,5.2505,2.484,0.04968,True
2021-12-01,CRM,skip,0.0,0,0,-10.8191,0.0,0.0,True
2021-12-01,CSCO,skip,0.0,0,0,15.5543,0.0,0.0,True
2021-12-01,CSX,skip,0.0,0,0,8.7668,0.0,0.0,True
2021-12-01,CVS,sell_put,2.6011,2,2,15.832,2.6011,0.052022,True
2021-12-01,CVX,skip,0.0,0,0,5.1708,0.0,0.0,True
2021-12-01,DE,sell_put,2.7571,2,2,-0.7669,1.9903,0.039806,True
2021-12-01,DHR,sell_put,2.4355,2,2,2.2914,2.4355,0.04871,True
2021-12-01,DIS,skip,0.0,0,0,6.8944,0.0,0.0,True
2021-12-01,DUK,skip,0.0,0,0,9.188,0.0,0.0,True
2021-12-01,EL,sell_put,3.0,2,2,11.6829,3.0,0.06,True
2021-12-01,ELV,skip,0.0,0,0,14.1078,0.0,0.0,True
2021-12-01,EW,skip,0.0,0,0,20.725,0.0,0.0,True
2021-12-01,GE,skip,0.0,0,0,-0.5474,0.0,0.0,True
2021-12-01,GOOGL,skip,0.0,0,0,2.0821,0.0,0.0,True
2021-12-01,GS,skip,0.0,0,0,0.4095,0.0,0.0,True
2021-12-01,HD,sell_put,2.3439,2,2,3.5945,2.3439,0.046878,True
2021-12-01,HON,skip,0.0,0,0,3.5458,0.0,0.0,True
2021-12-01,HUM,skip,0.0,0,0,10.5192,0.0,0.0,True
2021-12-01,INTC,sell_put,2.835,2,2,5.4027,2.835,0.0567,True
2021-12-01,INTU,sell_put,5.1802,2,2,-1.392,3.7882,0.075764,True
2021-12-01,ISRG,skip,0.0,0,0,10.7788,0.0,0.0,True
2021-12-01,ITW,sell_put,2.3796,2,2,6.3106,2.3796,0.047592,True
2021-12-01,JNJ,skip,0.0,0,0,10.4281,0.0,0.0,True
2021-12-01,JPM,skip,0.0,0,0,-0.3022,0.0,0.0,True
2021-12-01,KO,skip,0.0,0,0,13.7639,0.0,0.0,True
2021-12-01,LLY,skip,0.0,0,0,11.7227,0.0,0.0,True
2021-12-01,LMT,sell_put,2.7571,2,2,7.5095,2.7571,0.055142,True
2021-12-01,LOW,sell_put,2.3439,2,2,5.6789,2.3439,0.046878,True
2021-12-01,LRCX,sell_put,2.835,2,2,5.7807,2.835,0.0567,True
2021-12-01,MA,skip,0.0,0,0,14.0988,0.0,0.0,True
2021-12-01,MCD,skip,0.0,0,0,10.2028,0.0,0.0,True
2021-12-01,MDLZ,skip,0.0,0,0,12.5042,0.0,0.0,True
2021-12-01,MDT,skip,0.0,0,0,-3.0459,0.0,0.0,True
2021-12-01,META,sell_put,4.3383,2,2,3.6646,4.3383,0.086766,True
2021-12-01,MMM,skip,0.0,0,0,5.3138,0.0,0.0,True
2021-12-01,MRK,skip,0.0,0,0,2.3094,0.0,0.0,True
2021-12-01,MS,skip,0.0,0,0,3.5225,0.0,0.0,True
2021-12-01,MSFT,skip,0.0,0,0,1.9194,0.0,0.0,True
2021-12-01,MU,sell_put,5.3747,2,2,10.8928,5.3747,0.107494,True
2021-12-01,NEE,sell_put,1.3995,2,2,8.0589,1.3995,0.02799,True
2021-12-01,NFLX,skip,0.0,0,0,-6.1474,0.0,0.0,True
2021-12-01,NKE,sell_put,2.3974,2,2,-1.5186,0.8789,0.017578,True
2021-12-01,NOW,skip,0.0,0,0,0.2177,0.0,0.0,True
2021-12-01,NVDA,sell_put,5.3747,2,2,-9.992,-4.6173,-0.092346,True
2021-12-01,ORCL,skip,0.0,0,0,-3.8902,0.0,0.0,True
2021-12-01,PEP,skip,0.0,0,0,8.7183,0.0,0.0,True
2021-12-01,PFE,sell_put,2.7721,2,2,10.8661,2.7721,0.055442,True
2021-12-01,PG,sell_put,2.3338,2,2,13.1415,2.3338,0.046676,True
2021-12-01,PLD,sell_put,2.3796,2,2,11.6816,2.3796,0.047592,True
2021-12-01,PYPL,skip,0.0,0,0,1.9958,0.0,0.0,True
2021-12-01,QCOM,sell_put,3.7675,2,2,1.2793,3.7675,0.07535,True
2021-12-01,SBUX,sell_put,1.3995,2,2,7.1455,1.3995,0.02799,True
2021-12-01,SCHW,skip,0.0,0,0,8.9131,0.0,0.0,True
2021-12-01,SO,skip,0.0,0,0,13.4296,0.0,0.0,True
2021-12-01,SPGI,skip,0.0,0,0,3.729,0.0,0.0,True
2021-12-01,SYK,skip,0.0,0,0,13.0118,0.0,0.0,True
2021-12-01,T,skip,0.0,0,0,7.7529,0.0,0.0,True
2021-12-01,TGT,skip,0.0,0,0,-4.761,0.0,0.0,True
2021-12-01,TJX,sell_put,2.0563,2,2,9.8033,2.0563,0.041126,True
2021-12-01,TMO,skip,0.0,0,0,5.4375,0.0,0.0,True
2021-12-01,TMUS,skip,0.0,0,0,6.5895,0.0,0.0,True
2021-12-01,TSLA,sell_put,6.8555,2,2,-7.6855,-0.8299,-0.016598,True
2021-12-01,TXN,sell_put,2.835,2,2,-2.0273,0.8077,0.016154,True
2021-12-01,UNH,skip,0.0,0,0,13.0386,0.0,0.0,True
2021-12-01,UNP,skip,0.0,0,0,6.9131,0.0,0.0,True
2021-12-01,UPS,skip,0.0,0,0,8.5845,0.0,0.0,True
2021-12-01,V,skip,0.0,0,0,12.0356,0.0,0.0,True
2021-12-01,VRTX,sell_put,2.7721,2,2,17.4708,2.7721,0.055442,True
2021-12-01,VZ,skip,0.0,0,0,3.3618,0.0,0.0,True
2021-12-01,WMT,skip,0.0,0,0,2.887,0.0,0.0,True
2021-12-01,XOM,skip,0.0,0,0,3.6302,0.0,0.0,True
2021-12-01,ZTS,sell_put,2.7721,2,2,9.9036,2.7721,0.055442,True
2022-01-01,AAPL,sell_put,4.4037,1,1,-1.5712,2.8325,0.028325,False
2022-01-01,ABBV,sell_put,4.372,1,1,1.1005,4.372,0.04372,False
2022-01-01,ABT,sell_put,4.6665,1,1,-9.4358,-4.7694,-0.047694,False
2022-01-01,ACN,sell_put,5.7664,1,1,-14.7075,-8.9412,-0.089412,False
2022-01-01,ADBE,skip,0.0,0,0,-5.7772,0.0,0.0,False
2022-01-01,ADI,skip,0.0,0,0,-6.356,0.0,0.0,False
2022-01-01,ADP,sell_put,5.6171,1,1,-16.0154,-10.3983,-0.103983,False
2022-01-01,AMAT,sell_put,4.1877,1,1,-12.1886,-8.0009,-0.080009,False
2022-01-01,AMD,skip,0.0,0,0,-20.6046,0.0,0.0,False
2022-01-01,AMT,sell_put,5.6171,1,1,-13.59,-7.9729,-0.079729,False
2022-01-01,AMZN,skip,0.0,0,0,-10.283,0.0,0.0,False
2022-01-01,AVGO,sell_put,4.1877,1,1,-11.3888,-7.201,-0.07201,False
2022-01-01,AXP,sell_put,5.0999,1,1,9.9144,5.0999,0.050999,False
2022-01-01,BA,sell_put,3.0,1,1,-0.5365,2.4635,0.024635,False
2022-01-01,BAC,sell_put,3.6848,1,1,4.2079,3.6848,0.036848,False
2022-01-01,BDX,sell_put,4.6665,1,1,1.4158,4.6665,0.046665,False
2022-01-01,BKNG,sell_put,3.0,1,1,2.3716,3.0,0.03,False
2022-01-01,BLK,sell_put,3.3603,1,1,-9.7016,-6.3413,-0.063413,False
2022-01-01,BMY,sell_put,4.372,1,1,4.0738,4.372,0.04372,False
2022-01-01,BRK-B,sell_put,2.9539,1,1,4.689,2.9539,0.029539,False
2022-01-01,C,skip,0.0,0,0,7.8324,0.0,0.0,False
2022-01-01,CAT,sell_put,4.5847,1,1,-2.5056,2.0791,0.020791,False
2022-01-01,COST,sell_put,4.2745,1,1,-11.0217,-6.7472,-0.067472,False
2022-01-01,CRM,skip,0.0,0,0,-8.4602,0.0,0.0,False
2022-01-01,CSCO,sell_put,5.6171,1,1,-12.1509,-6.5337,-0.065337,False
2022-01-01,CVS,sell_put,3.8012,1,1,3.2474,3.8012,0.038012,False
2022-01-01,CVX,sell_put,4.5856,1,1,11.9131,4.5856,0.045856,False
2022-01-01,DE,skip,0.0,0,0,10.1072,0.0,0.0,False
2022-01-01,DHR,sell_put,4.6665,1,1,-13.08,-8.4135,-0.084135,False
2022-01-01,DIS,sell_put,5.1462,1,1,-7.6958,-2.5496,-0.025496,False
2022-01-01,DUK,sell_put,2.5217,1,1,0.1525,2.5217,0.025217,False
2022-01-01,EL,sell_put,3.0,1,1,-15.778,-12.778,-0.12778,False
2022-01-01,ELV,sell_put,3.8012,1,1,-4.5983,-0.7972,-0.007972,False
2022-01-01,EQIX,sell_put,5.6171,1,1,-14.2982,-8.6811,-0.086811,False
2022-01-01,F,sell_put,4.5847,1,1,-2.2629,2.3218,0.023218,False
2022-01-01,GILD,sell_put,4.372,1,1,-4.4517,-0.0797,-0.000797,False
2022-01-01,GM,sell_put,4.5847,1,1,-10.0631,-5.4784,-0.054784,False
2022-01-01,GOOGL,sell_put,3.4858,1,1,-6.5919,-3.1061,-0.031061,False
2022-01-01,GS,sell_put,3.3603,1,1,-6.7961,-3.4357,-0.034357,False
2022-01-01,HD,sell_put,3.9749,1,1,-11.2075,-7.2326,-0.072326,False
2022-01-01,HON,sell_put,5.6171,1,1,-1.9328,3.6844,0.036844,False
2022-01-01,HUM,sell_put,3.8012,1,1,-15.2575,-11.4563,-0.114563,False
2022-01-01,INTC,sell_put,4.1877,1,1,-5.2039,-1.0161,-0.010161,False
2022-01-01,INTU,skip,0.0,0,0,-13.6796,0.0,0.0,False
2022-01-01,ISRG,sell_put,4.6665,1,1,-20.9073,-16.2409,-0.162409,False
2022-01-01,ITW,sell_put,5.6171,1,1,-4.7485,0.8687,0.008687,False
2022-01-01,JNJ,sell_put,2.8231,1,1,0.7132,2.8231,0.028231,False
2022-01-01,JPM,skip,0.0,0,0,-6.1572,0.0,0.0,False
2022-01-01,KLAC,sell_put,4.1877,1,1,-9.4953,-5.3075,-0.053075,False
2022-01-01,KO,sell_put,2.5217,1,1,3.04,2.5217,0.025217,False
2022-01-01,LLY,sell_put,4.3933,1,1,-11.1614,-6.7681,-0.067681,False
2022-01-01,LMT,sell_put,4.5847,1,1,9.4876,4.5847,0.045847,False
2022-01-01,LOW,sell_put,3.9749,1,1,-8.1747,-4.1998,-0.041998,False
2022-01-01,LRCX,sell_put,4.1877,1,1,-17.7898,-13.602,-0.13602,False
2022-01-01,MA,sell_put,5.0999,1,1,7.5309,5.0999,0.050999,False
2022-01-01,MDLZ,sell_put,3.5516,1,1,1.6217,3.5516,0.035516,False
2022-01-01,MDT,skip,0.0,0,0,0.6759,0.0,0.0,False
2022-01-01,META,sell_put,4.3383,1,1,-6.8649,-2.5266,-0.025266,False
2022-01-01,MMM,sell_put,5.6171,1,1,-6.536,-0.9189,-0.009189,False
2022-01-01,MRK,sell_put,4.4526,1,1,7.3239,4.4526,0.044526,False
2022-01-01,MS,sell_put,3.3603,1,1,4.4621,3.3603,0.033603,False
2022-01-01,MSFT,sell_put,5.1746,1,1,-7.5345,-2.3599,-0.023599,False
2022-01-01,MU,sell_put,7.5321,1,1,-11.5859,-4.0538,-0.040538,False
2022-01-01,NEE,sell_put,2.5217,1,1,-16.3239,-13.8022,-0.138022,False
2022-01-01,NFLX,skip,0.0,0,0,-29.0983,0.0,0.0,False
2022-01-01,NKE,skip,0.0,0,0,-11.0001,0.0,0.0,False
2022-01-01,NOW,sell_put,7.6917,1,1,-9.7564,-2.0647,-0.020647,False
2022-01-01,NVDA,skip,0.0,0,0,-16.7352,0.0,0.0,False
2022-01-01,ORCL,skip,0.0,0,0,-6.9373,0.0,0.0,False
2022-01-01,PEP,sell_put,3.5516,1,1,0.5656,3.5516,0.035516,False
2022-01-01,PFE,sell_put,4.372,1,1,-10.7705,-6.3986,-0.063986,False
2022-01-01,PG,sell_put,3.013,1,1,-1.9135,1.0996,0.010996,False
2022-01-01,PLD,sell_put,5.6171,1,1,-6.484,-0.8669,-0.008669,False
2022-01-01,PM,sell_put,3.5516,1,1,9.7375,3.5516,0.035516,False
2022-01-01,PYPL,sell_put,5.0999,1,1,-8.8238,-3.724,-0.03724,False
2022-01-01,QCOM,sell_put,6.6297,1,1,-3.5247,3.105,0.03105,False
2022-01-01,REGN,skip,0.0,0,0,-3.6309,0.0,0.0,False
2022-01-01,RTX,sell_put,4.5847,1,1,4.799,4.5847,0.045847,False
2022-01-01,SBUX,sell_put,2.5217,1,1,-15.9442,-13.4226,-0.134226,False
2022-01-01,SCHW,sell_put,3.3603,1,1,4.2806,3.3603,0.033603,False
2022-01-01,SHW,sell_put,5.6171,1,1,-18.6421,-13.025,-0.13025,False
2022-01-01,SO,sell_put,2.5217,1,1,1.3269,2.5217,0.025217,False
2022-01-01,SPGI,sell_put,3.3603,1,1,-12.0166,-8.6563,-0.086563,False
2022-01-01,SYK,sell_put,4.6665,1,1,-7.0049,-2.3384,-0.023384,False
2022-01-01,T,sell_put,4.6591,1,1,3.6586,4.6591,0.046591,False
2022-01-01,TGT,skip,0.0,0,0,-4.7572,0.0,0.0,False
2022-01-01,TJX,sell_put,3.0659,1,1,-5.2028,-2.1369,-0.021369,False
2022-01-01,TMO,sell_put,2.8496,1,1,-12.8449,-9.9953,-0.099953,False
2022-01-01,TMUS,sell_put,4.6591,1,1,-6.7339,-2.0749,-0.020749,False
2022-01-01,TSLA,skip,0.0,0,0,-11.3609,0.0,0.0,False
2022-01-01,TXN,skip,0.0,0,0,-4.7647,0.0,0.0,False
2022-01-01,UNH,sell_put,3.8012,1,1,-5.5818,-1.7807,-0.017807,False
2022-01-01,UNP,sell_put,4.5847,1,1,-2.466,2.1187,0.021187,False
2022-01-01,UPS,sell_put,5.6171,1,1,-5.6593,-0.0421,-0.000421,False
2022-01-01,V,sell_put,5.297,1,1,4.3653,5.297,0.05297,False
2022-01-01,VRTX,sell_put,4.372,1,1,10.6785,4.372,0.04372,False
2022-01-01,VZ,sell_put,4.6591,1,1,2.4442,4.6591,0.046591,False
2022-01-01,WFC,sell_put,4.2131,1,1,12.1301,4.2131,0.042131,False
2022-01-01,ZTS,sell_put,4.372,1,1,-18.1289,-13.7569,-0.137569,False
2022-02-01,AAPL,skip,0.0,0,0,-5.527,0.0,0.0,True
2022-02-01,ABBV,sell_put,3.0708,4,4,9.0681,3.0708,0.122832,True
2022-02-01,ABT,skip,0.0,0,0,-5.0326,0.0,0.0,True
2022-02-01,ACN,skip,0.0,0,0,-10.3911,0.0,0.0,True
2022-02-01,ADBE,skip,0.0,0,0,-12.4686,0.0,0.0,True
2022-02-01,ADI,skip,0.0,0,0,-2.2443,0.0,0.0,True
2022-02-01,ADP,skip,0.0,0,0,-0.8391,0.0,0.0,True
2022-02-01,AMAT,skip,0.0,0,0,-2.8803,0.0,0.0,True
2022-02-01,AMD,skip,0.0,0,0,7.9562,0.0,0.0,True
2022-02-01,AMT,skip,0.0,0,0,-9.7932,0.0,0.0,True
2022-02-01,AMZN,skip,0.0,0,0,2.6673,0.0,0.0,True
2022-02-01,AVGO,skip,0.0,0,0,0.2663,0.0,0.0,True
2022-02-01,AXP,sell_put,3.6422,4,4,8.4575,3.6422,0.145688,True
2022-02-01,BA,skip,0.0,0,0,2.5469,0.0,0.0,True
2022-02-01,BAC,sell_put,3.7822,4,4,-4.2046,-0.4224,-0.016896,True
2022-02-01,BDX,sell_put,2.237,4,4,6.7443,2.237,0.08948,True
2022-02-01,BKNG,sell_put,3.0,4,4,-11.558,-8.558,-0.34232,True
2022-02-01,BLK,skip,0.0,0,0,-9.6058,0.0,0.0,True
2022-02-01,BMY,sell_put,3.0708,4,4,6.7526,3.0708,0.122832,True
2022-02-01,BRK-B,sell_put,2.8756,4,4,2.6931,2.8756,0.115024,True
2022-02-01,C,sell_put,3.0,4,4,-9.0448,-6.0448,-0.241792,True
2022-02-01,CAT,skip,0.0,0,0,-6.4843,0.0,0.0,True
2022-02-01,COST,skip,0.0,0,0,2.7953,0.0,0.0,True
2022-02-01,CRM,skip,0.0,0,0,-9.5001,0.0,0.0,True
2022-02-01,CSCO,skip,0.0,0,0,0.77,0.0,0.0,True
2022-02-01,CVS,sell_put,3.408,4,4,-2.1651,1.2429,0.049716,True
2022-02-01,CVX,sell_put,3.9317,4,4,9.6474,3.9317,0.157268,True
2022-02-01,DE,sell_put,3.7494,4,4,-4.3518,-0.6023,-0.024092,True
2022-02-01,DHR,skip,0.0,0,0,-3.9819,0.0,0.0,True
2022-02-01,DIS,skip,0.0,0,0,3.84,0.0,0.0,True
2022-02-01,DUK,sell_put,2.467,4,4,-4.4261,-1.9591,-0.078364,True
2022-02-01,EL,skip,0.0,0,0,-4.9585,0.0,0.0,True
2022-02-01,ELV,skip,0.0,0,0,2.4626,0.0,0.0,True
2022-02-01,EQIX,skip,0.0,0,0,-2.0927,0.0,0.0,True
2022-02-01,F,skip,0.0,0,0,-13.0528,0.0,0.0,True
2022-02-01,GILD,skip,0.0,0,0,-12.0559,0.0,0.0,True
2022-02-01,GM,skip,0.0,0,0,-11.3977,0.0,0.0,True
2022-02-01,GOOGL,skip,0.0,0,0,-0.1821,0.0,0.0,True
2022-02-01,GS,skip,0.0,0,0,-3.7752,0.0,0.0,True
2022-02-01,HD,skip,0.0,0,0,-13.9381,0.0,0.0,True
2022-02-01,HON,skip,0.0,0,0,-7.2036,0.0,0.0,True
2022-02-01,HUM,skip,0.0,0,0,10.6548,0.0,0.0,True
2022-02-01,INTC,skip,0.0,0,0,-2.2941,0.0,0.0,True
2022-02-01,INTU,skip,0.0,0,0,-14.4641,0.0,0.0,True
2022-02-01,ISRG,skip,0.0,0,0,2.1641,0.0,0.0,True
2022-02-01,ITW,skip,0.0,0,0,-7.5154,0.0,0.0,True
2022-02-01,JNJ,sell_put,2.6445,4,4,-4.4808,-1.8363,-0.073452,True
2022-02-01,JPM,skip,0.0,0,0,-4.0041,0.0,0.0,True
2022-02-01,KLAC,skip,0.0,0,0,-10.4734,0.0,0.0,True
2022-02-01,KO,sell_put,2.467,4,4,2.0161,2.467,0.09868,True
2022-02-01,LLY,skip,0.0,0,0,1.8583,0.0,0.0,True
2022-02-01,LMT,sell_put,3.7494,4,4,11.4795,3.7494,0.149976,True
2022-02-01,LOW,skip,0.0,0,0,-6.5561,0.0,0.0,True
2022-02-01,LRCX,skip,0.0,0,0,-4.843,0.0,0.0,True
2022-02-01,MA,sell_put,3.6422,4,4,-6.4927,-2.8505,-0.11402,True
2022-02-01,MDLZ,sell_put,3.2566,4,4,-2.3124,0.9442,0.037768,True
2022-02-01,MDT,sell_put,2.237,4,4,1.4494,2.237,0.08948,True
2022-02-01,META,skip,0.0,0,0,-32.6342,0.0,0.0,True
2022-02-01,MMM,skip,0.0,0,0,-10.4626,0.0,0.0,True
2022-02-01,MRK,sell_put,4.0135,4,4,-6.0137,-2.0002,-0.080008,True
2022-02-01,MS,sell_put,2.5015,4,4,-10.8911,-8.3896,-0.335584,True
2022-02-01,MSFT,skip,0.0,0,0,-3.9199,0.0,0.0,True
2022-02-01,MU,skip,0.0,0,0,8.0102,0.0,0.0,True
2022-02-01,NEE,skip,0.0,0,0,0.192,0.0,0.0,True
2022-02-01,NFLX,skip,0.0,0,0,-7.6368,0.0,0.0,True
2022-02-01,NKE,skip,0.0,0,0,-7.7801,0.0,0.0,True
2022-02-01,NOW,skip,0.0,0,0,-1.0004,0.0,0.0,True
2022-02-01,NVDA,skip,0.0,0,0,-0.4125,0.0,0.0,True
2022-02-01,ORCL,skip,0.0,0,0,-6.047,0.0,0.0,True
2022-02-01,PEP,sell_put,3.2566,4,4,-5.6362,-2.3796,-0.095184,True
2022-02-01,PFE,skip,0.0,0,0,-10.2355,0.0,0.0,True
2022-02-01,PG,skip,0.0,0,0,-2.3174,0.0,0.0,True
2022-02-01,PLD,skip,0.0,0,0,-6.9953,0.0,0.0,True
2022-02-01,PM,sell_put,3.2566,4,4,-1.7307,1.526,0.06104,True
2022-02-01,PYPL,skip,0.0,0,0,-34.9017,0.0,0.0,True
2022-02-01,QCOM,skip,0.0,0,0,-2.1449,0.0,0.0,True
2022-02-01,REGN,skip,0.0,0,0,1.6053,0.0,0.0,True
2022-02-01,RTX,sell_put,3.7494,4,4,13.8707,3.7494,0.149976,True
2022-02-01,SBUX,skip,0.0,0,0,-6.6416,0.0,0.0,True
2022-02-01,SCHW,sell_put,2.5015,4,4,-3.6944,-1.1929,-0.047716,True
2022-02-01,SHW,skip,0.0,0,0,-8.1603,0.0,0.0,True
2022-02-01,SO,sell_put,2.467,4,4,-6.7923,-4.3254,-0.173016,True
2022-02-01,SPGI,skip,0.0,0,0,-9.5178,0.0,0.0,True
2022-02-01,SYK,skip,0.0,0,0,6.1681,0.0,0.0,True
2022-02-01,T,sell_put,4.3004,4,4,-4.582,-0.2816,-0.011264,True
2022-02-01,TGT,skip,0.0,0,0,-9.3726,0.0,0.0,True
2022-02-01,TJX,skip,0.0,0,0,-8.1562,0.0,0.0,True
2022-02-01,TMO,skip,0.0,0,0,-6.4166,0.0,0.0,True
2022-02-01,TMUS,skip,0.0,0,0,13.9041,0.0,0.0,True
2022-02-01,TSLA,skip,0.0,0,0,-7.0768,0.0,0.0,True
2022-02-01,TXN,skip,0.0,0,0,-4.6656,0.0,0.0,True
2022-02-01,UNH,skip,0.0,0,0,0.6983,0.0,0.0,True
2022-02-01,UNP,skip,0.0,0,0,0.5725,0.0,0.0,True
2022-02-01,UPS,skip,0.0,0,0,4.0601,0.0,0.0,True
2022-02-01,V,sell_put,3.8336,4,4,-4.4436,-0.6099,-0.024396,True
2022-02-01,VRTX,sell_put,3.0708,4,4,-5.361,-2.2902,-0.091608,True
2022-02-01,VZ,sell_put,4.3004,4,4,2.0414,4.3004,0.172016,True
2022-02-01,WFC,sell_put,3.3281,4,4,-0.7993,2.5289,0.101156,True
2022-02-01,ZTS,skip,0.0,0,0,-2.9176,0.0,0.0,True
2022-03-01,AAPL,skip,0.0,0,0,5.8821,0.0,0.0,True
2022-03-01,ABBV,sell_put,2.8107,4,4,9.7043,2.8107,0.112428,True
2022-03-01,ABT,skip,0.0,0,0,-1.8737,0.0,0.0,True
2022-03-01,ACN,skip,0.0,0,0,6.7116,0.0,0.0,True
2022-03-01,ADBE,skip,0.0,0,0,-2.5787,0.0,0.0,True
2022-03-01,ADI,skip,0.0,0,0,3.5536,0.0,0.0,True
2022-03-01,ADP,skip,0.0,0,0,11.2991,0.0,0.0,True
2022-03-01,AMAT,skip,0.0,0,0,-1.6113,0.0,0.0,True
2022-03-01,AMD,sell_put,5.3919,4,4,-11.3507,-5.9589,-0.238356,True
2022-03-01,AMT,skip,0.0,0,0,10.733,0.0,0.0,True
2022-03-01,AMZN,sell_put,3.8265,4,4,6.1437,3.8265,0.15306,True
2022-03-01,AVGO,sell_put,4.1737,4,4,7.1905,4.1737,0.166948,True
2022-03-01,AXP,sell_put,2.6672,4,4,-3.8758,-1.2086,-0.048344,True
2022-03-01,BA,sell_put,3.0,4,4,-6.74,-3.74,-0.1496,True
2022-03-01,BAC,skip,0.0,0,0,-6.7421,0.0,0.0,True
2022-03-01,BDX,sell_put,2.4594,4,4,-1.9463,0.5131,0.020524,True
2022-03-01,BKNG,skip,0.0,0,0,8.1114,0.0,0.0,True
2022-03-01,BLK,skip,0.0,0,0,2.7262,0.0,0.0,True
2022-03-01,BMY,sell_put,2.8107,4,4,6.3492,2.8107,0.112428,True
2022-03-01,BRK-B,sell_put,1.809,4,4,9.7869,1.809,0.07236,True
2022-03-01,C,skip,0.0,0,0,-9.1329,0.0,0.0,True
2022-03-01,CAT,skip,0.0,0,0,18.7866,0.0,0.0,True
2022-03-01,COST,sell_put,2.5784,4,4,11.0684,2.5784,0.103136,True
2022-03-01,CRM,skip,0.0,0,0,0.8502,0.0,0.0,True
2022-03-01,CSCO,sell_put,3.0068,4,4,-0.0179,2.9889,0.119556,True
2022-03-01,CVS,skip,0.0,0,0,-2.3541,0.0,0.0,True
2022-03-01,CVX,sell_put,2.9975,4,4,14.2636,2.9975,0.1199,True
2022-03-01,DE,skip,0.0,0,0,15.3992,0.0,0.0,True
2022-03-01,DHR,skip,0.0,0,0,6.8948,0.0,0.0,True
2022-03-01,DIS,sell_put,3.2675,4,4,-7.6115,-4.344,-0.17376,True
2022-03-01,DUK,skip,0.0,0,0,12.3158,0.0,0.0,True
2022-03-01,EL,skip,0.0,0,0,-7.9139,0.0,0.0,True
2022-03-01,ELV,sell_put,2.9729,4,4,8.7131,2.9729,0.118916,True
2022-03-01,EQIX,skip,0.0,0,0,4.4933,0.0,0.0,True
2022-03-01,F,skip,0.0,0,0,-3.7016,0.0,0.0,True
2022-03-01,GILD,skip,0.0,0,0,-1.5729,0.0,0.0,True
2022-03-01,GM,skip,0.0,0,0,-6.3784,0.0,0.0,True
2022-03-01,GOOGL,skip,0.0,0,0,2.9695,0.0,0.0,True
2022-03-01,GS,skip,0.0,0,0,-3.2788,0.0,0.0,True
2022-03-01,HD,skip,0.0,0,0,-5.2243,0.0,0.0,True
2022-03-01,HON,skip,0.0,0,0,3.1101,0.0,0.0,True
2022-03-01,HUM,sell_put,2.9729,4,4,0.1957,2.9729,0.118916,True
2022-03-01,INTC,skip,0.0,0,0,4.6908,0.0,0.0,True
2022-03-01,INTU,skip,0.0,0,0,1.3639,0.0,0.0,True
2022-03-01,ISRG,sell_put,2.4594,4,4,3.9093,2.4594,0.098376,True
2022-03-01,ITW,skip,0.0,0,0,-3.2079,0.0,0.0,True
2022-03-01,JNJ,skip,0.0,0,0,8.3841,0.0,0.0,True
2022-03-01,JPM,skip,0.0,0,0,-3.8646,0.0,0.0,True
2022-03-01,KLAC,skip,0.0,0,0,5.3225,0.0,0.0,True
2022-03-01,KO,sell_put,1.9747,4,4,-0.3856,1.5891,0.063564,True
2022-03-01,LLY,sell_put,3.5298,4,4,15.0492,3.5298,0.141192,True
2022-03-01,LMT,sell_put,3.2508,4,4,2.4525,3.2508,0.130032,True
2022-03-01,LOW,skip,0.0,0,0,-8.5362,0.0,0.0,True
2022-03-01,LRCX,skip,0.0,0,0,-4.2291,0.0,0.0,True
2022-03-01,MA,skip,0.0,0,0,-0.9534,0.0,0.0,True
2022-03-01,MDLZ,skip,0.0,0,0,-4.1234,0.0,0.0,True
2022-03-01,MDT,sell_put,2.4594,4,4,5.6767,2.4594,0.098376,True
2022-03-01,META,skip,0.0,0,0,5.3689,0.0,0.0,True
2022-03-01,MMM,skip,0.0,0,0,1.1229,0.0,0.0,True
2022-03-01,MRK,skip,0.0,0,0,7.1429,0.0,0.0,True
2022-03-01,MS,skip,0.0,0,0,-3.6808,0.0,0.0,True
2022-03-01,MSFT,skip,0.0,0,0,3.3995,0.0,0.0,True
2022-03-01,MU,sell_put,5.3919,4,4,-12.3453,-6.9534,-0.278136,True
2022-03-01,NEE,sell_put,1.9747,4,4,8.8274,1.9747,0.078988,True
2022-03-01,NFLX,skip,0.0,0,0,-5.0517,0.0,0.0,True
2022-03-01,NKE,skip,0.0,0,0,-1.4574,0.0,0.0,True
2022-03-01,NOW,skip,0.0,0,0,-3.9712,0.0,0.0,True
2022-03-01,NVDA,skip,0.0,0,0,11.8967,0.0,0.0,True
2022-03-01,ORCL,skip,0.0,0,0,8.8982,0.0,0.0,True
2022-03-01,PEP,skip,0.0,0,0,2.223,0.0,0.0,True
2022-03-01,PFE,skip,0.0,0,0,10.2897,0.0,0.0,True
2022-03-01,PG,skip,0.0,0,0,-1.9822,0.0,0.0,True
2022-03-01,PLD,skip,0.0,0,0,10.7164,0.0,0.0,True
2022-03-01,PM,skip,0.0,0,0,-7.0545,0.0,0.0,True
2022-03-01,PYPL,skip,0.0,0,0,3.3235,0.0,0.0,True
2022-03-01,QCOM,skip,0.0,0,0,-11.146,0.0,0.0,True
2022-03-01,REGN,sell_put,2.8107,4,4,12.9472,2.8107,0.112428,True
2022-03-01,RTX,sell_put,3.2508,4,4,-2.9982,0.2525,0.0101,True
2022-03-01,SBUX,skip,0.0,0,0,-0.3908,0.0,0.0,True
2022-03-01,SCHW,skip,0.0,0,0,0.0341,0.0,0.0,True
2022-03-01,SHW,skip,0.0,0,0,-4.914,0.0,0.0,True
2022-03-01,SO,skip,0.0,0,0,13.1021,0.0,0.0,True
2022-03-01,SPGI,skip,0.0,0,0,9.3882,0.0,0.0,True
2022-03-01,SYK,sell_put,2.4594,4,4,1.5189,2.4594,0.098376,True
2022-03-01,T,skip,0.0,0,0,-0.2533,0.0,0.0,True
2022-03-01,TGT,skip,0.0,0,0,6.6926,0.0,0.0,True
2022-03-01,TJX,skip,0.0,0,0,-8.0115,0.0,0.0,True
2022-03-01,TMO,skip,0.0,0,0,8.5754,0.0,0.0,True
2022-03-01,TMUS,sell_put,3.1005,4,4,4.1718,3.1005,0.12402,True
2022-03-01,TSLA,skip,0.0,0,0,23.8009,0.0,0.0,True
2022-03-01,TXN,skip,0.0,0,0,7.9358,0.0,0.0,True
2022-03-01,UNH,sell_put,2.9729,4,4,7.1658,2.9729,0.118916,True
2022-03-01,UNP,sell_put,3.2508,4,4,11.6277,3.2508,0.130032,True
2022-03-01,UPS,sell_put,3.0068,4,4,2.6605,3.0068,0.120272,True
2022-03-01,V,skip,0.0,0,0,2.7812,0.0,0.0,True
2022-03-01,VRTX,skip,0.0,0,0,13.4554,0.0,0.0,True
2022-03-01,VZ,sell_put,3.1005,4,4,-5.0866,-1.9861,-0.079444,True
2022-03-01,WFC,skip,0.0,0,0,-8.7922,0.0,0.0,True
2022-03-01,ZTS,skip,0.0,0,0,-2.613,0.0,0.0,True
2022-04-01,AAPL,sell_put,3.6312,2,2,-9.7131,-6.0819,-0.121638,True
2022-04-01,ABBV,sell_put,3.3886,2,2,-9.3949,-6.0063,-0.120126,True
2022-04-01,ABT,skip,0.0,0,0,-4.1061,0.0,0.0,True
2022-04-01,ACN,sell_put,2.6793,2,2,-10.9332,-8.2539,-0.165078,True
2022-04-01,ADBE,skip,0.0,0,0,-13.0964,0.0,0.0,True
2022-04-01,ADI,sell_put,3.8302,2,2,-6.5383,-2.7082,-0.054164,True
2022-04-01,ADP,sell_put,4.0831,2,2,-3.6356,0.4474,0.008948,True
2022-04-01,AMAT,skip,0.0,0,0,-16.2747,0.0,0.0,True
2022-04-01,AMD,skip,0.0,0,0,-21.7853,0.0,0.0,True
2022-04-01,AMT,sell_put,4.0831,2,2,-4.0602,0.0229,0.000458,True
2022-04-01,AMZN,sell_put,4.923,2,2,-23.7525,-18.8295,-0.37659,True
2022-04-01,AVGO,sell_put,3.8302,2,2,-11.3615,-7.5313,-0.150626,True
2022-04-01,AXP,skip,0.0,0,0,-6.5722,0.0,0.0,True
2022-04-01,BA,skip,0.0,0,0,-22.2768,0.0,0.0,True
2022-04-01,BAC,skip,0.0,0,0,-13.0169,0.0,0.0,True
2022-04-01,BDX,skip,0.0,0,0,-4.4346,0.0,0.0,True
2022-04-01,BKNG,sell_put,3.0,2,2,-5.8822,-2.8822,-0.057644,True
2022-04-01,BLK,sell_put,3.1107,2,2,-17.7095,-14.5988,-0.291976,True
2022-04-01,BMY,sell_put,3.3886,2,2,3.8277,3.3886,0.067772,True
2022-04-01,BRK-B,sell_put,2.0738,2,2,-8.5234,-6.4496,-0.128992,True
2022-04-01,C,skip,0.0,0,0,-9.7191,0.0,0.0,True
2022-04-01,CAT,sell_put,4.5249,2,2,-5.5112,-0.9863,-0.019726,True
2022-04-01,COST,sell_put,2.4026,2,2,-7.6635,-5.2609,-0.105218,True
2022-04-01,CRM,sell_put,3.9559,2,2,-17.1345,-13.1786,-0.263572,True
2022-04-01,CSCO,skip,0.0,0,0,-12.1593,0.0,0.0,True
2022-04-01,CVS,skip,0.0,0,0,-5.0193,0.0,0.0,True
2022-04-01,CVX,sell_put,3.7327,2,2,-3.7831,-0.0504,-0.001008,True
2022-04-01,DE,sell_put,4.5249,2,2,-8.8932,-4.3683,-0.087366,True
2022-04-01,DHR,sell_put,2.7954,2,2,-14.3116,-11.5162,-0.230324,True
2022-04-01,DIS,skip,0.0,0,0,-18.6133,0.0,0.0,True
2022-04-01,DUK,sell_put,1.7598,2,2,-1.3434,0.4164,0.008328,True
2022-04-01,EL,skip,0.0,0,0,-3.0332,0.0,0.0,True
2022-04-01,ELV,sell_put,3.0575,2,2,2.4679,3.0575,0.06115,True
2022-04-01,EQIX,sell_put,4.0831,2,2,-2.6205,1.4626,0.029252,True
2022-04-01,F,skip,0.0,0,0,-16.2626,0.0,0.0,True
2022-04-01,GILD,skip,0.0,0,0,1.0873,0.0,0.0,True
2022-04-01,GM,skip,0.0,0,0,-13.3288,0.0,0.0,True
2022-04-01,GOOGL,sell_put,3.8463,2,2,-17.9467,-14.1004,-0.282008,True
2022-04-01,GS,skip,0.0,0,0,-6.9098,0.0,0.0,True
2022-04-01,HD,skip,0.0,0,0,0.9631,0.0,0.0,True
2022-04-01,HON,sell_put,4.0831,2,2,-0.5499,3.5332,0.070664,True
2022-04-01,HUM,sell_put,3.0575,2,2,2.3415,3.0575,0.06115,True
2022-04-01,INTC,sell_put,3.8302,2,2,-12.046,-8.2158,-0.164316,True
2022-04-01,INTU,sell_put,3.6841,2,2,-12.9128,-9.2287,-0.184574,True
2022-04-01,ISRG,sell_put,2.7954,2,2,-20.6775,-17.8821,-0.357642,True
2022-04-01,ITW,skip,0.0,0,0,-5.3408,0.0,0.0,True
2022-04-01,JNJ,sell_put,3.0091,2,2,1.8225,3.0091,0.060182,True
2022-04-01,JPM,skip,0.0,0,0,-12.4413,0.0,0.0,True
2022-04-01,KLAC,sell_put,3.8302,2,2,-12.7848,-8.9546,-0.179092,True
2022-04-01,KO,skip,0.0,0,0,5.0074,0.0,0.0,True
2022-04-01,LLY,sell_put,3.5853,2,2,2.0114,3.5853,0.071706,True
2022-04-01,LMT,sell_put,4.5249,2,2,-2.1024,2.4225,0.04845,True
2022-04-01,LOW,skip,0.0,0,0,-2.2059,0.0,0.0,True
2022-04-01,LRCX,skip,0.0,0,0,-13.0867,0.0,0.0,True
2022-04-01,MA,skip,0.0,0,0,1.6789,0.0,0.0,True
2022-04-01,MDLZ,skip,0.0,0,0,3.2811,0.0,0.0,True
2022-04-01,MDT,sell_put,2.7954,2,2,-5.3781,-2.5827,-0.051654,True
2022-04-01,META,sell_put,4.3383,2,2,-9.8444,-5.5061,-0.110122,True
2022-04-01,MMM,sell_put,4.0831,2,2,-3.13,0.953,0.01906,True
2022-04-01,MRK,sell_put,2.497,2,2,9.0541,2.497,0.04994,True
2022-04-01,MS,skip,0.0,0,0,-7.7918,0.0,0.0,True
2022-04-01,MSFT,sell_put,3.8384,2,2,-9.9867,-6.1483,-0.122966,True
2022-04-01,MU,skip,0.0,0,0,-12.4535,0.0,0.0,True
2022-04-01,NEE,sell_put,1.7598,2,2,-16.161,-14.4012,-0.288024,True
2022-04-01,NFLX,skip,0.0,0,0,-49.1818,0.0,0.0,True
2022-04-01,NKE,skip,0.0,0,0,-7.1161,0.0,0.0,True
2022-04-01,NOW,skip,0.0,0,0,-14.1482,0.0,0.0,True
2022-04-01,NVDA,sell_put,7.2387,2,2,-32.0158,-24.7772,-0.495544,True
2022-04-01,ORCL,sell_put,2.8719,2,2,-11.2776,-8.4057,-0.168114,True
2022-04-01,PEP,sell_put,2.2497,2,2,3.2617,2.2497,0.044994,True
2022-04-01,PFE,sell_put,3.3886,2,2,-5.2154,-1.8268,-0.036536,True
2022-04-01,PG,skip,0.0,0,0,5.072,0.0,0.0,True
2022-04-01,PLD,sell_put,4.0831,2,2,-0.227,3.8561,0.077122,True
2022-04-01,PM,skip,0.0,0,0,7.891,0.0,0.0,True
2022-04-01,PYPL,sell_put,3.6172,2,2,-23.9689,-20.3517,-0.407034,True
2022-04-01,QCOM,skip,0.0,0,0,-8.2105,0.0,0.0,True
2022-04-01,REGN,sell_put,3.3886,2,2,-5.6284,-2.2399,-0.044798,True
2022-04-01,RTX,skip,0.0,0,0,-4.1991,0.0,0.0,True
2022-04-01,SBUX,skip,0.0,0,0,-17.9509,0.0,0.0,True
2022-04-01,SCHW,sell_put,3.1107,2,2,-21.326,-18.2154,-0.364308,True
2022-04-01,SHW,skip,0.0,0,0,10.1514,0.0,0.0,True
2022-04-01,SO,sell_put,1.7598,2,2,1.2136,1.7598,0.035196,True
2022-04-01,SPGI,sell_put,3.1107,2,2,-8.211,-5.1003,-0.102006,True
2022-04-01,SYK,sell_put,2.7954,2,2,-9.5284,-6.733,-0.13466,True
2022-04-01,T,skip,0.0,0,0,5.6735,0.0,0.0,True
2022-04-01,TGT,sell_put,2.1824,2,2,7.742,2.1824,0.043648,True
2022-04-01,TJX,skip,0.0,0,0,1.1555,0.0,0.0,True
2022-04-01,TMO,sell_put,2.8496,2,2,-6.3354,-3.4859,-0.069718,True
2022-04-01,TMUS,sell_put,2.904,2,2,-4.0592,-1.1553,-0.023106,True
2022-04-01,TSLA,sell_put,6.5599,2,2,-19.1945,-12.6347,-0.252694,True
2022-04-01,TXN,sell_put,3.8302,2,2,-7.2106,-3.3804,-0.067608,True
2022-04-01,UNH,sell_put,3.0575,2,2,0.0167,3.0575,0.06115,True
2022-04-01,UNP,sell_put,4.5249,2,2,-14.2455,-9.7206,-0.194412,True
2022-04-01,UPS,sell_put,4.0831,2,2,-16.0776,-11.9945,-0.23989,True
2022-04-01,V,sell_put,4.0531,2,2,-3.8959,0.1572,0.003144,True
2022-04-01,VRTX,sell_put,3.3886,2,2,4.694,3.3886,0.067772,True
2022-04-01,VZ,skip,0.0,0,0,-9.1087,0.0,0.0,True
2022-04-01,WFC,skip,0.0,0,0,-9.967,0.0,0.0,True
2022-04-01,ZTS,skip,0.0,0,0,-6.013,0.0,0.0,True
2022-05-01,AAPL,skip,0.0,0,0,-5.5884,0.0,0.0,True
2022-05-01,ABBV,skip,0.0,0,0,1.1863,0.0,0.0,True
2022-05-01,ABT,skip,0.0,0,0,3.9015,0.0,0.0,True
2022-05-01,ACN,skip,0.0,0,0,-0.3367,0.0,0.0,True
2022-05-01,ADBE,skip,0.0,0,0,5.185,0.0,0.0,True
2022-05-01,ADI,skip,0.0,0,0,9.0815,0.0,0.0,True
2022-05-01,ADP,skip,0.0,0,0,2.1817,0.0,0.0,True
2022-05-01,AMAT,skip,0.0,0,0,6.2891,0.0,0.0,True
2022-05-01,AMD,skip,0.0,0,0,19.1066,0.0,0.0,True
2022-05-01,AMT,skip,0.0,0,0,6.8372,0.0,0.0,True
2022-05-01,AMZN,skip,0.0,0,0,-3.2764,0.0,0.0,True
2022-05-01,AVGO,skip,0.0,0,0,4.6429,0.0,0.0,True
2022-05-01,AXP,skip,0.0,0,0,-3.097,0.0,0.0,True
2022-05-01,BA,skip,0.0,0,0,-11.7173,0.0,0.0,True
2022-05-01,BAC,skip,0.0,0,0,4.2601,0.0,0.0,True
2022-05-01,BDX,skip,0.0,0,0,3.4832,0.0,0.0,True
2022-05-01,BKNG,skip,0.0,0,0,1.5043,0.0,0.0,True
2022-05-01,BLK,skip,0.0,0,0,7.1077,0.0,0.0,True
2022-05-01,BMY,sell_put,4.1472,18,18,0.2392,4.1472,0.746496,True
2022-05-01,BRK-B,skip,0.0,0,0,-2.1219,0.0,0.0,True
2022-05-01,C,skip,0.0,0,0,11.9274,0.0,0.0,True
2022-05-01,CAT,skip,0.0,0,0,3.0138,0.0,0.0,True
2022-05-01,COST,skip,0.0,0,0,-12.1758,0.0,0.0,True
2022-05-01,CRM,skip,0.0,0,0,-8.9235,0.0,0.0,True
2022-05-01,CSCO,skip,0.0,0,0,-7.3938,0.0,0.0,True
2022-05-01,CVS,skip,0.0,0,0,1.1668,0.0,0.0,True
2022-05-01,CVX,skip,0.0,0,0,11.4827,0.0,0.0,True
2022-05-01,DE,skip,0.0,0,0,-5.2364,0.0,0.0,True
2022-05-01,DHR,skip,0.0,0,0,5.0532,0.0,0.0,True
2022-05-01,DIS,skip,0.0,0,0,-1.066,0.0,0.0,True
2022-05-01,DUK,skip,0.0,0,0,2.1423,0.0,0.0,True
2022-05-01,EL,skip,0.0,0,0,-3.5636,0.0,0.0,True
2022-05-01,ELV,sell_put,2.9913,18,18,1.5301,2.9913,0.538434,True
2022-05-01,EQIX,skip,0.0,0,0,-4.4487,0.0,0.0,True
2022-05-01,F,skip,0.0,0,0,-2.7471,0.0,0.0,True
2022-05-01,GILD,sell_put,4.1472,18,18,9.2855,4.1472,0.746496,True
2022-05-01,GM,skip,0.0,0,0,2.0311,0.0,0.0,True
2022-05-01,GOOGL,skip,0.0,0,0,-0.3045,0.0,0.0,True
2022-05-01,GS,skip,0.0,0,0,6.9921,0.0,0.0,True
2022-05-01,HD,sell_put,4.7689,18,18,0.7823,4.7689,0.858402,True
2022-05-01,HON,skip,0.0,0,0,0.0569,0.0,0.0,True
2022-05-01,HUM,sell_put,2.9913,18,18,2.1752,2.9913,0.538434,True
2022-05-01,INTC,skip,0.0,0,0,1.9041,0.0,0.0,True
2022-05-01,INTU,skip,0.0,0,0,-0.8883,0.0,0.0,True
2022-05-01,ISRG,skip,0.0,0,0,-4.8725,0.0,0.0,True
2022-05-01,ITW,skip,0.0,0,0,5.5603,0.0,0.0,True
2022-05-01,JNJ,sell_put,3.0809,18,18,-0.5153,2.5655,0.46179,True
2022-05-01,JPM,skip,0.0,0,0,11.6037,0.0,0.0,True
2022-05-01,KLAC,skip,0.0,0,0,14.2799,0.0,0.0,True
2022-05-01,KO,sell_put,2.4724,18,18,-1.9037,0.5687,0.102366,True
2022-05-01,LLY,sell_put,3.4848,18,18,7.2947,3.4848,0.627264,True
2022-05-01,LMT,skip,0.0,0,0,1.849,0.0,0.0,True
2022-05-01,LOW,skip,0.0,0,0,-0.8293,0.0,0.0,True
2022-05-01,LRCX,skip,0.0,0,0,11.6519,0.0,0.0,True
2022-05-01,MA,sell_put,3.7503,18,18,-1.3797,2.3707,0.426726,True
2022-05-01,MDLZ,sell_put,2.5851,18,18,-1.4268,1.1582,0.208476,True
2022-05-01,MDT,skip,0.0,0,0,-4.0341,0.0,0.0,True
2022-05-01,META,skip,0.0,0,0,-3.407,0.0,0.0,True
2022-05-01,MMM,skip,0.0,0,0,3.5154,0.0,0.0,True
2022-05-01,MRK,sell_put,2.5737,18,18,3.7659,2.5737,0.463266,True
2022-05-01,MS,skip,0.0,0,0,7.8047,0.0,0.0,True
2022-05-01,MSFT,skip,0.0,0,0,-2.0359,0.0,0.0,True
2022-05-01,MU,skip,0.0,0,0,8.4337,0.0,0.0,True
2022-05-01,NEE,skip,0.0,0,0,6.5756,0.0,0.0,True
2022-05-01,NFLX,skip,0.0,0,0,3.7193,0.0,0.0,True
2022-05-01,NKE,skip,0.0,0,0,-4.6913,0.0,0.0,True
2022-05-01,NOW,skip,0.0,0,0,-2.2234,0.0,0.0,True
2022-05-01,NVDA,skip,0.0,0,0,0.674,0.0,0.0,True
2022-05-01,ORCL,skip,0.0,0,0,-1.6331,0.0,0.0,True
2022-05-01,PEP,sell_put,2.5851,18,18,-2.3062,0.2789,0.050202,True
2022-05-01,PFE,skip,0.0,0,0,8.0905,0.0,0.0,True
2022-05-01,PG,sell_put,2.2001,18,18,-7.3749,-5.1748,-0.931464,True
2022-05-01,PLD,skip,0.0,0,0,-20.4691,0.0,0.0,True
2022-05-01,PM,sell_put,2.5851,18,18,6.25,2.5851,0.465318,True
2022-05-01,PYPL,skip,0.0,0,0,-3.0934,0.0,0.0,True
2022-05-01,QCOM,skip,0.0,0,0,2.5271,0.0,0.0,True
2022-05-01,REGN,skip,0.0,0,0,0.8542,0.0,0.0,True
2022-05-01,RTX,skip,0.0,0,0,0.2213,0.0,0.0,True
2022-05-01,SBUX,skip,0.0,0,0,5.1715,0.0,0.0,True
2022-05-01,SCHW,skip,0.0,0,0,5.6837,0.0,0.0,True
2022-05-01,SHW,sell_put,3.0233,18,18,-2.5167,0.5066,0.091188,True
2022-05-01,SO,sell_put,2.4724,18,18,3.0931,2.4724,0.445032,True
2022-05-01,SPGI,skip,0.0,0,0,-7.1766,0.0,0.0,True
2022-05-01,SYK,skip,0.0,0,0,-2.802,0.0,0.0,True
2022-05-01,T,sell_put,4.0755,18,18,14.512,4.0755,0.73359,True
2022-05-01,TGT,sell_put,3.3301,18,18,-29.2018,-25.8717,-4.656906,True
2022-05-01,TJX,sell_put,3.3301,18,18,3.737,3.3301,0.599418,True
2022-05-01,TMO,skip,0.0,0,0,2.6495,0.0,0.0,True
2022-05-01,TMUS,skip,0.0,0,0,8.2426,0.0,0.0,True
2022-05-01,TSLA,skip,0.0,0,0,-12.9197,0.0,0.0,True
2022-05-01,TXN,skip,0.0,0,0,3.8238,0.0,0.0,True
2022-05-01,UNH,sell_put,2.9913,18,18,-2.3144,0.6769,0.121842,True
2022-05-01,UNP,skip,0.0,0,0,-6.1932,0.0,0.0,True
2022-05-01,UPS,skip,0.0,0,0,1.2613,0.0,0.0,True
2022-05-01,V,skip,0.0,0,0,-0.4504,0.0,0.0,True
2022-05-01,VRTX,sell_put,4.1472,18,18,-1.6726,2.4745,0.44541,True
2022-05-01,VZ,skip,0.0,0,0,12.1264,0.0,0.0,True
2022-05-01,WFC,skip,0.0,0,0,4.9049,0.0,0.0,True
2022-05-01,ZTS,skip,0.0,0,0,-3.3968,0.0,0.0,True
2022-06-01,AAPL,skip,0.0,0,0,-8.008,0.0,0.0,True
2022-06-01,ABBV,sell_put,3.4936,4,4,3.9289,3.4936,0.139744,True
2022-06-01,ABT,sell_put,2.0089,4,4,-7.5004,-5.4915,-0.21966,True
2022-06-01,ACN,skip,0.0,0,0,-6.9724,0.0,0.0,True
2022-06-01,ADBE,sell_put,6.2565,4,4,-12.1062,-5.8497,-0.233988,True
2022-06-01,ADI,sell_put,5.1745,4,4,-12.8443,-7.6699,-0.306796,True
2022-06-01,ADP,sell_put,3.3573,4,4,-5.7863,-2.429,-0.09716,True
2022-06-01,AMAT,sell_put,5.1745,4,4,-22.2419,-17.0675,-0.6827,True
2022-06-01,AMD,sell_put,7.0334,4,4,-24.9264,-17.8929,-0.715716,True
2022-06-01,AMT,sell_put,3.3573,4,4,-0.2108,3.1464,0.125856,True
2022-06-01,AMZN,skip,0.0,0,0,-11.6459,0.0,0.0,True
2022-06-01,AVGO,sell_put,5.1745,4,4,-16.2584,-11.084,-0.44336,True
2022-06-01,AXP,skip,0.0,0,0,-17.8889,0.0,0.0,True
2022-06-01,BA,skip,0.0,0,0,4.0487,0.0,0.0,True
2022-06-01,BAC,sell_put,4.9582,4,4,-16.3172,-11.3591,-0.454364,True
2022-06-01,BDX,sell_put,2.0089,4,4,-3.6239,-1.615,-0.0646,True
2022-06-01,BKNG,sell_put,3.0,4,4,-22.044,-19.044,-0.76176,True
2022-06-01,BLK,sell_put,4.8232,4,4,-8.9735,-4.1503,-0.166012,True
2022-06-01,BMY,sell_put,3.4936,4,4,2.0543,3.4936,0.139744,True
2022-06-01,BRK-B,skip,0.0,0,0,-13.5958,0.0,0.0,True
2022-06-01,C,sell_put,3.0,4,4,-13.8925,-10.8925,-0.4357,True
2022-06-01,CAT,sell_put,4.3606,4,4,-17.1832,-12.8227,-0.512908,True
2022-06-01,COST,skip,0.0,0,0,2.8013,0.0,0.0,True
2022-06-01,CRM,skip,0.0,0,0,2.9955,0.0,0.0,True
2022-06-01,CSCO,skip,0.0,0,0,-5.3496,0.0,0.0,True
2022-06-01,CVS,sell_put,3.1041,4,4,-4.2274,-1.1233,-0.044932,True
2022-06-01,CVX,sell_put,2.9975,4,4,-16.4256,-13.4281,-0.537124,True
2022-06-01,DE,skip,0.0,0,0,-16.2977,0.0,0.0,True
2022-06-01,DHR,sell_put,2.0089,4,4,-3.9042,-1.8953,-0.075812,True
2022-06-01,DIS,skip,0.0,0,0,-14.5237,0.0,0.0,True
2022-06-01,DUK,sell_put,3.046,4,4,-3.8576,-0.8116,-0.032464,True
2022-06-01,EL,skip,0.0,0,0,0.2581,0.0,0.0,True
2022-06-01,ELV,sell_put,3.1041,4,4,-5.3041,-2.1999,-0.087996,True
2022-06-01,EQIX,skip,0.0,0,0,-3.9157,0.0,0.0,True
2022-06-01,F,skip,0.0,0,0,-18.6403,0.0,0.0,True
2022-06-01,GILD,sell_put,3.4936,4,4,-4.6877,-1.1941,-0.047764,True
2022-06-01,GM,sell_put,4.3606,4,4,-17.8904,-13.5298,-0.541192,True
2022-06-01,GOOGL,skip,0.0,0,0,-4.2185,0.0,0.0,True
2022-06-01,GS,sell_put,4.8232,4,4,-8.57,-3.7468,-0.149872,True
2022-06-01,HD,sell_put,3.8904,4,4,-9.4071,-5.5167,-0.220668,True
2022-06-01,HON,sell_put,3.3573,4,4,-9.7709,-6.4136,-0.256544,True
2022-06-01,HUM,sell_put,3.1041,4,4,3.0469,3.1041,0.124164,True
2022-06-01,INTC,sell_put,5.1745,4,4,-15.1154,-9.941,-0.39764,True
2022-06-01,INTU,skip,0.0,0,0,-7.0019,0.0,0.0,True
2022-06-01,ISRG,skip,0.0,0,0,-11.8301,0.0,0.0,True
2022-06-01,ITW,sell_put,3.3573,4,4,-12.4093,-9.052,-0.36208,True
2022-06-01,JNJ,skip,0.0,0,0,-0.4898,0.0,0.0,True
2022-06-01,JPM,sell_put,4.8232,4,4,-14.8378,-10.0146,-0.400584,True
2022-06-01,KLAC,sell_put,5.1745,4,4,-12.2529,-7.0785,-0.28314,True
2022-06-01,KO,skip,0.0,0,0,-0.7416,0.0,0.0,True
2022-06-01,LLY,sell_put,2.2617,4,4,3.791,2.2617,0.090468,True
2022-06-01,LMT,sell_put,4.3606,4,4,-1.6954,2.6652,0.106608,True
2022-06-01,LOW,skip,0.0,0,0,-10.5632,0.0,0.0,True
2022-06-01,LRCX,sell_put,5.1745,4,4,-18.0528,-12.8784,-0.515136,True
2022-06-01,MA,skip,0.0,0,0,-11.8451,0.0,0.0,True
2022-06-01,MDLZ,skip,0.0,0,0,-2.3128,0.0,0.0,True
2022-06-01,MDT,skip,0.0,0,0,-10.3844,0.0,0.0,True
2022-06-01,META,skip,0.0,0,0,-16.7269,0.0,0.0,True
2022-06-01,MMM,sell_put,3.3573,4,4,-12.4403,-9.0831,-0.363324,True
2022-06-01,MRK,sell_put,3.3162,4,4,-0.9345,2.3817,0.095268,True
2022-06-01,MS,sell_put,4.8232,4,4,-11.7019,-6.8787,-0.275148,True
2022-06-01,MSFT,skip,0.0,0,0,-5.312,0.0,0.0,True
2022-06-01,MU,sell_put,7.0334,4,4,-25.1354,-18.102,-0.72408,True
2022-06-01,NEE,sell_put,3.046,4,4,2.9214,3.046,0.12184,True
2022-06-01,NFLX,sell_put,7.5102,4,4,-11.4313,-3.9212,-0.156848,True
2022-06-01,NKE,skip,0.0,0,0,-14.0093,0.0,0.0,True
2022-06-01,NOW,skip,0.0,0,0,1.722,0.0,0.0,True
2022-06-01,NVDA,sell_put,7.0334,4,4,-18.8143,-11.7808,-0.471232,True
2022-06-01,ORCL,skip,0.0,0,0,-2.8504,0.0,0.0,True
2022-06-01,PEP,skip,0.0,0,0,-0.6498,0.0,0.0,True
2022-06-01,PFE,sell_put,3.4936,4,4,-0.344,3.1496,0.125984,True
2022-06-01,PG,skip,0.0,0,0,-2.7657,0.0,0.0,True
2022-06-01,PLD,skip,0.0,0,0,-7.711,0.0,0.0,True
2022-06-01,PM,sell_put,3.1101,4,4,-7.0683,-3.9582,-0.158328,True
2022-06-01,PYPL,skip,0.0,0,0,-18.0378,0.0,0.0,True
2022-06-01,QCOM,sell_put,5.9179,4,4,-10.8086,-4.8906,-0.195624,True
2022-06-01,REGN,sell_put,3.4936,4,4,-11.0735,-7.5799,-0.303196,True
2022-06-01,RTX,sell_put,4.3606,4,4,1.6445,4.3606,0.174424,True
2022-06-01,SBUX,sell_put,3.046,4,4,-2.0025,1.0434,0.041736,True
2022-06-01,SCHW,sell_put,4.8232,4,4,-9.5939,-4.7708,-0.190832,True
2022-06-01,SHW,skip,0.0,0,0,-16.2705,0.0,0.0,True
2022-06-01,SO,sell_put,3.046,4,4,-4.8763,-1.8303,-0.073212,True
2022-06-01,SPGI,skip,0.0,0,0,-3.3175,0.0,0.0,True
2022-06-01,SYK,skip,0.0,0,0,-15.1684,0.0,0.0,True
2022-06-01,T,sell_put,3.6,4,4,-1.55,2.05,0.082,True
2022-06-01,TGT,skip,0.0,0,0,-12.3967,0.0,0.0,True
2022-06-01,TJX,sell_put,2.6229,4,4,-11.6805,-9.0576,-0.362304,True
2022-06-01,TMO,sell_put,2.8496,4,4,-4.2796,-1.4301,-0.057204,True
2022-06-01,TMUS,sell_put,3.6,4,4,0.9378,3.6,0.144,True
2022-06-01,TSLA,skip,0.0,0,0,-11.1888,0.0,0.0,True
2022-06-01,TXN,sell_put,5.1745,4,4,-12.4832,-7.3087,-0.292348,True
2022-06-01,UNH,skip,0.0,0,0,3.3918,0.0,0.0,True
2022-06-01,UNP,skip,0.0,0,0,-2.384,0.0,0.0,True
2022-06-01,UPS,sell_put,3.3573,4,4,1.0186,3.3573,0.134292,True
2022-06-01,V,skip,0.0,0,0,-7.0245,0.0,0.0,True
2022-06-01,VRTX,skip,0.0,0,0,4.8911,0.0,0.0,True
2022-06-01,VZ,sell_put,3.6,4,4,-1.0528,2.5472,0.101888,True
2022-06-01,WFC,sell_put,5.0136,4,4,-13.9521,-8.9385,-0.35754,True
2022-06-01,ZTS,skip,0.0,0,0,0.5617,0.0,0.0,True
2022-07-01,AAPL,skip,0.0,0,0,18.8634,0.0,0.0,True
2022-07-01,ABBV,sell_put,4.4404,44,44,-6.3006,-1.8602,-0.818488,True
2022-07-01,ABT,skip,0.0,0,0,0.1749,0.0,0.0,True
2022-07-01,ACN,skip,0.0,0,0,10.3044,0.0,0.0,True
2022-07-01,ADBE,skip,0.0,0,0,12.0363,0.0,0.0,True
2022-07-01,ADI,skip,0.0,0,0,17.7083,0.0,0.0,True
2022-07-01,ADP,skip,0.0,0,0,15.3425,0.0,0.0,True
2022-07-01,AMAT,skip,0.0,0,0,16.4871,0.0,0.0,True
2022-07-01,AMD,skip,0.0,0,0,23.5386,0.0,0.0,True
2022-07-01,AMT,skip,0.0,0,0,6.5941,0.0,0.0,True
2022-07-01,AMZN,skip,0.0,0,0,27.0596,0.0,0.0,True
2022-07-01,AVGO,skip,0.0,0,0,11.138,0.0,0.0,True
2022-07-01,AXP,skip,0.0,0,0,11.5253,0.0,0.0,True
2022-07-01,BA,sell_put,3.0,44,44,16.5228,3.0,1.32,True
2022-07-01,BAC,skip,0.0,0,0,9.2346,0.0,0.0,True
2022-07-01,BDX,skip,0.0,0,0,-0.5651,0.0,0.0,True
2022-07-01,BKNG,skip,0.0,0,0,10.6747,0.0,0.0,True
2022-07-01,BLK,skip,0.0,0,0,10.6612,0.0,0.0,True
2022-07-01,BMY,sell_put,4.4404,44,44,-3.5162,0.9242,0.406648,True
2022-07-01,BRK-B,skip,0.0,0,0,10.1018,0.0,0.0,True
2022-07-01,C,skip,0.0,0,0,12.8506,0.0,0.0,True
2022-07-01,CAT,skip,0.0,0,0,10.9029,0.0,0.0,True
2022-07-01,COST,sell_put,3.1151,44,44,12.9402,3.1151,1.370644,True
2022-07-01,CRM,sell_put,4.7694,44,44,11.5002,4.7694,2.098536,True
2022-07-01,CSCO,skip,0.0,0,0,6.4025,0.0,0.0,True
2022-07-01,CVS,skip,0.0,0,0,3.2592,0.0,0.0,True
2022-07-01,CVX,skip,0.0,0,0,13.1233,0.0,0.0,True
2022-07-01,DE,skip,0.0,0,0,15.0162,0.0,0.0,True
2022-07-01,DHR,skip,0.0,0,0,15.0862,0.0,0.0,True
2022-07-01,DIS,skip,0.0,0,0,12.3941,0.0,0.0,True
2022-07-01,DUK,skip,0.0,0,0,2.5371,0.0,0.0,True
2022-07-01,EL,sell_put,3.0,44,44,7.2368,3.0,1.32,True
2022-07-01,ELV,skip,0.0,0,0,-0.881,0.0,0.0,True
2022-07-01,EQIX,skip,0.0,0,0,7.1109,0.0,0.0,True
2022-07-01,F,skip,0.0,0,0,31.9856,0.0,0.0,True
2022-07-01,GILD,skip,0.0,0,0,-2.1249,0.0,0.0,True
2022-07-01,GM,skip,0.0,0,0,14.1688,0.0,0.0,True
2022-07-01,GOOGL,skip,0.0,0,0,6.7518,0.0,0.0,True
2022-07-01,GS,skip,0.0,0,0,12.245,0.0,0.0,True
2022-07-01,HD,skip,0.0,0,0,10.4169,0.0,0.0,True
2022-07-01,HON,skip,0.0,0,0,10.7301,0.0,0.0,True
2022-07-01,HUM,sell_put,2.9833,44,44,3.1519,2.9833,1.312652,True
2022-07-01,INTC,skip,0.0,0,0,-2.9404,0.0,0.0,True
2022-07-01,INTU,skip,0.0,0,0,18.3504,0.0,0.0,True
2022-07-01,ISRG,skip,0.0,0,0,14.6779,0.0,0.0,True
2022-07-01,ITW,skip,0.0,0,0,14.7624,0.0,0.0,True
2022-07-01,JNJ,skip,0.0,0,0,-1.6844,0.0,0.0,True
2022-07-01,JPM,skip,0.0,0,0,2.4421,0.0,0.0,True
2022-07-01,KLAC,skip,0.0,0,0,20.2018,0.0,0.0,True
2022-07-01,KO,skip,0.0,0,0,2.7398,0.0,0.0,True
2022-07-01,LLY,sell_put,3.9146,44,44,1.684,3.9146,1.722424,True
2022-07-01,LMT,skip,0.0,0,0,-3.7562,0.0,0.0,True
2022-07-01,LOW,skip,0.0,0,0,9.6525,0.0,0.0,True
2022-07-01,LRCX,skip,0.0,0,0,17.8446,0.0,0.0,True
2022-07-01,MA,skip,0.0,0,0,12.1434,0.0,0.0,True
2022-07-01,MDLZ,skip,0.0,0,0,3.7288,0.0,0.0,True
2022-07-01,MDT,skip,0.0,0,0,3.8778,0.0,0.0,True
2022-07-01,META,skip,0.0,0,0,-1.3333,0.0,0.0,True
2022-07-01,MMM,skip,0.0,0,0,10.687,0.0,0.0,True
2022-07-01,MRK,skip,0.0,0,0,-1.2053,0.0,0.0,True
2022-07-01,MS,skip,0.0,0,0,10.8336,0.0,0.0,True
2022-07-01,MSFT,skip,0.0,0,0,9.3096,0.0,0.0,True
2022-07-01,MU,skip,0.0,0,0,11.903,0.0,0.0,True
2022-07-01,NEE,sell_put,2.9171,44,44,9.0757,2.9171,1.283524,True
2022-07-01,NFLX,skip,0.0,0,0,28.6098,0.0,0.0,True
2022-07-01,NKE,skip,0.0,0,0,12.7248,0.0,0.0,True
2022-07-01,NOW,sell_put,7.0143,44,44,-6.0691,0.9451,0.415844,True
2022-07-01,NVDA,skip,0.0,0,0,19.842,0.0,0.0,True
2022-07-01,ORCL,skip,0.0,0,0,11.4069,0.0,0.0,True
2022-07-01,PEP,skip,0.0,0,0,5.7104,0.0,0.0,True
2022-07-01,PFE,skip,0.0,0,0,-3.662,0.0,0.0,True
2022-07-01,PG,skip,0.0,0,0,-3.3938,0.0,0.0,True
2022-07-01,PLD,skip,0.0,0,0,13.4833,0.0,0.0,True
2022-07-01,PM,skip,0.0,0,0,-0.3757,0.0,0.0,True
2022-07-01,PYPL,skip,0.0,0,0,23.8975,0.0,0.0,True
2022-07-01,QCOM,skip,0.0,0,0,14.1566,0.0,0.0,True
2022-07-01,REGN,skip,0.0,0,0,-1.597,0.0,0.0,True
2022-07-01,RTX,sell_put,4.9813,44,44,-3.0174,1.9639,0.864116,True
2022-07-01,SBUX,skip,0.0,0,0,10.9831,0.0,0.0,True
2022-07-01,SCHW,skip,0.0,0,0,9.2909,0.0,0.0,True
2022-07-01,SHW,skip,0.0,0,0,8.0524,0.0,0.0,True
2022-07-01,SO,skip,0.0,0,0,7.825,0.0,0.0,True
2022-07-01,SPGI,skip,0.0,0,0,11.8287,0.0,0.0,True
2022-07-01,SYK,skip,0.0,0,0,8.3332,0.0,0.0,True
2022-07-01,T,skip,0.0,0,0,-10.4008,0.0,0.0,True
2022-07-01,TGT,skip,0.0,0,0,15.6836,0.0,0.0,True
2022-07-01,TJX,skip,0.0,0,0,9.5076,0.0,0.0,True
2022-07-01,TMO,skip,0.0,0,0,10.2122,0.0,0.0,True
2022-07-01,TMUS,sell_put,3.8601,44,44,6.3327,3.8601,1.698444,True
2022-07-01,TSLA,skip,0.0,0,0,32.3765,0.0,0.0,True
2022-07-01,TXN,skip,0.0,0,0,16.427,0.0,0.0,True
2022-07-01,UNH,sell_put,2.9833,44,44,5.9662,2.9833,1.312652,True
2022-07-01,UNP,skip,0.0,0,0,6.5735,0.0,0.0,True
2022-07-01,UPS,sell_put,3.6919,44,44,6.7656,3.6919,1.624436,True
2022-07-01,V,skip,0.0,0,0,7.7302,0.0,0.0,True
2022-07-01,VRTX,sell_put,4.4404,44,44,-0.4897,3.9507,1.738308,True
2022-07-01,VZ,skip,0.0,0,0,-8.9852,0.0,0.0,True
2022-07-01,WFC,skip,0.0,0,0,11.999,0.0,0.0,True
2022-07-01,ZTS,sell_put,4.4404,44,44,6.2016,4.4404,1.953776,True
2022-08-01,AAPL,sell_put,2.8168,1,1,-3.2552,-0.4384,-0.004384,False
2022-08-01,ABBV,skip,0.0,0,0,-5.4298,0.0,0.0,False
2022-08-01,ABT,sell_put,2.378,1,1,-5.268,-2.8901,-0.028901,False
2022-08-01,ACN,sell_put,3.4106,1,1,-5.4771,-2.0665,-0.020665,False
2022-08-01,ADBE,sell_put,3.2574,1,1,-8.9437,-5.6864,-0.056864,False
2022-08-01,ADI,sell_put,4.098,1,1,-11.8807,-7.7826,-0.077826,False
2022-08-01,ADP,sell_put,2.7609,1,1,1.3645,2.7609,0.027609,False
2022-08-01,AMAT,sell_put,4.098,1,1,-11.238,-7.1399,-0.071399,False
2022-08-01,AMD,sell_put,6.7375,1,1,-10.162,-3.4245,-0.034245,False
2022-08-01,AMT,sell_put,2.7609,1,1,-6.1958,-3.4349,-0.034349,False
2022-08-01,AMZN,sell_put,3.8735,1,1,-6.0615,-2.188,-0.02188,False
2022-08-01,AVGO,sell_put,4.098,1,1,-6.792,-2.694,-0.02694,False
2022-08-01,AXP,sell_put,3.0055,1,1,-1.3116,1.6939,0.016939,False
2022-08-01,BA,sell_put,3.0,1,1,0.59,3.0,0.03,False
2022-08-01,BAC,sell_put,2.9024,1,1,-0.5915,2.3108,0.023108,False
2022-08-01,BDX,skip,0.0,0,0,3.3195,0.0,0.0,False
2022-08-01,BKNG,sell_put,3.0,1,1,-3.0935,-0.0935,-0.000935,False
2022-08-01,BLK,sell_put,2.7012,1,1,-0.4169,2.2843,0.022843,False
2022-08-01,BMY,skip,0.0,0,0,-8.6338,0.0,0.0,False
2022-08-01,BRK-B,sell_put,2.0554,1,1,-6.5868,-4.5314,-0.045314,False
2022-08-01,C,sell_put,3.0,1,1,-5.0264,-2.0264,-0.020264,False
2022-08-01,CAT,sell_put,4.1889,1,1,-6.1808,-1.992,-0.01992,False
2022-08-01,COST,sell_put,2.4952,1,1,-3.3805,-0.8853,-0.008853,False
2022-08-01,CRM,sell_put,4.1948,1,1,-15.1614,-10.9666,-0.109666,False
2022-08-01,CSCO,sell_put,2.7609,1,1,-0.5455,2.2154,0.022154,False
2022-08-01,CVS,sell_put,3.1297,1,1,3.1779,3.1297,0.031297,False
2022-08-01,CVX,sell_put,3.52,1,1,-3.4925,0.0275,0.000275,False
2022-08-01,DE,sell_put,4.1889,1,1,6.431,4.1889,0.041889,False
2022-08-01,DHR,sell_put,2.378,1,1,-7.397,-5.019,-0.05019,False
2022-08-01,DIS,sell_put,4.474,1,1,5.6362,4.474,0.04474,False
2022-08-01,DUK,sell_put,2.0238,1,1,-2.7472,-0.7234,-0.007234,False
2022-08-01,EL,sell_put,3.0,1,1,-6.8546,-3.8546,-0.038546,False
2022-08-01,ELV,skip,0.0,0,0,1.6789,0.0,0.0,False
2022-08-01,EQIX,sell_put,2.7609,1,1,-6.5891,-3.8282,-0.038282,False
2022-08-01,F,sell_put,4.1889,1,1,3.744,4.1889,0.041889,False
2022-08-01,GILD,skip,0.0,0,0,6.226,0.0,0.0,False
2022-08-01,GM,sell_put,4.1889,1,1,5.3778,4.1889,0.041889,False
2022-08-01,GOOGL,sell_put,3.0384,1,1,-6.9635,-3.9252,-0.039252,False
2022-08-01,GS,sell_put,2.7012,1,1,-0.216,2.4852,0.024852,False
2022-08-01,HD,sell_put,3.583,1,1,-4.1603,-0.5773,-0.005773,False
2022-08-01,HON,sell_put,2.7609,1,1,-1.6159,1.1449,0.011449,False
2022-08-01,HUM,sell_put,3.1297,1,1,-0.0457,3.084,0.03084,False
2022-08-01,INTC,skip,0.0,0,0,-12.0903,0.0,0.0,False
2022-08-01,INTU,sell_put,4.7966,1,1,-5.1898,-0.3932,-0.003932,False
2022-08-01,ISRG,sell_put,2.378,1,1,-10.6139,-8.2359,-0.082359,False
2022-08-01,ITW,sell_put,2.7609,1,1,-6.2235,-3.4626,-0.034626,False
2022-08-01,JNJ,skip,0.0,0,0,-7.5521,0.0,0.0,False
2022-08-01,JPM,sell_put,2.7012,1,1,-0.5409,2.1603,0.021603,False
2022-08-01,KLAC,sell_put,4.098,1,1,-10.2753,-6.1773,-0.061773,False
2022-08-01,KO,sell_put,2.0238,1,1,-3.8336,-1.8097,-0.018097,False
2022-08-01,LLY,sell_put,3.481,1,1,-8.6323,-5.1513,-0.051513,False
2022-08-01,LMT,skip,0.0,0,0,1.5225,0.0,0.0,False
2022-08-01,LOW,sell_put,3.583,1,1,1.9388,3.583,0.03583,False
2022-08-01,LRCX,sell_put,4.098,1,1,-12.5072,-8.4092,-0.084092,False
2022-08-01,MA,sell_put,3.0055,1,1,-8.1751,-5.1697,-0.051697,False
2022-08-01,MDLZ,sell_put,2.2426,1,1,-3.4041,-1.1615,-0.011615,False
2022-08-01,MDT,sell_put,2.378,1,1,-4.9719,-2.5939,-0.025939,False
2022-08-01,META,skip,0.0,0,0,2.4073,0.0,0.0,False
2022-08-01,MMM,sell_put,2.7609,1,1,-13.1877,-10.4268,-0.104268,False
2022-08-01,MRK,skip,0.0,0,0,-4.4549,0.0,0.0,False
2022-08-01,MS,sell_put,2.7012,1,1,2.0499,2.7012,0.027012,False
2022-08-01,MSFT,sell_put,2.7432,1,1,-6.864,-4.1208,-0.041208,False
2022-08-01,MU,sell_put,6.7375,1,1,-8.4373,-1.6998,-0.016998,False
2022-08-01,NEE,sell_put,2.0238,1,1,0.6747,2.0238,0.020238,False
2022-08-01,NFLX,sell_put,5.4349,1,1,-0.5958,4.8391,0.048391,False
2022-08-01,NKE,sell_put,3.5526,1,1,-7.3704,-3.8177,-0.038177,False
2022-08-01,NOW,skip,0.0,0,0,-2.6956,0.0,0.0,False
2022-08-01,NVDA,sell_put,6.7375,1,1,-16.897,-10.1595,-0.101595,False
2022-08-01,ORCL,sell_put,2.2738,1,1,-4.3145,-2.0406,-0.020406,False
2022-08-01,PEP,sell_put,2.2426,1,1,-1.5375,0.7051,0.007051,False
2022-08-01,PFE,skip,0.0,0,0,-9.7585,0.0,0.0,False
2022-08-01,PG,skip,0.0,0,0,-0.0537,0.0,0.0,False
2022-08-01,PLD,sell_put,2.7609,1,1,-6.0727,-3.3118,-0.033118,False
2022-08-01,PM,skip,0.0,0,0,-1.7087,0.0,0.0,False
2022-08-01,PYPL,sell_put,3.0055,1,1,7.9857,3.0055,0.030055,False
2022-08-01,QCOM,sell_put,4.216,1,1,-8.817,-4.6011,-0.046011,False
2022-08-01,REGN,skip,0.0,0,0,-0.1083,0.0,0.0,False
2022-08-01,RTX,skip,0.0,0,0,-3.712,0.0,0.0,False
2022-08-01,SBUX,sell_put,2.0238,1,1,-0.8375,1.1864,0.011864,False
2022-08-01,SCHW,sell_put,2.7012,1,1,2.7516,2.7012,0.027012,False
2022-08-01,SHW,sell_put,2.7609,1,1,-4.0671,-1.3063,-0.013063,False
2022-08-01,SO,sell_put,2.0238,1,1,0.2341,2.0238,0.020238,False
2022-08-01,SPGI,sell_put,2.7012,1,1,-6.5662,-3.865,-0.03865,False
2022-08-01,SYK,sell_put,2.378,1,1,-4.447,-2.069,-0.02069,False
2022-08-01,T,skip,0.0,0,0,-5.3588,0.0,0.0,False
2022-08-01,TGT,sell_put,3.7238,1,1,-1.8607,1.8631,0.018631,False
2022-08-01,TJX,sell_put,3.7238,1,1,1.9457,3.7238,0.037238,False
2022-08-01,TMO,sell_put,2.8496,1,1,-8.8718,-6.0223,-0.060223,False
2022-08-01,TMUS,sell_put,3.5263,1,1,0.6291,3.5263,0.035263,False
2022-08-01,TSLA,sell_put,6.2313,1,1,-7.2489,-1.0175,-0.010175,False
2022-08-01,TXN,sell_put,4.098,1,1,-7.0389,-2.9408,-0.029408,False
2022-08-01,UNH,sell_put,3.1297,1,1,-4.2428,-1.113,-0.01113,False
2022-08-01,UNP,sell_put,4.1889,1,1,-1.2275,2.9614,0.029614,False
2022-08-01,UPS,sell_put,2.7609,1,1,-0.195,2.5659,0.025659,False
2022-08-01,V,sell_put,3.6959,1,1,-6.3175,-2.6216,-0.026216,False
2022-08-01,VRTX,skip,0.0,0,0,0.4814,0.0,0.0,False
2022-08-01,VZ,skip,0.0,0,0,-8.3438,0.0,0.0,False
2022-08-01,WFC,sell_put,2.8507,1,1,-0.3647,2.486,0.02486,False
2022-08-01,ZTS,sell_put,3.5246,1,1,-14.0963,-10.5717,-0.105717,False
2022-09-01,AAPL,skip,0.0,0,0,-11.9756,0.0,0.0,True
2022-09-01,ABBV,skip,0.0,0,0,-0.1859,0.0,0.0,True
2022-09-01,ABT,skip,0.0,0,0,-5.7379,0.0,0.0,True
2022-09-01,ACN,skip,0.0,0,0,-10.8022,0.0,0.0,True
2022-09-01,ADBE,skip,0.0,0,0,-26.3068,0.0,0.0,True
2022-09-01,ADI,skip,0.0,0,0,-7.602,0.0,0.0,True
2022-09-01,ADP,sell_put,2.64,4,4,-7.4547,-4.8146,-0.192584,True
2022-09-01,AMAT,skip,0.0,0,0,-12.6825,0.0,0.0,True
2022-09-01,AMD,skip,0.0,0,0,-25.3446,0.0,0.0,True
2022-09-01,AMT,skip,0.0,0,0,-15.4891,0.0,0.0,True
2022-09-01,AMZN,skip,0.0,0,0,-10.8622,0.0,0.0,True
2022-09-01,AVGO,skip,0.0,0,0,-11.0396,0.0,0.0,True
2022-09-01,AXP,skip,0.0,0,0,-11.2434,0.0,0.0,True
2022-09-01,BA,sell_put,3.0,4,4,-24.4431,-21.4431,-0.857724,True
2022-09-01,BAC,skip,0.0,0,0,-10.1458,0.0,0.0,True
2022-09-01,BDX,sell_put,2.1475,4,4,-11.7225,-9.5751,-0.383004,True
2022-09-01,BKNG,skip,0.0,0,0,-12.4,0.0,0.0,True
2022-09-01,BLK,skip,0.0,0,0,-17.4237,0.0,0.0,True
2022-09-01,BMY,skip,0.0,0,0,5.4591,0.0,0.0,True
2022-09-01,BRK-B,skip,0.0,0,0,-4.9074,0.0,0.0,True
2022-09-01,C,skip,0.0,0,0,-14.6281,0.0,0.0,True
2022-09-01,CAT,skip,0.0,0,0,-11.1689,0.0,0.0,True
2022-09-01,COST,skip,0.0,0,0,-9.5441,0.0,0.0,True
2022-09-01,CRM,skip,0.0,0,0,-7.8657,0.0,0.0,True
2022-09-01,CSCO,skip,0.0,0,0,-10.5545,0.0,0.0,True
2022-09-01,CVS,sell_put,2.1553,4,4,-2.8324,-0.677,-0.02708,True
2022-09-01,CVX,skip,0.0,0,0,-8.2783,0.0,0.0,True
2022-09-01,DE,sell_put,4.6269,4,4,-8.5859,-3.959,-0.15836,True
2022-09-01,DHR,skip,0.0,0,0,-4.3051,0.0,0.0,True
2022-09-01,DIS,sell_put,3.6074,4,4,-15.8369,-12.2295,-0.48918,True
2022-09-01,DUK,skip,0.0,0,0,-12.1904,0.0,0.0,True
2022-09-01,EL,skip,0.0,0,0,-14.9305,0.0,0.0,True
2022-09-01,ELV,sell_put,2.1553,4,4,-6.3635,-4.2082,-0.168328,True
2022-09-01,EQIX,skip,0.0,0,0,-13.0904,0.0,0.0,True
2022-09-01,F,sell_put,4.6269,4,4,-25.7762,-21.1493,-0.845972,True
2022-09-01,GILD,sell_put,2.2567,4,4,-2.8045,-0.5478,-0.021912,True
2022-09-01,GM,sell_put,4.6269,4,4,-15.825,-11.1981,-0.447924,True
2022-09-01,GOOGL,skip,0.0,0,0,-11.6152,0.0,0.0,True
2022-09-01,GS,skip,0.0,0,0,-11.2446,0.0,0.0,True
2022-09-01,HD,skip,0.0,0,0,-3.7028,0.0,0.0,True
2022-09-01,HON,skip,0.0,0,0,-11.379,0.0,0.0,True
2022-09-01,HUM,skip,0.0,0,0,0.7078,0.0,0.0,True
2022-09-01,INTC,skip,0.0,0,0,-18.4519,0.0,0.0,True
2022-09-01,INTU,skip,0.0,0,0,-10.2969,0.0,0.0,True
2022-09-01,ISRG,skip,0.0,0,0,-8.8947,0.0,0.0,True
2022-09-01,ITW,skip,0.0,0,0,-7.2781,0.0,0.0,True
2022-09-01,JNJ,skip,0.0,0,0,1.9323,0.0,0.0,True
2022-09-01,JPM,skip,0.0,0,0,-8.1157,0.0,0.0,True
2022-09-01,KLAC,skip,0.0,0,0,-11.7516,0.0,0.0,True
2022-09-01,KO,skip,0.0,0,0,-9.2206,0.0,0.0,True
2022-09-01,LLY,skip,0.0,0,0,7.6937,0.0,0.0,True
2022-09-01,LMT,sell_put,4.6269,4,4,-7.4406,-2.8137,-0.112548,True
2022-09-01,LOW,sell_put,2.9811,4,4,-3.2605,-0.2795,-0.01118,True
2022-09-01,LRCX,skip,0.0,0,0,-16.4212,0.0,0.0,True
2022-09-01,MA,skip,0.0,0,0,-12.3408,0.0,0.0,True
2022-09-01,MDLZ,skip,0.0,0,0,-11.3644,0.0,0.0,True
2022-09-01,MDT,skip,0.0,0,0,-8.1551,0.0,0.0,True
2022-09-01,META,sell_put,5.1326,4,4,-16.725,-11.5924,-0.463696,True
2022-09-01,MMM,skip,0.0,0,0,-10.226,0.0,0.0,True
2022-09-01,MRK,skip,0.0,0,0,0.8904,0.0,0.0,True
2022-09-01,MS,sell_put,2.2704,4,4,-7.287,-5.0166,-0.200664,True
2022-09-01,MSFT,skip,0.0,0,0,-10.7376,0.0,0.0,True
2022-09-01,MU,skip,0.0,0,0,-11.3745,0.0,0.0,True
2022-09-01,NEE,sell_put,2.5062,4,4,-7.371,-4.8647,-0.194588,True
2022-09-01,NFLX,skip,0.0,0,0,5.314,0.0,0.0,True
2022-09-01,NKE,skip,0.0,0,0,-21.9164,0.0,0.0,True
2022-09-01,NOW,skip,0.0,0,0,-13.1172,0.0,0.0,True
2022-09-01,NVDA,skip,0.0,0,0,-19.5773,0.0,0.0,True
2022-09-01,ORCL,skip,0.0,0,0,-17.6399,0.0,0.0,True
2022-09-01,PEP,skip,0.0,0,0,-5.2302,0.0,0.0,True
2022-09-01,PFE,skip,0.0,0,0,-3.2501,0.0,0.0,True
2022-09-01,PG,skip,0.0,0,0,-8.4747,0.0,0.0,True
2022-09-01,PLD,skip,0.0,0,0,-18.4001,0.0,0.0,True
2022-09-01,PM,skip,0.0,0,0,-13.0694,0.0,0.0,True
2022-09-01,PYPL,sell_put,2.7423,4,4,-7.8874,-5.1451,-0.205804,True
2022-09-01,QCOM,skip,0.0,0,0,-14.1045,0.0,0.0,True
2022-09-01,REGN,skip,0.0,0,0,18.554,0.0,0.0,True
2022-09-01,RTX,skip,0.0,0,0,-8.2599,0.0,0.0,True
2022-09-01,SBUX,skip,0.0,0,0,0.7971,0.0,0.0,True
2022-09-01,SCHW,sell_put,2.2704,4,4,1.6163,2.2704,0.090816,True
2022-09-01,SHW,skip,0.0,0,0,-11.5727,0.0,0.0,True
2022-09-01,SO,sell_put,2.5062,4,4,-10.9916,-8.4853,-0.339412,True
2022-09-01,SPGI,skip,0.0,0,0,-13.1006,0.0,0.0,True
2022-09-01,SYK,skip,0.0,0,0,-1.2963,0.0,0.0,True
2022-09-01,T,skip,0.0,0,0,-12.5427,0.0,0.0,True
2022-09-01,TGT,skip,0.0,0,0,-6.8728,0.0,0.0,True
2022-09-01,TJX,sell_put,2.4748,4,4,0.1021,2.4748,0.098992,True
2022-09-01,TMO,skip,0.0,0,0,-6.9922,0.0,0.0,True
2022-09-01,TMUS,sell_put,4.0844,4,4,-6.8005,-2.7161,-0.108644,True
2022-09-01,TSLA,skip,0.0,0,0,-3.7589,0.0,0.0,True
2022-09-01,TXN,skip,0.0,0,0,-6.3132,0.0,0.0,True
2022-09-01,UNH,skip,0.0,0,0,-2.7516,0.0,0.0,True
2022-09-01,UNP,skip,0.0,0,0,-12.7362,0.0,0.0,True
2022-09-01,UPS,skip,0.0,0,0,-16.3282,0.0,0.0,True
2022-09-01,V,skip,0.0,0,0,-10.44,0.0,0.0,True
2022-09-01,VRTX,sell_put,2.2567,4,4,2.7612,2.2567,0.090268,True
2022-09-01,VZ,skip,0.0,0,0,-9.1844,0.0,0.0,True
2022-09-01,WFC,skip,0.0,0,0,-7.3512,0.0,0.0,True
2022-09-01,ZTS,skip,0.0,0,0,-5.2642,0.0,0.0,True
2022-10-01,AAPL,skip,0.0,0,0,10.9551,0.0,0.0,True
2022-10-01,ABBV,skip,0.0,0,0,9.0828,0.0,0.0,True
2022-10-01,ABT,skip,0.0,0,0,2.253,0.0,0.0,True
2022-10-01,ACN,skip,0.0,0,0,10.3381,0.0,0.0,True
2022-10-01,ADBE,skip,0.0,0,0,15.734,0.0,0.0,True
2022-10-01,ADI,skip,0.0,0,0,2.3539,0.0,0.0,True
2022-10-01,ADP,skip,0.0,0,0,7.3188,0.0,0.0,True
2022-10-01,AMAT,skip,0.0,0,0,7.7627,0.0,0.0,True
2022-10-01,AMD,skip,0.0,0,0,-5.2083,0.0,0.0,True
2022-10-01,AMT,skip,0.0,0,0,-3.4979,0.0,0.0,True
2022-10-01,AMZN,skip,0.0,0,0,-9.3451,0.0,0.0,True
2022-10-01,AVGO,skip,0.0,0,0,6.7683,0.0,0.0,True
2022-10-01,AXP,skip,0.0,0,0,10.0363,0.0,0.0,True
2022-10-01,BA,skip,0.0,0,0,17.699,0.0,0.0,True
2022-10-01,BAC,skip,0.0,0,0,20.124,0.0,0.0,True
2022-10-01,BDX,skip,0.0,0,0,6.2538,0.0,0.0,True
2022-10-01,BKNG,skip,0.0,0,0,13.77,0.0,0.0,True
2022-10-01,BLK,skip,0.0,0,0,18.2554,0.0,0.0,True
2022-10-01,BMY,sell_put,2.877,38,38,8.9746,2.877,1.09326,True
2022-10-01,BRK-B,skip,0.0,0,0,10.5123,0.0,0.0,True
2022-10-01,C,skip,0.0,0,0,10.0552,0.0,0.0,True
2022-10-01,CAT,skip,0.0,0,0,31.9235,0.0,0.0,True
2022-10-01,COST,skip,0.0,0,0,6.1893,0.0,0.0,True
2022-10-01,CRM,skip,0.0,0,0,13.0353,0.0,0.0,True
2022-10-01,CSCO,skip,0.0,0,0,13.575,0.0,0.0,True
2022-10-01,CVS,skip,0.0,0,0,-0.7025,0.0,0.0,True
2022-10-01,CVX,skip,0.0,0,0,25.9136,0.0,0.0,True
2022-10-01,DE,skip,0.0,0,0,18.9365,0.0,0.0,True
2022-10-01,DHR,skip,0.0,0,0,-2.4714,0.0,0.0,True
2022-10-01,DIS,skip,0.0,0,0,12.9439,0.0,0.0,True
2022-10-01,DUK,skip,0.0,0,0,0.172,0.0,0.0,True
2022-10-01,EL,skip,0.0,0,0,-7.1376,0.0,0.0,True
2022-10-01,ELV,skip,0.0,0,0,20.6888,0.0,0.0,True
2022-10-01,EQIX,skip,0.0,0,0,-0.4219,0.0,0.0,True
2022-10-01,F,skip,0.0,0,0,19.375,0.0,0.0,True
2022-10-01,GILD,skip,0.0,0,0,28.6267,0.0,0.0,True
2022-10-01,GM,skip,0.0,0,0,22.3122,0.0,0.0,True
2022-10-01,GOOGL,skip,0.0,0,0,-1.1919,0.0,0.0,True
2022-10-01,GS,skip,0.0,0,0,17.5601,0.0,0.0,True
2022-10-01,HD,skip,0.0,0,0,7.3168,0.0,0.0,True
2022-10-01,HON,skip,0.0,0,0,22.1896,0.0,0.0,True
2022-10-01,HUM,sell_put,2.3345,38,38,15.2068,2.3345,0.88711,True
2022-10-01,INTC,skip,0.0,0,0,10.3221,0.0,0.0,True
2022-10-01,INTU,skip,0.0,0,0,10.3738,0.0,0.0,True
2022-10-01,ISRG,skip,0.0,0,0,31.4927,0.0,0.0,True
2022-10-01,ITW,skip,0.0,0,0,19.0283,0.0,0.0,True
2022-10-01,JNJ,sell_put,2.6384,38,38,6.4948,2.6384,1.002592,True
2022-10-01,JPM,skip,0.0,0,0,20.4593,0.0,0.0,True
2022-10-01,KLAC,skip,0.0,0,0,4.5666,0.0,0.0,True
2022-10-01,KO,skip,0.0,0,0,7.6158,0.0,0.0,True
2022-10-01,LLY,sell_put,3.5792,38,38,11.9808,3.5792,1.360096,True
2022-10-01,LMT,skip,0.0,0,0,25.9882,0.0,0.0,True
2022-10-01,LOW,skip,0.0,0,0,3.8017,0.0,0.0,True
2022-10-01,LRCX,skip,0.0,0,0,11.0238,0.0,0.0,True
2022-10-01,MA,skip,0.0,0,0,15.4182,0.0,0.0,True
2022-10-01,MDLZ,skip,0.0,0,0,12.8758,0.0,0.0,True
2022-10-01,MDT,skip,0.0,0,0,9.0258,0.0,0.0,True
2022-10-01,META,skip,0.0,0,0,-31.3384,0.0,0.0,True
2022-10-01,MMM,skip,0.0,0,0,13.8371,0.0,0.0,True
2022-10-01,MRK,sell_put,2.5506,38,38,18.4578,2.5506,0.969228,True
2022-10-01,MS,skip,0.0,0,0,3.9995,0.0,0.0,True
2022-10-01,MSFT,skip,0.0,0,0,-0.3306,0.0,0.0,True
2022-10-01,MU,skip,0.0,0,0,7.984,0.0,0.0,True
2022-10-01,NEE,skip,0.0,0,0,-1.1606,0.0,0.0,True
2022-10-01,NFLX,sell_put,4.9952,38,38,23.9721,4.9952,1.898176,True
2022-10-01,NKE,skip,0.0,0,0,11.8217,0.0,0.0,True
2022-10-01,NOW,skip,0.0,0,0,11.4218,0.0,0.0,True
2022-10-01,NVDA,skip,0.0,0,0,11.2201,0.0,0.0,True
2022-10-01,ORCL,skip,0.0,0,0,27.8369,0.0,0.0,True
2022-10-01,PEP,skip,0.0,0,0,11.9688,0.0,0.0,True
2022-10-01,PFE,skip,0.0,0,0,6.3757,0.0,0.0,True
2022-10-01,PG,skip,0.0,0,0,6.6693,0.0,0.0,True
2022-10-01,PLD,skip,0.0,0,0,9.6988,0.0,0.0,True
2022-10-01,PM,skip,0.0,0,0,12.23,0.0,0.0,True
2022-10-01,PYPL,skip,0.0,0,0,-2.893,0.0,0.0,True
2022-10-01,QCOM,skip,0.0,0,0,4.1423,0.0,0.0,True
2022-10-01,REGN,sell_put,2.877,38,38,8.6925,2.877,1.09326,True
2022-10-01,RTX,skip,0.0,0,0,15.8319,0.0,0.0,True
2022-10-01,SBUX,sell_put,2.3098,38,38,2.7652,2.3098,0.877724,True
2022-10-01,SCHW,sell_put,2.7026,38,38,10.8529,2.7026,1.026988,True
2022-10-01,SHW,skip,0.0,0,0,9.9048,0.0,0.0,True
2022-10-01,SO,skip,0.0,0,0,-3.7059,0.0,0.0,True
2022-10-01,SPGI,skip,0.0,0,0,5.2071,0.0,0.0,True
2022-10-01,SYK,skip,0.0,0,0,13.5661,0.0,0.0,True
2022-10-01,T,skip,0.0,0,0,18.8396,0.0,0.0,True
2022-10-01,TGT,skip,0.0,0,0,10.6881,0.0,0.0,True
2022-10-01,TJX,sell_put,3.0124,38,38,16.0657,3.0124,1.144712,True
2022-10-01,TMO,skip,0.0,0,0,1.3911,0.0,0.0,True
2022-10-01,TMUS,skip,0.0,0,0,12.9611,0.0,0.0,True
2022-10-01,TSLA,skip,0.0,0,0,-14.2168,0.0,0.0,True
2022-10-01,TXN,skip,0.0,0,0,3.7796,0.0,0.0,True
2022-10-01,UNH,skip,0.0,0,0,10.2669,0.0,0.0,True
2022-10-01,UNP,skip,0.0,0,0,1.1908,0.0,0.0,True
2022-10-01,UPS,skip,0.0,0,0,3.8566,0.0,0.0,True
2022-10-01,V,skip,0.0,0,0,16.6113,0.0,0.0,True
2022-10-01,VRTX,sell_put,2.877,38,38,7.7571,2.877,1.09326,True
2022-10-01,VZ,skip,0.0,0,0,-1.5802,0.0,0.0,True
2022-10-01,WFC,skip,0.0,0,0,14.3461,0.0,0.0,True
2022-10-01,ZTS,skip,0.0,0,0,1.6791,0.0,0.0,True
2022-11-01,AAPL,sell_put,3.5046,1,1,-3.4629,0.0417,0.000417,False
2022-11-01,ABBV,sell_put,2.0655,1,1,11.2159,2.0655,0.020655,False
2022-11-01,ABT,sell_put,1.4757,1,1,9.2456,1.4757,0.014757,False
2022-11-01,ACN,sell_put,3.0847,1,1,6.47,3.0847,0.030847,False
2022-11-01,ADBE,sell_put,4.8096,1,1,8.2983,4.8096,0.048096,False
2022-11-01,ADI,sell_put,3.7288,1,1,20.5371,3.7288,0.037288,False
2022-11-01,ADP,sell_put,2.246,1,1,9.2842,2.246,0.02246,False
2022-11-01,AMAT,sell_put,3.7288,1,1,24.1364,3.7288,0.037288,False
2022-11-01,AMD,skip,0.0,0,0,29.2541,0.0,0.0,False
2022-11-01,AMT,skip,0.0,0,0,7.5647,0.0,0.0,False
2022-11-01,AMZN,skip,0.0,0,0,-5.7595,0.0,0.0,False
2022-11-01,AVGO,sell_put,3.7288,1,1,17.2105,3.7288,0.037288,False
2022-11-01,AXP,sell_put,2.8207,1,1,6.5622,2.8207,0.028207,False
2022-11-01,BA,sell_put,3.0,1,1,25.521,3.0,0.03,False
2022-11-01,BAC,sell_put,3.3695,1,1,5.0222,3.3695,0.033695,False
2022-11-01,BDX,sell_put,1.4757,1,1,5.666,1.4757,0.014757,False
2022-11-01,BKNG,sell_put,3.0,1,1,11.2315,3.0,0.03,False
2022-11-01,BLK,sell_put,2.5724,1,1,10.8514,2.5724,0.025724,False
2022-11-01,BMY,sell_put,2.0655,1,1,4.4164,2.0655,0.020655,False
2022-11-01,BRK-B,sell_put,2.4715,1,1,7.9671,2.4715,0.024715,False
2022-11-01,C,sell_put,3.0,1,1,5.5604,3.0,0.03,False
2022-11-01,CAT,sell_put,3.5407,1,1,9.9473,3.5407,0.035407,False
2022-11-01,COST,sell_put,3.1734,1,1,7.7215,3.1734,0.031734,False
2022-11-01,CRM,sell_put,5.6217,1,1,-1.4392,4.1825,0.041825,False
2022-11-01,CSCO,sell_put,2.246,1,1,10.4597,2.246,0.02246,False
2022-11-01,CVS,skip,0.0,0,0,8.2313,0.0,0.0,False
2022-11-01,CVX,sell_put,2.9973,1,1,1.3322,2.9973,0.029973,False
2022-11-01,DE,sell_put,3.5407,1,1,11.4143,3.5407,0.035407,False
2022-11-01,DHR,skip,0.0,0,0,8.6383,0.0,0.0,False
2022-11-01,DIS,sell_put,3.8374,1,1,-8.1378,-4.3004,-0.043004,False
2022-11-01,DUK,sell_put,2.3598,1,1,7.244,2.3598,0.023598,False
2022-11-01,EL,skip,0.0,0,0,17.6068,0.0,0.0,False
2022-11-01,ELV,sell_put,2.0777,1,1,-2.5331,-0.4553,-0.004553,False
2022-11-01,EQIX,skip,0.0,0,0,21.9282,0.0,0.0,False
2022-11-01,F,sell_put,3.5407,1,1,3.9641,3.5407,0.035407,False
2022-11-01,GILD,sell_put,2.0655,1,1,11.9424,2.0655,0.020655,False
2022-11-01,GM,sell_put,3.5407,1,1,3.3376,3.5407,0.035407,False
2022-11-01,GOOGL,skip,0.0,0,0,6.8564,0.0,0.0,False
2022-11-01,GS,sell_put,2.5724,1,1,12.0867,2.5724,0.025724,False
2022-11-01,HD,sell_put,3.6743,1,1,9.408,3.6743,0.036743,False
2022-11-01,HON,sell_put,2.246,1,1,7.612,2.246,0.02246,False
2022-11-01,HUM,sell_put,2.0777,1,1,-1.4657,0.612,0.00612,False
2022-11-01,INTC,sell_put,3.7288,1,1,5.7686,3.7288,0.037288,False
2022-11-01,INTU,sell_put,4.9009,1,1,-4.4771,0.4238,0.004238,False
2022-11-01,ISRG,sell_put,1.4757,1,1,9.705,1.4757,0.014757,False
2022-11-01,ITW,sell_put,2.246,1,1,6.5284,2.246,0.02246,False
2022-11-01,JNJ,sell_put,1.1267,1,1,2.3165,1.1267,0.011267,False
2022-11-01,JPM,sell_put,2.5724,1,1,10.7533,2.5724,0.025724,False
2022-11-01,KLAC,sell_put,3.7288,1,1,24.2376,3.7288,0.037288,False
2022-11-01,KO,sell_put,2.3598,1,1,6.2824,2.3598,0.023598,False
2022-11-01,LLY,sell_put,4.6859,1,1,2.4828,4.6859,0.046859,False
2022-11-01,LMT,sell_put,3.5407,1,1,-0.3062,3.2345,0.032345,False
2022-11-01,LOW,sell_put,3.6743,1,1,9.621,3.6743,0.036743,False
2022-11-01,LRCX,sell_put,3.7288,1,1,16.7004,3.7288,0.037288,False
2022-11-01,MA,sell_put,2.8207,1,1,8.7741,2.8207,0.028207,False
2022-11-01,MDLZ,sell_put,2.3903,1,1,9.9707,2.3903,0.023903,False
2022-11-01,MDT,sell_put,1.4757,1,1,-9.5031,-8.0274,-0.080274,False
2022-11-01,META,skip,0.0,0,0,26.7711,0.0,0.0,False
2022-11-01,MMM,sell_put,2.246,1,1,0.1431,2.246,0.02246,False
2022-11-01,MRK,sell_put,2.4896,1,1,8.8142,2.4896,0.024896,False
2022-11-01,MS,sell_put,2.5724,1,1,14.3636,2.5724,0.025724,False
2022-11-01,MSFT,skip,0.0,0,0,9.9126,0.0,0.0,False
2022-11-01,MU,sell_put,5.459,1,1,6.7867,5.459,0.05459,False
2022-11-01,NEE,skip,0.0,0,0,9.2903,0.0,0.0,False
2022-11-01,NFLX,sell_put,4.859,1,1,4.6766,4.859,0.04859,False
2022-11-01,NKE,sell_put,5.6593,1,1,18.3535,5.6593,0.056593,False
2022-11-01,NOW,sell_put,5.2935,1,1,-1.0553,4.2382,0.042382,False
2022-11-01,NVDA,sell_put,5.459,1,1,25.3834,5.459,0.05459,False
2022-11-01,ORCL,sell_put,3.3174,1,1,6.9,3.3174,0.033174,False
2022-11-01,PEP,sell_put,2.3903,1,1,2.1643,2.3903,0.023903,False
2022-11-01,PFE,sell_put,2.0655,1,1,7.6907,2.0655,0.020655,False
2022-11-01,PG,sell_put,2.0112,1,1,11.5457,2.0112,0.020112,False
2022-11-01,PLD,sell_put,2.246,1,1,6.3567,2.246,0.02246,False
2022-11-01,PM,sell_put,2.3903,1,1,8.5139,2.3903,0.023903,False
2022-11-01,PYPL,skip,0.0,0,0,-6.1857,0.0,0.0,False
2022-11-01,QCOM,sell_put,4.8877,1,1,7.5047,4.8877,0.048877,False
2022-11-01,REGN,sell_put,2.0655,1,1,0.394,2.0655,0.020655,False
2022-11-01,RTX,sell_put,3.5407,1,1,4.113,3.5407,0.035407,False
2022-11-01,SBUX,sell_put,2.3598,1,1,18.0275,2.3598,0.023598,False
2022-11-01,SCHW,sell_put,2.5724,1,1,3.6024,2.5724,0.025724,False
2022-11-01,SHW,sell_put,2.246,1,1,10.7319,2.246,0.02246,False
2022-11-01,SO,skip,0.0,0,0,3.2987,0.0,0.0,False
2022-11-01,SPGI,sell_put,2.5724,1,1,9.821,2.5724,0.025724,False
2022-11-01,SYK,sell_put,1.4757,1,1,2.0284,1.4757,0.014757,False
2022-11-01,T,sell_put,2.6704,1,1,7.6382,2.6704,0.026704,False
2022-11-01,TGT,sell_put,1.8996,1,1,1.7169,1.8996,0.018996,False
2022-11-01,TJX,sell_put,1.8996,1,1,11.0264,1.8996,0.018996,False
2022-11-01,TMO,sell_put,2.5399,1,1,8.9986,2.5399,0.025399,False
2022-11-01,TMUS,sell_put,2.6704,1,1,-0.066,2.6044,0.026044,False
2022-11-01,TSLA,skip,0.0,0,0,-14.4326,0.0,0.0,False
2022-11-01,TXN,sell_put,3.7288,1,1,13.2409,3.7288,0.037288,False
2022-11-01,UNH,sell_put,2.0777,1,1,-1.3312,0.7466,0.007466,False
2022-11-01,UNP,sell_put,3.5407,1,1,10.2922,3.5407,0.035407,False
2022-11-01,UPS,sell_put,2.246,1,1,13.0893,2.246,0.02246,False
2022-11-01,V,sell_put,2.7095,1,1,4.75,2.7095,0.027095,False
2022-11-01,VRTX,sell_put,2.0655,1,1,1.4103,2.0655,0.020655,False
2022-11-01,VZ,skip,0.0,0,0,6.0662,0.0,0.0,False
2022-11-01,WFC,sell_put,2.9195,1,1,4.2618,2.9195,0.029195,False
2022-11-01,ZTS,sell_put,2.0655,1,1,2.4456,2.0655,0.020655,False
2022-12-01,AAPL,skip,0.0,0,0,-12.0816,0.0,0.0,False
2022-12-01,ABBV,sell_put,2.5226,1,1,0.2668,2.5226,0.025226,False
2022-12-01,ABT,sell_put,2.6337,1,1,2.0543,2.6337,0.026337,False
2022-12-01,ACN,sell_put,3.1697,1,1,-11.3282,-8.1585,-0.081585,False
2022-12-01,ADBE,sell_put,3.7867,1,1,-2.4353,1.3514,0.013514,False
2022-12-01,ADI,sell_put,2.9418,1,1,-4.5838,-1.642,-0.01642,False
2022-12-01,ADP,sell_put,2.723,1,1,-9.5707,-6.8477,-0.068477,False
2022-12-01,AMAT,sell_put,2.9418,1,1,-10.9333,-7.9915,-0.079915,False
2022-12-01,AMD,sell_put,6.1555,1,1,-16.5658,-10.4103,-0.104103,False
2022-12-01,AMT,sell_put,2.723,1,1,-4.2441,-1.5211,-0.015211,False
2022-12-01,AMZN,skip,0.0,0,0,-12.9894,0.0,0.0,False
2022-12-01,AVGO,sell_put,2.9418,1,1,1.47,2.9418,0.029418,False
2022-12-01,AXP,sell_put,2.7241,1,1,-6.244,-3.5199,-0.035199,False
2022-12-01,BA,sell_put,3.0,1,1,6.4904,3.0,0.03,False
2022-12-01,BAC,sell_put,3.3578,1,1,-12.4967,-9.1389,-0.091389,False
2022-12-01,BDX,sell_put,2.6337,1,1,1.9893,2.6337,0.026337,False
2022-12-01,BKNG,sell_put,3.0,1,1,-3.0859,-0.0859,-0.000859,False
2022-12-01,BLK,sell_put,3.2515,1,1,-1.0293,2.2222,0.022222,False
2022-12-01,BMY,sell_put,2.5226,1,1,-10.3762,-7.8536,-0.078536,False
2022-12-01,BRK-B,sell_put,2.1651,1,1,-3.0446,-0.8795,-0.008795,False
2022-12-01,C,sell_put,3.0,1,1,-5.4877,-2.4877,-0.024877,False
2022-12-01,CAT,sell_put,3.1232,1,1,1.3324,3.1232,0.031232,False
2022-12-01,COST,sell_put,2.868,1,1,-15.3454,-12.4774,-0.124774,False
2022-12-01,CRM,skip,0.0,0,0,-17.2605,0.0,0.0,False
2022-12-01,CSCO,sell_put,2.723,1,1,-4.1834,-1.4604,-0.014604,False
2022-12-01,CVS,sell_put,2.6716,1,1,-8.5296,-5.8581,-0.058581,False
2022-12-01,CVX,sell_put,2.9975,1,1,-1.3265,1.6711,0.016711,False
2022-12-01,DE,sell_put,3.1232,1,1,-2.7755,0.3477,0.003477,False
2022-12-01,DHR,sell_put,2.6337,1,1,-2.9224,-0.2887,-0.002887,False
2022-12-01,DIS,skip,0.0,0,0,-11.2292,0.0,0.0,False
2022-12-01,DUK,sell_put,1.789,1,1,4.1307,1.789,0.01789,False
2022-12-01,EL,sell_put,3.0,1,1,5.5456,3.0,0.03,False
2022-12-01,ELV,skip,0.0,0,0,-3.7435,0.0,0.0,False
2022-12-01,EQIX,sell_put,2.723,1,1,-4.6951,-1.9721,-0.019721,False
2022-12-01,F,sell_put,3.1232,1,1,-15.4563,-12.3331,-0.123331,False
2022-12-01,GILD,sell_put,2.5226,1,1,-2.2543,0.2682,0.002682,False
2022-12-01,GM,sell_put,3.1232,1,1,-17.0611,-13.938,-0.13938,False
2022-12-01,GOOGL,sell_put,3.5158,1,1,-12.6349,-9.1191,-0.091191,False
2022-12-01,GS,sell_put,3.2515,1,1,-10.4928,-7.2413,-0.072413,False
2022-12-01,HD,sell_put,2.8721,1,1,-1.9196,0.9526,0.009526,False
2022-12-01,HON,sell_put,2.723,1,1,-1.9132,0.8098,0.008098,False
2022-12-01,HUM,skip,0.0,0,0,-6.8576,0.0,0.0,False
2022-12-01,INTC,sell_put,2.9418,1,1,-10.918,-7.9762,-0.079762,False
2022-12-01,INTU,skip,0.0,0,0,-4.507,0.0,0.0,False
2022-12-01,ISRG,sell_put,2.6337,1,1,-1.864,0.7697,0.007697,False
2022-12-01,ITW,sell_put,2.723,1,1,-3.1521,-0.4291,-0.004291,False
2022-12-01,JNJ,sell_put,1.6169,1,1,-0.1179,1.4991,0.014991,False
2022-12-01,JPM,sell_put,3.2515,1,1,-2.9527,0.2988,0.002988,False
2022-12-01,KLAC,sell_put,2.9418,1,1,-3.7712,-0.8294,-0.008294,False
2022-12-01,KO,sell_put,1.789,1,1,0.7092,1.789,0.01789,False
2022-12-01,LLY,sell_put,2.8489,1,1,-1.1371,1.7118,0.017118,False
2022-12-01,LMT,skip,0.0,0,0,0.8932,0.0,0.0,False
2022-12-01,LOW,sell_put,2.8721,1,1,-6.2621,-3.3899,-0.033899,False
2022-12-01,LRCX,sell_put,2.9418,1,1,-11.025,-8.0832,-0.080832,False
2022-12-01,MA,sell_put,2.7241,1,1,-2.4326,0.2915,0.002915,False
2022-12-01,MDLZ,sell_put,1.789,1,1,-1.4199,0.3691,0.003691,False
2022-12-01,MDT,skip,0.0,0,0,-1.67,0.0,0.0,False
2022-12-01,META,sell_put,4.9233,1,1,1.8967,4.9233,0.049233,False
2022-12-01,MMM,sell_put,2.723,1,1,-3.6881,-0.965,-0.00965,False
2022-12-01,MRK,sell_put,2.1241,1,1,0.7537,2.1241,0.021241,False
2022-12-01,MS,sell_put,3.2515,1,1,-8.6494,-5.3979,-0.053979,False
2022-12-01,MSFT,sell_put,3.0504,1,1,-5.7397,-2.6892,-0.026892,False
2022-12-01,MU,sell_put,6.1555,1,1,-13.3044,-7.149,-0.07149,False
2022-12-01,NEE,sell_put,1.789,1,1,-0.7974,0.9915,0.009915,False
2022-12-01,NFLX,sell_put,7.0615,1,1,-3.4857,3.5757,0.035757,False
2022-12-01,NKE,sell_put,3.141,1,1,6.6733,3.141,0.03141,False
2022-12-01,NOW,skip,0.0,0,0,-6.7331,0.0,0.0,False
2022-12-01,NVDA,sell_put,6.1555,1,1,-13.6221,-7.4666,-0.074666,False
2022-12-01,ORCL,sell_put,3.0024,1,1,-1.5537,1.4487,0.014487,False
2022-12-01,PEP,sell_put,1.789,1,1,-2.6144,-0.8254,-0.008254,False
2022-12-01,PFE,sell_put,2.5226,1,1,3.0903,2.5226,0.025226,False
2022-12-01,PG,sell_put,2.1903,1,1,1.609,2.1903,0.021903,False
2022-12-01,PLD,sell_put,2.723,1,1,-4.2958,-1.5728,-0.015728,False
2022-12-01,PM,sell_put,1.789,1,1,1.5451,1.789,0.01789,False
2022-12-01,PYPL,skip,0.0,0,0,-9.1697,0.0,0.0,False
2022-12-01,QCOM,sell_put,4.4079,1,1,-12.5299,-8.122,-0.08122,False
2022-12-01,REGN,sell_put,2.5226,1,1,-4.0189,-1.4963,-0.014963,False
2022-12-01,RTX,sell_put,3.1232,1,1,2.8279,3.1232,0.031232,False
2022-12-01,SBUX,sell_put,1.789,1,1,-2.3776,-0.5886,-0.005886,False
2022-12-01,SCHW,sell_put,3.2515,1,1,1.1518,3.2515,0.032515,False
2022-12-01,SHW,sell_put,2.723,1,1,-4.5177,-1.7947,-0.017947,False
2022-12-01,SO,sell_put,1.789,1,1,6.6912,1.789,0.01789,False
2022-12-01,SPGI,sell_put,3.2515,1,1,-4.8366,-1.5851,-0.015851,False
2022-12-01,SYK,sell_put,2.6337,1,1,4.5321,2.6337,0.026337,False
2022-12-01,T,sell_put,3.4539,1,1,-4.5125,-1.0585,-0.010585,False
2022-12-01,TGT,sell_put,1.9674,1,1,-10.2323,-8.2649,-0.082649,False
2022-12-01,TJX,sell_put,1.9674,1,1,-0.1501,1.8173,0.018173,False
2022-12-01,TMO,sell_put,3.6811,1,1,-1.7011,1.98,0.0198,False
2022-12-01,TMUS,skip,0.0,0,0,-7.5664,0.0,0.0,False
2022-12-01,TSLA,skip,0.0,0,0,-36.7334,0.0,0.0,False
2022-12-01,TXN,sell_put,2.9418,1,1,-8.4451,-5.5033,-0.055033,False
2022-12-01,UNH,skip,0.0,0,0,-3.2094,0.0,0.0,False
2022-12-01,UNP,sell_put,3.1232,1,1,-4.7648,-1.6416,-0.016416,False
2022-12-01,UPS,sell_put,2.723,1,1,-7.5179,-4.7949,-0.047949,False
2022-12-01,V,sell_put,2.4986,1,1,-4.0441,-1.5455,-0.015455,False
2022-12-01,VRTX,sell_put,2.5226,1,1,-8.7295,-6.2069,-0.062069,False
2022-12-01,VZ,sell_put,3.4539,1,1,1.0775,3.4539,0.034539,False
2022-12-01,WFC,sell_put,3.6645,1,1,-13.3349,-9.6704,-0.096704,False
2022-12-01,ZTS,sell_put,2.5226,1,1,-4.9241,-2.4016,-0.024016,False
2023-01-01,AAPL,skip,0.0,0,0,11.0521,0.0,0.0,True
2023-01-01,ABBV,sell_put,3.0535,6,6,-8.5762,-5.5227,-0.331362,True
2023-01-01,ABT,sell_put,2.6429,6,6,0.6922,2.6429,0.158574,True
2023-01-01,ACN,skip,0.0,0,0,4.5758,0.0,0.0,True
2023-01-01,ADBE,skip,0.0,0,0,10.0467,0.0,0.0,True
2023-01-01,ADI,skip,0.0,0,0,5.0011,0.0,0.0,True
2023-01-01,ADP,skip,0.0,0,0,-5.0054,0.0,0.0,True
2023-01-01,AMAT,skip,0.0,0,0,14.4896,0.0,0.0,True
2023-01-01,AMGN,skip,0.0,0,0,-3.8989,0.0,0.0,True
2023-01-01,AMT,skip,0.0,0,0,6.2222,0.0,0.0,True
2023-01-01,AMZN,skip,0.0,0,0,22.7738,0.0,0.0,True
2023-01-01,AVGO,sell_put,3.1195,6,6,5.5016,3.1195,0.18717,True
2023-01-01,AXP,skip,0.0,0,0,18.3959,0.0,0.0,True
2023-01-01,BAC,skip,0.0,0,0,7.7519,0.0,0.0,True
2023-01-01,BDX,sell_put,2.6429,6,6,-0.4504,2.1925,0.13155,True
2023-01-01,BKNG,skip,0.0,0,0,20.7822,0.0,0.0,True
2023-01-01,BLK,skip,0.0,0,0,7.8763,0.0,0.0,True
2023-01-01,BMY,skip,0.0,0,0,0.9729,0.0,0.0,True
2023-01-01,BRK-B,skip,0.0,0,0,0.8482,0.0,0.0,True
2023-01-01,BSX,sell_put,2.6429,6,6,-0.0432,2.5997,0.155982,True
2023-01-01,CAT,sell_put,3.5917,6,6,5.3139,3.5917,0.215502,True
2023-01-01,CB,sell_put,2.1636,6,6,3.5196,2.1636,0.129816,True
2023-01-01,CMCSA,skip,0.0,0,0,12.525,0.0,0.0,True
2023-01-01,COP,skip,0.0,0,0,3.924,0.0,0.0,True
2023-01-01,COST,skip,0.0,0,0,11.9693,0.0,0.0,True
2023-01-01,CRM,skip,0.0,0,0,26.6838,0.0,0.0,True
2023-01-01,CSCO,skip,0.0,0,0,2.162,0.0,0.0,True
2023-01-01,CVS,skip,0.0,0,0,-5.3332,0.0,0.0,True
2023-01-01,CVX,skip,0.0,0,0,-3.0475,0.0,0.0,True
2023-01-01,DE,skip,0.0,0,0,-1.1048,0.0,0.0,True
2023-01-01,DHR,skip,0.0,0,0,-0.2957,0.0,0.0,True
2023-01-01,DIS,skip,0.0,0,0,24.8734,0.0,0.0,True
2023-01-01,DUK,sell_put,1.8469,6,6,-0.5243,1.3226,0.079356,True
2023-01-01,EL,sell_put,3.0,6,6,11.6763,3.0,0.18,True
2023-01-01,EOG,skip,0.0,0,0,3.3238,0.0,0.0,True
2023-01-01,EQIX,skip,0.0,0,0,12.6865,0.0,0.0,True
2023-01-01,GE,skip,0.0,0,0,23.1585,0.0,0.0,True
2023-01-01,GILD,skip,0.0,0,0,-1.4139,0.0,0.0,True
2023-01-01,GOOGL,skip,0.0,0,0,12.0254,0.0,0.0,True
2023-01-01,GS,skip,0.0,0,0,6.5321,0.0,0.0,True
2023-01-01,HD,skip,0.0,0,0,2.6309,0.0,0.0,True
2023-01-01,HON,skip,0.0,0,0,-2.7158,0.0,0.0,True
2023-01-01,HUM,skip,0.0,0,0,0.0573,0.0,0.0,True
2023-01-01,IBM,skip,0.0,0,0,-4.3722,0.0,0.0,True
2023-01-01,INTC,skip,0.0,0,0,6.924,0.0,0.0,True
2023-01-01,INTU,skip,0.0,0,0,8.5941,0.0,0.0,True
2023-01-01,ISRG,skip,0.0,0,0,-7.4091,0.0,0.0,True
2023-01-01,ITW,skip,0.0,0,0,7.7854,0.0,0.0,True
2023-01-01,JNJ,skip,0.0,0,0,-7.4894,0.0,0.0,True
2023-01-01,JPM,skip,0.0,0,0,4.3699,0.0,0.0,True
2023-01-01,KO,sell_put,1.8469,6,6,-3.6001,-1.7532,-0.105192,True
2023-01-01,LLY,skip,0.0,0,0,-5.9288,0.0,0.0,True
2023-01-01,LMT,sell_put,3.5917,6,6,-4.775,-1.1833,-0.070998,True
2023-01-01,LOW,skip,0.0,0,0,4.5222,0.0,0.0,True
2023-01-01,LRCX,skip,0.0,0,0,19.4302,0.0,0.0,True
2023-01-01,MA,skip,0.0,0,0,6.5769,0.0,0.0,True
2023-01-01,MCD,skip,0.0,0,0,1.4685,0.0,0.0,True
2023-01-01,MDLZ,skip,0.0,0,0,-1.2465,0.0,0.0,True
2023-01-01,MDT,skip,0.0,0,0,8.6394,0.0,0.0,True
2023-01-01,META,sell_put,6.4452,6,6,23.7909,6.4452,0.386712,True
2023-01-01,MRK,sell_put,2.4965,6,6,-2.5492,-0.0527,-0.003162,True
2023-01-01,MS,skip,0.0,0,0,14.479,0.0,0.0,True
2023-01-01,MSFT,skip,0.0,0,0,3.3317,0.0,0.0,True
2023-01-01,MU,skip,0.0,0,0,20.9228,0.0,0.0,True
2023-01-01,NEE,skip,0.0,0,0,-10.7297,0.0,0.0,True
2023-01-01,NFLX,skip,0.0,0,0,20.0014,0.0,0.0,True
2023-01-01,NKE,sell_put,2.6518,6,6,9.1538,2.6518,0.159108,True
2023-01-01,NOC,sell_put,3.5917,6,6,-17.8827,-14.291,-0.85746,True
2023-01-01,NOW,skip,0.0,0,0,17.22,0.0,0.0,True
2023-01-01,NVDA,skip,0.0,0,0,33.6869,0.0,0.0,True
2023-01-01,ORCL,skip,0.0,0,0,8.2212,0.0,0.0,True
2023-01-01,PEP,skip,0.0,0,0,-4.7455,0.0,0.0,True
2023-01-01,PFE,sell_put,3.0535,6,6,-13.8173,-10.7638,-0.645828,True
2023-01-01,PG,sell_put,1.8683,6,6,-6.057,-4.1887,-0.251322,True
2023-01-01,PLD,skip,0.0,0,0,15.4502,0.0,0.0,True
2023-01-01,PM,sell_put,2.4267,6,6,4.3064,2.4267,0.145602,True
2023-01-01,QCOM,skip,0.0,0,0,21.1661,0.0,0.0,True
2023-01-01,RTX,sell_put,3.5917,6,6,-1.0602,2.5315,0.15189,True
2023-01-01,SBUX,skip,0.0,0,0,10.0202,0.0,0.0,True
2023-01-01,SCHW,sell_put,2.1636,6,6,-7.0142,-4.8505,-0.29103,True
2023-01-01,SO,sell_put,1.8469,6,6,-5.2234,-3.3764,-0.202584,True
2023-01-01,SPGI,skip,0.0,0,0,11.9424,0.0,0.0,True
2023-01-01,SYK,sell_put,2.6429,6,6,4.1352,2.6429,0.158574,True
2023-01-01,T,skip,0.0,0,0,10.6464,0.0,0.0,True
2023-01-01,TJX,skip,0.0,0,0,2.8392,0.0,0.0,True
2023-01-01,TMO,skip,0.0,0,0,3.6209,0.0,0.0,True
2023-01-01,TMUS,skip,0.0,0,0,6.65,0.0,0.0,True
2023-01-01,TXN,skip,0.0,0,0,7.257,0.0,0.0,True
2023-01-01,UNH,skip,0.0,0,0,-5.555,0.0,0.0,True
2023-01-01,UNP,skip,0.0,0,0,-0.7833,0.0,0.0,True
2023-01-01,UPS,skip,0.0,0,0,6.552,0.0,0.0,True
2023-01-01,V,skip,0.0,0,0,10.8057,0.0,0.0,True
2023-01-01,VRTX,skip,0.0,0,0,11.8845,0.0,0.0,True
2023-01-01,VZ,sell_put,4.2384,6,6,5.5076,4.2384,0.254304,True
2023-01-01,WFC,skip,0.0,0,0,13.5142,0.0,0.0,True
2023-01-01,WM,skip,0.0,0,0,-0.9868,0.0,0.0,True
2023-01-01,XOM,skip,0.0,0,0,5.1768,0.0,0.0,True
2023-01-01,ZTS,skip,0.0,0,0,12.9239,0.0,0.0,True
2023-02-01,AAPL,sell_put,3.7084,2,2,2.1623,3.7084,0.074168,True
2023-02-01,ABBV,skip,0.0,0,0,5.1526,0.0,0.0,True
2023-02-01,ABT,sell_put,1.4454,2,2,-7.5707,-6.1253,-0.122506,True
2023-02-01,ACN,sell_put,2.4503,2,2,-4.4486,-1.9983,-0.039966,True
2023-02-01,ADBE,sell_put,4.093,2,2,-12.5263,-8.4334,-0.168668,True
2023-02-01,ADI,sell_put,4.1737,2,2,6.9983,4.1737,0.083474,True
2023-02-01,ADP,skip,0.0,0,0,-2.6527,0.0,0.0,True
2023-02-01,AMAT,sell_put,4.1737,2,2,4.1797,4.1737,0.083474,True
2023-02-01,AMGN,skip,0.0,0,0,-8.2171,0.0,0.0,True
2023-02-01,AMT,sell_put,1.8283,2,2,-11.3613,-9.533,-0.19066,True
2023-02-01,AMZN,sell_put,3.8942,2,2,-8.6299,-4.7357,-0.094714,True
2023-02-01,AVGO,sell_put,4.1737,2,2,1.5863,4.1737,0.083474,True
2023-02-01,AXP,sell_put,2.364,2,2,-0.1926,2.1714,0.043428,True
2023-02-01,BAC,sell_put,2.2405,2,2,-3.3258,-1.0854,-0.021708,True
2023-02-01,BDX,skip,0.0,0,0,-7.0058,0.0,0.0,True
2023-02-01,BKNG,sell_put,3.0,2,2,3.6933,3.0,0.06,True
2023-02-01,BLK,sell_put,1.5909,2,2,-9.1911,-7.6003,-0.152006,True
2023-02-01,BMY,sell_put,1.6994,2,2,-4.3282,-2.6288,-0.052576,True
2023-02-01,BRK-B,sell_put,2.0255,2,2,-2.0352,-0.0097,-0.000194,True
2023-02-01,BSX,skip,0.0,0,0,1.0162,0.0,0.0,True
2023-02-01,CAT,sell_put,2.394,2,2,-4.5969,-2.2029,-0.044058,True
2023-02-01,CB,sell_put,1.5909,2,2,-7.2399,-5.649,-0.11298,True
2023-02-01,CMCSA,sell_put,3.8124,2,2,-4.805,-0.9926,-0.019852,True
2023-02-01,COP,sell_put,2.394,2,2,-15.1965,-12.8026,-0.256052,True
2023-02-01,COST,sell_put,2.7159,2,2,-5.2745,-2.5586,-0.051172,True
2023-02-01,CRM,sell_put,4.8885,2,2,-2.5957,2.2928,0.045856,True
2023-02-01,CSCO,sell_put,1.8283,2,2,0.2812,1.8283,0.036566,True
2023-02-01,CVS,skip,0.0,0,0,-4.6509,0.0,0.0,True
2023-02-01,CVX,skip,0.0,0,0,-7.6141,0.0,0.0,True
2023-02-01,DE,skip,0.0,0,0,-0.8514,0.0,0.0,True
2023-02-01,DHR,skip,0.0,0,0,-6.3734,0.0,0.0,True
2023-02-01,DIS,sell_put,3.0011,2,2,-8.1851,-5.184,-0.10368,True
2023-02-01,DUK,skip,0.0,0,0,-7.9942,0.0,0.0,True
2023-02-01,EL,sell_put,3.0,2,2,-12.2817,-9.2817,-0.185634,True
2023-02-01,EOG,sell_put,2.394,2,2,-13.9967,-11.6028,-0.232056,True
2023-02-01,EQIX,sell_put,1.8283,2,2,-6.7549,-4.9266,-0.098532,True
2023-02-01,GE,sell_put,2.394,2,2,5.256,2.394,0.04788,True
2023-02-01,GILD,skip,0.0,0,0,-4.0624,0.0,0.0,True
2023-02-01,GOOGL,sell_put,3.2923,2,2,-8.883,-5.5907,-0.111814,True
2023-02-01,GS,sell_put,1.5909,2,2,-3.8708,-2.28,-0.0456,True
2023-02-01,HD,sell_put,3.9467,2,2,-8.5233,-4.5766,-0.091532,True
2023-02-01,HON,skip,0.0,0,0,-8.1543,0.0,0.0,True
2023-02-01,HUM,sell_put,2.7204,2,2,-3.2597,-0.5393,-0.010786,True
2023-02-01,IBM,skip,0.0,0,0,-4.0303,0.0,0.0,True
2023-02-01,INTC,sell_put,4.1737,2,2,-11.7834,-7.6097,-0.152194,True
2023-02-01,INTU,sell_put,3.5567,2,2,-3.47,0.0867,0.001734,True
2023-02-01,ISRG,skip,0.0,0,0,-6.6344,0.0,0.0,True
2023-02-01,ITW,sell_put,1.8283,2,2,-1.2201,0.6082,0.012164,True
2023-02-01,JNJ,skip,0.0,0,0,-6.2171,0.0,0.0,True
2023-02-01,JPM,sell_put,1.5909,2,2,3.1787,1.5909,0.031818,True
2023-02-01,KO,skip,0.0,0,0,-2.9517,0.0,0.0,True
2023-02-01,LLY,skip,0.0,0,0,-9.5685,0.0,0.0,True
2023-02-01,LMT,skip,0.0,0,0,2.3745,0.0,0.0,True
2023-02-01,LOW,sell_put,3.9467,2,2,-0.6921,3.2546,0.065092,True
2023-02-01,LRCX,sell_put,4.1737,2,2,-2.8174,1.3562,0.027124,True
2023-02-01,MA,sell_put,2.364,2,2,-3.9755,-1.6115,-0.03223,True
2023-02-01,MCD,sell_put,1.8648,2,2,-1.3052,0.5597,0.011194,True
2023-02-01,MDLZ,skip,0.0,0,0,-0.3973,0.0,0.0,True
2023-02-01,MDT,sell_put,1.4454,2,2,-1.0634,0.382,0.00764,True
2023-02-01,META,sell_put,4.7657,2,2,17.4331,4.7657,0.095314,True
2023-02-01,MRK,skip,0.0,0,0,-1.0893,0.0,0.0,True
2023-02-01,MS,sell_put,1.5909,2,2,-0.0531,1.5378,0.030756,True
2023-02-01,MSFT,sell_put,3.3481,2,2,0.6497,3.3481,0.066962,True
2023-02-01,MU,sell_put,6.5885,2,2,-4.1128,2.4757,0.049514,True
2023-02-01,NEE,skip,0.0,0,0,-4.8238,0.0,0.0,True
2023-02-01,NFLX,sell_put,4.3453,2,2,-8.9668,-4.6215,-0.09243,True
2023-02-01,NKE,sell_put,3.1309,2,2,-6.707,-3.5761,-0.071522,True
2023-02-01,NOC,skip,0.0,0,0,3.5867,0.0,0.0,True
2023-02-01,NOW,sell_put,4.4961,2,2,-5.0447,-0.5486,-0.010972,True
2023-02-01,NVDA,sell_put,6.5885,2,2,18.8309,6.5885,0.13177,True
2023-02-01,ORCL,sell_put,3.5943,2,2,-0.8278,2.7666,0.055332,True
2023-02-01,PEP,skip,0.0,0,0,1.4677,0.0,0.0,True
2023-02-01,PFE,skip,0.0,0,0,-7.2861,0.0,0.0,True
2023-02-01,PG,skip,0.0,0,0,-2.779,0.0,0.0,True
2023-02-01,PLD,sell_put,1.8283,2,2,-4.5483,-2.72,-0.0544,True
2023-02-01,PM,sell_put,1.5813,2,2,-6.6577,-5.0765,-0.10153,True
2023-02-01,QCOM,sell_put,4.832,2,2,-7.2667,-2.4347,-0.048694,True
2023-02-01,RTX,skip,0.0,0,0,-1.7626,0.0,0.0,True
2023-02-01,SBUX,sell_put,1.8648,2,2,-6.4596,-4.5947,-0.091894,True
2023-02-01,SCHW,skip,0.0,0,0,0.6458,0.0,0.0,True
2023-02-01,SO,skip,0.0,0,0,-6.8262,0.0,0.0,True
2023-02-01,SPGI,sell_put,1.5909,2,2,-8.9988,-7.4079,-0.148158,True
2023-02-01,SYK,sell_put,1.4454,2,2,3.5735,1.4454,0.028908,True
2023-02-01,T,sell_put,3.8124,2,2,-5.8269,-2.0144,-0.040288,True
2023-02-01,TJX,sell_put,2.5286,2,2,-6.4256,-3.897,-0.07794,True
2023-02-01,TMO,sell_put,2.5912,2,2,-5.0094,-2.4182,-0.048364,True
2023-02-01,TMUS,sell_put,3.8124,2,2,-4.7753,-0.9628,-0.019256,True
2023-02-01,TXN,sell_put,4.1737,2,2,-2.5609,1.6128,0.032256,True
2023-02-01,UNH,skip,0.0,0,0,-4.6575,0.0,0.0,True
2023-02-01,UNP,skip,0.0,0,0,1.5133,0.0,0.0,True
2023-02-01,UPS,sell_put,1.8283,2,2,-1.4792,0.3491,0.006982,True
2023-02-01,V,sell_put,2.4707,2,2,-4.4612,-1.9905,-0.03981,True
2023-02-01,VRTX,sell_put,1.6994,2,2,-10.1547,-8.4553,-0.169106,True
2023-02-01,VZ,sell_put,3.8124,2,2,-5.1717,-1.3593,-0.027186,True
2023-02-01,WFC,sell_put,2.4258,2,2,-0.2134,2.2124,0.044248,True
2023-02-01,WM,skip,0.0,0,0,-3.2121,0.0,0.0,True
2023-02-01,XOM,sell_put,2.394,2,2,-5.2582,-2.8642,-0.057284,True
2023-02-01,ZTS,sell_put,1.6994,2,2,1.1496,1.6994,0.033988,True
2023-03-01,AAPL,sell_put,3.0328,12,12,12.0357,3.0328,0.363936,True
2023-03-01,ABBV,sell_put,3.4589,12,12,3.5543,3.4589,0.415068,True
2023-03-01,ABT,skip,0.0,0,0,-0.4522,0.0,0.0,True
2023-03-01,ACN,skip,0.0,0,0,7.6295,0.0,0.0,True
2023-03-01,ADBE,skip,0.0,0,0,18.9597,0.0,0.0,True
2023-03-01,ADI,sell_put,3.3807,12,12,7.9947,3.3807,0.405684,True
2023-03-01,ADP,skip,0.0,0,0,1.2783,0.0,0.0,True
2023-03-01,AMAT,sell_put,3.3807,12,12,5.9988,3.3807,0.405684,True
2023-03-01,AMGN,skip,0.0,0,0,5.2758,0.0,0.0,True
2023-03-01,AMT,skip,0.0,0,0,3.1968,0.0,0.0,True
2023-03-01,AMZN,skip,0.0,0,0,9.6148,0.0,0.0,True
2023-03-01,AVGO,sell_put,3.3807,12,12,7.9506,3.3807,0.405684,True
2023-03-01,AXP,skip,0.0,0,0,-5.1957,0.0,0.0,True
2023-03-01,BAC,skip,0.0,0,0,-16.6181,0.0,0.0,True
2023-03-01,BDX,skip,0.0,0,0,5.5383,0.0,0.0,True
2023-03-01,BKNG,sell_put,3.0,12,12,5.0876,3.0,0.36,True
2023-03-01,BLK,skip,0.0,0,0,-2.9459,0.0,0.0,True
2023-03-01,BMY,skip,0.0,0,0,0.5075,0.0,0.0,True
2023-03-01,BRK-B,skip,0.0,0,0,1.1764,0.0,0.0,True
2023-03-01,BSX,sell_put,3.7961,12,12,7.0848,3.7961,0.455532,True
2023-03-01,CAT,skip,0.0,0,0,-4.4709,0.0,0.0,True
2023-03-01,CB,skip,0.0,0,0,-7.9803,0.0,0.0,True
2023-03-01,CMCSA,skip,0.0,0,0,1.9909,0.0,0.0,True
2023-03-01,COP,skip,0.0,0,0,-3.5784,0.0,0.0,True
2023-03-01,COST,skip,0.0,0,0,2.7996,0.0,0.0,True
2023-03-01,CRM,skip,0.0,0,0,22.1075,0.0,0.0,True
2023-03-01,CSCO,sell_put,3.6617,12,12,7.9719,3.6617,0.439404,True
2023-03-01,CVS,skip,0.0,0,0,-11.0486,0.0,0.0,True
2023-03-01,CVX,skip,0.0,0,0,2.3837,0.0,0.0,True
2023-03-01,DE,skip,0.0,0,0,-1.517,0.0,0.0,True
2023-03-01,DHR,skip,0.0,0,0,1.822,0.0,0.0,True
2023-03-01,DIS,skip,0.0,0,0,0.522,0.0,0.0,True
2023-03-01,DUK,skip,0.0,0,0,3.3914,0.0,0.0,True
2023-03-01,EL,skip,0.0,0,0,1.6795,0.0,0.0,True
2023-03-01,EOG,skip,0.0,0,0,1.4245,0.0,0.0,True
2023-03-01,EQIX,skip,0.0,0,0,4.7612,0.0,0.0,True
2023-03-01,GE,sell_put,3.9531,12,12,12.8556,3.9531,0.474372,True
2023-03-01,GILD,skip,0.0,0,0,3.0299,0.0,0.0,True
2023-03-01,GOOGL,skip,0.0,0,0,15.1788,0.0,0.0,True
2023-03-01,GS,skip,0.0,0,0,-6.9786,0.0,0.0,True
2023-03-01,HD,skip,0.0,0,0,-0.4789,0.0,0.0,True
2023-03-01,HON,skip,0.0,0,0,0.3407,0.0,0.0,True
2023-03-01,HUM,skip,0.0,0,0,-1.9312,0.0,0.0,True
2023-03-01,IBM,skip,0.0,0,0,2.6297,0.0,0.0,True
2023-03-01,INTC,skip,0.0,0,0,32.6437,0.0,0.0,True
2023-03-01,INTU,skip,0.0,0,0,9.4921,0.0,0.0,True
2023-03-01,ISRG,skip,0.0,0,0,11.3693,0.0,0.0,True
2023-03-01,ITW,skip,0.0,0,0,4.4133,0.0,0.0,True
2023-03-01,JNJ,skip,0.0,0,0,1.8627,0.0,0.0,True
2023-03-01,JPM,sell_put,4.4851,12,12,-9.0966,-4.6115,-0.55338,True
2023-03-01,KO,skip,0.0,0,0,4.2346,0.0,0.0,True
2023-03-01,LLY,skip,0.0,0,0,10.7034,0.0,0.0,True
2023-03-01,LMT,sell_put,3.9531,12,12,0.305,3.9531,0.474372,True
2023-03-01,LOW,skip,0.0,0,0,-2.8092,0.0,0.0,True
2023-03-01,LRCX,skip,0.0,0,0,9.076,0.0,0.0,True
2023-03-01,MA,skip,0.0,0,0,2.2855,0.0,0.0,True
2023-03-01,MCD,skip,0.0,0,0,6.5607,0.0,0.0,True
2023-03-01,MDLZ,skip,0.0,0,0,6.9653,0.0,0.0,True
2023-03-01,MDT,skip,0.0,0,0,-2.6329,0.0,0.0,True
2023-03-01,META,sell_put,4.5862,12,12,21.1501,4.5862,0.550344,True
2023-03-01,MRK,skip,0.0,0,0,0.1412,0.0,0.0,True
2023-03-01,MS,skip,0.0,0,0,-9.0155,0.0,0.0,True
2023-03-01,MSFT,sell_put,2.9119,12,12,15.8777,2.9119,0.349428,True
2023-03-01,MU,skip,0.0,0,0,4.3584,0.0,0.0,True
2023-03-01,NEE,skip,0.0,0,0,9.2185,0.0,0.0,True
2023-03-01,NFLX,skip,0.0,0,0,7.2486,0.0,0.0,True
2023-03-01,NKE,skip,0.0,0,0,3.241,0.0,0.0,True
2023-03-01,NOC,sell_put,3.9531,12,12,-0.1523,3.8009,0.456108,True
2023-03-01,NOW,skip,0.0,0,0,7.5318,0.0,0.0,True
2023-03-01,NVDA,sell_put,5.9087,12,12,19.6459,5.9087,0.709044,True
2023-03-01,ORCL,skip,0.0,0,0,6.3158,0.0,0.0,True
2023-03-01,PEP,sell_put,3.3752,12,12,5.0539,3.3752,0.405024,True
2023-03-01,PFE,skip,0.0,0,0,0.5669,0.0,0.0,True
2023-03-01,PG,skip,0.0,0,0,8.091,0.0,0.0,True
2023-03-01,PLD,skip,0.0,0,0,1.1102,0.0,0.0,True
2023-03-01,PM,skip,0.0,0,0,-0.0514,0.0,0.0,True
2023-03-01,QCOM,skip,0.0,0,0,3.2785,0.0,0.0,True
2023-03-01,RTX,skip,0.0,0,0,0.3862,0.0,0.0,True
2023-03-01,SBUX,skip,0.0,0,0,2.5093,0.0,0.0,True
2023-03-01,SCHW,sell_put,4.4851,12,12,-32.5681,-28.0829,-3.369948,True
2023-03-01,SO,skip,0.0,0,0,11.4905,0.0,0.0,True
2023-03-01,SPGI,skip,0.0,0,0,1.3096,0.0,0.0,True
2023-03-01,SYK,sell_put,3.7961,12,12,8.5933,3.7961,0.455532,True
2023-03-01,T,skip,0.0,0,0,1.798,0.0,0.0,True
2023-03-01,TJX,skip,0.0,0,0,2.677,0.0,0.0,True
2023-03-01,TMO,skip,0.0,0,0,6.3885,0.0,0.0,True
2023-03-01,TMUS,skip,0.0,0,0,1.8709,0.0,0.0,True
2023-03-01,TXN,skip,0.0,0,0,8.4923,0.0,0.0,True
2023-03-01,UNH,skip,0.0,0,0,-0.7039,0.0,0.0,True
2023-03-01,UNP,sell_put,3.9531,12,12,-2.2493,1.7038,0.204456,True
2023-03-01,UPS,skip,0.0,0,0,7.238,0.0,0.0,True
2023-03-01,V,skip,0.0,0,0,2.7105,0.0,0.0,True
2023-03-01,VRTX,skip,0.0,0,0,8.5363,0.0,0.0,True
2023-03-01,VZ,skip,0.0,0,0,0.2061,0.0,0.0,True
2023-03-01,WFC,skip,0.0,0,0,-19.5671,0.0,0.0,True
2023-03-01,WM,skip,0.0,0,0,8.9544,0.0,0.0,True
2023-03-01,XOM,skip,0.0,0,0,0.5403,0.0,0.0,True
2023-03-01,ZTS,sell_put,3.4589,12,12,-0.3353,3.1236,0.374832,True
2023-04-01,AAPL,sell_put,2.8433,2,2,2.8987,2.8433,0.056866,True
2023-04-01,ABBV,sell_put,1.8561,2,2,-5.1766,-3.3206,-0.066412,True
2023-04-01,ABT,skip,0.0,0,0,9.0954,0.0,0.0,True
2023-04-01,ACN,sell_put,2.3106,2,2,-1.9313,0.3793,0.007586,True
2023-04-01,ADBE,sell_put,3.2435,2,2,-2.0266,1.2169,0.024338,True
2023-04-01,ADI,sell_put,1.9505,2,2,-8.7922,-6.8417,-0.136834,True
2023-04-01,ADP,sell_put,3.5487,2,2,-0.6217,2.927,0.05854,True
2023-04-01,AMAT,sell_put,1.9505,2,2,-7.9785,-6.028,-0.12056,True
2023-04-01,AMGN,sell_put,1.8561,2,2,-0.8314,1.0246,0.020492,True
2023-04-01,AMT,sell_put,3.5487,2,2,0.0245,3.5487,0.070974,True
2023-04-01,AMZN,sell_put,5.2034,2,2,2.0912,5.2034,0.104068,True
2023-04-01,AVGO,sell_put,1.9505,2,2,-1.6415,0.309,0.00618,True
2023-04-01,AXP,skip,0.0,0,0,-2.1885,0.0,0.0,True
2023-04-01,BAC,skip,0.0,0,0,3.0416,0.0,0.0,True
2023-04-01,BDX,sell_put,0.9506,2,2,7.1894,0.9506,0.019012,True
2023-04-01,BKNG,sell_put,3.0,2,2,1.2781,3.0,0.06,True
2023-04-01,BLK,skip,0.0,0,0,1.0375,0.0,0.0,True
2023-04-01,BMY,sell_put,1.8561,2,2,-3.6647,-1.8086,-0.036172,True
2023-04-01,BRK-B,sell_put,1.5002,2,2,6.4061,1.5002,0.030004,True
2023-04-01,BSX,sell_put,0.9506,2,2,4.1775,0.9506,0.019012,True
2023-04-01,CAT,skip,0.0,0,0,-4.3873,0.0,0.0,True
2023-04-01,CB,skip,0.0,0,0,4.2624,0.0,0.0,True
2023-04-01,CMCSA,sell_put,3.0055,2,2,9.1269,3.0055,0.06011,True
2023-04-01,COP,skip,0.0,0,0,4.3516,0.0,0.0,True
2023-04-01,COST,sell_put,1.9285,2,2,1.278,1.9285,0.03857,True
2023-04-01,CRM,sell_put,2.9318,2,2,-0.7058,2.226,0.04452,True
2023-04-01,CSCO,sell_put,3.5487,2,2,-9.6213,-6.0725,-0.12145,True
2023-04-01,CVS,skip,0.0,0,0,-1.3457,0.0,0.0,True
2023-04-01,CVX,sell_put,2.2116,2,2,3.3219,2.2116,0.044232,True
2023-04-01,DE,skip,0.0,0,0,-8.1567,0.0,0.0,True
2023-04-01,DHR,sell_put,0.9506,2,2,-5.9004,-4.9497,-0.098994,True
2023-04-01,DIS,sell_put,3.8764,2,2,2.3669,3.8764,0.077528,True
2023-04-01,DUK,sell_put,1.2253,2,2,2.4982,1.2253,0.024506,True
2023-04-01,EL,sell_put,3.0,2,2,0.1055,3.0,0.06,True
2023-04-01,EOG,sell_put,2.9189,2,2,5.1855,2.9189,0.058378,True
2023-04-01,EQIX,sell_put,3.5487,2,2,0.9094,3.5487,0.070974,True
2023-04-01,GE,sell_put,2.9189,2,2,3.6211,2.9189,0.058378,True
2023-04-01,GILD,sell_put,1.8561,2,2,0.0275,1.8561,0.037122,True
2023-04-01,GOOGL,sell_put,4.1276,2,2,3.4802,4.1276,0.082552,True
2023-04-01,GS,skip,0.0,0,0,5.744,0.0,0.0,True
2023-04-01,HD,skip,0.0,0,0,2.574,0.0,0.0,True
2023-04-01,HON,sell_put,3.5487,2,2,4.5626,3.5487,0.070974,True
2023-04-01,HUM,skip,0.0,0,0,9.4752,0.0,0.0,True
2023-04-01,IBM,sell_put,3.5487,2,2,-3.5701,-0.0213,-0.000426,True
2023-04-01,INTC,sell_put,1.9505,2,2,-4.928,-2.9776,-0.059552,True
2023-04-01,INTU,sell_put,3.5338,2,2,-0.4217,3.1122,0.062244,True
2023-04-01,ISRG,sell_put,0.9506,2,2,17.9082,0.9506,0.019012,True
2023-04-01,ITW,sell_put,3.5487,2,2,-0.0735,3.4752,0.069504,True
2023-04-01,JNJ,sell_put,1.6363,2,2,5.6129,1.6363,0.032726,True
2023-04-01,JPM,skip,0.0,0,0,6.0855,0.0,0.0,True
2023-04-01,KO,sell_put,1.2253,2,2,4.211,1.2253,0.024506,True
2023-04-01,LLY,sell_put,3.5821,2,2,15.2699,3.5821,0.071642,True
2023-04-01,LMT,sell_put,2.9189,2,2,-1.7515,1.1674,0.023348,True
2023-04-01,LOW,skip,0.0,0,0,3.9306,0.0,0.0,True
2023-04-01,LRCX,sell_put,1.9505,2,2,-0.7806,1.1699,0.023398,True
2023-04-01,MA,sell_put,2.9234,2,2,4.5733,2.9234,0.058468,True
2023-04-01,MCD,sell_put,1.2253,2,2,5.7723,1.2253,0.024506,True
2023-04-01,MDLZ,sell_put,1.5575,2,2,10.6455,1.5575,0.03115,True
2023-04-01,MDT,skip,0.0,0,0,13.7811,0.0,0.0,True
2023-04-01,META,sell_put,5.9709,2,2,13.3906,5.9709,0.119418,True
2023-04-01,MRK,sell_put,2.4415,2,2,9.2892,2.4415,0.04883,True
2023-04-01,MS,skip,0.0,0,0,2.4715,0.0,0.0,True
2023-04-01,MSFT,sell_put,3.3283,2,2,6.5765,3.3283,0.066566,True
2023-04-01,MU,sell_put,4.4997,2,2,6.6623,4.4997,0.089994,True
2023-04-01,NEE,sell_put,1.2253,2,2,-0.5838,0.6415,0.01283,True
2023-04-01,NFLX,sell_put,6.9302,2,2,-4.501,2.4292,0.048584,True
2023-04-01,NKE,sell_put,2.7387,2,2,3.6214,2.7387,0.054774,True
2023-04-01,NOC,skip,0.0,0,0,-0.0975,0.0,0.0,True
2023-04-01,NOW,sell_put,4.1681,2,2,-1.1405,3.0276,0.060552,True
2023-04-01,NVDA,sell_put,4.4997,2,2,-0.0838,4.4158,0.088316,True
2023-04-01,ORCL,sell_put,2.1467,2,2,1.9371,2.1467,0.042934,True
2023-04-01,PEP,sell_put,1.5575,2,2,5.4196,1.5575,0.03115,True
2023-04-01,PFE,sell_put,1.8561,2,2,-4.6814,-2.8253,-0.056506,True
2023-04-01,PG,sell_put,1.7303,2,2,5.1718,1.7303,0.034606,True
2023-04-01,PLD,sell_put,3.5487,2,2,1.1177,3.5487,0.070974,True
2023-04-01,PM,skip,0.0,0,0,4.1794,0.0,0.0,True
2023-04-01,QCOM,sell_put,4.3877,2,2,-7.8904,-3.5027,-0.070054,True
2023-04-01,RTX,sell_put,2.9189,2,2,2.0116,2.9189,0.058378,True
2023-04-01,SBUX,sell_put,1.2253,2,2,9.757,1.2253,0.024506,True
2023-04-01,SCHW,skip,0.0,0,0,-0.2673,0.0,0.0,True
2023-04-01,SO,sell_put,1.2253,2,2,5.7057,1.2253,0.024506,True
2023-04-01,SPGI,sell_put,2.3943,2,2,5.1658,2.3943,0.047886,True
2023-04-01,SYK,sell_put,0.9506,2,2,5.2502,0.9506,0.019012,True
2023-04-01,T,sell_put,3.0055,2,2,-8.2078,-5.2023,-0.104046,True
2023-04-01,TJX,sell_put,1.8419,2,2,0.587,1.8419,0.036838,True
2023-04-01,TMO,sell_put,2.8496,2,2,-3.6628,-0.8132,-0.016264,True
2023-04-01,TMUS,sell_put,3.0055,2,2,-0.649,2.3565,0.04713,True
2023-04-01,TXN,sell_put,1.9505,2,2,-10.1124,-8.1619,-0.163238,True
2023-04-01,UNH,skip,0.0,0,0,4.4971,0.0,0.0,True
2023-04-01,UNP,skip,0.0,0,0,-2.7626,0.0,0.0,True
2023-04-01,UPS,sell_put,3.5487,2,2,-7.3097,-3.7609,-0.075218,True
2023-04-01,V,sell_put,3.0853,2,2,3.2245,3.0853,0.061706,True
2023-04-01,VRTX,sell_put,1.8561,2,2,8.1442,1.8561,0.037122,True
2023-04-01,VZ,sell_put,3.0055,2,2,-0.1543,2.8512,0.057024,True
2023-04-01,WFC,skip,0.0,0,0,6.3403,0.0,0.0,True
2023-04-01,WM,sell_put,3.0,2,2,2.2425,3.0,0.06,True
2023-04-01,XOM,sell_put,2.9189,2,2,7.9154,2.9189,0.058378,True
2023-04-01,ZTS,skip,0.0,0,0,5.6116,0.0,0.0,True
2023-05-01,AAPL,sell_put,1.5629,1,1,4.4614,1.5629,0.015629,False
2023-05-01,ABBV,skip,0.0,0,0,-7.8685,0.0,0.0,False
2023-05-01,ABT,sell_put,1.8977,1,1,-7.2058,-5.3081,-0.053081,False
2023-05-01,ACN,skip,0.0,0,0,9.5727,0.0,0.0,False
2023-05-01,ADBE,skip,0.0,0,0,10.6553,0.0,0.0,False
2023-05-01,ADI,skip,0.0,0,0,-1.2175,0.0,0.0,False
2023-05-01,ADP,skip,0.0,0,0,-5.0045,0.0,0.0,False
2023-05-01,AMAT,skip,0.0,0,0,17.9333,0.0,0.0,False
2023-05-01,AMGN,skip,0.0,0,0,-7.9628,0.0,0.0,False
2023-05-01,AMT,sell_put,1.7685,1,1,-9.0894,-7.321,-0.07321,False
2023-05-01,AMZN,sell_put,2.9137,1,1,14.348,2.9137,0.029137,False
2023-05-01,AVGO,skip,0.0,0,0,28.9641,0.0,0.0,False
2023-05-01,AXP,skip,0.0,0,0,-1.359,0.0,0.0,False
2023-05-01,BAC,sell_put,3.9841,1,1,-5.0888,-1.1047,-0.011047,False
2023-05-01,BDX,sell_put,1.8977,1,1,-8.5317,-6.634,-0.06634,False
2023-05-01,BKNG,sell_put,3.0,1,1,-6.6091,-3.6091,-0.036091,False
2023-05-01,BLK,sell_put,2.1324,1,1,-2.0337,0.0987,0.000987,False
2023-05-01,BMY,skip,0.0,0,0,-2.6952,0.0,0.0,False
2023-05-01,BRK-B,sell_put,1.3885,1,1,-2.2736,-0.8851,-0.008851,False
2023-05-01,BSX,sell_put,1.8977,1,1,-1.2279,0.6697,0.006697,False
2023-05-01,CAT,skip,0.0,0,0,-5.4539,0.0,0.0,False
2023-05-01,CB,sell_put,2.1324,1,1,-7.819,-5.6866,-0.056866,False
2023-05-01,CMCSA,sell_put,1.1284,1,1,-4.1515,-3.0231,-0.030231,False
2023-05-01,COP,sell_put,2.8781,1,1,-3.4892,-0.6111,-0.006111,False
2023-05-01,COST,sell_put,2.2523,1,1,1.6573,2.2523,0.022523,False
2023-05-01,CRM,skip,0.0,0,0,12.6077,0.0,0.0,False
2023-05-01,CSCO,skip,0.0,0,0,5.9113,0.0,0.0,False
2023-05-01,CVS,skip,0.0,0,0,-6.4395,0.0,0.0,False
2023-05-01,CVX,sell_put,2.3153,1,1,-10.6537,-8.3384,-0.083384,False
2023-05-01,DE,skip,0.0,0,0,-8.4757,0.0,0.0,False
2023-05-01,DHR,skip,0.0,0,0,-3.0771,0.0,0.0,False
2023-05-01,DIS,sell_put,2.6168,1,1,-14.1854,-11.5685,-0.115685,False
2023-05-01,DUK,sell_put,1.233,1,1,-9.6986,-8.4656,-0.084656,False
2023-05-01,EL,sell_put,3.0,1,1,-25.4094,-22.4094,-0.224094,False
2023-05-01,EOG,sell_put,2.8781,1,1,-9.5852,-6.7071,-0.067071,False
2023-05-01,EQIX,sell_put,1.7685,1,1,2.9651,1.7685,0.017685,False
2023-05-01,GE,sell_put,2.8781,1,1,2.5866,2.8781,0.028781,False
2023-05-01,GILD,sell_put,2.0555,1,1,-6.4104,-4.3549,-0.043549,False
2023-05-01,GOOGL,sell_put,2.9199,1,1,14.4681,2.9199,0.029199,False
2023-05-01,GS,sell_put,2.1324,1,1,-5.6895,-3.5571,-0.035571,False
2023-05-01,HD,sell_put,3.8777,1,1,-5.6864,-1.8087,-0.018087,False
2023-05-01,HON,sell_put,1.7685,1,1,-4.1233,-2.3548,-0.023548,False
2023-05-01,HUM,sell_put,2.0231,1,1,-5.395,-3.3719,-0.033719,False
2023-05-01,IBM,skip,0.0,0,0,1.7245,0.0,0.0,False
2023-05-01,INTC,skip,0.0,0,0,1.2234,0.0,0.0,False
2023-05-01,INTU,skip,0.0,0,0,-5.425,0.0,0.0,False
2023-05-01,ISRG,sell_put,1.8977,1,1,2.1977,1.8977,0.018977,False
2023-05-01,ITW,skip,0.0,0,0,-9.5933,0.0,0.0,False
2023-05-01,JNJ,sell_put,2.1661,1,1,-5.278,-3.1119,-0.031119,False
2023-05-01,JPM,sell_put,2.1324,1,1,-1.0597,1.0726,0.010726,False
2023-05-01,KO,sell_put,1.233,1,1,-6.9992,-5.7662,-0.057662,False
2023-05-01,LLY,sell_put,2.3489,1,1,8.4878,2.3489,0.023489,False
2023-05-01,LMT,skip,0.0,0,0,-4.4009,0.0,0.0,False
2023-05-01,LOW,sell_put,3.8777,1,1,-2.7399,1.1379,0.011379,False
2023-05-01,LRCX,skip,0.0,0,0,17.6729,0.0,0.0,False
2023-05-01,MA,sell_put,2.3521,1,1,-3.799,-1.447,-0.01447,False
2023-05-01,MCD,sell_put,1.233,1,1,-3.5976,-2.3646,-0.023646,False
2023-05-01,MDLZ,sell_put,1.7234,1,1,-4.3144,-2.591,-0.02591,False
2023-05-01,MDT,sell_put,1.8977,1,1,-9.0049,-7.1073,-0.071073,False
2023-05-01,META,sell_put,3.3414,1,1,10.1531,3.3414,0.033414,False
2023-05-01,MRK,sell_put,1.8561,1,1,-4.3821,-2.5259,-0.025259,False
2023-05-01,MS,sell_put,2.1324,1,1,-8.3382,-6.2059,-0.062059,False
2023-05-01,MSFT,sell_put,2.3034,1,1,6.8769,2.3034,0.023034,False
2023-05-01,MU,sell_put,5.3715,1,1,6.1806,5.3715,0.053715,False
2023-05-01,NEE,skip,0.0,0,0,-4.1368,0.0,0.0,False
2023-05-01,NFLX,skip,0.0,0,0,19.7921,0.0,0.0,False
2023-05-01,NKE,sell_put,2.9922,1,1,-16.935,-13.9427,-0.139427,False
2023-05-01,NOC,skip,0.0,0,0,-5.5889,0.0,0.0,False
2023-05-01,NOW,skip,0.0,0,0,18.5799,0.0,0.0,False
2023-05-01,NVDA,skip,0.0,0,0,36.3436,0.0,0.0,False
2023-05-01,ORCL,sell_put,1.7878,1,1,12.3138,1.7878,0.017878,False
2023-05-01,PEP,sell_put,1.7234,1,1,-4.4738,-2.7504,-0.027504,False
2023-05-01,PFE,skip,0.0,0,0,-2.2371,0.0,0.0,False
2023-05-01,PG,sell_put,1.1422,1,1,-8.3053,-7.1631,-0.071631,False
2023-05-01,PLD,sell_put,1.7685,1,1,-0.5589,1.2096,0.012096,False
2023-05-01,PM,sell_put,1.7234,1,1,-9.963,-8.2396,-0.082396,False
2023-05-01,QCOM,skip,0.0,0,0,-2.9024,0.0,0.0,False
2023-05-01,RTX,sell_put,2.8781,1,1,-7.7677,-4.8897,-0.048897,False
2023-05-01,SBUX,sell_put,1.233,1,1,-14.5682,-13.3352,-0.133352,False
2023-05-01,SCHW,skip,0.0,0,0,0.8614,0.0,0.0,False
2023-05-01,SO,sell_put,1.233,1,1,-5.1665,-3.9335,-0.039335,False
2023-05-01,SPGI,sell_put,2.1324,1,1,1.3377,2.1324,0.021324,False
2023-05-01,SYK,sell_put,1.8977,1,1,-8.0327,-6.135,-0.06135,False
2023-05-01,T,skip,0.0,0,0,-9.7166,0.0,0.0,False
2023-05-01,TJX,sell_put,2.631,1,1,-2.5755,0.0555,0.000555,False
2023-05-01,TMO,skip,0.0,0,0,-8.3691,0.0,0.0,False
2023-05-01,TMUS,skip,0.0,0,0,-4.6213,0.0,0.0,False
2023-05-01,TXN,skip,0.0,0,0,3.9952,0.0,0.0,False
2023-05-01,UNH,sell_put,2.0231,1,1,-0.9856,1.0375,0.010375,False
2023-05-01,UNP,skip,0.0,0,0,-1.6249,0.0,0.0,False
2023-05-01,UPS,skip,0.0,0,0,-7.1242,0.0,0.0,False
2023-05-01,V,sell_put,2.7339,1,1,-5.0273,-2.2934,-0.022934,False
2023-05-01,VRTX,sell_put,2.0555,1,1,-5.0362,-2.9807,-0.029807,False
2023-05-01,VZ,skip,0.0,0,0,-6.7225,0.0,0.0,False
2023-05-01,WFC,sell_put,3.2871,1,1,0.151,3.2871,0.032871,False
2023-05-01,WM,sell_put,3.0,1,1,-2.4872,0.5128,0.005128,False
2023-05-01,XOM,sell_put,2.8781,1,1,-13.6556,-10.7775,-0.107775,False
2023-05-01,ZTS,sell_put,2.0555,1,1,-7.0656,-5.0101,-0.050101,False
2023-06-01,AAPL,sell_put,2.1448,6,6,9.5844,2.1448,0.128688,True
2023-06-01,ABBV,skip,0.0,0,0,-2.3413,0.0,0.0,True
2023-06-01,ABT,skip,0.0,0,0,6.8823,0.0,0.0,True
2023-06-01,ACN,sell_put,3.1651,6,6,0.8695,3.1651,0.189906,True
2023-06-01,ADBE,sell_put,5.5134,6,6,17.042,5.5134,0.330804,True
2023-06-01,ADI,skip,0.0,0,0,9.6347,0.0,0.0,True
2023-06-01,ADP,skip,0.0,0,0,5.1677,0.0,0.0,True
2023-06-01,AMAT,sell_put,4.1737,6,6,8.7115,4.1737,0.250422,True
2023-06-01,AMGN,skip,0.0,0,0,1.5703,0.0,0.0,True
2023-06-01,AMT,skip,0.0,0,0,5.1507,0.0,0.0,True
2023-06-01,AMZN,sell_put,3.2425,6,6,8.1108,3.2425,0.19455,True
2023-06-01,AVGO,sell_put,4.1737,6,6,7.3605,4.1737,0.250422,True
2023-06-01,AXP,skip,0.0,0,0,9.8638,0.0,0.0,True
2023-06-01,BAC,skip,0.0,0,0,3.2386,0.0,0.0,True
2023-06-01,BDX,skip,0.0,0,0,9.2033,0.0,0.0,True
2023-06-01,BKNG,skip,0.0,0,0,7.6356,0.0,0.0,True
2023-06-01,BLK,skip,0.0,0,0,5.1084,0.0,0.0,True
2023-06-01,BMY,skip,0.0,0,0,-0.7604,0.0,0.0,True
2023-06-01,BRK-B,skip,0.0,0,0,6.2041,0.0,0.0,True
2023-06-01,BSX,skip,0.0,0,0,5.0699,0.0,0.0,True
2023-06-01,CAT,skip,0.0,0,0,19.5869,0.0,0.0,True
2023-06-01,CB,skip,0.0,0,0,3.6383,0.0,0.0,True
2023-06-01,CMCSA,skip,0.0,0,0,5.5908,0.0,0.0,True
2023-06-01,COP,skip,0.0,0,0,4.8783,0.0,0.0,True
2023-06-01,COST,sell_put,1.5963,6,6,5.4623,1.5963,0.095778,True
2023-06-01,CRM,sell_put,3.4115,6,6,-5.4257,-2.0142,-0.120852,True
2023-06-01,CSCO,sell_put,1.425,6,6,4.1675,1.425,0.0855,True
2023-06-01,CVS,skip,0.0,0,0,1.6169,0.0,0.0,True
2023-06-01,CVX,skip,0.0,0,0,5.4912,0.0,0.0,True
2023-06-01,DE,skip,0.0,0,0,17.1137,0.0,0.0,True
2023-06-01,DHR,skip,0.0,0,0,4.5205,0.0,0.0,True
2023-06-01,DIS,skip,0.0,0,0,1.5007,0.0,0.0,True
2023-06-01,DUK,skip,0.0,0,0,1.5332,0.0,0.0,True
2023-06-01,EL,skip,0.0,0,0,7.0743,0.0,0.0,True
2023-06-01,EOG,skip,0.0,0,0,6.6642,0.0,0.0,True
2023-06-01,EQIX,sell_put,1.425,6,6,5.6449,1.425,0.0855,True
2023-06-01,GE,sell_put,2.5371,6,6,8.1946,2.5371,0.152226,True
2023-06-01,GILD,skip,0.0,0,0,0.169,0.0,0.0,True
2023-06-01,GOOGL,sell_put,2.7428,6,6,-2.58,0.1628,0.009768,True
2023-06-01,GS,skip,0.0,0,0,0.3383,0.0,0.0,True
2023-06-01,HD,skip,0.0,0,0,10.3815,0.0,0.0,True
2023-06-01,HON,skip,0.0,0,0,8.8667,0.0,0.0,True
2023-06-01,HUM,skip,0.0,0,0,-10.9072,0.0,0.0,True
2023-06-01,IBM,sell_put,1.425,6,6,5.4783,1.425,0.0855,True
2023-06-01,INTC,sell_put,4.1737,6,6,6.7969,4.1737,0.250422,True
2023-06-01,INTU,skip,0.0,0,0,9.3219,0.0,0.0,True
2023-06-01,ISRG,sell_put,1.7467,6,6,11.0772,1.7467,0.104802,True
2023-06-01,ITW,skip,0.0,0,0,14.3693,0.0,0.0,True
2023-06-01,JNJ,skip,0.0,0,0,7.5512,0.0,0.0,True
2023-06-01,JPM,skip,0.0,0,0,7.1697,0.0,0.0,True
2023-06-01,KO,skip,0.0,0,0,0.9387,0.0,0.0,True
2023-06-01,LLY,sell_put,2.2919,6,6,9.4863,2.2919,0.137514,True
2023-06-01,LMT,skip,0.0,0,0,4.3859,0.0,0.0,True
2023-06-01,LOW,skip,0.0,0,0,12.216,0.0,0.0,True
2023-06-01,LRCX,sell_put,4.1737,6,6,4.2419,4.1737,0.250422,True
2023-06-01,MA,skip,0.0,0,0,7.7475,0.0,0.0,True
2023-06-01,MCD,skip,0.0,0,0,4.6649,0.0,0.0,True
2023-06-01,MDLZ,skip,0.0,0,0,-0.6402,0.0,0.0,True
2023-06-01,MDT,skip,0.0,0,0,6.4524,0.0,0.0,True
2023-06-01,META,sell_put,2.8489,6,6,8.4089,2.8489,0.170934,True
2023-06-01,MRK,skip,0.0,0,0,4.5105,0.0,0.0,True
2023-06-01,MS,skip,0.0,0,0,4.452,0.0,0.0,True
2023-06-01,MSFT,sell_put,1.8518,6,6,3.9266,1.8518,0.111108,True
2023-06-01,MU,sell_put,4.4314,6,6,-7.4633,-3.0319,-0.181914,True
2023-06-01,NEE,skip,0.0,0,0,1.6556,0.0,0.0,True
2023-06-01,NFLX,sell_put,4.3127,6,6,11.4516,4.3127,0.258762,True
2023-06-01,NKE,skip,0.0,0,0,4.8546,0.0,0.0,True
2023-06-01,NOC,skip,0.0,0,0,5.1172,0.0,0.0,True
2023-06-01,NOW,sell_put,2.5065,6,6,3.1554,2.5065,0.15039,True
2023-06-01,NVDA,sell_put,4.4314,6,6,11.8095,4.4314,0.265884,True
2023-06-01,ORCL,sell_put,5.3801,6,6,12.4127,5.3801,0.322806,True
2023-06-01,PEP,skip,0.0,0,0,1.5739,0.0,0.0,True
2023-06-01,PFE,skip,0.0,0,0,-2.4805,0.0,0.0,True
2023-06-01,PG,skip,0.0,0,0,6.4842,0.0,0.0,True
2023-06-01,PLD,skip,0.0,0,0,-1.5416,0.0,0.0,True
2023-06-01,PM,skip,0.0,0,0,8.4546,0.0,0.0,True
2023-06-01,QCOM,skip,0.0,0,0,5.6932,0.0,0.0,True
2023-06-01,RTX,skip,0.0,0,0,6.97,0.0,0.0,True
2023-06-01,SBUX,skip,0.0,0,0,1.9595,0.0,0.0,True
2023-06-01,SCHW,sell_put,2.0987,6,6,8.1412,2.0987,0.125922,True
2023-06-01,SO,skip,0.0,0,0,1.6702,0.0,0.0,True
2023-06-01,SPGI,sell_put,2.0987,6,6,9.3829,2.0987,0.125922,True
2023-06-01,SYK,skip,0.0,0,0,10.7083,0.0,0.0,True
2023-06-01,T,skip,0.0,0,0,1.3986,0.0,0.0,True
2023-06-01,TJX,skip,0.0,0,0,10.8879,0.0,0.0,True
2023-06-01,TMO,skip,0.0,0,0,2.6138,0.0,0.0,True
2023-06-01,TMUS,skip,0.0,0,0,1.2022,0.0,0.0,True
2023-06-01,TXN,sell_put,4.1737,6,6,4.3282,4.1737,0.250422,True
2023-06-01,UNH,skip,0.0,0,0,-1.3546,0.0,0.0,True
2023-06-01,UNP,skip,0.0,0,0,7.0054,0.0,0.0,True
2023-06-01,UPS,skip,0.0,0,0,8.3666,0.0,0.0,True
2023-06-01,V,skip,0.0,0,0,7.6519,0.0,0.0,True
2023-06-01,VRTX,skip,0.0,0,0,8.7585,0.0,0.0,True
2023-06-01,VZ,skip,0.0,0,0,4.3783,0.0,0.0,True
2023-06-01,WFC,sell_put,3.1757,6,6,8.0479,3.1757,0.190542,True
2023-06-01,WM,skip,0.0,0,0,7.1023,0.0,0.0,True
2023-06-01,XOM,skip,0.0,0,0,5.8726,0.0,0.0,True
2023-06-01,ZTS,skip,0.0,0,0,5.6438,0.0,0.0,True
2023-07-01,AAPL,sell_put,2.9948,1,1,1.2785,2.9948,0.029948,False
2023-07-01,ABBV,skip,0.0,0,0,11.022,0.0,0.0,False
2023-07-01,ABT,sell_put,2.4623,1,1,2.1189,2.4623,0.024623,False
2023-07-01,ACN,sell_put,1.5406,1,1,2.518,1.5406,0.015406,False
2023-07-01,ADBE,sell_put,3.3073,1,1,11.6935,3.3073,0.033073,False
2023-07-01,ADI,sell_put,2.3625,1,1,2.9135,2.3625,0.023625,False
2023-07-01,ADP,sell_put,2.5842,1,1,13.1517,2.5842,0.025842,False
2023-07-01,AMAT,sell_put,2.3625,1,1,4.8776,2.3625,0.023625,False
2023-07-01,AMGN,sell_put,3.1559,1,1,5.4635,3.1559,0.031559,False
2023-07-01,AMT,sell_put,2.5842,1,1,-1.067,1.5172,0.015172,False
2023-07-01,AMZN,sell_put,4.5874,1,1,2.5468,4.5874,0.045874,False
2023-07-01,AVGO,sell_put,2.3625,1,1,4.1511,2.3625,0.023625,False
2023-07-01,AXP,sell_put,1.9471,1,1,-3.054,-1.1069,-0.011069,False
2023-07-01,BAC,sell_put,3.7683,1,1,12.4271,3.7683,0.037683,False
2023-07-01,BDX,sell_put,2.4623,1,1,5.916,2.4623,0.024623,False
2023-07-01,BKNG,sell_put,3.0,1,1,10.0162,3.0,0.03,False
2023-07-01,BLK,sell_put,2.2099,1,1,7.6892,2.2099,0.022099,False
2023-07-01,BMY,skip,0.0,0,0,-2.7522,0.0,0.0,False
2023-07-01,BRK-B,sell_put,1.3314,1,1,3.2141,1.3314,0.013314,False
2023-07-01,BSX,sell_put,2.4623,1,1,-4.1412,-1.6789,-0.016789,False
2023-07-01,CAT,sell_put,2.9195,1,1,7.7708,2.9195,0.029195,False
2023-07-01,CB,sell_put,2.2099,1,1,6.6396,2.2099,0.022099,False
2023-07-01,CMCSA,sell_put,2.7613,1,1,8.929,2.7613,0.027613,False
2023-07-01,COP,sell_put,2.9195,1,1,14.301,2.9195,0.029195,False
2023-07-01,COST,sell_put,1.5226,1,1,4.1402,1.5226,0.015226,False
2023-07-01,CRM,skip,0.0,0,0,6.5086,0.0,0.0,False
2023-07-01,CSCO,sell_put,2.5842,1,1,0.5798,2.5842,0.025842,False
2023-07-01,CVS,sell_put,3.1324,1,1,8.0428,3.1324,0.031324,False
2023-07-01,CVX,sell_put,2.4,1,1,4.0102,2.4,0.024,False
2023-07-01,DE,sell_put,2.9195,1,1,6.3524,2.9195,0.029195,False
2023-07-01,DHR,sell_put,2.4623,1,1,6.3974,2.4623,0.024623,False
2023-07-01,DIS,sell_put,2.415,1,1,-0.4368,1.9782,0.019782,False
2023-07-01,DUK,sell_put,1.4385,1,1,4.3236,1.4385,0.014385,False
2023-07-01,EL,sell_put,3.0,1,1,-8.341,-5.341,-0.05341,False
2023-07-01,EOG,sell_put,2.9195,1,1,15.8074,2.9195,0.029195,False
2023-07-01,EQIX,sell_put,2.5842,1,1,3.314,2.5842,0.025842,False
2023-07-01,GE,sell_put,2.9195,1,1,3.9964,2.9195,0.029195,False
2023-07-01,GILD,sell_put,3.1559,1,1,-0.2531,2.9028,0.029028,False
2023-07-01,GOOGL,skip,0.0,0,0,10.8772,0.0,0.0,False
2023-07-01,GS,sell_put,2.2099,1,1,10.3336,2.2099,0.022099,False
2023-07-01,HD,sell_put,1.3993,1,1,7.4684,1.3993,0.013993,False
2023-07-01,HON,sell_put,2.5842,1,1,-6.4434,-3.8592,-0.038592,False
2023-07-01,HUM,skip,0.0,0,0,2.3731,0.0,0.0,False
2023-07-01,IBM,sell_put,2.5842,1,1,7.7498,2.5842,0.025842,False
2023-07-01,INTC,sell_put,2.3625,1,1,6.9677,2.3625,0.023625,False
2023-07-01,INTU,sell_put,3.0935,1,1,11.6786,3.0935,0.030935,False
2023-07-01,ISRG,sell_put,2.4623,1,1,-5.1296,-2.6672,-0.026672,False
2023-07-01,ITW,sell_put,2.5842,1,1,5.8194,2.5842,0.025842,False
2023-07-01,JNJ,sell_put,1.8281,1,1,1.2144,1.8281,0.018281,False
2023-07-01,JPM,sell_put,2.2099,1,1,8.6084,2.2099,0.022099,False
2023-07-01,KO,sell_put,1.4385,1,1,3.6228,1.4385,0.014385,False
2023-07-01,LLY,sell_put,3.0029,1,1,-3.0769,-0.074,-0.00074,False
2023-07-01,LMT,sell_put,2.9195,1,1,-3.0431,-0.1236,-0.001236,False
2023-07-01,LOW,sell_put,1.3993,1,1,3.7971,1.3993,0.013993,False
2023-07-01,LRCX,sell_put,2.3625,1,1,12.0727,2.3625,0.023625,False
2023-07-01,MA,sell_put,1.9471,1,1,0.2492,1.9471,0.019471,False
2023-07-01,MCD,sell_put,1.4385,1,1,-1.2244,0.2142,0.002142,False
2023-07-01,MDLZ,skip,0.0,0,0,2.1687,0.0,0.0,False
2023-07-01,MDT,sell_put,2.4623,1,1,0.3984,2.4623,0.024623,False
2023-07-01,META,sell_put,6.3786,1,1,11.0182,6.3786,0.063786,False
2023-07-01,MRK,sell_put,2.3278,1,1,-6.9568,-4.629,-0.04629,False
2023-07-01,MS,sell_put,2.2099,1,1,7.2131,2.2099,0.022099,False
2023-07-01,MSFT,sell_put,3.3035,1,1,-1.3566,1.9469,0.019469,False
2023-07-01,MU,skip,0.0,0,0,13.1199,0.0,0.0,False
2023-07-01,NEE,sell_put,1.4385,1,1,-1.2129,0.2256,0.002256,False
2023-07-01,NFLX,sell_put,5.6236,1,1,-0.3451,5.2785,0.052785,False
2023-07-01,NKE,sell_put,2.5525,1,1,0.3473,2.5525,0.025525,False
2023-07-01,NOC,sell_put,2.9195,1,1,-2.3695,0.55,0.0055,False
2023-07-01,NOW,sell_put,4.2906,1,1,3.7422,4.2906,0.042906,False
2023-07-01,NVDA,sell_put,4.3605,1,1,10.4767,4.3605,0.043605,False
2023-07-01,ORCL,sell_put,2.5494,1,1,-1.5618,0.9876,0.009876,False
2023-07-01,PEP,sell_put,1.7404,1,1,1.9164,1.7404,0.017404,False
2023-07-01,PFE,skip,0.0,0,0,-1.6903,0.0,0.0,False
2023-07-01,PG,sell_put,2.0532,1,1,3.0051,2.0532,0.020532,False
2023-07-01,PLD,skip,0.0,0,0,2.4578,0.0,0.0,False
2023-07-01,PM,sell_put,1.7404,1,1,3.5157,1.7404,0.017404,False
2023-07-01,QCOM,sell_put,4.0758,1,1,11.0299,4.0758,0.040758,False
2023-07-01,RTX,sell_put,2.9195,1,1,-10.2389,-7.3194,-0.073194,False
2023-07-01,SBUX,sell_put,1.4385,1,1,2.5338,1.4385,0.014385,False
2023-07-01,SCHW,sell_put,2.2099,1,1,16.6196,2.2099,0.022099,False
2023-07-01,SO,sell_put,1.4385,1,1,2.9751,1.4385,0.014385,False
2023-07-01,SPGI,sell_put,2.2099,1,1,-1.5915,0.6184,0.006184,False
2023-07-01,SYK,sell_put,2.4623,1,1,-6.8735,-4.4111,-0.044111,False
2023-07-01,T,sell_put,2.7613,1,1,-8.9655,-6.2042,-0.062042,False
2023-07-01,TJX,sell_put,1.4504,1,1,2.0521,1.4504,0.014504,False
2023-07-01,TMO,sell_put,2.8496,1,1,5.2276,2.8496,0.028496,False
2023-07-01,TMUS,sell_put,2.7613,1,1,-0.8135,1.9478,0.019478,False
2023-07-01,TXN,sell_put,2.3625,1,1,-0.0111,2.3514,0.023514,False
2023-07-01,UNH,skip,0.0,0,0,5.7857,0.0,0.0,False
2023-07-01,UNP,sell_put,2.9195,1,1,13.3907,2.9195,0.029195,False
2023-07-01,UPS,sell_put,2.5842,1,1,4.3961,2.5842,0.025842,False
2023-07-01,V,sell_put,2.5621,1,1,0.1053,2.5621,0.025621,False
2023-07-01,VRTX,sell_put,3.1559,1,1,0.1222,3.1559,0.031559,False
2023-07-01,VZ,sell_put,2.7613,1,1,-8.3625,-5.6012,-0.056012,False
2023-07-01,WFC,sell_put,3.0879,1,1,8.1537,3.0879,0.030879,False
2023-07-01,WM,sell_put,3.0,1,1,-5.1429,-2.1429,-0.021429,False
2023-07-01,XOM,sell_put,2.9195,1,1,-0.0093,2.9102,0.029102,False
2023-07-01,ZTS,sell_put,3.1559,1,1,9.2213,3.1559,0.031559,False
2023-08-01,AAPL,sell_put,2.7355,1,1,-4.3675,-1.632,-0.01632,False
2023-08-01,ABBV,sell_put,1.5877,1,1,-0.6624,0.9253,0.009253,False
2023-08-01,ABT,sell_put,1.8224,1,1,-7.1288,-5.3064,-0.053064,False
2023-08-01,ACN,sell_put,2.7011,1,1,2.717,2.7011,0.027011,False
2023-08-01,ADBE,sell_put,4.4343,1,1,2.4113,4.4343,0.044343,False
2023-08-01,ADI,sell_put,4.0597,1,1,-8.8959,-4.8362,-0.048362,False
2023-08-01,ADP,sell_put,2.113,1,1,2.9726,2.113,0.02113,False
2023-08-01,AMAT,sell_put,4.0597,1,1,0.7718,4.0597,0.040597,False
2023-08-01,AMGN,sell_put,1.5877,1,1,9.4768,1.5877,0.015877,False
2023-08-01,AMT,skip,0.0,0,0,-4.7239,0.0,0.0,False
2023-08-01,AMZN,sell_put,3.0755,1,1,3.2391,3.0755,0.030755,False
2023-08-01,AVGO,sell_put,4.0597,1,1,2.6974,4.0597,0.040597,False
2023-08-01,AXP,skip,0.0,0,0,-6.1276,0.0,0.0,False
2023-08-01,BAC,sell_put,2.9134,1,1,-10.4063,-7.4928,-0.074928,False
2023-08-01,BDX,sell_put,1.8224,1,1,0.2979,1.8224,0.018224,False
2023-08-01,BKNG,sell_put,3.0,1,1,4.5183,3.0,0.03,False
2023-08-01,BLK,sell_put,2.0117,1,1,-5.1851,-3.1733,-0.031733,False
2023-08-01,BMY,skip,0.0,0,0,0.0124,0.0,0.0,False
2023-08-01,BRK-B,sell_put,1.3227,1,1,2.3412,1.3227,0.013227,False
2023-08-01,BSX,skip,0.0,0,0,4.0309,0.0,0.0,False
2023-08-01,CAT,sell_put,2.8914,1,1,6.5438,2.8914,0.028914,False
2023-08-01,CB,sell_put,2.0117,1,1,-1.7318,0.2799,0.002799,False
2023-08-01,CMCSA,sell_put,1.4733,1,1,4.0403,1.4733,0.014733,False
2023-08-01,COP,sell_put,2.8914,1,1,1.1128,2.8914,0.028914,False
2023-08-01,COST,sell_put,2.2919,1,1,-2.0315,0.2604,0.002604,False
2023-08-01,CRM,sell_put,3.8939,1,1,-1.5777,2.3162,0.023162,False
2023-08-01,CSCO,sell_put,2.113,1,1,11.0394,2.113,0.02113,False
2023-08-01,CVS,sell_put,1.5965,1,1,-12.0305,-10.434,-0.10434,False
2023-08-01,CVX,sell_put,2.7694,1,1,-1.5642,1.2052,0.012052,False
2023-08-01,DE,sell_put,2.8914,1,1,-4.3436,-1.4522,-0.014522,False
2023-08-01,DHR,sell_put,1.8224,1,1,3.8971,1.8224,0.018224,False
2023-08-01,DIS,skip,0.0,0,0,-5.8612,0.0,0.0,False
2023-08-01,DUK,sell_put,1.1119,1,1,-5.1485,-4.0365,-0.040365,False
2023-08-01,EL,skip,0.0,0,0,-10.8167,0.0,0.0,False
2023-08-01,EOG,sell_put,2.8914,1,1,-2.2926,0.5988,0.005988,False
2023-08-01,EQIX,sell_put,2.113,1,1,-3.5238,-1.4108,-0.014108,False
2023-08-01,GE,sell_put,2.8914,1,1,0.2667,2.8914,0.028914,False
2023-08-01,GILD,skip,0.0,0,0,0.4466,0.0,0.0,False
2023-08-01,GOOGL,sell_put,2.956,1,1,2.5995,2.956,0.02956,False
2023-08-01,GS,sell_put,2.0117,1,1,-7.913,-5.9013,-0.059013,False
2023-08-01,HD,sell_put,3.2974,1,1,-1.0604,2.237,0.02237,False
2023-08-01,HON,skip,0.0,0,0,-3.1886,0.0,0.0,False
2023-08-01,HUM,sell_put,1.5965,1,1,1.0507,1.5965,0.015965,False
2023-08-01,IBM,sell_put,2.113,1,1,1.838,2.113,0.02113,False
2023-08-01,INTC,sell_put,4.0597,1,1,-1.7612,2.2984,0.022984,False
2023-08-01,INTU,sell_put,4.0185,1,1,6.0675,4.0185,0.040185,False
2023-08-01,ISRG,skip,0.0,0,0,-3.6128,0.0,0.0,False
2023-08-01,ITW,sell_put,2.113,1,1,-6.0649,-3.9519,-0.039519,False
2023-08-01,JNJ,sell_put,3.1458,1,1,-3.4919,-0.3461,-0.003461,False
2023-08-01,JPM,sell_put,2.0117,1,1,-6.7264,-4.7147,-0.047147,False
2023-08-01,KO,sell_put,1.1119,1,1,-3.3909,-2.279,-0.02279,False
2023-08-01,LLY,skip,0.0,0,0,21.9228,0.0,0.0,False
2023-08-01,LMT,skip,0.0,0,0,0.4436,0.0,0.0,False
2023-08-01,LOW,sell_put,3.2974,1,1,-1.1531,2.1443,0.021443,False
2023-08-01,LRCX,sell_put,4.0597,1,1,-2.2394,1.8203,0.018203,False
2023-08-01,MA,sell_put,1.6464,1,1,4.8079,1.6464,0.016464,False
2023-08-01,MCD,skip,0.0,0,0,-4.1098,0.0,0.0,False
2023-08-01,MDLZ,sell_put,1.2135,1,1,-3.8716,-2.658,-0.02658,False
2023-08-01,MDT,sell_put,1.8224,1,1,-7.1331,-5.3107,-0.053107,False
2023-08-01,META,sell_put,3.2752,1,1,-7.1281,-3.8529,-0.038529,False
2023-08-01,MRK,skip,0.0,0,0,2.1847,0.0,0.0,False
2023-08-01,MS,sell_put,2.0117,1,1,-6.1407,-4.129,-0.04129,False
2023-08-01,MSFT,skip,0.0,0,0,-2.4292,0.0,0.0,False
2023-08-01,MU,sell_put,7.7522,1,1,-1.8468,5.9054,0.059054,False
2023-08-01,NEE,skip,0.0,0,0,-8.8677,0.0,0.0,False
2023-08-01,NFLX,skip,0.0,0,0,-1.2051,0.0,0.0,False
2023-08-01,NKE,sell_put,2.6198,1,1,-7.863,-5.2432,-0.052432,False
2023-08-01,NOC,skip,0.0,0,0,-2.6764,0.0,0.0,False
2023-08-01,NOW,sell_put,3.4314,1,1,1.0,3.4314,0.034314,False
2023-08-01,NVDA,sell_put,7.7522,1,1,5.6196,7.7522,0.077522,False
2023-08-01,ORCL,skip,0.0,0,0,3.056,0.0,0.0,False
2023-08-01,PEP,sell_put,1.2135,1,1,-5.0891,-3.8755,-0.038755,False
2023-08-01,PFE,skip,0.0,0,0,-0.7926,0.0,0.0,False
2023-08-01,PG,sell_put,0.8259,1,1,-0.6318,0.1941,0.001941,False
2023-08-01,PLD,sell_put,2.113,1,1,-0.4409,1.6721,0.016721,False
2023-08-01,PM,sell_put,1.2135,1,1,-3.6703,-2.4567,-0.024567,False
2023-08-01,QCOM,sell_put,3.5294,1,1,-13.3465,-9.817,-0.09817,False
2023-08-01,RTX,skip,0.0,0,0,-2.1494,0.0,0.0,False
2023-08-01,SBUX,sell_put,1.1119,1,1,-4.0662,-2.9542,-0.029542,False
2023-08-01,SCHW,sell_put,2.0117,1,1,-10.5144,-8.5026,-0.085026,False
2023-08-01,SO,sell_put,1.1119,1,1,-6.3727,-5.2608,-0.052608,False
2023-08-01,SPGI,skip,0.0,0,0,-0.9252,0.0,0.0,False
2023-08-01,SYK,skip,0.0,0,0,0.0494,0.0,0.0,False
2023-08-01,T,skip,0.0,0,0,3.6756,0.0,0.0,False
2023-08-01,TJX,sell_put,2.1198,1,1,6.8762,2.1198,0.021198,False
2023-08-01,TMO,sell_put,1.9108,1,1,1.5383,1.9108,0.019108,False
2023-08-01,TMUS,skip,0.0,0,0,-1.1033,0.0,0.0,False
2023-08-01,TXN,skip,0.0,0,0,-5.9773,0.0,0.0,False
2023-08-01,UNH,sell_put,1.5965,1,1,-5.883,-4.2865,-0.042865,False
2023-08-01,UNP,sell_put,2.8914,1,1,-4.9349,-2.0435,-0.020435,False
2023-08-01,UPS,sell_put,2.113,1,1,-9.4747,-7.3617,-0.073617,False
2023-08-01,V,sell_put,1.5115,1,1,3.3441,1.5115,0.015115,False
2023-08-01,VRTX,sell_put,1.5877,1,1,-1.1353,0.4524,0.004524,False
2023-08-01,VZ,skip,0.0,0,0,4.4783,0.0,0.0,False
2023-08-01,WFC,sell_put,2.3009,1,1,-10.5503,-8.2493,-0.082493,False
2023-08-01,WM,skip,0.0,0,0,-4.2799,0.0,0.0,False
2023-08-01,XOM,skip,0.0,0,0,3.6833,0.0,0.0,False
2023-08-01,ZTS,sell_put,1.5877,1,1,1.5094,1.5877,0.015877,False
2023-09-01,AAPL,skip,0.0,0,0,-8.7448,0.0,0.0,True
2023-09-01,ABBV,skip,0.0,0,0,1.429,0.0,0.0,True
2023-09-01,ABT,skip,0.0,0,0,-5.8795,0.0,0.0,True
2023-09-01,ACN,sell_put,2.9626,2,2,-5.1456,-2.183,-0.04366,True
2023-09-01,ADBE,sell_put,4.3502,2,2,-8.839,-4.4888,-0.089776,True
2023-09-01,ADI,skip,0.0,0,0,-3.6803,0.0,0.0,True
2023-09-01,ADP,sell_put,1.4948,2,2,-5.5104,-4.0156,-0.080312,True
2023-09-01,AMAT,sell_put,3.124,2,2,-9.171,-6.0471,-0.120942,True
2023-09-01,AMGN,sell_put,2.0821,2,2,5.6946,2.0821,0.041642,True
2023-09-01,AMT,skip,0.0,0,0,-9.304,0.0,0.0,True
2023-09-01,AMZN,sell_put,2.5469,2,2,-7.8907,-5.3439,-0.106878,True
2023-09-01,AVGO,sell_put,3.124,2,2,-10.0023,-6.8783,-0.137566,True
2023-09-01,AXP,skip,0.0,0,0,-5.57,0.0,0.0,True
2023-09-01,BAC,skip,0.0,0,0,-3.7036,0.0,0.0,True
2023-09-01,BDX,sell_put,1.7401,2,2,-7.4861,-5.746,-0.11492,True
2023-09-01,BKNG,sell_put,3.0,2,2,-0.6789,2.3211,0.046422,True
2023-09-01,BLK,skip,0.0,0,0,-7.7155,0.0,0.0,True
2023-09-01,BMY,sell_put,2.0821,2,2,-5.8556,-3.7735,-0.07547,True
2023-09-01,BRK-B,sell_put,1.231,2,2,-2.7485,-1.5174,-0.030348,True
2023-09-01,BSX,sell_put,1.7401,2,2,-2.1135,-0.3733,-0.007466,True
2023-09-01,CAT,sell_put,2.1655,2,2,-2.8919,-0.7264,-0.014528,True
2023-09-01,CB,skip,0.0,0,0,3.6392,0.0,0.0,True
2023-09-01,CMCSA,sell_put,2.4741,2,2,-5.1754,-2.7012,-0.054024,True
2023-09-01,COP,sell_put,2.1655,2,2,1.085,2.1655,0.04331,True
2023-09-01,COST,skip,0.0,0,0,3.049,0.0,0.0,True
2023-09-01,CRM,skip,0.0,0,0,-8.4349,0.0,0.0,True
2023-09-01,CSCO,sell_put,1.4948,2,2,-6.2598,-4.765,-0.0953,True
2023-09-01,CVS,skip,0.0,0,0,7.1352,0.0,0.0,True
2023-09-01,CVX,skip,0.0,0,0,5.6738,0.0,0.0,True
2023-09-01,DE,skip,0.0,0,0,-8.1666,0.0,0.0,True
2023-09-01,DHR,sell_put,1.7401,2,2,-6.3774,-4.6372,-0.092744,True
2023-09-01,DIS,skip,0.0,0,0,-3.1429,0.0,0.0,True
2023-09-01,DUK,skip,0.0,0,0,0.5154,0.0,0.0,True
2023-09-01,EL,skip,0.0,0,0,-9.5798,0.0,0.0,True
2023-09-01,EOG,skip,0.0,0,0,-1.4461,0.0,0.0,True
2023-09-01,EQIX,skip,0.0,0,0,-6.6272,0.0,0.0,True
2023-09-01,GE,sell_put,2.1655,2,2,-3.416,-1.2505,-0.02501,True
2023-09-01,GILD,sell_put,2.0821,2,2,-2.0136,0.0685,0.00137,True
2023-09-01,GOOGL,sell_put,2.6537,2,2,-3.8995,-1.2458,-0.024916,True
2023-09-01,GS,skip,0.0,0,0,-0.44,0.0,0.0,True
2023-09-01,HD,skip,0.0,0,0,-7.9354,0.0,0.0,True
2023-09-01,HON,skip,0.0,0,0,-1.1647,0.0,0.0,True
2023-09-01,HUM,sell_put,2.1123,2,2,5.3918,2.1123,0.042246,True
2023-09-01,IBM,sell_put,1.4948,2,2,-3.3477,-1.8529,-0.037058,True
2023-09-01,INTC,skip,0.0,0,0,1.5307,0.0,0.0,True
2023-09-01,INTU,sell_put,2.9476,2,2,-5.6976,-2.75,-0.055,True
2023-09-01,ISRG,skip,0.0,0,0,-6.521,0.0,0.0,True
2023-09-01,ITW,skip,0.0,0,0,-6.889,0.0,0.0,True
2023-09-01,JNJ,skip,0.0,0,0,-2.9683,0.0,0.0,True
2023-09-01,JPM,skip,0.0,0,0,-0.8952,0.0,0.0,True
2023-09-01,KO,skip,0.0,0,0,-6.4349,0.0,0.0,True
2023-09-01,LLY,sell_put,1.7263,2,2,-2.8723,-1.1461,-0.022922,True
2023-09-01,LMT,sell_put,2.1655,2,2,-8.1767,-6.0112,-0.120224,True
2023-09-01,LOW,skip,0.0,0,0,-9.823,0.0,0.0,True
2023-09-01,LRCX,skip,0.0,0,0,-10.7674,0.0,0.0,True
2023-09-01,MA,sell_put,1.5469,2,2,-4.0544,-2.5075,-0.05015,True
2023-09-01,MCD,skip,0.0,0,0,-5.7954,0.0,0.0,True
2023-09-01,MDLZ,skip,0.0,0,0,-2.6102,0.0,0.0,True
2023-09-01,MDT,skip,0.0,0,0,-3.8528,0.0,0.0,True
2023-09-01,META,skip,0.0,0,0,1.46,0.0,0.0,True
2023-09-01,MRK,sell_put,3.2307,2,2,-5.5331,-2.3025,-0.04605,True
2023-09-01,MS,skip,0.0,0,0,-4.0869,0.0,0.0,True
2023-09-01,MSFT,skip,0.0,0,0,-3.4603,0.0,0.0,True
2023-09-01,MU,skip,0.0,0,0,-2.7309,0.0,0.0,True
2023-09-01,NEE,skip,0.0,0,0,-13.6424,0.0,0.0,True
2023-09-01,NFLX,skip,0.0,0,0,-12.9312,0.0,0.0,True
2023-09-01,NKE,skip,0.0,0,0,-5.9876,0.0,0.0,True
2023-09-01,NOC,skip,0.0,0,0,2.0811,0.0,0.0,True
2023-09-01,NOW,sell_put,4.1253,2,2,-5.0728,-0.9475,-0.01895,True
2023-09-01,NVDA,sell_put,4.1983,2,2,-11.8651,-7.6667,-0.153334,True
2023-09-01,ORCL,sell_put,2.5942,2,2,-12.0193,-9.4251,-0.188502,True
2023-09-01,PEP,skip,0.0,0,0,-4.0962,0.0,0.0,True
2023-09-01,PFE,skip,0.0,0,0,-6.2465,0.0,0.0,True
2023-09-01,PG,skip,0.0,0,0,-5.4944,0.0,0.0,True
2023-09-01,PLD,skip,0.0,0,0,-9.6538,0.0,0.0,True
2023-09-01,PM,skip,0.0,0,0,-3.6227,0.0,0.0,True
2023-09-01,QCOM,skip,0.0,0,0,-2.3431,0.0,0.0,True
2023-09-01,RTX,skip,0.0,0,0,-15.7692,0.0,0.0,True
2023-09-01,SBUX,skip,0.0,0,0,-5.8326,0.0,0.0,True
2023-09-01,SCHW,skip,0.0,0,0,-6.8284,0.0,0.0,True
2023-09-01,SO,skip,0.0,0,0,-3.4539,0.0,0.0,True
2023-09-01,SPGI,skip,0.0,0,0,-6.2934,0.0,0.0,True
2023-09-01,SYK,sell_put,1.7401,2,2,-3.6255,-1.8853,-0.037706,True
2023-09-01,T,sell_put,2.4741,2,2,1.5551,2.4741,0.049482,True
2023-09-01,TJX,sell_put,0.834,2,2,-3.5217,-2.6877,-0.053754,True
2023-09-01,TMO,sell_put,2.8496,2,2,-9.142,-6.2924,-0.125848,True
2023-09-01,TMUS,skip,0.0,0,0,2.789,0.0,0.0,True
2023-09-01,TXN,skip,0.0,0,0,-5.385,0.0,0.0,True
2023-09-01,UNH,skip,0.0,0,0,5.7933,0.0,0.0,True
2023-09-01,UNP,skip,0.0,0,0,-7.1398,0.0,0.0,True
2023-09-01,UPS,skip,0.0,0,0,-7.1531,0.0,0.0,True
2023-09-01,V,sell_put,1.8655,2,2,-6.2022,-4.3366,-0.086732,True
2023-09-01,VRTX,skip,0.0,0,0,-0.1722,0.0,0.0,True
2023-09-01,VZ,sell_put,2.4741,2,2,-7.347,-4.8729,-0.097458,True
2023-09-01,WFC,skip,0.0,0,0,-0.2675,0.0,0.0,True
2023-09-01,WM,skip,0.0,0,0,-2.7682,0.0,0.0,True
2023-09-01,XOM,sell_put,2.1655,2,2,6.6138,2.1655,0.04331,True
2023-09-01,ZTS,sell_put,2.0821,2,2,-8.6767,-6.5946,-0.131892,True
2023-10-01,AAPL,skip,0.0,0,0,-0.257,0.0,0.0,True
2023-10-01,ABBV,sell_put,1.3244,14,14,-5.2865,-3.9621,-0.554694,True
2023-10-01,ABT,skip,0.0,0,0,-2.3748,0.0,0.0,True
2023-10-01,ACN,skip,0.0,0,0,-3.2627,0.0,0.0,True
2023-10-01,ADBE,skip,0.0,0,0,4.346,0.0,0.0,True
2023-10-01,ADI,skip,0.0,0,0,-9.7162,0.0,0.0,True
2023-10-01,ADP,skip,0.0,0,0,-8.8403,0.0,0.0,True
2023-10-01,AMAT,skip,0.0,0,0,-4.4059,0.0,0.0,True
2023-10-01,AMGN,sell_put,1.3244,14,14,-4.8593,-3.5349,-0.494886,True
2023-10-01,AMT,skip,0.0,0,0,8.3551,0.0,0.0,True
2023-10-01,AMZN,skip,0.0,0,0,4.6963,0.0,0.0,True
2023-10-01,AVGO,skip,0.0,0,0,1.8508,0.0,0.0,True
2023-10-01,AXP,skip,0.0,0,0,-2.1181,0.0,0.0,True
2023-10-01,BAC,skip,0.0,0,0,-3.7984,0.0,0.0,True
2023-10-01,BDX,skip,0.0,0,0,-1.8893,0.0,0.0,True
2023-10-01,BKNG,skip,0.0,0,0,-9.5459,0.0,0.0,True
2023-10-01,BLK,skip,0.0,0,0,-4.6045,0.0,0.0,True
2023-10-01,BMY,skip,0.0,0,0,-11.2164,0.0,0.0,True
2023-10-01,BRK-B,skip,0.0,0,0,-2.5607,0.0,0.0,True
2023-10-01,BSX,skip,0.0,0,0,-3.0492,0.0,0.0,True
2023-10-01,CAT,skip,0.0,0,0,-17.1978,0.0,0.0,True
2023-10-01,CB,sell_put,2.232,14,14,3.5177,2.232,0.31248,True
2023-10-01,CMCSA,skip,0.0,0,0,-6.8787,0.0,0.0,True
2023-10-01,COP,sell_put,3.3049,14,14,-0.337,2.9679,0.415506,True
2023-10-01,COST,sell_put,2.0923,14,14,-2.2161,-0.1238,-0.017332,True
2023-10-01,CRM,skip,0.0,0,0,-0.9616,0.0,0.0,True
2023-10-01,CSCO,skip,0.0,0,0,-3.032,0.0,0.0,True
2023-10-01,CVS,sell_put,1.8748,14,14,-1.1601,0.7146,0.100044,True
2023-10-01,CVX,sell_put,2.9975,14,14,-13.5749,-10.5774,-1.480836,True
2023-10-01,DE,skip,0.0,0,0,-2.8439,0.0,0.0,True
2023-10-01,DHR,skip,0.0,0,0,-12.6971,0.0,0.0,True
2023-10-01,DIS,skip,0.0,0,0,0.6662,0.0,0.0,True
2023-10-01,DUK,sell_put,1.558,14,14,0.7138,1.558,0.21812,True
2023-10-01,EL,skip,0.0,0,0,-10.8475,0.0,0.0,True
2023-10-01,EOG,skip,0.0,0,0,-0.4023,0.0,0.0,True
2023-10-01,EQIX,skip,0.0,0,0,0.4654,0.0,0.0,True
2023-10-01,GE,skip,0.0,0,0,-1.666,0.0,0.0,True
2023-10-01,GILD,skip,0.0,0,0,5.8305,0.0,0.0,True
2023-10-01,GOOGL,skip,0.0,0,0,-5.1811,0.0,0.0,True
2023-10-01,GS,skip,0.0,0,0,-6.1687,0.0,0.0,True
2023-10-01,HD,skip,0.0,0,0,-5.7817,0.0,0.0,True
2023-10-01,HON,skip,0.0,0,0,-0.8011,0.0,0.0,True
2023-10-01,HUM,sell_put,1.8748,14,14,7.8333,1.8748,0.262472,True
2023-10-01,IBM,skip,0.0,0,0,3.0934,0.0,0.0,True
2023-10-01,INTC,sell_put,3.9092,14,14,2.6723,3.9092,0.547288,True
2023-10-01,INTU,skip,0.0,0,0,-3.1295,0.0,0.0,True
2023-10-01,ISRG,skip,0.0,0,0,-10.2877,0.0,0.0,True
2023-10-01,ITW,skip,0.0,0,0,-2.0979,0.0,0.0,True
2023-10-01,JNJ,skip,0.0,0,0,-4.7576,0.0,0.0,True
2023-10-01,JPM,skip,0.0,0,0,-4.1098,0.0,0.0,True
2023-10-01,KO,skip,0.0,0,0,1.7117,0.0,0.0,True
2023-10-01,LLY,skip,0.0,0,0,3.1277,0.0,0.0,True
2023-10-01,LMT,skip,0.0,0,0,11.1698,0.0,0.0,True
2023-10-01,LOW,skip,0.0,0,0,-8.3093,0.0,0.0,True
2023-10-01,LRCX,skip,0.0,0,0,-5.8669,0.0,0.0,True
2023-10-01,MA,skip,0.0,0,0,-4.9405,0.0,0.0,True
2023-10-01,MCD,skip,0.0,0,0,-0.4821,0.0,0.0,True
2023-10-01,MDLZ,skip,0.0,0,0,-4.0137,0.0,0.0,True
2023-10-01,MDT,skip,0.0,0,0,-9.185,0.0,0.0,True
2023-10-01,META,sell_put,4.1215,14,14,0.3531,4.1215,0.57701,True
2023-10-01,MRK,skip,0.0,0,0,0.4373,0.0,0.0,True
2023-10-01,MS,skip,0.0,0,0,-13.2852,0.0,0.0,True
2023-10-01,MSFT,skip,0.0,0,0,7.0816,0.0,0.0,True
2023-10-01,MU,skip,0.0,0,0,-1.7051,0.0,0.0,True
2023-10-01,NEE,skip,0.0,0,0,1.763,0.0,0.0,True
2023-10-01,NFLX,skip,0.0,0,0,9.0281,0.0,0.0,True
2023-10-01,NKE,skip,0.0,0,0,7.838,0.0,0.0,True
2023-10-01,NOC,sell_put,3.3049,14,14,7.0969,3.3049,0.462686,True
2023-10-01,NOW,skip,0.0,0,0,4.0951,0.0,0.0,True
2023-10-01,NVDA,skip,0.0,0,0,-6.243,0.0,0.0,True
2023-10-01,ORCL,skip,0.0,0,0,-2.3791,0.0,0.0,True
2023-10-01,PEP,skip,0.0,0,0,-3.6355,0.0,0.0,True
2023-10-01,PFE,skip,0.0,0,0,-7.8686,0.0,0.0,True
2023-10-01,PG,skip,0.0,0,0,2.8589,0.0,0.0,True
2023-10-01,PLD,skip,0.0,0,0,-9.5803,0.0,0.0,True
2023-10-01,PM,skip,0.0,0,0,-2.3394,0.0,0.0,True
2023-10-01,QCOM,skip,0.0,0,0,-1.8638,0.0,0.0,True
2023-10-01,RTX,skip,0.0,0,0,13.0888,0.0,0.0,True
2023-10-01,SBUX,skip,0.0,0,0,1.0628,0.0,0.0,True
2023-10-01,SCHW,skip,0.0,0,0,-5.2095,0.0,0.0,True
2023-10-01,SO,skip,0.0,0,0,3.9864,0.0,0.0,True
2023-10-01,SPGI,skip,0.0,0,0,-4.406,0.0,0.0,True
2023-10-01,SYK,skip,0.0,0,0,-0.8371,0.0,0.0,True
2023-10-01,T,sell_put,1.6554,14,14,2.53,1.6554,0.231756,True
2023-10-01,TJX,skip,0.0,0,0,-0.9113,0.0,0.0,True
2023-10-01,TMO,skip,0.0,0,0,-12.0701,0.0,0.0,True
2023-10-01,TMUS,sell_put,1.6554,14,14,2.7205,1.6554,0.231756,True
2023-10-01,TXN,skip,0.0,0,0,-10.6912,0.0,0.0,True
2023-10-01,UNH,sell_put,1.8748,14,14,6.6354,1.8748,0.262472,True
2023-10-01,UNP,skip,0.0,0,0,1.9545,0.0,0.0,True
2023-10-01,UPS,skip,0.0,0,0,-9.3796,0.0,0.0,True
2023-10-01,V,skip,0.0,0,0,2.2129,0.0,0.0,True
2023-10-01,VRTX,skip,0.0,0,0,4.1324,0.0,0.0,True
2023-10-01,VZ,skip,0.0,0,0,8.3925,0.0,0.0,True
2023-10-01,WFC,skip,0.0,0,0,-2.6676,0.0,0.0,True
2023-10-01,WM,skip,0.0,0,0,8.2858,0.0,0.0,True
2023-10-01,XOM,sell_put,3.3049,14,14,-9.9762,-6.6713,-0.933982,True
2023-10-01,ZTS,skip,0.0,0,0,-9.7597,0.0,0.0,True
2023-11-01,AAPL,skip,0.0,0,0,11.2315,0.0,0.0,True
2023-11-01,ABBV,skip,0.0,0,0,1.8666,0.0,0.0,True
2023-11-01,ABT,skip,0.0,0,0,10.912,0.0,0.0,True
2023-11-01,ACN,skip,0.0,0,0,12.5995,0.0,0.0,True
2023-11-01,ADBE,sell_put,3.6362,8,8,14.8386,3.6362,0.290896,True
2023-11-01,ADI,skip,0.0,0,0,16.5576,0.0,0.0,True
2023-11-01,ADP,skip,0.0,0,0,5.3616,0.0,0.0,True
2023-11-01,AMAT,skip,0.0,0,0,13.1696,0.0,0.0,True
2023-11-01,AMGN,skip,0.0,0,0,5.4517,0.0,0.0,True
2023-11-01,AMT,sell_put,0.9858,8,8,18.3504,0.9858,0.078864,True
2023-11-01,AMZN,sell_put,2.6684,8,8,9.7678,2.6684,0.213472,True
2023-11-01,AVGO,sell_put,3.5233,8,8,10.0265,3.5233,0.281864,True
2023-11-01,AXP,skip,0.0,0,0,17.4222,0.0,0.0,True
2023-11-01,BAC,skip,0.0,0,0,15.7555,0.0,0.0,True
2023-11-01,BDX,skip,0.0,0,0,-6.567,0.0,0.0,True
2023-11-01,BKNG,skip,0.0,0,0,12.0499,0.0,0.0,True
2023-11-01,BLK,skip,0.0,0,0,22.6938,0.0,0.0,True
2023-11-01,BMY,skip,0.0,0,0,-3.1997,0.0,0.0,True
2023-11-01,BRK-B,skip,0.0,0,0,5.4698,0.0,0.0,True
2023-11-01,BSX,skip,0.0,0,0,9.1815,0.0,0.0,True
2023-11-01,CAT,skip,0.0,0,0,11.4866,0.0,0.0,True
2023-11-01,CB,sell_put,1.4241,8,8,6.9006,1.4241,0.113928,True
2023-11-01,CMCSA,skip,0.0,0,0,2.1188,0.0,0.0,True
2023-11-01,COP,skip,0.0,0,0,-2.7189,0.0,0.0,True
2023-11-01,COST,skip,0.0,0,0,7.2949,0.0,0.0,True
2023-11-01,CRM,skip,0.0,0,0,25.4295,0.0,0.0,True
2023-11-01,CSCO,skip,0.0,0,0,-6.5233,0.0,0.0,True
2023-11-01,CVS,skip,0.0,0,0,-0.6909,0.0,0.0,True
2023-11-01,CVX,skip,0.0,0,0,-1.4616,0.0,0.0,True
2023-11-01,DE,skip,0.0,0,0,-0.26,0.0,0.0,True
2023-11-01,DHR,skip,0.0,0,0,16.4389,0.0,0.0,True
2023-11-01,DIS,sell_put,2.0427,8,8,13.6046,2.0427,0.163416,True
2023-11-01,DUK,sell_put,1.1639,8,8,3.8137,1.1639,0.093112,True
2023-11-01,EL,skip,0.0,0,0,-0.9156,0.0,0.0,True
2023-11-01,EOG,skip,0.0,0,0,-1.9142,0.0,0.0,True
2023-11-01,EQIX,sell_put,0.9858,8,8,11.7003,0.9858,0.078864,True
2023-11-01,GE,skip,0.0,0,0,12.1237,0.0,0.0,True
2023-11-01,GILD,sell_put,1.8946,8,8,-2.4701,-0.5755,-0.04604,True
2023-11-01,GOOGL,skip,0.0,0,0,6.8101,0.0,0.0,True
2023-11-01,GS,skip,0.0,0,0,12.4931,0.0,0.0,True
2023-11-01,HD,skip,0.0,0,0,10.1162,0.0,0.0,True
2023-11-01,HON,skip,0.0,0,0,6.9082,0.0,0.0,True
2023-11-01,HUM,sell_put,1.4901,8,8,-7.4147,-5.9246,-0.473968,True
2023-11-01,IBM,sell_put,0.9858,8,8,9.6239,0.9858,0.078864,True
2023-11-01,INTC,sell_put,3.5233,8,8,22.4657,3.5233,0.281864,True
2023-11-01,INTU,skip,0.0,0,0,15.6593,0.0,0.0,True
2023-11-01,ISRG,skip,0.0,0,0,18.5417,0.0,0.0,True
2023-11-01,ITW,skip,0.0,0,0,8.0716,0.0,0.0,True
2023-11-01,JNJ,skip,0.0,0,0,4.2605,0.0,0.0,True
2023-11-01,JPM,skip,0.0,0,0,13.0675,0.0,0.0,True
2023-11-01,KO,sell_put,1.1639,8,8,3.4519,1.1639,0.093112,True
2023-11-01,LLY,sell_put,2.2366,8,8,6.6994,2.2366,0.178928,True
2023-11-01,LMT,sell_put,2.514,8,8,-1.5111,1.003,0.08024,True
2023-11-01,LOW,skip,0.0,0,0,4.9472,0.0,0.0,True
2023-11-01,LRCX,skip,0.0,0,0,21.7096,0.0,0.0,True
2023-11-01,MA,skip,0.0,0,0,10.1182,0.0,0.0,True
2023-11-01,MCD,skip,0.0,0,0,7.5028,0.0,0.0,True
2023-11-01,MDLZ,skip,0.0,0,0,7.3252,0.0,0.0,True
2023-11-01,MDT,skip,0.0,0,0,12.3441,0.0,0.0,True
2023-11-01,META,sell_put,2.5491,8,8,8.5903,2.5491,0.203928,True
2023-11-01,MRK,sell_put,2.1083,8,8,-0.2142,1.8941,0.151528,True
2023-11-01,MS,skip,0.0,0,0,13.3997,0.0,0.0,True
2023-11-01,MSFT,sell_put,2.0167,8,8,12.0671,2.0167,0.161336,True
2023-11-01,MU,skip,0.0,0,0,14.0227,0.0,0.0,True
2023-11-01,NEE,sell_put,1.1639,8,8,0.3602,1.1639,0.093112,True
2023-11-01,NFLX,sell_put,2.5244,8,8,15.1279,2.5244,0.201952,True
2023-11-01,NKE,sell_put,3.7014,8,8,7.2979,3.7014,0.296112,True
2023-11-01,NOC,sell_put,2.514,8,8,0.7912,2.514,0.20112,True
2023-11-01,NOW,sell_put,2.2951,8,8,17.8551,2.2951,0.183608,True
2023-11-01,NVDA,skip,0.0,0,0,14.6886,0.0,0.0,True
2023-11-01,ORCL,skip,0.0,0,0,12.8,0.0,0.0,True
2023-11-01,PEP,skip,0.0,0,0,3.0683,0.0,0.0,True
2023-11-01,PFE,skip,0.0,0,0,-0.2945,0.0,0.0,True
2023-11-01,PG,sell_put,0.8926,8,8,2.972,0.8926,0.071408,True
2023-11-01,PLD,skip,0.0,0,0,14.0744,0.0,0.0,True
2023-11-01,PM,skip,0.0,0,0,4.7106,0.0,0.0,True
2023-11-01,QCOM,skip,0.0,0,0,18.4054,0.0,0.0,True
2023-11-01,RTX,sell_put,2.514,8,8,0.1106,2.514,0.20112,True
2023-11-01,SBUX,sell_put,1.1639,8,8,7.654,1.1639,0.093112,True
2023-11-01,SCHW,skip,0.0,0,0,17.8324,0.0,0.0,True
2023-11-01,SO,sell_put,1.1639,8,8,5.4681,1.1639,0.093112,True
2023-11-01,SPGI,skip,0.0,0,0,19.0432,0.0,0.0,True
2023-11-01,SYK,skip,0.0,0,0,9.6625,0.0,0.0,True
2023-11-01,T,sell_put,2.0527,8,8,9.6529,2.0527,0.164216,True
2023-11-01,TJX,skip,0.0,0,0,0.0454,0.0,0.0,True
2023-11-01,TMO,skip,0.0,0,0,11.4644,0.0,0.0,True
2023-11-01,TMUS,sell_put,2.0527,8,8,4.5808,2.0527,0.164216,True
2023-11-01,TXN,skip,0.0,0,0,8.5204,0.0,0.0,True
2023-11-01,UNH,sell_put,1.4901,8,8,3.2508,1.4901,0.119208,True
2023-11-01,UNP,sell_put,2.514,8,8,8.5063,2.514,0.20112,True
2023-11-01,UPS,skip,0.0,0,0,7.3345,0.0,0.0,True
2023-11-01,V,sell_put,1.6446,8,8,9.1791,1.6446,0.131568,True
2023-11-01,VRTX,sell_put,1.8946,8,8,-2.016,-0.1214,-0.009712,True
2023-11-01,VZ,sell_put,2.0527,8,8,11.4379,2.0527,0.164216,True
2023-11-01,WFC,skip,0.0,0,0,12.1197,0.0,0.0,True
2023-11-01,WM,sell_put,3.0,8,8,4.0528,3.0,0.24,True
2023-11-01,XOM,skip,0.0,0,0,-2.9381,0.0,0.0,True
2023-11-01,ZTS,skip,0.0,0,0,12.7981,0.0,0.0,True
2023-12-01,AAPL,sell_put,1.4876,1,1,1.4918,1.4876,0.014876,False
2023-12-01,ABBV,sell_put,2.3235,1,1,8.8349,2.3235,0.023235,False
2023-12-01,ABT,sell_put,2.0188,1,1,5.5422,2.0188,0.020188,False
2023-12-01,ACN,sell_put,2.2054,1,1,5.3341,2.2054,0.022054,False
2023-12-01,ADBE,sell_put,2.8173,1,1,-2.3584,0.4589,0.004589,False
2023-12-01,ADI,sell_put,2.7567,1,1,8.2779,2.7567,0.027567,False
2023-12-01,ADP,sell_put,1.624,1,1,1.3265,1.624,0.01624,False
2023-12-01,AMAT,sell_put,2.7567,1,1,8.4379,2.7567,0.027567,False
2023-12-01,AMGN,sell_put,2.3235,1,1,7.6564,2.3235,0.023235,False
2023-12-01,AMT,sell_put,1.624,1,1,3.4007,1.624,0.01624,False
2023-12-01,AMZN,sell_put,2.2459,1,1,4.0044,2.2459,0.022459,False
2023-12-01,AVGO,sell_put,2.7567,1,1,20.5805,2.7567,0.027567,False
2023-12-01,AXP,sell_put,1.7341,1,1,9.7031,1.7341,0.017341,False
2023-12-01,BAC,sell_put,2.923,1,1,11.311,2.923,0.02923,False
2023-12-01,BDX,skip,0.0,0,0,3.2391,0.0,0.0,False
2023-12-01,BKNG,sell_put,3.0,1,1,13.4856,3.0,0.03,False
2023-12-01,BLK,sell_put,2.2857,1,1,8.0628,2.2857,0.022857,False
2023-12-01,BMY,skip,0.0,0,0,3.9084,0.0,0.0,False
2023-12-01,BRK-B,sell_put,1.1553,1,1,-0.9278,0.2275,0.002275,False
2023-12-01,BSX,sell_put,2.0188,1,1,3.4353,2.0188,0.020188,False
2023-12-01,CAT,sell_put,2.3617,1,1,17.9284,2.3617,0.023617,False
2023-12-01,CB,sell_put,2.2857,1,1,-1.495,0.7907,0.007907,False
2023-12-01,CMCSA,sell_put,2.5714,1,1,4.6789,2.5714,0.025714,False
2023-12-01,COP,skip,0.0,0,0,0.939,0.0,0.0,False
2023-12-01,COST,sell_put,1.6081,1,1,11.5652,1.6081,0.016081,False
2023-12-01,CRM,sell_put,2.3751,1,1,4.4621,2.3751,0.023751,False
2023-12-01,CSCO,skip,0.0,0,0,4.4233,0.0,0.0,False
2023-12-01,CVS,skip,0.0,0,0,16.2031,0.0,0.0,False
2023-12-01,CVX,skip,0.0,0,0,4.9607,0.0,0.0,False
2023-12-01,DE,skip,0.0,0,0,9.7308,0.0,0.0,False
2023-12-01,DHR,sell_put,2.0188,1,1,3.5959,2.0188,0.020188,False
2023-12-01,DIS,sell_put,2.3957,1,1,-2.5893,-0.1936,-0.001936,False
2023-12-01,DUK,sell_put,1.1817,1,1,6.375,1.1817,0.011817,False
2023-12-01,EL,skip,0.0,0,0,15.1382,0.0,0.0,False
2023-12-01,EOG,skip,0.0,0,0,-1.7226,0.0,0.0,False
2023-12-01,EQIX,sell_put,1.624,1,1,-0.6252,0.9988,0.009988,False
2023-12-01,GE,sell_put,2.3617,1,1,4.7865,2.3617,0.023617,False
2023-12-01,GILD,skip,0.0,0,0,5.7572,0.0,0.0,False
2023-12-01,GOOGL,sell_put,2.6534,1,1,5.4026,2.6534,0.026534,False
2023-12-01,GS,sell_put,2.2857,1,1,13.8776,2.2857,0.022857,False
2023-12-01,HD,sell_put,1.5934,1,1,11.2881,1.5934,0.015934,False
2023-12-01,HON,sell_put,1.624,1,1,7.6684,1.624,0.01624,False
2023-12-01,HUM,skip,0.0,0,0,-5.5789,0.0,0.0,False
2023-12-01,IBM,sell_put,1.624,1,1,4.3169,1.624,0.01624,False
2023-12-01,INTC,sell_put,2.7567,1,1,12.7858,2.7567,0.027567,False
2023-12-01,INTU,sell_put,2.3569,1,1,9.3742,2.3569,0.023569,False
2023-12-01,ISRG,sell_put,2.0188,1,1,8.5317,2.0188,0.020188,False
2023-12-01,ITW,sell_put,1.624,1,1,8.1458,1.624,0.01624,False
2023-12-01,JNJ,sell_put,1.3828,1,1,2.1565,1.3828,0.013828,False
2023-12-01,JPM,sell_put,2.2857,1,1,8.9826,2.2857,0.022857,False
2023-12-01,KO,sell_put,1.1817,1,1,1.6414,1.1817,0.011817,False
2023-12-01,LLY,sell_put,2.6779,1,1,-1.1916,1.4863,0.014863,False
2023-12-01,LMT,skip,0.0,0,0,1.9432,0.0,0.0,False
2023-12-01,LOW,sell_put,1.5934,1,1,11.9298,1.5934,0.015934,False
2023-12-01,LRCX,sell_put,2.7567,1,1,9.406,2.7567,0.027567,False
2023-12-01,MA,sell_put,1.7341,1,1,3.0641,1.7341,0.017341,False
2023-12-01,MCD,sell_put,1.1817,1,1,5.8355,1.1817,0.011817,False
2023-12-01,MDLZ,sell_put,1.5397,1,1,1.928,1.5397,0.015397,False
2023-12-01,MDT,sell_put,2.0188,1,1,3.9233,2.0188,0.020188,False
2023-12-01,META,sell_put,2.6777,1,1,8.195,2.6777,0.026777,False
2023-12-01,MRK,skip,0.0,0,0,6.3817,0.0,0.0,False
2023-12-01,MS,sell_put,2.2857,1,1,17.5321,2.2857,0.022857,False
2023-12-01,MSFT,sell_put,2.0402,1,1,-0.556,1.4842,0.014842,False
2023-12-01,MU,sell_put,3.4777,1,1,12.1124,3.4777,0.034777,False
2023-12-01,NEE,sell_put,1.1817,1,1,4.6561,1.1817,0.011817,False
2023-12-01,NFLX,sell_put,2.8844,1,1,2.7238,2.8844,0.028844,False
2023-12-01,NKE,sell_put,2.2182,1,1,-1.5417,0.6765,0.006765,False
2023-12-01,NOC,sell_put,2.3617,1,1,-1.085,1.2767,0.012767,False
2023-12-01,NOW,sell_put,2.7279,1,1,3.0259,2.7279,0.027279,False
2023-12-01,NVDA,sell_put,3.4777,1,1,5.8841,3.4777,0.034777,False
2023-12-01,ORCL,sell_put,2.2857,1,1,-9.2763,-6.9906,-0.069906,False
2023-12-01,PEP,sell_put,1.5397,1,1,1.6906,1.5397,0.015397,False
2023-12-01,PFE,skip,0.0,0,0,-4.2397,0.0,0.0,False
2023-12-01,PG,sell_put,1.5788,1,1,-4.5466,-2.9678,-0.029678,False
2023-12-01,PLD,sell_put,1.624,1,1,15.9836,1.624,0.01624,False
2023-12-01,PM,sell_put,1.5397,1,1,0.7712,1.5397,0.015397,False
2023-12-01,QCOM,sell_put,2.1863,1,1,12.7856,2.1863,0.021863,False
2023-12-01,RTX,sell_put,2.3617,1,1,4.0258,2.3617,0.023617,False
2023-12-01,SBUX,sell_put,1.1817,1,1,-2.7819,-1.6002,-0.016002,False
2023-12-01,SCHW,sell_put,2.2857,1,1,12.7116,2.2857,0.022857,False
2023-12-01,SO,sell_put,1.1817,1,1,-0.2176,0.9641,0.009641,False
2023-12-01,SPGI,sell_put,2.2857,1,1,6.1677,2.2857,0.022857,False
2023-12-01,SYK,sell_put,2.0188,1,1,1.0562,2.0188,0.020188,False
2023-12-01,T,sell_put,2.5714,1,1,1.2674,2.5714,0.025714,False
2023-12-01,TJX,sell_put,1.6875,1,1,6.8612,1.6875,0.016875,False
2023-12-01,TMO,sell_put,2.508,1,1,7.0659,2.508,0.02508,False
2023-12-01,TMUS,sell_put,2.5714,1,1,7.0322,2.5714,0.025714,False
2023-12-01,TXN,sell_put,2.7567,1,1,11.6233,2.7567,0.027567,False
2023-12-01,UNH,sell_put,2.0955,1,1,-4.7923,-2.6968,-0.026968,False
2023-12-01,UNP,sell_put,2.3617,1,1,9.0336,2.3617,0.023617,False
2023-12-01,UPS,sell_put,1.624,1,1,4.9214,1.624,0.01624,False
2023-12-01,V,sell_put,1.1582,1,1,1.6457,1.1582,0.011582,False
2023-12-01,VRTX,skip,0.0,0,0,14.6783,0.0,0.0,False
2023-12-01,VZ,sell_put,2.5714,1,1,-1.6436,0.9278,0.009278,False
2023-12-01,WFC,sell_put,2.5306,1,1,11.3676,2.5306,0.025306,False
2023-12-01,WM,sell_put,3.0,1,1,5.1767,3.0,0.03,False
2023-12-01,XOM,skip,0.0,0,0,-1.7965,0.0,0.0,False
2023-12-01,ZTS,sell_put,2.3235,1,1,11.7168,2.3235,0.023235,False
2024-01-01,AAPL,sell_put,2.7851,1,1,-4.2227,-1.4376,-0.014376,False
2024-01-01,ABBV,sell_put,2.2855,1,1,6.0851,2.2855,0.022855,False
2024-01-01,ABNB,sell_put,3.0,1,1,5.8763,3.0,0.03,False
2024-01-01,ABT,sell_put,1.9862,1,1,2.7982,1.9862,0.019862,False
2024-01-01,ACN,sell_put,1.3617,1,1,3.6961,1.3617,0.013617,False
2024-01-01,ADBE,skip,0.0,0,0,3.5501,0.0,0.0,False
2024-01-01,ADI,sell_put,3.1413,1,1,-2.666,0.4753,0.004753,False
2024-01-01,ADP,sell_put,2.9682,1,1,6.1381,2.9682,0.029682,False
2024-01-01,AMAT,sell_put,3.1413,1,1,1.3759,3.1413,0.031413,False
2024-01-01,AMD,sell_put,3.7024,1,1,13.7575,3.7024,0.037024,False
2024-01-01,AMGN,sell_put,2.2855,1,1,9.1105,2.2855,0.022855,False
2024-01-01,AMZN,sell_put,4.1517,1,1,2.1456,4.1517,0.041517,False
2024-01-01,ANET,sell_put,3.0,1,1,9.8382,3.0,0.03,False
2024-01-01,AVGO,sell_put,3.1413,1,1,6.1972,3.1413,0.031413,False
2024-01-01,AXP,sell_put,2.2103,1,1,7.1528,2.2103,0.022103,False
2024-01-01,BA,sell_put,3.0,1,1,-19.0363,-16.0363,-0.160363,False
2024-01-01,BAC,sell_put,2.3226,1,1,1.0098,2.3226,0.023226,False
2024-01-01,BKNG,sell_put,3.0,1,1,-1.1206,1.8794,0.018794,False
2024-01-01,BLK,sell_put,1.5872,1,1,-3.9817,-2.3945,-0.023945,False
2024-01-01,BMY,sell_put,2.2855,1,1,-4.7554,-2.4699,-0.024699,False
2024-01-01,BRK-B,skip,0.0,0,0,7.5927,0.0,0.0,False
2024-01-01,BSX,sell_put,1.9862,1,1,9.4274,1.9862,0.019862,False
2024-01-01,CAT,sell_put,3.1791,1,1,1.5693,3.1791,0.031791,False
2024-01-01,CMCSA,sell_put,3.1444,1,1,6.1345,3.1444,0.031444,False
2024-01-01,CMG,sell_put,3.0,1,1,5.3263,3.0,0.03,False
2024-01-01,COST,sell_put,1.9884,1,1,7.666,1.9884,0.019884,False
2024-01-01,CRM,sell_put,2.3658,1,1,6.8215,2.3658,0.023658,False
2024-01-01,CSCO,sell_put,2.9682,1,1,-0.673,2.2952,0.022952,False
2024-01-01,CVS,sell_put,1.8948,1,1,-5.8131,-3.9183,-0.039183,False
2024-01-01,CVX,sell_put,2.9484,1,1,-1.1598,1.7886,0.017886,False
2024-01-01,DE,sell_put,3.1791,1,1,-1.2115,1.9676,0.019676,False
2024-01-01,DHR,sell_put,1.9862,1,1,3.8115,1.9862,0.019862,False
2024-01-01,DUK,sell_put,1.8493,1,1,-1.2469,0.6023,0.006023,False
2024-01-01,ELV,skip,0.0,0,0,4.9615,0.0,0.0,False
2024-01-01,EQIX,skip,0.0,0,0,3.0271,0.0,0.0,False
2024-01-01,ETN,sell_put,3.1791,1,1,2.1842,3.1791,0.031791,False
2024-01-01,GE,sell_put,3.1791,1,1,3.8182,3.1791,0.031791,False
2024-01-01,GILD,sell_put,2.2855,1,1,-2.5147,-0.2292,-0.002292,False
2024-01-01,GOOGL,sell_put,2.9813,1,1,0.2935,2.9813,0.029813,False
2024-01-01,GS,sell_put,1.5872,1,1,-0.4562,1.131,0.01131,False
2024-01-01,HD,sell_put,1.7864,1,1,1.8497,1.7864,0.017864,False
2024-01-01,HON,sell_put,2.9682,1,1,-3.5525,-0.5843,-0.005843,False
2024-01-01,IBM,sell_put,2.9682,1,1,12.2959,2.9682,0.029682,False
2024-01-01,ICE,sell_put,3.0,1,1,-0.5021,2.4979,0.024979,False
2024-01-01,INTC,sell_put,3.1413,1,1,-14.2686,-11.1273,-0.111273,False
2024-01-01,INTU,sell_put,2.4833,1,1,1.008,2.4833,0.024833,False
2024-01-01,ISRG,sell_put,1.9862,1,1,12.1117,1.9862,0.019862,False
2024-01-01,JNJ,sell_put,2.0607,1,1,1.3781,2.0607,0.020607,False
2024-01-01,JPM,sell_put,1.5872,1,1,2.5044,1.5872,0.015872,False
2024-01-01,KLAC,sell_put,3.1413,1,1,2.1916,3.1413,0.031413,False
2024-01-01,KO,sell_put,1.8493,1,1,0.9503,1.8493,0.018493,False
2024-01-01,LLY,skip,0.0,0,0,10.7545,0.0,0.0,False
2024-01-01,LMT,sell_put,3.1791,1,1,-5.2577,-2.0786,-0.020786,False
2024-01-01,LOW,sell_put,1.7864,1,1,-4.3631,-2.5766,-0.025766,False
2024-01-01,LRCX,sell_put,3.1413,1,1,5.638,3.1413,0.031413,False
2024-01-01,MA,sell_put,2.2103,1,1,5.327,2.2103,0.022103,False
2024-01-01,MCD,sell_put,1.8493,1,1,-1.2782,0.571,0.00571,False
2024-01-01,MCK,skip,0.0,0,0,7.9723,0.0,0.0,False
2024-01-01,MDLZ,sell_put,1.8708,1,1,4.5363,1.8708,0.018708,False
2024-01-01,MDT,sell_put,1.9862,1,1,7.1538,1.9862,0.019862,False
2024-01-01,META,sell_put,4.7242,1,1,10.2215,4.7242,0.047242,False
2024-01-01,MRK,sell_put,1.7634,1,1,11.5892,1.7634,0.017634,False
2024-01-01,MS,sell_put,1.5872,1,1,-6.445,-4.8578,-0.048578,False
2024-01-01,MSFT,skip,0.0,0,0,5.7281,0.0,0.0,False
2024-01-01,MU,sell_put,3.7024,1,1,0.615,3.7024,0.037024,False
2024-01-01,NEE,sell_put,1.8493,1,1,-3.4738,-1.6246,-0.016246,False
2024-01-01,NFLX,sell_put,5.0274,1,1,15.8622,5.0274,0.050274,False
2024-01-01,NKE,skip,0.0,0,0,-6.1694,0.0,0.0,False
2024-01-01,NOW,sell_put,3.373,1,1,8.3384,3.373,0.03373,False
2024-01-01,NVDA,sell_put,3.7024,1,1,24.2527,3.7024,0.037024,False
2024-01-01,ORCL,skip,0.0,0,0,5.9471,0.0,0.0,False
2024-01-01,PANW,skip,0.0,0,0,14.7959,0.0,0.0,False
2024-01-01,PEP,sell_put,1.8708,1,1,-0.7713,1.0995,0.010995,False
2024-01-01,PG,skip,0.0,0,0,7.2335,0.0,0.0,False
2024-01-01,PGR,skip,0.0,0,0,11.9098,0.0,0.0,False
2024-01-01,PLD,sell_put,2.9682,1,1,-4.3519,-1.3836,-0.013836,False
2024-01-01,PM,sell_put,1.8708,1,1,-2.0973,-0.2266,-0.002266,False
2024-01-01,QCOM,sell_put,3.6031,1,1,2.6827,3.6031,0.036031,False
2024-01-01,SBUX,skip,0.0,0,0,-3.1038,0.0,0.0,False
2024-01-01,SCHW,sell_put,1.5872,1,1,-8.5465,-6.9593,-0.069593,False
2024-01-01,SO,skip,0.0,0,0,-0.8557,0.0,0.0,False
2024-01-01,SPGI,sell_put,1.5872,1,1,1.7774,1.5872,0.015872,False
2024-01-01,SYK,sell_put,1.9862,1,1,12.3289,1.9862,0.019862,False
2024-01-01,TJX,sell_put,1.4631,1,1,1.1726,1.4631,0.014631,False
2024-01-01,TMO,sell_put,2.4981,1,1,1.6116,2.4981,0.024981,False
2024-01-01,TMUS,sell_put,3.1444,1,1,0.5613,3.1444,0.031444,False
2024-01-01,TSLA,sell_put,6.0828,1,1,-24.6257,-18.543,-0.18543,False
2024-01-01,TXN,sell_put,3.1413,1,1,-6.0659,-2.9246,-0.029246,False
2024-01-01,UBER,sell_put,3.0,1,1,6.0094,3.0,0.03,False
2024-01-01,UNH,skip,0.0,0,0,-2.4663,0.0,0.0,False
2024-01-01,UNP,sell_put,3.1791,1,1,-0.1308,3.0483,0.030483,False
2024-01-01,V,sell_put,1.8319,1,1,4.9587,1.8319,0.018319,False
2024-01-01,VRTX,sell_put,2.2855,1,1,6.5104,2.2855,0.022855,False
2024-01-01,VZ,skip,0.0,0,0,12.3342,0.0,0.0,False
2024-01-01,WFC,sell_put,2.5815,1,1,1.9504,2.5815,0.025815,False
2024-01-01,WM,sell_put,3.0,1,1,3.646,3.0,0.03,False
2024-01-01,XOM,skip,0.0,0,0,2.8306,0.0,0.0,False
2024-01-01,ZTS,sell_put,2.2855,1,1,-4.8437,-2.5582,-0.025582,False
2024-02-01,AAPL,skip,0.0,0,0,-1.9794,0.0,0.0,False
2024-02-01,ABBV,sell_put,1.0895,1,1,8.1095,1.0895,0.010895,False
2024-02-01,ABNB,sell_put,3.0,1,1,9.248,3.0,0.03,False
2024-02-01,ABT,sell_put,2.0209,1,1,5.3585,2.0209,0.020209,False
2024-02-01,ACN,sell_put,1.9765,1,1,3.3716,1.9765,0.019765,False
2024-02-01,ADBE,sell_put,4.7415,1,1,-9.3075,-4.566,-0.04566,False
2024-02-01,ADI,skip,0.0,0,0,-0.2807,0.0,0.0,False
2024-02-01,ADP,sell_put,2.6312,1,1,2.1767,2.6312,0.026312,False
2024-02-01,AMAT,sell_put,4.1737,1,1,22.7145,4.1737,0.041737,False
2024-02-01,AMD,sell_put,6.8772,1,1,14.813,6.8772,0.068772,False
2024-02-01,AMGN,sell_put,1.0895,1,1,-12.8652,-11.7757,-0.117757,False
2024-02-01,AMZN,sell_put,2.9065,1,1,13.8918,2.9065,0.029065,False
2024-02-01,ANET,sell_put,3.0,1,1,7.2909,3.0,0.03,False
2024-02-01,AVGO,sell_put,4.1737,1,1,10.211,4.1737,0.041737,False
2024-02-01,AXP,sell_put,1.7687,1,1,9.6587,1.7687,0.017687,False
2024-02-01,BA,skip,0.0,0,0,-3.4685,0.0,0.0,False
2024-02-01,BAC,sell_put,2.7758,1,1,1.4995,2.7758,0.027758,False
2024-02-01,BKNG,skip,0.0,0,0,-1.1016,0.0,0.0,False
2024-02-01,BLK,skip,0.0,0,0,4.7823,0.0,0.0,False
2024-02-01,BMY,skip,0.0,0,0,5.0521,0.0,0.0,False
2024-02-01,BRK-B,sell_put,1.3467,1,1,6.6868,1.3467,0.013467,False
2024-02-01,BSX,sell_put,2.0209,1,1,4.6633,2.0209,0.020209,False
2024-02-01,CAT,sell_put,2.8954,1,1,11.7203,2.8954,0.028954,False
2024-02-01,CMCSA,sell_put,1.272,1,1,-7.3157,-6.0437,-0.060437,False
2024-02-01,CMG,sell_put,3.0,1,1,11.6242,3.0,0.03,False
2024-02-01,COST,sell_put,2.5786,1,1,7.053,2.5786,0.025786,False
2024-02-01,CRM,sell_put,4.4342,1,1,9.8652,4.4342,0.044342,False
2024-02-01,CSCO,skip,0.0,0,0,-2.857,0.0,0.0,False
2024-02-01,CVS,skip,0.0,0,0,0.9083,0.0,0.0,False
2024-02-01,CVX,skip,0.0,0,0,3.1065,0.0,0.0,False
2024-02-01,DE,skip,0.0,0,0,-7.2489,0.0,0.0,False
2024-02-01,DHR,sell_put,2.0209,1,1,5.5146,2.0209,0.020209,False
2024-02-01,DUK,skip,0.0,0,0,-4.1741,0.0,0.0,False
2024-02-01,ELV,sell_put,1.8242,1,1,1.5828,1.8242,0.018242,False
2024-02-01,EQIX,sell_put,2.6312,1,1,7.1164,2.6312,0.026312,False
2024-02-01,ETN,sell_put,2.8954,1,1,17.4415,2.8954,0.028954,False
2024-02-01,GE,sell_put,2.8954,1,1,18.4791,2.8954,0.028954,False
2024-02-01,GILD,skip,0.0,0,0,-7.8712,0.0,0.0,False
2024-02-01,GOOGL,sell_put,2.357,1,1,-1.1706,1.1864,0.011864,False
2024-02-01,GS,skip,0.0,0,0,1.3125,0.0,0.0,False
2024-02-01,HD,sell_put,2.6683,1,1,7.8337,2.6683,0.026683,False
2024-02-01,HON,skip,0.0,0,0,-1.7453,0.0,0.0,False
2024-02-01,IBM,sell_put,2.6312,1,1,0.746,2.6312,0.026312,False
2024-02-01,ICE,skip,0.0,0,0,8.7096,0.0,0.0,False
2024-02-01,INTC,skip,0.0,0,0,-0.0696,0.0,0.0,False
2024-02-01,INTU,sell_put,3.5567,1,1,5.1571,3.5567,0.035567,False
2024-02-01,ISRG,sell_put,2.0209,1,1,1.9512,2.0209,0.020209,False
2024-02-01,JNJ,sell_put,1.1432,1,1,1.5607,1.1432,0.011432,False
2024-02-01,JPM,sell_put,2.097,1,1,7.3683,2.097,0.02097,False
2024-02-01,KLAC,sell_put,4.1737,1,1,14.8576,4.1737,0.041737,False
2024-02-01,KO,sell_put,2.2341,1,1,0.8909,2.2341,0.022341,False
2024-02-01,LLY,sell_put,3.2683,1,1,16.7392,3.2683,0.032683,False
2024-02-01,LMT,skip,0.0,0,0,-0.2725,0.0,0.0,False
2024-02-01,LOW,skip,0.0,0,0,13.6441,0.0,0.0,False
2024-02-01,LRCX,sell_put,4.1737,1,1,13.7038,4.1737,0.041737,False
2024-02-01,MA,sell_put,1.7687,1,1,5.8496,1.7687,0.017687,False
2024-02-01,MCD,skip,0.0,0,0,-0.1503,0.0,0.0,False
2024-02-01,MCK,sell_put,3.0,1,1,4.3049,3.0,0.03,False
2024-02-01,MDLZ,sell_put,1.4038,1,1,-2.9228,-1.519,-0.01519,False
2024-02-01,MDT,sell_put,2.0209,1,1,-4.7749,-2.7541,-0.027541,False
2024-02-01,META,sell_put,3.2922,1,1,25.6293,3.2922,0.032922,False
2024-02-01,MRK,sell_put,3.0988,1,1,5.2741,3.0988,0.030988,False
2024-02-01,MS,skip,0.0,0,0,-0.4094,0.0,0.0,False
2024-02-01,MSFT,sell_put,2.2274,1,1,4.0394,2.2274,0.022274,False
2024-02-01,MU,sell_put,6.8772,1,1,5.6676,6.8772,0.068772,False
2024-02-01,NEE,skip,0.0,0,0,-5.8673,0.0,0.0,False
2024-02-01,NFLX,sell_put,3.056,1,1,6.8799,3.056,0.03056,False
2024-02-01,NKE,skip,0.0,0,0,2.3638,0.0,0.0,False
2024-02-01,NOW,sell_put,4.1253,1,1,0.7761,4.1253,0.041253,False
2024-02-01,NVDA,sell_put,6.8772,1,1,28.5809,6.8772,0.068772,False
2024-02-01,ORCL,sell_put,3.5576,1,1,0.3695,3.5576,0.035576,False
2024-02-01,PANW,sell_put,4.4342,1,1,-8.2597,-3.8255,-0.038255,False
2024-02-01,PEP,skip,0.0,0,0,-1.8928,0.0,0.0,False
2024-02-01,PG,sell_put,1.9982,1,1,1.7843,1.9982,0.019982,False
2024-02-01,PGR,sell_put,2.097,1,1,6.8797,2.097,0.02097,False
2024-02-01,PLD,skip,0.0,0,0,5.1938,0.0,0.0,False
2024-02-01,PM,skip,0.0,0,0,-0.9797,0.0,0.0,False
2024-02-01,QCOM,sell_put,4.0418,1,1,6.2487,4.0418,0.040418,False
2024-02-01,SBUX,skip,0.0,0,0,2.0101,0.0,0.0,False
2024-02-01,SCHW,skip,0.0,0,0,6.1348,0.0,0.0,False
2024-02-01,SO,skip,0.0,0,0,-3.2653,0.0,0.0,False
2024-02-01,SPGI,sell_put,2.097,1,1,-4.4541,-2.3571,-0.023571,False
2024-02-01,SYK,sell_put,2.0209,1,1,4.0509,2.0209,0.020209,False
2024-02-01,TJX,sell_put,2.4754,1,1,4.4569,2.4754,0.024754,False
2024-02-01,TMO,sell_put,2.4952,1,1,5.7887,2.4952,0.024952,False
2024-02-01,TMUS,sell_put,1.272,1,1,1.2839,1.272,0.01272,False
2024-02-01,TSLA,skip,0.0,0,0,7.7901,0.0,0.0,False
2024-02-01,TXN,skip,0.0,0,0,5.3275,0.0,0.0,False
2024-02-01,UBER,sell_put,3.0,1,1,21.8018,3.0,0.03,False
2024-02-01,UNH,skip,0.0,0,0,-3.5448,0.0,0.0,False
2024-02-01,UNP,skip,0.0,0,0,4.0012,0.0,0.0,False
2024-02-01,V,sell_put,1.7908,1,1,3.4326,1.7908,0.017908,False
2024-02-01,VRTX,sell_put,1.0895,1,1,-2.9166,-1.8271,-0.018271,False
2024-02-01,VZ,sell_put,1.272,1,1,-3.9082,-2.6362,-0.026362,False
2024-02-01,WFC,sell_put,3.3288,1,1,10.7812,3.3288,0.033288,False
2024-02-01,WM,sell_put,3.0,1,1,10.7849,3.0,0.03,False
2024-02-01,XOM,sell_put,2.8954,1,1,1.6633,2.8954,0.028954,False
2024-02-01,ZTS,skip,0.0,0,0,5.8409,0.0,0.0,False
2024-03-01,AAPL,skip,0.0,0,0,-5.0076,0.0,0.0,False
2024-03-01,ABBV,sell_put,2.6018,1,1,3.4365,2.6018,0.026018,False
2024-03-01,ABNB,sell_put,3.0,1,1,4.7565,3.0,0.03,False
2024-03-01,ABT,sell_put,1.6425,1,1,-4.1976,-2.5551,-0.025551,False
2024-03-01,ACN,sell_put,3.4196,1,1,-7.5164,-4.0968,-0.040968,False
2024-03-01,ADBE,skip,0.0,0,0,-9.9379,0.0,0.0,False
2024-03-01,ADI,skip,0.0,0,0,3.1123,0.0,0.0,False
2024-03-01,ADP,sell_put,1.4367,1,1,-0.5535,0.8832,0.008832,False
2024-03-01,AMAT,sell_put,3.826,1,1,2.4598,3.826,0.03826,False
2024-03-01,AMD,sell_put,6.6188,1,1,-6.2536,0.3653,0.003653,False
2024-03-01,AMGN,skip,0.0,0,0,4.6425,0.0,0.0,False
2024-03-01,AMZN,sell_put,2.7545,1,1,2.048,2.7545,0.027545,False
2024-03-01,ANET,sell_put,3.0,1,1,4.4822,3.0,0.03,False
2024-03-01,AVGO,sell_put,3.826,1,1,1.9162,3.826,0.03826,False
2024-03-01,AXP,sell_put,1.714,1,1,3.769,1.714,0.01714,False
2024-03-01,BA,skip,0.0,0,0,-5.267,0.0,0.0,False
2024-03-01,BAC,sell_put,2.2194,1,1,10.6232,2.2194,0.022194,False
2024-03-01,BKNG,skip,0.0,0,0,4.5851,0.0,0.0,False
2024-03-01,BLK,sell_put,3.2906,1,1,2.756,3.2906,0.032906,False
2024-03-01,BMY,sell_put,2.6018,1,1,6.8571,2.6018,0.026018,False
2024-03-01,BRK-B,sell_put,1.2235,1,1,2.7162,1.2235,0.012235,False
2024-03-01,BSX,sell_put,1.6425,1,1,3.4436,1.6425,0.016425,False
2024-03-01,CAT,sell_put,1.885,1,1,9.7227,1.885,0.01885,False
2024-03-01,CMCSA,skip,0.0,0,0,1.1669,0.0,0.0,False
2024-03-01,CMG,sell_put,3.0,1,1,8.1078,3.0,0.03,False
2024-03-01,COST,sell_put,1.5812,1,1,-1.3689,0.2123,0.002123,False
2024-03-01,CRM,sell_put,2.8787,1,1,-2.474,0.4048,0.004048,False
2024-03-01,CSCO,skip,0.0,0,0,3.1838,0.0,0.0,False
2024-03-01,CVS,sell_put,1.8072,1,1,7.2475,1.8072,0.018072,False
2024-03-01,CVX,sell_put,1.6817,1,1,4.9018,1.6817,0.016817,False
2024-03-01,DE,skip,0.0,0,0,12.5161,0.0,0.0,False
2024-03-01,DHR,sell_put,1.6425,1,1,-1.351,0.2914,0.002914,False
2024-03-01,DUK,skip,0.0,0,0,6.5094,0.0,0.0,False
2024-03-01,ELV,sell_put,1.8072,1,1,3.4494,1.8072,0.018072,False
2024-03-01,EQIX,sell_put,1.4367,1,1,-6.6902,-5.2536,-0.052536,False
2024-03-01,ETN,sell_put,1.885,1,1,8.1938,1.885,0.01885,False
2024-03-01,GE,sell_put,1.885,1,1,11.8809,1.885,0.01885,False
2024-03-01,GILD,skip,0.0,0,0,1.595,0.0,0.0,False
2024-03-01,GOOGL,skip,0.0,0,0,9.0062,0.0,0.0,False
2024-03-01,GS,sell_put,3.2906,1,1,8.1224,3.2906,0.032906,False
2024-03-01,HD,sell_put,1.4955,1,1,0.7856,1.4955,0.014955,False
2024-03-01,HON,skip,0.0,0,0,3.8485,0.0,0.0,False
2024-03-01,IBM,sell_put,1.4367,1,1,4.1458,1.4367,0.014367,False
2024-03-01,ICE,sell_put,3.0,1,1,-0.7152,2.2848,0.022848,False
2024-03-01,INTC,skip,0.0,0,0,2.9024,0.0,0.0,False
2024-03-01,INTU,sell_put,2.6726,1,1,-1.9445,0.7281,0.007281,False
2024-03-01,ISRG,sell_put,1.6425,1,1,3.4984,1.6425,0.016425,False
2024-03-01,JNJ,sell_put,1.061,1,1,-1.2324,-0.1715,-0.001715,False
2024-03-01,JPM,sell_put,3.2906,1,1,7.6535,3.2906,0.032906,False
2024-03-01,KLAC,sell_put,3.826,1,1,2.6121,3.826,0.03826,False
2024-03-01,KO,sell_put,1.1315,1,1,1.9327,1.1315,0.011315,False
2024-03-01,LLY,sell_put,2.9483,1,1,3.4025,2.9483,0.029483,False
2024-03-01,LMT,skip,0.0,0,0,6.9978,0.0,0.0,False
2024-03-01,LOW,sell_put,1.4955,1,1,5.842,1.4955,0.014955,False
2024-03-01,LRCX,sell_put,3.826,1,1,3.5513,3.826,0.03826,False
2024-03-01,MA,sell_put,1.714,1,1,1.4344,1.714,0.01714,False
2024-03-01,MCD,skip,0.0,0,0,-2.9854,0.0,0.0,False
2024-03-01,MCK,sell_put,3.0,1,1,3.0833,3.0,0.03,False
2024-03-01,MDLZ,skip,0.0,0,0,-4.2015,0.0,0.0,False
2024-03-01,MDT,skip,0.0,0,0,4.5466,0.0,0.0,False
2024-03-01,META,sell_put,3.0989,1,1,-0.8232,2.2757,0.022757,False
2024-03-01,MRK,sell_put,2.1433,1,1,3.7751,2.1433,0.021433,False
2024-03-01,MS,skip,0.0,0,0,9.4375,0.0,0.0,False
2024-03-01,MSFT,sell_put,1.9021,1,1,1.8997,1.9021,0.019021,False
2024-03-01,MU,sell_put,6.6188,1,1,30.1071,6.6188,0.066188,False
2024-03-01,NEE,skip,0.0,0,0,16.8599,0.0,0.0,False
2024-03-01,NFLX,sell_put,3.0389,1,1,0.7314,3.0389,0.030389,False
2024-03-01,NKE,sell_put,4.5392,1,1,-9.5738,-5.0346,-0.050346,False
2024-03-01,NOW,sell_put,2.5435,1,1,-1.159,1.3845,0.013845,False
2024-03-01,NVDA,sell_put,6.6188,1,1,14.2128,6.6188,0.066188,False
2024-03-01,ORCL,sell_put,2.7042,1,1,12.4731,2.7042,0.027042,False
2024-03-01,PANW,skip,0.0,0,0,-8.5075,0.0,0.0,False
2024-03-01,PEP,skip,0.0,0,0,6.6563,0.0,0.0,False
2024-03-01,PG,sell_put,0.757,1,1,2.0825,0.757,0.00757,False
2024-03-01,PGR,sell_put,3.2906,1,1,9.1053,3.2906,0.032906,False
2024-03-01,PLD,sell_put,1.4367,1,1,-2.2886,-0.8519,-0.008519,False
2024-03-01,PM,skip,0.0,0,0,1.8453,0.0,0.0,False
2024-03-01,QCOM,sell_put,3.0733,1,1,7.8395,3.0733,0.030733,False
2024-03-01,SBUX,sell_put,1.1315,1,1,-3.1192,-1.9877,-0.019877,False
2024-03-01,SCHW,sell_put,3.2906,1,1,8.7614,3.2906,0.032906,False
2024-03-01,SO,skip,0.0,0,0,7.8058,0.0,0.0,False
2024-03-01,SPGI,skip,0.0,0,0,-0.4773,0.0,0.0,False
2024-03-01,SYK,sell_put,1.6425,1,1,2.521,1.6425,0.016425,False
2024-03-01,TJX,sell_put,1.5261,1,1,2.6487,1.5261,0.015261,False
2024-03-01,TMO,sell_put,2.0853,1,1,1.9345,2.0853,0.020853,False
2024-03-01,TMUS,sell_put,2.6549,1,1,0.3492,2.6549,0.026549,False
2024-03-01,TSLA,sell_put,5.9655,1,1,-12.9235,-6.958,-0.06958,False
2024-03-01,TXN,sell_put,3.826,1,1,4.1116,3.826,0.03826,False
2024-03-01,UBER,sell_put,3.0,1,1,-3.1572,-0.1572,-0.001572,False
2024-03-01,UNH,skip,0.0,0,0,0.2229,0.0,0.0,False
2024-03-01,UNP,sell_put,1.885,1,1,-2.5588,-0.6738,-0.006738,False
2024-03-01,V,sell_put,1.4587,1,1,-1.0755,0.3832,0.003832,False
2024-03-01,VRTX,skip,0.0,0,0,-0.6489,0.0,0.0,False
2024-03-01,VZ,skip,0.0,0,0,4.8476,0.0,0.0,False
2024-03-01,WFC,sell_put,3.309,1,1,4.9957,3.309,0.03309,False
2024-03-01,WM,sell_put,3.0,1,1,3.647,3.0,0.03,False
2024-03-01,XOM,sell_put,1.885,1,1,12.2467,1.885,0.01885,False
2024-03-01,ZTS,sell_put,2.6018,1,1,-14.6826,-12.0808,-0.120808,False
2024-04-01,AAPL,skip,0.0,0,0,-0.6706,0.0,0.0,False
2024-04-01,ABBV,sell_put,2.3047,1,1,-10.6864,-8.3817,-0.083817,False
2024-04-01,ABNB,sell_put,3.0,1,1,-3.8737,-0.8737,-0.008737,False
2024-04-01,ABT,skip,0.0,0,0,-6.7658,0.0,0.0,False
2024-04-01,ACN,skip,0.0,0,0,-13.1848,0.0,0.0,False
2024-04-01,ADBE,skip,0.0,0,0,-8.2778,0.0,0.0,False
2024-04-01,ADI,sell_put,4.0334,1,1,1.9037,4.0334,0.040334,False
2024-04-01,ADP,skip,0.0,0,0,-2.5838,0.0,0.0,False
2024-04-01,AMAT,sell_put,4.0334,1,1,-3.6755,0.3579,0.003579,False
2024-04-01,AMD,skip,0.0,0,0,-12.25,0.0,0.0,False
2024-04-01,AMGN,sell_put,2.3047,1,1,-3.6508,-1.3461,-0.013461,False
2024-04-01,AMZN,sell_put,4.8348,1,1,-2.9826,1.8522,0.018522,False
2024-04-01,ANET,sell_put,3.0,1,1,-11.5249,-8.5249,-0.085249,False
2024-04-01,AVGO,sell_put,4.0334,1,1,-1.479,2.5545,0.025545,False
2024-04-01,AXP,sell_put,2.8751,1,1,2.7845,2.8751,0.028751,False
2024-04-01,BA,skip,0.0,0,0,-13.0318,0.0,0.0,False
2024-04-01,BAC,sell_put,3.1544,1,1,-2.3998,0.7546,0.007546,False
2024-04-01,BKNG,sell_put,3.0,1,1,-4.6037,-1.6037,-0.016037,False
2024-04-01,BLK,sell_put,2.8168,1,1,-8.9213,-6.1046,-0.061046,False
2024-04-01,BMY,sell_put,2.3047,1,1,-18.9747,-16.67,-0.1667,False
2024-04-01,BRK-B,sell_put,1.7192,1,1,-5.6573,-3.9381,-0.039381,False
2024-04-01,BSX,sell_put,2.2812,1,1,4.935,2.2812,0.022812,False
2024-04-01,CAT,sell_put,2.6621,1,1,-8.6947,-6.0326,-0.060326,False
2024-04-01,CMCSA,sell_put,3.0677,1,1,-12.0877,-9.02,-0.0902,False
2024-04-01,CMG,sell_put,3.0,1,1,8.698,3.0,0.03,False
2024-04-01,COST,skip,0.0,0,0,-1.3281,0.0,0.0,False
2024-04-01,CRM,skip,0.0,0,0,-10.5879,0.0,0.0,False
2024-04-01,CSCO,sell_put,3.8731,1,1,-5.8706,-1.9975,-0.019975,False
2024-04-01,CVS,sell_put,3.0924,1,1,-15.1078,-12.0154,-0.120154,False
2024-04-01,CVX,sell_put,2.4329,1,1,2.2379,2.4329,0.024329,False
2024-04-01,DE,sell_put,2.6621,1,1,-4.3533,-1.6912,-0.016912,False
2024-04-01,DHR,skip,0.0,0,0,-1.1339,0.0,0.0,False
2024-04-01,DUK,sell_put,1.5232,1,1,1.6027,1.5232,0.015232,False
2024-04-01,ELV,sell_put,3.0924,1,1,2.2665,3.0924,0.030924,False
2024-04-01,EQIX,skip,0.0,0,0,-13.8393,0.0,0.0,False
2024-04-01,ETN,sell_put,2.6621,1,1,2.1033,2.6621,0.026621,False
2024-04-01,GE,sell_put,2.6621,1,1,15.5133,2.6621,0.026621,False
2024-04-01,GILD,sell_put,2.3047,1,1,-10.078,-7.7733,-0.077733,False
2024-04-01,GOOGL,sell_put,4.0101,1,1,7.8513,4.0101,0.040101,False
2024-04-01,GS,sell_put,2.8168,1,1,2.1595,2.8168,0.028168,False
2024-04-01,HD,sell_put,2.6686,1,1,-12.3517,-9.6831,-0.096831,False
2024-04-01,HON,sell_put,3.8731,1,1,-6.0999,-2.2268,-0.022268,False
2024-04-01,IBM,sell_put,3.8731,1,1,-12.9661,-9.093,-0.09093,False
2024-04-01,ICE,skip,0.0,0,0,-6.001,0.0,0.0,False
2024-04-01,INTC,sell_put,4.0334,1,1,-31.0165,-26.9831,-0.269831,False
2024-04-01,INTU,skip,0.0,0,0,-3.7508,0.0,0.0,False
2024-04-01,ISRG,sell_put,2.2812,1,1,-7.1337,-4.8525,-0.048525,False
2024-04-01,JNJ,skip,0.0,0,0,-8.5973,0.0,0.0,False
2024-04-01,JPM,sell_put,2.8168,1,1,-4.2736,-1.4568,-0.014568,False
2024-04-01,KLAC,sell_put,4.0334,1,1,-1.3284,2.705,0.02705,False
2024-04-01,KO,sell_put,1.5232,1,1,1.7719,1.5232,0.015232,False
2024-04-01,LLY,sell_put,3.9056,1,1,0.4036,3.9056,0.039056,False
2024-04-01,LMT,sell_put,2.6621,1,1,2.2116,2.6621,0.026621,False
2024-04-01,LOW,sell_put,2.6686,1,1,-10.4974,-7.8288,-0.078288,False
2024-04-01,LRCX,sell_put,4.0334,1,1,-7.7436,-3.7102,-0.037102,False
2024-04-01,MA,sell_put,2.8751,1,1,-6.3065,-3.4314,-0.034314,False
2024-04-01,MCD,skip,0.0,0,0,-3.1601,0.0,0.0,False
2024-04-01,MCK,sell_put,3.0,1,1,0.0671,3.0,0.03,False
2024-04-01,MDLZ,skip,0.0,0,0,3.3988,0.0,0.0,False
2024-04-01,MDT,sell_put,2.2812,1,1,-7.1667,-4.8855,-0.048855,False
2024-04-01,META,skip,0.0,0,0,-11.4111,0.0,0.0,False
2024-04-01,MRK,sell_put,2.3279,1,1,-1.4478,0.8801,0.008801,False
2024-04-01,MS,sell_put,2.8168,1,1,-3.5259,-0.7091,-0.007091,False
2024-04-01,MSFT,sell_put,3.4073,1,1,-7.461,-4.0537,-0.040537,False
2024-04-01,MU,sell_put,4.6465,1,1,-4.0894,0.5571,0.005571,False
2024-04-01,NEE,sell_put,1.5232,1,1,4.788,1.5232,0.015232,False
2024-04-01,NFLX,sell_put,5.5605,1,1,-9.3343,-3.7738,-0.037738,False
2024-04-01,NKE,skip,0.0,0,0,-1.4794,0.0,0.0,False
2024-04-01,NOW,skip,0.0,0,0,-9.0595,0.0,0.0,False
2024-04-01,NVDA,sell_put,4.6465,1,1,-4.3715,0.2749,0.002749,False
2024-04-01,ORCL,sell_put,2.5045,1,1,-9.4419,-6.9374,-0.069374,False
2024-04-01,PANW,skip,0.0,0,0,2.3792,0.0,0.0,False
2024-04-01,PEP,sell_put,1.6302,1,1,0.5143,1.6302,0.016302,False
2024-04-01,PG,sell_put,1.987,1,1,0.5855,1.987,0.01987,False
2024-04-01,PGR,sell_put,2.8168,1,1,0.6914,2.8168,0.028168,False
2024-04-01,PLD,skip,0.0,0,0,-21.053,0.0,0.0,False
2024-04-01,PM,sell_put,1.6302,1,1,5.0616,1.6302,0.016302,False
2024-04-01,QCOM,sell_put,5.0236,1,1,-2.0378,2.9857,0.029857,False
2024-04-01,SBUX,skip,0.0,0,0,-3.1732,0.0,0.0,False
2024-04-01,SCHW,sell_put,2.8168,1,1,2.2256,2.8168,0.028168,False
2024-04-01,SO,sell_put,1.5232,1,1,2.4533,1.5232,0.015232,False
2024-04-01,SPGI,skip,0.0,0,0,-2.2611,0.0,0.0,False
2024-04-01,SYK,sell_put,2.2812,1,1,-5.7563,-3.4751,-0.034751,False
2024-04-01,TJX,sell_put,1.8021,1,1,-7.2274,-5.4253,-0.054253,False
2024-04-01,TMO,sell_put,3.3104,1,1,-2.0846,1.2258,0.012258,False
2024-04-01,TMUS,sell_put,3.0677,1,1,0.582,3.0677,0.030677,False
2024-04-01,TSLA,skip,0.0,0,0,4.2608,0.0,0.0,False
2024-04-01,TXN,sell_put,4.0334,1,1,1.2686,4.0334,0.040334,False
2024-04-01,UBER,skip,0.0,0,0,-13.9239,0.0,0.0,False
2024-04-01,UNH,sell_put,3.0924,1,1,-1.8381,1.2543,0.012543,False
2024-04-01,UNP,skip,0.0,0,0,-3.566,0.0,0.0,False
2024-04-01,V,skip,0.0,0,0,-3.7516,0.0,0.0,False
2024-04-01,VRTX,skip,0.0,0,0,-6.0286,0.0,0.0,False
2024-04-01,VZ,sell_put,3.0677,1,1,-5.8865,-2.8188,-0.028188,False
2024-04-01,WFC,sell_put,2.9953,1,1,2.3464,2.9953,0.029953,False
2024-04-01,WM,sell_put,3.0,1,1,-2.0586,0.9414,0.009414,False
2024-04-01,XOM,sell_put,2.6621,1,1,1.7464,2.6621,0.026621,False
2024-04-01,ZTS,skip,0.0,0,0,-5.8921,0.0,0.0,False
2024-05-01,AAPL,skip,0.0,0,0,12.8691,0.0,0.0,True
2024-05-01,ABBV,skip,0.0,0,0,0.0651,0.0,0.0,True
2024-05-01,ABNB,skip,0.0,0,0,-8.6019,0.0,0.0,True
2024-05-01,ABT,skip,0.0,0,0,-3.0888,0.0,0.0,True
2024-05-01,ACN,skip,0.0,0,0,-5.8247,0.0,0.0,True
2024-05-01,ADBE,skip,0.0,0,0,-3.9042,0.0,0.0,True
2024-05-01,ADI,sell_put,3.8759,4,4,16.8885,3.8759,0.155036,True
2024-05-01,ADP,skip,0.0,0,0,1.2526,0.0,0.0,True
2024-05-01,AMAT,skip,0.0,0,0,8.2708,0.0,0.0,True
2024-05-01,AMD,skip,0.0,0,0,5.3795,0.0,0.0,True
2024-05-01,AMGN,skip,0.0,0,0,11.6485,0.0,0.0,True
2024-05-01,AMZN,skip,0.0,0,0,0.8229,0.0,0.0,True
2024-05-01,ANET,skip,0.0,0,0,16.0157,0.0,0.0,True
2024-05-01,AVGO,skip,0.0,0,0,2.1749,0.0,0.0,True
2024-05-01,AXP,sell_put,1.7459,4,4,2.8687,1.7459,0.069836,True
2024-05-01,BA,skip,0.0,0,0,5.821,0.0,0.0,True
2024-05-01,BAC,skip,0.0,0,0,8.0519,0.0,0.0,True
2024-05-01,BKNG,skip,0.0,0,0,9.3951,0.0,0.0,True
2024-05-01,BLK,skip,0.0,0,0,2.3044,0.0,0.0,True
2024-05-01,BMY,skip,0.0,0,0,-5.3983,0.0,0.0,True
2024-05-01,BRK-B,skip,0.0,0,0,4.4539,0.0,0.0,True
2024-05-01,BSX,sell_put,2.072,4,4,5.1482,2.072,0.08288,True
2024-05-01,CAT,skip,0.0,0,0,1.5494,0.0,0.0,True
2024-05-01,CMCSA,skip,0.0,0,0,5.8139,0.0,0.0,True
2024-05-01,CMG,sell_put,3.0,4,4,-0.952,2.048,0.08192,True
2024-05-01,COST,skip,0.0,0,0,12.2133,0.0,0.0,True
2024-05-01,CRM,skip,0.0,0,0,-12.8281,0.0,0.0,True
2024-05-01,CSCO,skip,0.0,0,0,-0.2131,0.0,0.0,True
2024-05-01,CVS,skip,0.0,0,0,-11.1258,0.0,0.0,True
2024-05-01,CVX,sell_put,2.9867,4,4,0.6387,2.9867,0.119468,True
2024-05-01,DE,skip,0.0,0,0,-4.2538,0.0,0.0,True
2024-05-01,DHR,skip,0.0,0,0,4.1278,0.0,0.0,True
2024-05-01,DUK,sell_put,1.274,4,4,5.404,1.274,0.05096,True
2024-05-01,ELV,sell_put,1.4773,4,4,1.8729,1.4773,0.059092,True
2024-05-01,EQIX,skip,0.0,0,0,7.2942,0.0,0.0,True
2024-05-01,ETN,sell_put,2.3082,4,4,4.5843,2.3082,0.092328,True
2024-05-01,GE,sell_put,2.3082,4,4,2.2332,2.3082,0.092328,True
2024-05-01,GILD,skip,0.0,0,0,-1.4264,0.0,0.0,True
2024-05-01,GOOGL,sell_put,3.033,4,4,5.9712,3.033,0.12132,True
2024-05-01,GS,sell_put,2.0434,4,4,6.986,2.0434,0.081736,True
2024-05-01,HD,skip,0.0,0,0,0.1945,0.0,0.0,True
2024-05-01,HON,skip,0.0,0,0,4.9084,0.0,0.0,True
2024-05-01,IBM,skip,0.0,0,0,0.3911,0.0,0.0,True
2024-05-01,ICE,skip,0.0,0,0,3.9919,0.0,0.0,True
2024-05-01,INTC,skip,0.0,0,0,1.2471,0.0,0.0,True
2024-05-01,INTU,skip,0.0,0,0,-7.7323,0.0,0.0,True
2024-05-01,ISRG,skip,0.0,0,0,8.4993,0.0,0.0,True
2024-05-01,JNJ,skip,0.0,0,0,1.4385,0.0,0.0,True
2024-05-01,JPM,skip,0.0,0,0,6.296,0.0,0.0,True
2024-05-01,KLAC,skip,0.0,0,0,10.1902,0.0,0.0,True
2024-05-01,KO,sell_put,1.274,4,4,1.878,1.274,0.05096,True
2024-05-01,LLY,sell_put,2.8294,4,4,5.0237,2.8294,0.113176,True
2024-05-01,LMT,sell_put,2.3082,4,4,1.1636,2.3082,0.092328,True
2024-05-01,LOW,skip,0.0,0,0,-2.4748,0.0,0.0,True
2024-05-01,LRCX,skip,0.0,0,0,4.252,0.0,0.0,True
2024-05-01,MA,skip,0.0,0,0,-0.7781,0.0,0.0,True
2024-05-01,MCD,skip,0.0,0,0,-5.1824,0.0,0.0,True
2024-05-01,MCK,sell_put,3.0,4,4,6.0274,3.0,0.12,True
2024-05-01,MDLZ,sell_put,1.4806,4,4,-4.74,-3.2594,-0.130376,True
2024-05-01,MDT,skip,0.0,0,0,1.4083,0.0,0.0,True
2024-05-01,META,skip,0.0,0,0,8.5222,0.0,0.0,True
2024-05-01,MRK,skip,0.0,0,0,-2.8479,0.0,0.0,True
2024-05-01,MS,skip,0.0,0,0,8.7012,0.0,0.0,True
2024-05-01,MSFT,skip,0.0,0,0,6.6268,0.0,0.0,True
2024-05-01,MU,skip,0.0,0,0,10.6586,0.0,0.0,True
2024-05-01,NEE,sell_put,1.274,4,4,19.4864,1.274,0.05096,True
2024-05-01,NFLX,skip,0.0,0,0,16.5226,0.0,0.0,True
2024-05-01,NKE,skip,0.0,0,0,3.0241,0.0,0.0,True
2024-05-01,NOW,skip,0.0,0,0,-5.25,0.0,0.0,True
2024-05-01,NVDA,skip,0.0,0,0,26.8871,0.0,0.0,True
2024-05-01,ORCL,skip,0.0,0,0,3.3566,0.0,0.0,True
2024-05-01,PANW,sell_put,4.8256,4,4,1.382,4.8256,0.193024,True
2024-05-01,PEP,sell_put,1.4806,4,4,-1.7111,-0.2305,-0.00922,True
2024-05-01,PG,sell_put,0.8725,4,4,1.4721,0.8725,0.0349,True
2024-05-01,PGR,sell_put,2.0434,4,4,1.4553,2.0434,0.081736,True
2024-05-01,PLD,skip,0.0,0,0,8.2704,0.0,0.0,True
2024-05-01,PM,sell_put,1.4806,4,4,6.7832,1.4806,0.059224,True
2024-05-01,QCOM,skip,0.0,0,0,23.0328,0.0,0.0,True
2024-05-01,SBUX,skip,0.0,0,0,-9.3457,0.0,0.0,True
2024-05-01,SCHW,sell_put,2.0434,4,4,-0.906,1.1373,0.045492,True
2024-05-01,SO,sell_put,1.274,4,4,9.034,1.274,0.05096,True
2024-05-01,SPGI,skip,0.0,0,0,2.8089,0.0,0.0,True
2024-05-01,SYK,skip,0.0,0,0,1.3641,0.0,0.0,True
2024-05-01,TJX,skip,0.0,0,0,9.576,0.0,0.0,True
2024-05-01,TMO,skip,0.0,0,0,-0.1301,0.0,0.0,True
2024-05-01,TMUS,sell_put,2.6116,4,4,6.5725,2.6116,0.104464,True
2024-05-01,TSLA,sell_put,3.8767,4,4,-2.8372,1.0395,0.04158,True
2024-05-01,TXN,sell_put,3.8759,4,4,10.5373,3.8759,0.155036,True
2024-05-01,UBER,skip,0.0,0,0,-2.5804,0.0,0.0,True
2024-05-01,UNH,skip,0.0,0,0,2.4127,0.0,0.0,True
2024-05-01,UNP,skip,0.0,0,0,-1.83,0.0,0.0,True
2024-05-01,V,skip,0.0,0,0,1.4333,0.0,0.0,True
2024-05-01,VRTX,skip,0.0,0,0,15.9186,0.0,0.0,True
2024-05-01,VZ,skip,0.0,0,0,5.891,0.0,0.0,True
2024-05-01,WFC,sell_put,1.6219,4,4,1.0115,1.6219,0.064876,True
2024-05-01,WM,skip,0.0,0,0,1.3028,0.0,0.0,True
2024-05-01,XOM,sell_put,2.3082,4,4,-0.854,1.4542,0.058168,True
2024-05-01,ZTS,skip,0.0,0,0,6.7844,0.0,0.0,True
2024-06-01,AAPL,sell_put,2.6284,1,1,9.7039,2.6284,0.026284,False
2024-06-01,ABBV,sell_put,2.3759,1,1,6.3756,2.3759,0.023759,False
2024-06-01,ABNB,skip,0.0,0,0,4.6229,0.0,0.0,False
2024-06-01,ABT,skip,0.0,0,0,1.6831,0.0,0.0,False
2024-06-01,ACN,skip,0.0,0,0,7.4817,0.0,0.0,False
2024-06-01,ADBE,skip,0.0,0,0,24.9078,0.0,0.0,False
2024-06-01,ADI,sell_put,5.2783,1,1,-2.6568,2.6215,0.026215,False
2024-06-01,ADP,sell_put,1.6291,1,1,-2.5437,-0.9146,-0.009146,False
2024-06-01,AMAT,sell_put,5.2783,1,1,9.922,5.2783,0.052783,False
2024-06-01,AMD,sell_put,4.5669,1,1,-2.8101,1.7568,0.017568,False
2024-06-01,AMGN,sell_put,2.3759,1,1,2.8835,2.3759,0.023759,False
2024-06-01,AMZN,sell_put,1.7321,1,1,9.5273,1.7321,0.017321,False
2024-06-01,ANET,sell_put,3.0,1,1,17.749,3.0,0.03,False
2024-06-01,AVGO,sell_put,5.2783,1,1,20.8483,5.2783,0.052783,False
2024-06-01,AXP,sell_put,1.9016,1,1,-3.5208,-1.6193,-0.016193,False
2024-06-01,BA,sell_put,3.0,1,1,2.4773,3.0,0.03,False
2024-06-01,BAC,sell_put,2.5863,1,1,-0.5501,2.0362,0.020362,False
2024-06-01,BKNG,sell_put,3.0,1,1,4.9029,3.0,0.03,False
2024-06-01,BLK,sell_put,2.2724,1,1,1.9805,2.2724,0.022724,False
2024-06-01,BMY,skip,0.0,0,0,1.0708,0.0,0.0,False
2024-06-01,BRK-B,sell_put,1.2299,1,1,-1.834,-0.6041,-0.006041,False
2024-06-01,BSX,sell_put,1.909,1,1,1.9055,1.909,0.01909,False
2024-06-01,CAT,sell_put,1.9197,1,1,-1.6011,0.3186,0.003186,False
2024-06-01,CMCSA,sell_put,4.8167,1,1,-2.1734,2.6433,0.026433,False
2024-06-01,CMG,skip,0.0,0,0,0.0952,0.0,0.0,False
2024-06-01,COST,sell_put,1.8129,1,1,4.9513,1.8129,0.018129,False
2024-06-01,CRM,skip,0.0,0,0,9.6656,0.0,0.0,False
2024-06-01,CSCO,skip,0.0,0,0,2.172,0.0,0.0,False
2024-06-01,CVS,skip,0.0,0,0,-0.906,0.0,0.0,False
2024-06-01,CVX,sell_put,1.1507,1,1,-2.6497,-1.499,-0.01499,False
2024-06-01,DE,skip,0.0,0,0,-0.3015,0.0,0.0,False
2024-06-01,DHR,sell_put,1.909,1,1,-2.7064,-0.7974,-0.007974,False
2024-06-01,DUK,sell_put,2.2079,1,1,-2.2555,-0.0476,-0.000476,False
2024-06-01,ELV,sell_put,2.7753,1,1,0.6277,2.7753,0.027753,False
2024-06-01,EQIX,sell_put,1.6291,1,1,-0.3022,1.3269,0.013269,False
2024-06-01,ETN,sell_put,1.9197,1,1,-5.5167,-3.597,-0.03597,False
2024-06-01,GE,sell_put,1.9197,1,1,-3.7362,-1.8165,-0.018165,False
2024-06-01,GILD,skip,0.0,0,0,6.7528,0.0,0.0,False
2024-06-01,GOOGL,sell_put,2.1599,1,1,5.5942,2.1599,0.021599,False
2024-06-01,GS,sell_put,2.2724,1,1,-0.3204,1.952,0.01952,False
2024-06-01,HD,sell_put,2.4194,1,1,3.5127,2.4194,0.024194,False
2024-06-01,HON,sell_put,1.6291,1,1,6.1727,1.6291,0.016291,False
2024-06-01,IBM,sell_put,1.6291,1,1,4.685,1.6291,0.016291,False
2024-06-01,ICE,sell_put,3.0,1,1,2.233,3.0,0.03,False
2024-06-01,INTC,sell_put,5.2783,1,1,0.7967,5.2783,0.052783,False
2024-06-01,INTU,skip,0.0,0,0,14.0119,0.0,0.0,False
2024-06-01,ISRG,sell_put,1.909,1,1,10.6262,1.909,0.01909,False
2024-06-01,JNJ,sell_put,0.8735,1,1,0.4578,0.8735,0.008735,False
2024-06-01,JPM,sell_put,2.2724,1,1,-0.1826,2.0898,0.020898,False
2024-06-01,KLAC,sell_put,5.2783,1,1,8.7761,5.2783,0.052783,False
2024-06-01,KO,sell_put,2.2079,1,1,1.1441,2.2079,0.022079,False
2024-06-01,LLY,sell_put,2.8704,1,1,10.5545,2.8704,0.028704,False
2024-06-01,LMT,sell_put,1.9197,1,1,-0.6888,1.2309,0.012309,False
2024-06-01,LOW,skip,0.0,0,0,-0.3751,0.0,0.0,False
2024-06-01,LRCX,sell_put,5.2783,1,1,14.2004,5.2783,0.052783,False
2024-06-01,MA,skip,0.0,0,0,-1.3219,0.0,0.0,False
2024-06-01,MCD,skip,0.0,0,0,-1.5644,0.0,0.0,False
2024-06-01,MCK,sell_put,3.0,1,1,2.5369,3.0,0.03,False
2024-06-01,MDLZ,skip,0.0,0,0,-4.509,0.0,0.0,False
2024-06-01,MDT,sell_put,1.909,1,1,-3.269,-1.36,-0.0136,False
2024-06-01,META,sell_put,3.2018,1,1,8.0093,3.2018,0.032018,False
2024-06-01,MRK,skip,0.0,0,0,-1.386,0.0,0.0,False
2024-06-01,MS,sell_put,2.2724,1,1,-0.6643,1.6081,0.016081,False
2024-06-01,MSFT,sell_put,2.1834,1,1,7.8593,2.1834,0.021834,False
2024-06-01,MU,sell_put,4.5669,1,1,5.224,4.5669,0.045669,False
2024-06-01,NEE,sell_put,2.2079,1,1,-11.5096,-9.3017,-0.093017,False
2024-06-01,NFLX,sell_put,2.6644,1,1,5.1837,2.6644,0.026644,False
2024-06-01,NKE,sell_put,4.0613,1,1,-20.7049,-16.6436,-0.166436,False
2024-06-01,NOW,skip,0.0,0,0,19.7494,0.0,0.0,False
2024-06-01,NVDA,sell_put,4.5669,1,1,12.685,4.5669,0.045669,False
2024-06-01,ORCL,sell_put,3.999,1,1,20.4881,3.999,0.03999,False
2024-06-01,PANW,sell_put,2.0409,1,1,14.9537,2.0409,0.020409,False
2024-06-01,PEP,skip,0.0,0,0,-4.6096,0.0,0.0,False
2024-06-01,PG,sell_put,0.6002,1,1,0.2309,0.6002,0.006002,False
2024-06-01,PGR,sell_put,2.2724,1,1,-1.6431,0.6293,0.006293,False
2024-06-01,PLD,sell_put,1.6291,1,1,1.6472,1.6291,0.016291,False
2024-06-01,PM,sell_put,1.315,1,1,-0.0493,1.2657,0.012657,False
2024-06-01,QCOM,sell_put,3.0179,1,1,-1.9866,1.0313,0.010313,False
2024-06-01,SBUX,skip,0.0,0,0,-2.2181,0.0,0.0,False
2024-06-01,SCHW,skip,0.0,0,0,0.8896,0.0,0.0,False
2024-06-01,SO,sell_put,2.2079,1,1,-2.3209,-0.113,-0.00113,False
2024-06-01,SPGI,sell_put,2.2724,1,1,4.5458,2.2724,0.022724,False
2024-06-01,SYK,sell_put,1.909,1,1,-0.2463,1.6627,0.016627,False
2024-06-01,TJX,sell_put,1.2903,1,1,7.1954,1.2903,0.012903,False
2024-06-01,TMO,skip,0.0,0,0,-2.6374,0.0,0.0,False
2024-06-01,TMUS,sell_put,4.8167,1,1,1.0822,4.8167,0.048167,False
2024-06-01,TSLA,skip,0.0,0,0,11.1186,0.0,0.0,False
2024-06-01,TXN,sell_put,5.2783,1,1,0.4728,5.2783,0.052783,False
2024-06-01,UBER,skip,0.0,0,0,12.5775,0.0,0.0,False
2024-06-01,UNH,sell_put,2.7753,1,1,2.804,2.7753,0.027753,False
2024-06-01,UNP,skip,0.0,0,0,-2.2634,0.0,0.0,False
2024-06-01,V,sell_put,1.5785,1,1,-3.4883,-1.9098,-0.019098,False
2024-06-01,VRTX,sell_put,2.3759,1,1,2.9385,2.3759,0.023759,False
2024-06-01,VZ,sell_put,4.8167,1,1,0.2187,4.8167,0.048167,False
2024-06-01,WFC,sell_put,2.5355,1,1,-0.3147,2.2208,0.022208,False
2024-06-01,WM,sell_put,3.0,1,1,1.2386,3.0,0.03,False
2024-06-01,XOM,skip,0.0,0,0,-1.0276,0.0,0.0,False
2024-06-01,ZTS,sell_put,2.3759,1,1,2.2411,2.3759,0.023759,False
2024-07-01,AAPL,sell_put,3.3184,1,1,5.4411,3.3184,0.033184,False
2024-07-01,ABBV,sell_put,2.5943,1,1,8.0457,2.5943,0.025943,False
2024-07-01,ABNB,sell_put,3.0,1,1,-7.9602,-4.9602,-0.049602,False
2024-07-01,ABT,sell_put,1.7767,1,1,1.9536,1.7767,0.017767,False
2024-07-01,ACN,sell_put,2.3081,1,1,8.968,2.3081,0.023081,False
2024-07-01,ADBE,sell_put,2.5902,1,1,-0.7002,1.89,0.0189,False
2024-07-01,ADI,skip,0.0,0,0,1.7701,0.0,0.0,False
2024-07-01,ADP,skip,0.0,0,0,10.6598,0.0,0.0,False
2024-07-01,AMAT,sell_put,4.1737,1,1,-10.081,-5.9073,-0.059073,False
2024-07-01,AMD,skip,0.0,0,0,-10.9303,0.0,0.0,False
2024-07-01,AMGN,sell_put,2.5943,1,1,6.4074,2.5943,0.025943,False
2024-07-01,AMZN,sell_put,4.6226,1,1,-3.2445,1.3781,0.013781,False
2024-07-01,ANET,sell_put,3.0,1,1,-1.1213,1.8787,0.018787,False
2024-07-01,AVGO,sell_put,4.1737,1,1,0.3969,4.1737,0.041737,False
2024-07-01,AXP,skip,0.0,0,0,9.2809,0.0,0.0,False
2024-07-01,BA,sell_put,3.0,1,1,4.7195,3.0,0.03,False
2024-07-01,BAC,skip,0.0,0,0,1.9743,0.0,0.0,False
2024-07-01,BKNG,sell_put,3.0,1,1,-6.0063,-3.0063,-0.030063,False
2024-07-01,BLK,sell_put,2.4477,1,1,12.0611,2.4477,0.024477,False
2024-07-01,BMY,sell_put,2.5943,1,1,14.5196,2.5943,0.025943,False
2024-07-01,BRK-B,skip,0.0,0,0,7.7925,0.0,0.0,False
2024-07-01,BSX,sell_put,1.7767,1,1,-4.0644,-2.2877,-0.022877,False
2024-07-01,CAT,skip,0.0,0,0,3.9328,0.0,0.0,False
2024-07-01,CMCSA,skip,0.0,0,0,5.3882,0.0,0.0,False
2024-07-01,CMG,sell_put,3.0,1,1,-13.2961,-10.2961,-0.102961,False
2024-07-01,COST,sell_put,1.8208,1,1,-3.293,-1.4722,-0.014722,False
2024-07-01,CRM,sell_put,1.9135,1,1,0.6612,1.9135,0.019135,False
2024-07-01,CSCO,sell_put,4.2862,1,1,1.9785,4.2862,0.042862,False
2024-07-01,CVS,skip,0.0,0,0,2.1504,0.0,0.0,False
2024-07-01,CVX,skip,0.0,0,0,2.5892,0.0,0.0,False
2024-07-01,DE,skip,0.0,0,0,-0.0517,0.0,0.0,False
2024-07-01,DHR,skip,0.0,0,0,11.0176,0.0,0.0,False
2024-07-01,DUK,skip,0.0,0,0,9.0192,0.0,0.0,False
2024-07-01,ELV,sell_put,3.2554,1,1,-1.5163,1.7392,0.017392,False
2024-07-01,EQIX,skip,0.0,0,0,4.4462,0.0,0.0,False
2024-07-01,ETN,skip,0.0,0,0,-2.7938,0.0,0.0,False
2024-07-01,GE,skip,0.0,0,0,7.0642,0.0,0.0,False
2024-07-01,GILD,sell_put,2.5943,1,1,12.2179,2.5943,0.025943,False
2024-07-01,GOOGL,sell_put,3.8851,1,1,-5.7168,-1.8317,-0.018317,False
2024-07-01,GS,skip,0.0,0,0,12.5376,0.0,0.0,False
2024-07-01,HD,sell_put,2.2739,1,1,6.9486,2.2739,0.022739,False
2024-07-01,HON,sell_put,4.2862,1,1,-4.1163,0.1699,0.001699,False
2024-07-01,IBM,sell_put,4.2862,1,1,11.0957,4.2862,0.042862,False
2024-07-01,ICE,sell_put,3.0,1,1,11.0841,3.0,0.03,False
2024-07-01,INTC,sell_put,4.1737,1,1,-0.7427,3.431,0.03431,False
2024-07-01,INTU,sell_put,3.5567,1,1,-1.5003,2.0564,0.020564,False
2024-07-01,ISRG,sell_put,1.7767,1,1,-0.054,1.7228,0.017228,False
2024-07-01,JNJ,sell_put,1.7817,1,1,7.9981,1.7817,0.017817,False
2024-07-01,JPM,skip,0.0,0,0,5.2111,0.0,0.0,False
2024-07-01,KLAC,sell_put,4.1737,1,1,-0.1747,3.999,0.03999,False
2024-07-01,KO,sell_put,1.5438,1,1,5.6683,1.5438,0.015438,False
2024-07-01,LLY,sell_put,2.6765,1,1,-11.1677,-8.4912,-0.084912,False
2024-07-01,LMT,skip,0.0,0,0,16.8002,0.0,0.0,False
2024-07-01,LOW,skip,0.0,0,0,11.3626,0.0,0.0,False
2024-07-01,LRCX,sell_put,4.1737,1,1,-13.3247,-9.151,-0.09151,False
2024-07-01,MA,skip,0.0,0,0,5.1115,0.0,0.0,False
2024-07-01,MCD,skip,0.0,0,0,4.8199,0.0,0.0,False
2024-07-01,MCK,sell_put,3.0,1,1,5.762,3.0,0.03,False
2024-07-01,MDLZ,skip,0.0,0,0,5.1176,0.0,0.0,False
2024-07-01,MDT,skip,0.0,0,0,2.9539,0.0,0.0,False
2024-07-01,META,sell_put,5.611,1,1,-5.7353,-0.1243,-0.001243,False
2024-07-01,MRK,skip,0.0,0,0,-8.0721,0.0,0.0,False
2024-07-01,MS,skip,0.0,0,0,6.194,0.0,0.0,False
2024-07-01,MSFT,sell_put,2.6291,1,1,-6.3989,-3.7698,-0.037698,False
2024-07-01,MU,sell_put,5.3073,1,1,-16.5057,-11.1984,-0.111984,False
2024-07-01,NEE,skip,0.0,0,0,8.5791,0.0,0.0,False
2024-07-01,NFLX,sell_put,4.9532,1,1,-6.8946,-1.9414,-0.019414,False
2024-07-01,NKE,skip,0.0,0,0,-0.2885,0.0,0.0,False
2024-07-01,NOW,sell_put,4.2244,1,1,3.5237,4.2244,0.042244,False
2024-07-01,NVDA,sell_put,5.3073,1,1,-5.2699,0.0375,0.000375,False
2024-07-01,ORCL,sell_put,2.383,1,1,-1.2394,1.1436,0.011436,False
2024-07-01,PANW,sell_put,1.9135,1,1,-4.2123,-2.2988,-0.022988,False
2024-07-01,PEP,skip,0.0,0,0,5.5184,0.0,0.0,False
2024-07-01,PG,sell_put,1.6993,1,1,-2.5224,-0.8232,-0.008232,False
2024-07-01,PGR,skip,0.0,0,0,3.086,0.0,0.0,False
2024-07-01,PLD,sell_put,4.2862,1,1,13.2018,4.2862,0.042862,False
2024-07-01,PM,skip,0.0,0,0,15.1274,0.0,0.0,False
2024-07-01,QCOM,skip,0.0,0,0,-9.1525,0.0,0.0,False
2024-07-01,SBUX,skip,0.0,0,0,0.1284,0.0,0.0,False
2024-07-01,SCHW,sell_put,2.4477,1,1,-11.5348,-9.0871,-0.090871,False
2024-07-01,SO,skip,0.0,0,0,7.6705,0.0,0.0,False
2024-07-01,SPGI,sell_put,2.4477,1,1,8.6839,2.4477,0.024477,False
2024-07-01,SYK,skip,0.0,0,0,-3.5353,0.0,0.0,False
2024-07-01,TJX,sell_put,1.8599,1,1,2.6521,1.8599,0.018599,False
2024-07-01,TMO,skip,0.0,0,0,10.987,0.0,0.0,False
2024-07-01,TMUS,sell_put,2.7774,1,1,3.4624,2.7774,0.027774,False
2024-07-01,TSLA,sell_put,8.0357,1,1,17.2781,8.0357,0.080357,False
2024-07-01,TXN,sell_put,4.1737,1,1,4.7705,4.1737,0.041737,False
2024-07-01,UBER,sell_put,3.0,1,1,-11.2961,-8.2961,-0.082961,False
2024-07-01,UNH,sell_put,3.2554,1,1,13.6167,3.2554,0.032554,False
2024-07-01,UNP,skip,0.0,0,0,9.0471,0.0,0.0,False
2024-07-01,V,skip,0.0,0,0,1.2192,0.0,0.0,False
2024-07-01,VRTX,sell_put,2.5943,1,1,5.7604,2.5943,0.025943,False
2024-07-01,VZ,sell_put,2.7774,1,1,-1.7459,1.0315,0.010315,False
2024-07-01,WFC,skip,0.0,0,0,-0.0842,0.0,0.0,False
2024-07-01,WM,sell_put,3.0,1,1,-4.653,-1.653,-0.01653,False
2024-07-01,XOM,skip,0.0,0,0,3.0142,0.0,0.0,False
2024-07-01,ZTS,sell_put,2.5943,1,1,3.8532,2.5943,0.025943,False
2024-08-01,AAPL,sell_put,2.6276,1,1,3.116,2.6276,0.026276,False
2024-08-01,ABBV,sell_put,1.9124,1,1,6.9034,1.9124,0.019124,False
2024-08-01,ABNB,skip,0.0,0,0,-15.943,0.0,0.0,False
2024-08-01,ABT,sell_put,1.2713,1,1,7.4862,1.2713,0.012713,False
2024-08-01,ACN,sell_put,3.0681,1,1,3.8805,3.0681,0.030681,False
2024-08-01,ADBE,skip,0.0,0,0,4.1258,0.0,0.0,False
2024-08-01,ADI,sell_put,6.949,1,1,1.4954,6.949,0.06949,False
2024-08-01,ADP,sell_put,1.4757,1,1,5.0606,1.4757,0.014757,False
2024-08-01,AMAT,skip,0.0,0,0,-7.0405,0.0,0.0,False
2024-08-01,AMD,skip,0.0,0,0,2.8239,0.0,0.0,False
2024-08-01,AMGN,sell_put,1.9124,1,1,0.4091,1.9124,0.019124,False
2024-08-01,AMZN,skip,0.0,0,0,-4.5352,0.0,0.0,False
2024-08-01,ANET,skip,0.0,0,0,1.9709,0.0,0.0,False
2024-08-01,AVGO,sell_put,6.949,1,1,1.3319,6.949,0.06949,False
2024-08-01,AXP,sell_put,1.5939,1,1,2.5215,1.5939,0.015939,False
2024-08-01,BA,sell_put,3.0,1,1,-8.8458,-5.8458,-0.058458,False
2024-08-01,BAC,sell_put,2.726,1,1,1.0915,2.726,0.02726,False
2024-08-01,BKNG,skip,0.0,0,0,5.228,0.0,0.0,False
2024-08-01,BLK,sell_put,1.8302,1,1,2.8876,1.8302,0.018302,False
2024-08-01,BMY,sell_put,1.9124,1,1,6.6222,1.9124,0.019124,False
2024-08-01,BRK-B,sell_put,1.3412,1,1,8.5336,1.3412,0.013412,False
2024-08-01,BSX,skip,0.0,0,0,10.7066,0.0,0.0,False
2024-08-01,CAT,sell_put,2.3111,1,1,3.2785,2.3111,0.023111,False
2024-08-01,CMCSA,sell_put,3.0673,1,1,-3.3339,-0.2667,-0.002667,False
2024-08-01,CMG,skip,0.0,0,0,3.2401,0.0,0.0,False
2024-08-01,COST,skip,0.0,0,0,8.7166,0.0,0.0,False
2024-08-01,CRM,sell_put,3.1317,1,1,-2.1276,1.004,0.01004,False
2024-08-01,CSCO,sell_put,1.4757,1,1,5.2074,1.4757,0.014757,False
2024-08-01,CVS,sell_put,2.4573,1,1,-4.0507,-1.5935,-0.015935,False
2024-08-01,CVX,sell_put,3.198,1,1,-7.8021,-4.6041,-0.046041,False
2024-08-01,DE,skip,0.0,0,0,3.6991,0.0,0.0,False
2024-08-01,DHR,sell_put,1.2713,1,1,-2.8042,-1.5329,-0.015329,False
2024-08-01,DUK,sell_put,1.2064,1,1,4.283,1.2064,0.012064,False
2024-08-01,ELV,skip,0.0,0,0,4.6727,0.0,0.0,False
2024-08-01,EQIX,sell_put,1.4757,1,1,5.5831,1.4757,0.014757,False
2024-08-01,ETN,skip,0.0,0,0,0.7021,0.0,0.0,False
2024-08-01,GE,sell_put,2.3111,1,1,2.7706,2.3111,0.023111,False
2024-08-01,GILD,sell_put,1.9124,1,1,3.8654,1.9124,0.019124,False
2024-08-01,GOOGL,skip,0.0,0,0,-4.7569,0.0,0.0,False
2024-08-01,GS,sell_put,1.8302,1,1,0.2397,1.8302,0.018302,False
2024-08-01,HD,sell_put,2.2832,1,1,0.0923,2.2832,0.022832,False
2024-08-01,HON,skip,0.0,0,0,1.5433,0.0,0.0,False
2024-08-01,IBM,sell_put,1.4757,1,1,5.1993,1.4757,0.014757,False
2024-08-01,ICE,sell_put,3.0,1,1,6.5915,3.0,0.03,False
2024-08-01,INTC,skip,0.0,0,0,-28.3019,0.0,0.0,False
2024-08-01,INTU,skip,0.0,0,0,-2.5051,0.0,0.0,False
2024-08-01,ISRG,skip,0.0,0,0,10.8005,0.0,0.0,False
2024-08-01,JNJ,sell_put,1.0418,1,1,5.0744,1.0418,0.010418,False
2024-08-01,JPM,sell_put,1.8302,1,1,6.2244,1.8302,0.018302,False
2024-08-01,KLAC,skip,0.0,0,0,-0.4422,0.0,0.0,False
2024-08-01,KO,sell_put,1.2064,1,1,8.5856,1.2064,0.012064,False
2024-08-01,LLY,skip,0.0,0,0,19.3654,0.0,0.0,False
2024-08-01,LMT,sell_put,2.3111,1,1,4.831,2.3111,0.023111,False
2024-08-01,LOW,sell_put,2.2832,1,1,1.7087,2.2832,0.022832,False
2024-08-01,LRCX,skip,0.0,0,0,-10.8799,0.0,0.0,False
2024-08-01,MA,sell_put,1.5939,1,1,4.3876,1.5939,0.015939,False
2024-08-01,MCD,sell_put,1.2064,1,1,8.7641,1.2064,0.012064,False
2024-08-01,MCK,sell_put,3.0,1,1,-9.0662,-6.0662,-0.060662,False
2024-08-01,MDLZ,sell_put,2.9451,1,1,5.0622,2.9451,0.029451,False
2024-08-01,MDT,sell_put,1.2713,1,1,10.2839,1.2713,0.012713,False
2024-08-01,META,skip,0.0,0,0,9.7888,0.0,0.0,False
2024-08-01,MRK,skip,0.0,0,0,4.7025,0.0,0.0,False
2024-08-01,MS,sell_put,1.8302,1,1,1.2906,1.8302,0.018302,False
2024-08-01,MSFT,skip,0.0,0,0,-0.2892,0.0,0.0,False
2024-08-01,MU,skip,0.0,0,0,-12.289,0.0,0.0,False
2024-08-01,NEE,sell_put,1.2064,1,1,5.3934,1.2064,0.012064,False
2024-08-01,NFLX,skip,0.0,0,0,11.6177,0.0,0.0,False
2024-08-01,NKE,skip,0.0,0,0,11.3011,0.0,0.0,False
2024-08-01,NOW,sell_put,4.5093,1,1,4.9866,4.5093,0.045093,False
2024-08-01,NVDA,skip,0.0,0,0,2.0082,0.0,0.0,False
2024-08-01,ORCL,skip,0.0,0,0,1.6056,0.0,0.0,False
2024-08-01,PANW,skip,0.0,0,0,11.6989,0.0,0.0,False
2024-08-01,PEP,sell_put,2.9451,1,1,0.1216,2.9451,0.029451,False
2024-08-01,PG,skip,0.0,0,0,7.3474,0.0,0.0,False
2024-08-01,PGR,sell_put,1.8302,1,1,17.8402,1.8302,0.018302,False
2024-08-01,PLD,sell_put,1.4757,1,1,1.4042,1.4757,0.014757,False
2024-08-01,PM,sell_put,2.9451,1,1,7.0597,2.9451,0.029451,False
2024-08-01,QCOM,skip,0.0,0,0,-3.1224,0.0,0.0,False
2024-08-01,SBUX,sell_put,1.2064,1,1,21.3214,1.2064,0.012064,False
2024-08-01,SCHW,skip,0.0,0,0,-0.1381,0.0,0.0,False
2024-08-01,SO,sell_put,1.2064,1,1,3.4483,1.2064,0.012064,False
2024-08-01,SPGI,sell_put,1.8302,1,1,5.8816,1.8302,0.018302,False
2024-08-01,SYK,skip,0.0,0,0,10.0687,0.0,0.0,False
2024-08-01,TJX,sell_put,1.212,1,1,3.7604,1.212,0.01212,False
2024-08-01,TMO,sell_put,2.8895,1,1,0.2821,2.8895,0.028895,False
2024-08-01,TMUS,sell_put,3.0673,1,1,9.0191,3.0673,0.030673,False
2024-08-01,TSLA,sell_put,5.0922,1,1,-7.739,-2.6469,-0.026469,False
2024-08-01,TXN,sell_put,6.949,1,1,5.8512,6.949,0.06949,False
2024-08-01,UBER,skip,0.0,0,0,13.4326,0.0,0.0,False
2024-08-01,UNH,sell_put,2.4573,1,1,2.4369,2.4573,0.024573,False
2024-08-01,UNP,sell_put,2.3111,1,1,3.7936,2.3111,0.023111,False
2024-08-01,V,sell_put,1.3808,1,1,4.0275,1.3808,0.013808,False
2024-08-01,VRTX,sell_put,1.9124,1,1,0.0343,1.9124,0.019124,False
2024-08-01,VZ,skip,0.0,0,0,4.797,0.0,0.0,False
2024-08-01,WFC,skip,0.0,0,0,-1.4661,0.0,0.0,False
2024-08-01,WM,skip,0.0,0,0,4.6284,0.0,0.0,False
2024-08-01,XOM,sell_put,2.3111,1,1,-0.5481,1.763,0.01763,False
2024-08-01,ZTS,sell_put,1.9124,1,1,2.1587,1.9124,0.019124,False
2024-09-01,AAPL,sell_put,2.656,1,1,1.8645,2.656,0.02656,False
2024-09-01,ABBV,sell_put,1.9141,1,1,0.596,1.9141,0.019141,False
2024-09-01,ABNB,skip,0.0,0,0,8.0982,0.0,0.0,False
2024-09-01,ABT,sell_put,3.3629,1,1,0.6533,3.3629,0.033629,False
2024-09-01,ACN,sell_put,2.8415,1,1,3.3718,2.8415,0.028415,False
2024-09-01,ADBE,sell_put,3.2539,1,1,-9.8588,-6.6049,-0.066049,False
2024-09-01,ADI,sell_put,3.9443,1,1,-1.9886,1.9558,0.019558,False
2024-09-01,ADP,sell_put,3.6883,1,1,0.2972,3.6883,0.036883,False
2024-09-01,AMAT,skip,0.0,0,0,2.6246,0.0,0.0,False
2024-09-01,AMD,sell_put,4.6779,1,1,10.447,4.6779,0.046779,False
2024-09-01,AMGN,sell_put,1.9141,1,1,-2.8088,-0.8946,-0.008946,False
2024-09-01,AMZN,skip,0.0,0,0,4.3866,0.0,0.0,False
2024-09-01,ANET,sell_put,3.0,1,1,8.614,3.0,0.03,False
2024-09-01,AVGO,sell_put,3.9443,1,1,5.9452,3.9443,0.039443,False
2024-09-01,AXP,sell_put,2.2768,1,1,4.8521,2.2768,0.022768,False
2024-09-01,BA,skip,0.0,0,0,-12.4899,0.0,0.0,False
2024-09-01,BAC,sell_put,3.2933,1,1,-2.6258,0.6676,0.006676,False
2024-09-01,BKNG,sell_put,3.0,1,1,7.7481,3.0,0.03,False
2024-09-01,BLK,sell_put,2.9348,1,1,5.2894,2.9348,0.029348,False
2024-09-01,BMY,sell_put,1.9141,1,1,3.5836,1.9141,0.019141,False
2024-09-01,BRK-B,sell_put,1.3496,1,1,-3.2905,-1.9408,-0.019408,False
2024-09-01,BSX,sell_put,3.3629,1,1,2.4575,3.3629,0.033629,False
2024-09-01,CAT,sell_put,2.3218,1,1,9.8343,2.3218,0.023218,False
2024-09-01,CMCSA,skip,0.0,0,0,5.5598,0.0,0.0,False
2024-09-01,CMG,sell_put,3.0,1,1,2.7461,3.0,0.03,False
2024-09-01,COST,sell_put,2.0406,1,1,-0.6567,1.3839,0.013839,False
2024-09-01,CRM,skip,0.0,0,0,8.2286,0.0,0.0,False
2024-09-01,CSCO,sell_put,3.6883,1,1,5.3027,3.6883,0.036883,False
2024-09-01,CVS,skip,0.0,0,0,9.8533,0.0,0.0,False
2024-09-01,CVX,skip,0.0,0,0,0.6544,0.0,0.0,False
2024-09-01,DE,sell_put,2.3218,1,1,8.1895,2.3218,0.023218,False
2024-09-01,DHR,skip,0.0,0,0,3.2342,0.0,0.0,False
2024-09-01,DUK,sell_put,1.7734,1,1,2.1283,1.7734,0.017734,False
2024-09-01,ELV,sell_put,3.2122,1,1,-6.6243,-3.4121,-0.034121,False
2024-09-01,EQIX,sell_put,3.6883,1,1,6.9335,3.6883,0.036883,False
2024-09-01,ETN,sell_put,2.3218,1,1,8.3489,2.3218,0.023218,False
2024-09-01,GE,sell_put,2.3218,1,1,7.9945,2.3218,0.023218,False
2024-09-01,GILD,sell_put,1.9141,1,1,6.1266,1.9141,0.019141,False
2024-09-01,GOOGL,skip,0.0,0,0,1.5118,0.0,0.0,False
2024-09-01,GS,sell_put,2.9348,1,1,-2.3931,0.5417,0.005417,False
2024-09-01,HD,sell_put,2.0257,1,1,10.6272,2.0257,0.020257,False
2024-09-01,HON,sell_put,3.6883,1,1,-0.0332,3.6551,0.036551,False
2024-09-01,IBM,sell_put,3.6883,1,1,10.3318,3.6883,0.036883,False
2024-09-01,ICE,sell_put,3.0,1,1,-0.5633,2.4367,0.024367,False
2024-09-01,INTC,skip,0.0,0,0,7.1181,0.0,0.0,False
2024-09-01,INTU,skip,0.0,0,0,-1.4692,0.0,0.0,False
2024-09-01,ISRG,sell_put,3.3629,1,1,-0.2761,3.0868,0.030868,False
2024-09-01,JNJ,sell_put,2.4458,1,1,-1.5495,0.8963,0.008963,False
2024-09-01,JPM,sell_put,2.9348,1,1,-6.2011,-3.2662,-0.032662,False
2024-09-01,KLAC,skip,0.0,0,0,-5.3211,0.0,0.0,False
2024-09-01,KO,sell_put,1.7734,1,1,-0.8417,0.9317,0.009317,False
2024-09-01,LLY,sell_put,3.1342,1,1,-7.5876,-4.4534,-0.044534,False
2024-09-01,LMT,sell_put,2.3218,1,1,2.8974,2.3218,0.023218,False
2024-09-01,LOW,sell_put,2.0257,1,1,8.9939,2.0257,0.020257,False
2024-09-01,LRCX,skip,0.0,0,0,-0.6005,0.0,0.0,False
2024-09-01,MA,sell_put,2.2768,1,1,2.1641,2.2768,0.022768,False
2024-09-01,MCD,sell_put,1.7734,1,1,5.4909,1.7734,0.017734,False
2024-09-01,MCK,skip,0.0,0,0,-11.768,0.0,0.0,False
2024-09-01,MDLZ,sell_put,2.1721,1,1,2.5902,2.1721,0.021721,False
2024-09-01,MDT,sell_put,3.3629,1,1,1.6369,3.3629,0.033629,False
2024-09-01,META,sell_put,3.2432,1,1,9.808,3.2432,0.032432,False
2024-09-01,MRK,sell_put,2.2064,1,1,-4.1283,-1.9219,-0.019219,False
2024-09-01,MS,sell_put,2.9348,1,1,0.608,2.9348,0.029348,False
2024-09-01,MSFT,skip,0.0,0,0,3.3407,0.0,0.0,False
2024-09-01,MU,skip,0.0,0,0,7.7619,0.0,0.0,False
2024-09-01,NEE,sell_put,1.7734,1,1,5.6732,1.7734,0.017734,False
2024-09-01,NFLX,sell_put,5.1421,1,1,1.1293,5.1421,0.051421,False
2024-09-01,NKE,sell_put,4.3982,1,1,6.097,4.3982,0.043982,False
2024-09-01,NOW,sell_put,2.3305,1,1,4.607,2.3305,0.023305,False
2024-09-01,NVDA,sell_put,4.6779,1,1,1.7341,4.6779,0.046779,False
2024-09-01,ORCL,sell_put,2.5986,1,1,20.603,2.5986,0.025986,False
2024-09-01,PANW,sell_put,3.638,1,1,-5.7675,-2.1295,-0.021295,False
2024-09-01,PEP,sell_put,2.1721,1,1,-1.637,0.5351,0.005351,False
2024-09-01,PG,sell_put,2.806,1,1,0.9677,2.806,0.02806,False
2024-09-01,PGR,sell_put,2.9348,1,1,0.6186,2.9348,0.029348,False
2024-09-01,PLD,sell_put,3.6883,1,1,-1.2048,2.4834,0.024834,False
2024-09-01,PM,sell_put,2.1721,1,1,-1.533,0.6391,0.006391,False
2024-09-01,QCOM,skip,0.0,0,0,-2.9949,0.0,0.0,False
2024-09-01,SBUX,sell_put,1.7734,1,1,3.7107,1.7734,0.017734,False
2024-09-01,SCHW,skip,0.0,0,0,-0.0474,0.0,0.0,False
2024-09-01,SO,sell_put,1.7734,1,1,5.2424,1.7734,0.017734,False
2024-09-01,SPGI,sell_put,2.9348,1,1,0.8414,2.9348,0.029348,False
2024-09-01,SYK,sell_put,3.3629,1,1,0.2331,3.3629,0.033629,False
2024-09-01,TJX,sell_put,2.0329,1,1,0.576,2.0329,0.020329,False
2024-09-01,TMO,sell_put,3.1253,1,1,0.5691,3.1253,0.031253,False
2024-09-01,TMUS,sell_put,3.4905,1,1,4.1831,3.4905,0.034905,False
2024-09-01,TSLA,skip,0.0,0,0,22.1942,0.0,0.0,False
2024-09-01,TXN,sell_put,3.9443,1,1,-3.6251,0.3193,0.003193,False
2024-09-01,UBER,sell_put,3.0,1,1,2.7759,3.0,0.03,False
2024-09-01,UNH,sell_put,3.2122,1,1,-0.9353,2.2769,0.022769,False
2024-09-01,UNP,sell_put,2.3218,1,1,-3.2405,-0.9187,-0.009187,False
2024-09-01,V,sell_put,2.5571,1,1,-0.3143,2.2428,0.022428,False
2024-09-01,VRTX,sell_put,1.9141,1,1,-6.2131,-4.299,-0.04299,False
2024-09-01,VZ,sell_put,3.4905,1,1,7.4916,3.4905,0.034905,False
2024-09-01,WFC,skip,0.0,0,0,-2.6483,0.0,0.0,False
2024-09-01,WM,sell_put,3.0,1,1,-2.0939,0.9061,0.009061,False
2024-09-01,XOM,skip,0.0,0,0,0.1897,0.0,0.0,False
2024-09-01,ZTS,sell_put,1.9141,1,1,6.4799,1.9141,0.019141,False
2024-10-01,AAPL,sell_put,3.2853,1,1,-3.0429,0.2424,0.002424,False
2024-10-01,ABBV,sell_put,4.0084,1,1,3.2358,4.0084,0.040084,False
2024-10-01,ABNB,sell_put,3.0,1,1,6.2929,3.0,0.03,False
2024-10-01,ABT,sell_put,2.5279,1,1,-0.5614,1.9666,0.019666,False
2024-10-01,ACN,sell_put,1.7576,1,1,-2.4499,-0.6924,-0.006924,False
2024-10-01,ADBE,skip,0.0,0,0,-7.6674,0.0,0.0,False
2024-10-01,ADI,skip,0.0,0,0,-2.6861,0.0,0.0,False
2024-10-01,ADP,sell_put,3.074,1,1,5.0489,3.074,0.03074,False
2024-10-01,AMAT,sell_put,4.2818,1,1,-10.1312,-5.8493,-0.058493,False
2024-10-01,AMD,sell_put,6.994,1,1,-12.1953,-5.2012,-0.052012,False
2024-10-01,AMGN,skip,0.0,0,0,-0.6362,0.0,0.0,False
2024-10-01,AMZN,sell_put,4.9015,1,1,0.0376,4.9015,0.049015,False
2024-10-01,ANET,sell_put,3.0,1,1,0.6826,3.0,0.03,False
2024-10-01,AVGO,sell_put,4.2818,1,1,-1.2589,3.0229,0.030229,False
2024-10-01,AXP,sell_put,2.2526,1,1,-0.413,1.8396,0.018396,False
2024-10-01,BA,skip,0.0,0,0,-1.7956,0.0,0.0,False
2024-10-01,BAC,skip,0.0,0,0,6.0803,0.0,0.0,False
2024-10-01,BKNG,sell_put,3.0,1,1,11.2764,3.0,0.03,False
2024-10-01,BLK,sell_put,2.4905,1,1,3.931,2.4905,0.024905,False
2024-10-01,BMY,sell_put,4.0084,1,1,7.789,4.0084,0.040084,False
2024-10-01,BRK-B,skip,0.0,0,0,-2.0293,0.0,0.0,False
2024-10-01,BSX,sell_put,2.5279,1,1,0.2625,2.5279,0.025279,False
2024-10-01,CAT,sell_put,3.1701,1,1,-3.8147,-0.6446,-0.006446,False
2024-10-01,CMCSA,sell_put,1.3939,1,1,4.5487,1.3939,0.013939,False
2024-10-01,CMG,sell_put,3.0,1,1,-3.2107,-0.2107,-0.002107,False
2024-10-01,COST,skip,0.0,0,0,-1.392,0.0,0.0,False
2024-10-01,CRM,sell_put,3.2719,1,1,6.6192,3.2719,0.032719,False
2024-10-01,CSCO,sell_put,3.074,1,1,2.9124,3.074,0.03074,False
2024-10-01,CVS,sell_put,2.383,1,1,-10.2099,-7.8269,-0.078269,False
2024-10-01,CVX,sell_put,3.3503,1,1,1.0525,3.3503,0.033503,False
2024-10-01,DE,sell_put,3.1701,1,1,-2.6866,0.4835,0.004835,False
2024-10-01,DHR,sell_put,2.5279,1,1,-11.5532,-9.0253,-0.090253,False
2024-10-01,DUK,sell_put,1.7657,1,1,-0.026,1.7397,0.017397,False
2024-10-01,ELV,skip,0.0,0,0,-21.7346,0.0,0.0,False
2024-10-01,EQIX,sell_put,3.074,1,1,2.3039,3.074,0.03074,False
2024-10-01,ETN,sell_put,3.1701,1,1,0.0422,3.1701,0.031701,False
2024-10-01,GE,sell_put,3.1701,1,1,-8.7738,-5.6037,-0.056037,False
2024-10-01,GILD,sell_put,4.0084,1,1,6.93,4.0084,0.040084,False
2024-10-01,GOOGL,sell_put,3.971,1,1,3.3084,3.971,0.03971,False
2024-10-01,GS,skip,0.0,0,0,4.5808,0.0,0.0,False
2024-10-01,HD,sell_put,3.0934,1,1,-2.8258,0.2677,0.002677,False
2024-10-01,HON,skip,0.0,0,0,-0.4983,0.0,0.0,False
2024-10-01,IBM,sell_put,3.074,1,1,-6.4954,-3.4214,-0.034214,False
2024-10-01,ICE,skip,0.0,0,0,-2.698,0.0,0.0,False
2024-10-01,INTC,sell_put,4.2818,1,1,-8.2694,-3.9876,-0.039876,False
2024-10-01,INTU,skip,0.0,0,0,-1.723,0.0,0.0,False
2024-10-01,ISRG,skip,0.0,0,0,2.5587,0.0,0.0,False
2024-10-01,JNJ,skip,0.0,0,0,-1.3575,0.0,0.0,False
2024-10-01,JPM,skip,0.0,0,0,5.2452,0.0,0.0,False
2024-10-01,KLAC,skip,0.0,0,0,-13.9693,0.0,0.0,False
2024-10-01,KO,skip,0.0,0,0,-8.4919,0.0,0.0,False
2024-10-01,LLY,skip,0.0,0,0,-6.3435,0.0,0.0,False
2024-10-01,LMT,sell_put,3.1701,1,1,-6.067,-2.897,-0.02897,False
2024-10-01,LOW,sell_put,3.0934,1,1,-3.3303,-0.2368,-0.002368,False
2024-10-01,LRCX,skip,0.0,0,0,-8.6166,0.0,0.0,False
2024-10-01,MA,sell_put,2.2526,1,1,1.1725,2.2526,0.022526,False
2024-10-01,MCD,sell_put,1.7657,1,1,-3.5139,-1.7482,-0.017482,False
2024-10-01,MCK,skip,0.0,0,0,1.2479,0.0,0.0,False
2024-10-01,MDLZ,sell_put,1.7296,1,1,-6.4524,-4.7227,-0.047227,False
2024-10-01,MDT,sell_put,2.5279,1,1,-0.0845,2.4434,0.024434,False
2024-10-01,META,sell_put,5.6133,1,1,-0.7544,4.8589,0.048589,False
2024-10-01,MRK,skip,0.0,0,0,-9.295,0.0,0.0,False
2024-10-01,MS,sell_put,2.4905,1,1,11.5215,2.4905,0.024905,False
2024-10-01,MSFT,sell_put,3.2026,1,1,-5.5659,-2.3633,-0.023633,False
2024-10-01,MU,sell_put,6.994,1,1,-3.9148,3.0793,0.030793,False
2024-10-01,NEE,sell_put,1.7657,1,1,-6.2463,-4.4806,-0.044806,False
2024-10-01,NFLX,sell_put,2.7392,1,1,6.5927,2.7392,0.027392,False
2024-10-01,NKE,sell_put,2.9426,1,1,-12.3597,-9.4171,-0.094171,False
2024-10-01,NOW,sell_put,2.32,1,1,4.3158,2.32,0.0232,False
2024-10-01,NVDA,sell_put,6.994,1,1,9.3308,6.994,0.06994,False
2024-10-01,ORCL,sell_put,2.1172,1,1,-1.5023,0.6148,0.006148,False
2024-10-01,PANW,skip,0.0,0,0,5.4213,0.0,0.0,False
2024-10-01,PEP,skip,0.0,0,0,-1.5909,0.0,0.0,False
2024-10-01,PG,sell_put,2.6793,1,1,-4.6305,-1.9512,-0.019512,False
2024-10-01,PGR,sell_put,2.4905,1,1,-4.3072,-1.8168,-0.018168,False
2024-10-01,PLD,skip,0.0,0,0,-9.8984,0.0,0.0,False
2024-10-01,PM,skip,0.0,0,0,10.5343,0.0,0.0,False
2024-10-01,QCOM,skip,0.0,0,0,-3.7864,0.0,0.0,False
2024-10-01,SBUX,sell_put,1.7657,1,1,0.2154,1.7657,0.017657,False
2024-10-01,SCHW,skip,0.0,0,0,9.2887,0.0,0.0,False
2024-10-01,SO,sell_put,1.7657,1,1,0.9426,1.7657,0.017657,False
2024-10-01,SPGI,sell_put,2.4905,1,1,-7.0187,-4.5282,-0.045282,False
2024-10-01,SYK,sell_put,2.5279,1,1,-1.159,1.3689,0.013689,False
2024-10-01,TJX,sell_put,3.2628,1,1,-3.837,-0.5742,-0.005742,False
2024-10-01,TMO,sell_put,1.7787,1,1,-11.6241,-9.8454,-0.098454,False
2024-10-01,TMUS,sell_put,1.3939,1,1,8.1411,1.3939,0.013939,False
2024-10-01,TSLA,sell_put,6.6443,1,1,-4.5025,2.1418,0.021418,False
2024-10-01,TXN,skip,0.0,0,0,-1.6508,0.0,0.0,False
2024-10-01,UBER,sell_put,3.0,1,1,-4.1378,-1.1378,-0.011378,False
2024-10-01,UNH,skip,0.0,0,0,-3.1091,0.0,0.0,False
2024-10-01,UNP,skip,0.0,0,0,-5.8463,0.0,0.0,False
2024-10-01,V,skip,0.0,0,0,5.4192,0.0,0.0,False
2024-10-01,VRTX,skip,0.0,0,0,2.3437,0.0,0.0,False
2024-10-01,VZ,sell_put,1.3939,1,1,-6.1902,-4.7963,-0.047963,False
2024-10-01,WFC,skip,0.0,0,0,14.923,0.0,0.0,False
2024-10-01,WM,skip,0.0,0,0,4.3505,0.0,0.0,False
2024-10-01,XOM,sell_put,3.1701,1,1,-0.3754,2.7947,0.027947,False
2024-10-01,ZTS,sell_put,4.0084,1,1,-8.4963,-4.4878,-0.044878,False
2024-11-01,AAPL,skip,0.0,0,0,5.0551,0.0,0.0,False
2024-11-01,ABBV,sell_put,1.9519,1,1,-9.5547,-7.6028,-0.076028,False
2024-11-01,ABNB,sell_put,3.0,1,1,0.9793,3.0,0.03,False
2024-11-01,ABT,skip,0.0,0,0,5.2569,0.0,0.0,False
2024-11-01,ACN,skip,0.0,0,0,5.5174,0.0,0.0,False
2024-11-01,ADBE,skip,0.0,0,0,7.9171,0.0,0.0,False
2024-11-01,ADI,skip,0.0,0,0,-2.2679,0.0,0.0,False
2024-11-01,ADP,sell_put,2.0537,1,1,6.116,2.0537,0.020537,False
2024-11-01,AMAT,skip,0.0,0,0,-3.7834,0.0,0.0,False
2024-11-01,AMD,skip,0.0,0,0,-4.7824,0.0,0.0,False
2024-11-01,AMGN,skip,0.0,0,0,-11.6473,0.0,0.0,False
2024-11-01,AMZN,sell_put,3.2703,1,1,11.529,3.2703,0.032703,False
2024-11-01,ANET,sell_put,3.0,1,1,5.015,3.0,0.03,False
2024-11-01,AVGO,skip,0.0,0,0,-4.5297,0.0,0.0,False
2024-11-01,AXP,skip,0.0,0,0,13.1058,0.0,0.0,False
2024-11-01,BA,skip,0.0,0,0,4.1056,0.0,0.0,False
2024-11-01,BAC,sell_put,2.4783,1,1,13.6059,2.4783,0.024783,False
2024-11-01,BKNG,sell_put,3.0,1,1,11.2426,3.0,0.03,False
2024-11-01,BLK,sell_put,1.9417,1,1,4.2578,1.9417,0.019417,False
2024-11-01,BMY,sell_put,1.9519,1,1,7.3748,1.9519,0.019519,False
2024-11-01,BRK-B,skip,0.0,0,0,7.1188,0.0,0.0,False
2024-11-01,BSX,sell_put,1.7462,1,1,7.9029,1.7462,0.017462,False
2024-11-01,CAT,skip,0.0,0,0,8.3384,0.0,0.0,False
2024-11-01,CMCSA,sell_put,1.65,1,1,-0.3584,1.2916,0.012916,False
2024-11-01,CMG,skip,0.0,0,0,10.3102,0.0,0.0,False
2024-11-01,COST,skip,0.0,0,0,11.1762,0.0,0.0,False
2024-11-01,CRM,sell_put,4.6498,1,1,13.2546,4.6498,0.046498,False
2024-11-01,CSCO,sell_put,2.0537,1,1,8.9328,2.0537,0.020537,False
2024-11-01,CVS,skip,0.0,0,0,7.1855,0.0,0.0,False
2024-11-01,CVX,sell_put,1.6904,1,1,8.8093,1.6904,0.016904,False
2024-11-01,DE,skip,0.0,0,0,15.1252,0.0,0.0,False
2024-11-01,DHR,skip,0.0,0,0,-2.4302,0.0,0.0,False
2024-11-01,DUK,skip,0.0,0,0,1.5442,0.0,0.0,False
2024-11-01,ELV,skip,0.0,0,0,0.2957,0.0,0.0,False
2024-11-01,EQIX,sell_put,2.0537,1,1,8.083,2.0537,0.020537,False
2024-11-01,ETN,sell_put,2.1605,1,1,13.2216,2.1605,0.021605,False
2024-11-01,GE,skip,0.0,0,0,6.0426,0.0,0.0,False
2024-11-01,GILD,sell_put,1.9519,1,1,4.2333,1.9519,0.019519,False
2024-11-01,GOOGL,sell_put,2.5446,1,1,-1.2623,1.2823,0.012823,False
2024-11-01,GS,sell_put,1.9417,1,1,17.5322,1.9417,0.019417,False
2024-11-01,HD,skip,0.0,0,0,8.9854,0.0,0.0,False
2024-11-01,HON,skip,0.0,0,0,13.2487,0.0,0.0,False
2024-11-01,IBM,skip,0.0,0,0,10.0087,0.0,0.0,False
2024-11-01,ICE,skip,0.0,0,0,3.2656,0.0,0.0,False
2024-11-01,INTC,skip,0.0,0,0,11.7565,0.0,0.0,False
2024-11-01,INTU,skip,0.0,0,0,5.3261,0.0,0.0,False
2024-11-01,ISRG,sell_put,1.7462,1,1,7.5738,1.7462,0.017462,False
2024-11-01,JNJ,skip,0.0,0,0,-3.0339,0.0,0.0,False
2024-11-01,JPM,sell_put,1.9417,1,1,13.2166,1.9417,0.019417,False
2024-11-01,KLAC,skip,0.0,0,0,-2.8819,0.0,0.0,False
2024-11-01,KO,skip,0.0,0,0,-1.8833,0.0,0.0,False
2024-11-01,LLY,skip,0.0,0,0,-4.1447,0.0,0.0,False
2024-11-01,LMT,skip,0.0,0,0,-3.0473,0.0,0.0,False
2024-11-01,LOW,skip,0.0,0,0,4.4898,0.0,0.0,False
2024-11-01,LRCX,skip,0.0,0,0,-0.6321,0.0,0.0,False
2024-11-01,MA,sell_put,1.9791,1,1,6.8173,1.9791,0.019791,False
2024-11-01,MCD,skip,0.0,0,0,1.3351,0.0,0.0,False
2024-11-01,MCK,sell_put,3.0,1,1,25.5518,3.0,0.03,False
2024-11-01,MDLZ,skip,0.0,0,0,-5.1548,0.0,0.0,False
2024-11-01,MDT,skip,0.0,0,0,-3.0364,0.0,0.0,False
2024-11-01,META,skip,0.0,0,0,1.1875,0.0,0.0,False
2024-11-01,MRK,skip,0.0,0,0,-0.6646,0.0,0.0,False
2024-11-01,MS,sell_put,1.9417,1,1,14.108,1.9417,0.019417,False
2024-11-01,MSFT,skip,0.0,0,0,4.2106,0.0,0.0,False
2024-11-01,MU,skip,0.0,0,0,-1.5953,0.0,0.0,False
2024-11-01,NEE,skip,0.0,0,0,-0.7319,0.0,0.0,False
2024-11-01,NFLX,sell_put,2.6202,1,1,17.2983,2.6202,0.026202,False
2024-11-01,NKE,skip,0.0,0,0,2.1263,0.0,0.0,False
2024-11-01,NOW,sell_put,2.4622,1,1,12.4814,2.4622,0.024622,False
2024-11-01,NVDA,sell_put,4.4861,1,1,4.1353,4.4861,0.044861,False
2024-11-01,ORCL,skip,0.0,0,0,10.3763,0.0,0.0,False
2024-11-01,PANW,sell_put,4.6498,1,1,7.6291,4.6498,0.046498,False
2024-11-01,PEP,skip,0.0,0,0,-1.5836,0.0,0.0,False
2024-11-01,PG,skip,0.0,0,0,9.1621,0.0,0.0,False
2024-11-01,PGR,skip,0.0,0,0,10.7712,0.0,0.0,False
2024-11-01,PLD,skip,0.0,0,0,3.4,0.0,0.0,False
2024-11-01,PM,sell_put,2.1858,1,1,0.2713,2.1858,0.021858,False
2024-11-01,QCOM,skip,0.0,0,0,-2.6049,0.0,0.0,False
2024-11-01,SBUX,sell_put,1.8788,1,1,4.8721,1.8788,0.018788,False
2024-11-01,SCHW,sell_put,1.9417,1,1,16.8431,1.9417,0.019417,False
2024-11-01,SO,sell_put,1.8788,1,1,-2.0872,-0.2084,-0.002084,False
2024-11-01,SPGI,skip,0.0,0,0,8.7747,0.0,0.0,False
2024-11-01,SYK,skip,0.0,0,0,10.0679,0.0,0.0,False
2024-11-01,TJX,skip,0.0,0,0,11.2006,0.0,0.0,False
2024-11-01,TMO,skip,0.0,0,0,-3.055,0.0,0.0,False
2024-11-01,TMUS,sell_put,1.65,1,1,10.656,1.65,0.0165,False
2024-11-01,TSLA,skip,0.0,0,0,38.1469,0.0,0.0,False
2024-11-01,TXN,skip,0.0,0,0,-0.397,0.0,0.0,False
2024-11-01,UBER,skip,0.0,0,0,-0.1249,0.0,0.0,False
2024-11-01,UNH,skip,0.0,0,0,8.0957,0.0,0.0,False
2024-11-01,UNP,skip,0.0,0,0,5.4251,0.0,0.0,False
2024-11-01,V,sell_put,1.4828,1,1,8.7045,1.4828,0.014828,False
2024-11-01,VRTX,sell_put,1.9519,1,1,-1.6492,0.3027,0.003027,False
2024-11-01,VZ,skip,0.0,0,0,6.8886,0.0,0.0,False
2024-11-01,WFC,sell_put,2.7948,1,1,17.329,2.7948,0.027948,False
2024-11-01,WM,sell_put,3.0,1,1,5.7308,3.0,0.03,False
2024-11-01,XOM,skip,0.0,0,0,1.0105,0.0,0.0,False
2024-11-01,ZTS,skip,0.0,0,0,-1.7422,0.0,0.0,False
2024-12-01,AAPL,sell_put,1.7346,1,1,5.6316,1.7346,0.017346,False
2024-12-01,ABBV,skip,0.0,0,0,-2.859,0.0,0.0,False
2024-12-01,ABNB,sell_put,3.0,1,1,-3.4531,-0.4531,-0.004531,False
2024-12-01,ABT,sell_put,2.8722,1,1,-4.7655,-1.8933,-0.018933,False
2024-12-01,ACN,sell_put,2.6731,1,1,-2.9197,-0.2465,-0.002465,False
2024-12-01,ADBE,sell_put,2.5988,1,1,-13.81,-11.2112,-0.112112,False
2024-12-01,ADI,skip,0.0,0,0,-2.5636,0.0,0.0,False
2024-12-01,ADP,sell_put,2.3845,1,1,-4.6264,-2.2419,-0.022419,False
2024-12-01,AMAT,skip,0.0,0,0,-6.6954,0.0,0.0,False
2024-12-01,AMD,skip,0.0,0,0,-11.9478,0.0,0.0,False
2024-12-01,AMGN,skip,0.0,0,0,-7.1219,0.0,0.0,False
2024-12-01,AMZN,sell_put,2.6873,1,1,5.5318,2.6873,0.026873,False
2024-12-01,ANET,sell_put,3.0,1,1,8.9448,3.0,0.03,False
2024-12-01,AVGO,skip,0.0,0,0,43.0405,0.0,0.0,False
2024-12-01,AXP,sell_put,2.1908,1,1,-2.5896,-0.3988,-0.003988,False
2024-12-01,BA,sell_put,3.0,1,1,13.8703,3.0,0.03,False
2024-12-01,BAC,sell_put,3.0021,1,1,-7.4932,-4.4911,-0.044911,False
2024-12-01,BKNG,sell_put,3.0,1,1,-4.4898,-1.4898,-0.014898,False
2024-12-01,BLK,sell_put,2.6639,1,1,0.2259,2.6639,0.026639,False
2024-12-01,BMY,sell_put,3.1482,1,1,-4.4917,-1.3436,-0.013436,False
2024-12-01,BRK-B,sell_put,1.3621,1,1,-6.1571,-4.795,-0.04795,False
2024-12-01,BSX,sell_put,2.8722,1,1,-1.4781,1.3941,0.013941,False
2024-12-01,CAT,sell_put,2.54,1,1,-10.6744,-8.1345,-0.081345,False
2024-12-01,CMCSA,skip,0.0,0,0,-13.1049,0.0,0.0,False
2024-12-01,CMG,sell_put,3.0,1,1,-1.9831,1.0169,0.010169,False
2024-12-01,COST,sell_put,1.785,1,1,-5.5966,-3.8116,-0.038116,False
2024-12-01,CRM,sell_put,2.5669,1,1,1.3152,2.5669,0.025669,False
2024-12-01,CSCO,sell_put,2.3845,1,1,-0.0169,2.3676,0.023676,False
2024-12-01,CVS,sell_put,3.321,1,1,-24.9958,-21.6748,-0.216748,False
2024-12-01,CVX,sell_put,2.3417,1,1,-9.6415,-7.2998,-0.072998,False
2024-12-01,DE,sell_put,2.54,1,1,-9.0577,-6.5177,-0.065177,False
2024-12-01,DHR,skip,0.0,0,0,-4.2305,0.0,0.0,False
2024-12-01,DUK,sell_put,1.766,1,1,-7.0765,-5.3106,-0.053106,False
2024-12-01,ELV,sell_put,3.321,1,1,-9.3523,-6.0313,-0.060313,False
2024-12-01,EQIX,sell_put,2.3845,1,1,-3.4764,-1.0919,-0.010919,False
2024-12-01,ETN,sell_put,2.54,1,1,-11.3516,-8.8116,-0.088116,False
2024-12-01,GE,sell_put,2.54,1,1,-8.4376,-5.8977,-0.058977,False
2024-12-01,GILD,sell_put,3.1482,1,1,-0.2268,2.9213,0.029213,False
2024-12-01,GOOGL,skip,0.0,0,0,12.045,0.0,0.0,False
2024-12-01,GS,sell_put,2.6639,1,1,-5.9073,-3.2434,-0.032434,False
2024-12-01,HD,sell_put,2.2924,1,1,-8.8765,-6.5841,-0.065841,False
2024-12-01,HON,sell_put,2.3845,1,1,-2.545,-0.1604,-0.001604,False
2024-12-01,IBM,sell_put,2.3845,1,1,-2.5713,-0.1868,-0.001868,False
2024-12-01,ICE,sell_put,3.0,1,1,-7.4242,-4.4242,-0.044242,False
2024-12-01,INTC,sell_put,4.6482,1,1,-16.632,-11.9839,-0.119839,False
2024-12-01,INTU,sell_put,2.9068,1,1,-2.0616,0.8452,0.008452,False
2024-12-01,ISRG,sell_put,2.8722,1,1,-3.6974,-0.8252,-0.008252,False
2024-12-01,JNJ,skip,0.0,0,0,-5.9542,0.0,0.0,False
2024-12-01,JPM,sell_put,2.6639,1,1,-4.0085,-1.3446,-0.013446,False
2024-12-01,KLAC,skip,0.0,0,0,-2.3433,0.0,0.0,False
2024-12-01,KO,skip,0.0,0,0,-2.1033,0.0,0.0,False
2024-12-01,LLY,skip,0.0,0,0,-2.775,0.0,0.0,False
2024-12-01,LMT,skip,0.0,0,0,-8.211,0.0,0.0,False
2024-12-01,LOW,sell_put,2.2924,1,1,-9.4079,-7.1155,-0.071155,False
2024-12-01,LRCX,skip,0.0,0,0,-2.2333,0.0,0.0,False
2024-12-01,MA,sell_put,2.1908,1,1,-1.1953,0.9955,0.009955,False
2024-12-01,MCD,sell_put,1.766,1,1,-2.0675,-0.3016,-0.003016,False
2024-12-01,MCK,sell_put,3.0,1,1,-9.3222,-6.3222,-0.063222,False
2024-12-01,MDLZ,skip,0.0,0,0,-8.037,0.0,0.0,False
2024-12-01,MDT,skip,0.0,0,0,-7.6959,0.0,0.0,False
2024-12-01,META,sell_put,3.1292,1,1,1.9484,3.1292,0.031292,False
2024-12-01,MRK,skip,0.0,0,0,-2.1251,0.0,0.0,False
2024-12-01,MS,sell_put,2.6639,1,1,-4.4754,-1.8115,-0.018115,False
2024-12-01,MSFT,sell_put,1.9081,1,1,-0.2636,1.6445,0.016445,False
2024-12-01,MU,skip,0.0,0,0,-14.0786,0.0,0.0,False
2024-12-01,NEE,skip,0.0,0,0,-8.2618,0.0,0.0,False
2024-12-01,NFLX,sell_put,2.8023,1,1,0.5086,2.8023,0.028023,False
2024-12-01,NKE,sell_put,3.3064,1,1,-3.9355,-0.6291,-0.006291,False
2024-12-01,NOW,sell_put,2.0741,1,1,1.0177,2.0741,0.020741,False
2024-12-01,NVDA,sell_put,4.7168,1,1,-2.8644,1.8525,0.018525,False
2024-12-01,ORCL,sell_put,3.033,1,1,-9.8464,-6.8134,-0.068134,False
2024-12-01,PANW,sell_put,2.5669,1,1,-6.1627,-3.5957,-0.035957,False
2024-12-01,PEP,skip,0.0,0,0,-6.9685,0.0,0.0,False
2024-12-01,PG,sell_put,1.8952,1,1,-6.4766,-4.5814,-0.045814,False
2024-12-01,PGR,sell_put,2.6639,1,1,-10.8859,-8.222,-0.08222,False
2024-12-01,PLD,sell_put,2.3845,1,1,-9.4879,-7.1034,-0.071034,False
2024-12-01,PM,sell_put,2.5485,1,1,-9.5521,-7.0036,-0.070036,False
2024-12-01,QCOM,skip,0.0,0,0,-3.0972,0.0,0.0,False
2024-12-01,SBUX,sell_put,1.766,1,1,-10.39,-8.624,-0.08624,False
2024-12-01,SCHW,sell_put,2.6639,1,1,-10.2661,-7.6023,-0.076023,False
2024-12-01,SO,skip,0.0,0,0,-6.878,0.0,0.0,False
2024-12-01,SPGI,sell_put,2.6639,1,1,-4.5182,-1.8543,-0.018543,False
2024-12-01,SYK,sell_put,2.8722,1,1,-8.1856,-5.3135,-0.053135,False
2024-12-01,TJX,sell_put,1.7094,1,1,-3.5841,-1.8747,-0.018747,False
2024-12-01,TMO,skip,0.0,0,0,-1.7748,0.0,0.0,False
2024-12-01,TMUS,sell_put,3.1848,1,1,-10.2916,-7.1068,-0.071068,False
2024-12-01,TSLA,sell_put,6.8221,1,1,17.0008,6.8221,0.068221,False
2024-12-01,TXN,skip,0.0,0,0,-6.7254,0.0,0.0,False
2024-12-01,UBER,skip,0.0,0,0,-16.1757,0.0,0.0,False
2024-12-01,UNH,sell_put,3.321,1,1,-17.0993,-13.7783,-0.137783,False
2024-12-01,UNP,sell_put,2.54,1,1,-6.7931,-4.2531,-0.042531,False
2024-12-01,V,sell_put,1.9747,1,1,0.4954,1.9747,0.019747,False
2024-12-01,VRTX,skip,0.0,0,0,-13.9769,0.0,0.0,False
2024-12-01,VZ,sell_put,3.1848,1,1,-9.8106,-6.6257,-0.066257,False
2024-12-01,WFC,sell_put,4.5166,1,1,-7.2539,-2.7373,-0.027373,False
2024-12-01,WM,sell_put,3.0,1,1,-11.5809,-8.5809,-0.085809,False
2024-12-01,XOM,sell_put,2.54,1,1,-8.0587,-5.5188,-0.055188,False
2024-12-01,ZTS,skip,0.0,0,0,-7.03,0.0,0.0,False
