date,ticker,side,call_prem_pct,size,return_pct,pnl_pu_pct,pnl_contribution_pct,in_recovery
2015-02-01,AAPL,buy_call,3.1456,1,9.6449,6.4993,0.064993,False
2015-02-01,ABBV,buy_call,2.8264,1,1.0011,-1.8253,-0.018253,False
2015-02-01,ABT,buy_call,2.4594,1,6.3913,3.9319,0.039319,False
2015-02-01,ADBE,buy_call,2.8745,1,12.7905,9.9161,0.099161,False
2015-02-01,ADP,buy_call,3.0196,1,7.6457,4.6261,0.046261,False
2015-02-01,AMGN,buy_call,2.8264,1,3.586,0.7596,0.007596,False
2015-02-01,AMT,buy_call,3.0196,1,2.2589,-0.7607,-0.007607,False
2015-02-01,AMZN,buy_call,3.8265,1,7.2293,3.4028,0.034028,False
2015-02-01,AXP,buy_call,2.7116,1,1.4129,-1.2988,-0.012988,False
2015-02-01,BA,buy_call,3.0,1,3.7697,0.7697,0.007697,False
2015-02-01,BAC,buy_call,3.1976,1,4.3564,1.1588,0.011588,False
2015-02-01,BDX,buy_call,2.4594,1,6.2572,3.7978,0.037978,False
2015-02-01,BIIB,buy_call,2.8264,1,5.2498,2.4234,0.024234,False
2015-02-01,BLK,buy_call,2.7389,1,9.0775,6.3387,0.063387,False
2015-02-01,BMY,buy_call,2.8264,1,1.0785,-1.7479,-0.017479,False
2015-02-01,BRK-B,buy_call,1.809,1,2.4321,0.6231,0.006231,False
2015-02-01,C,buy_call,3.0,1,11.6744,8.6744,0.086744,False
2015-02-01,CAT,buy_call,3.2317,1,4.5139,1.2821,0.012821,False
2015-02-01,CL,buy_call,2.0993,1,5.4379,3.3386,0.033386,False
2015-02-01,CMCSA,buy_call,3.1005,1,12.1616,9.0611,0.090611,False
2015-02-01,COST,buy_call,2.5784,1,2.7764,0.198,0.00198,False
2015-02-01,CRM,buy_call,3.8947,1,22.9052,19.0105,0.190105,False
2015-02-01,CSCO,buy_call,3.0196,1,12.677,9.6574,0.096574,False
2015-02-01,CTSH,buy_call,3.0196,1,15.4443,12.4247,0.124247,False
2015-02-01,CVS,buy_call,2.9729,1,6.1935,3.2206,0.032206,False
2015-02-01,CVX,buy_call,3.0632,1,4.0476,0.9844,0.009844,False
2015-02-01,DD,buy_call,3.0196,1,9.0346,6.015,0.06015,False
2015-02-01,DHR,buy_call,2.4594,1,5.948,3.4886,0.034886,False
2015-02-01,DIS,buy_call,3.3259,1,14.4239,11.098,0.11098,False
2015-02-01,ELV,buy_call,2.9729,1,8.5136,5.5407,0.055407,False
2015-02-01,EOG,buy_call,3.2317,1,0.9745,-2.2573,-0.022573,False
2015-02-01,F,buy_call,3.2317,1,12.2144,8.9826,0.089826,False
2015-02-01,FDX,buy_call,3.0196,1,4.6538,1.6342,0.016342,False
2015-02-01,GE,buy_call,3.2317,1,8.7903,5.5586,0.055586,False
2015-02-01,GILD,buy_call,2.8264,1,-1.2401,-2.8264,-0.028264,False
2015-02-01,GIS,buy_call,2.2339,1,3.2935,1.0595,0.010595,False
2015-02-01,GM,buy_call,3.2317,1,14.3776,11.1459,0.111459,False
2015-02-01,GOOGL,buy_call,3.4858,1,4.6656,1.1798,0.011798,False
2015-02-01,GS,buy_call,2.7389,1,10.0807,7.3418,0.073418,False
2015-02-01,HAL,buy_call,3.2317,1,7.3768,4.1451,0.041451,False
2015-02-01,HD,buy_call,2.7959,1,9.8927,7.0968,0.070968,False
2015-02-01,HON,buy_call,3.0196,1,5.135,2.1154,0.021154,False
2015-02-01,IBM,buy_call,3.0196,1,5.6292,2.6096,0.026096,False
2015-02-01,INTC,buy_call,4.1737,1,0.6356,-3.5381,-0.035381,False
2015-02-01,ITW,buy_call,3.0196,1,6.1983,3.1787,0.031787,False
2015-02-01,JNJ,buy_call,2.057,1,2.3667,0.3097,0.003097,False
2015-02-01,JPM,buy_call,2.7389,1,13.4134,10.6745,0.106745,False
2015-02-01,KO,buy_call,1.9747,1,5.1737,3.1989,0.031989,False
2015-02-01,LLY,buy_call,3.5202,1,-2.5417,-3.5202,-0.035202,False
2015-02-01,LMT,buy_call,3.2317,1,6.2006,2.9689,0.029689,False
2015-02-01,LOW,buy_call,2.7959,1,9.7221,6.9262,0.069262,False
2015-02-01,LYB,buy_call,3.2317,1,8.6231,5.3914,0.053914,False
2015-02-01,MA,buy_call,2.7116,1,10.0865,7.3748,0.073748,False
2015-02-01,MCD,buy_call,1.9747,1,6.9882,5.0135,0.050135,False
2015-02-01,MDLZ,buy_call,2.2339,1,4.8241,2.5901,0.025901,False
2015-02-01,MDT,buy_call,2.4594,1,8.6695,6.2101,0.062101,False
2015-02-01,MET,buy_call,2.7389,1,9.3119,6.573,0.06573,False
2015-02-01,META,buy_call,4.3383,1,4.0311,-0.3072,-0.003072,False
2015-02-01,MMM,buy_call,3.0196,1,3.9125,0.8929,0.008929,False
2015-02-01,MO,buy_call,2.2339,1,6.0075,3.7736,0.037736,False
2015-02-01,MRK,buy_call,2.7192,1,-2.8865,-2.7192,-0.027192,False
2015-02-01,MS,buy_call,2.7389,1,6.1625,3.4237,0.034237,False
2015-02-01,MSFT,buy_call,2.8745,1,8.5395,5.6651,0.056651,False
2015-02-01,NEE,buy_call,1.9747,1,-5.2911,-1.9747,-0.019747,False
2015-02-01,NFLX,buy_call,4.4729,1,7.4943,3.0214,0.030214,False
2015-02-01,NKE,buy_call,3.5085,1,5.2792,1.7706,0.017706,False
2015-02-01,ORCL,buy_call,3.5955,1,4.8912,1.2958,0.012958,False
2015-02-01,PEP,buy_call,2.2339,1,5.5449,3.3109,0.033109,False
2015-02-01,PFE,buy_call,2.8264,1,9.824,6.9976,0.069976,False
2015-02-01,PG,buy_call,2.0993,1,1.7149,-0.3844,-0.003844,False
2015-02-01,PM,buy_call,2.2339,1,3.3898,1.1559,0.011559,False
2015-02-01,PPL,buy_call,1.9747,1,-3.9437,-1.9747,-0.019747,False
2015-02-01,PRU,buy_call,2.7389,1,6.5499,3.811,0.03811,False
2015-02-01,QCOM,buy_call,4.254,1,16.0903,11.8363,0.118363,False
2015-02-01,SBUX,buy_call,1.9747,1,6.8091,4.8343,0.048343,False
2015-02-01,SLB,buy_call,3.2317,1,2.1483,-1.0834,-0.010834,False
2015-02-01,SO,buy_call,1.9747,1,-9.72,-1.9747,-0.019747,False
2015-02-01,SPG,buy_call,3.0196,1,-4.178,-3.0196,-0.030196,False
2015-02-01,T,buy_call,3.1005,1,6.9628,3.8623,0.038623,False
2015-02-01,TGT,buy_call,2.4474,1,4.3744,1.927,0.01927,False
2015-02-01,TMO,buy_call,2.8279,1,3.8255,0.9976,0.009976,False
2015-02-01,TXN,buy_call,4.1737,1,10.6957,6.5221,0.065221,False
2015-02-01,UNH,buy_call,2.9729,1,6.9459,3.973,0.03973,False
2015-02-01,UNP,buy_call,3.2317,1,2.6022,-0.6296,-0.006296,False
2015-02-01,USB,buy_call,2.7389,1,6.4424,3.7035,0.037035,False
2015-02-01,V,buy_call,2.5501,1,6.4336,3.8836,0.038836,False
2015-02-01,VZ,buy_call,3.1005,1,9.4618,6.3613,0.063613,False
2015-02-01,WFC,buy_call,3.4824,1,5.5277,2.0453,0.020453,False
2015-02-01,WMT,buy_call,2.4474,1,-1.2356,-2.4474,-0.024474,False
2015-02-01,XOM,buy_call,3.2317,1,1.2812,-1.9506,-0.019506,False
2015-03-01,AAPL,buy_call,3.1456,1,-2.7549,-3.1456,-0.031456,False
2015-03-01,ABBV,buy_call,2.8264,1,-3.2397,-2.8264,-0.028264,False
2015-03-01,ABT,buy_call,2.4594,1,-2.1955,-2.4594,-0.024594,False
2015-03-01,ADBE,buy_call,2.8745,1,-6.5234,-2.8745,-0.028745,False
2015-03-01,ADP,buy_call,3.0196,1,-3.6019,-3.0196,-0.030196,False
2015-03-01,AMGN,buy_call,2.8264,1,1.887,-0.9394,-0.009394,False
2015-03-01,AMT,buy_call,3.0196,1,-5.0333,-3.0196,-0.030196,False
2015-03-01,AMZN,buy_call,3.8265,1,-2.1202,-3.8265,-0.038265,False
2015-03-01,AXP,buy_call,2.7116,1,-4.2529,-2.7116,-0.027116,False
2015-03-01,BA,buy_call,3.0,1,0.1049,-2.8951,-0.028951,False
2015-03-01,BAC,buy_call,3.1976,1,-2.6565,-3.1976,-0.031976,False
2015-03-01,BDX,buy_call,2.4594,1,-2.1333,-2.4594,-0.024594,False
2015-03-01,BIIB,buy_call,2.8264,1,3.0885,0.262,0.00262,False
2015-03-01,BLK,buy_call,2.7389,1,-1.5023,-2.7389,-0.027389,False
2015-03-01,BMY,buy_call,2.8264,1,5.8766,3.0502,0.030502,False
2015-03-01,BRK-B,buy_call,1.809,1,-2.0962,-1.809,-0.01809,False
2015-03-01,C,buy_call,3.0,1,-1.7169,-3.0,-0.03,False
2015-03-01,CAT,buy_call,3.2317,1,-3.462,-3.2317,-0.032317,False
2015-03-01,CL,buy_call,2.0993,1,-2.0898,-2.0993,-0.020993,False
2015-03-01,CMCSA,buy_call,3.1005,1,-4.9007,-3.1005,-0.031005,False
2015-03-01,COST,buy_call,2.5784,1,6.7603,4.1819,0.041819,False
2015-03-01,CRM,buy_call,3.8947,1,-3.7042,-3.8947,-0.038947,False
2015-03-01,CSCO,buy_call,3.0196,1,-6.7096,-3.0196,-0.030196,False
2015-03-01,CTSH,buy_call,3.0196,1,-0.16,-3.0196,-0.030196,False
2015-03-01,CVS,buy_call,2.9729,1,-0.6354,-2.9729,-0.029729,False
2015-03-01,CVX,buy_call,3.0632,1,-0.6267,-3.0632,-0.030632,False
2015-03-01,DD,buy_call,3.0196,1,-2.5589,-3.0196,-0.030196,False
2015-03-01,DHR,buy_call,2.4594,1,-2.7269,-2.4594,-0.024594,False
2015-03-01,DIS,buy_call,3.3259,1,0.7782,-2.5476,-0.025476,False
2015-03-01,ELV,buy_call,2.9729,1,5.4353,2.4624,0.024624,False
2015-03-01,EOG,buy_call,3.2317,1,2.1957,-1.036,-0.01036,False
2015-03-01,F,buy_call,3.2317,1,-1.224,-3.2317,-0.032317,False
2015-03-01,FDX,buy_call,3.0196,1,-6.5149,-3.0196,-0.030196,False
2015-03-01,GE,buy_call,3.2317,1,-3.6627,-3.2317,-0.032317,False
2015-03-01,GILD,skip,0.0,0,-5.2159,0.0,0.0,False
2015-03-01,GIS,buy_call,2.2339,1,5.224,2.9901,0.029901,False
2015-03-01,GM,buy_call,3.2317,1,0.5092,-2.7225,-0.027225,False
2015-03-01,GOOGL,buy_call,3.4858,1,-1.4094,-3.4858,-0.034858,False
2015-03-01,GS,buy_call,2.7389,1,-0.6481,-2.7389,-0.027389,False
2015-03-01,HAL,buy_call,3.2317,1,2.1891,-1.0426,-0.010426,False
2015-03-01,HD,buy_call,2.7959,1,-0.9935,-2.7959,-0.027959,False
2015-03-01,HON,buy_call,3.0196,1,1.9948,-1.0248,-0.010248,False
2015-03-01,IBM,buy_call,3.0196,1,-0.194,-3.0196,-0.030196,False
2015-03-01,INTC,buy_call,4.1737,1,-5.2803,-4.1737,-0.041737,False
2015-03-01,ITW,buy_call,3.0196,1,-1.7398,-3.0196,-0.030196,False
2015-03-01,JNJ,buy_call,2.057,1,-1.1763,-2.057,-0.02057,False
2015-03-01,JPM,buy_call,2.7389,1,-1.1423,-2.7389,-0.027389,False
2015-03-01,KO,buy_call,1.9747,1,-6.351,-1.9747,-0.019747,False
2015-03-01,LLY,skip,0.0,0,4.2738,0.0,0.0,False
2015-03-01,LMT,buy_call,3.2317,1,2.203,-1.0288,-0.010288,False
2015-03-01,LOW,buy_call,2.7959,1,0.4049,-2.391,-0.02391,False
2015-03-01,LYB,buy_call,3.2317,1,3.0047,-0.227,-0.00227,False
2015-03-01,MA,buy_call,2.7116,1,-4.1496,-2.7116,-0.027116,False
2015-03-01,MCD,buy_call,1.9747,1,-0.62,-1.9747,-0.019747,False
2015-03-01,MDLZ,buy_call,2.2339,1,-2.301,-2.2339,-0.022339,False
2015-03-01,MDT,buy_call,2.4594,1,0.5155,-1.9439,-0.019439,False
2015-03-01,MET,buy_call,2.7389,1,0.163,-2.5759,-0.025759,False
2015-03-01,META,buy_call,4.3383,1,4.1155,-0.2228,-0.002228,False
2015-03-01,MMM,buy_call,3.0196,1,-1.5855,-3.0196,-0.030196,False
2015-03-01,MO,buy_call,2.2339,1,-11.1387,-2.2339,-0.022339,False
2015-03-01,MRK,skip,0.0,0,-1.8108,0.0,0.0,False
2015-03-01,MS,buy_call,2.7389,1,-0.2794,-2.7389,-0.027389,False
2015-03-01,MSFT,buy_call,2.8745,1,-6.6149,-2.8745,-0.028745,False
2015-03-01,NEE,skip,0.0,0,1.3056,0.0,0.0,False
2015-03-01,NFLX,buy_call,4.4729,1,-12.2592,-4.4729,-0.044729,False
2015-03-01,NKE,buy_call,3.5085,1,3.6048,0.0963,0.000963,False
2015-03-01,ORCL,buy_call,3.5955,1,-1.529,-3.5955,-0.035955,False
2015-03-01,PEP,buy_call,2.2339,1,-3.3946,-2.2339,-0.022339,False
2015-03-01,PFE,buy_call,2.8264,1,2.2637,-0.5627,-0.005627,False
2015-03-01,PG,buy_call,2.0993,1,-3.7472,-2.0993,-0.020993,False
2015-03-01,PM,buy_call,2.2339,1,-9.1972,-2.2339,-0.022339,False
2015-03-01,PPL,skip,0.0,0,-1.2903,0.0,0.0,False
2015-03-01,PRU,buy_call,2.7389,1,0.0547,-2.6841,-0.026841,False
2015-03-01,QCOM,buy_call,4.254,1,-4.3718,-4.254,-0.04254,False
2015-03-01,SBUX,buy_call,1.9747,1,1.664,-0.3107,-0.003107,False
2015-03-01,SLB,buy_call,3.2317,1,-0.2768,-3.2317,-0.032317,False
2015-03-01,SO,skip,0.0,0,-2.2272,0.0,0.0,False
2015-03-01,SPG,skip,0.0,0,3.5178,0.0,0.0,False
2015-03-01,T,buy_call,3.1005,1,-5.5267,-3.1005,-0.031005,False
2015-03-01,TGT,buy_call,2.4474,1,7.5478,5.1004,0.051004,False
2015-03-01,TMO,buy_call,2.8279,1,3.3385,0.5106,0.005106,False
2015-03-01,TXN,buy_call,4.1737,1,-2.7381,-4.1737,-0.041737,False
2015-03-01,UNH,buy_call,2.9729,1,4.101,1.1282,0.011282,False
2015-03-01,UNP,buy_call,3.2317,1,-9.5313,-3.2317,-0.032317,False
2015-03-01,USB,buy_call,2.7389,1,-2.1072,-2.7389,-0.027389,False
2015-03-01,V,buy_call,2.5501,1,-3.3889,-2.5501,-0.025501,False
2015-03-01,VZ,buy_call,3.1005,1,-1.6582,-3.1005,-0.031005,False
2015-03-01,WFC,buy_call,3.4824,1,-0.0574,-3.4824,-0.034824,False
2015-03-01,WMT,skip,0.0,0,-2.0017,0.0,0.0,False
2015-03-01,XOM,buy_call,3.2317,1,-3.2756,-3.2317,-0.032317,False
2015-04-01,AAPL,skip,0.0,0,0.5786,0.0,0.0,True
2015-04-01,ABBV,skip,0.0,0,10.4544,0.0,0.0,True
2015-04-01,ABT,skip,0.0,0,0.1943,0.0,0.0,True
2015-04-01,ADBE,skip,0.0,0,2.8672,0.0,0.0,True
2015-04-01,ADP,skip,0.0,0,-0.7131,0.0,0.0,True
2015-04-01,AMGN,buy_call,2.8264,6,-1.2136,-2.8264,-0.169584,True
2015-04-01,AMT,skip,0.0,0,0.4036,0.0,0.0,True
2015-04-01,AMZN,skip,0.0,0,13.3513,0.0,0.0,True
2015-04-01,AXP,skip,0.0,0,-0.5263,0.0,0.0,True
2015-04-01,BA,buy_call,3.0,6,-4.491,-3.0,-0.18,True
2015-04-01,BAC,skip,0.0,0,3.8324,0.0,0.0,True
2015-04-01,BDX,skip,0.0,0,-1.499,0.0,0.0,True
2015-04-01,BIIB,buy_call,2.8264,6,-11.4414,-2.8264,-0.169584,True
2015-04-01,BLK,skip,0.0,0,0.0645,0.0,0.0,True
2015-04-01,BMY,buy_call,2.8264,6,-1.1938,-2.8264,-0.169584,True
2015-04-01,BRK-B,skip,0.0,0,-2.1549,0.0,0.0,True
2015-04-01,C,skip,0.0,0,3.4938,0.0,0.0,True
2015-04-01,CAT,skip,0.0,0,8.5593,0.0,0.0,True
2015-04-01,CL,skip,0.0,0,-2.9709,0.0,0.0,True
2015-04-01,CMCSA,skip,0.0,0,2.7436,0.0,0.0,True
2015-04-01,COST,buy_call,2.5784,6,-5.5775,-2.5784,-0.154704,True
2015-04-01,CRM,skip,0.0,0,8.9957,0.0,0.0,True
2015-04-01,CSCO,skip,0.0,0,5.5236,0.0,0.0,True
2015-04-01,CTSH,skip,0.0,0,-6.1709,0.0,0.0,True
2015-04-01,CVS,skip,0.0,0,-3.7981,0.0,0.0,True
2015-04-01,CVX,skip,0.0,0,5.7916,0.0,0.0,True
2015-04-01,DD,skip,0.0,0,7.2556,0.0,0.0,True
2015-04-01,DHR,skip,0.0,0,-3.4053,0.0,0.0,True
2015-04-01,DIS,buy_call,3.3259,6,3.6514,0.3256,0.019536,True
2015-04-01,ELV,buy_call,2.9729,6,-1.8359,-2.9729,-0.178374,True
2015-04-01,EOG,buy_call,3.2317,6,7.918,4.6863,0.281178,True
2015-04-01,F,skip,0.0,0,-2.1065,0.0,0.0,True
2015-04-01,FDX,skip,0.0,0,2.6087,0.0,0.0,True
2015-04-01,GE,skip,0.0,0,9.1495,0.0,0.0,True
2015-04-01,GILD,skip,0.0,0,2.4254,0.0,0.0,True
2015-04-01,GIS,buy_call,2.2339,6,-2.2262,-2.2339,-0.134034,True
2015-04-01,GM,buy_call,3.2317,6,-5.739,-3.2317,-0.193902,True
2015-04-01,GOOGL,skip,0.0,0,-1.0691,0.0,0.0,True
2015-04-01,GS,skip,0.0,0,4.4954,0.0,0.0,True
2015-04-01,HAL,buy_call,3.2317,6,12.0238,8.7921,0.527526,True
2015-04-01,HD,skip,0.0,0,-5.3512,0.0,0.0,True
2015-04-01,HON,buy_call,3.0196,6,-3.2499,-3.0196,-0.181176,True
2015-04-01,IBM,skip,0.0,0,6.7228,0.0,0.0,True
2015-04-01,INTC,skip,0.0,0,4.0934,0.0,0.0,True
2015-04-01,ITW,skip,0.0,0,-3.1784,0.0,0.0,True
2015-04-01,JNJ,skip,0.0,0,-1.3917,0.0,0.0,True
2015-04-01,JPM,skip,0.0,0,4.4239,0.0,0.0,True
2015-04-01,KO,skip,0.0,0,0.8546,0.0,0.0,True
2015-04-01,LLY,buy_call,3.5202,6,-1.0736,-3.5202,-0.211212,True
2015-04-01,LMT,buy_call,3.2317,6,-8.0607,-3.2317,-0.193902,True
2015-04-01,LOW,buy_call,2.7959,6,-7.4338,-2.7959,-0.167754,True
2015-04-01,LYB,buy_call,3.2317,6,17.9043,14.6726,0.880356,True
2015-04-01,MA,skip,0.0,0,4.4218,0.0,0.0,True
2015-04-01,MCD,skip,0.0,0,-0.9134,0.0,0.0,True
2015-04-01,MDLZ,skip,0.0,0,6.774,0.0,0.0,True
2015-04-01,MDT,buy_call,2.4594,6,-4.1623,-2.4594,-0.147564,True
2015-04-01,MET,buy_call,2.7389,6,1.4639,-1.275,-0.0765,True
2015-04-01,META,buy_call,4.3383,6,-4.1961,-4.3383,-0.260298,True
2015-04-01,MMM,skip,0.0,0,-5.1894,0.0,0.0,True
2015-04-01,MO,skip,0.0,0,1.0664,0.0,0.0,True
2015-04-01,MRK,skip,0.0,0,4.4572,0.0,0.0,True
2015-04-01,MS,skip,0.0,0,4.5391,0.0,0.0,True
2015-04-01,MSFT,skip,0.0,0,19.6262,0.0,0.0,True
2015-04-01,NEE,buy_call,1.9747,6,-2.9986,-1.9747,-0.118482,True
2015-04-01,NFLX,skip,0.0,0,33.5525,0.0,0.0,True
2015-04-01,NKE,buy_call,3.5085,6,-1.4851,-3.5085,-0.21051,True
2015-04-01,ORCL,skip,0.0,0,1.0892,0.0,0.0,True
2015-04-01,PEP,skip,0.0,0,0.1437,0.0,0.0,True
2015-04-01,PFE,buy_call,2.8264,6,-2.472,-2.8264,-0.169584,True
2015-04-01,PG,skip,0.0,0,-2.9656,0.0,0.0,True
2015-04-01,PM,skip,0.0,0,12.211,0.0,0.0,True
2015-04-01,PPL,skip,0.0,0,2.2407,0.0,0.0,True
2015-04-01,PRU,buy_call,2.7389,6,1.6062,-1.1326,-0.067956,True
2015-04-01,QCOM,skip,0.0,0,-1.3611,0.0,0.0,True
2015-04-01,SBUX,buy_call,1.9747,6,4.7096,2.7349,0.164094,True
2015-04-01,SLB,skip,0.0,0,13.3868,0.0,0.0,True
2015-04-01,SO,skip,0.0,0,0.0452,0.0,0.0,True
2015-04-01,SPG,buy_call,3.0196,6,-7.2327,-3.0196,-0.181176,True
2015-04-01,T,skip,0.0,0,6.095,0.0,0.0,True
2015-04-01,TGT,buy_call,2.4474,6,-3.9479,-2.4474,-0.146844,True
2015-04-01,TMO,buy_call,2.8279,6,-6.3365,-2.8279,-0.169674,True
2015-04-01,TXN,skip,0.0,0,-5.2107,0.0,0.0,True
2015-04-01,UNH,buy_call,2.9729,6,-5.5096,-2.9729,-0.178374,True
2015-04-01,UNP,skip,0.0,0,-1.9204,0.0,0.0,True
2015-04-01,USB,skip,0.0,0,-1.2726,0.0,0.0,True
2015-04-01,V,skip,0.0,0,0.9784,0.0,0.0,True
2015-04-01,VZ,skip,0.0,0,3.722,0.0,0.0,True
2015-04-01,WFC,skip,0.0,0,1.2867,0.0,0.0,True
2015-04-01,WMT,skip,0.0,0,-4.5364,0.0,0.0,True
2015-04-01,XOM,skip,0.0,0,2.7882,0.0,0.0,True
2015-05-01,AAPL,buy_call,3.1456,6,4.0991,0.9536,0.057216,True
2015-05-01,ABBV,buy_call,2.8264,6,3.839,1.0126,0.060756,True
2015-05-01,ABT,buy_call,2.4594,6,5.2318,2.7724,0.166344,True
2015-05-01,ADBE,buy_call,2.8745,6,3.9837,1.1092,0.066552,True
2015-05-01,ADP,skip,0.0,0,1.1474,0.0,0.0,True
2015-05-01,AMGN,skip,0.0,0,-1.0449,0.0,0.0,True
2015-05-01,AMT,buy_call,3.0196,6,-1.4132,-3.0196,-0.181176,True
2015-05-01,AMZN,buy_call,3.8265,6,1.7663,-2.0602,-0.123612,True
2015-05-01,AXP,skip,0.0,0,2.931,0.0,0.0,True
2015-05-01,BA,skip,0.0,0,-1.9674,0.0,0.0,True
2015-05-01,BAC,buy_call,3.1976,6,3.5782,0.3806,0.022836,True
2015-05-01,BDX,skip,0.0,0,-0.2555,0.0,0.0,True
2015-05-01,BIIB,skip,0.0,0,6.1669,0.0,0.0,True
2015-05-01,BLK,buy_call,2.7389,6,0.5056,-2.2333,-0.133998,True
2015-05-01,BMY,skip,0.0,0,1.9499,0.0,0.0,True
2015-05-01,BRK-B,skip,0.0,0,1.2676,0.0,0.0,True
2015-05-01,C,buy_call,3.0,6,1.4254,-1.5746,-0.094476,True
2015-05-01,CAT,buy_call,3.2317,6,-0.9817,-3.2317,-0.193902,True
2015-05-01,CL,skip,0.0,0,-0.1742,0.0,0.0,True
2015-05-01,CMCSA,buy_call,3.1005,6,1.2119,-1.8887,-0.113322,True
2015-05-01,COST,skip,0.0,0,-0.0489,0.0,0.0,True
2015-05-01,CRM,buy_call,3.8947,6,-0.0961,-3.8947,-0.233682,True
2015-05-01,CSCO,buy_call,3.0196,6,1.6649,-1.3546,-0.081276,True
2015-05-01,CTSH,skip,0.0,0,10.5569,0.0,0.0,True
2015-05-01,CVS,skip,0.0,0,3.4692,0.0,0.0,True
2015-05-01,CVX,buy_call,3.0632,6,-7.2574,-3.0632,-0.183792,True
2015-05-01,DD,buy_call,3.0196,6,2.098,-0.9216,-0.055296,True
2015-05-01,DHR,skip,0.0,0,5.4226,0.0,0.0,True
2015-05-01,DIS,buy_call,3.3259,6,1.5177,-1.8082,-0.108492,True
2015-05-01,ELV,skip,0.0,0,11.2105,0.0,0.0,True
2015-05-01,EOG,buy_call,3.2317,6,-10.2095,-3.2317,-0.193902,True
2015-05-01,F,skip,0.0,0,-3.0821,0.0,0.0,True
2015-05-01,FDX,buy_call,3.0196,6,2.1525,-0.8671,-0.052026,True
2015-05-01,GE,buy_call,3.2317,6,0.7016,-2.5301,-0.151806,True
2015-05-01,GILD,buy_call,2.8264,6,11.7003,8.8739,0.532434,True
2015-05-01,GIS,skip,0.0,0,2.266,0.0,0.0,True
2015-05-01,GM,skip,0.0,0,2.5955,0.0,0.0,True
2015-05-01,GOOGL,skip,0.0,0,-0.6287,0.0,0.0,True
2015-05-01,GS,buy_call,2.7389,6,4.974,2.2352,0.134112,True
2015-05-01,HAL,buy_call,3.2317,6,-7.2523,-3.2317,-0.193902,True
2015-05-01,HD,skip,0.0,0,4.1503,0.0,0.0,True
2015-05-01,HON,skip,0.0,0,3.2501,0.0,0.0,True
2015-05-01,IBM,buy_call,3.0196,6,-0.9574,-3.0196,-0.181176,True
2015-05-01,INTC,buy_call,4.1737,6,5.8679,1.6942,0.101652,True
2015-05-01,ITW,skip,0.0,0,0.2672,0.0,0.0,True
2015-05-01,JNJ,skip,0.0,0,0.9476,0.0,0.0,True
2015-05-01,JPM,buy_call,2.7389,6,4.6747,1.9359,0.116154,True
2015-05-01,KO,buy_call,1.9747,6,0.9863,-0.9885,-0.05931,True
2015-05-01,LLY,skip,0.0,0,9.7816,0.0,0.0,True
2015-05-01,LMT,skip,0.0,0,0.8575,0.0,0.0,True
2015-05-01,LOW,skip,0.0,0,1.9497,0.0,0.0,True
2015-05-01,LYB,buy_call,3.2317,6,-2.3377,-3.2317,-0.193902,True
2015-05-01,MA,buy_call,2.7116,6,2.4602,-0.2515,-0.01509,True
2015-05-01,MCD,skip,0.0,0,-0.6422,0.0,0.0,True
2015-05-01,MDLZ,buy_call,2.2339,6,8.392,6.1581,0.369486,True
2015-05-01,MDT,skip,0.0,0,2.5118,0.0,0.0,True
2015-05-01,MET,buy_call,2.7389,6,1.8912,-0.8477,-0.050862,True
2015-05-01,META,skip,0.0,0,0.5332,0.0,0.0,True
2015-05-01,MMM,skip,0.0,0,1.7201,0.0,0.0,True
2015-05-01,MO,buy_call,2.2339,6,2.2977,0.0638,0.003828,True
2015-05-01,MRK,buy_call,2.7192,6,2.233,-0.4862,-0.029172,True
2015-05-01,MS,buy_call,2.7389,6,2.8016,0.0628,0.003768,True
2015-05-01,MSFT,buy_call,2.8745,6,-3.6595,-2.8745,-0.17247,True
2015-05-01,NEE,skip,0.0,0,1.397,0.0,0.0,True
2015-05-01,NFLX,buy_call,4.4729,6,12.1402,7.6673,0.460038,True
2015-05-01,NKE,skip,0.0,0,2.8632,0.0,0.0,True
2015-05-01,ORCL,buy_call,3.5955,6,0.0514,-3.544,-0.21264,True
2015-05-01,PEP,buy_call,2.2339,6,1.3772,-0.8567,-0.051402,True
2015-05-01,PFE,skip,0.0,0,2.4168,0.0,0.0,True
2015-05-01,PG,skip,0.0,0,-0.6157,0.0,0.0,True
2015-05-01,PM,buy_call,2.2339,6,-0.4793,-2.2339,-0.134034,True
2015-05-01,PPL,buy_call,1.9747,6,1.9982,0.0235,0.00141,True
2015-05-01,PRU,buy_call,2.7389,6,3.6888,0.9499,0.056994,True
2015-05-01,QCOM,skip,0.0,0,2.4706,0.0,0.0,True
2015-05-01,SBUX,buy_call,1.9747,6,4.8003,2.8256,0.169536,True
2015-05-01,SLB,buy_call,3.2317,6,-4.0587,-3.2317,-0.193902,True
2015-05-01,SO,buy_call,1.9747,6,-1.377,-1.9747,-0.118482,True
2015-05-01,SPG,skip,0.0,0,-0.0496,0.0,0.0,True
2015-05-01,T,buy_call,3.1005,6,1.6183,-1.4823,-0.088938,True
2015-05-01,TGT,skip,0.0,0,0.6216,0.0,0.0,True
2015-05-01,TMO,skip,0.0,0,3.1429,0.0,0.0,True
2015-05-01,TXN,skip,0.0,0,3.7895,0.0,0.0,True
2015-05-01,UNH,skip,0.0,0,7.9084,0.0,0.0,True
2015-05-01,UNP,skip,0.0,0,-5.008,0.0,0.0,True
2015-05-01,USB,skip,0.0,0,0.5598,0.0,0.0,True
2015-05-01,V,buy_call,2.5501,6,3.9818,1.4318,0.085908,True
2015-05-01,VZ,buy_call,3.1005,6,-0.876,-3.1005,-0.18603,True
2015-05-01,WFC,buy_call,3.4824,6,1.5608,-1.9216,-0.115296,True
2015-05-01,WMT,skip,0.0,0,-4.8431,0.0,0.0,True
2015-05-01,XOM,buy_call,3.2317,6,-2.4837,-3.2317,-0.193902,True
2015-06-01,AAPL,buy_call,3.1456,6,-3.3206,-3.1456,-0.188736,True
2015-06-01,ABBV,buy_call,2.8264,6,0.9011,-1.9253,-0.115518,True
2015-06-01,ABT,buy_call,2.4594,6,0.9877,-1.4717,-0.088302,True
2015-06-01,ADBE,buy_call,2.8745,6,2.4276,-0.4468,-0.026808,True
2015-06-01,ADP,buy_call,3.0196,6,-6.1748,-3.0196,-0.181176,True
2015-06-01,AMGN,skip,0.0,0,-1.2692,0.0,0.0,True
2015-06-01,AMT,skip,0.0,0,0.5389,0.0,0.0,True
2015-06-01,AMZN,buy_call,3.8265,6,1.1323,-2.6942,-0.161652,True
2015-06-01,AXP,buy_call,2.7116,6,-2.5088,-2.7116,-0.162696,True
2015-06-01,BA,skip,0.0,0,-0.6483,0.0,0.0,True
2015-06-01,BAC,buy_call,3.1976,6,3.1515,-0.0462,-0.002772,True
2015-06-01,BDX,skip,0.0,0,0.8113,0.0,0.0,True
2015-06-01,BIIB,buy_call,2.8264,6,1.7507,-1.0757,-0.064542,True
2015-06-01,BLK,buy_call,2.7389,6,-5.4131,-2.7389,-0.164334,True
2015-06-01,BMY,buy_call,2.8264,6,3.0031,0.1767,0.010602,True
2015-06-01,BRK-B,buy_call,1.809,6,-4.8182,-1.809,-0.10854,True
2015-06-01,C,buy_call,3.0,6,2.2418,-0.7582,-0.045492,True
2015-06-01,CAT,skip,0.0,0,-0.586,0.0,0.0,True
2015-06-01,CL,skip,0.0,0,-2.0662,0.0,0.0,True
2015-06-01,CMCSA,buy_call,3.1005,6,2.8738,-0.2267,-0.013602,True
2015-06-01,COST,skip,0.0,0,-5.2809,0.0,0.0,True
2015-06-01,CRM,skip,0.0,0,-4.2887,0.0,0.0,True
2015-06-01,CSCO,buy_call,3.0196,6,-6.3119,-3.0196,-0.181176,True
2015-06-01,CTSH,buy_call,3.0196,6,-5.6088,-3.0196,-0.181176,True
2015-06-01,CVS,buy_call,2.9729,6,2.4419,-0.531,-0.03186,True
2015-06-01,CVX,skip,0.0,0,-5.4065,0.0,0.0,True
2015-06-01,DD,buy_call,3.0196,6,-1.7284,-3.0196,-0.181176,True
2015-06-01,DHR,buy_call,2.4594,6,-0.8457,-2.4594,-0.147564,True
2015-06-01,DIS,buy_call,3.3259,6,3.4158,0.0899,0.005394,True
2015-06-01,ELV,buy_call,2.9729,6,-2.2103,-2.9729,-0.178374,True
2015-06-01,EOG,skip,0.0,0,-1.2854,0.0,0.0,True
2015-06-01,F,skip,0.0,0,-1.0547,0.0,0.0,True
2015-06-01,FDX,buy_call,3.0196,6,-1.628,-3.0196,-0.181176,True
2015-06-01,GE,buy_call,3.2317,6,-2.5669,-3.2317,-0.193902,True
2015-06-01,GILD,buy_call,2.8264,6,4.2844,1.458,0.08748,True
2015-06-01,GIS,buy_call,2.2339,6,-0.7658,-2.2339,-0.134034,True
2015-06-01,GM,buy_call,3.2317,6,-7.3394,-3.2317,-0.193902,True
2015-06-01,GOOGL,skip,0.0,0,-0.9682,0.0,0.0,True
2015-06-01,GS,buy_call,2.7389,6,1.5768,-1.1621,-0.069726,True
2015-06-01,HAL,skip,0.0,0,-5.1321,0.0,0.0,True
2015-06-01,HD,buy_call,2.7959,6,-0.2603,-2.7959,-0.167754,True
2015-06-01,HON,buy_call,3.0196,6,-1.663,-3.0196,-0.181176,True
2015-06-01,IBM,skip,0.0,0,-3.3946,0.0,0.0,True
2015-06-01,INTC,buy_call,4.1737,6,-11.0854,-4.1737,-0.250422,True
2015-06-01,ITW,buy_call,3.0196,6,-2.1741,-3.0196,-0.181176,True
2015-06-01,JNJ,buy_call,2.057,6,-1.9665,-2.057,-0.12342,True
2015-06-01,JPM,buy_call,2.7389,6,3.01,0.2711,0.016266,True
2015-06-01,KO,buy_call,1.9747,6,-4.2237,-1.9747,-0.118482,True
2015-06-01,LLY,buy_call,3.5202,6,6.5493,3.0291,0.181746,True
2015-06-01,LMT,buy_call,3.2317,6,-0.4417,-3.2317,-0.193902,True
2015-06-01,LOW,buy_call,2.7959,6,-4.3012,-2.7959,-0.167754,True
2015-06-01,LYB,skip,0.0,0,2.3937,0.0,0.0,True
2015-06-01,MA,buy_call,2.7116,6,1.3224,-1.3893,-0.083358,True
2015-06-01,MCD,skip,0.0,0,-0.0352,0.0,0.0,True
2015-06-01,MDLZ,buy_call,2.2339,6,-1.0819,-2.2339,-0.134034,True
2015-06-01,MDT,buy_call,2.4594,6,-2.9088,-2.4594,-0.147564,True
2015-06-01,MET,buy_call,2.7389,6,7.919,5.1801,0.310806,True
2015-06-01,META,buy_call,4.3383,6,8.3091,3.9709,0.238254,True
2015-06-01,MMM,buy_call,3.0196,6,-2.3914,-3.0196,-0.181176,True
2015-06-01,MO,buy_call,2.2339,6,-4.4727,-2.2339,-0.134034,True
2015-06-01,MRK,buy_call,2.7192,6,-6.5036,-2.7192,-0.163152,True
2015-06-01,MS,buy_call,2.7389,6,1.5445,-1.1944,-0.071664,True
2015-06-01,MSFT,skip,0.0,0,-5.1709,0.0,0.0,True
2015-06-01,NEE,buy_call,1.9747,6,-3.4758,-1.9747,-0.118482,True
2015-06-01,NFLX,buy_call,4.4729,6,5.2687,0.7958,0.047748,True
2015-06-01,NKE,buy_call,3.5085,6,6.5358,3.0272,0.181632,True
2015-06-01,ORCL,buy_call,3.5955,6,-7.335,-3.5955,-0.21573,True
2015-06-01,PEP,buy_call,2.2339,6,-3.2044,-2.2339,-0.134034,True
2015-06-01,PFE,buy_call,2.8264,6,-2.7124,-2.8264,-0.169584,True
2015-06-01,PG,skip,0.0,0,-0.1914,0.0,0.0,True
2015-06-01,PM,skip,0.0,0,-3.491,0.0,0.0,True
2015-06-01,PPL,buy_call,1.9747,6,-8.8432,-1.9747,-0.118482,True
2015-06-01,PRU,buy_call,2.7389,6,4.1446,1.4057,0.084342,True
2015-06-01,QCOM,buy_call,4.254,6,-10.1177,-4.254,-0.25524,True
2015-06-01,SBUX,buy_call,1.9747,6,3.5231,1.5483,0.092898,True
2015-06-01,SLB,skip,0.0,0,-5.0457,0.0,0.0,True
2015-06-01,SO,skip,0.0,0,-2.8814,0.0,0.0,True
2015-06-01,SPG,skip,0.0,0,-3.8375,0.0,0.0,True
2015-06-01,T,buy_call,3.1005,6,2.8373,-0.2632,-0.015792,True
2015-06-01,TGT,buy_call,2.4474,6,3.5982,1.1508,0.069048,True
2015-06-01,TMO,buy_call,2.8279,6,0.1003,-2.7276,-0.163656,True
2015-06-01,TXN,buy_call,4.1737,6,-7.8863,-4.1737,-0.250422,True
2015-06-01,UNH,buy_call,2.9729,6,1.489,-1.4838,-0.089028,True
2015-06-01,UNP,skip,0.0,0,-4.9821,0.0,0.0,True
2015-06-01,USB,buy_call,2.7389,6,0.6727,-2.0662,-0.123972,True
2015-06-01,V,buy_call,2.5501,6,-2.0566,-2.5501,-0.153006,True
2015-06-01,VZ,skip,0.0,0,-5.7241,0.0,0.0,True
2015-06-01,WFC,buy_call,3.4824,6,1.1814,-2.3011,-0.138066,True
2015-06-01,WMT,skip,0.0,0,-3.8943,0.0,0.0,True
2015-06-01,XOM,skip,0.0,0,-1.5398,0.0,0.0,True
2015-07-01,AAPL,skip,0.0,0,-3.2927,0.0,0.0,True
2015-07-01,ABBV,buy_call,2.8264,24,4.197,1.3706,0.328944,True
2015-07-01,ABT,buy_call,2.4594,24,3.2803,0.8209,0.197016,True
2015-07-01,ADBE,buy_call,2.8745,24,1.2097,-1.6647,-0.399528,True
2015-07-01,ADP,skip,0.0,0,0.016,0.0,0.0,True
2015-07-01,AMGN,skip,0.0,0,15.0274,0.0,0.0,True
2015-07-01,AMT,buy_call,3.0196,24,2.4345,-0.5851,-0.140424,True
2015-07-01,AMZN,buy_call,3.8265,24,23.5113,19.6848,4.724352,True
2015-07-01,AXP,skip,0.0,0,-1.7697,0.0,0.0,True
2015-07-01,BA,skip,0.0,0,3.9287,0.0,0.0,True
2015-07-01,BAC,buy_call,3.1976,24,5.368,2.1703,0.520872,True
2015-07-01,BDX,buy_call,2.4594,24,7.8743,5.4149,1.299576,True
2015-07-01,BIIB,buy_call,2.8264,24,-21.0823,-2.8264,-0.678336,True
2015-07-01,BLK,skip,0.0,0,-2.1962,0.0,0.0,True
2015-07-01,BMY,buy_call,2.8264,24,-1.3526,-2.8264,-0.678336,True
2015-07-01,BRK-B,skip,0.0,0,4.8711,0.0,0.0,True
2015-07-01,C,buy_call,3.0,24,5.8291,2.8291,0.678984,True
2015-07-01,CAT,skip,0.0,0,-7.2978,0.0,0.0,True
2015-07-01,CL,skip,0.0,0,3.9902,0.0,0.0,True
2015-07-01,CMCSA,buy_call,3.1005,24,4.1997,1.0991,0.263784,True
2015-07-01,COST,skip,0.0,0,7.5818,0.0,0.0,True
2015-07-01,CRM,skip,0.0,0,5.2707,0.0,0.0,True
2015-07-01,CSCO,skip,0.0,0,3.496,0.0,0.0,True
2015-07-01,CTSH,skip,0.0,0,3.2902,0.0,0.0,True
2015-07-01,CVS,buy_call,2.9729,24,7.2368,4.2639,1.023336,True
2015-07-01,CVX,skip,0.0,0,-8.2824,0.0,0.0,True
2015-07-01,DD,skip,0.0,0,-7.3005,0.0,0.0,True
2015-07-01,DHR,skip,0.0,0,7.1439,0.0,0.0,True
2015-07-01,DIS,buy_call,3.3259,24,5.1341,1.8082,0.433968,True
2015-07-01,ELV,skip,0.0,0,-5.6509,0.0,0.0,True
2015-07-01,EOG,skip,0.0,0,-11.8333,0.0,0.0,True
2015-07-01,F,skip,0.0,0,-1.1992,0.0,0.0,True
2015-07-01,FDX,skip,0.0,0,0.7364,0.0,0.0,True
2015-07-01,GE,skip,0.0,0,-0.9334,0.0,0.0,True
2015-07-01,GILD,buy_call,2.8264,24,1.0308,-1.7956,-0.430944,True
2015-07-01,GIS,skip,0.0,0,4.4687,0.0,0.0,True
2015-07-01,GM,skip,0.0,0,-4.4814,0.0,0.0,True
2015-07-01,GOOGL,skip,0.0,0,21.7502,0.0,0.0,True
2015-07-01,GS,buy_call,2.7389,24,-1.7817,-2.7389,-0.657336,True
2015-07-01,HAL,skip,0.0,0,-2.5857,0.0,0.0,True
2015-07-01,HD,skip,0.0,0,5.8685,0.0,0.0,True
2015-07-01,HON,skip,0.0,0,3.0205,0.0,0.0,True
2015-07-01,IBM,skip,0.0,0,-0.4119,0.0,0.0,True
2015-07-01,INTC,skip,0.0,0,-4.8323,0.0,0.0,True
2015-07-01,ITW,skip,0.0,0,-2.016,0.0,0.0,True
2015-07-01,JNJ,skip,0.0,0,2.8217,0.0,0.0,True
2015-07-01,JPM,buy_call,2.7389,24,1.1364,-1.6025,-0.3846,True
2015-07-01,KO,skip,0.0,0,5.5797,0.0,0.0,True
2015-07-01,LLY,buy_call,3.5202,24,1.2217,-2.2984,-0.551616,True
2015-07-01,LMT,skip,0.0,0,11.404,0.0,0.0,True
2015-07-01,LOW,skip,0.0,0,3.5688,0.0,0.0,True
2015-07-01,LYB,buy_call,3.2317,24,-9.3605,-3.2317,-0.775608,True
2015-07-01,MA,buy_call,2.7116,24,4.1934,1.4818,0.355632,True
2015-07-01,MCD,skip,0.0,0,5.0384,0.0,0.0,True
2015-07-01,MDLZ,skip,0.0,0,10.1006,0.0,0.0,True
2015-07-01,MDT,skip,0.0,0,6.3262,0.0,0.0,True
2015-07-01,MET,buy_call,2.7389,24,-0.4465,-2.7389,-0.657336,True
2015-07-01,META,buy_call,4.3383,24,9.6071,5.2688,1.264512,True
2015-07-01,MMM,skip,0.0,0,-1.9184,0.0,0.0,True
2015-07-01,MO,skip,0.0,0,12.371,0.0,0.0,True
2015-07-01,MRK,skip,0.0,0,4.3536,0.0,0.0,True
2015-07-01,MS,buy_call,2.7389,24,0.1289,-2.6099,-0.626376,True
2015-07-01,MSFT,skip,0.0,0,5.7758,0.0,0.0,True
2015-07-01,NEE,skip,0.0,0,7.3141,0.0,0.0,True
2015-07-01,NFLX,buy_call,4.4729,24,21.8026,17.3297,4.159128,True
2015-07-01,NKE,buy_call,3.5085,24,6.6654,3.1569,0.757656,True
2015-07-01,ORCL,skip,0.0,0,-0.8933,0.0,0.0,True
2015-07-01,PEP,skip,0.0,0,3.9858,0.0,0.0,True
2015-07-01,PFE,skip,0.0,0,7.5455,0.0,0.0,True
2015-07-01,PG,skip,0.0,0,-1.9682,0.0,0.0,True
2015-07-01,PM,skip,0.0,0,7.9848,0.0,0.0,True
2015-07-01,PPL,skip,0.0,0,9.257,0.0,0.0,True
2015-07-01,PRU,buy_call,2.7389,24,0.9598,-1.7791,-0.426984,True
2015-07-01,QCOM,skip,0.0,0,3.5233,0.0,0.0,True
2015-07-01,SBUX,buy_call,1.9747,24,8.0381,6.0633,1.455192,True
2015-07-01,SLB,skip,0.0,0,-3.3778,0.0,0.0,True
2015-07-01,SO,skip,0.0,0,6.7542,0.0,0.0,True
2015-07-01,SPG,skip,0.0,0,8.2072,0.0,0.0,True
2015-07-01,T,buy_call,3.1005,24,-2.196,-3.1005,-0.74412,True
2015-07-01,TGT,buy_call,2.4474,24,0.2696,-2.1779,-0.522696,True
2015-07-01,TMO,buy_call,2.8279,24,7.6533,4.8254,1.158096,True
2015-07-01,TXN,skip,0.0,0,-2.9703,0.0,0.0,True
2015-07-01,UNH,buy_call,2.9729,24,-0.0703,-2.9729,-0.713496,True
2015-07-01,UNP,skip,0.0,0,2.3277,0.0,0.0,True
2015-07-01,USB,buy_call,2.7389,24,4.7701,2.0312,0.487488,True
2015-07-01,V,skip,0.0,0,12.1966,0.0,0.0,True
2015-07-01,VZ,skip,0.0,0,0.3862,0.0,0.0,True
2015-07-01,WFC,buy_call,3.4824,24,2.8982,-0.5842,-0.140208,True
2015-07-01,WMT,skip,0.0,0,1.4803,0.0,0.0,True
2015-07-01,XOM,skip,0.0,0,-4.7957,0.0,0.0,True
2015-08-01,AAPL,skip,0.0,0,-7.0404,0.0,0.0,True
2015-08-01,ABBV,buy_call,2.8264,2,-10.194,-2.8264,-0.056528,True
2015-08-01,ABT,buy_call,2.4594,2,-10.2214,-2.4594,-0.049188,True
2015-08-01,ADBE,buy_call,2.8745,2,-4.1712,-2.8745,-0.05749,True
2015-08-01,ADP,buy_call,3.0196,2,-3.0713,-3.0196,-0.060392,True
2015-08-01,AMGN,buy_call,2.8264,2,-14.0495,-2.8264,-0.056528,True
2015-08-01,AMT,buy_call,3.0196,2,-3.0701,-3.0196,-0.060392,True
2015-08-01,AMZN,buy_call,3.8265,2,-4.3383,-3.8265,-0.07653,True
2015-08-01,AXP,skip,0.0,0,0.8678,0.0,0.0,True
2015-08-01,BA,buy_call,3.0,2,-9.357,-3.0,-0.06,True
2015-08-01,BAC,buy_call,3.1976,2,-8.6129,-3.1976,-0.063952,True
2015-08-01,BDX,buy_call,2.4594,2,-7.3151,-2.4594,-0.049188,True
2015-08-01,BIIB,skip,0.0,0,-6.7382,0.0,0.0,True
2015-08-01,BLK,skip,0.0,0,-10.0648,0.0,0.0,True
2015-08-01,BMY,skip,0.0,0,-8.8932,0.0,0.0,True
2015-08-01,BRK-B,buy_call,1.809,2,-6.095,-1.809,-0.03618,True
2015-08-01,C,buy_call,3.0,2,-8.441,-3.0,-0.06,True
2015-08-01,CAT,skip,0.0,0,-1.8875,0.0,0.0,True
2015-08-01,CL,buy_call,2.0993,2,-7.139,-2.0993,-0.041986,True
2015-08-01,CMCSA,buy_call,3.1005,2,-9.742,-3.1005,-0.06201,True
2015-08-01,COST,buy_call,2.5784,2,-3.6132,-2.5784,-0.051568,True
2015-08-01,CRM,buy_call,3.8947,2,-5.3752,-3.8947,-0.077894,True
2015-08-01,CSCO,buy_call,3.0196,2,-8.2356,-3.0196,-0.060392,True
2015-08-01,CTSH,buy_call,3.0196,2,-0.2536,-3.0196,-0.060392,True
2015-08-01,CVS,buy_call,2.9729,2,-8.6654,-2.9729,-0.059458,True
2015-08-01,CVX,skip,0.0,0,-8.4652,0.0,0.0,True
2015-08-01,DD,skip,0.0,0,-7.0124,0.0,0.0,True
2015-08-01,DHR,buy_call,2.4594,2,-4.9585,-2.4594,-0.049188,True
2015-08-01,DIS,buy_call,3.3259,2,-14.6062,-3.3259,-0.066518,True
2015-08-01,ELV,skip,0.0,0,-8.5694,0.0,0.0,True
2015-08-01,EOG,skip,0.0,0,1.6513,0.0,0.0,True
2015-08-01,F,skip,0.0,0,-5.5177,0.0,0.0,True
2015-08-01,FDX,buy_call,3.0196,2,-12.1398,-3.0196,-0.060392,True
2015-08-01,GE,skip,0.0,0,-4.9042,0.0,0.0,True
2015-08-01,GILD,buy_call,2.8264,2,-10.8518,-2.8264,-0.056528,True
2015-08-01,GIS,buy_call,2.2339,2,-1.7441,-2.2339,-0.044678,True
2015-08-01,GM,skip,0.0,0,-6.5694,0.0,0.0,True
2015-08-01,GOOGL,buy_call,3.4858,2,-1.4722,-3.4858,-0.069716,True
2015-08-01,GS,skip,0.0,0,-8.0314,0.0,0.0,True
2015-08-01,HAL,skip,0.0,0,-5.8388,0.0,0.0,True
2015-08-01,HD,buy_call,2.7959,2,-0.4871,-2.7959,-0.055918,True
2015-08-01,HON,buy_call,3.0196,2,-5.5021,-3.0196,-0.060392,True
2015-08-01,IBM,skip,0.0,0,-8.7043,0.0,0.0,True
2015-08-01,INTC,skip,0.0,0,-1.4162,0.0,0.0,True
2015-08-01,ITW,skip,0.0,0,-5.5214,0.0,0.0,True
2015-08-01,JNJ,buy_call,2.057,2,-6.2169,-2.057,-0.04114,True
2015-08-01,JPM,buy_call,2.7389,2,-5.853,-2.7389,-0.054778,True
2015-08-01,KO,buy_call,1.9747,2,-4.2843,-1.9747,-0.039494,True
2015-08-01,LLY,buy_call,3.5202,2,-2.556,-3.5202,-0.070404,True
2015-08-01,LMT,buy_call,3.2317,2,-2.8585,-3.2317,-0.064634,True
2015-08-01,LOW,buy_call,2.7959,2,0.1413,-2.6546,-0.053092,True
2015-08-01,LYB,skip,0.0,0,-9.0057,0.0,0.0,True
2015-08-01,MA,buy_call,2.7116,2,-5.0035,-2.7116,-0.054232,True
2015-08-01,MCD,buy_call,1.9747,2,-4.8468,-1.9747,-0.039494,True
2015-08-01,MDLZ,buy_call,2.2339,2,-6.1378,-2.2339,-0.044678,True
2015-08-01,MDT,buy_call,2.4594,2,-7.7816,-2.4594,-0.049188,True
2015-08-01,MET,skip,0.0,0,-10.1184,0.0,0.0,True
2015-08-01,META,buy_call,4.3383,2,-4.8718,-4.3383,-0.086766,True
2015-08-01,MMM,skip,0.0,0,-6.079,0.0,0.0,True
2015-08-01,MO,buy_call,2.2339,2,-1.4711,-2.2339,-0.044678,True
2015-08-01,MRK,buy_call,2.7192,2,-8.6669,-2.7192,-0.054384,True
2015-08-01,MS,buy_call,2.7389,2,-10.9625,-2.7389,-0.054778,True
2015-08-01,MSFT,buy_call,2.8745,2,-6.8094,-2.8745,-0.05749,True
2015-08-01,NEE,buy_call,1.9747,2,-6.4543,-1.9747,-0.039494,True
2015-08-01,NFLX,buy_call,4.4729,2,0.6299,-3.843,-0.07686,True
2015-08-01,NKE,buy_call,3.5085,2,-3.0116,-3.5085,-0.07017,True
2015-08-01,ORCL,skip,0.0,0,-6.7893,0.0,0.0,True
2015-08-01,PEP,buy_call,2.2339,2,-3.5496,-2.2339,-0.044678,True
2015-08-01,PFE,buy_call,2.8264,2,-10.6489,-2.8264,-0.056528,True
2015-08-01,PG,skip,0.0,0,-7.1073,0.0,0.0,True
2015-08-01,PM,buy_call,2.2339,2,-6.6994,-2.2339,-0.044678,True
2015-08-01,PPL,buy_call,1.9747,2,-2.5778,-1.9747,-0.039494,True
2015-08-01,PRU,buy_call,2.7389,2,-8.6691,-2.7389,-0.054778,True
2015-08-01,QCOM,buy_call,4.254,2,-12.1292,-4.254,-0.08508,True
2015-08-01,SBUX,buy_call,1.9747,2,-5.5584,-1.9747,-0.039494,True
2015-08-01,SLB,skip,0.0,0,-6.5805,0.0,0.0,True
2015-08-01,SO,buy_call,1.9747,2,-2.951,-1.9747,-0.039494,True
2015-08-01,SPG,buy_call,3.0196,2,-4.2196,-3.0196,-0.060392,True
2015-08-01,T,skip,0.0,0,-2.7409,0.0,0.0,True
2015-08-01,TGT,buy_call,2.4474,2,-5.0581,-2.4474,-0.048948,True
2015-08-01,TMO,buy_call,2.8279,2,-10.1483,-2.8279,-0.056558,True
2015-08-01,TXN,skip,0.0,0,-3.6274,0.0,0.0,True
2015-08-01,UNH,skip,0.0,0,-4.6952,0.0,0.0,True
2015-08-01,UNP,buy_call,3.2317,2,-12.1426,-3.2317,-0.064634,True
2015-08-01,USB,buy_call,2.7389,2,-6.3261,-2.7389,-0.054778,True
2015-08-01,V,buy_call,2.5501,2,-5.3623,-2.5501,-0.051002,True
2015-08-01,VZ,buy_call,3.1005,2,-0.5089,-3.1005,-0.06201,True
2015-08-01,WFC,buy_call,3.4824,2,-7.8451,-3.4824,-0.069648,True
2015-08-01,WMT,buy_call,2.4474,2,-10.0722,-2.4474,-0.048948,True
2015-08-01,XOM,skip,0.0,0,-5.012,0.0,0.0,True
2015-09-01,AAPL,skip,0.0,0,-1.7389,0.0,0.0,True
2015-09-01,ABBV,skip,0.0,0,-12.8184,0.0,0.0,True
2015-09-01,ABT,skip,0.0,0,-11.1945,0.0,0.0,True
2015-09-01,ADBE,skip,0.0,0,4.6455,0.0,0.0,True
2015-09-01,ADP,skip,0.0,0,3.9317,0.0,0.0,True
2015-09-01,AMGN,skip,0.0,0,-8.4442,0.0,0.0,True
2015-09-01,AMT,skip,0.0,0,-4.5667,0.0,0.0,True
2015-09-01,AMZN,skip,0.0,0,-0.195,0.0,0.0,True
2015-09-01,AXP,buy_call,2.7116,64,-3.3759,-2.7116,-1.735424,True
2015-09-01,BA,skip,0.0,0,0.8459,0.0,0.0,True
2015-09-01,BAC,skip,0.0,0,-4.6512,0.0,0.0,True
2015-09-01,BDX,skip,0.0,0,-5.9283,0.0,0.0,True
2015-09-01,BIIB,skip,0.0,0,-1.8466,0.0,0.0,True
2015-09-01,BLK,skip,0.0,0,-0.9593,0.0,0.0,True
2015-09-01,BMY,skip,0.0,0,-0.454,0.0,0.0,True
2015-09-01,BRK-B,skip,0.0,0,-2.7156,0.0,0.0,True
2015-09-01,C,skip,0.0,0,-7.2363,0.0,0.0,True
2015-09-01,CAT,skip,0.0,0,-14.495,0.0,0.0,True
2015-09-01,CL,skip,0.0,0,1.0349,0.0,0.0,True
2015-09-01,CMCSA,skip,0.0,0,0.9764,0.0,0.0,True
2015-09-01,COST,skip,0.0,0,3.5112,0.0,0.0,True
2015-09-01,CRM,skip,0.0,0,0.1009,0.0,0.0,True
2015-09-01,CSCO,skip,0.0,0,1.4297,0.0,0.0,True
2015-09-01,CTSH,skip,0.0,0,-0.5243,0.0,0.0,True
2015-09-01,CVS,skip,0.0,0,-5.7813,0.0,0.0,True
2015-09-01,CVX,skip,0.0,0,-1.3781,0.0,0.0,True
2015-09-01,DD,skip,0.0,0,-3.1079,0.0,0.0,True
2015-09-01,DHR,skip,0.0,0,-2.08,0.0,0.0,True
2015-09-01,DIS,skip,0.0,0,0.3141,0.0,0.0,True
2015-09-01,ELV,skip,0.0,0,-0.7444,0.0,0.0,True
2015-09-01,EOG,buy_call,3.2317,64,-7.0361,-3.2317,-2.068288,True
2015-09-01,F,skip,0.0,0,-2.1629,0.0,0.0,True
2015-09-01,FDX,skip,0.0,0,-4.402,0.0,0.0,True
2015-09-01,GE,skip,0.0,0,1.6116,0.0,0.0,True
2015-09-01,GILD,skip,0.0,0,-6.5481,0.0,0.0,True
2015-09-01,GIS,skip,0.0,0,-1.11,0.0,0.0,True
2015-09-01,GM,skip,0.0,0,1.9701,0.0,0.0,True
2015-09-01,GOOGL,skip,0.0,0,-1.4587,0.0,0.0,True
2015-09-01,GS,skip,0.0,0,-7.5509,0.0,0.0,True
2015-09-01,HAL,skip,0.0,0,-9.7442,0.0,0.0,True
2015-09-01,HD,skip,0.0,0,-0.8329,0.0,0.0,True
2015-09-01,HON,skip,0.0,0,-4.1465,0.0,0.0,True
2015-09-01,IBM,skip,0.0,0,-1.1607,0.0,0.0,True
2015-09-01,INTC,skip,0.0,0,6.4835,0.0,0.0,True
2015-09-01,ITW,skip,0.0,0,-2.6263,0.0,0.0,True
2015-09-01,JNJ,skip,0.0,0,0.0895,0.0,0.0,True
2015-09-01,JPM,skip,0.0,0,-4.883,0.0,0.0,True
2015-09-01,KO,skip,0.0,0,2.0346,0.0,0.0,True
2015-09-01,LLY,skip,0.0,0,2.2392,0.0,0.0,True
2015-09-01,LMT,skip,0.0,0,3.805,0.0,0.0,True
2015-09-01,LOW,buy_call,2.7959,64,-0.3614,-2.7959,-1.789376,True
2015-09-01,LYB,skip,0.0,0,-1.4498,0.0,0.0,True
2015-09-01,MA,skip,0.0,0,-2.4358,0.0,0.0,True
2015-09-01,MCD,skip,0.0,0,4.6075,0.0,0.0,True
2015-09-01,MDLZ,skip,0.0,0,-1.1568,0.0,0.0,True
2015-09-01,MDT,skip,0.0,0,-7.4008,0.0,0.0,True
2015-09-01,MET,skip,0.0,0,-5.2529,0.0,0.0,True
2015-09-01,META,skip,0.0,0,0.5256,0.0,0.0,True
2015-09-01,MMM,skip,0.0,0,0.4338,0.0,0.0,True
2015-09-01,MO,skip,0.0,0,1.5304,0.0,0.0,True
2015-09-01,MRK,skip,0.0,0,-8.2822,0.0,0.0,True
2015-09-01,MS,skip,0.0,0,-8.5631,0.0,0.0,True
2015-09-01,MSFT,skip,0.0,0,2.371,0.0,0.0,True
2015-09-01,NEE,skip,0.0,0,-0.1087,0.0,0.0,True
2015-09-01,NFLX,buy_call,4.4729,64,-10.2321,-4.4729,-2.862656,True
2015-09-01,NKE,skip,0.0,0,10.0403,0.0,0.0,True
2015-09-01,ORCL,skip,0.0,0,-2.6153,0.0,0.0,True
2015-09-01,PEP,skip,0.0,0,1.4742,0.0,0.0,True
2015-09-01,PFE,skip,0.0,0,-1.7522,0.0,0.0,True
2015-09-01,PG,skip,0.0,0,1.7971,0.0,0.0,True
2015-09-01,PM,skip,0.0,0,-0.5889,0.0,0.0,True
2015-09-01,PPL,skip,0.0,0,6.131,0.0,0.0,True
2015-09-01,PRU,skip,0.0,0,-4.9141,0.0,0.0,True
2015-09-01,QCOM,skip,0.0,0,-4.237,0.0,0.0,True
2015-09-01,SBUX,skip,0.0,0,4.1797,0.0,0.0,True
2015-09-01,SLB,skip,0.0,0,-10.267,0.0,0.0,True
2015-09-01,SO,skip,0.0,0,4.1864,0.0,0.0,True
2015-09-01,SPG,skip,0.0,0,3.2874,0.0,0.0,True
2015-09-01,T,skip,0.0,0,-1.8675,0.0,0.0,True
2015-09-01,TGT,skip,0.0,0,1.942,0.0,0.0,True
2015-09-01,TMO,skip,0.0,0,-2.4647,0.0,0.0,True
2015-09-01,TXN,skip,0.0,0,3.5117,0.0,0.0,True
2015-09-01,UNH,skip,0.0,0,0.2679,0.0,0.0,True
2015-09-01,UNP,skip,0.0,0,3.7929,0.0,0.0,True
2015-09-01,USB,skip,0.0,0,-3.1641,0.0,0.0,True
2015-09-01,V,skip,0.0,0,-2.1401,0.0,0.0,True
2015-09-01,VZ,skip,0.0,0,-5.4336,0.0,0.0,True
2015-09-01,WFC,skip,0.0,0,-3.0842,0.0,0.0,True
2015-09-01,WMT,skip,0.0,0,0.8539,0.0,0.0,True
2015-09-01,XOM,skip,0.0,0,-0.2583,0.0,0.0,True
2015-10-01,AAPL,skip,0.0,0,8.3409,0.0,0.0,True
2015-10-01,ABBV,skip,0.0,0,9.4468,0.0,0.0,True
2015-10-01,ABT,skip,0.0,0,11.3874,0.0,0.0,True
2015-10-01,ADBE,buy_call,2.8745,28,7.8326,4.9582,1.388296,True
2015-10-01,ADP,buy_call,3.0196,28,8.933,5.9134,1.655752,True
2015-10-01,AMGN,skip,0.0,0,14.358,0.0,0.0,True
2015-10-01,AMT,skip,0.0,0,16.7906,0.0,0.0,True
2015-10-01,AMZN,skip,0.0,0,22.2724,0.0,0.0,True
2015-10-01,AXP,skip,0.0,0,-1.1736,0.0,0.0,True
2015-10-01,BA,buy_call,3.0,28,13.0737,10.0737,2.820636,True
2015-10-01,BAC,skip,0.0,0,8.049,0.0,0.0,True
2015-10-01,BDX,skip,0.0,0,7.9068,0.0,0.0,True
2015-10-01,BIIB,skip,0.0,0,-0.4455,0.0,0.0,True
2015-10-01,BLK,skip,0.0,0,18.3212,0.0,0.0,True
2015-10-01,BMY,skip,0.0,0,12.1056,0.0,0.0,True
2015-10-01,BRK-B,skip,0.0,0,4.3098,0.0,0.0,True
2015-10-01,C,skip,0.0,0,7.176,0.0,0.0,True
2015-10-01,CAT,skip,0.0,0,11.6738,0.0,0.0,True
2015-10-01,CL,buy_call,2.0993,28,4.554,2.4547,0.687316,True
2015-10-01,CMCSA,buy_call,3.1005,28,10.0914,6.9909,1.957452,True
2015-10-01,COST,buy_call,2.5784,28,9.3726,6.7942,1.902376,True
2015-10-01,CRM,buy_call,3.8947,28,11.9257,8.031,2.24868,True
2015-10-01,CSCO,buy_call,3.0196,28,9.9048,6.8852,1.927856,True
2015-10-01,CTSH,skip,0.0,0,8.7845,0.0,0.0,True
2015-10-01,CVS,skip,0.0,0,2.3839,0.0,0.0,True
2015-10-01,CVX,skip,0.0,0,15.2129,0.0,0.0,True
2015-10-01,DD,skip,0.0,0,23.0848,0.0,0.0,True
2015-10-01,DHR,skip,0.0,0,9.6839,0.0,0.0,True
2015-10-01,DIS,buy_call,3.3259,28,11.2916,7.9657,2.230396,True
2015-10-01,ELV,skip,0.0,0,-0.1679,0.0,0.0,True
2015-10-01,EOG,skip,0.0,0,17.9258,0.0,0.0,True
2015-10-01,F,skip,0.0,0,9.1378,0.0,0.0,True
2015-10-01,FDX,skip,0.0,0,8.5657,0.0,0.0,True
2015-10-01,GE,buy_call,3.2317,28,15.6971,12.4654,3.490312,True
2015-10-01,GILD,skip,0.0,0,10.5569,0.0,0.0,True
2015-10-01,GIS,skip,0.0,0,3.5275,0.0,0.0,True
2015-10-01,GM,buy_call,3.2317,28,17.7199,14.4882,4.056696,True
2015-10-01,GOOGL,skip,0.0,0,15.5114,0.0,0.0,True
2015-10-01,GS,skip,0.0,0,7.9075,0.0,0.0,True
2015-10-01,HAL,skip,0.0,0,8.5715,0.0,0.0,True
2015-10-01,HD,skip,0.0,0,7.602,0.0,0.0,True
2015-10-01,HON,skip,0.0,0,9.0717,0.0,0.0,True
2015-10-01,IBM,skip,0.0,0,-3.3731,0.0,0.0,True
2015-10-01,INTC,buy_call,4.1737,28,12.3424,8.1687,2.287236,True
2015-10-01,ITW,skip,0.0,0,12.4501,0.0,0.0,True
2015-10-01,JNJ,buy_call,2.057,28,8.2271,6.1701,1.727628,True
2015-10-01,JPM,skip,0.0,0,5.3797,0.0,0.0,True
2015-10-01,KO,buy_call,1.9747,28,6.4729,4.4981,1.259468,True
2015-10-01,LLY,buy_call,3.5202,28,-2.5332,-3.5202,-0.985656,True
2015-10-01,LMT,buy_call,3.2317,28,6.0392,2.8075,0.7861,True
2015-10-01,LOW,skip,0.0,0,7.1242,0.0,0.0,True
2015-10-01,LYB,skip,0.0,0,11.4564,0.0,0.0,True
2015-10-01,MA,skip,0.0,0,9.8424,0.0,0.0,True
2015-10-01,MCD,buy_call,1.9747,28,13.9247,11.95,3.346,True
2015-10-01,MDLZ,skip,0.0,0,10.6857,0.0,0.0,True
2015-10-01,MDT,skip,0.0,0,11.0288,0.0,0.0,True
2015-10-01,MET,skip,0.0,0,6.8504,0.0,0.0,True
2015-10-01,META,buy_call,4.3383,28,13.426,9.0877,2.544556,True
2015-10-01,MMM,buy_call,3.0196,28,10.8909,7.8713,2.203964,True
2015-10-01,MO,buy_call,2.2339,28,12.3498,10.1158,2.832424,True
2015-10-01,MRK,skip,0.0,0,11.6229,0.0,0.0,True
2015-10-01,MS,skip,0.0,0,4.6667,0.0,0.0,True
2015-10-01,MSFT,buy_call,2.8745,28,18.9336,16.0591,4.496548,True
2015-10-01,NEE,skip,0.0,0,5.2383,0.0,0.0,True
2015-10-01,NFLX,skip,0.0,0,4.9584,0.0,0.0,True
2015-10-01,NKE,buy_call,3.5085,28,6.8246,3.3161,0.928508,True
2015-10-01,ORCL,skip,0.0,0,7.5304,0.0,0.0,True
2015-10-01,PEP,buy_call,2.2339,28,9.2075,6.9736,1.952608,True
2015-10-01,PFE,skip,0.0,0,7.6728,0.0,0.0,True
2015-10-01,PG,buy_call,2.0993,28,6.1718,4.0725,1.1403,True
2015-10-01,PM,skip,0.0,0,12.8615,0.0,0.0,True
2015-10-01,PPL,buy_call,1.9747,28,5.9407,3.966,1.11048,True
2015-10-01,PRU,skip,0.0,0,8.2535,0.0,0.0,True
2015-10-01,QCOM,skip,0.0,0,10.59,0.0,0.0,True
2015-10-01,SBUX,buy_call,1.9747,28,10.0809,8.1062,2.269736,True
2015-10-01,SLB,skip,0.0,0,13.3246,0.0,0.0,True
2015-10-01,SO,buy_call,1.9747,28,0.8949,-1.0799,-0.302372,True
2015-10-01,SPG,buy_call,3.0196,28,9.656,6.6364,1.858192,True
2015-10-01,T,skip,0.0,0,2.8545,0.0,0.0,True
2015-10-01,TGT,buy_call,2.4474,28,-1.8815,-2.4474,-0.685272,True
2015-10-01,TMO,skip,0.0,0,7.0829,0.0,0.0,True
2015-10-01,TXN,buy_call,4.1737,28,14.5396,10.3659,2.902452,True
2015-10-01,UNH,buy_call,2.9729,28,1.9649,-1.008,-0.28224,True
2015-10-01,UNP,buy_call,3.2317,28,1.0632,-2.1685,-0.60718,True
2015-10-01,USB,skip,0.0,0,3.4863,0.0,0.0,True
2015-10-01,V,skip,0.0,0,11.3695,0.0,0.0,True
2015-10-01,VZ,skip,0.0,0,7.7454,0.0,0.0,True
2015-10-01,WFC,skip,0.0,0,5.4333,0.0,0.0,True
2015-10-01,WMT,buy_call,2.4474,28,-11.7211,-2.4474,-0.685272,True
2015-10-01,XOM,skip,0.0,0,11.2845,0.0,0.0,True
2015-11-01,AAPL,buy_call,3.1456,1,-1.0042,-3.1456,-0.031456,False
2015-11-01,ABBV,buy_call,2.8264,1,-1.4498,-2.8264,-0.028264,False
2015-11-01,ABT,buy_call,2.4594,1,0.8501,-1.6093,-0.016093,False
2015-11-01,ADBE,buy_call,2.8745,1,3.1581,0.2837,0.002837,False
2015-11-01,ADP,buy_call,3.0196,1,-0.8392,-3.0196,-0.030196,False
2015-11-01,AMGN,buy_call,2.8264,1,1.846,-0.9805,-0.009805,False
2015-11-01,AMT,buy_call,3.0196,1,-2.7879,-3.0196,-0.030196,False
2015-11-01,AMZN,buy_call,3.8265,1,6.2151,2.3886,0.023886,False
2015-11-01,AXP,skip,0.0,0,-1.8411,0.0,0.0,False
2015-11-01,BA,buy_call,3.0,1,-1.7694,-3.0,-0.03,False
2015-11-01,BAC,buy_call,3.1976,1,3.8736,0.676,0.00676,False
2015-11-01,BDX,buy_call,2.4594,1,5.4238,2.9644,0.029644,False
2015-11-01,BIIB,skip,0.0,0,-1.2564,0.0,0.0,False
2015-11-01,BLK,buy_call,2.7389,1,3.3383,0.5994,0.005994,False
2015-11-01,BMY,buy_call,2.8264,1,1.6073,-1.2191,-0.012191,False
2015-11-01,BRK-B,buy_call,1.809,1,-1.4189,-1.809,-0.01809,False
2015-11-01,C,buy_call,3.0,1,1.8233,-1.1767,-0.011767,False
2015-11-01,CAT,buy_call,3.2317,1,0.6465,-2.5852,-0.025852,False
2015-11-01,CL,buy_call,2.0993,1,-0.4456,-2.0993,-0.020993,False
2015-11-01,CMCSA,buy_call,3.1005,1,-2.3951,-3.1005,-0.031005,False
2015-11-01,COST,buy_call,2.5784,1,2.087,-0.4914,-0.004914,False
2015-11-01,CRM,buy_call,3.8947,1,2.5479,-1.3468,-0.013468,False
2015-11-01,CSCO,buy_call,3.0196,1,-4.7842,-3.0196,-0.030196,False
2015-11-01,CTSH,buy_call,3.0196,1,-5.1828,-3.0196,-0.030196,False
2015-11-01,CVS,buy_call,2.9729,1,-4.4248,-2.9729,-0.029729,False
2015-11-01,CVX,buy_call,3.0632,1,0.4842,-2.579,-0.02579,False
2015-11-01,DD,buy_call,3.0196,1,0.8902,-2.1293,-0.021293,False
2015-11-01,DHR,buy_call,2.4594,1,3.3008,0.8414,0.008414,False
2015-11-01,DIS,buy_call,3.3259,1,-0.2374,-3.3259,-0.033259,False
2015-11-01,ELV,skip,0.0,0,-6.3026,0.0,0.0,False
2015-11-01,EOG,buy_call,3.2317,1,-2.627,-3.2317,-0.032317,False
2015-11-01,F,buy_call,3.2317,1,-2.2564,-3.2317,-0.032317,False
2015-11-01,FDX,buy_call,3.0196,1,1.5956,-1.424,-0.01424,False
2015-11-01,GE,buy_call,3.2317,1,3.527,0.2952,0.002952,False
2015-11-01,GILD,buy_call,2.8264,1,-2.0068,-2.8264,-0.028264,False
2015-11-01,GIS,buy_call,2.2339,1,0.1891,-2.0448,-0.020448,False
2015-11-01,GM,buy_call,3.2317,1,3.6952,0.4635,0.004635,False
2015-11-01,GOOGL,buy_call,3.4858,1,3.4527,-0.0331,-0.000331,False
2015-11-01,GS,buy_call,2.7389,1,1.3439,-1.3949,-0.013949,False
2015-11-01,HAL,buy_call,3.2317,1,3.8301,0.5984,0.005984,False
2015-11-01,HD,buy_call,2.7959,1,8.2821,5.4862,0.054862,False
2015-11-01,HON,buy_call,3.0196,1,0.6487,-2.3709,-0.023709,False
2015-11-01,IBM,skip,0.0,0,-0.4711,0.0,0.0,False
2015-11-01,INTC,buy_call,4.1737,1,2.6875,-1.4862,-0.014862,False
2015-11-01,ITW,buy_call,3.0196,1,2.2188,-0.8008,-0.008008,False
2015-11-01,JNJ,buy_call,2.057,1,0.2078,-1.8492,-0.018492,False
2015-11-01,JPM,buy_call,2.7389,1,4.531,1.7921,0.017921,False
2015-11-01,KO,buy_call,1.9747,1,0.6375,-1.3372,-0.013372,False
2015-11-01,LLY,skip,0.0,0,0.5762,0.0,0.0,False
2015-11-01,LMT,buy_call,3.2317,1,-0.3048,-3.2317,-0.032317,False
2015-11-01,LOW,buy_call,2.7959,1,4.1525,1.3566,0.013566,False
2015-11-01,LYB,buy_call,3.2317,1,3.1321,-0.0997,-0.000997,False
2015-11-01,MA,buy_call,2.7116,1,-0.9121,-2.7116,-0.027116,False
2015-11-01,MCD,buy_call,1.9747,1,1.7016,-0.2732,-0.002732,False
2015-11-01,MDLZ,buy_call,2.2339,1,-5.4159,-2.2339,-0.022339,False
2015-11-01,MDT,buy_call,2.4594,1,1.921,-0.5384,-0.005384,False
2015-11-01,MET,buy_call,2.7389,1,1.4093,-1.3296,-0.013296,False
2015-11-01,META,buy_call,4.3383,1,2.2261,-2.1121,-0.021121,False
2015-11-01,MMM,buy_call,3.0196,1,-0.4008,-3.0196,-0.030196,False
2015-11-01,MO,buy_call,2.2339,1,-4.7461,-2.2339,-0.022339,False
2015-11-01,MRK,buy_call,2.7192,1,-3.0186,-2.7192,-0.027192,False
2015-11-01,MS,buy_call,2.7389,1,4.5204,1.7815,0.017815,False
2015-11-01,MSFT,buy_call,2.8745,1,3.2485,0.374,0.00374,False
2015-11-01,NEE,buy_call,1.9747,1,-2.7274,-1.9747,-0.019747,False
2015-11-01,NFLX,buy_call,4.4729,1,13.7941,9.3212,0.093212,False
2015-11-01,NKE,buy_call,3.5085,1,0.954,-2.5545,-0.025545,False
2015-11-01,ORCL,buy_call,3.5955,1,0.7335,-2.862,-0.02862,False
2015-11-01,PEP,buy_call,2.2339,1,-1.9865,-2.2339,-0.022339,False
2015-11-01,PFE,buy_call,2.8264,1,-3.1047,-2.8264,-0.028264,False
2015-11-01,PG,buy_call,2.0993,1,-1.1356,-2.0993,-0.020993,False
2015-11-01,PM,buy_call,2.2339,1,-1.1425,-2.2339,-0.022339,False
2015-11-01,PPL,buy_call,1.9747,1,-1.0465,-1.9747,-0.019747,False
2015-11-01,PRU,buy_call,2.7389,1,4.9091,2.1702,0.021702,False
2015-11-01,QCOM,buy_call,4.254,1,-17.8896,-4.254,-0.04254,False
2015-11-01,SBUX,buy_call,1.9747,1,-1.8859,-1.9747,-0.019747,False
2015-11-01,SLB,buy_call,3.2317,1,-1.2922,-3.2317,-0.032317,False
2015-11-01,SO,buy_call,1.9747,1,-1.2417,-1.9747,-0.019747,False
2015-11-01,SPG,buy_call,3.0196,1,-7.5549,-3.0196,-0.030196,False
2015-11-01,T,buy_call,3.1005,1,2.3903,-0.7103,-0.007103,False
2015-11-01,TGT,skip,0.0,0,-6.0638,0.0,0.0,False
2015-11-01,TMO,buy_call,2.8279,1,5.8265,2.9986,0.029986,False
2015-11-01,TXN,buy_call,4.1737,1,3.1391,-1.0346,-0.010346,False
2015-11-01,UNH,buy_call,2.9729,1,-4.3046,-2.9729,-0.029729,False
2015-11-01,UNP,buy_call,3.2317,1,-6.0436,-3.2317,-0.032317,False
2015-11-01,USB,buy_call,2.7389,1,4.0541,1.3152,0.013152,False
2015-11-01,V,buy_call,2.5501,1,1.8432,-0.7068,-0.007068,False
2015-11-01,VZ,buy_call,3.1005,1,-1.791,-3.1005,-0.031005,False
2015-11-01,WFC,buy_call,3.4824,1,1.7732,-1.7092,-0.017092,False
2015-11-01,WMT,skip,0.0,0,2.7952,0.0,0.0,False
2015-11-01,XOM,buy_call,3.2317,1,-1.3053,-3.2317,-0.032317,False
2015-12-01,AAPL,skip,0.0,0,-10.642,0.0,0.0,True
2015-12-01,ABBV,skip,0.0,0,1.8744,0.0,0.0,True
2015-12-01,ABT,buy_call,2.4594,2,-0.0222,-2.4594,-0.049188,True
2015-12-01,ADBE,buy_call,2.8745,2,2.7116,-0.1629,-0.003258,True
2015-12-01,ADP,skip,0.0,0,-1.7853,0.0,0.0,True
2015-12-01,AMGN,buy_call,2.8264,2,1.2736,-1.5528,-0.031056,True
2015-12-01,AMT,skip,0.0,0,-2.4452,0.0,0.0,True
2015-12-01,AMZN,buy_call,3.8265,2,1.6682,-2.1583,-0.043166,True
2015-12-01,AXP,skip,0.0,0,-2.9174,0.0,0.0,True
2015-12-01,BA,skip,0.0,0,0.0234,0.0,0.0,True
2015-12-01,BAC,buy_call,3.1976,2,-3.4424,-3.1976,-0.063952,True
2015-12-01,BDX,buy_call,2.4594,2,2.5557,0.0964,0.001928,True
2015-12-01,BIIB,skip,0.0,0,6.7943,0.0,0.0,True
2015-12-01,BLK,buy_call,2.7389,2,-6.3785,-2.7389,-0.054778,True
2015-12-01,BMY,buy_call,2.8264,2,2.6563,-0.1701,-0.003402,True
2015-12-01,BRK-B,skip,0.0,0,-1.5288,0.0,0.0,True
2015-12-01,C,buy_call,3.0,2,-4.3262,-3.0,-0.06,True
2015-12-01,CAT,buy_call,3.2317,2,-6.4556,-3.2317,-0.064634,True
2015-12-01,CL,skip,0.0,0,1.4312,0.0,0.0,True
2015-12-01,CMCSA,skip,0.0,0,-7.279,0.0,0.0,True
2015-12-01,COST,buy_call,2.5784,2,0.3081,-2.2703,-0.045406,True
2015-12-01,CRM,buy_call,3.8947,2,-1.6188,-3.8947,-0.077894,True
2015-12-01,CSCO,skip,0.0,0,-0.3303,0.0,0.0,True
2015-12-01,CTSH,skip,0.0,0,-7.061,0.0,0.0,True
2015-12-01,CVS,skip,0.0,0,3.9111,0.0,0.0,True
2015-12-01,CVX,buy_call,3.0632,2,-0.2861,-3.0632,-0.061264,True
2015-12-01,DD,buy_call,3.0196,2,-1.2469,-3.0196,-0.060392,True
2015-12-01,DHR,buy_call,2.4594,2,-3.6414,-2.4594,-0.049188,True
2015-12-01,DIS,skip,0.0,0,-7.394,0.0,0.0,True
2015-12-01,ELV,skip,0.0,0,6.9489,0.0,0.0,True
2015-12-01,EOG,skip,0.0,0,-15.1504,0.0,0.0,True
2015-12-01,F,skip,0.0,0,-1.6748,0.0,0.0,True
2015-12-01,FDX,buy_call,3.0196,2,-6.0237,-3.0196,-0.060392,True
2015-12-01,GE,buy_call,3.2317,2,4.0414,0.8096,0.016192,True
2015-12-01,GILD,skip,0.0,0,-4.5017,0.0,0.0,True
2015-12-01,GIS,buy_call,2.2339,2,-0.1732,-2.2339,-0.044678,True
2015-12-01,GM,buy_call,3.2317,2,-6.0497,-3.2317,-0.064634,True
2015-12-01,GOOGL,buy_call,3.4858,2,1.9873,-1.4986,-0.029972,True
2015-12-01,GS,buy_call,2.7389,2,-4.8273,-2.7389,-0.054778,True
2015-12-01,HAL,buy_call,3.2317,2,-14.5797,-3.2317,-0.064634,True
2015-12-01,HD,buy_call,2.7959,2,-1.2175,-2.7959,-0.055918,True
2015-12-01,HON,buy_call,3.0196,2,0.2136,-2.806,-0.05612,True
2015-12-01,IBM,skip,0.0,0,-0.3652,0.0,0.0,True
2015-12-01,INTC,buy_call,4.1737,2,-0.2224,-4.1737,-0.083474,True
2015-12-01,ITW,buy_call,3.0196,2,-1.3833,-3.0196,-0.060392,True
2015-12-01,JNJ,buy_call,2.057,2,2.2098,0.1528,0.003056,True
2015-12-01,JPM,buy_call,2.7389,2,-0.9748,-2.7389,-0.054778,True
2015-12-01,KO,buy_call,1.9747,2,1.5708,-0.404,-0.00808,True
2015-12-01,LLY,buy_call,3.5202,2,3.3572,-0.163,-0.00326,True
2015-12-01,LMT,skip,0.0,0,-0.1878,0.0,0.0,True
2015-12-01,LOW,buy_call,2.7959,2,-0.7311,-2.7959,-0.055918,True
2015-12-01,LYB,buy_call,3.2317,2,-8.5589,-3.2317,-0.064634,True
2015-12-01,MA,skip,0.0,0,-0.5719,0.0,0.0,True
2015-12-01,MCD,buy_call,1.9747,2,4.2977,2.323,0.04646,True
2015-12-01,MDLZ,skip,0.0,0,2.7027,0.0,0.0,True
2015-12-01,MDT,buy_call,2.4594,2,2.0972,-0.3622,-0.007244,True
2015-12-01,MET,buy_call,2.7389,2,-4.9436,-2.7389,-0.054778,True
2015-12-01,META,buy_call,4.3383,2,0.4029,-3.9354,-0.078708,True
2015-12-01,MMM,skip,0.0,0,-3.1615,0.0,0.0,True
2015-12-01,MO,skip,0.0,0,1.059,0.0,0.0,True
2015-12-01,MRK,skip,0.0,0,-0.3585,0.0,0.0,True
2015-12-01,MS,buy_call,2.7389,2,-7.2595,-2.7389,-0.054778,True
2015-12-01,MSFT,buy_call,2.8745,2,2.7671,-0.1073,-0.002146,True
2015-12-01,NEE,skip,0.0,0,4.839,0.0,0.0,True
2015-12-01,NFLX,buy_call,4.4729,2,-7.257,-4.4729,-0.089458,True
2015-12-01,NKE,buy_call,3.5085,2,-5.5035,-3.5085,-0.07017,True
2015-12-01,ORCL,buy_call,3.5955,2,-6.2612,-3.5955,-0.07191,True
2015-12-01,PEP,skip,0.0,0,-0.2396,0.0,0.0,True
2015-12-01,PFE,skip,0.0,0,-0.7002,0.0,0.0,True
2015-12-01,PG,skip,0.0,0,6.1064,0.0,0.0,True
2015-12-01,PM,skip,0.0,0,0.595,0.0,0.0,True
2015-12-01,PPL,skip,0.0,0,0.2644,0.0,0.0,True
2015-12-01,PRU,buy_call,2.7389,2,-5.1793,-2.7389,-0.054778,True
2015-12-01,QCOM,skip,0.0,0,3.4711,0.0,0.0,True
2015-12-01,SBUX,skip,0.0,0,-1.8987,0.0,0.0,True
2015-12-01,SLB,skip,0.0,0,-9.0034,0.0,0.0,True
2015-12-01,SO,skip,0.0,0,6.3339,0.0,0.0,True
2015-12-01,SPG,skip,0.0,0,5.2732,0.0,0.0,True
2015-12-01,T,buy_call,3.1005,2,2.1978,-0.9027,-0.018054,True
2015-12-01,TGT,skip,0.0,0,0.938,0.0,0.0,True
2015-12-01,TMO,buy_call,2.8279,2,2.4928,-0.3351,-0.006702,True
2015-12-01,TXN,buy_call,4.1737,2,-5.6951,-4.1737,-0.083474,True
2015-12-01,UNH,skip,0.0,0,4.3741,0.0,0.0,True
2015-12-01,UNP,skip,0.0,0,-6.2412,0.0,0.0,True
2015-12-01,USB,buy_call,2.7389,2,-2.7797,-2.7389,-0.054778,True
2015-12-01,V,buy_call,2.5501,2,-1.6715,-2.5501,-0.051002,True
2015-12-01,VZ,skip,0.0,0,1.6942,0.0,0.0,True
2015-12-01,WFC,buy_call,3.4824,2,-0.6649,-3.4824,-0.069648,True
2015-12-01,WMT,buy_call,2.4474,2,4.1808,1.7334,0.034668,True
2015-12-01,XOM,skip,0.0,0,-3.7111,0.0,0.0,True
2016-01-01,AAPL,skip,0.0,0,-7.5242,0.0,0.0,True
2016-01-01,ABBV,buy_call,2.8264,6,-7.3261,-2.8264,-0.169584,True
2016-01-01,ABT,skip,0.0,0,-15.7203,0.0,0.0,True
2016-01-01,ADBE,buy_call,2.8745,6,-5.1203,-2.8745,-0.17247,True
2016-01-01,ADP,skip,0.0,0,-1.3181,0.0,0.0,True
2016-01-01,AIG,skip,0.0,0,-8.4555,0.0,0.0,True
2016-01-01,AMGN,buy_call,2.8264,6,-5.9139,-2.8264,-0.169584,True
2016-01-01,AMT,skip,0.0,0,-2.1804,0.0,0.0,True
2016-01-01,AMZN,buy_call,3.8265,6,-13.1515,-3.8265,-0.22959,True
2016-01-01,AXP,skip,0.0,0,-23.0769,0.0,0.0,True
2016-01-01,BA,buy_call,3.0,6,-16.9168,-3.0,-0.18,True
2016-01-01,BAC,skip,0.0,0,-15.7468,0.0,0.0,True
2016-01-01,BDX,buy_call,2.4594,6,-5.252,-2.4594,-0.147564,True
2016-01-01,BIIB,buy_call,2.8264,6,-10.8667,-2.8264,-0.169584,True
2016-01-01,BLK,skip,0.0,0,-7.1553,0.0,0.0,True
2016-01-01,BMY,buy_call,2.8264,6,-9.143,-2.8264,-0.169584,True
2016-01-01,BRK-B,skip,0.0,0,-1.7192,0.0,0.0,True
2016-01-01,C,skip,0.0,0,-17.7198,0.0,0.0,True
2016-01-01,CAT,skip,0.0,0,-8.4167,0.0,0.0,True
2016-01-01,CL,buy_call,2.0993,6,1.3659,-0.7333,-0.043998,True
2016-01-01,COST,buy_call,2.5784,6,-6.4272,-2.5784,-0.154704,True
2016-01-01,CRM,skip,0.0,0,-13.1888,0.0,0.0,True
2016-01-01,CSCO,skip,0.0,0,-12.408,0.0,0.0,True
2016-01-01,CTSH,skip,0.0,0,5.4815,0.0,0.0,True
2016-01-01,CVS,buy_call,2.9729,6,-1.2069,-2.9729,-0.178374,True
2016-01-01,CVX,skip,0.0,0,-3.8795,0.0,0.0,True
2016-01-01,DHR,skip,0.0,0,-6.5736,0.0,0.0,True
2016-01-01,DIS,skip,0.0,0,-8.2278,0.0,0.0,True
2016-01-01,DUK,buy_call,1.9747,6,5.4769,3.5022,0.210132,True
2016-01-01,ELV,buy_call,2.9729,6,-5.9859,-2.9729,-0.178374,True
2016-01-01,EOG,skip,0.0,0,0.3249,0.0,0.0,True
2016-01-01,EQIX,buy_call,3.0196,6,3.2812,0.2617,0.015702,True
2016-01-01,FDX,skip,0.0,0,-10.6609,0.0,0.0,True
2016-01-01,GE,buy_call,3.2317,6,-5.8823,-3.2317,-0.193902,True
2016-01-01,GILD,skip,0.0,0,-17.6219,0.0,0.0,True
2016-01-01,GIS,skip,0.0,0,-1.9945,0.0,0.0,True
2016-01-01,GM,skip,0.0,0,-11.9312,0.0,0.0,True
2016-01-01,GOOGL,buy_call,3.4858,6,-2.1414,-3.4858,-0.209148,True
2016-01-01,GS,skip,0.0,0,-10.359,0.0,0.0,True
2016-01-01,HD,skip,0.0,0,-4.4864,0.0,0.0,True
2016-01-01,HON,buy_call,3.0196,6,-0.3572,-3.0196,-0.181176,True
2016-01-01,IBM,skip,0.0,0,-9.3228,0.0,0.0,True
2016-01-01,INTC,skip,0.0,0,-9.9565,0.0,0.0,True
2016-01-01,ITW,skip,0.0,0,-2.2425,0.0,0.0,True
2016-01-01,JNJ,buy_call,2.057,6,1.6745,-0.3825,-0.02295,True
2016-01-01,JPM,skip,0.0,0,-9.8895,0.0,0.0,True
2016-01-01,KO,buy_call,1.9747,6,-0.0931,-1.9747,-0.118482,True
2016-01-01,LLY,buy_call,3.5202,6,-6.1239,-3.5202,-0.211212,True
2016-01-01,LMT,skip,0.0,0,-2.8321,0.0,0.0,True
2016-01-01,LOW,skip,0.0,0,-5.7601,0.0,0.0,True
2016-01-01,LYB,skip,0.0,0,-10.2762,0.0,0.0,True
2016-01-01,MA,skip,0.0,0,-8.5558,0.0,0.0,True
2016-01-01,MCD,buy_call,1.9747,6,4.774,2.7993,0.167958,True
2016-01-01,MDLZ,buy_call,2.2339,6,-3.5165,-2.2339,-0.134034,True
2016-01-01,MDT,buy_call,2.4594,6,-0.8085,-2.4594,-0.147564,True
2016-01-01,MET,skip,0.0,0,-7.3843,0.0,0.0,True
2016-01-01,META,buy_call,4.3383,6,7.2138,2.8756,0.172536,True
2016-01-01,MMM,skip,0.0,0,0.239,0.0,0.0,True
2016-01-01,MO,buy_call,2.2339,6,6.0249,3.791,0.22746,True
2016-01-01,MRK,skip,0.0,0,-3.2414,0.0,0.0,True
2016-01-01,MS,skip,0.0,0,-18.6419,0.0,0.0,True
2016-01-01,MSFT,buy_call,2.8745,6,-0.7029,-2.8745,-0.17247,True
2016-01-01,NEE,buy_call,1.9747,6,7.5272,5.5524,0.333144,True
2016-01-01,NFLX,skip,0.0,0,-19.7062,0.0,0.0,True
2016-01-01,NKE,skip,0.0,0,-0.5435,0.0,0.0,True
2016-01-01,ORCL,skip,0.0,0,-0.6022,0.0,0.0,True
2016-01-01,PEP,skip,0.0,0,0.0757,0.0,0.0,True
2016-01-01,PFE,skip,0.0,0,-5.5452,0.0,0.0,True
2016-01-01,PG,buy_call,2.0993,6,2.8711,0.7718,0.046308,True
2016-01-01,PM,buy_call,2.2339,6,3.6046,1.3707,0.082242,True
2016-01-01,PPL,buy_call,1.9747,6,3.8947,1.92,0.1152,True
2016-01-01,PRU,skip,0.0,0,-13.9172,0.0,0.0,True
2016-01-01,PYPL,buy_call,2.7116,6,-0.1658,-2.7116,-0.162696,True
2016-01-01,QCOM,buy_call,4.254,6,-9.3018,-4.254,-0.25524,True
2016-01-01,SBUX,skip,0.0,0,1.2327,0.0,0.0,True
2016-01-01,SCHW,skip,0.0,0,-22.4719,0.0,0.0,True
2016-01-01,SLB,skip,0.0,0,3.6129,0.0,0.0,True
2016-01-01,SO,buy_call,1.9747,6,4.5523,2.5775,0.15465,True
2016-01-01,SPG,buy_call,3.0196,6,-4.1967,-3.0196,-0.181176,True
2016-01-01,SYK,skip,0.0,0,7.115,0.0,0.0,True
2016-01-01,T,buy_call,3.1005,6,4.7951,1.6946,0.101676,True
2016-01-01,TGT,buy_call,2.4474,6,-0.2617,-2.4474,-0.146844,True
2016-01-01,TMO,buy_call,2.8279,6,-6.7982,-2.8279,-0.169674,True
2016-01-01,TXN,skip,0.0,0,-3.43,0.0,0.0,True
2016-01-01,UNH,buy_call,2.9729,6,-1.6853,-2.9729,-0.178374,True
2016-01-01,UNP,skip,0.0,0,-7.9284,0.0,0.0,True
2016-01-01,USB,skip,0.0,0,-5.5573,0.0,0.0,True
2016-01-01,V,skip,0.0,0,-3.9459,0.0,0.0,True
2016-01-01,VZ,buy_call,3.1005,6,8.1134,5.0128,0.300768,True
2016-01-01,WFC,skip,0.0,0,-7.5975,0.0,0.0,True
2016-01-01,WMT,buy_call,2.4474,6,9.1613,6.7139,0.402834,True
2016-01-01,XOM,skip,0.0,0,-0.1283,0.0,0.0,True
2016-02-01,AAPL,skip,0.0,0,-0.6677,0.0,0.0,True
2016-02-01,ABBV,skip,0.0,0,0.5165,0.0,0.0,True
2016-02-01,ABT,skip,0.0,0,2.9973,0.0,0.0,True
2016-02-01,ADBE,skip,0.0,0,-4.4654,0.0,0.0,True
2016-02-01,ADP,skip,0.0,0,1.9256,0.0,0.0,True
2016-02-01,AIG,skip,0.0,0,-11.119,0.0,0.0,True
2016-02-01,AMGN,skip,0.0,0,-6.8421,0.0,0.0,True
2016-02-01,AMT,skip,0.0,0,-2.2684,0.0,0.0,True
2016-02-01,AMZN,skip,0.0,0,-5.8739,0.0,0.0,True
2016-02-01,AXP,skip,0.0,0,4.3425,0.0,0.0,True
2016-02-01,BA,skip,0.0,0,-1.6232,0.0,0.0,True
2016-02-01,BAC,skip,0.0,0,-11.4569,0.0,0.0,True
2016-02-01,BDX,skip,0.0,0,1.4308,0.0,0.0,True
2016-02-01,BIIB,skip,0.0,0,-4.9952,0.0,0.0,True
2016-02-01,BLK,skip,0.0,0,-0.7319,0.0,0.0,True
2016-02-01,BMY,skip,0.0,0,-0.37,0.0,0.0,True
2016-02-01,BRK-B,skip,0.0,0,3.3906,0.0,0.0,True
2016-02-01,C,skip,0.0,0,-8.6473,0.0,0.0,True
2016-02-01,CAT,skip,0.0,0,10.1344,0.0,0.0,True
2016-02-01,CL,buy_call,2.0993,20,-2.2037,-2.0993,-0.41986,True
2016-02-01,COST,skip,0.0,0,-0.7213,0.0,0.0,True
2016-02-01,CRM,skip,0.0,0,-0.4555,0.0,0.0,True
2016-02-01,CSCO,skip,0.0,0,10.9038,0.0,0.0,True
2016-02-01,CTSH,buy_call,3.0196,20,-9.9984,-3.0196,-0.60392,True
2016-02-01,CVS,skip,0.0,0,1.0523,0.0,0.0,True
2016-02-01,CVX,skip,0.0,0,-3.5041,0.0,0.0,True
2016-02-01,DHR,skip,0.0,0,3.0237,0.0,0.0,True
2016-02-01,DIS,skip,0.0,0,-0.3131,0.0,0.0,True
2016-02-01,DUK,buy_call,1.9747,20,-1.3545,-1.9747,-0.39494,True
2016-02-01,ELV,skip,0.0,0,0.1533,0.0,0.0,True
2016-02-01,EOG,buy_call,3.2317,20,-8.5986,-3.2317,-0.64634,True
2016-02-01,EQIX,buy_call,3.0196,20,-2.2153,-3.0196,-0.60392,True
2016-02-01,FDX,skip,0.0,0,3.0103,0.0,0.0,True
2016-02-01,GE,skip,0.0,0,0.1375,0.0,0.0,True
2016-02-01,GILD,skip,0.0,0,5.1204,0.0,0.0,True
2016-02-01,GIS,skip,0.0,0,4.9549,0.0,0.0,True
2016-02-01,GM,skip,0.0,0,-0.6748,0.0,0.0,True
2016-02-01,GOOGL,skip,0.0,0,-5.7963,0.0,0.0,True
2016-02-01,GS,skip,0.0,0,-7.4462,0.0,0.0,True
2016-02-01,HD,skip,0.0,0,-1.3041,0.0,0.0,True
2016-02-01,HON,skip,0.0,0,-1.7926,0.0,0.0,True
2016-02-01,IBM,skip,0.0,0,5.0004,0.0,0.0,True
2016-02-01,INTC,skip,0.0,0,-4.6099,0.0,0.0,True
2016-02-01,ITW,skip,0.0,0,4.6408,0.0,0.0,True
2016-02-01,JNJ,buy_call,2.057,20,0.7373,-1.3197,-0.26394,True
2016-02-01,JPM,skip,0.0,0,-4.7434,0.0,0.0,True
2016-02-01,KO,skip,0.0,0,0.4893,0.0,0.0,True
2016-02-01,LLY,skip,0.0,0,-8.976,0.0,0.0,True
2016-02-01,LMT,skip,0.0,0,2.2702,0.0,0.0,True
2016-02-01,LOW,skip,0.0,0,-5.3844,0.0,0.0,True
2016-02-01,LYB,skip,0.0,0,2.8729,0.0,0.0,True
2016-02-01,MA,skip,0.0,0,-2.1743,0.0,0.0,True
2016-02-01,MCD,buy_call,1.9747,20,-5.324,-1.9747,-0.39494,True
2016-02-01,MDLZ,skip,0.0,0,-5.9629,0.0,0.0,True
2016-02-01,MDT,skip,0.0,0,1.9363,0.0,0.0,True
2016-02-01,MET,skip,0.0,0,-11.3998,0.0,0.0,True
2016-02-01,META,buy_call,4.3383,20,-4.7144,-4.3383,-0.86766,True
2016-02-01,MMM,buy_call,3.0196,20,3.8874,0.8679,0.17358,True
2016-02-01,MO,buy_call,2.2339,20,0.7527,-1.4812,-0.29624,True
2016-02-01,MRK,skip,0.0,0,-0.9078,0.0,0.0,True
2016-02-01,MS,skip,0.0,0,-3.9945,0.0,0.0,True
2016-02-01,MSFT,skip,0.0,0,-7.6421,0.0,0.0,True
2016-02-01,NEE,buy_call,1.9747,20,0.9937,-0.9811,-0.19622,True
2016-02-01,NFLX,skip,0.0,0,1.7095,0.0,0.0,True
2016-02-01,NKE,skip,0.0,0,-0.6773,0.0,0.0,True
2016-02-01,ORCL,skip,0.0,0,1.712,0.0,0.0,True
2016-02-01,PEP,buy_call,2.2339,20,-1.4904,-2.2339,-0.44678,True
2016-02-01,PFE,skip,0.0,0,-2.6894,0.0,0.0,True
2016-02-01,PG,buy_call,2.0993,20,-0.8571,-2.0993,-0.41986,True
2016-02-01,PM,buy_call,2.2339,20,1.1332,-1.1007,-0.22014,True
2016-02-01,PPL,buy_call,1.9747,20,-0.1997,-1.9747,-0.39494,True
2016-02-01,PRU,skip,0.0,0,-5.6935,0.0,0.0,True
2016-02-01,PYPL,skip,0.0,0,5.534,0.0,0.0,True
2016-02-01,QCOM,skip,0.0,0,12.0203,0.0,0.0,True
2016-02-01,SBUX,buy_call,1.9747,20,-4.2126,-1.9747,-0.39494,True
2016-02-01,SCHW,skip,0.0,0,-1.8802,0.0,0.0,True
2016-02-01,SLB,buy_call,3.2317,20,-0.761,-3.2317,-0.64634,True
2016-02-01,SO,buy_call,1.9747,20,-1.5127,-1.9747,-0.39494,True
2016-02-01,SPG,skip,0.0,0,1.852,0.0,0.0,True
2016-02-01,SYK,buy_call,2.4594,20,0.7362,-1.7232,-0.34464,True
2016-02-01,T,buy_call,3.1005,20,4.3859,1.2854,0.25708,True
2016-02-01,TGT,skip,0.0,0,8.3264,0.0,0.0,True
2016-02-01,TMO,skip,0.0,0,-2.1732,0.0,0.0,True
2016-02-01,TXN,skip,0.0,0,0.9269,0.0,0.0,True
2016-02-01,UNH,skip,0.0,0,3.4213,0.0,0.0,True
2016-02-01,UNP,skip,0.0,0,9.5278,0.0,0.0,True
2016-02-01,USB,skip,0.0,0,-3.8442,0.0,0.0,True
2016-02-01,V,skip,0.0,0,-2.8192,0.0,0.0,True
2016-02-01,VZ,buy_call,3.1005,20,2.7696,-0.3309,-0.06618,True
2016-02-01,WFC,skip,0.0,0,-6.5897,0.0,0.0,True
2016-02-01,WMT,buy_call,2.4474,20,-0.0301,-2.4474,-0.48948,True
2016-02-01,XOM,skip,0.0,0,2.9544,0.0,0.0,True
2016-03-01,AAPL,skip,0.0,0,13.3327,0.0,0.0,True
2016-03-01,ABBV,buy_call,2.8264,24,4.5962,1.7698,0.424752,True
2016-03-01,ABT,buy_call,2.4594,24,7.9763,5.5169,1.324056,True
2016-03-01,ADBE,skip,0.0,0,10.1585,0.0,0.0,True
2016-03-01,ADP,buy_call,3.0196,24,5.9275,2.9079,0.697896,True
2016-03-01,AIG,skip,0.0,0,7.6693,0.0,0.0,True
2016-03-01,AMGN,skip,0.0,0,6.1095,0.0,0.0,True
2016-03-01,AMT,skip,0.0,0,11.0304,0.0,0.0,True
2016-03-01,AMZN,skip,0.0,0,7.4423,0.0,0.0,True
2016-03-01,AXP,buy_call,2.7116,24,10.4714,7.7597,1.862328,True
2016-03-01,BA,skip,0.0,0,8.4064,0.0,0.0,True
2016-03-01,BAC,skip,0.0,0,7.9872,0.0,0.0,True
2016-03-01,BDX,buy_call,2.4594,24,2.9637,0.5043,0.121032,True
2016-03-01,BIIB,skip,0.0,0,0.3469,0.0,0.0,True
2016-03-01,BLK,skip,0.0,0,9.1711,0.0,0.0,True
2016-03-01,BMY,skip,0.0,0,3.1487,0.0,0.0,True
2016-03-01,BRK-B,buy_call,1.809,24,5.7464,3.9375,0.945,True
2016-03-01,C,skip,0.0,0,7.4646,0.0,0.0,True
2016-03-01,CAT,buy_call,3.2317,24,13.0576,9.8259,2.358216,True
2016-03-01,CL,skip,0.0,0,7.6326,0.0,0.0,True
2016-03-01,COST,skip,0.0,0,5.3171,0.0,0.0,True
2016-03-01,CRM,skip,0.0,0,8.9742,0.0,0.0,True
2016-03-01,CSCO,buy_call,3.0196,24,8.7471,5.7275,1.3746,True
2016-03-01,CTSH,skip,0.0,0,10.0386,0.0,0.0,True
2016-03-01,CVS,buy_call,2.9729,24,6.7511,3.7782,0.906768,True
2016-03-01,CVX,skip,0.0,0,15.7838,0.0,0.0,True
2016-03-01,DHR,buy_call,2.4594,24,6.2619,3.8025,0.9126,True
2016-03-01,DIS,skip,0.0,0,3.9678,0.0,0.0,True
2016-03-01,DUK,skip,0.0,0,9.7633,0.0,0.0,True
2016-03-01,ELV,buy_call,2.9729,24,6.3509,3.378,0.81072,True
2016-03-01,EOG,skip,0.0,0,12.11,0.0,0.0,True
2016-03-01,EQIX,skip,0.0,0,8.8972,0.0,0.0,True
2016-03-01,FDX,buy_call,3.0196,24,18.8778,15.8583,3.805992,True
2016-03-01,GE,buy_call,3.2317,24,9.9674,6.7356,1.616544,True
2016-03-01,GILD,buy_call,2.8264,24,5.2837,2.4573,0.589752,True
2016-03-01,GIS,buy_call,2.2339,24,7.6466,5.4126,1.299024,True
2016-03-01,GM,skip,0.0,0,6.7595,0.0,0.0,True
2016-03-01,GOOGL,skip,0.0,0,6.369,0.0,0.0,True
2016-03-01,GS,skip,0.0,0,5.4384,0.0,0.0,True
2016-03-01,HD,skip,0.0,0,7.5008,0.0,0.0,True
2016-03-01,HON,skip,0.0,0,11.1865,0.0,0.0,True
2016-03-01,IBM,buy_call,3.0196,24,16.7649,13.7453,3.298872,True
2016-03-01,INTC,skip,0.0,0,10.2897,0.0,0.0,True
2016-03-01,ITW,buy_call,3.0196,24,8.6897,5.6701,1.360824,True
2016-03-01,JNJ,buy_call,2.057,24,3.5872,1.5302,0.367248,True
2016-03-01,JPM,skip,0.0,0,5.1865,0.0,0.0,True
2016-03-01,KO,buy_call,1.9747,24,7.5585,5.5837,1.340088,True
2016-03-01,LLY,skip,0.0,0,0.7105,0.0,0.0,True
2016-03-01,LMT,buy_call,3.2317,24,3.4216,0.1899,0.045576,True
2016-03-01,LOW,skip,0.0,0,12.1724,0.0,0.0,True
2016-03-01,LYB,buy_call,3.2317,24,7.7692,4.5374,1.088976,True
2016-03-01,MA,skip,0.0,0,8.7207,0.0,0.0,True
2016-03-01,MCD,skip,0.0,0,8.0571,0.0,0.0,True
2016-03-01,MDLZ,skip,0.0,0,-1.0116,0.0,0.0,True
2016-03-01,MDT,buy_call,2.4594,24,-3.0883,-2.4594,-0.590256,True
2016-03-01,MET,skip,0.0,0,12.0545,0.0,0.0,True
2016-03-01,META,skip,0.0,0,6.7153,0.0,0.0,True
2016-03-01,MMM,buy_call,3.0196,24,6.9892,3.9696,0.952704,True
2016-03-01,MO,buy_call,2.2339,24,1.7704,-0.4636,-0.111264,True
2016-03-01,MRK,skip,0.0,0,5.3774,0.0,0.0,True
2016-03-01,MS,skip,0.0,0,1.255,0.0,0.0,True
2016-03-01,MSFT,skip,0.0,0,9.3289,0.0,0.0,True
2016-03-01,NEE,buy_call,1.9747,24,5.6846,3.7098,0.890352,True
2016-03-01,NFLX,buy_call,4.4729,24,9.4422,4.9693,1.192632,True
2016-03-01,NKE,skip,0.0,0,-0.1948,0.0,0.0,True
2016-03-01,ORCL,buy_call,3.5955,24,11.229,7.6335,1.83204,True
2016-03-01,PEP,skip,0.0,0,4.7639,0.0,0.0,True
2016-03-01,PFE,skip,0.0,0,0.9033,0.0,0.0,True
2016-03-01,PG,skip,0.0,0,2.5159,0.0,0.0,True
2016-03-01,PM,buy_call,2.2339,24,7.7776,5.5437,1.330488,True
2016-03-01,PPL,skip,0.0,0,8.8025,0.0,0.0,True
2016-03-01,PRU,skip,0.0,0,10.4442,0.0,0.0,True
2016-03-01,PYPL,buy_call,2.7116,24,1.2061,-1.5056,-0.361344,True
2016-03-01,QCOM,buy_call,4.254,24,1.6342,-2.6198,-0.628752,True
2016-03-01,SBUX,skip,0.0,0,2.8948,0.0,0.0,True
2016-03-01,SCHW,skip,0.0,0,12.1446,0.0,0.0,True
2016-03-01,SLB,skip,0.0,0,3.5829,0.0,0.0,True
2016-03-01,SO,skip,0.0,0,8.5662,0.0,0.0,True
2016-03-01,SPG,buy_call,3.0196,24,10.4537,7.4342,1.784208,True
2016-03-01,SYK,buy_call,2.4594,24,7.4189,4.9595,1.19028,True
2016-03-01,T,buy_call,3.1005,24,6.0081,2.9076,0.697824,True
2016-03-01,TGT,buy_call,2.4474,24,5.7523,3.3049,0.793176,True
2016-03-01,TMO,skip,0.0,0,9.5982,0.0,0.0,True
2016-03-01,TXN,buy_call,4.1737,24,8.2988,4.1251,0.990024,True
2016-03-01,UNH,buy_call,2.9729,24,8.2284,5.2555,1.26132,True
2016-03-01,UNP,buy_call,3.2317,24,1.5725,-1.6593,-0.398232,True
2016-03-01,USB,skip,0.0,0,5.3738,0.0,0.0,True
2016-03-01,V,skip,0.0,0,5.8584,0.0,0.0,True
2016-03-01,VZ,buy_call,3.1005,24,6.6036,3.503,0.84072,True
2016-03-01,WFC,skip,0.0,0,3.8667,0.0,0.0,True
2016-03-01,WMT,skip,0.0,0,3.2409,0.0,0.0,True
2016-03-01,XOM,buy_call,3.2317,24,5.2385,2.0068,0.481632,True
2016-04-01,AAPL,buy_call,3.1456,1,-13.9921,-3.1456,-0.031456,False
2016-04-01,ABBV,buy_call,2.8264,1,6.7927,3.9663,0.039663,False
2016-04-01,ABT,buy_call,2.4594,1,-7.0045,-2.4594,-0.024594,False
2016-04-01,ADBE,buy_call,2.8745,1,0.4478,-2.4267,-0.024267,False
2016-04-01,ADP,buy_call,3.0196,1,-0.8007,-3.0196,-0.030196,False
2016-04-01,AIG,buy_call,2.7389,1,3.9193,1.1804,0.011804,False
2016-04-01,AMGN,buy_call,2.8264,1,5.5827,2.7563,0.027563,False
2016-04-01,AMT,buy_call,3.0196,1,2.4519,-0.5677,-0.005677,False
2016-04-01,AMZN,buy_call,3.8265,1,11.1094,7.283,0.07283,False
2016-04-01,AXP,buy_call,2.7116,1,6.5635,3.8519,0.038519,False
2016-04-01,BA,buy_call,3.0,1,6.1919,3.1919,0.031919,False
2016-04-01,BAC,buy_call,3.1976,1,8.1021,4.9045,0.049045,False
2016-04-01,BDX,buy_call,2.4594,1,6.6915,4.2321,0.042321,False
2016-04-01,BIIB,buy_call,2.8264,1,5.6354,2.809,0.02809,False
2016-04-01,BLK,buy_call,2.7389,1,5.366,2.6271,0.026271,False
2016-04-01,BMY,buy_call,2.8264,1,13.666,10.8396,0.108396,False
2016-04-01,BRK-B,buy_call,1.809,1,2.5373,0.7284,0.007284,False
2016-04-01,C,buy_call,3.0,1,10.8503,7.8503,0.078503,False
2016-04-01,CAT,buy_call,3.2317,1,1.5417,-1.6901,-0.016901,False
2016-04-01,CL,buy_call,2.0993,1,0.3822,-1.7171,-0.017171,False
2016-04-01,COST,buy_call,2.5784,1,-5.997,-2.5784,-0.025784,False
2016-04-01,CRM,buy_call,3.8947,1,2.6683,-1.2264,-0.012264,False
2016-04-01,CSCO,buy_call,3.0196,1,-3.4422,-3.0196,-0.030196,False
2016-04-01,CTSH,buy_call,3.0196,1,-6.9059,-3.0196,-0.030196,False
2016-04-01,CVS,buy_call,2.9729,1,-3.1139,-2.9729,-0.029729,False
2016-04-01,CVX,buy_call,3.0632,1,7.1069,4.0437,0.040437,False
2016-04-01,DHR,buy_call,2.4594,1,2.1647,-0.2947,-0.002947,False
2016-04-01,DIS,buy_call,3.3259,1,3.9775,0.6516,0.006516,False
2016-04-01,DUK,buy_call,1.9747,1,-2.355,-1.9747,-0.019747,False
2016-04-01,ELV,buy_call,2.9729,1,1.7773,-1.1956,-0.011956,False
2016-04-01,EOG,buy_call,3.2317,1,13.833,10.6013,0.106013,False
2016-04-01,EQIX,buy_call,3.0196,1,0.4588,-2.5608,-0.025608,False
2016-04-01,FDX,buy_call,3.0196,1,1.6478,-1.3718,-0.013718,False
2016-04-01,GE,buy_call,3.2317,1,-3.2714,-3.2317,-0.032317,False
2016-04-01,GILD,buy_call,2.8264,1,-3.5107,-2.8264,-0.028264,False
2016-04-01,GIS,buy_call,2.2339,1,-3.1729,-2.2339,-0.022339,False
2016-04-01,GM,buy_call,3.2317,1,2.4461,-0.7856,-0.007856,False
2016-04-01,GOOGL,buy_call,3.4858,1,-7.2119,-3.4858,-0.034858,False
2016-04-01,GS,buy_call,2.7389,1,4.542,1.8031,0.018031,False
2016-04-01,HD,buy_call,2.7959,1,0.8966,-1.8994,-0.018994,False
2016-04-01,HON,buy_call,3.0196,1,1.9813,-1.0383,-0.010383,False
2016-04-01,IBM,buy_call,3.0196,1,-3.6382,-3.0196,-0.030196,False
2016-04-01,INTC,buy_call,4.1737,1,-6.3987,-4.1737,-0.041737,False
2016-04-01,ITW,buy_call,3.0196,1,2.5869,-0.4327,-0.004327,False
2016-04-01,JNJ,buy_call,2.057,1,3.5859,1.529,0.01529,False
2016-04-01,JPM,buy_call,2.7389,1,6.7207,3.9819,0.039819,False
2016-04-01,KO,buy_call,1.9747,1,-2.6743,-1.9747,-0.019747,False
2016-04-01,LLY,buy_call,3.5202,1,4.8882,1.368,0.01368,False
2016-04-01,LMT,buy_call,3.2317,1,4.912,1.6802,0.016802,False
2016-04-01,LOW,buy_call,2.7959,1,0.3565,-2.4394,-0.024394,False
2016-04-01,LYB,buy_call,3.2317,1,-3.4003,-3.2317,-0.032317,False
2016-04-01,MA,buy_call,2.7116,1,2.635,-0.0767,-0.000767,False
2016-04-01,MCD,buy_call,1.9747,1,0.6445,-1.3302,-0.013302,False
2016-04-01,MDLZ,skip,0.0,0,7.5423,0.0,0.0,False
2016-04-01,MDT,skip,0.0,0,6.0693,0.0,0.0,False
2016-04-01,MET,buy_call,2.7389,1,2.64,-0.0989,-0.000989,False
2016-04-01,META,buy_call,4.3383,1,3.0499,-1.2883,-0.012883,False
2016-04-01,MMM,buy_call,3.0196,1,0.4501,-2.5695,-0.025695,False
2016-04-01,MO,buy_call,2.2339,1,0.9854,-1.2485,-0.012485,False
2016-04-01,MRK,buy_call,2.7192,1,4.5545,1.8353,0.018353,False
2016-04-01,MS,buy_call,2.7389,1,8.1967,5.4578,0.054578,False
2016-04-01,MSFT,buy_call,2.8745,1,-9.7049,-2.8745,-0.028745,False
2016-04-01,NEE,buy_call,1.9747,1,-0.6423,-1.9747,-0.019747,False
2016-04-01,NFLX,buy_call,4.4729,1,-11.9339,-4.4729,-0.044729,False
2016-04-01,NKE,skip,0.0,0,-3.8686,0.0,0.0,False
2016-04-01,ORCL,buy_call,3.5955,1,-2.5666,-3.5955,-0.035955,False
2016-04-01,PEP,buy_call,2.2339,1,1.1862,-1.0477,-0.010477,False
2016-04-01,PFE,buy_call,2.8264,1,10.3576,7.5312,0.075312,False
2016-04-01,PG,buy_call,2.0993,1,-2.6607,-2.0993,-0.020993,False
2016-04-01,PM,buy_call,2.2339,1,1.0557,-1.1782,-0.011782,False
2016-04-01,PPL,buy_call,1.9747,1,-0.0765,-1.9747,-0.019747,False
2016-04-01,PRU,buy_call,2.7389,1,7.5048,4.7659,0.047659,False
2016-04-01,PYPL,buy_call,2.7116,1,1.5026,-1.209,-0.01209,False
2016-04-01,QCOM,buy_call,4.254,1,-1.2124,-4.254,-0.04254,False
2016-04-01,SBUX,buy_call,1.9747,1,-5.8124,-1.9747,-0.019747,False
2016-04-01,SCHW,buy_call,2.7389,1,1.3918,-1.347,-0.01347,False
2016-04-01,SLB,buy_call,3.2317,1,8.9356,5.7039,0.057039,False
2016-04-01,SO,buy_call,1.9747,1,-3.151,-1.9747,-0.019747,False
2016-04-01,SPG,buy_call,3.0196,1,-3.1393,-3.0196,-0.030196,False
2016-04-01,SYK,buy_call,2.4594,1,1.972,-0.4874,-0.004874,False
2016-04-01,T,buy_call,3.1005,1,-0.8935,-3.1005,-0.031005,False
2016-04-01,TGT,buy_call,2.4474,1,-3.3787,-2.4474,-0.024474,False
2016-04-01,TMO,buy_call,2.8279,1,1.9895,-0.8383,-0.008383,False
2016-04-01,TXN,buy_call,4.1737,1,-0.6618,-4.1737,-0.041737,False
2016-04-01,UNH,buy_call,2.9729,1,2.5783,-0.3946,-0.003946,False
2016-04-01,UNP,buy_call,3.2317,1,9.6543,6.4226,0.064226,False
2016-04-01,USB,buy_call,2.7389,1,5.837,3.0981,0.030981,False
2016-04-01,V,buy_call,2.5501,1,0.9937,-1.5564,-0.015564,False
2016-04-01,VZ,buy_call,3.1005,1,-5.8062,-3.1005,-0.031005,False
2016-04-01,WFC,buy_call,3.4824,1,3.3499,-0.1325,-0.001325,False
2016-04-01,WMT,buy_call,2.4474,1,-1.6425,-2.4474,-0.024474,False
2016-04-01,XOM,buy_call,3.2317,1,5.7543,2.5225,0.025225,False
2016-05-01,AAPL,skip,0.0,0,6.5287,0.0,0.0,True
2016-05-01,ABBV,buy_call,2.8264,2,4.1553,1.3288,0.026576,True
2016-05-01,ABT,skip,0.0,0,2.4989,0.0,0.0,True
2016-05-01,ADBE,buy_call,2.8745,2,5.5721,2.6976,0.053952,True
2016-05-01,ADP,skip,0.0,0,-0.6784,0.0,0.0,True
2016-05-01,AIG,buy_call,2.7389,2,3.6904,0.9516,0.019032,True
2016-05-01,AMGN,buy_call,2.8264,2,-0.2211,-2.8264,-0.056528,True
2016-05-01,AMT,buy_call,3.0196,2,1.3504,-1.6692,-0.033384,True
2016-05-01,AMZN,buy_call,3.8265,2,9.5817,5.7552,0.115104,True
2016-05-01,AXP,buy_call,2.7116,2,0.991,-1.7207,-0.034414,True
2016-05-01,BA,buy_call,3.0,2,-6.4169,-3.0,-0.06,True
2016-05-01,BAC,buy_call,3.1976,2,1.5797,-1.6179,-0.032358,True
2016-05-01,BDX,buy_call,2.4594,2,3.2184,0.759,0.01518,True
2016-05-01,BIIB,buy_call,2.8264,2,5.3602,2.5338,0.050676,True
2016-05-01,BLK,buy_call,2.7389,2,2.1104,-0.6284,-0.012568,True
2016-05-01,BMY,buy_call,2.8264,2,-0.665,-2.8264,-0.056528,True
2016-05-01,BRK-B,buy_call,1.809,2,-3.3957,-1.809,-0.03618,True
2016-05-01,C,buy_call,3.0,2,0.733,-2.267,-0.04534,True
2016-05-01,CAT,buy_call,3.2317,2,-5.7939,-3.2317,-0.064634,True
2016-05-01,CL,buy_call,2.0993,2,-0.1758,-2.0993,-0.041986,True
2016-05-01,COST,skip,0.0,0,0.7291,0.0,0.0,True
2016-05-01,CRM,buy_call,3.8947,2,10.4353,6.5406,0.130812,True
2016-05-01,CSCO,skip,0.0,0,6.6412,0.0,0.0,True
2016-05-01,CTSH,skip,0.0,0,5.2596,0.0,0.0,True
2016-05-01,CVS,skip,0.0,0,-3.634,0.0,0.0,True
2016-05-01,CVX,buy_call,3.0632,2,-1.1548,-3.0632,-0.061264,True
2016-05-01,DHR,buy_call,2.4594,2,1.6641,-0.7953,-0.015906,True
2016-05-01,DIS,buy_call,3.3259,2,-3.9125,-3.3259,-0.066518,True
2016-05-01,DUK,skip,0.0,0,-0.6982,0.0,0.0,True
2016-05-01,ELV,buy_call,2.9729,2,-6.1163,-2.9729,-0.059458,True
2016-05-01,EOG,buy_call,3.2317,2,-1.3112,-3.2317,-0.064634,True
2016-05-01,EQIX,buy_call,3.0196,2,9.5808,6.5612,0.131224,True
2016-05-01,FDX,buy_call,3.0196,2,-0.0848,-3.0196,-0.060392,True
2016-05-01,GE,skip,0.0,0,-1.6911,0.0,0.0,True
2016-05-01,GILD,skip,0.0,0,-1.3037,0.0,0.0,True
2016-05-01,GIS,skip,0.0,0,3.0869,0.0,0.0,True
2016-05-01,GM,buy_call,3.2317,2,-1.6352,-3.2317,-0.064634,True
2016-05-01,GOOGL,skip,0.0,0,5.7877,0.0,0.0,True
2016-05-01,GS,buy_call,2.7389,2,-2.8213,-2.7389,-0.054778,True
2016-05-01,HD,buy_call,2.7959,2,-1.322,-2.7959,-0.055918,True
2016-05-01,HON,buy_call,3.0196,2,-0.3851,-3.0196,-0.060392,True
2016-05-01,IBM,skip,0.0,0,5.3447,0.0,0.0,True
2016-05-01,INTC,skip,0.0,0,4.3263,0.0,0.0,True
2016-05-01,ITW,buy_call,3.0196,2,1.4447,-1.5749,-0.031498,True
2016-05-01,JNJ,buy_call,2.057,2,0.5443,-1.5127,-0.030254,True
2016-05-01,JPM,buy_call,2.7389,2,4.0399,1.301,0.02602,True
2016-05-01,KO,skip,0.0,0,-0.4465,0.0,0.0,True
2016-05-01,LLY,buy_call,3.5202,2,-0.662,-3.5202,-0.070404,True
2016-05-01,LMT,buy_call,3.2317,2,1.6568,-1.575,-0.0315,True
2016-05-01,LOW,buy_call,2.7959,2,5.7895,2.9936,0.059872,True
2016-05-01,LYB,skip,0.0,0,-1.5846,0.0,0.0,True
2016-05-01,MA,buy_call,2.7116,2,-0.9243,-2.7116,-0.054232,True
2016-05-01,MCD,buy_call,1.9747,2,-3.5023,-1.9747,-0.039494,True
2016-05-01,MDLZ,buy_call,2.2339,2,3.5614,1.3275,0.02655,True
2016-05-01,MDT,buy_call,2.4594,2,1.6803,-0.7791,-0.015582,True
2016-05-01,MET,buy_call,2.7389,2,0.9978,-1.7411,-0.034822,True
2016-05-01,META,buy_call,4.3383,2,1.0461,-3.2922,-0.065844,True
2016-05-01,MMM,buy_call,3.0196,2,0.5616,-2.458,-0.04916,True
2016-05-01,MO,buy_call,2.2339,2,1.483,-0.7509,-0.015018,True
2016-05-01,MRK,buy_call,2.7192,2,2.5894,-0.1298,-0.002596,True
2016-05-01,MS,buy_call,2.7389,2,1.6993,-1.0395,-0.02079,True
2016-05-01,MSFT,skip,0.0,0,6.2763,0.0,0.0,True
2016-05-01,NEE,skip,0.0,0,2.1602,0.0,0.0,True
2016-05-01,NFLX,skip,0.0,0,13.9287,0.0,0.0,True
2016-05-01,NKE,skip,0.0,0,-6.3115,0.0,0.0,True
2016-05-01,ORCL,skip,0.0,0,1.2289,0.0,0.0,True
2016-05-01,PEP,buy_call,2.2339,2,-1.7385,-2.2339,-0.044678,True
2016-05-01,PFE,buy_call,2.8264,2,6.0838,3.2573,0.065146,True
2016-05-01,PG,skip,0.0,0,1.9769,0.0,0.0,True
2016-05-01,PM,buy_call,2.2339,2,0.5707,-1.6632,-0.033264,True
2016-05-01,PPL,skip,0.0,0,2.3911,0.0,0.0,True
2016-05-01,PRU,buy_call,2.7389,2,2.0737,-0.6652,-0.013304,True
2016-05-01,PYPL,buy_call,2.7116,2,-3.5477,-2.7116,-0.054232,True
2016-05-01,QCOM,skip,0.0,0,8.7094,0.0,0.0,True
2016-05-01,SBUX,skip,0.0,0,-2.3831,0.0,0.0,True
2016-05-01,SCHW,buy_call,2.7389,2,7.6382,4.8993,0.097986,True
2016-05-01,SLB,buy_call,3.2317,2,-5.0286,-3.2317,-0.064634,True
2016-05-01,SO,skip,0.0,0,-1.3174,0.0,0.0,True
2016-05-01,SPG,skip,0.0,0,-1.7547,0.0,0.0,True
2016-05-01,SYK,buy_call,2.4594,2,1.9723,-0.4871,-0.009742,True
2016-05-01,T,skip,0.0,0,2.5125,0.0,0.0,True
2016-05-01,TGT,skip,0.0,0,-13.4843,0.0,0.0,True
2016-05-01,TMO,buy_call,2.8279,2,5.2132,2.3853,0.047706,True
2016-05-01,TXN,skip,0.0,0,6.9193,0.0,0.0,True
2016-05-01,UNH,buy_call,2.9729,2,1.5112,-1.4617,-0.029234,True
2016-05-01,UNP,buy_call,3.2317,2,-3.4851,-3.2317,-0.064634,True
2016-05-01,USB,buy_call,2.7389,2,0.3045,-2.4344,-0.048688,True
2016-05-01,V,buy_call,2.5501,2,2.2009,-0.3492,-0.006984,True
2016-05-01,VZ,skip,0.0,0,0.9762,0.0,0.0,True
2016-05-01,WFC,buy_call,3.4824,2,1.4806,-2.0018,-0.040036,True
2016-05-01,WMT,skip,0.0,0,5.8471,0.0,0.0,True
2016-05-01,XOM,buy_call,3.2317,2,0.7013,-2.5304,-0.050608,True
2016-06-01,AAPL,buy_call,3.1456,2,-3.6831,-3.1456,-0.062912,True
2016-06-01,ABBV,buy_call,2.8264,2,-1.6209,-2.8264,-0.056528,True
2016-06-01,ABT,buy_call,2.4594,2,-0.8074,-2.4594,-0.049188,True
2016-06-01,ADBE,buy_call,2.8745,2,-3.6996,-2.8745,-0.05749,True
2016-06-01,ADP,skip,0.0,0,4.5879,0.0,0.0,True
2016-06-01,AIG,buy_call,2.7389,2,-8.6213,-2.7389,-0.054778,True
2016-06-01,AMGN,skip,0.0,0,-3.0379,0.0,0.0,True
2016-06-01,AMT,buy_call,3.0196,2,7.4022,4.3826,0.087652,True
2016-06-01,AMZN,buy_call,3.8265,2,-0.992,-3.8265,-0.07653,True
2016-06-01,AXP,buy_call,2.7116,2,-7.6034,-2.7116,-0.054232,True
2016-06-01,BA,skip,0.0,0,3.7886,0.0,0.0,True
2016-06-01,BAC,buy_call,3.1976,2,-10.2772,-3.1976,-0.063952,True
2016-06-01,BDX,buy_call,2.4594,2,1.8864,-0.573,-0.01146,True
2016-06-01,BIIB,buy_call,2.8264,2,-16.5361,-2.8264,-0.056528,True
2016-06-01,BLK,buy_call,2.7389,2,-5.8596,-2.7389,-0.054778,True
2016-06-01,BMY,skip,0.0,0,2.5802,0.0,0.0,True
2016-06-01,BRK-B,skip,0.0,0,3.0241,0.0,0.0,True
2016-06-01,C,buy_call,3.0,2,-8.9757,-3.0,-0.06,True
2016-06-01,CAT,skip,0.0,0,4.5511,0.0,0.0,True
2016-06-01,CL,skip,0.0,0,3.9625,0.0,0.0,True
2016-06-01,COST,buy_call,2.5784,2,5.5589,2.9805,0.05961,True
2016-06-01,CRM,buy_call,3.8947,2,-5.1368,-3.8947,-0.077894,True
2016-06-01,CSCO,buy_call,3.0196,2,-1.2393,-3.0196,-0.060392,True
2016-06-01,CTSH,buy_call,3.0196,2,-6.836,-3.0196,-0.060392,True
2016-06-01,CVS,skip,0.0,0,-0.7361,0.0,0.0,True
2016-06-01,CVX,skip,0.0,0,4.8893,0.0,0.0,True
2016-06-01,DHR,buy_call,2.4594,2,2.6841,0.2247,0.004494,True
2016-06-01,DIS,skip,0.0,0,-1.411,0.0,0.0,True
2016-06-01,DUK,skip,0.0,0,10.8137,0.0,0.0,True
2016-06-01,ELV,skip,0.0,0,-0.6204,0.0,0.0,True
2016-06-01,EOG,skip,0.0,0,2.532,0.0,0.0,True
2016-06-01,EQIX,buy_call,3.0196,2,7.6538,4.6342,0.092684,True
2016-06-01,FDX,skip,0.0,0,-7.9954,0.0,0.0,True
2016-06-01,GE,skip,0.0,0,4.135,0.0,0.0,True
2016-06-01,GILD,skip,0.0,0,-4.181,0.0,0.0,True
2016-06-01,GIS,buy_call,2.2339,2,13.6031,11.3691,0.227382,True
2016-06-01,GM,skip,0.0,0,-9.5269,0.0,0.0,True
2016-06-01,GOOGL,buy_call,3.4858,2,-6.0519,-3.4858,-0.069716,True
2016-06-01,GS,skip,0.0,0,-6.4528,0.0,0.0,True
2016-06-01,HD,skip,0.0,0,-2.8525,0.0,0.0,True
2016-06-01,HON,skip,0.0,0,2.7197,0.0,0.0,True
2016-06-01,IBM,buy_call,3.0196,2,-0.3221,-3.0196,-0.060392,True
2016-06-01,INTC,buy_call,4.1737,2,4.7272,0.5535,0.01107,True
2016-06-01,ITW,buy_call,3.0196,2,-1.7637,-3.0196,-0.060392,True
2016-06-01,JNJ,buy_call,2.057,2,8.4089,6.3519,0.127038,True
2016-06-01,JPM,buy_call,2.7389,2,-4.7955,-2.7389,-0.054778,True
2016-06-01,KO,skip,0.0,0,1.6368,0.0,0.0,True
2016-06-01,LLY,skip,0.0,0,5.6589,0.0,0.0,True
2016-06-01,LMT,buy_call,3.2317,2,5.777,2.5452,0.050904,True
2016-06-01,LOW,buy_call,2.7959,2,-1.198,-2.7959,-0.055918,True
2016-06-01,LYB,skip,0.0,0,-7.5579,0.0,0.0,True
2016-06-01,MA,skip,0.0,0,-8.1752,0.0,0.0,True
2016-06-01,MCD,skip,0.0,0,-1.4092,0.0,0.0,True
2016-06-01,MDLZ,buy_call,2.2339,2,2.2926,0.0587,0.001174,True
2016-06-01,MDT,buy_call,2.4594,2,7.8156,5.3562,0.107124,True
2016-06-01,MET,buy_call,2.7389,2,-11.7543,-2.7389,-0.054778,True
2016-06-01,META,buy_call,4.3383,2,-3.8128,-4.3383,-0.086766,True
2016-06-01,MMM,buy_call,3.0196,2,4.7327,1.7131,0.034262,True
2016-06-01,MO,buy_call,2.2339,2,8.3595,6.1255,0.12251,True
2016-06-01,MRK,buy_call,2.7192,2,2.3996,-0.3196,-0.006392,True
2016-06-01,MS,buy_call,2.7389,2,-5.0786,-2.7389,-0.054778,True
2016-06-01,MSFT,buy_call,2.8745,2,-2.7776,-2.8745,-0.05749,True
2016-06-01,NEE,buy_call,1.9747,2,9.357,7.3822,0.147644,True
2016-06-01,NFLX,buy_call,4.4729,2,-10.8121,-4.4729,-0.089458,True
2016-06-01,NKE,skip,0.0,0,-0.0362,0.0,0.0,True
2016-06-01,ORCL,buy_call,3.5955,2,1.8159,-1.7796,-0.035592,True
2016-06-01,PEP,skip,0.0,0,4.7148,0.0,0.0,True
2016-06-01,PFE,buy_call,2.8264,2,2.3784,-0.448,-0.00896,True
2016-06-01,PG,buy_call,2.0993,2,4.4793,2.38,0.0476,True
2016-06-01,PM,buy_call,2.2339,2,3.0807,0.8467,0.016934,True
2016-06-01,PPL,buy_call,1.9747,2,-2.0498,-1.9747,-0.039494,True
2016-06-01,PRU,buy_call,2.7389,2,-9.1638,-2.7389,-0.054778,True
2016-06-01,PYPL,skip,0.0,0,-3.3872,0.0,0.0,True
2016-06-01,QCOM,buy_call,4.254,2,-1.5218,-4.254,-0.08508,True
2016-06-01,SBUX,skip,0.0,0,4.4268,0.0,0.0,True
2016-06-01,SCHW,buy_call,2.7389,2,-17.0261,-2.7389,-0.054778,True
2016-06-01,SLB,skip,0.0,0,4.3132,0.0,0.0,True
2016-06-01,SO,skip,0.0,0,9.6957,0.0,0.0,True
2016-06-01,SPG,skip,0.0,0,10.6124,0.0,0.0,True
2016-06-01,SYK,buy_call,2.4594,2,7.7996,5.3402,0.106804,True
2016-06-01,T,buy_call,3.1005,2,10.3704,7.2698,0.145396,True
2016-06-01,TGT,skip,0.0,0,2.2874,0.0,0.0,True
2016-06-01,TMO,buy_call,2.8279,2,-2.6422,-2.8279,-0.056558,True
2016-06-01,TXN,buy_call,4.1737,2,3.3829,-0.7908,-0.015816,True
2016-06-01,UNH,buy_call,2.9729,2,5.6333,2.6604,0.053208,True
2016-06-01,UNP,skip,0.0,0,4.3267,0.0,0.0,True
2016-06-01,USB,buy_call,2.7389,2,-5.8151,-2.7389,-0.054778,True
2016-06-01,V,buy_call,2.5501,2,-5.8762,-2.5501,-0.051002,True
2016-06-01,VZ,buy_call,3.1005,2,9.7053,6.6047,0.132094,True
2016-06-01,WFC,buy_call,3.4824,2,-5.9691,-3.4824,-0.069648,True
2016-06-01,WMT,buy_call,2.4474,2,3.9201,1.4727,0.029454,True
2016-06-01,XOM,buy_call,3.2317,2,6.1872,2.9555,0.05911,True
2016-07-01,AAPL,skip,0.0,0,9.0063,0.0,0.0,True
2016-07-01,ABBV,skip,0.0,0,6.9779,0.0,0.0,True
2016-07-01,ABT,skip,0.0,0,13.8387,0.0,0.0,True
2016-07-01,ADBE,skip,0.0,0,2.161,0.0,0.0,True
2016-07-01,ADP,buy_call,3.0196,4,-2.584,-3.0196,-0.120784,True
2016-07-01,AIG,skip,0.0,0,3.5125,0.0,0.0,True
2016-07-01,AMGN,skip,0.0,0,13.0661,0.0,0.0,True
2016-07-01,AMT,buy_call,3.0196,4,2.4056,-0.614,-0.02456,True
2016-07-01,AMZN,skip,0.0,0,6.0353,0.0,0.0,True
2016-07-01,AXP,skip,0.0,0,6.6235,0.0,0.0,True
2016-07-01,BA,buy_call,3.0,4,2.9183,-0.0817,-0.003268,True
2016-07-01,BAC,skip,0.0,0,9.5641,0.0,0.0,True
2016-07-01,BDX,buy_call,2.4594,4,4.1843,1.7249,0.068996,True
2016-07-01,BIIB,skip,0.0,0,19.895,0.0,0.0,True
2016-07-01,BLK,skip,0.0,0,7.6008,0.0,0.0,True
2016-07-01,BMY,buy_call,2.8264,4,2.2527,-0.5737,-0.022948,True
2016-07-01,BRK-B,buy_call,1.809,4,-0.3591,-1.809,-0.07236,True
2016-07-01,C,skip,0.0,0,3.3498,0.0,0.0,True
2016-07-01,CAT,buy_call,3.2317,4,9.1676,5.9359,0.237436,True
2016-07-01,CL,buy_call,2.0993,4,1.6803,-0.419,-0.01676,True
2016-07-01,COST,buy_call,2.5784,4,6.4824,3.904,0.15616,True
2016-07-01,CRM,skip,0.0,0,3.0097,0.0,0.0,True
2016-07-01,CSCO,skip,0.0,0,6.4134,0.0,0.0,True
2016-07-01,CTSH,skip,0.0,0,0.4368,0.0,0.0,True
2016-07-01,CVS,skip,0.0,0,-3.1544,0.0,0.0,True
2016-07-01,CVX,buy_call,3.0632,4,-2.2417,-3.0632,-0.122528,True
2016-07-01,DHR,buy_call,2.4594,4,6.529,4.0697,0.162788,True
2016-07-01,DIS,skip,0.0,0,-1.9117,0.0,0.0,True
2016-07-01,DUK,buy_call,1.9747,4,-0.2332,-1.9747,-0.078988,True
2016-07-01,ELV,skip,0.0,0,0.4915,0.0,0.0,True
2016-07-01,EOG,buy_call,3.2317,4,-2.0619,-3.2317,-0.129268,True
2016-07-01,EQIX,buy_call,3.0196,4,-3.8325,-3.0196,-0.120784,True
2016-07-01,FDX,skip,0.0,0,6.9342,0.0,0.0,True
2016-07-01,GE,buy_call,3.2317,4,-0.3306,-3.2317,-0.129268,True
2016-07-01,GILD,skip,0.0,0,-4.1989,0.0,0.0,True
2016-07-01,GIS,buy_call,2.2339,4,0.7992,-1.4347,-0.057388,True
2016-07-01,GM,skip,0.0,0,12.8675,0.0,0.0,True
2016-07-01,GOOGL,skip,0.0,0,12.4813,0.0,0.0,True
2016-07-01,GS,skip,0.0,0,6.8852,0.0,0.0,True
2016-07-01,HD,skip,0.0,0,8.2622,0.0,0.0,True
2016-07-01,HON,buy_call,3.0196,4,0.0086,-3.011,-0.12044,True
2016-07-01,IBM,skip,0.0,0,5.8242,0.0,0.0,True
2016-07-01,INTC,buy_call,4.1737,4,6.2805,2.1068,0.084272,True
2016-07-01,ITW,skip,0.0,0,11.4119,0.0,0.0,True
2016-07-01,JNJ,buy_call,2.057,4,3.2399,1.1829,0.047316,True
2016-07-01,JPM,skip,0.0,0,2.9449,0.0,0.0,True
2016-07-01,KO,buy_call,1.9747,4,-3.0121,-1.9747,-0.078988,True
2016-07-01,LLY,buy_call,3.5202,4,5.2572,1.737,0.06948,True
2016-07-01,LMT,buy_call,3.2317,4,1.8374,-1.3943,-0.055772,True
2016-07-01,LOW,skip,0.0,0,3.9282,0.0,0.0,True
2016-07-01,LYB,skip,0.0,0,1.1287,0.0,0.0,True
2016-07-01,MA,skip,0.0,0,8.1536,0.0,0.0,True
2016-07-01,MCD,skip,0.0,0,-1.5167,0.0,0.0,True
2016-07-01,MDLZ,buy_call,2.2339,4,-2.9632,-2.2339,-0.089356,True
2016-07-01,MDT,buy_call,2.4594,4,0.9912,-1.4682,-0.058728,True
2016-07-01,MET,skip,0.0,0,7.3061,0.0,0.0,True
2016-07-01,META,skip,0.0,0,8.4529,0.0,0.0,True
2016-07-01,MMM,buy_call,3.0196,4,1.8502,-1.1694,-0.046776,True
2016-07-01,MO,buy_call,2.2339,4,-0.9811,-2.2339,-0.089356,True
2016-07-01,MRK,buy_call,2.7192,4,2.6538,-0.0654,-0.002616,True
2016-07-01,MS,skip,0.0,0,10.5851,0.0,0.0,True
2016-07-01,MSFT,skip,0.0,0,10.7681,0.0,0.0,True
2016-07-01,NEE,buy_call,1.9747,4,-1.6181,-1.9747,-0.078988,True
2016-07-01,NFLX,skip,0.0,0,-0.2514,0.0,0.0,True
2016-07-01,NKE,skip,0.0,0,0.8372,0.0,0.0,True
2016-07-01,ORCL,buy_call,3.5955,4,0.2687,-3.3268,-0.133072,True
2016-07-01,PEP,buy_call,2.2339,4,3.5839,1.3499,0.053996,True
2016-07-01,PFE,buy_call,2.8264,4,4.7714,1.945,0.0778,True
2016-07-01,PG,buy_call,2.0993,4,1.0866,-1.0127,-0.040508,True
2016-07-01,PM,buy_call,2.2339,4,-0.4353,-2.2339,-0.089356,True
2016-07-01,PPL,skip,0.0,0,0.8708,0.0,0.0,True
2016-07-01,PRU,skip,0.0,0,5.5369,0.0,0.0,True
2016-07-01,PYPL,skip,0.0,0,1.9995,0.0,0.0,True
2016-07-01,QCOM,skip,0.0,0,16.8191,0.0,0.0,True
2016-07-01,SBUX,buy_call,1.9747,4,1.6282,-0.3466,-0.013864,True
2016-07-01,SCHW,skip,0.0,0,12.2876,0.0,0.0,True
2016-07-01,SLB,buy_call,3.2317,4,1.8209,-1.4108,-0.056432,True
2016-07-01,SO,buy_call,1.9747,4,-0.2424,-1.9747,-0.078988,True
2016-07-01,SPG,buy_call,3.0196,4,4.6749,1.6554,0.066216,True
2016-07-01,SYK,buy_call,2.4594,4,-2.6402,-2.4594,-0.098376,True
2016-07-01,T,buy_call,3.1005,4,0.1852,-2.9154,-0.116616,True
2016-07-01,TGT,buy_call,2.4474,4,7.8917,5.4443,0.217772,True
2016-07-01,TMO,skip,0.0,0,7.605,0.0,0.0,True
2016-07-01,TXN,buy_call,4.1737,4,11.3328,7.1591,0.286364,True
2016-07-01,UNH,buy_call,2.9729,4,1.8783,-1.0946,-0.043784,True
2016-07-01,UNP,buy_call,3.2317,4,6.6476,3.4158,0.136632,True
2016-07-01,USB,skip,0.0,0,5.2561,0.0,0.0,True
2016-07-01,V,skip,0.0,0,5.2312,0.0,0.0,True
2016-07-01,VZ,buy_call,3.1005,4,-0.77,-3.1005,-0.12402,True
2016-07-01,WFC,skip,0.0,0,1.3522,0.0,0.0,True
2016-07-01,WMT,buy_call,2.4474,4,-0.0685,-2.4474,-0.097896,True
2016-07-01,XOM,buy_call,3.2317,4,-5.1099,-3.2317,-0.129268,True
2016-08-01,AAPL,buy_call,3.1456,4,1.8136,-1.3319,-0.053276,True
2016-08-01,ABBV,buy_call,2.8264,4,-2.3664,-2.8264,-0.113056,True
2016-08-01,ABT,buy_call,2.4594,4,-5.5222,-2.4594,-0.098376,True
2016-08-01,ADBE,buy_call,2.8745,4,4.5473,1.6728,0.066912,True
2016-08-01,ADP,skip,0.0,0,0.9668,0.0,0.0,True
2016-08-01,AIG,buy_call,2.7389,4,9.9008,7.162,0.28648,True
2016-08-01,AMGN,buy_call,2.8264,4,-1.1452,-2.8264,-0.113056,True
2016-08-01,AMT,buy_call,3.0196,4,-2.0644,-3.0196,-0.120784,True
2016-08-01,AMZN,buy_call,3.8265,4,1.364,-2.4625,-0.0985,True
2016-08-01,AXP,buy_call,2.7116,4,1.7376,-0.9741,-0.038964,True
2016-08-01,BA,buy_call,3.0,4,-3.1498,-3.0,-0.12,True
2016-08-01,BAC,buy_call,3.1976,4,11.3871,8.1895,0.32758,True
2016-08-01,BDX,buy_call,2.4594,4,0.6875,-1.7719,-0.070876,True
2016-08-01,BIIB,buy_call,2.8264,4,5.4151,2.5887,0.103548,True
2016-08-01,BLK,buy_call,2.7389,4,1.7911,-0.9478,-0.037912,True
2016-08-01,BMY,buy_call,2.8264,4,-23.2856,-2.8264,-0.113056,True
2016-08-01,BRK-B,skip,0.0,0,4.3114,0.0,0.0,True
2016-08-01,C,buy_call,3.0,4,9.3657,6.3657,0.254628,True
2016-08-01,CAT,buy_call,3.2317,4,-0.0248,-3.2317,-0.129268,True
2016-08-01,CL,buy_call,2.0993,4,0.4043,-1.695,-0.0678,True
2016-08-01,COST,buy_call,2.5784,4,-3.0678,-2.5784,-0.103136,True
2016-08-01,CRM,buy_call,3.8947,4,-2.9095,-3.8947,-0.155788,True
2016-08-01,CSCO,buy_call,3.0196,4,3.9189,0.8993,0.035972,True
2016-08-01,CTSH,buy_call,3.0196,4,-0.087,-3.0196,-0.120784,True
2016-08-01,CVS,skip,0.0,0,1.1773,0.0,0.0,True
2016-08-01,CVX,skip,0.0,0,-1.854,0.0,0.0,True
2016-08-01,DHR,buy_call,2.4594,4,55.4942,53.0348,2.121392,True
2016-08-01,DIS,skip,0.0,0,-0.8378,0.0,0.0,True
2016-08-01,DUK,skip,0.0,0,-6.9284,0.0,0.0,True
2016-08-01,ELV,buy_call,2.9729,4,-4.7663,-2.9729,-0.118916,True
2016-08-01,EOG,skip,0.0,0,8.525,0.0,0.0,True
2016-08-01,EQIX,skip,0.0,0,-1.1318,0.0,0.0,True
2016-08-01,FDX,buy_call,3.0196,4,1.8715,-1.1481,-0.045924,True
2016-08-01,GE,skip,0.0,0,0.3211,0.0,0.0,True
2016-08-01,GILD,skip,0.0,0,-1.3716,0.0,0.0,True
2016-08-01,GIS,buy_call,2.2339,4,-0.8324,-2.2339,-0.089356,True
2016-08-01,GM,buy_call,3.2317,4,1.2048,-2.0269,-0.081076,True
2016-08-01,GOOGL,buy_call,3.4858,4,-0.1883,-3.4858,-0.139432,True
2016-08-01,GS,buy_call,2.7389,4,6.7062,3.9673,0.158692,True
2016-08-01,HD,buy_call,2.7959,4,-2.9803,-2.7959,-0.111836,True
2016-08-01,HON,buy_call,3.0196,4,0.3267,-2.6929,-0.107716,True
2016-08-01,IBM,buy_call,3.0196,4,-1.0833,-3.0196,-0.120784,True
2016-08-01,INTC,buy_call,4.1737,4,2.9547,-1.219,-0.04876,True
2016-08-01,ITW,buy_call,3.0196,4,2.9896,-0.03,-0.0012,True
2016-08-01,JNJ,buy_call,2.057,4,-4.7034,-2.057,-0.08228,True
2016-08-01,JPM,buy_call,2.7389,4,6.3396,3.6008,0.144032,True
2016-08-01,KO,skip,0.0,0,-0.4584,0.0,0.0,True
2016-08-01,LLY,buy_call,3.5202,4,-6.201,-3.5202,-0.140808,True
2016-08-01,LMT,buy_call,3.2317,4,-3.8618,-3.2317,-0.129268,True
2016-08-01,LOW,buy_call,2.7959,4,-6.5514,-2.7959,-0.111836,True
2016-08-01,LYB,buy_call,3.2317,4,4.8233,1.5916,0.063664,True
2016-08-01,MA,buy_call,2.7116,4,1.6784,-1.0332,-0.041328,True
2016-08-01,MCD,skip,0.0,0,-1.6914,0.0,0.0,True
2016-08-01,MDLZ,skip,0.0,0,2.3647,0.0,0.0,True
2016-08-01,MDT,buy_call,2.4594,4,-0.1917,-2.4594,-0.098376,True
2016-08-01,MET,buy_call,2.7389,4,1.5442,-1.1947,-0.047788,True
2016-08-01,META,buy_call,4.3383,4,1.7589,-2.5794,-0.103176,True
2016-08-01,MMM,buy_call,3.0196,4,0.4934,-2.5262,-0.101048,True
2016-08-01,MO,skip,0.0,0,-2.3782,0.0,0.0,True
2016-08-01,MRK,buy_call,2.7192,4,7.0406,4.3214,0.172856,True
2016-08-01,MS,buy_call,2.7389,4,12.3595,9.6206,0.384824,True
2016-08-01,MSFT,buy_call,2.8745,4,1.3762,-1.4983,-0.059932,True
2016-08-01,NEE,skip,0.0,0,-5.7292,0.0,0.0,True
2016-08-01,NFLX,skip,0.0,0,6.7945,0.0,0.0,True
2016-08-01,NKE,buy_call,3.5085,4,3.8559,0.3473,0.013892,True
2016-08-01,ORCL,buy_call,3.5955,4,0.808,-2.7874,-0.111496,True
2016-08-01,PEP,buy_call,2.2339,4,-1.9923,-2.2339,-0.089356,True
2016-08-01,PFE,buy_call,2.8264,4,-5.6655,-2.8264,-0.113056,True
2016-08-01,PG,buy_call,2.0993,4,2.8089,0.7096,0.028384,True
2016-08-01,PM,skip,0.0,0,-0.3291,0.0,0.0,True
2016-08-01,PPL,buy_call,1.9747,4,-7.7698,-1.9747,-0.078988,True
2016-08-01,PRU,buy_call,2.7389,4,5.4323,2.6934,0.107736,True
2016-08-01,PYPL,buy_call,2.7116,4,-0.2417,-2.7116,-0.108464,True
2016-08-01,QCOM,buy_call,4.254,4,0.783,-3.471,-0.13884,True
2016-08-01,SBUX,buy_call,1.9747,4,-3.1353,-1.9747,-0.078988,True
2016-08-01,SCHW,buy_call,2.7389,4,10.6967,7.9578,0.318312,True
2016-08-01,SLB,buy_call,3.2317,4,-1.8877,-3.2317,-0.129268,True
2016-08-01,SO,skip,0.0,0,-4.0561,0.0,0.0,True
2016-08-01,SPG,buy_call,3.0196,4,-5.096,-3.0196,-0.120784,True
2016-08-01,SYK,skip,0.0,0,-0.5332,0.0,0.0,True
2016-08-01,T,buy_call,3.1005,4,-4.1621,-3.1005,-0.12402,True
2016-08-01,TGT,buy_call,2.4474,4,-6.8233,-2.4474,-0.097896,True
2016-08-01,TMO,buy_call,2.8279,4,-4.1866,-2.8279,-0.113116,True
2016-08-01,TXN,buy_call,4.1737,4,0.2333,-3.9403,-0.157612,True
2016-08-01,UNH,buy_call,2.9729,4,-4.993,-2.9729,-0.118916,True
2016-08-01,UNP,buy_call,3.2317,4,2.6652,-0.5665,-0.02266,True
2016-08-01,USB,buy_call,2.7389,4,4.6953,1.9564,0.078256,True
2016-08-01,V,buy_call,2.5501,4,3.6515,1.1014,0.044056,True
2016-08-01,VZ,skip,0.0,0,-4.6051,0.0,0.0,True
2016-08-01,WFC,buy_call,3.4824,4,5.8995,2.4171,0.096684,True
2016-08-01,WMT,skip,0.0,0,-2.0968,0.0,0.0,True
2016-08-01,XOM,skip,0.0,0,-2.0349,0.0,0.0,True
2016-09-01,AAPL,buy_call,3.1456,4,7.1276,3.9821,0.159284,True
2016-09-01,ABBV,skip,0.0,0,-1.6069,0.0,0.0,True
2016-09-01,ABT,skip,0.0,0,0.6426,0.0,0.0,True
2016-09-01,ADBE,buy_call,2.8745,4,6.0893,3.2149,0.128596,True
2016-09-01,ADP,buy_call,3.0196,4,-1.7927,-3.0196,-0.120784,True
2016-09-01,AIG,buy_call,2.7389,4,-0.819,-2.7389,-0.109556,True
2016-09-01,AMGN,skip,0.0,0,-1.3409,0.0,0.0,True
2016-09-01,AMT,skip,0.0,0,-0.0441,0.0,0.0,True
2016-09-01,AMZN,buy_call,3.8265,4,8.8603,5.0338,0.201352,True
2016-09-01,AXP,buy_call,2.7116,4,-2.3483,-2.7116,-0.108464,True
2016-09-01,BA,skip,0.0,0,2.6124,0.0,0.0,True
2016-09-01,BAC,buy_call,3.1976,4,-2.5847,-3.1976,-0.127904,True
2016-09-01,BDX,buy_call,2.4594,4,1.422,-1.0373,-0.041492,True
2016-09-01,BIIB,buy_call,2.8264,4,2.4212,-0.4052,-0.016208,True
2016-09-01,BLK,buy_call,2.7389,4,-2.1805,-2.7389,-0.109556,True
2016-09-01,BMY,skip,0.0,0,-6.0463,0.0,0.0,True
2016-09-01,BRK-B,buy_call,1.809,4,-4.0003,-1.809,-0.07236,True
2016-09-01,C,buy_call,3.0,4,-1.0683,-3.0,-0.12,True
2016-09-01,CAT,skip,0.0,0,8.3222,0.0,0.0,True
2016-09-01,CL,buy_call,2.0993,4,-0.269,-2.0993,-0.083972,True
2016-09-01,COST,skip,0.0,0,-5.6574,0.0,0.0,True
2016-09-01,CRM,skip,0.0,0,-10.1864,0.0,0.0,True
2016-09-01,CSCO,buy_call,3.0196,4,0.8906,-2.129,-0.08516,True
2016-09-01,CTSH,skip,0.0,0,-16.9394,0.0,0.0,True
2016-09-01,CVS,buy_call,2.9729,4,-4.7217,-2.9729,-0.118916,True
2016-09-01,CVX,skip,0.0,0,3.4047,0.0,0.0,True
2016-09-01,DHR,buy_call,2.4594,4,-3.7096,-2.4594,-0.098376,True
2016-09-01,DIS,skip,0.0,0,-1.6938,0.0,0.0,True
2016-09-01,DUK,skip,0.0,0,1.5013,0.0,0.0,True
2016-09-01,ELV,skip,0.0,0,0.1839,0.0,0.0,True
2016-09-01,EOG,buy_call,3.2317,4,9.2892,6.0574,0.242296,True
2016-09-01,EQIX,skip,0.0,0,-1.8095,0.0,0.0,True
2016-09-01,FDX,buy_call,3.0196,4,5.9116,2.892,0.11568,True
2016-09-01,GE,buy_call,3.2317,4,-5.1857,-3.2317,-0.129268,True
2016-09-01,GILD,skip,0.0,0,0.9442,0.0,0.0,True
2016-09-01,GIS,skip,0.0,0,-9.7995,0.0,0.0,True
2016-09-01,GM,buy_call,3.2317,4,-0.4699,-3.2317,-0.129268,True
2016-09-01,GOOGL,skip,0.0,0,1.7991,0.0,0.0,True
2016-09-01,GS,buy_call,2.7389,4,-4.4609,-2.7389,-0.109556,True
2016-09-01,HD,skip,0.0,0,-3.5641,0.0,0.0,True
2016-09-01,HON,buy_call,3.0196,4,0.4112,-2.6084,-0.104336,True
2016-09-01,IBM,skip,0.0,0,0.8446,0.0,0.0,True
2016-09-01,INTC,buy_call,4.1737,4,5.9798,1.8061,0.072244,True
2016-09-01,ITW,buy_call,3.0196,4,0.833,-2.1866,-0.087464,True
2016-09-01,JNJ,skip,0.0,0,-0.3536,0.0,0.0,True
2016-09-01,JPM,buy_call,2.7389,4,-1.3481,-2.7389,-0.109556,True
2016-09-01,KO,skip,0.0,0,-2.5558,0.0,0.0,True
2016-09-01,LLY,skip,0.0,0,3.8861,0.0,0.0,True
2016-09-01,LMT,skip,0.0,0,-0.6667,0.0,0.0,True
2016-09-01,LOW,skip,0.0,0,-5.6818,0.0,0.0,True
2016-09-01,LYB,buy_call,3.2317,4,3.3904,0.1587,0.006348,True
2016-09-01,MA,buy_call,2.7116,4,5.3192,2.6076,0.104304,True
2016-09-01,MCD,skip,0.0,0,0.5158,0.0,0.0,True
2016-09-01,MDLZ,buy_call,2.2339,4,-2.4878,-2.2339,-0.089356,True
2016-09-01,MDT,skip,0.0,0,-0.7239,0.0,0.0,True
2016-09-01,MET,buy_call,2.7389,4,3.319,0.5801,0.023204,True
2016-09-01,META,buy_call,4.3383,4,1.7047,-2.6336,-0.105344,True
2016-09-01,MMM,buy_call,3.0196,4,-1.0667,-3.0196,-0.120784,True
2016-09-01,MO,skip,0.0,0,-4.3274,0.0,0.0,True
2016-09-01,MRK,buy_call,2.7192,4,-0.6052,-2.7192,-0.108768,True
2016-09-01,MS,buy_call,2.7389,4,0.0,-2.7389,-0.109556,True
2016-09-01,MSFT,buy_call,2.8745,4,0.8684,-2.006,-0.08024,True
2016-09-01,NEE,skip,0.0,0,1.8528,0.0,0.0,True
2016-09-01,NFLX,buy_call,4.4729,4,1.1288,-3.3441,-0.133764,True
2016-09-01,NKE,buy_call,3.5085,4,-8.6571,-3.5085,-0.14034,True
2016-09-01,ORCL,buy_call,3.5955,4,-4.7064,-3.5955,-0.14382,True
2016-09-01,PEP,skip,0.0,0,2.613,0.0,0.0,True
2016-09-01,PFE,skip,0.0,0,-1.8634,0.0,0.0,True
2016-09-01,PG,buy_call,2.0993,4,2.7946,0.6953,0.027812,True
2016-09-01,PM,skip,0.0,0,-2.7119,0.0,0.0,True
2016-09-01,PPL,skip,0.0,0,-0.6038,0.0,0.0,True
2016-09-01,PRU,buy_call,2.7389,4,3.8093,1.0704,0.042816,True
2016-09-01,PYPL,skip,0.0,0,10.2826,0.0,0.0,True
2016-09-01,QCOM,buy_call,4.254,4,9.5314,5.2774,0.211096,True
2016-09-01,SBUX,skip,0.0,0,-3.3815,0.0,0.0,True
2016-09-01,SCHW,buy_call,2.7389,4,0.5836,-2.1552,-0.086208,True
2016-09-01,SLB,skip,0.0,0,-0.4557,0.0,0.0,True
2016-09-01,SO,skip,0.0,0,1.0112,0.0,0.0,True
2016-09-01,SPG,skip,0.0,0,-3.1841,0.0,0.0,True
2016-09-01,SYK,skip,0.0,0,0.6484,0.0,0.0,True
2016-09-01,T,skip,0.0,0,-0.6605,0.0,0.0,True
2016-09-01,TGT,skip,0.0,0,-1.3707,0.0,0.0,True
2016-09-01,TMO,skip,0.0,0,4.5141,0.0,0.0,True
2016-09-01,TXN,buy_call,4.1737,4,0.9203,-3.2534,-0.130136,True
2016-09-01,UNH,skip,0.0,0,2.9034,0.0,0.0,True
2016-09-01,UNP,buy_call,3.2317,4,2.6874,-0.5444,-0.021776,True
2016-09-01,USB,buy_call,2.7389,4,-2.8539,-2.7389,-0.109556,True
2016-09-01,V,buy_call,2.5501,4,2.4024,-0.1477,-0.005908,True
2016-09-01,VZ,skip,0.0,0,-0.6689,0.0,0.0,True
2016-09-01,WFC,buy_call,3.4824,4,-12.1347,-3.4824,-0.139296,True
2016-09-01,WMT,skip,0.0,0,1.643,0.0,0.0,True
2016-09-01,XOM,skip,0.0,0,1.0147,0.0,0.0,True
2016-10-01,AAPL,buy_call,3.1456,8,0.4335,-2.7121,-0.216968,True
2016-10-01,ABBV,skip,0.0,0,-11.5586,0.0,0.0,True
2016-10-01,ABT,buy_call,2.4594,8,-7.2121,-2.4594,-0.196752,True
2016-10-01,ADBE,buy_call,2.8745,8,-0.949,-2.8745,-0.22996,True
2016-10-01,ADP,skip,0.0,0,-0.7069,0.0,0.0,True
2016-10-01,AIG,skip,0.0,0,4.5442,0.0,0.0,True
2016-10-01,AMGN,skip,0.0,0,-15.3767,0.0,0.0,True
2016-10-01,AMT,skip,0.0,0,3.9137,0.0,0.0,True
2016-10-01,AMZN,buy_call,3.8265,8,-5.6717,-3.8265,-0.30612,True
2016-10-01,AXP,skip,0.0,0,3.7164,0.0,0.0,True
2016-10-01,BA,buy_call,3.0,8,8.1145,5.1145,0.40916,True
2016-10-01,BAC,skip,0.0,0,5.4313,0.0,0.0,True
2016-10-01,BDX,buy_call,2.4594,8,-6.2286,-2.4594,-0.196752,True
2016-10-01,BIIB,buy_call,2.8264,8,-10.4942,-2.8264,-0.226112,True
2016-10-01,BLK,skip,0.0,0,-5.8544,0.0,0.0,True
2016-10-01,BMY,skip,0.0,0,-5.5823,0.0,0.0,True
2016-10-01,BRK-B,skip,0.0,0,-0.1177,0.0,0.0,True
2016-10-01,C,skip,0.0,0,4.0652,0.0,0.0,True
2016-10-01,CAT,buy_call,3.2317,8,-5.9817,-3.2317,-0.258536,True
2016-10-01,CL,skip,0.0,0,-3.7497,0.0,0.0,True
2016-10-01,COST,skip,0.0,0,-3.0424,0.0,0.0,True
2016-10-01,CRM,skip,0.0,0,5.3694,0.0,0.0,True
2016-10-01,CSCO,buy_call,3.0196,8,-3.2787,-3.0196,-0.241568,True
2016-10-01,CTSH,skip,0.0,0,7.6294,0.0,0.0,True
2016-10-01,CVS,skip,0.0,0,-5.495,0.0,0.0,True
2016-10-01,CVX,buy_call,3.0632,8,1.7781,-1.2852,-0.102816,True
2016-10-01,DHR,skip,0.0,0,0.3657,0.0,0.0,True
2016-10-01,DIS,skip,0.0,0,-0.1831,0.0,0.0,True
2016-10-01,DUK,buy_call,1.9747,8,-0.025,-1.9747,-0.157976,True
2016-10-01,ELV,buy_call,2.9729,8,-2.2419,-2.9729,-0.237832,True
2016-10-01,EOG,buy_call,3.2317,8,-6.504,-3.2317,-0.258536,True
2016-10-01,EQIX,skip,0.0,0,-0.8244,0.0,0.0,True
2016-10-01,FDX,buy_call,3.0196,8,0.0361,-2.9835,-0.23868,True
2016-10-01,GE,skip,0.0,0,-0.9887,0.0,0.0,True
2016-10-01,GILD,buy_call,2.8264,8,-6.3752,-2.8264,-0.226112,True
2016-10-01,GIS,skip,0.0,0,-2.9743,0.0,0.0,True
2016-10-01,GM,skip,0.0,0,0.6557,0.0,0.0,True
2016-10-01,GOOGL,buy_call,3.4858,8,0.7263,-2.7595,-0.22076,True
2016-10-01,GS,skip,0.0,0,10.5227,0.0,0.0,True
2016-10-01,HD,skip,0.0,0,-5.1834,0.0,0.0,True
2016-10-01,HON,buy_call,3.0196,8,-5.4255,-3.0196,-0.241568,True
2016-10-01,IBM,buy_call,3.0196,8,-3.2484,-3.0196,-0.241568,True
2016-10-01,INTC,buy_call,4.1737,8,-7.6291,-4.1737,-0.333896,True
2016-10-01,ITW,buy_call,3.0196,8,-4.7115,-3.0196,-0.241568,True
2016-10-01,JNJ,skip,0.0,0,-1.8116,0.0,0.0,True
2016-10-01,JPM,skip,0.0,0,4.0096,0.0,0.0,True
2016-10-01,KO,skip,0.0,0,1.0076,0.0,0.0,True
2016-10-01,LLY,buy_call,3.5202,8,-7.999,-3.5202,-0.281616,True
2016-10-01,LMT,skip,0.0,0,2.7782,0.0,0.0,True
2016-10-01,LOW,skip,0.0,0,-7.6997,0.0,0.0,True
2016-10-01,LYB,buy_call,3.2317,8,-1.3761,-3.2317,-0.258536,True
2016-10-01,MA,buy_call,2.7116,8,5.1587,2.4471,0.195768,True
2016-10-01,MCD,buy_call,1.9747,8,-2.4185,-1.9747,-0.157976,True
2016-10-01,MDLZ,skip,0.0,0,2.8216,0.0,0.0,True
2016-10-01,MDT,skip,0.0,0,-4.5955,0.0,0.0,True
2016-10-01,MET,buy_call,2.7389,8,5.6944,2.9555,0.23644,True
2016-10-01,META,buy_call,4.3383,8,2.1205,-2.2177,-0.177416,True
2016-10-01,MMM,skip,0.0,0,-6.2021,0.0,0.0,True
2016-10-01,MO,skip,0.0,0,5.5664,0.0,0.0,True
2016-10-01,MRK,skip,0.0,0,-5.2226,0.0,0.0,True
2016-10-01,MS,buy_call,2.7389,8,4.7099,1.971,0.15768,True
2016-10-01,MSFT,buy_call,2.8745,8,4.0278,1.1533,0.092264,True
2016-10-01,NEE,buy_call,1.9747,8,4.6435,2.6688,0.213504,True
2016-10-01,NFLX,buy_call,4.4729,8,26.7073,22.2344,1.778752,True
2016-10-01,NKE,skip,0.0,0,-4.4261,0.0,0.0,True
2016-10-01,ORCL,skip,0.0,0,-2.1894,0.0,0.0,True
2016-10-01,PEP,buy_call,2.2339,8,-1.4434,-2.2339,-0.178712,True
2016-10-01,PFE,skip,0.0,0,-6.3773,0.0,0.0,True
2016-10-01,PG,buy_call,2.0993,8,-3.2868,-2.0993,-0.167944,True
2016-10-01,PM,skip,0.0,0,0.2244,0.0,0.0,True
2016-10-01,PPL,skip,0.0,0,0.4153,0.0,0.0,True
2016-10-01,PRU,buy_call,2.7389,8,3.8457,1.1068,0.088544,True
2016-10-01,PYPL,buy_call,2.7116,8,1.6842,-1.0275,-0.0822,True
2016-10-01,QCOM,buy_call,4.254,8,0.3212,-3.9328,-0.314624,True
2016-10-01,SBUX,skip,0.0,0,-1.9764,0.0,0.0,True
2016-10-01,SCHW,buy_call,2.7389,8,0.4118,-2.3271,-0.186168,True
2016-10-01,SLB,skip,0.0,0,0.1126,0.0,0.0,True
2016-10-01,SO,buy_call,1.9747,8,0.5263,-1.4484,-0.115872,True
2016-10-01,SPG,skip,0.0,0,-10.1686,0.0,0.0,True
2016-10-01,SYK,buy_call,2.4594,8,-0.5899,-2.4594,-0.196752,True
2016-10-01,T,skip,0.0,0,-9.4066,0.0,0.0,True
2016-10-01,TGT,skip,0.0,0,0.0728,0.0,0.0,True
2016-10-01,TMO,buy_call,2.8279,8,-7.4684,-2.8279,-0.226232,True
2016-10-01,TXN,buy_call,4.1737,8,0.9547,-3.219,-0.25752,True
2016-10-01,UNH,buy_call,2.9729,8,1.4161,-1.5567,-0.124536,True
2016-10-01,UNP,buy_call,3.2317,8,-9.5868,-3.2317,-0.258536,True
2016-10-01,USB,skip,0.0,0,5.0456,0.0,0.0,True
2016-10-01,V,buy_call,2.5501,8,-0.2298,-2.5501,-0.204008,True
2016-10-01,VZ,skip,0.0,0,-7.4644,0.0,0.0,True
2016-10-01,WFC,skip,0.0,0,3.907,0.0,0.0,True
2016-10-01,WMT,buy_call,2.4474,8,-2.9118,-2.4474,-0.195792,True
2016-10-01,XOM,buy_call,3.2317,8,-4.5371,-3.2317,-0.258536,True
2016-11-01,AAPL,buy_call,3.1456,18,-2.6599,-3.1456,-0.566208,True
2016-11-01,ABBV,skip,0.0,0,10.0047,0.0,0.0,True
2016-11-01,ABT,skip,0.0,0,-2.3649,0.0,0.0,True
2016-11-01,ADBE,skip,0.0,0,-4.3717,0.0,0.0,True
2016-11-01,ADP,skip,0.0,0,10.2917,0.0,0.0,True
2016-11-01,AIG,buy_call,2.7389,18,2.6418,-0.0971,-0.017478,True
2016-11-01,AMGN,skip,0.0,0,2.0615,0.0,0.0,True
2016-11-01,AMT,buy_call,3.0196,18,-12.7315,-3.0196,-0.543528,True
2016-11-01,AMZN,skip,0.0,0,-4.9695,0.0,0.0,True
2016-11-01,AXP,buy_call,2.7116,18,9.0072,6.2955,1.13319,True
2016-11-01,BA,buy_call,3.0,18,5.7081,2.7081,0.487458,True
2016-11-01,BAC,buy_call,3.1976,18,28.0,24.8023,4.464414,True
2016-11-01,BDX,skip,0.0,0,0.7087,0.0,0.0,True
2016-11-01,BIIB,skip,0.0,0,4.9575,0.0,0.0,True
2016-11-01,BLK,skip,0.0,0,8.6596,0.0,0.0,True
2016-11-01,BMY,skip,0.0,0,11.6306,0.0,0.0,True
2016-11-01,BRK-B,skip,0.0,0,9.106,0.0,0.0,True
2016-11-01,C,buy_call,3.0,18,14.7304,11.7304,2.111472,True
2016-11-01,CAT,skip,0.0,0,15.5087,0.0,0.0,True
2016-11-01,CL,skip,0.0,0,-8.0903,0.0,0.0,True
2016-11-01,COST,skip,0.0,0,1.5148,0.0,0.0,True
2016-11-01,CRM,buy_call,3.8947,18,-4.2044,-3.8947,-0.701046,True
2016-11-01,CSCO,skip,0.0,0,-1.9999,0.0,0.0,True
2016-11-01,CTSH,buy_call,3.0196,18,7.2639,4.2443,0.763974,True
2016-11-01,CVS,skip,0.0,0,-8.1212,0.0,0.0,True
2016-11-01,CVX,buy_call,3.0632,18,6.5012,3.438,0.61884,True
2016-11-01,DHR,buy_call,2.4594,18,-0.4838,-2.4594,-0.442692,True
2016-11-01,DIS,skip,0.0,0,6.9371,0.0,0.0,True
2016-11-01,DUK,skip,0.0,0,-7.8105,0.0,0.0,True
2016-11-01,ELV,skip,0.0,0,16.9621,0.0,0.0,True
2016-11-01,EOG,skip,0.0,0,13.5802,0.0,0.0,True
2016-11-01,EQIX,skip,0.0,0,-5.1836,0.0,0.0,True
2016-11-01,FDX,buy_call,3.0196,18,9.9529,6.9334,1.248012,True
2016-11-01,GE,skip,0.0,0,5.7044,0.0,0.0,True
2016-11-01,GILD,skip,0.0,0,0.0951,0.0,0.0,True
2016-11-01,GIS,skip,0.0,0,-0.9237,0.0,0.0,True
2016-11-01,GM,buy_call,3.2317,18,9.2721,6.0404,1.087272,True
2016-11-01,GOOGL,buy_call,3.4858,18,-4.2005,-3.4858,-0.627444,True
2016-11-01,GS,buy_call,2.7389,18,23.0307,20.2919,3.652542,True
2016-11-01,HD,skip,0.0,0,6.0569,0.0,0.0,True
2016-11-01,HON,skip,0.0,0,3.884,0.0,0.0,True
2016-11-01,IBM,skip,0.0,0,5.5501,0.0,0.0,True
2016-11-01,INTC,skip,0.0,0,-0.4875,0.0,0.0,True
2016-11-01,ITW,skip,0.0,0,10.2228,0.0,0.0,True
2016-11-01,JNJ,skip,0.0,0,-4.0434,0.0,0.0,True
2016-11-01,JPM,buy_call,2.7389,18,16.5937,13.8548,2.493864,True
2016-11-01,KO,buy_call,1.9747,18,-4.8349,-1.9747,-0.355446,True
2016-11-01,LLY,skip,0.0,0,-9.1007,0.0,0.0,True
2016-11-01,LMT,buy_call,3.2317,18,7.6589,4.4272,0.796896,True
2016-11-01,LOW,skip,0.0,0,6.3733,0.0,0.0,True
2016-11-01,LYB,skip,0.0,0,13.5386,0.0,0.0,True
2016-11-01,MA,buy_call,2.7116,18,-4.3242,-2.7116,-0.488088,True
2016-11-01,MCD,skip,0.0,0,5.9519,0.0,0.0,True
2016-11-01,MDLZ,buy_call,2.2339,18,-8.2332,-2.2339,-0.402102,True
2016-11-01,MDT,skip,0.0,0,-10.9851,0.0,0.0,True
2016-11-01,MET,buy_call,2.7389,18,17.1422,14.4034,2.592612,True
2016-11-01,META,buy_call,4.3383,18,-9.5962,-4.3383,-0.780894,True
2016-11-01,MMM,skip,0.0,0,3.896,0.0,0.0,True
2016-11-01,MO,buy_call,2.2339,18,-3.3122,-2.2339,-0.402102,True
2016-11-01,MRK,skip,0.0,0,4.2064,0.0,0.0,True
2016-11-01,MS,buy_call,2.7389,18,23.9432,21.2044,3.816792,True
2016-11-01,MSFT,buy_call,2.8745,18,0.5674,-2.307,-0.41526,True
2016-11-01,NEE,buy_call,1.9747,18,-10.7578,-1.9747,-0.355446,True
2016-11-01,NFLX,buy_call,4.4729,18,-6.3026,-4.4729,-0.805122,True
2016-11-01,NKE,skip,0.0,0,-0.2192,0.0,0.0,True
2016-11-01,ORCL,skip,0.0,0,5.0122,0.0,0.0,True
2016-11-01,PEP,skip,0.0,0,-6.6231,0.0,0.0,True
2016-11-01,PFE,skip,0.0,0,1.356,0.0,0.0,True
2016-11-01,PG,skip,0.0,0,-4.2666,0.0,0.0,True
2016-11-01,PM,buy_call,2.2339,18,-8.4612,-2.2339,-0.402102,True
2016-11-01,PPL,buy_call,1.9747,18,-2.5626,-1.9747,-0.355446,True
2016-11-01,PRU,buy_call,2.7389,18,18.6461,15.9072,2.863296,True
2016-11-01,PYPL,buy_call,2.7116,18,-5.7129,-2.7116,-0.488088,True
2016-11-01,QCOM,buy_call,4.254,18,-0.8586,-4.254,-0.76572,True
2016-11-01,SBUX,skip,0.0,0,9.2331,0.0,0.0,True
2016-11-01,SCHW,buy_call,2.7389,18,21.9558,19.217,3.45906,True
2016-11-01,SLB,buy_call,3.2317,18,7.4396,4.2078,0.757404,True
2016-11-01,SO,buy_call,1.9747,18,-9.2108,-1.9747,-0.355446,True
2016-11-01,SPG,skip,0.0,0,-3.3932,0.0,0.0,True
2016-11-01,SYK,skip,0.0,0,-1.4651,0.0,0.0,True
2016-11-01,T,skip,0.0,0,6.7009,0.0,0.0,True
2016-11-01,TGT,buy_call,2.4474,18,12.3818,9.9344,1.788192,True
2016-11-01,TMO,skip,0.0,0,-4.7066,0.0,0.0,True
2016-11-01,TXN,buy_call,4.1737,18,4.3472,0.1736,0.031248,True
2016-11-01,UNH,buy_call,2.9729,18,12.0215,9.0486,1.628748,True
2016-11-01,UNP,skip,0.0,0,14.9126,0.0,0.0,True
2016-11-01,USB,buy_call,2.7389,18,10.8579,8.119,1.46142,True
2016-11-01,V,skip,0.0,0,-6.2901,0.0,0.0,True
2016-11-01,VZ,skip,0.0,0,4.9253,0.0,0.0,True
2016-11-01,WFC,buy_call,3.4824,18,15.0185,11.5361,2.076498,True
2016-11-01,WMT,skip,0.0,0,0.5856,0.0,0.0,True
2016-11-01,XOM,skip,0.0,0,4.7767,0.0,0.0,True
2016-12-01,AAPL,skip,0.0,0,5.3335,0.0,0.0,False
2016-12-01,ABBV,buy_call,2.8264,1,2.9934,0.167,0.00167,False
2016-12-01,ABT,skip,0.0,0,0.8931,0.0,0.0,False
2016-12-01,ADBE,skip,0.0,0,0.1362,0.0,0.0,False
2016-12-01,ADP,buy_call,3.0196,1,7.0402,4.0207,0.040207,False
2016-12-01,AIG,buy_call,2.7389,1,3.1265,0.3876,0.003876,False
2016-12-01,AMGN,buy_call,2.8264,1,2.1709,-0.6555,-0.006555,False
2016-12-01,AMT,skip,0.0,0,3.3343,0.0,0.0,False
2016-12-01,AMZN,skip,0.0,0,-0.0933,0.0,0.0,False
2016-12-01,AXP,buy_call,2.7116,1,2.8317,0.1201,0.001201,False
2016-12-01,BA,buy_call,3.0,1,4.1947,1.1947,0.011947,False
2016-12-01,BAC,buy_call,3.1976,1,5.0283,1.8307,0.018307,False
2016-12-01,BDX,buy_call,2.4594,1,-2.0994,-2.4594,-0.024594,False
2016-12-01,BIIB,buy_call,2.8264,1,-3.5672,-2.8264,-0.028264,False
2016-12-01,BLK,buy_call,2.7389,1,2.6296,-0.1093,-0.001093,False
2016-12-01,BMY,buy_call,2.8264,1,3.5436,0.7172,0.007172,False
2016-12-01,BRK-B,buy_call,1.809,1,3.5188,1.7098,0.017098,False
2016-12-01,C,buy_call,3.0,1,5.7396,2.7396,0.027396,False
2016-12-01,CAT,buy_call,3.2317,1,-2.9511,-3.2317,-0.032317,False
2016-12-01,CL,skip,0.0,0,0.3219,0.0,0.0,False
2016-12-01,COST,buy_call,2.5784,1,6.9901,4.4116,0.044116,False
2016-12-01,CRM,skip,0.0,0,-4.9167,0.0,0.0,False
2016-12-01,CSCO,skip,0.0,0,1.3414,0.0,0.0,False
2016-12-01,CTSH,buy_call,3.0196,1,1.7248,-1.2948,-0.012948,False
2016-12-01,CVS,skip,0.0,0,2.6272,0.0,0.0,False
2016-12-01,CVX,buy_call,3.0632,1,6.56,3.4968,0.034968,False
2016-12-01,DHR,skip,0.0,0,-0.4221,0.0,0.0,False
2016-12-01,DIS,buy_call,3.3259,1,5.1453,1.8194,0.018194,False
2016-12-01,DUK,skip,0.0,0,6.4172,0.0,0.0,False
2016-12-01,ELV,buy_call,2.9729,1,0.87,-2.1029,-0.021029,False
2016-12-01,EOG,buy_call,3.2317,1,-1.3851,-3.2317,-0.032317,False
2016-12-01,EQIX,skip,0.0,0,6.0765,0.0,0.0,False
2016-12-01,FDX,buy_call,3.0196,1,-2.8538,-3.0196,-0.030196,False
2016-12-01,GE,buy_call,3.2317,1,2.7308,-0.5009,-0.005009,False
2016-12-01,GILD,buy_call,2.8264,1,-2.8358,-2.8264,-0.028264,False
2016-12-01,GIS,skip,0.0,0,1.362,0.0,0.0,False
2016-12-01,GM,buy_call,3.2317,1,0.8978,-2.3339,-0.023339,False
2016-12-01,GOOGL,skip,0.0,0,2.1357,0.0,0.0,False
2016-12-01,GS,buy_call,2.7389,1,9.5318,6.7929,0.067929,False
2016-12-01,HD,buy_call,2.7959,1,4.1669,1.371,0.01371,False
2016-12-01,HON,buy_call,3.0196,1,2.2776,-0.742,-0.00742,False
2016-12-01,IBM,buy_call,3.0196,1,3.2523,0.2327,0.002327,False
2016-12-01,INTC,skip,0.0,0,5.3158,0.0,0.0,False
2016-12-01,ITW,buy_call,3.0196,1,-2.1729,-3.0196,-0.030196,False
2016-12-01,JNJ,skip,0.0,0,4.2283,0.0,0.0,False
2016-12-01,JPM,buy_call,2.7389,1,7.6338,4.8949,0.048949,False
2016-12-01,KO,skip,0.0,0,3.6196,0.0,0.0,False
2016-12-01,LLY,skip,0.0,0,10.2975,0.0,0.0,False
2016-12-01,LMT,buy_call,3.2317,1,-5.1226,-3.2317,-0.032317,False
2016-12-01,LOW,buy_call,2.7959,1,0.8079,-1.988,-0.01988,False
2016-12-01,LYB,buy_call,3.2317,1,-4.0856,-3.2317,-0.032317,False
2016-12-01,MA,skip,0.0,0,1.0274,0.0,0.0,False
2016-12-01,MCD,buy_call,1.9747,1,2.8478,0.8731,0.008731,False
2016-12-01,MDLZ,skip,0.0,0,7.4928,0.0,0.0,False
2016-12-01,MDT,skip,0.0,0,-2.438,0.0,0.0,False
2016-12-01,MET,buy_call,2.7389,1,-1.183,-2.7389,-0.027389,False
2016-12-01,META,skip,0.0,0,-2.8458,0.0,0.0,False
2016-12-01,MMM,buy_call,3.0196,1,4.6436,1.624,0.01624,False
2016-12-01,MO,skip,0.0,0,5.772,0.0,0.0,False
2016-12-01,MRK,buy_call,2.7192,1,-3.7915,-2.7192,-0.027192,False
2016-12-01,MS,buy_call,2.7389,1,2.1518,-0.5871,-0.005871,False
2016-12-01,MSFT,buy_call,2.8745,1,3.8164,0.942,0.00942,False
2016-12-01,NEE,skip,0.0,0,5.3802,0.0,0.0,False
2016-12-01,NFLX,skip,0.0,0,5.812,0.0,0.0,False
2016-12-01,NKE,skip,0.0,0,1.5179,0.0,0.0,False
2016-12-01,ORCL,buy_call,3.5955,1,-4.3294,-3.5955,-0.035955,False
2016-12-01,PEP,skip,0.0,0,5.2987,0.0,0.0,False
2016-12-01,PFE,buy_call,2.8264,1,2.0658,-0.7606,-0.007606,False
2016-12-01,PG,skip,0.0,0,1.9646,0.0,0.0,False
2016-12-01,PM,skip,0.0,0,3.6361,0.0,0.0,False
2016-12-01,PPL,skip,0.0,0,1.7633,0.0,0.0,False
2016-12-01,PRU,buy_call,2.7389,1,4.1748,1.4359,0.014359,False
2016-12-01,PYPL,skip,0.0,0,0.4837,0.0,0.0,False
2016-12-01,QCOM,skip,0.0,0,-3.5521,0.0,0.0,False
2016-12-01,SBUX,buy_call,1.9747,1,-3.7827,-1.9747,-0.019747,False
2016-12-01,SCHW,buy_call,2.7389,1,2.3161,-0.4227,-0.004227,False
2016-12-01,SLB,buy_call,3.2317,1,-0.119,-3.2317,-0.032317,False
2016-12-01,SO,skip,0.0,0,6.291,0.0,0.0,False
2016-12-01,SPG,skip,0.0,0,-0.2004,0.0,0.0,False
2016-12-01,SYK,skip,0.0,0,5.4109,0.0,0.0,False
2016-12-01,T,buy_call,3.1005,1,10.0957,6.9952,0.069952,False
2016-12-01,TGT,buy_call,2.4474,1,-5.6932,-2.4474,-0.024474,False
2016-12-01,TMO,skip,0.0,0,0.7066,0.0,0.0,False
2016-12-01,TXN,buy_call,4.1737,1,-0.5764,-4.1737,-0.041737,False
2016-12-01,UNH,buy_call,2.9729,1,1.4889,-1.4839,-0.014839,False
2016-12-01,UNP,buy_call,3.2317,1,2.9291,-0.3027,-0.003027,False
2016-12-01,USB,buy_call,2.7389,1,3.5268,0.7879,0.007879,False
2016-12-01,V,skip,0.0,0,1.1176,0.0,0.0,False
2016-12-01,VZ,buy_call,3.1005,1,6.9739,3.8734,0.038734,False
2016-12-01,WFC,buy_call,3.4824,1,5.006,1.5235,0.015235,False
2016-12-01,WMT,buy_call,2.4474,1,-1.86,-2.4474,-0.024474,False
2016-12-01,XOM,buy_call,3.2317,1,4.3061,1.0744,0.010744,False
2017-01-01,AAPL,buy_call,3.1456,2,4.7747,1.6291,0.032582,True
2017-01-01,ABBV,buy_call,2.8264,2,-2.4113,-2.8264,-0.056528,True
2017-01-01,ABT,buy_call,2.4594,2,8.7478,6.2884,0.125768,True
2017-01-01,ADBE,buy_call,2.8745,2,10.1311,7.2567,0.145134,True
2017-01-01,ADP,buy_call,3.0196,2,-1.1547,-3.0196,-0.060392,True
2017-01-01,AMAT,buy_call,4.1737,2,6.1357,1.9621,0.039242,True
2017-01-01,AMGN,buy_call,2.8264,2,7.1609,4.3345,0.08669,True
2017-01-01,AMT,buy_call,3.0196,2,-1.527,-3.0196,-0.060392,True
2017-01-01,AMZN,skip,0.0,0,9.8164,0.0,0.0,True
2017-01-01,AVGO,buy_call,4.1737,2,13.5037,9.33,0.1866,True
2017-01-01,AXP,buy_call,2.7116,2,3.1047,0.3931,0.007862,True
2017-01-01,BA,buy_call,3.0,2,4.9717,1.9717,0.039434,True
2017-01-01,BAC,buy_call,3.1976,2,2.4435,-0.7542,-0.015084,True
2017-01-01,BDX,skip,0.0,0,7.5681,0.0,0.0,True
2017-01-01,BLK,buy_call,2.7389,2,-1.1278,-2.7389,-0.054778,True
2017-01-01,BMY,buy_call,2.8264,2,-15.8795,-2.8264,-0.056528,True
2017-01-01,BRK-B,buy_call,1.809,2,0.7117,-1.0972,-0.021944,True
2017-01-01,C,buy_call,3.0,2,-6.0576,-3.0,-0.06,True
2017-01-01,CAT,skip,0.0,0,3.1486,0.0,0.0,True
2017-01-01,CHTR,buy_call,3.1005,2,12.5139,9.4134,0.188268,True
2017-01-01,CL,buy_call,2.0993,2,-1.3142,-2.0993,-0.041986,True
2017-01-01,CMCSA,skip,0.0,0,9.6555,0.0,0.0,True
2017-01-01,COST,buy_call,2.5784,2,2.3983,-0.1801,-0.003602,True
2017-01-01,CRM,skip,0.0,0,15.5419,0.0,0.0,True
2017-01-01,CSCO,buy_call,3.0196,2,1.6545,-1.3651,-0.027302,True
2017-01-01,CTSH,buy_call,3.0196,2,-6.1396,-3.0196,-0.060392,True
2017-01-01,CVS,buy_call,2.9729,2,-0.1267,-2.9729,-0.059458,True
2017-01-01,CVX,buy_call,3.0632,2,-5.3951,-3.0632,-0.061264,True
2017-01-01,DHR,skip,0.0,0,7.9821,0.0,0.0,True
2017-01-01,DIS,buy_call,3.3259,2,6.9879,3.662,0.07324,True
2017-01-01,DUK,buy_call,1.9747,2,1.1852,-0.7895,-0.01579,True
2017-01-01,ELV,buy_call,2.9729,2,7.7041,4.7312,0.094624,True
2017-01-01,EOG,skip,0.0,0,0.4748,0.0,0.0,True
2017-01-01,EQIX,buy_call,3.0196,2,7.7138,4.6942,0.093884,True
2017-01-01,FDX,skip,0.0,0,1.77,0.0,0.0,True
2017-01-01,GE,buy_call,3.2317,2,-5.3053,-3.2317,-0.064634,True
2017-01-01,GILD,skip,0.0,0,1.8244,0.0,0.0,True
2017-01-01,GM,buy_call,3.2317,2,6.2202,2.9885,0.05977,True
2017-01-01,GOOGL,buy_call,3.4858,2,3.5005,0.0147,0.000294,True
2017-01-01,GS,buy_call,2.7389,2,-4.2305,-2.7389,-0.054778,True
2017-01-01,HD,buy_call,2.7959,2,2.6104,-0.1855,-0.00371,True
2017-01-01,HON,buy_call,3.0196,2,2.1321,-0.8875,-0.01775,True
2017-01-01,IBM,buy_call,3.0196,2,5.1389,2.1193,0.042386,True
2017-01-01,INTC,buy_call,4.1737,2,1.5164,-2.6573,-0.053146,True
2017-01-01,ISRG,skip,0.0,0,9.2278,0.0,0.0,True
2017-01-01,ITW,skip,0.0,0,4.4127,0.0,0.0,True
2017-01-01,JNJ,buy_call,2.057,2,-1.7012,-2.057,-0.04114,True
2017-01-01,JPM,buy_call,2.7389,2,-1.9237,-2.7389,-0.054778,True
2017-01-01,KO,buy_call,1.9747,2,0.2653,-1.7094,-0.034188,True
2017-01-01,LLY,buy_call,3.5202,2,4.7314,1.2113,0.024226,True
2017-01-01,LMT,skip,0.0,0,0.5561,0.0,0.0,True
2017-01-01,LOW,buy_call,2.7959,2,2.7559,-0.04,-0.0008,True
2017-01-01,MA,buy_call,2.7116,2,2.983,0.2714,0.005428,True
2017-01-01,MCD,buy_call,1.9747,2,0.6983,-1.2764,-0.025528,True
2017-01-01,MDLZ,buy_call,2.2339,2,0.3103,-1.9236,-0.038472,True
2017-01-01,MDT,skip,0.0,0,7.3619,0.0,0.0,True
2017-01-01,MET,skip,0.0,0,0.9649,0.0,0.0,True
2017-01-01,META,skip,0.0,0,13.2725,0.0,0.0,True
2017-01-01,MMM,buy_call,3.0196,2,-2.1,-3.0196,-0.060392,True
2017-01-01,MO,buy_call,2.2339,2,6.221,3.987,0.07974,True
2017-01-01,MRK,skip,0.0,0,6.1078,0.0,0.0,True
2017-01-01,MS,buy_call,2.7389,2,0.5681,-2.1708,-0.043416,True
2017-01-01,MSFT,buy_call,2.8745,2,4.0393,1.1648,0.023296,True
2017-01-01,NEE,buy_call,1.9747,2,3.5661,1.5913,0.031826,True
2017-01-01,NFLX,buy_call,4.4729,2,13.6591,9.1862,0.183724,True
2017-01-01,NKE,buy_call,3.5085,2,4.4479,0.9393,0.018786,True
2017-01-01,NVDA,buy_call,5.3919,2,2.2859,-3.106,-0.06212,True
2017-01-01,ORCL,skip,0.0,0,4.3173,0.0,0.0,True
2017-01-01,PEP,buy_call,2.2339,2,-0.8124,-2.2339,-0.044678,True
2017-01-01,PFE,buy_call,2.8264,2,-2.3091,-2.8264,-0.056528,True
2017-01-01,PG,buy_call,2.0993,2,4.1865,2.0872,0.041744,True
2017-01-01,PM,buy_call,2.2339,2,6.2801,4.0461,0.080922,True
2017-01-01,PYPL,buy_call,2.7116,2,0.7854,-1.9262,-0.038524,True
2017-01-01,QCOM,skip,0.0,0,-18.0521,0.0,0.0,True
2017-01-01,SBUX,skip,0.0,0,-0.5403,0.0,0.0,True
2017-01-01,SCHW,buy_call,2.7389,2,4.4845,1.7456,0.034912,True
2017-01-01,SLB,skip,0.0,0,0.3041,0.0,0.0,True
2017-01-01,SO,buy_call,1.9747,2,0.4879,-1.4868,-0.029736,True
2017-01-01,SPG,skip,0.0,0,3.4334,0.0,0.0,True
2017-01-01,SYK,buy_call,2.4594,2,3.4688,1.0094,0.020188,True
2017-01-01,T,buy_call,3.1005,2,-0.87,-3.1005,-0.06201,True
2017-01-01,TGT,skip,0.0,0,-10.7296,0.0,0.0,True
2017-01-01,TMO,buy_call,2.8279,2,8.1131,5.2852,0.105704,True
2017-01-01,TMUS,buy_call,3.1005,2,8.2768,5.1763,0.103526,True
2017-01-01,TXN,skip,0.0,0,3.522,0.0,0.0,True
2017-01-01,UNH,buy_call,2.9729,2,1.2872,-1.6857,-0.033714,True
2017-01-01,UNP,buy_call,3.2317,2,2.7971,-0.4346,-0.008692,True
2017-01-01,USB,buy_call,2.7389,2,3.0433,0.3044,0.006088,True
2017-01-01,V,buy_call,2.5501,2,6.0113,3.4613,0.069226,True
2017-01-01,VZ,buy_call,3.1005,2,-8.1866,-3.1005,-0.06201,True
2017-01-01,WFC,buy_call,3.4824,2,2.2137,-1.2687,-0.025374,True
2017-01-01,WMT,skip,0.0,0,-2.7522,0.0,0.0,True
2017-01-01,XOM,buy_call,3.2317,2,-7.0574,-3.2317,-0.064634,True
2017-02-01,AAPL,buy_call,3.1456,1,12.8884,9.7429,0.097429,False
2017-02-01,ABBV,skip,0.0,0,2.2156,0.0,0.0,False
2017-02-01,ABT,buy_call,2.4594,1,8.6215,6.1621,0.061621,False
2017-02-01,ADBE,buy_call,2.8745,1,4.3747,1.5002,0.015002,False
2017-02-01,ADP,skip,0.0,0,1.614,0.0,0.0,False
2017-02-01,AMAT,buy_call,4.1737,1,5.7518,1.5781,0.015781,False
2017-02-01,AMGN,buy_call,2.8264,1,12.6692,9.8428,0.098428,False
2017-02-01,AMT,skip,0.0,0,10.9082,0.0,0.0,False
2017-02-01,AMZN,buy_call,3.8265,1,2.6182,-1.2083,-0.012083,False
2017-02-01,AVGO,buy_call,4.1737,1,5.7293,1.5556,0.015556,False
2017-02-01,AXP,buy_call,2.7116,1,5.265,2.5534,0.025534,False
2017-02-01,BA,buy_call,3.0,1,10.2864,7.2864,0.072864,False
2017-02-01,BAC,buy_call,3.1976,1,9.0106,5.8129,0.058129,False
2017-02-01,BDX,buy_call,2.4594,1,3.2489,0.7895,0.007895,False
2017-02-01,BLK,skip,0.0,0,3.6045,0.0,0.0,False
2017-02-01,BMY,skip,0.0,0,16.1198,0.0,0.0,False
2017-02-01,BRK-B,buy_call,1.809,1,4.4352,2.6262,0.026262,False
2017-02-01,C,skip,0.0,0,7.1288,0.0,0.0,False
2017-02-01,CAT,buy_call,3.2317,1,1.8838,-1.348,-0.01348,False
2017-02-01,CHTR,buy_call,3.1005,1,-0.2747,-3.1005,-0.031005,False
2017-02-01,CL,skip,0.0,0,13.6603,0.0,0.0,False
2017-02-01,CMCSA,buy_call,3.1005,1,-0.7691,-3.1005,-0.031005,False
2017-02-01,COST,buy_call,2.5784,1,8.0695,5.4911,0.054911,False
2017-02-01,CRM,buy_call,3.8947,1,2.8445,-1.0502,-0.010502,False
2017-02-01,CSCO,buy_call,3.0196,1,12.2184,9.1988,0.091988,False
2017-02-01,CTSH,skip,0.0,0,12.702,0.0,0.0,False
2017-02-01,CVS,skip,0.0,0,2.8641,0.0,0.0,False
2017-02-01,CVX,skip,0.0,0,1.0328,0.0,0.0,False
2017-02-01,DHR,buy_call,2.4594,1,1.9423,-0.5171,-0.005171,False
2017-02-01,DIS,buy_call,3.3259,1,-0.5061,-3.3259,-0.033259,False
2017-02-01,DUK,buy_call,1.9747,1,5.1057,3.131,0.03131,False
2017-02-01,ELV,buy_call,2.9729,1,6.9288,3.9559,0.039559,False
2017-02-01,EOG,buy_call,3.2317,1,-4.3655,-3.2317,-0.032317,False
2017-02-01,EQIX,buy_call,3.0196,1,-2.3144,-3.0196,-0.030196,False
2017-02-01,FDX,buy_call,3.0196,1,2.0464,-0.9731,-0.009731,False
2017-02-01,GE,skip,0.0,0,0.3703,0.0,0.0,False
2017-02-01,GILD,buy_call,2.8264,1,-2.7191,-2.8264,-0.028264,False
2017-02-01,GM,buy_call,3.2317,1,0.6283,-2.6034,-0.026034,False
2017-02-01,GOOGL,buy_call,3.4858,1,3.0164,-0.4695,-0.004695,False
2017-02-01,GS,skip,0.0,0,8.172,0.0,0.0,False
2017-02-01,HD,buy_call,2.7959,1,5.3278,2.5319,0.025319,False
2017-02-01,HON,buy_call,3.0196,1,5.2231,2.2035,0.022035,False
2017-02-01,IBM,buy_call,3.0196,1,3.0369,0.0173,0.000173,False
2017-02-01,INTC,buy_call,4.1737,1,-1.6838,-4.1737,-0.041737,False
2017-02-01,ISRG,buy_call,2.4594,1,6.3968,3.9374,0.039374,False
2017-02-01,ITW,buy_call,3.0196,1,3.7815,0.7619,0.007619,False
2017-02-01,JNJ,skip,0.0,0,7.9117,0.0,0.0,False
2017-02-01,JPM,skip,0.0,0,7.6703,0.0,0.0,False
2017-02-01,KO,buy_call,1.9747,1,0.9382,-1.0365,-0.010365,False
2017-02-01,LLY,buy_call,3.5202,1,7.5036,3.9834,0.039834,False
2017-02-01,LMT,buy_call,3.2317,1,6.0677,2.836,0.02836,False
2017-02-01,LOW,buy_call,2.7959,1,2.264,-0.5319,-0.005319,False
2017-02-01,MA,buy_call,2.7116,1,4.0994,1.3878,0.013878,False
2017-02-01,MCD,buy_call,1.9747,1,4.1445,2.1698,0.021698,False
2017-02-01,MDLZ,buy_call,2.2339,1,-0.813,-2.2339,-0.022339,False
2017-02-01,MDT,buy_call,2.4594,1,6.4326,3.9732,0.039732,False
2017-02-01,MET,buy_call,2.7389,1,-3.6206,-2.7389,-0.027389,False
2017-02-01,META,buy_call,4.3383,1,4.0055,-0.3328,-0.003328,False
2017-02-01,MMM,skip,0.0,0,6.5953,0.0,0.0,False
2017-02-01,MO,buy_call,2.2339,1,5.2543,3.0203,0.030203,False
2017-02-01,MRK,buy_call,2.7192,1,6.2591,3.5399,0.035399,False
2017-02-01,MS,buy_call,2.7389,1,7.9747,5.2358,0.052358,False
2017-02-01,MSFT,buy_call,2.8745,1,-1.0363,-2.8745,-0.028745,False
2017-02-01,NEE,buy_call,1.9747,1,5.8842,3.9095,0.039095,False
2017-02-01,NFLX,buy_call,4.4729,1,1.0092,-3.4637,-0.034637,False
2017-02-01,NKE,buy_call,3.5085,1,8.0529,4.5444,0.045444,False
2017-02-01,NVDA,buy_call,5.3919,1,-7.0526,-5.3919,-0.053919,False
2017-02-01,ORCL,buy_call,3.5955,1,6.5988,3.0034,0.030034,False
2017-02-01,PEP,skip,0.0,0,6.3596,0.0,0.0,False
2017-02-01,PFE,skip,0.0,0,7.5323,0.0,0.0,False
2017-02-01,PG,buy_call,2.0993,1,4.7851,2.6858,0.026858,False
2017-02-01,PM,buy_call,2.2339,1,13.7522,11.5183,0.115183,False
2017-02-01,PYPL,buy_call,2.7116,1,5.5807,2.869,0.02869,False
2017-02-01,QCOM,skip,0.0,0,5.7084,0.0,0.0,False
2017-02-01,SBUX,skip,0.0,0,2.988,0.0,0.0,False
2017-02-01,SCHW,buy_call,2.7389,1,-2.0126,-2.7389,-0.027389,False
2017-02-01,SLB,buy_call,3.2317,1,-4.0019,-3.2317,-0.032317,False
2017-02-01,SO,buy_call,1.9747,1,2.812,0.8373,0.008373,False
2017-02-01,SPG,buy_call,3.0196,1,0.3428,-2.6768,-0.026768,False
2017-02-01,SYK,buy_call,2.4594,1,4.0719,1.6125,0.016125,False
2017-02-01,T,skip,0.0,0,0.6535,0.0,0.0,False
2017-02-01,TGT,skip,0.0,0,-8.8555,0.0,0.0,False
2017-02-01,TMO,buy_call,2.8279,1,3.4714,0.6435,0.006435,False
2017-02-01,TMUS,buy_call,3.1005,1,0.4175,-2.683,-0.02683,False
2017-02-01,TXN,buy_call,4.1737,1,2.0736,-2.1001,-0.021001,False
2017-02-01,UNH,buy_call,2.9729,1,2.0235,-0.9494,-0.009494,False
2017-02-01,UNP,buy_call,3.2317,1,1.276,-1.9558,-0.019558,False
2017-02-01,USB,buy_call,2.7389,1,4.4634,1.7246,0.017246,False
2017-02-01,V,buy_call,2.5501,1,6.3233,3.7733,0.037733,False
2017-02-01,VZ,skip,0.0,0,2.3477,0.0,0.0,False
2017-02-01,WFC,buy_call,3.4824,1,2.7517,-0.7307,-0.007307,False
2017-02-01,WMT,skip,0.0,0,6.2781,0.0,0.0,False
2017-02-01,XOM,skip,0.0,0,-3.0635,0.0,0.0,False
2017-03-01,AAPL,buy_call,3.1456,1,5.3236,2.1781,0.021781,False
2017-03-01,ABBV,buy_call,2.8264,1,5.3687,2.5423,0.025423,False
2017-03-01,ABT,buy_call,2.4594,1,-1.4862,-2.4594,-0.024594,False
2017-03-01,ADBE,buy_call,2.8745,1,9.9628,7.0884,0.070884,False
2017-03-01,ADP,buy_call,3.0196,1,-0.2241,-3.0196,-0.030196,False
2017-03-01,AMAT,buy_call,4.1737,1,7.7054,3.5317,0.035317,False
2017-03-01,AMGN,buy_call,2.8264,1,-6.4173,-2.8264,-0.028264,False
2017-03-01,AMT,buy_call,3.0196,1,5.8803,2.8607,0.028607,False
2017-03-01,AMZN,buy_call,3.8265,1,4.911,1.0845,0.010845,False
2017-03-01,AVGO,buy_call,4.1737,1,3.8069,-0.3668,-0.003668,False
2017-03-01,AXP,buy_call,2.7116,1,-1.1866,-2.7116,-0.027116,False
2017-03-01,BA,buy_call,3.0,1,-1.0257,-3.0,-0.03,False
2017-03-01,BAC,buy_call,3.1976,1,-4.4165,-3.1976,-0.031976,False
2017-03-01,BDX,buy_call,2.4594,1,0.213,-2.2464,-0.022464,False
2017-03-01,BLK,buy_call,2.7389,1,-1.0194,-2.7389,-0.027389,False
2017-03-01,BMY,buy_call,2.8264,1,-4.1086,-2.8264,-0.028264,False
2017-03-01,BRK-B,buy_call,1.809,1,-2.7651,-1.809,-0.01809,False
2017-03-01,C,buy_call,3.0,1,0.303,-2.697,-0.02697,False
2017-03-01,CAT,buy_call,3.2317,1,-4.0348,-3.2317,-0.032317,False
2017-03-01,CHTR,skip,0.0,0,1.3186,0.0,0.0,False
2017-03-01,CL,buy_call,2.0993,1,0.2878,-1.8115,-0.018115,False
2017-03-01,CMCSA,skip,0.0,0,0.4543,0.0,0.0,False
2017-03-01,COST,buy_call,2.5784,1,-5.1012,-2.5784,-0.025784,False
2017-03-01,CRM,buy_call,3.8947,1,1.4013,-2.4934,-0.024934,False
2017-03-01,CSCO,buy_call,3.0196,1,-1.1118,-3.0196,-0.030196,False
2017-03-01,CTSH,buy_call,3.0196,1,0.4218,-2.5978,-0.025978,False
2017-03-01,CVS,buy_call,2.9729,1,-2.5813,-2.9729,-0.029729,False
2017-03-01,CVX,buy_call,3.0632,1,-3.6465,-3.0632,-0.030632,False
2017-03-01,DHR,buy_call,2.4594,1,-0.0233,-2.4594,-0.024594,False
2017-03-01,DIS,skip,0.0,0,2.9976,0.0,0.0,False
2017-03-01,DUK,buy_call,1.9747,1,0.4463,-1.5284,-0.015284,False
2017-03-01,ELV,buy_call,2.9729,1,0.3397,-2.6332,-0.026332,False
2017-03-01,EOG,skip,0.0,0,0.5774,0.0,0.0,False
2017-03-01,EQIX,skip,0.0,0,7.0349,0.0,0.0,False
2017-03-01,FDX,buy_call,3.0196,1,1.1245,-1.8951,-0.018951,False
2017-03-01,GE,buy_call,3.2317,1,0.7638,-2.4679,-0.024679,False
2017-03-01,GILD,skip,0.0,0,-3.6322,0.0,0.0,False
2017-03-01,GM,buy_call,3.2317,1,-4.0174,-3.2317,-0.032317,False
2017-03-01,GOOGL,buy_call,3.4858,1,0.3397,-3.1462,-0.031462,False
2017-03-01,GS,buy_call,2.7389,1,-7.1513,-2.7389,-0.027389,False
2017-03-01,HD,buy_call,2.7959,1,1.3249,-1.471,-0.01471,False
2017-03-01,HON,buy_call,3.0196,1,0.8349,-2.1847,-0.021847,False
2017-03-01,IBM,buy_call,3.0196,1,-2.393,-3.0196,-0.030196,False
2017-03-01,INTC,skip,0.0,0,0.3522,0.0,0.0,False
2017-03-01,ISRG,buy_call,2.4594,1,3.9986,1.5392,0.015392,False
2017-03-01,ITW,buy_call,3.0196,1,0.3484,-2.6711,-0.026711,False
2017-03-01,JNJ,buy_call,2.057,1,2.5891,0.5321,0.005321,False
2017-03-01,JPM,buy_call,2.7389,1,-3.0678,-2.7389,-0.027389,False
2017-03-01,KO,buy_call,1.9747,1,1.1439,-0.8308,-0.008308,False
2017-03-01,LLY,buy_call,3.5202,1,2.2534,-1.2668,-0.012668,False
2017-03-01,LMT,buy_call,3.2317,1,1.0742,-2.1575,-0.021575,False
2017-03-01,LOW,buy_call,2.7959,1,10.5419,7.7459,0.077459,False
2017-03-01,MA,buy_call,2.7116,1,1.8197,-0.892,-0.00892,False
2017-03-01,MCD,buy_call,1.9747,1,2.2828,0.308,0.00308,False
2017-03-01,MDLZ,skip,0.0,0,-1.9126,0.0,0.0,False
2017-03-01,MDT,buy_call,2.4594,1,-0.4326,-2.4594,-0.024594,False
2017-03-01,MET,skip,0.0,0,1.4719,0.0,0.0,False
2017-03-01,META,buy_call,4.3383,1,4.803,0.4647,0.004647,False
2017-03-01,MMM,buy_call,3.0196,1,3.341,0.3215,0.003215,False
2017-03-01,MO,buy_call,2.2339,1,-4.6716,-2.2339,-0.022339,False
2017-03-01,MRK,buy_call,2.7192,1,-3.5372,-2.7192,-0.027192,False
2017-03-01,MS,buy_call,2.7389,1,-6.1966,-2.7389,-0.027389,False
2017-03-01,MSFT,skip,0.0,0,3.5625,0.0,0.0,False
2017-03-01,NEE,buy_call,1.9747,1,-1.2562,-1.9747,-0.019747,False
2017-03-01,NFLX,buy_call,4.4729,1,3.9963,-0.4766,-0.004766,False
2017-03-01,NKE,buy_call,3.5085,1,-2.5018,-3.5085,-0.035085,False
2017-03-01,NVDA,skip,0.0,0,7.4768,0.0,0.0,False
2017-03-01,ORCL,buy_call,3.5955,1,4.7429,1.1474,0.011474,False
2017-03-01,PEP,buy_call,2.2339,1,1.3408,-0.8931,-0.008931,False
2017-03-01,PFE,buy_call,2.8264,1,1.2853,-1.5411,-0.015411,False
2017-03-01,PG,buy_call,2.0993,1,-1.3396,-2.0993,-0.020993,False
2017-03-01,PM,buy_call,2.2339,1,3.2465,1.0125,0.010125,False
2017-03-01,PYPL,buy_call,2.7116,1,2.4286,-0.2831,-0.002831,False
2017-03-01,QCOM,buy_call,4.254,1,2.4718,-1.7822,-0.017822,False
2017-03-01,SBUX,buy_call,1.9747,1,3.1354,1.1607,0.011607,False
2017-03-01,SCHW,skip,0.0,0,1.1939,0.0,0.0,False
2017-03-01,SLB,skip,0.0,0,-2.2173,0.0,0.0,False
2017-03-01,SO,buy_call,1.9747,1,-0.8986,-1.9747,-0.019747,False
2017-03-01,SPG,buy_call,3.0196,1,-5.8025,-3.0196,-0.030196,False
2017-03-01,SYK,buy_call,2.4594,1,2.4035,-0.0559,-0.000559,False
2017-03-01,T,buy_call,3.1005,1,-0.5743,-3.1005,-0.031005,False
2017-03-01,TGT,skip,0.0,0,-5.2264,0.0,0.0,False
2017-03-01,TMO,buy_call,2.8279,1,-2.5875,-2.8279,-0.028279,False
2017-03-01,TMUS,buy_call,3.1005,1,3.2944,0.1939,0.001939,False
2017-03-01,TXN,buy_call,4.1737,1,5.1423,0.9686,0.009686,False
2017-03-01,UNH,buy_call,2.9729,1,-0.8284,-2.9729,-0.029729,False
2017-03-01,UNP,buy_call,3.2317,1,-1.3118,-3.2317,-0.032317,False
2017-03-01,USB,buy_call,2.7389,1,-6.3636,-2.7389,-0.027389,False
2017-03-01,V,buy_call,2.5501,1,1.2499,-1.3002,-0.013002,False
2017-03-01,VZ,buy_call,3.1005,1,-1.7731,-3.1005,-0.031005,False
2017-03-01,WFC,buy_call,3.4824,1,-3.1824,-3.4824,-0.034824,False
2017-03-01,WMT,buy_call,2.4474,1,1.6213,-0.8262,-0.008262,False
2017-03-01,XOM,skip,0.0,0,1.7707,0.0,0.0,False
2017-04-01,AAPL,buy_call,3.1456,2,-0.007,-3.1456,-0.062912,True
2017-04-01,ABBV,buy_call,2.8264,2,1.1971,-1.6294,-0.032588,True
2017-04-01,ABT,skip,0.0,0,-1.7338,0.0,0.0,True
2017-04-01,ADBE,buy_call,2.8745,2,2.7741,-0.1003,-0.002006,True
2017-04-01,ADP,skip,0.0,0,2.6119,0.0,0.0,True
2017-04-01,AMAT,buy_call,4.1737,2,4.3959,0.2222,0.004444,True
2017-04-01,AMGN,skip,0.0,0,-0.4571,0.0,0.0,True
2017-04-01,AMT,buy_call,3.0196,2,3.6202,0.6006,0.012012,True
2017-04-01,AMZN,buy_call,3.8265,2,4.3371,0.5106,0.010212,True
2017-04-01,AVGO,buy_call,4.1737,2,1.3023,-2.8714,-0.057428,True
2017-04-01,AXP,skip,0.0,0,0.177,0.0,0.0,True
2017-04-01,BA,skip,0.0,0,4.5064,0.0,0.0,True
2017-04-01,BAC,skip,0.0,0,-0.7582,0.0,0.0,True
2017-04-01,BDX,buy_call,2.4594,2,2.3305,-0.1289,-0.002578,True
2017-04-01,BLK,skip,0.0,0,0.9105,0.0,0.0,True
2017-04-01,BMY,skip,0.0,0,3.071,0.0,0.0,True
2017-04-01,BRK-B,skip,0.0,0,-0.8819,0.0,0.0,True
2017-04-01,C,buy_call,3.0,2,-1.1702,-3.0,-0.06,True
2017-04-01,CAT,skip,0.0,0,10.2415,0.0,0.0,True
2017-04-01,CHTR,buy_call,3.1005,2,5.4503,2.3498,0.046996,True
2017-04-01,CL,buy_call,2.0993,2,-1.5713,-2.0993,-0.041986,True
2017-04-01,CMCSA,buy_call,3.1005,2,4.2564,1.1559,0.023118,True
2017-04-01,COST,skip,0.0,0,5.862,0.0,0.0,True
2017-04-01,CRM,buy_call,3.8947,2,4.4005,0.5058,0.010116,True
2017-04-01,CSCO,skip,0.0,0,0.7988,0.0,0.0,True
2017-04-01,CTSH,buy_call,3.0196,2,1.1929,-1.8267,-0.036534,True
2017-04-01,CVS,skip,0.0,0,5.0191,0.0,0.0,True
2017-04-01,CVX,skip,0.0,0,-0.624,0.0,0.0,True
2017-04-01,DHR,skip,0.0,0,-2.4132,0.0,0.0,True
2017-04-01,DIS,buy_call,3.3259,2,1.949,-1.3769,-0.027538,True
2017-04-01,DUK,buy_call,1.9747,2,0.5975,-1.3773,-0.027546,True
2017-04-01,ELV,buy_call,2.9729,2,7.9872,5.0143,0.100286,True
2017-04-01,EOG,buy_call,3.2317,2,-5.1768,-3.2317,-0.064634,True
2017-04-01,EQIX,buy_call,3.0196,2,4.3285,1.3089,0.026178,True
2017-04-01,FDX,buy_call,3.0196,2,-2.5908,-3.0196,-0.060392,True
2017-04-01,GE,buy_call,3.2317,2,-2.7182,-3.2317,-0.064634,True
2017-04-01,GILD,skip,0.0,0,1.7041,0.0,0.0,True
2017-04-01,GM,skip,0.0,0,-1.0339,0.0,0.0,True
2017-04-01,GOOGL,buy_call,3.4858,2,9.0493,5.5635,0.11127,True
2017-04-01,GS,skip,0.0,0,-2.577,0.0,0.0,True
2017-04-01,HD,buy_call,2.7959,2,6.9605,4.1646,0.083292,True
2017-04-01,HON,buy_call,3.0196,2,5.0212,2.0016,0.040032,True
2017-04-01,IBM,skip,0.0,0,-7.9533,0.0,0.0,True
2017-04-01,INTC,buy_call,4.1737,2,0.2218,-3.9519,-0.079038,True
2017-04-01,ISRG,buy_call,2.4594,2,9.0545,6.5951,0.131902,True
2017-04-01,ITW,buy_call,3.0196,2,4.7548,1.7352,0.034704,True
2017-04-01,JNJ,buy_call,2.057,2,-0.8671,-2.057,-0.04114,True
2017-04-01,JPM,skip,0.0,0,-0.9563,0.0,0.0,True
2017-04-01,KO,buy_call,1.9747,2,2.5704,0.5956,0.011912,True
2017-04-01,LLY,buy_call,3.5202,2,-2.4373,-3.5202,-0.070404,True
2017-04-01,LMT,buy_call,3.2317,2,0.6913,-2.5404,-0.050808,True
2017-04-01,LOW,buy_call,2.7959,2,3.2478,0.4519,0.009038,True
2017-04-01,MA,buy_call,2.7116,2,3.4231,0.7115,0.01423,True
2017-04-01,MCD,buy_call,1.9747,2,7.9624,5.9876,0.119752,True
2017-04-01,MDLZ,skip,0.0,0,4.9829,0.0,0.0,True
2017-04-01,MDT,skip,0.0,0,3.6902,0.0,0.0,True
2017-04-01,MET,buy_call,2.7389,2,-1.9122,-2.7389,-0.054778,True
2017-04-01,META,buy_call,4.3383,2,5.7726,1.4344,0.028688,True
2017-04-01,MMM,buy_call,3.0196,2,2.3519,-0.6676,-0.013352,True
2017-04-01,MO,skip,0.0,0,1.3124,0.0,0.0,True
2017-04-01,MRK,skip,0.0,0,-1.1964,0.0,0.0,True
2017-04-01,MS,skip,0.0,0,1.2372,0.0,0.0,True
2017-04-01,MSFT,buy_call,2.8745,2,3.9478,1.0733,0.021466,True
2017-04-01,NEE,skip,0.0,0,4.043,0.0,0.0,True
2017-04-01,NFLX,buy_call,4.4729,2,2.97,-1.5029,-0.030058,True
2017-04-01,NKE,skip,0.0,0,-0.2644,0.0,0.0,True
2017-04-01,NVDA,buy_call,5.3919,2,-4.2504,-5.3919,-0.107838,True
2017-04-01,ORCL,buy_call,3.5955,2,0.7846,-2.8109,-0.056218,True
2017-04-01,PEP,buy_call,2.2339,2,1.965,-0.2689,-0.005378,True
2017-04-01,PFE,buy_call,2.8264,2,-0.8477,-2.8264,-0.056528,True
2017-04-01,PG,skip,0.0,0,-2.8047,0.0,0.0,True
2017-04-01,PM,buy_call,2.2339,2,-0.9208,-2.2339,-0.044678,True
2017-04-01,PYPL,buy_call,2.7116,2,10.9251,8.2135,0.16427,True
2017-04-01,QCOM,buy_call,4.254,2,-6.2783,-4.254,-0.08508,True
2017-04-01,SBUX,buy_call,1.9747,2,2.8601,0.8853,0.017706,True
2017-04-01,SCHW,buy_call,2.7389,2,-4.8027,-2.7389,-0.054778,True
2017-04-01,SLB,skip,0.0,0,-7.055,0.0,0.0,True
2017-04-01,SO,skip,0.0,0,0.0402,0.0,0.0,True
2017-04-01,SPG,skip,0.0,0,-3.9354,0.0,0.0,True
2017-04-01,SYK,buy_call,2.4594,2,3.9181,1.4587,0.029174,True
2017-04-01,T,skip,0.0,0,-4.621,0.0,0.0,True
2017-04-01,TGT,skip,0.0,0,1.1959,0.0,0.0,True
2017-04-01,TMO,skip,0.0,0,7.7382,0.0,0.0,True
2017-04-01,TMUS,buy_call,3.1005,2,4.1493,1.0487,0.020974,True
2017-04-01,TXN,buy_call,4.1737,2,-1.713,-4.1737,-0.083474,True
2017-04-01,UNH,skip,0.0,0,7.0251,0.0,0.0,True
2017-04-01,UNP,skip,0.0,0,5.7024,0.0,0.0,True
2017-04-01,USB,skip,0.0,0,0.1046,0.0,0.0,True
2017-04-01,V,buy_call,2.5501,2,2.6443,0.0942,0.001884,True
2017-04-01,VZ,skip,0.0,0,-5.8257,0.0,0.0,True
2017-04-01,WFC,skip,0.0,0,-3.2698,0.0,0.0,True
2017-04-01,WMT,buy_call,2.4474,2,5.0677,2.6203,0.052406,True
2017-04-01,XOM,buy_call,3.2317,2,-0.439,-3.2317,-0.064634,True
2017-05-01,AAPL,skip,0.0,0,6.3418,0.0,0.0,True
2017-05-01,ABBV,buy_call,2.8264,2,1.1174,-1.709,-0.03418,True
2017-05-01,ABT,skip,0.0,0,5.2687,0.0,0.0,True
2017-05-01,ADBE,buy_call,2.8745,2,6.0715,3.197,0.06394,True
2017-05-01,ADP,buy_call,3.0196,2,-2.0289,-3.0196,-0.060392,True
2017-05-01,AMAT,buy_call,4.1737,2,12.9771,8.8034,0.176068,True
2017-05-01,AMGN,skip,0.0,0,-4.9474,0.0,0.0,True
2017-05-01,AMT,buy_call,3.0196,2,4.7002,1.6806,0.033612,True
2017-05-01,AMZN,buy_call,3.8265,2,7.5276,3.7012,0.074024,True
2017-05-01,AVGO,buy_call,4.1737,2,8.4552,4.2815,0.08563,True
2017-05-01,AXP,buy_call,2.7116,2,-2.5162,-2.7116,-0.054232,True
2017-05-01,BA,buy_call,3.0,2,1.5149,-1.4851,-0.029702,True
2017-05-01,BAC,skip,0.0,0,-3.9846,0.0,0.0,True
2017-05-01,BDX,buy_call,2.4594,2,1.2087,-1.2507,-0.025014,True
2017-05-01,BLK,buy_call,2.7389,2,6.415,3.6761,0.073522,True
2017-05-01,BMY,buy_call,2.8264,2,-3.0483,-2.8264,-0.056528,True
2017-05-01,BRK-B,skip,0.0,0,0.0424,0.0,0.0,True
2017-05-01,C,skip,0.0,0,2.6753,0.0,0.0,True
2017-05-01,CAT,buy_call,3.2317,2,3.9563,0.7246,0.014492,True
2017-05-01,CHTR,buy_call,3.1005,2,0.113,-2.9876,-0.059752,True
2017-05-01,CL,skip,0.0,0,6.5699,0.0,0.0,True
2017-05-01,CMCSA,buy_call,3.1005,2,6.8282,3.7277,0.074554,True
2017-05-01,COST,buy_call,2.5784,2,1.6393,-0.9392,-0.018784,True
2017-05-01,CRM,buy_call,3.8947,2,4.0873,0.1926,0.003852,True
2017-05-01,CSCO,buy_call,3.0196,2,-6.649,-3.0196,-0.060392,True
2017-05-01,CTSH,buy_call,3.0196,2,11.0908,8.0713,0.161426,True
2017-05-01,CVS,buy_call,2.9729,2,-6.2056,-2.9729,-0.059458,True
2017-05-01,CVX,skip,0.0,0,-3.0178,0.0,0.0,True
2017-05-01,DHR,skip,0.0,0,1.9321,0.0,0.0,True
2017-05-01,DIS,buy_call,3.3259,2,-6.6263,-3.3259,-0.066518,True
2017-05-01,DUK,buy_call,1.9747,2,3.8546,1.8798,0.037596,True
2017-05-01,ELV,buy_call,2.9729,2,2.5072,-0.4657,-0.009314,True
2017-05-01,EOG,skip,0.0,0,-2.2009,0.0,0.0,True
2017-05-01,EQIX,buy_call,3.0196,2,5.5806,2.561,0.05122,True
2017-05-01,FDX,skip,0.0,0,2.1824,0.0,0.0,True
2017-05-01,GE,skip,0.0,0,-5.5536,0.0,0.0,True
2017-05-01,GILD,buy_call,2.8264,2,-5.3392,-2.8264,-0.056528,True
2017-05-01,GM,skip,0.0,0,-2.0496,0.0,0.0,True
2017-05-01,GOOGL,buy_call,3.4858,2,6.7678,3.282,0.06564,True
2017-05-01,GS,skip,0.0,0,-5.6032,0.0,0.0,True
2017-05-01,HD,buy_call,2.7959,2,-1.6592,-2.7959,-0.055918,True
2017-05-01,HON,buy_call,3.0196,2,1.4107,-1.6089,-0.032178,True
2017-05-01,IBM,skip,0.0,0,-4.7789,0.0,0.0,True
2017-05-01,INTC,buy_call,4.1737,2,-0.1107,-4.1737,-0.083474,True
2017-05-01,ISRG,buy_call,2.4594,2,9.4285,6.9691,0.139382,True
2017-05-01,ITW,buy_call,3.0196,2,2.2666,-0.7529,-0.015058,True
2017-05-01,JNJ,skip,0.0,0,3.8714,0.0,0.0,True
2017-05-01,JPM,skip,0.0,0,-5.0321,0.0,0.0,True
2017-05-01,KO,buy_call,1.9747,2,5.3766,3.4018,0.068036,True
2017-05-01,LLY,skip,0.0,0,-3.0344,0.0,0.0,True
2017-05-01,LMT,buy_call,3.2317,2,4.3348,1.103,0.02206,True
2017-05-01,LOW,buy_call,2.7959,2,-6.8076,-2.7959,-0.055918,True
2017-05-01,MA,buy_call,2.7116,2,5.8474,3.1357,0.062714,True
2017-05-01,MCD,buy_call,1.9747,2,7.8325,5.8578,0.117156,True
2017-05-01,MDLZ,buy_call,2.2339,2,3.4643,1.2304,0.024608,True
2017-05-01,MDT,buy_call,2.4594,2,1.4322,-1.0272,-0.020544,True
2017-05-01,MET,skip,0.0,0,-2.3548,0.0,0.0,True
2017-05-01,META,buy_call,4.3383,2,0.8053,-3.5329,-0.070658,True
2017-05-01,MMM,buy_call,3.0196,2,4.412,1.3924,0.027848,True
2017-05-01,MO,buy_call,2.2339,2,5.0989,2.865,0.0573,True
2017-05-01,MRK,skip,0.0,0,4.4601,0.0,0.0,True
2017-05-01,MS,buy_call,2.7389,2,-3.3226,-2.7389,-0.054778,True
2017-05-01,MSFT,buy_call,2.8745,2,2.0158,-0.8586,-0.017172,True
2017-05-01,NEE,buy_call,1.9747,2,5.8999,3.9252,0.078504,True
2017-05-01,NFLX,buy_call,4.4729,2,7.1419,2.669,0.05338,True
2017-05-01,NKE,skip,0.0,0,-4.3675,0.0,0.0,True
2017-05-01,NVDA,skip,0.0,0,38.3988,0.0,0.0,True
2017-05-01,ORCL,buy_call,3.5955,2,1.3914,-2.2041,-0.044082,True
2017-05-01,PEP,buy_call,2.2339,2,3.1691,0.9352,0.018704,True
2017-05-01,PFE,skip,0.0,0,-3.7441,0.0,0.0,True
2017-05-01,PG,skip,0.0,0,1.6426,0.0,0.0,True
2017-05-01,PM,skip,0.0,0,8.0837,0.0,0.0,True
2017-05-01,PYPL,buy_call,2.7116,2,9.4091,6.6974,0.133948,True
2017-05-01,QCOM,skip,0.0,0,6.5687,0.0,0.0,True
2017-05-01,SBUX,buy_call,1.9747,2,5.9108,3.936,0.07872,True
2017-05-01,SCHW,skip,0.0,0,-0.2574,0.0,0.0,True
2017-05-01,SLB,skip,0.0,0,-4.1328,0.0,0.0,True
2017-05-01,SO,buy_call,1.9747,2,1.6265,-0.3483,-0.006966,True
2017-05-01,SPG,skip,0.0,0,-6.6622,0.0,0.0,True
2017-05-01,SYK,buy_call,2.4594,2,4.8324,2.373,0.04746,True
2017-05-01,T,skip,0.0,0,-1.232,0.0,0.0,True
2017-05-01,TGT,buy_call,2.4474,2,-1.2534,-2.4474,-0.048948,True
2017-05-01,TMO,buy_call,2.8279,2,4.5121,1.6843,0.033686,True
2017-05-01,TMUS,buy_call,3.1005,2,0.223,-2.8776,-0.057552,True
2017-05-01,TXN,skip,0.0,0,4.8266,0.0,0.0,True
2017-05-01,UNH,buy_call,2.9729,2,0.1715,-2.8014,-0.056028,True
2017-05-01,UNP,buy_call,3.2317,2,-1.4827,-3.2317,-0.064634,True
2017-05-01,USB,buy_call,2.7389,2,-0.7605,-2.7389,-0.054778,True
2017-05-01,V,buy_call,2.5501,2,4.396,1.8459,0.036918,True
2017-05-01,VZ,skip,0.0,0,2.8022,0.0,0.0,True
2017-05-01,WFC,skip,0.0,0,-5.0149,0.0,0.0,True
2017-05-01,WMT,buy_call,2.4474,2,4.5491,2.1017,0.042034,True
2017-05-01,XOM,skip,0.0,0,-1.4085,0.0,0.0,True
2017-06-01,AAPL,buy_call,3.1456,2,-5.3322,-3.1456,-0.062912,True
2017-06-01,ABBV,buy_call,2.8264,2,9.8304,7.004,0.14008,True
2017-06-01,ABT,buy_call,2.4594,2,6.4608,4.0014,0.080028,True
2017-06-01,ADBE,buy_call,2.8745,2,-0.2961,-2.8745,-0.05749,True
2017-06-01,ADP,skip,0.0,0,0.0879,0.0,0.0,True
2017-06-01,AMAT,buy_call,4.1737,2,-9.759,-4.1737,-0.083474,True
2017-06-01,AMGN,skip,0.0,0,11.7464,0.0,0.0,True
2017-06-01,AMT,buy_call,3.0196,2,0.8614,-2.1582,-0.043164,True
2017-06-01,AMZN,buy_call,3.8265,2,-2.6764,-3.8265,-0.07653,True
2017-06-01,AVGO,buy_call,4.1737,2,-2.685,-4.1737,-0.083474,True
2017-06-01,AXP,skip,0.0,0,9.4879,0.0,0.0,True
2017-06-01,BA,buy_call,3.0,2,6.2004,3.2004,0.064008,True
2017-06-01,BAC,skip,0.0,0,8.6108,0.0,0.0,True
2017-06-01,BDX,buy_call,2.4594,2,3.1073,0.6479,0.012958,True
2017-06-01,BLK,buy_call,2.7389,2,3.2182,0.4793,0.009586,True
2017-06-01,BMY,skip,0.0,0,3.2808,0.0,0.0,True
2017-06-01,BRK-B,buy_call,1.809,2,2.4746,0.6656,0.013312,True
2017-06-01,C,buy_call,3.0,2,10.4724,7.4724,0.149448,True
2017-06-01,CAT,buy_call,3.2317,2,1.9254,-1.3063,-0.026126,True
2017-06-01,CHTR,buy_call,3.1005,2,-2.5177,-3.1005,-0.06201,True
2017-06-01,CL,buy_call,2.0993,2,-2.9204,-2.0993,-0.041986,True
2017-06-01,CMCSA,buy_call,3.1005,2,-6.6443,-3.1005,-0.06201,True
2017-06-01,COST,buy_call,2.5784,2,-7.5116,-2.5784,-0.051568,True
2017-06-01,CRM,buy_call,3.8947,2,-3.3913,-3.8947,-0.077894,True
2017-06-01,CSCO,skip,0.0,0,-0.7295,0.0,0.0,True
2017-06-01,CTSH,buy_call,3.0196,2,-0.5309,-3.0196,-0.060392,True
2017-06-01,CVS,skip,0.0,0,4.7247,0.0,0.0,True
2017-06-01,CVX,skip,0.0,0,1.847,0.0,0.0,True
2017-06-01,DHR,buy_call,2.4594,2,-0.6475,-2.4594,-0.049188,True
2017-06-01,DIS,skip,0.0,0,-1.5657,0.0,0.0,True
2017-06-01,DUK,buy_call,1.9747,2,-1.4253,-1.9747,-0.039494,True
2017-06-01,ELV,buy_call,2.9729,2,3.1697,0.1968,0.003936,True
2017-06-01,EOG,skip,0.0,0,0.2326,0.0,0.0,True
2017-06-01,EQIX,buy_call,3.0196,2,-2.2288,-3.0196,-0.060392,True
2017-06-01,FDX,buy_call,3.0196,2,12.1182,9.0986,0.181972,True
2017-06-01,GE,skip,0.0,0,-1.3514,0.0,0.0,True
2017-06-01,GILD,skip,0.0,0,9.0769,0.0,0.0,True
2017-06-01,GM,skip,0.0,0,2.9473,0.0,0.0,True
2017-06-01,GOOGL,buy_call,3.4858,2,-5.8161,-3.4858,-0.069716,True
2017-06-01,GS,skip,0.0,0,5.3901,0.0,0.0,True
2017-06-01,HD,skip,0.0,0,0.5058,0.0,0.0,True
2017-06-01,HON,buy_call,3.0196,2,0.733,-2.2865,-0.04573,True
2017-06-01,IBM,skip,0.0,0,1.7708,0.0,0.0,True
2017-06-01,INTC,skip,0.0,0,-5.8682,0.0,0.0,True
2017-06-01,ISRG,buy_call,2.4594,2,2.262,-0.1974,-0.003948,True
2017-06-01,ITW,buy_call,3.0196,2,1.4375,-1.5821,-0.031642,True
2017-06-01,JNJ,buy_call,2.057,2,3.8341,1.7771,0.035542,True
2017-06-01,JPM,skip,0.0,0,11.2599,0.0,0.0,True
2017-06-01,KO,buy_call,1.9747,2,-1.3635,-1.9747,-0.039494,True
2017-06-01,LLY,skip,0.0,0,4.0988,0.0,0.0,True
2017-06-01,LMT,buy_call,3.2317,2,-0.6144,-3.2317,-0.064634,True
2017-06-01,LOW,skip,0.0,0,-1.5742,0.0,0.0,True
2017-06-01,MA,buy_call,2.7116,2,-1.1637,-2.7116,-0.054232,True
2017-06-01,MCD,buy_call,1.9747,2,1.5044,-0.4703,-0.009406,True
2017-06-01,MDLZ,buy_call,2.2339,2,-7.2977,-2.2339,-0.044678,True
2017-06-01,MDT,buy_call,2.4594,2,5.3037,2.8443,0.056886,True
2017-06-01,MET,skip,0.0,0,9.4388,0.0,0.0,True
2017-06-01,META,buy_call,4.3383,2,-0.3169,-4.3383,-0.086766,True
2017-06-01,MMM,buy_call,3.0196,2,2.4274,-0.5921,-0.011842,True
2017-06-01,MO,buy_call,2.2339,2,-1.2858,-2.2339,-0.044678,True
2017-06-01,MRK,buy_call,2.7192,2,-1.5666,-2.7192,-0.054384,True
2017-06-01,MS,skip,0.0,0,6.7561,0.0,0.0,True
2017-06-01,MSFT,buy_call,2.8745,2,-0.7373,-2.8745,-0.05749,True
2017-06-01,NEE,buy_call,1.9747,2,-0.2263,-1.9747,-0.039494,True
2017-06-01,NFLX,buy_call,4.4729,2,-8.3768,-4.4729,-0.089458,True
2017-06-01,NKE,skip,0.0,0,11.3418,0.0,0.0,True
2017-06-01,NVDA,buy_call,5.3919,2,0.251,-5.1409,-0.102818,True
2017-06-01,ORCL,buy_call,3.5955,2,10.4648,6.8694,0.137388,True
2017-06-01,PEP,buy_call,2.2339,2,-0.5021,-2.2339,-0.044678,True
2017-06-01,PFE,skip,0.0,0,3.8748,0.0,0.0,True
2017-06-01,PG,buy_call,2.0993,2,-1.0671,-2.0993,-0.041986,True
2017-06-01,PM,buy_call,2.2339,2,-1.9616,-2.2339,-0.044678,True
2017-06-01,PYPL,buy_call,2.7116,2,2.7964,0.0848,0.001696,True
2017-06-01,QCOM,buy_call,4.254,2,-2.63,-4.254,-0.08508,True
2017-06-01,SBUX,buy_call,1.9747,2,-7.9544,-1.9747,-0.039494,True
2017-06-01,SCHW,skip,0.0,0,11.0839,0.0,0.0,True
2017-06-01,SLB,skip,0.0,0,-4.7089,0.0,0.0,True
2017-06-01,SO,buy_call,1.9747,2,-4.2809,-1.9747,-0.039494,True
2017-06-01,SPG,skip,0.0,0,6.0471,0.0,0.0,True
2017-06-01,SYK,buy_call,2.4594,2,-2.9239,-2.4594,-0.049188,True
2017-06-01,T,skip,0.0,0,-2.0763,0.0,0.0,True
2017-06-01,TGT,skip,0.0,0,-4.1553,0.0,0.0,True
2017-06-01,TMO,buy_call,2.8279,2,0.9723,-1.8556,-0.037112,True
2017-06-01,TMUS,buy_call,3.1005,2,-10.086,-3.1005,-0.06201,True
2017-06-01,TXN,buy_call,4.1737,2,-6.7402,-4.1737,-0.083474,True
2017-06-01,UNH,buy_call,2.9729,2,5.8454,2.8726,0.057452,True
2017-06-01,UNP,skip,0.0,0,-0.7126,0.0,0.0,True
2017-06-01,USB,skip,0.0,0,2.024,0.0,0.0,True
2017-06-01,V,buy_call,2.5501,2,-1.3479,-2.5501,-0.051002,True
2017-06-01,VZ,buy_call,3.1005,2,-4.2453,-3.1005,-0.06201,True
2017-06-01,WFC,skip,0.0,0,9.1098,0.0,0.0,True
2017-06-01,WMT,buy_call,2.4474,2,-3.0707,-2.4474,-0.048948,True
2017-06-01,XOM,skip,0.0,0,1.2328,0.0,0.0,True
2017-07-01,AAPL,skip,0.0,0,3.2704,0.0,0.0,True
2017-07-01,ABBV,buy_call,2.8264,4,-3.5857,-2.8264,-0.113056,True
2017-07-01,ABT,buy_call,2.4594,4,1.1726,-1.2867,-0.051468,True
2017-07-01,ADBE,skip,0.0,0,3.5704,0.0,0.0,True
2017-07-01,ADP,buy_call,3.0196,4,16.7124,13.6928,0.547712,True
2017-07-01,AMAT,skip,0.0,0,7.2622,0.0,0.0,True
2017-07-01,AMGN,buy_call,2.8264,4,1.3238,-1.5026,-0.060104,True
2017-07-01,AMT,buy_call,3.0196,4,3.5383,0.5187,0.020748,True
2017-07-01,AMZN,skip,0.0,0,2.0434,0.0,0.0,True
2017-07-01,AVGO,skip,0.0,0,6.2907,0.0,0.0,True
2017-07-01,AXP,buy_call,2.7116,4,1.1752,-1.5364,-0.061456,True
2017-07-01,BA,buy_call,3.0,4,22.6094,19.6094,0.784376,True
2017-07-01,BAC,buy_call,3.1976,4,-0.5771,-3.1976,-0.127904,True
2017-07-01,BDX,buy_call,2.4594,4,3.618,1.1586,0.046344,True
2017-07-01,BLK,buy_call,2.7389,4,1.596,-1.1429,-0.045716,True
2017-07-01,BMY,buy_call,2.8264,4,2.1177,-0.7087,-0.028348,True
2017-07-01,BRK-B,buy_call,1.809,4,3.3064,1.4974,0.059896,True
2017-07-01,C,buy_call,3.0,4,2.3474,-0.6526,-0.026104,True
2017-07-01,CAT,buy_call,3.2317,4,6.0395,2.8077,0.112308,True
2017-07-01,CHTR,skip,0.0,0,16.3634,0.0,0.0,True
2017-07-01,CL,skip,0.0,0,-2.6035,0.0,0.0,True
2017-07-01,CMCSA,skip,0.0,0,4.3553,0.0,0.0,True
2017-07-01,COST,skip,0.0,0,-0.8879,0.0,0.0,True
2017-07-01,CRM,skip,0.0,0,4.8499,0.0,0.0,True
2017-07-01,CSCO,skip,0.0,0,0.4792,0.0,0.0,True
2017-07-01,CTSH,skip,0.0,0,4.3976,0.0,0.0,True
2017-07-01,CVS,buy_call,2.9729,4,-0.6587,-2.9729,-0.118916,True
2017-07-01,CVX,buy_call,3.0632,4,4.6583,1.5951,0.063804,True
2017-07-01,DHR,skip,0.0,0,-3.2764,0.0,0.0,True
2017-07-01,DIS,skip,0.0,0,3.4635,0.0,0.0,True
2017-07-01,DUK,skip,0.0,0,1.8304,0.0,0.0,True
2017-07-01,ELV,buy_call,2.9729,4,-0.6765,-2.9729,-0.118916,True
2017-07-01,EOG,buy_call,3.2317,4,5.1039,1.8721,0.074884,True
2017-07-01,EQIX,skip,0.0,0,5.0261,0.0,0.0,True
2017-07-01,FDX,buy_call,3.0196,4,-4.0518,-3.0196,-0.120784,True
2017-07-01,GE,skip,0.0,0,-4.3834,0.0,0.0,True
2017-07-01,GILD,buy_call,2.8264,4,8.3671,5.5407,0.221628,True
2017-07-01,GM,buy_call,3.2317,4,4.1555,0.9238,0.036952,True
2017-07-01,GOOGL,skip,0.0,0,1.7017,0.0,0.0,True
2017-07-01,GS,buy_call,2.7389,4,1.5457,-1.1932,-0.047728,True
2017-07-01,HD,buy_call,2.7959,4,-2.4772,-2.7959,-0.111836,True
2017-07-01,HON,buy_call,3.0196,4,2.1232,-0.8964,-0.035856,True
2017-07-01,IBM,buy_call,3.0196,4,-5.9546,-3.0196,-0.120784,True
2017-07-01,INTC,skip,0.0,0,5.1274,0.0,0.0,True
2017-07-01,ISRG,buy_call,2.4594,4,0.309,-2.1504,-0.086016,True
2017-07-01,ITW,buy_call,3.0196,4,-1.3223,-3.0196,-0.120784,True
2017-07-01,JNJ,buy_call,2.057,4,0.3251,-1.7319,-0.069276,True
2017-07-01,JPM,buy_call,2.7389,4,0.4377,-2.3012,-0.092048,True
2017-07-01,KO,skip,0.0,0,3.0485,0.0,0.0,True
2017-07-01,LLY,buy_call,3.5202,4,0.4375,-3.0827,-0.123308,True
2017-07-01,LMT,skip,0.0,0,5.2304,0.0,0.0,True
2017-07-01,LOW,skip,0.0,0,-0.1677,0.0,0.0,True
2017-07-01,MA,skip,0.0,0,5.2285,0.0,0.0,True
2017-07-01,MCD,buy_call,1.9747,4,1.9277,-0.047,-0.00188,True
2017-07-01,MDLZ,skip,0.0,0,2.3641,0.0,0.0,True
2017-07-01,MDT,buy_call,2.4594,4,-5.3859,-2.4594,-0.098376,True
2017-07-01,MET,buy_call,2.7389,4,0.1092,-2.6297,-0.105188,True
2017-07-01,META,skip,0.0,0,12.1009,0.0,0.0,True
2017-07-01,MMM,buy_call,3.0196,4,-3.3719,-3.0196,-0.120784,True
2017-07-01,MO,skip,0.0,0,-12.0452,0.0,0.0,True
2017-07-01,MRK,skip,0.0,0,0.4052,0.0,0.0,True
2017-07-01,MS,buy_call,2.7389,4,5.2513,2.5124,0.100496,True
2017-07-01,MSFT,skip,0.0,0,5.4693,0.0,0.0,True
2017-07-01,NEE,skip,0.0,0,4.2532,0.0,0.0,True
2017-07-01,NFLX,skip,0.0,0,21.5849,0.0,0.0,True
2017-07-01,NKE,buy_call,3.5085,4,0.4258,-3.0827,-0.123308,True
2017-07-01,NVDA,buy_call,5.3919,4,12.417,7.0251,0.281004,True
2017-07-01,ORCL,buy_call,3.5955,4,-0.4189,-3.5955,-0.14382,True
2017-07-01,PEP,skip,0.0,0,0.9698,0.0,0.0,True
2017-07-01,PFE,buy_call,2.8264,4,-1.2802,-2.8264,-0.113056,True
2017-07-01,PG,skip,0.0,0,4.2111,0.0,0.0,True
2017-07-01,PM,skip,0.0,0,0.2236,0.0,0.0,True
2017-07-01,PYPL,buy_call,2.7116,4,9.0926,6.381,0.25524,True
2017-07-01,QCOM,skip,0.0,0,-3.6762,0.0,0.0,True
2017-07-01,SBUX,skip,0.0,0,-7.4258,0.0,0.0,True
2017-07-01,SCHW,buy_call,2.7389,4,-0.1397,-2.7389,-0.109556,True
2017-07-01,SLB,skip,0.0,0,4.192,0.0,0.0,True
2017-07-01,SO,skip,0.0,0,0.1044,0.0,0.0,True
2017-07-01,SPG,buy_call,3.0196,4,-2.0153,-3.0196,-0.120784,True
2017-07-01,SYK,skip,0.0,0,6.3188,0.0,0.0,True
2017-07-01,T,skip,0.0,0,3.3661,0.0,0.0,True
2017-07-01,TGT,skip,0.0,0,8.3764,0.0,0.0,True
2017-07-01,TMO,buy_call,2.8279,4,0.6947,-2.1332,-0.085328,True
2017-07-01,TMUS,skip,0.0,0,1.7156,0.0,0.0,True
2017-07-01,TXN,skip,0.0,0,5.7845,0.0,0.0,True
2017-07-01,UNH,buy_call,2.9729,4,3.8734,0.9005,0.03602,True
2017-07-01,UNP,skip,0.0,0,-5.4632,0.0,0.0,True
2017-07-01,USB,buy_call,2.7389,4,2.2129,-0.5259,-0.021036,True
2017-07-01,V,skip,0.0,0,6.1633,0.0,0.0,True
2017-07-01,VZ,skip,0.0,0,8.3744,0.0,0.0,True
2017-07-01,WFC,buy_call,3.4824,4,-2.6529,-3.4824,-0.139296,True
2017-07-01,WMT,skip,0.0,0,5.695,0.0,0.0,True
2017-07-01,XOM,buy_call,3.2317,4,-0.8547,-3.2317,-0.129268,True
2017-08-01,AAPL,buy_call,3.1456,4,10.2669,7.1214,0.284856,True
2017-08-01,ABBV,skip,0.0,0,8.6781,0.0,0.0,True
2017-08-01,ABT,buy_call,2.4594,4,4.1519,1.6925,0.0677,True
2017-08-01,ADBE,buy_call,2.8745,4,5.9185,3.044,0.12176,True
2017-08-01,ADP,buy_call,3.0196,4,-10.4617,-3.0196,-0.120784,True
2017-08-01,AMAT,buy_call,4.1737,4,1.828,-2.3457,-0.093828,True
2017-08-01,AMGN,buy_call,2.8264,4,1.8681,-0.9583,-0.038332,True
2017-08-01,AMT,buy_call,3.0196,4,8.5968,5.5772,0.223088,True
2017-08-01,AMZN,buy_call,3.8265,4,-0.7269,-3.8265,-0.15306,True
2017-08-01,AVGO,buy_call,4.1737,4,2.1933,-1.9804,-0.079216,True
2017-08-01,AXP,buy_call,2.7116,4,1.4021,-1.3096,-0.052384,True
2017-08-01,BA,buy_call,3.0,4,-1.1548,-3.0,-0.12,True
2017-08-01,BAC,skip,0.0,0,-0.9536,0.0,0.0,True
2017-08-01,BDX,buy_call,2.4594,4,-0.9732,-2.4594,-0.098376,True
2017-08-01,BLK,buy_call,2.7389,4,-1.7631,-2.7389,-0.109556,True
2017-08-01,BMY,buy_call,2.8264,4,7.0336,4.2072,0.168288,True
2017-08-01,BRK-B,buy_call,1.809,4,3.5378,1.7288,0.069152,True
2017-08-01,C,buy_call,3.0,4,-0.6136,-3.0,-0.12,True
2017-08-01,CAT,buy_call,3.2317,4,3.8509,0.6191,0.024764,True
2017-08-01,CHTR,buy_call,3.1005,4,1.6762,-1.4244,-0.056976,True
2017-08-01,CL,skip,0.0,0,-0.2231,0.0,0.0,True
2017-08-01,CMCSA,buy_call,3.1005,4,0.3955,-2.705,-0.1082,True
2017-08-01,COST,skip,0.0,0,-1.1167,0.0,0.0,True
2017-08-01,CRM,buy_call,3.8947,4,5.1652,1.2705,0.05082,True
2017-08-01,CSCO,buy_call,3.0196,4,3.3734,0.3538,0.014152,True
2017-08-01,CTSH,buy_call,3.0196,4,2.0918,-0.9278,-0.037112,True
2017-08-01,CVS,skip,0.0,0,-2.6111,0.0,0.0,True
2017-08-01,CVX,buy_call,3.0632,4,-1.4378,-3.0632,-0.122528,True
2017-08-01,DHR,skip,0.0,0,2.3684,0.0,0.0,True
2017-08-01,DIS,buy_call,3.3259,4,-7.2566,-3.3259,-0.133036,True
2017-08-01,DUK,buy_call,1.9747,4,2.5611,0.5863,0.023452,True
2017-08-01,ELV,skip,0.0,0,5.279,0.0,0.0,True
2017-08-01,EOG,buy_call,3.2317,4,-10.5025,-3.2317,-0.129268,True
2017-08-01,EQIX,buy_call,3.0196,4,3.9225,0.903,0.03612,True
2017-08-01,FDX,skip,0.0,0,3.0524,0.0,0.0,True
2017-08-01,GE,skip,0.0,0,-4.139,0.0,0.0,True
2017-08-01,GILD,buy_call,2.8264,4,10.0144,7.188,0.28752,True
2017-08-01,GM,buy_call,3.2317,4,1.5564,-1.6753,-0.067012,True
2017-08-01,GOOGL,buy_call,3.4858,4,1.0301,-2.4557,-0.098228,True
2017-08-01,GS,buy_call,2.7389,4,-0.7056,-2.7389,-0.109556,True
2017-08-01,HD,skip,0.0,0,0.1804,0.0,0.0,True
2017-08-01,HON,buy_call,3.0196,4,1.5795,-1.4401,-0.057604,True
2017-08-01,IBM,skip,0.0,0,-1.1336,0.0,0.0,True
2017-08-01,INTC,buy_call,4.1737,4,-1.1277,-4.1737,-0.166948,True
2017-08-01,ISRG,buy_call,2.4594,4,7.078,4.6186,0.184744,True
2017-08-01,ITW,skip,0.0,0,-2.2742,0.0,0.0,True
2017-08-01,JNJ,buy_call,2.057,4,-0.2637,-2.057,-0.08228,True
2017-08-01,JPM,buy_call,2.7389,4,-0.4467,-2.7389,-0.109556,True
2017-08-01,KO,buy_call,1.9747,4,-0.6326,-1.9747,-0.078988,True
2017-08-01,LLY,buy_call,3.5202,4,-1.6574,-3.5202,-0.140808,True
2017-08-01,LMT,buy_call,3.2317,4,4.5391,1.3073,0.052292,True
2017-08-01,LOW,skip,0.0,0,-4.0019,0.0,0.0,True
2017-08-01,MA,buy_call,2.7116,4,4.494,1.7823,0.071292,True
2017-08-01,MCD,buy_call,1.9747,4,3.1133,1.1386,0.045544,True
2017-08-01,MDLZ,buy_call,2.2339,4,-7.6329,-2.2339,-0.089356,True
2017-08-01,MDT,skip,0.0,0,-3.4897,0.0,0.0,True
2017-08-01,MET,buy_call,2.7389,4,-4.4668,-2.7389,-0.109556,True
2017-08-01,META,buy_call,4.3383,4,1.6071,-2.7312,-0.109248,True
2017-08-01,MMM,skip,0.0,0,1.5658,0.0,0.0,True
2017-08-01,MO,skip,0.0,0,-2.4165,0.0,0.0,True
2017-08-01,MRK,buy_call,2.7192,4,-0.0313,-2.7192,-0.108768,True
2017-08-01,MS,buy_call,2.7389,4,-2.4686,-2.7389,-0.109556,True
2017-08-01,MSFT,buy_call,2.8745,4,2.8473,-0.0271,-0.001084,True
2017-08-01,NEE,buy_call,1.9747,4,3.0255,1.0507,0.042028,True
2017-08-01,NFLX,buy_call,4.4729,4,-3.8258,-4.4729,-0.178916,True
2017-08-01,NKE,buy_call,3.5085,4,-10.5673,-3.5085,-0.14034,True
2017-08-01,NVDA,buy_call,5.3919,4,4.2644,-1.1275,-0.0451,True
2017-08-01,ORCL,skip,0.0,0,1.1814,0.0,0.0,True
2017-08-01,PEP,buy_call,2.2339,4,-0.7546,-2.2339,-0.089356,True
2017-08-01,PFE,skip,0.0,0,2.2919,0.0,0.0,True
2017-08-01,PG,buy_call,2.0993,4,2.3936,0.2943,0.011772,True
2017-08-01,PM,buy_call,2.2339,4,0.1885,-2.0455,-0.08182,True
2017-08-01,PYPL,buy_call,2.7116,4,5.3459,2.6342,0.105368,True
2017-08-01,QCOM,skip,0.0,0,-1.7296,0.0,0.0,True
2017-08-01,SBUX,skip,0.0,0,1.6303,0.0,0.0,True
2017-08-01,SCHW,skip,0.0,0,-6.993,0.0,0.0,True
2017-08-01,SLB,buy_call,3.2317,4,-7.4198,-3.2317,-0.129268,True
2017-08-01,SO,buy_call,1.9747,4,0.6885,-1.2862,-0.051448,True
2017-08-01,SPG,skip,0.0,0,-1.0411,0.0,0.0,True
2017-08-01,SYK,buy_call,2.4594,4,-3.8953,-2.4594,-0.098376,True
2017-08-01,T,buy_call,3.1005,4,-2.2857,-3.1005,-0.12402,True
2017-08-01,TGT,buy_call,2.4474,4,-3.7763,-2.4474,-0.097896,True
2017-08-01,TMO,buy_call,2.8279,4,6.6143,3.7864,0.151456,True
2017-08-01,TMUS,buy_call,3.1005,4,4.9465,1.8459,0.073836,True
2017-08-01,TXN,buy_call,4.1737,4,2.3898,-1.7839,-0.071356,True
2017-08-01,UNH,buy_call,2.9729,4,3.6964,0.7235,0.02894,True
2017-08-01,UNP,skip,0.0,0,2.2727,0.0,0.0,True
2017-08-01,USB,buy_call,2.7389,4,-2.8988,-2.7389,-0.109556,True
2017-08-01,V,buy_call,2.5501,4,3.9775,1.4274,0.057096,True
2017-08-01,VZ,buy_call,3.1005,4,0.4114,-2.6891,-0.107564,True
2017-08-01,WFC,skip,0.0,0,-5.3207,0.0,0.0,True
2017-08-01,WMT,buy_call,2.4474,4,-2.4003,-2.4474,-0.097896,True
2017-08-01,XOM,skip,0.0,0,-4.6352,0.0,0.0,True
2017-09-01,AAPL,buy_call,3.1456,8,-5.6553,-3.1456,-0.251648,True
2017-09-01,ABBV,buy_call,2.8264,8,18.008,15.1816,1.214528,True
2017-09-01,ABT,buy_call,2.4594,8,4.7507,2.2913,0.183304,True
2017-09-01,ADBE,buy_call,2.8745,8,-3.8541,-2.8745,-0.22996,True
2017-09-01,ADP,skip,0.0,0,2.6768,0.0,0.0,True
2017-09-01,AMAT,buy_call,4.1737,8,15.7149,11.5412,0.923296,True
2017-09-01,AMGN,buy_call,2.8264,8,5.5901,2.7636,0.221088,True
2017-09-01,AMT,buy_call,3.0196,8,-7.6798,-3.0196,-0.241568,True
2017-09-01,AMZN,skip,0.0,0,-1.9631,0.0,0.0,True
2017-09-01,AVGO,buy_call,4.1737,8,-3.7807,-4.1737,-0.333896,True
2017-09-01,AXP,buy_call,2.7116,8,5.0639,2.3522,0.188176,True
2017-09-01,BA,skip,0.0,0,6.7037,0.0,0.0,True
2017-09-01,BAC,skip,0.0,0,6.6121,0.0,0.0,True
2017-09-01,BDX,skip,0.0,0,-1.7499,0.0,0.0,True
2017-09-01,BLK,skip,0.0,0,7.3463,0.0,0.0,True
2017-09-01,BMY,buy_call,2.8264,8,5.3902,2.5638,0.205104,True
2017-09-01,BRK-B,buy_call,1.809,8,1.1923,-0.6167,-0.049336,True
2017-09-01,C,skip,0.0,0,7.4186,0.0,0.0,True
2017-09-01,CAT,buy_call,3.2317,8,6.1452,2.9135,0.23308,True
2017-09-01,CHTR,buy_call,3.1005,8,-8.8122,-3.1005,-0.24804,True
2017-09-01,CL,skip,0.0,0,1.689,0.0,0.0,True
2017-09-01,CMCSA,buy_call,3.1005,8,-5.245,-3.1005,-0.24804,True
2017-09-01,COST,skip,0.0,0,5.152,0.0,0.0,True
2017-09-01,CRM,buy_call,3.8947,8,-2.1678,-3.8947,-0.311576,True
2017-09-01,CSCO,buy_call,3.0196,8,4.4086,1.389,0.11112,True
2017-09-01,CTSH,buy_call,3.0196,8,2.72,-0.2996,-0.023968,True
2017-09-01,CVS,skip,0.0,0,5.1461,0.0,0.0,True
2017-09-01,CVX,skip,0.0,0,10.2774,0.0,0.0,True
2017-09-01,DHR,buy_call,2.4594,8,2.829,0.3696,0.029568,True
2017-09-01,DIS,skip,0.0,0,-2.5988,0.0,0.0,True
2017-09-01,DUK,buy_call,1.9747,8,-2.8769,-1.9747,-0.157976,True
2017-09-01,ELV,buy_call,2.9729,8,-3.1422,-2.9729,-0.237832,True
2017-09-01,EOG,skip,0.0,0,13.8252,0.0,0.0,True
2017-09-01,EQIX,buy_call,3.0196,8,-4.2949,-3.0196,-0.241568,True
2017-09-01,FDX,buy_call,3.0196,8,5.2244,2.2048,0.176384,True
2017-09-01,GE,skip,0.0,0,-1.5071,0.0,0.0,True
2017-09-01,GILD,buy_call,2.8264,8,-3.2135,-2.8264,-0.226112,True
2017-09-01,GM,buy_call,3.2317,8,10.509,7.2773,0.582184,True
2017-09-01,GOOGL,buy_call,3.4858,8,1.9346,-1.5512,-0.124096,True
2017-09-01,GS,skip,0.0,0,6.3735,0.0,0.0,True
2017-09-01,HD,buy_call,2.7959,8,9.7799,6.984,0.55872,True
2017-09-01,HON,buy_call,3.0196,8,3.0081,-0.0115,-0.00092,True
2017-09-01,IBM,skip,0.0,0,2.505,0.0,0.0,True
2017-09-01,INTC,skip,0.0,0,9.3979,0.0,0.0,True
2017-09-01,ISRG,buy_call,2.4594,8,4.1018,1.6424,0.131392,True
2017-09-01,ITW,skip,0.0,0,7.5995,0.0,0.0,True
2017-09-01,JNJ,skip,0.0,0,-1.1581,0.0,0.0,True
2017-09-01,JPM,skip,0.0,0,5.0831,0.0,0.0,True
2017-09-01,KO,skip,0.0,0,-1.1855,0.0,0.0,True
2017-09-01,LLY,skip,0.0,0,5.8994,0.0,0.0,True
2017-09-01,LMT,buy_call,3.2317,8,2.2082,-1.0236,-0.081888,True
2017-09-01,LOW,skip,0.0,0,8.1878,0.0,0.0,True
2017-09-01,MA,buy_call,2.7116,8,5.9264,3.2148,0.257184,True
2017-09-01,MCD,buy_call,1.9747,8,-1.4755,-1.9747,-0.157976,True
2017-09-01,MDLZ,skip,0.0,0,0.0,0.0,0.0,True
2017-09-01,MDT,skip,0.0,0,-3.5351,0.0,0.0,True
2017-09-01,MET,skip,0.0,0,11.7387,0.0,0.0,True
2017-09-01,META,buy_call,4.3383,8,-0.6397,-4.3383,-0.347064,True
2017-09-01,MMM,buy_call,3.0196,8,3.3219,0.3023,0.024184,True
2017-09-01,MO,skip,0.0,0,0.0315,0.0,0.0,True
2017-09-01,MRK,skip,0.0,0,0.2662,0.0,0.0,True
2017-09-01,MS,skip,0.0,0,5.8682,0.0,0.0,True
2017-09-01,MSFT,buy_call,2.8745,8,0.1563,-2.7182,-0.217456,True
2017-09-01,NEE,buy_call,1.9747,8,-1.9924,-1.9747,-0.157976,True
2017-09-01,NFLX,skip,0.0,0,3.8006,0.0,0.0,True
2017-09-01,NKE,skip,0.0,0,-1.4805,0.0,0.0,True
2017-09-01,NVDA,buy_call,5.3919,8,5.5992,0.2074,0.016592,True
2017-09-01,ORCL,buy_call,3.5955,8,-3.934,-3.5955,-0.28764,True
2017-09-01,PEP,skip,0.0,0,-3.0418,0.0,0.0,True
2017-09-01,PFE,buy_call,2.8264,8,6.2757,3.4493,0.275944,True
2017-09-01,PG,buy_call,2.0993,8,-1.3981,-2.0993,-0.167944,True
2017-09-01,PM,buy_call,2.2339,8,-5.0629,-2.2339,-0.178712,True
2017-09-01,PYPL,buy_call,2.7116,8,3.81,1.0983,0.087864,True
2017-09-01,QCOM,skip,0.0,0,0.2759,0.0,0.0,True
2017-09-01,SBUX,buy_call,1.9747,8,-1.6543,-1.9747,-0.157976,True
2017-09-01,SCHW,skip,0.0,0,9.8297,0.0,0.0,True
2017-09-01,SLB,skip,0.0,0,9.841,0.0,0.0,True
2017-09-01,SO,buy_call,1.9747,8,3.0434,1.0686,0.085488,True
2017-09-01,SPG,skip,0.0,0,3.8177,0.0,0.0,True
2017-09-01,SYK,skip,0.0,0,0.4598,0.0,0.0,True
2017-09-01,T,skip,0.0,0,4.5648,0.0,0.0,True
2017-09-01,TGT,skip,0.0,0,9.4349,0.0,0.0,True
2017-09-01,TMO,buy_call,2.8279,8,1.1008,-1.7271,-0.138168,True
2017-09-01,TMUS,buy_call,3.1005,8,-4.7133,-3.1005,-0.24804,True
2017-09-01,TXN,buy_call,4.1737,8,8.2348,4.0611,0.324888,True
2017-09-01,UNH,buy_call,2.9729,8,-1.5334,-2.9729,-0.237832,True
2017-09-01,UNP,buy_call,3.2317,8,10.774,7.5423,0.603384,True
2017-09-01,USB,skip,0.0,0,4.5659,0.0,0.0,True
2017-09-01,V,buy_call,2.5501,8,1.8252,-0.7248,-0.057984,True
2017-09-01,VZ,buy_call,3.1005,8,3.1686,0.0681,0.005448,True
2017-09-01,WFC,skip,0.0,0,8.7735,0.0,0.0,True
2017-09-01,WMT,skip,0.0,0,0.7192,0.0,0.0,True
2017-09-01,XOM,skip,0.0,0,8.4431,0.0,0.0,True
2017-10-01,AAPL,skip,0.0,0,9.6808,0.0,0.0,True
2017-10-01,ABBV,buy_call,2.8264,4,1.5642,-1.2622,-0.050488,True
2017-10-01,ABT,buy_call,2.4594,4,1.6304,-0.829,-0.03316,True
2017-10-01,ADBE,skip,0.0,0,17.4152,0.0,0.0,True
2017-10-01,ADP,buy_call,3.0196,4,6.9124,3.8928,0.155712,True
2017-10-01,AMAT,buy_call,4.1737,4,8.3317,4.1581,0.166324,True
2017-10-01,AMGN,buy_call,2.8264,4,-6.0231,-2.8264,-0.113056,True
2017-10-01,AMT,skip,0.0,0,5.6316,0.0,0.0,True
2017-10-01,AMZN,skip,0.0,0,14.9717,0.0,0.0,True
2017-10-01,AVGO,skip,0.0,0,9.2557,0.0,0.0,True
2017-10-01,AXP,buy_call,2.7116,4,5.5936,2.882,0.11528,True
2017-10-01,BA,buy_call,3.0,4,1.483,-1.517,-0.06068,True
2017-10-01,BAC,buy_call,3.1976,4,8.09,4.8923,0.195692,True
2017-10-01,BDX,skip,0.0,0,6.8831,0.0,0.0,True
2017-10-01,BLK,buy_call,2.7389,4,5.3099,2.571,0.10284,True
2017-10-01,BMY,buy_call,2.8264,4,-3.2633,-2.8264,-0.113056,True
2017-10-01,BRK-B,buy_call,1.809,4,1.9747,0.1657,0.006628,True
2017-10-01,C,buy_call,3.0,4,1.0448,-1.9552,-0.078208,True
2017-10-01,CAT,buy_call,3.2317,4,8.8926,5.6609,0.226436,True
2017-10-01,CHTR,skip,0.0,0,-8.0485,0.0,0.0,True
2017-10-01,CL,buy_call,2.0993,4,-3.2944,-2.0993,-0.083972,True
2017-10-01,CMCSA,skip,0.0,0,-6.3669,0.0,0.0,True
2017-10-01,COST,buy_call,2.5784,4,-1.9539,-2.5784,-0.103136,True
2017-10-01,CRM,skip,0.0,0,9.5483,0.0,0.0,True
2017-10-01,CSCO,buy_call,3.0196,4,1.5462,-1.4734,-0.058936,True
2017-10-01,CTSH,buy_call,3.0196,4,4.3148,1.2952,0.051808,True
2017-10-01,CVS,buy_call,2.9729,4,-15.728,-2.9729,-0.118916,True
2017-10-01,CVX,buy_call,3.0632,4,-1.3702,-3.0632,-0.122528,True
2017-10-01,DHR,buy_call,2.4594,4,7.7423,5.283,0.21132,True
2017-10-01,DIS,skip,0.0,0,-0.771,0.0,0.0,True
2017-10-01,DUK,skip,0.0,0,5.2312,0.0,0.0,True
2017-10-01,ELV,skip,0.0,0,10.5798,0.0,0.0,True
2017-10-01,EOG,buy_call,3.2317,4,3.2355,0.0037,0.000148,True
2017-10-01,EQIX,skip,0.0,0,3.8539,0.0,0.0,True
2017-10-01,FDX,buy_call,3.0196,4,0.3367,-2.6829,-0.107316,True
2017-10-01,GE,skip,0.0,0,-15.7922,0.0,0.0,True
2017-10-01,GILD,skip,0.0,0,-6.9011,0.0,0.0,True
2017-10-01,GM,buy_call,3.2317,4,7.5235,4.2917,0.171668,True
2017-10-01,GOOGL,buy_call,3.4858,4,6.0921,2.6063,0.104252,True
2017-10-01,GS,buy_call,2.7389,4,2.2303,-0.5086,-0.020344,True
2017-10-01,HD,buy_call,2.7959,4,1.3573,-1.4386,-0.057544,True
2017-10-01,HON,buy_call,3.0196,4,1.7074,-1.3122,-0.052488,True
2017-10-01,IBM,buy_call,3.0196,4,6.1897,3.1701,0.126804,True
2017-10-01,INTC,buy_call,4.1737,4,19.459,15.2853,0.611412,True
2017-10-01,ISRG,buy_call,2.4594,4,7.6682,5.2088,0.208352,True
2017-10-01,ITW,buy_call,3.0196,4,6.3467,3.3272,0.133088,True
2017-10-01,JNJ,skip,0.0,0,7.2302,0.0,0.0,True
2017-10-01,JPM,buy_call,2.7389,4,5.3397,2.6009,0.104036,True
2017-10-01,KO,skip,0.0,0,2.968,0.0,0.0,True
2017-10-01,LLY,buy_call,3.5202,4,-4.2085,-3.5202,-0.140808,True
2017-10-01,LMT,buy_call,3.2317,4,-0.6864,-3.2317,-0.129268,True
2017-10-01,LOW,buy_call,2.7959,4,0.0125,-2.7834,-0.111336,True
2017-10-01,MA,buy_call,2.7116,4,5.3612,2.6496,0.105984,True
2017-10-01,MCD,skip,0.0,0,6.5292,0.0,0.0,True
2017-10-01,MDLZ,buy_call,2.2339,4,2.4493,0.2154,0.008616,True
2017-10-01,MDT,skip,0.0,0,4.1516,0.0,0.0,True
2017-10-01,MET,buy_call,2.7389,4,3.1376,0.3988,0.015952,True
2017-10-01,META,skip,0.0,0,5.3784,0.0,0.0,True
2017-10-01,MMM,buy_call,3.0196,4,9.6665,6.6469,0.265876,True
2017-10-01,MO,buy_call,2.2339,4,2.342,0.108,0.00432,True
2017-10-01,MRK,buy_call,2.7192,4,-13.3399,-2.7192,-0.108768,True
2017-10-01,MS,buy_call,2.7389,4,3.799,1.0601,0.042404,True
2017-10-01,MSFT,buy_call,2.8745,4,11.666,8.7915,0.35166,True
2017-10-01,NEE,skip,0.0,0,5.8137,0.0,0.0,True
2017-10-01,NFLX,buy_call,4.4729,4,8.3154,3.8425,0.1537,True
2017-10-01,NKE,skip,0.0,0,6.056,0.0,0.0,True
2017-10-01,NVDA,buy_call,5.3919,4,15.685,10.2931,0.411724,True
2017-10-01,ORCL,skip,0.0,0,5.2741,0.0,0.0,True
2017-10-01,PEP,skip,0.0,0,-1.0769,0.0,0.0,True
2017-10-01,PFE,buy_call,2.8264,4,-1.7927,-2.8264,-0.113056,True
2017-10-01,PG,skip,0.0,0,-5.1,0.0,0.0,True
2017-10-01,PM,skip,0.0,0,-4.8391,0.0,0.0,True
2017-10-01,PYPL,buy_call,2.7116,4,13.3219,10.6102,0.424408,True
2017-10-01,QCOM,buy_call,4.254,4,-1.6011,-4.254,-0.17016,True
2017-10-01,SBUX,skip,0.0,0,2.1039,0.0,0.0,True
2017-10-01,SCHW,buy_call,2.7389,4,2.5149,-0.224,-0.00896,True
2017-10-01,SLB,buy_call,3.2317,4,-7.5289,-3.2317,-0.129268,True
2017-10-01,SO,buy_call,1.9747,4,6.2271,4.2524,0.170096,True
2017-10-01,SPG,buy_call,3.0196,4,-3.5277,-3.0196,-0.120784,True
2017-10-01,SYK,buy_call,2.4594,4,9.3778,6.9184,0.276736,True
2017-10-01,T,buy_call,3.1005,4,-14.0924,-3.1005,-0.12402,True
2017-10-01,TGT,buy_call,2.4474,4,0.0508,-2.3966,-0.095864,True
2017-10-01,TMO,buy_call,2.8279,4,2.5275,-0.3004,-0.012016,True
2017-10-01,TMUS,skip,0.0,0,-3.0652,0.0,0.0,True
2017-10-01,TXN,buy_call,4.1737,4,7.8648,3.6911,0.147644,True
2017-10-01,UNH,skip,0.0,0,7.7446,0.0,0.0,True
2017-10-01,UNP,buy_call,3.2317,4,-0.1552,-3.2317,-0.129268,True
2017-10-01,USB,buy_call,2.7389,4,2.0395,-0.6994,-0.027976,True
2017-10-01,V,buy_call,2.5501,4,4.504,1.9539,0.078156,True
2017-10-01,VZ,buy_call,3.1005,4,-3.2734,-3.1005,-0.12402,True
2017-10-01,WFC,buy_call,3.4824,4,1.7951,-1.6873,-0.067492,True
2017-10-01,WMT,buy_call,2.4474,4,11.7354,9.2879,0.371516,True
2017-10-01,XOM,buy_call,3.2317,4,1.6711,-1.5606,-0.062424,True
2017-11-01,AAPL,buy_call,3.1456,2,1.6623,-1.4832,-0.029664,True
2017-11-01,ABBV,buy_call,2.8264,2,8.1397,5.3133,0.106266,True
2017-11-01,ABT,buy_call,2.4594,2,4.4546,1.9952,0.039904,True
2017-11-01,ADBE,buy_call,2.8745,2,3.6024,0.728,0.01456,True
2017-11-01,ADP,buy_call,3.0196,2,-1.5483,-3.0196,-0.060392,True
2017-11-01,AMAT,buy_call,4.1737,2,-6.4859,-4.1737,-0.083474,True
2017-11-01,AMGN,skip,0.0,0,0.2511,0.0,0.0,True
2017-11-01,AMT,buy_call,3.0196,2,0.181,-2.8386,-0.056772,True
2017-11-01,AMZN,buy_call,3.8265,2,6.4662,2.6398,0.052796,True
2017-11-01,AVGO,buy_call,4.1737,2,5.3162,1.1425,0.02285,True
2017-11-01,AXP,buy_call,2.7116,2,2.6876,-0.024,-0.00048,True
2017-11-01,BA,buy_call,3.0,2,7.2951,4.2951,0.085902,True
2017-11-01,BAC,buy_call,3.1976,2,2.8477,-0.3499,-0.006998,True
2017-11-01,BDX,buy_call,2.4594,2,9.3641,6.9047,0.138094,True
2017-11-01,BLK,buy_call,2.7389,2,6.4482,3.7093,0.074186,True
2017-11-01,BMY,skip,0.0,0,3.1025,0.0,0.0,True
2017-11-01,BRK-B,buy_call,1.809,2,3.247,1.438,0.02876,True
2017-11-01,C,buy_call,3.0,2,2.7211,-0.2789,-0.005578,True
2017-11-01,CAT,buy_call,3.2317,2,4.5596,1.3278,0.026556,True
2017-11-01,CHTR,skip,0.0,0,-2.382,0.0,0.0,True
2017-11-01,CL,skip,0.0,0,3.4044,0.0,0.0,True
2017-11-01,CMCSA,skip,0.0,0,4.6263,0.0,0.0,True
2017-11-01,COST,skip,0.0,0,14.4959,0.0,0.0,True
2017-11-01,CRM,buy_call,3.8947,2,1.9347,-1.96,-0.0392,True
2017-11-01,CSCO,buy_call,3.0196,2,10.1679,7.1483,0.142966,True
2017-11-01,CTSH,buy_call,3.0196,2,-4.48,-3.0196,-0.060392,True
2017-11-01,CVS,skip,0.0,0,12.5113,0.0,0.0,True
2017-11-01,CVX,skip,0.0,0,2.6749,0.0,0.0,True
2017-11-01,DHR,buy_call,2.4594,2,2.2651,-0.1943,-0.003886,True
2017-11-01,DIS,skip,0.0,0,7.167,0.0,0.0,True
2017-11-01,DUK,buy_call,1.9747,2,0.9852,-0.9896,-0.019792,True
2017-11-01,ELV,buy_call,2.9729,2,12.3082,9.3353,0.186706,True
2017-11-01,EOG,buy_call,3.2317,2,2.6316,-0.6001,-0.012002,True
2017-11-01,EQIX,buy_call,3.0196,2,0.2136,-2.806,-0.05612,True
2017-11-01,FDX,buy_call,3.0196,2,2.5021,-0.5174,-0.010348,True
2017-11-01,GE,skip,0.0,0,-9.2758,0.0,0.0,True
2017-11-01,GILD,skip,0.0,0,-0.2401,0.0,0.0,True
2017-11-01,GM,buy_call,3.2317,2,0.2559,-2.9758,-0.059516,True
2017-11-01,GOOGL,buy_call,3.4858,2,0.303,-3.1829,-0.063658,True
2017-11-01,GS,buy_call,2.7389,2,2.128,-0.6109,-0.012218,True
2017-11-01,HD,buy_call,2.7959,2,8.4691,5.6732,0.113464,True
2017-11-01,HON,buy_call,3.0196,2,8.1854,5.1658,0.103316,True
2017-11-01,IBM,buy_call,3.0196,2,-0.0584,-3.0196,-0.060392,True
2017-11-01,INTC,buy_call,4.1737,2,-1.4288,-4.1737,-0.083474,True
2017-11-01,ISRG,buy_call,2.4594,2,6.5057,4.0464,0.080928,True
2017-11-01,ITW,buy_call,3.0196,2,8.1331,5.1135,0.10227,True
2017-11-01,JNJ,buy_call,2.057,2,-0.0574,-2.057,-0.04114,True
2017-11-01,JPM,buy_call,2.7389,2,4.4936,1.7547,0.035094,True
2017-11-01,KO,buy_call,1.9747,2,-0.4568,-1.9747,-0.039494,True
2017-11-01,LLY,skip,0.0,0,3.2951,0.0,0.0,True
2017-11-01,LMT,skip,0.0,0,3.5566,0.0,0.0,True
2017-11-01,LOW,buy_call,2.7959,2,4.8121,2.0162,0.040324,True
2017-11-01,MA,buy_call,2.7116,2,1.2996,-1.4121,-0.028242,True
2017-11-01,MCD,buy_call,1.9747,2,3.0315,1.0568,0.021136,True
2017-11-01,MDLZ,buy_call,2.2339,2,3.6447,1.4107,0.028214,True
2017-11-01,MDT,buy_call,2.4594,2,1.9995,-0.4599,-0.009198,True
2017-11-01,MET,buy_call,2.7389,2,0.1866,-2.5522,-0.051044,True
2017-11-01,META,buy_call,4.3383,2,-1.5995,-4.3383,-0.086766,True
2017-11-01,MMM,buy_call,3.0196,2,5.6258,2.6062,0.052124,True
2017-11-01,MO,buy_call,2.2339,2,5.6213,3.3874,0.067748,True
2017-11-01,MRK,skip,0.0,0,0.3267,0.0,0.0,True
2017-11-01,MS,buy_call,2.7389,2,3.7269,0.988,0.01976,True
2017-11-01,MSFT,buy_call,2.8745,2,1.1902,-1.6843,-0.033686,True
2017-11-01,NEE,buy_call,1.9747,2,1.9152,-0.0595,-0.00119,True
2017-11-01,NFLX,buy_call,4.4729,2,-4.5054,-4.4729,-0.089458,True
2017-11-01,NKE,buy_call,3.5085,2,9.8745,6.366,0.12732,True
2017-11-01,NVDA,buy_call,5.3919,2,-2.9496,-5.3919,-0.107838,True
2017-11-01,ORCL,buy_call,3.5955,2,-3.2348,-3.5955,-0.07191,True
2017-11-01,PEP,skip,0.0,0,5.7062,0.0,0.0,True
2017-11-01,PFE,skip,0.0,0,3.4227,0.0,0.0,True
2017-11-01,PG,skip,0.0,0,5.0085,0.0,0.0,True
2017-11-01,PM,skip,0.0,0,-1.8062,0.0,0.0,True
2017-11-01,PYPL,buy_call,2.7116,2,4.3688,1.6572,0.033144,True
2017-11-01,QCOM,skip,0.0,0,30.053,0.0,0.0,True
2017-11-01,SBUX,buy_call,1.9747,2,5.434,3.4592,0.069184,True
2017-11-01,SCHW,buy_call,2.7389,2,8.8091,6.0702,0.121404,True
2017-11-01,SLB,skip,0.0,0,-1.7969,0.0,0.0,True
2017-11-01,SO,buy_call,1.9747,2,-1.9157,-1.9747,-0.039494,True
2017-11-01,SPG,skip,0.0,0,4.1331,0.0,0.0,True
2017-11-01,SYK,buy_call,2.4594,2,0.7297,-1.7297,-0.034594,True
2017-11-01,T,skip,0.0,0,9.9178,0.0,0.0,True
2017-11-01,TGT,buy_call,2.4474,2,1.4566,-0.9908,-0.019816,True
2017-11-01,TMO,buy_call,2.8279,2,-0.552,-2.8279,-0.056558,True
2017-11-01,TMUS,skip,0.0,0,2.175,0.0,0.0,True
2017-11-01,TXN,buy_call,4.1737,2,1.2645,-2.9092,-0.058184,True
2017-11-01,UNH,buy_call,2.9729,2,8.5387,5.5658,0.111316,True
2017-11-01,UNP,skip,0.0,0,9.2495,0.0,0.0,True
2017-11-01,USB,buy_call,2.7389,2,1.416,-1.3229,-0.026458,True
2017-11-01,V,buy_call,2.5501,2,2.3732,-0.1769,-0.003538,True
2017-11-01,VZ,skip,0.0,0,7.5841,0.0,0.0,True
2017-11-01,WFC,buy_call,3.4824,2,0.5878,-2.8946,-0.057892,True
2017-11-01,WMT,buy_call,2.4474,2,11.3618,8.9144,0.178288,True
2017-11-01,XOM,buy_call,3.2317,2,-0.072,-3.2317,-0.064634,True
2017-12-01,AAPL,buy_call,3.1456,2,-1.1705,-3.1456,-0.062912,True
2017-12-01,ABBV,buy_call,2.8264,2,-0.2166,-2.8264,-0.056528,True
2017-12-01,ABT,buy_call,2.4594,2,1.2418,-1.2176,-0.024352,True
2017-12-01,ADBE,buy_call,2.8745,2,-3.4331,-2.8745,-0.05749,True
2017-12-01,ADP,skip,0.0,0,2.3851,0.0,0.0,True
2017-12-01,AMAT,skip,0.0,0,-2.9618,0.0,0.0,True
2017-12-01,AMGN,buy_call,2.8264,2,-0.3252,-2.8264,-0.056528,True
2017-12-01,AMT,buy_call,3.0196,2,-0.8754,-3.0196,-0.060392,True
2017-12-01,AMZN,buy_call,3.8265,2,-0.6187,-3.8265,-0.07653,True
2017-12-01,AVGO,buy_call,4.1737,2,-7.57,-4.1737,-0.083474,True
2017-12-01,AXP,buy_call,2.7116,2,1.6375,-1.0742,-0.021484,True
2017-12-01,BA,buy_call,3.0,2,7.1154,4.1154,0.082308,True
2017-12-01,BAC,buy_call,3.1976,2,5.2389,2.0413,0.040826,True
2017-12-01,BDX,buy_call,2.4594,2,-6.2004,-2.4594,-0.049188,True
2017-12-01,BLK,buy_call,2.7389,2,2.4981,-0.2408,-0.004816,True
2017-12-01,BMY,buy_call,2.8264,2,-3.0226,-2.8264,-0.056528,True
2017-12-01,BRK-B,buy_call,1.809,2,2.6993,0.8904,0.017808,True
2017-12-01,C,buy_call,3.0,2,-1.0199,-3.0,-0.06,True
2017-12-01,CAT,buy_call,3.2317,2,11.6401,8.4083,0.168166,True
2017-12-01,CHTR,skip,0.0,0,2.9889,0.0,0.0,True
2017-12-01,CL,buy_call,2.0993,2,4.1408,2.0415,0.04083,True
2017-12-01,CMCSA,buy_call,3.1005,2,6.6862,3.5856,0.071712,True
2017-12-01,COST,buy_call,2.5784,2,1.2158,-1.3627,-0.027254,True
2017-12-01,CRM,buy_call,3.8947,2,-2.0034,-3.8947,-0.077894,True
2017-12-01,CSCO,buy_call,3.0196,2,2.681,-0.3386,-0.006772,True
2017-12-01,CTSH,skip,0.0,0,-1.5473,0.0,0.0,True
2017-12-01,CVS,buy_call,2.9729,2,-5.3525,-2.9729,-0.059458,True
2017-12-01,CVX,buy_call,3.0632,2,6.1954,3.1322,0.062644,True
2017-12-01,DHR,buy_call,2.4594,2,-1.6321,-2.4594,-0.049188,True
2017-12-01,DIS,buy_call,3.3259,2,2.5663,-0.7596,-0.015192,True
2017-12-01,DUK,buy_call,1.9747,2,-4.7492,-1.9747,-0.039494,True
2017-12-01,ELV,buy_call,2.9729,2,-4.2347,-2.9729,-0.059458,True
2017-12-01,EOG,buy_call,3.2317,2,5.4633,2.2315,0.04463,True
2017-12-01,EQIX,buy_call,3.0196,2,-2.0216,-3.0196,-0.060392,True
2017-12-01,FDX,buy_call,3.0196,2,7.8113,4.7917,0.095834,True
2017-12-01,GE,skip,0.0,0,-4.5927,0.0,0.0,True
2017-12-01,GILD,skip,0.0,0,-4.199,0.0,0.0,True
2017-12-01,GM,buy_call,3.2317,2,-4.8735,-3.2317,-0.064634,True
2017-12-01,GOOGL,buy_call,3.4858,2,1.6629,-1.823,-0.03646,True
2017-12-01,GS,buy_call,2.7389,2,3.1984,0.4595,0.00919,True
2017-12-01,HD,buy_call,2.7959,2,5.9338,3.1378,0.062756,True
2017-12-01,HON,buy_call,3.0196,2,-1.164,-3.0196,-0.060392,True
2017-12-01,IBM,skip,0.0,0,0.6388,0.0,0.0,True
2017-12-01,INTC,skip,0.0,0,3.5538,0.0,0.0,True
2017-12-01,ISRG,buy_call,2.4594,2,-8.7148,-2.4594,-0.049188,True
2017-12-01,ITW,buy_call,3.0196,2,-1.418,-3.0196,-0.060392,True
2017-12-01,JNJ,skip,0.0,0,0.894,0.0,0.0,True
2017-12-01,JPM,buy_call,2.7389,2,2.3154,-0.4235,-0.00847,True
2017-12-01,KO,skip,0.0,0,1.0622,0.0,0.0,True
2017-12-01,LLY,buy_call,3.5202,2,0.4175,-3.1027,-0.062054,True
2017-12-01,LMT,buy_call,3.2317,2,1.236,-1.9957,-0.039914,True
2017-12-01,LOW,buy_call,2.7959,2,11.4789,8.683,0.17366,True
2017-12-01,MA,buy_call,2.7116,2,0.5915,-2.1202,-0.042404,True
2017-12-01,MCD,buy_call,1.9747,2,0.6839,-1.2909,-0.025818,True
2017-12-01,MDLZ,buy_call,2.2339,2,-0.326,-2.2339,-0.044678,True
2017-12-01,MDT,buy_call,2.4594,2,-1.6803,-2.4594,-0.049188,True
2017-12-01,MET,buy_call,2.7389,2,-5.1313,-2.7389,-0.054778,True
2017-12-01,META,skip,0.0,0,-0.4064,0.0,0.0,True
2017-12-01,MMM,buy_call,3.0196,2,-2.7073,-3.0196,-0.060392,True
2017-12-01,MO,buy_call,2.2339,2,5.2779,3.044,0.06088,True
2017-12-01,MRK,buy_call,2.7192,2,1.8093,-0.9099,-0.018198,True
2017-12-01,MS,buy_call,2.7389,2,1.6663,-1.0725,-0.02145,True
2017-12-01,MSFT,buy_call,2.8745,2,2.1381,-0.7364,-0.014728,True
2017-12-01,NEE,buy_call,1.9747,2,-0.5447,-1.9747,-0.039494,True
2017-12-01,NFLX,skip,0.0,0,2.335,0.0,0.0,True
2017-12-01,NKE,buy_call,3.5085,2,3.5253,0.0168,0.000336,True
2017-12-01,NVDA,skip,0.0,0,-3.5253,0.0,0.0,True
2017-12-01,ORCL,skip,0.0,0,-3.6282,0.0,0.0,True
2017-12-01,PEP,buy_call,2.2339,2,3.632,1.398,0.02796,True
2017-12-01,PFE,buy_call,2.8264,2,0.8024,-2.024,-0.04048,True
2017-12-01,PG,buy_call,2.0993,2,2.1002,0.0009,1.8e-05,True
2017-12-01,PM,skip,0.0,0,2.8224,0.0,0.0,True
2017-12-01,PYPL,buy_call,2.7116,2,-2.7862,-2.7116,-0.054232,True
2017-12-01,QCOM,buy_call,4.254,2,-2.6831,-4.254,-0.08508,True
2017-12-01,SBUX,buy_call,1.9747,2,-0.1483,-1.9747,-0.039494,True
2017-12-01,SCHW,buy_call,2.7389,2,5.4785,2.7397,0.054794,True
2017-12-01,SLB,skip,0.0,0,7.2236,0.0,0.0,True
2017-12-01,SO,skip,0.0,0,-5.0135,0.0,0.0,True
2017-12-01,SPG,buy_call,3.0196,2,7.4143,4.3947,0.087894,True
2017-12-01,SYK,buy_call,2.4594,2,-0.7436,-2.4594,-0.049188,True
2017-12-01,T,buy_call,3.1005,2,6.8719,3.7714,0.075428,True
2017-12-01,TGT,buy_call,2.4474,2,10.0613,7.6139,0.152278,True
2017-12-01,TMO,skip,0.0,0,-1.4941,0.0,0.0,True
2017-12-01,TMUS,buy_call,3.1005,2,3.9954,0.8949,0.017898,True
2017-12-01,TXN,buy_call,4.1737,2,7.3492,3.1755,0.06351,True
2017-12-01,UNH,buy_call,2.9729,2,-3.0528,-2.9729,-0.059458,True
2017-12-01,UNP,buy_call,3.2317,2,6.6046,3.3729,0.067458,True
2017-12-01,USB,buy_call,2.7389,2,-2.8468,-2.7389,-0.054778,True
2017-12-01,V,buy_call,2.5501,2,1.4495,-1.1005,-0.02201,True
2017-12-01,VZ,buy_call,3.1005,2,4.0086,0.9081,0.018162,True
2017-12-01,WFC,buy_call,3.4824,2,8.1882,4.7058,0.094116,True
2017-12-01,WMT,buy_call,2.4474,2,1.5633,-0.8841,-0.017682,True
2017-12-01,XOM,skip,0.0,0,1.3496,0.0,0.0,True
2018-01-01,AAPL,skip,0.0,0,-1.0636,0.0,0.0,True
2018-01-01,ABBV,skip,0.0,0,16.0376,0.0,0.0,True
2018-01-01,ABT,buy_call,2.4594,2,8.9189,6.4595,0.12919,True
2018-01-01,ADBE,skip,0.0,0,13.9922,0.0,0.0,True
2018-01-01,ADP,buy_call,3.0196,2,6.0719,3.0523,0.061046,True
2018-01-01,AMAT,skip,0.0,0,4.91,0.0,0.0,True
2018-01-01,AMGN,skip,0.0,0,6.9868,0.0,0.0,True
2018-01-01,AMT,skip,0.0,0,4.0424,0.0,0.0,True
2018-01-01,AMZN,skip,0.0,0,24.0639,0.0,0.0,True
2018-01-01,AVGO,skip,0.0,0,-2.8127,0.0,0.0,True
2018-01-01,AXP,buy_call,2.7116,2,0.0906,-2.621,-0.05242,True
2018-01-01,BA,buy_call,3.0,2,20.1621,17.1621,0.343242,True
2018-01-01,BAC,buy_call,3.1976,2,8.4011,5.2035,0.10407,True
2018-01-01,BDX,skip,0.0,0,13.8817,0.0,0.0,True
2018-01-01,BKNG,skip,0.0,0,10.0308,0.0,0.0,True
2018-01-01,BLK,buy_call,2.7389,2,9.9095,7.1707,0.143414,True
2018-01-01,BMY,skip,0.0,0,2.154,0.0,0.0,True
2018-01-01,BRK-B,buy_call,1.809,2,8.1526,6.3436,0.126872,True
2018-01-01,C,skip,0.0,0,5.4697,0.0,0.0,True
2018-01-01,CAT,buy_call,3.2317,2,3.2999,0.0682,0.001364,True
2018-01-01,CHTR,buy_call,3.1005,2,12.2902,9.1896,0.183792,True
2018-01-01,CL,buy_call,2.0993,2,-1.6037,-2.0993,-0.041986,True
2018-01-01,CMCSA,buy_call,3.1005,2,6.1923,3.0917,0.061834,True
2018-01-01,CME,skip,0.0,0,8.0833,0.0,0.0,True
2018-01-01,COST,buy_call,2.5784,2,4.7013,2.1228,0.042456,True
2018-01-01,CRM,skip,0.0,0,11.4252,0.0,0.0,True
2018-01-01,CSCO,buy_call,3.0196,2,8.4595,5.4399,0.108798,True
2018-01-01,CSX,skip,0.0,0,3.1995,0.0,0.0,True
2018-01-01,CVS,skip,0.0,0,8.5379,0.0,0.0,True
2018-01-01,CVX,buy_call,3.0632,2,0.1278,-2.9354,-0.058708,True
2018-01-01,DHR,skip,0.0,0,9.278,0.0,0.0,True
2018-01-01,DIS,buy_call,3.3259,2,1.8921,-1.4338,-0.028676,True
2018-01-01,DUK,skip,0.0,0,-6.6698,0.0,0.0,True
2018-01-01,ELV,skip,0.0,0,10.4835,0.0,0.0,True
2018-01-01,EOG,buy_call,3.2317,2,6.5703,3.3385,0.06677,True
2018-01-01,EQIX,skip,0.0,0,0.4347,0.0,0.0,True
2018-01-01,FDX,buy_call,3.0196,2,5.4058,2.3862,0.047724,True
2018-01-01,GE,skip,0.0,0,-6.6954,0.0,0.0,True
2018-01-01,GILD,skip,0.0,0,17.7735,0.0,0.0,True
2018-01-01,GM,skip,0.0,0,4.4055,0.0,0.0,True
2018-01-01,GOOGL,buy_call,3.4858,2,12.229,8.7432,0.174864,True
2018-01-01,GS,buy_call,2.7389,2,5.1539,2.415,0.0483,True
2018-01-01,HD,buy_call,2.7959,2,5.9991,3.2032,0.064064,True
2018-01-01,HON,skip,0.0,0,4.1145,0.0,0.0,True
2018-01-01,IBM,buy_call,3.0196,2,6.7005,3.681,0.07362,True
2018-01-01,ICE,skip,0.0,0,4.9433,0.0,0.0,True
2018-01-01,INTC,buy_call,4.1737,2,4.2894,0.1157,0.002314,True
2018-01-01,ISRG,skip,0.0,0,18.2852,0.0,0.0,True
2018-01-01,ITW,skip,0.0,0,4.5755,0.0,0.0,True
2018-01-01,JNJ,buy_call,2.057,2,-1.0951,-2.057,-0.04114,True
2018-01-01,JPM,buy_call,2.7389,2,8.1635,5.4246,0.108492,True
2018-01-01,KO,buy_call,1.9747,2,3.7271,1.7524,0.035048,True
2018-01-01,LLY,buy_call,3.5202,2,-3.5638,-3.5202,-0.070404,True
2018-01-01,LMT,buy_call,3.2317,2,10.5279,7.2962,0.145924,True
2018-01-01,LOW,buy_call,2.7959,2,12.6856,9.8897,0.197794,True
2018-01-01,MA,buy_call,2.7116,2,11.6543,8.9427,0.178854,True
2018-01-01,MCD,buy_call,1.9747,2,-0.5694,-1.9747,-0.039494,True
2018-01-01,MDLZ,skip,0.0,0,4.2687,0.0,0.0,True
2018-01-01,MDT,skip,0.0,0,6.9671,0.0,0.0,True
2018-01-01,MET,skip,0.0,0,-4.9248,0.0,0.0,True
2018-01-01,META,skip,0.0,0,5.9107,0.0,0.0,True
2018-01-01,MMM,skip,0.0,0,6.4281,0.0,0.0,True
2018-01-01,MO,buy_call,2.2339,2,-0.6107,-2.2339,-0.044678,True
2018-01-01,MRK,buy_call,2.7192,2,6.1915,3.4723,0.069446,True
2018-01-01,MS,buy_call,2.7389,2,7.7759,5.037,0.10074,True
2018-01-01,MSFT,buy_call,2.8745,2,11.0708,8.1964,0.163928,True
2018-01-01,MU,skip,0.0,0,6.323,0.0,0.0,True
2018-01-01,NEE,skip,0.0,0,1.4278,0.0,0.0,True
2018-01-01,NFLX,buy_call,4.4729,2,40.8106,36.3377,0.726754,True
2018-01-01,NKE,buy_call,3.5085,2,9.427,5.9185,0.11837,True
2018-01-01,NVDA,skip,0.0,0,27.0284,0.0,0.0,True
2018-01-01,ORCL,skip,0.0,0,9.1159,0.0,0.0,True
2018-01-01,PEP,buy_call,2.2339,2,0.3169,-1.917,-0.03834,True
2018-01-01,PFE,buy_call,2.8264,2,2.2639,-0.5625,-0.01125,True
2018-01-01,PG,buy_call,2.0993,2,-6.0296,-2.0993,-0.041986,True
2018-01-01,PM,buy_call,2.2339,2,2.51,0.276,0.00552,True
2018-01-01,PYPL,skip,0.0,0,15.8924,0.0,0.0,True
2018-01-01,QCOM,skip,0.0,0,6.6073,0.0,0.0,True
2018-01-01,SBUX,skip,0.0,0,-1.0796,0.0,0.0,True
2018-01-01,SCHW,buy_call,2.7389,2,3.8349,1.096,0.02192,True
2018-01-01,SO,skip,0.0,0,-6.1967,0.0,0.0,True
2018-01-01,SPGI,buy_call,2.7389,2,6.9067,4.1679,0.083358,True
2018-01-01,SYK,skip,0.0,0,6.4828,0.0,0.0,True
2018-01-01,T,buy_call,3.1005,2,-3.678,-3.1005,-0.06201,True
2018-01-01,TJX,buy_call,2.4474,2,5.0484,2.601,0.05202,True
2018-01-01,TMO,skip,0.0,0,18.1197,0.0,0.0,True
2018-01-01,TMUS,buy_call,3.1005,2,2.5036,-0.597,-0.01194,True
2018-01-01,TXN,buy_call,4.1737,2,5.0077,0.834,0.01668,True
2018-01-01,UNH,skip,0.0,0,7.4027,0.0,0.0,True
2018-01-01,UNP,buy_call,3.2317,2,-0.4474,-3.2317,-0.064634,True
2018-01-01,USB,skip,0.0,0,7.2393,0.0,0.0,True
2018-01-01,V,buy_call,2.5501,2,8.9546,6.4045,0.12809,True
2018-01-01,VZ,buy_call,3.1005,2,2.1538,-0.9467,-0.018934,True
2018-01-01,WFC,buy_call,3.4824,2,8.4226,4.9402,0.098804,True
2018-01-01,WMT,buy_call,2.4474,2,8.5183,6.0709,0.121418,True
2018-01-01,XOM,buy_call,3.2317,2,4.3759,1.1442,0.022884,True
2018-02-01,AAPL,skip,0.0,0,6.3847,0.0,0.0,False
2018-02-01,ABBV,buy_call,2.8264,1,3.9573,1.1309,0.011309,False
2018-02-01,ABT,buy_call,2.4594,1,-2.4798,-2.4594,-0.024594,False
2018-02-01,ADBE,buy_call,2.8745,1,4.6906,1.8162,0.018162,False
2018-02-01,ADP,buy_call,3.0196,1,-6.7217,-3.0196,-0.030196,False
2018-02-01,AMAT,buy_call,4.1737,1,7.3839,3.2102,0.032102,False
2018-02-01,AMGN,buy_call,2.8264,1,-1.2255,-2.8264,-0.028264,False
2018-02-01,AMT,buy_call,3.0196,1,-5.6669,-3.0196,-0.030196,False
2018-02-01,AMZN,buy_call,3.8265,1,4.2429,0.4164,0.004164,False
2018-02-01,AVGO,skip,0.0,0,-0.633,0.0,0.0,False
2018-02-01,AXP,buy_call,2.7116,1,-1.5553,-2.7116,-0.027116,False
2018-02-01,BA,buy_call,3.0,1,2.2124,-0.7876,-0.007876,False
2018-02-01,BAC,buy_call,3.1976,1,0.3125,-2.8852,-0.028852,False
2018-02-01,BDX,buy_call,2.4594,1,-8.6112,-2.4594,-0.024594,False
2018-02-01,BKNG,buy_call,3.0,1,6.3801,3.3801,0.033801,False
2018-02-01,BLK,buy_call,2.7389,1,-2.2018,-2.7389,-0.027389,False
2018-02-01,BMY,buy_call,2.8264,1,6.4447,3.6183,0.036183,False
2018-02-01,BRK-B,buy_call,1.809,1,-3.3492,-1.809,-0.01809,False
2018-02-01,C,buy_call,3.0,1,-3.8099,-3.0,-0.03,False
2018-02-01,CAT,buy_call,3.2317,1,-4.5658,-3.2317,-0.032317,False
2018-02-01,CHTR,buy_call,3.1005,1,-9.3625,-3.1005,-0.031005,False
2018-02-01,CL,skip,0.0,0,-6.6166,0.0,0.0,False
2018-02-01,CMCSA,buy_call,3.1005,1,-14.5229,-3.1005,-0.031005,False
2018-02-01,CME,buy_call,2.7389,1,8.2616,5.5228,0.055228,False
2018-02-01,COST,buy_call,2.5784,1,-2.0373,-2.5784,-0.025784,False
2018-02-01,CRM,buy_call,3.8947,1,2.0543,-1.8405,-0.018405,False
2018-02-01,CSCO,buy_call,3.0196,1,8.6038,5.5842,0.055842,False
2018-02-01,CSX,buy_call,3.0,1,-5.3726,-3.0,-0.03,False
2018-02-01,CVS,buy_call,2.9729,1,-13.3931,-2.9729,-0.029729,False
2018-02-01,CVX,buy_call,3.0632,1,-10.714,-3.0632,-0.030632,False
2018-02-01,DHR,buy_call,2.4594,1,-3.4558,-2.4594,-0.024594,False
2018-02-01,DIS,buy_call,3.3259,1,-5.0704,-3.3259,-0.033259,False
2018-02-01,DUK,skip,0.0,0,-4.0255,0.0,0.0,False
2018-02-01,ELV,buy_call,2.9729,1,-5.0313,-2.9729,-0.029729,False
2018-02-01,EOG,buy_call,3.2317,1,-11.6805,-3.2317,-0.032317,False
2018-02-01,EQIX,buy_call,3.0196,1,-13.8601,-3.0196,-0.030196,False
2018-02-01,FDX,buy_call,3.0196,1,-6.1224,-3.0196,-0.030196,False
2018-02-01,GE,skip,0.0,0,-12.7396,0.0,0.0,False
2018-02-01,GILD,buy_call,2.8264,1,-6.0501,-2.8264,-0.028264,False
2018-02-01,GM,buy_call,3.2317,1,-7.2153,-3.2317,-0.032317,False
2018-02-01,GOOGL,buy_call,3.4858,1,-6.6231,-3.4858,-0.034858,False
2018-02-01,GS,buy_call,2.7389,1,-1.8515,-2.7389,-0.027389,False
2018-02-01,HD,buy_call,2.7959,1,-9.2733,-2.7959,-0.027959,False
2018-02-01,HON,buy_call,3.0196,1,-5.361,-3.0196,-0.030196,False
2018-02-01,IBM,buy_call,3.0196,1,-4.8076,-3.0196,-0.030196,False
2018-02-01,ICE,buy_call,3.0,1,-1.0292,-3.0,-0.03,False
2018-02-01,INTC,buy_call,4.1737,1,2.3889,-1.7848,-0.017848,False
2018-02-01,ISRG,buy_call,2.4594,1,-1.2093,-2.4594,-0.024594,False
2018-02-01,ITW,buy_call,3.0196,1,-7.0421,-3.0196,-0.030196,False
2018-02-01,JNJ,skip,0.0,0,-6.0135,0.0,0.0,False
2018-02-01,JPM,buy_call,2.7389,1,0.3732,-2.3657,-0.023657,False
2018-02-01,KO,buy_call,1.9747,1,-9.1826,-1.9747,-0.019747,False
2018-02-01,LLY,skip,0.0,0,-5.4389,0.0,0.0,False
2018-02-01,LMT,buy_call,3.2317,1,-0.6792,-3.2317,-0.032317,False
2018-02-01,LOW,buy_call,2.7959,1,-14.1275,-2.7959,-0.027959,False
2018-02-01,MA,buy_call,2.7116,1,4.1637,1.4521,0.014521,False
2018-02-01,MCD,skip,0.0,0,-7.8298,0.0,0.0,False
2018-02-01,MDLZ,buy_call,2.2339,1,-1.1261,-2.2339,-0.022339,False
2018-02-01,MDT,buy_call,2.4594,1,-6.9857,-2.4594,-0.024594,False
2018-02-01,MET,skip,0.0,0,-3.911,0.0,0.0,False
2018-02-01,META,buy_call,4.3383,1,-4.5856,-4.3383,-0.043383,False
2018-02-01,MMM,buy_call,3.0196,1,-5.984,-3.0196,-0.030196,False
2018-02-01,MO,skip,0.0,0,-10.5061,0.0,0.0,False
2018-02-01,MRK,buy_call,2.7192,1,-8.4894,-2.7192,-0.027192,False
2018-02-01,MS,buy_call,2.7389,1,-0.5043,-2.7389,-0.027389,False
2018-02-01,MSFT,buy_call,2.8745,1,-1.3051,-2.8745,-0.028745,False
2018-02-01,MU,buy_call,5.3919,1,11.6422,6.2504,0.062504,False
2018-02-01,NEE,buy_call,1.9747,1,-3.9578,-1.9747,-0.019747,False
2018-02-01,NFLX,buy_call,4.4729,1,7.7987,3.3258,0.033258,False
2018-02-01,NKE,buy_call,3.5085,1,-1.7443,-3.5085,-0.035085,False
2018-02-01,NVDA,buy_call,5.3919,1,-1.546,-5.3919,-0.053919,False
2018-02-01,ORCL,buy_call,3.5955,1,-1.4008,-3.5955,-0.035955,False
2018-02-01,PEP,buy_call,2.2339,1,-8.7864,-2.2339,-0.022339,False
2018-02-01,PFE,buy_call,2.8264,1,-1.9708,-2.8264,-0.028264,False
2018-02-01,PG,skip,0.0,0,-8.3639,0.0,0.0,False
2018-02-01,PM,buy_call,2.2339,1,-3.4319,-2.2339,-0.022339,False
2018-02-01,PYPL,buy_call,2.7116,1,-6.9269,-2.7116,-0.027116,False
2018-02-01,QCOM,buy_call,4.254,1,-4.7619,-4.254,-0.04254,False
2018-02-01,SBUX,skip,0.0,0,0.5105,0.0,0.0,False
2018-02-01,SCHW,buy_call,2.7389,1,-0.5999,-2.7389,-0.027389,False
2018-02-01,SO,skip,0.0,0,-4.5444,0.0,0.0,False
2018-02-01,SPGI,buy_call,2.7389,1,5.9083,3.1694,0.031694,False
2018-02-01,SYK,buy_call,2.4594,1,-1.3505,-2.4594,-0.024594,False
2018-02-01,T,skip,0.0,0,-1.3636,0.0,0.0,False
2018-02-01,TJX,buy_call,2.4474,1,2.9382,0.4908,0.004908,False
2018-02-01,TMO,buy_call,2.8279,1,-6.9296,-2.8279,-0.028279,False
2018-02-01,TMUS,buy_call,3.1005,1,-6.8971,-3.1005,-0.031005,False
2018-02-01,TXN,buy_call,4.1737,1,-0.6569,-4.1737,-0.041737,False
2018-02-01,UNH,buy_call,2.9729,1,-4.4852,-2.9729,-0.029729,False
2018-02-01,UNP,skip,0.0,0,-2.4344,0.0,0.0,False
2018-02-01,USB,buy_call,2.7389,1,-4.8652,-2.7389,-0.027389,False
2018-02-01,V,buy_call,2.5501,1,-1.0384,-2.5501,-0.025501,False
2018-02-01,VZ,buy_call,3.1005,1,-10.7014,-3.1005,-0.031005,False
2018-02-01,WFC,buy_call,3.4824,1,-11.204,-3.4824,-0.034824,False
2018-02-01,WMT,buy_call,2.4474,1,-15.5629,-2.4474,-0.024474,False
2018-02-01,XOM,buy_call,3.2317,1,-13.2417,-3.2317,-0.032317,False
2018-03-01,AAPL,buy_call,3.1456,6,-5.421,-3.1456,-0.188736,True
2018-03-01,ABBV,buy_call,2.8264,6,-18.2854,-2.8264,-0.169584,True
2018-03-01,ABT,skip,0.0,0,-0.6796,0.0,0.0,True
2018-03-01,ADBE,buy_call,2.8745,6,3.3233,0.4488,0.026928,True
2018-03-01,ADP,skip,0.0,0,-1.5955,0.0,0.0,True
2018-03-01,AMAT,buy_call,4.1737,6,-3.2623,-4.1737,-0.250422,True
2018-03-01,AMGN,skip,0.0,0,-6.5306,0.0,0.0,True
2018-03-01,AMT,skip,0.0,0,4.3135,0.0,0.0,True
2018-03-01,AMZN,buy_call,3.8265,6,-4.3049,-3.8265,-0.22959,True
2018-03-01,AVGO,skip,0.0,0,-4.3861,0.0,0.0,True
2018-03-01,AXP,skip,0.0,0,-4.338,0.0,0.0,True
2018-03-01,BA,buy_call,3.0,6,-9.0311,-3.0,-0.18,True
2018-03-01,BAC,buy_call,3.1976,6,-6.5732,-3.1976,-0.191856,True
2018-03-01,BDX,skip,0.0,0,-2.3962,0.0,0.0,True
2018-03-01,BKNG,buy_call,3.0,6,2.2787,-0.7213,-0.043278,True
2018-03-01,BLK,skip,0.0,0,-1.4033,0.0,0.0,True
2018-03-01,BMY,buy_call,2.8264,6,-4.4562,-2.8264,-0.169584,True
2018-03-01,BRK-B,skip,0.0,0,-3.7259,0.0,0.0,True
2018-03-01,C,skip,0.0,0,-10.2214,0.0,0.0,True
2018-03-01,CAT,skip,0.0,0,-4.6886,0.0,0.0,True
2018-03-01,CHTR,skip,0.0,0,-8.9814,0.0,0.0,True
2018-03-01,CL,skip,0.0,0,3.9292,0.0,0.0,True
2018-03-01,CMCSA,skip,0.0,0,-5.6338,0.0,0.0,True
2018-03-01,CME,buy_call,2.7389,6,-2.6601,-2.7389,-0.164334,True
2018-03-01,COST,skip,0.0,0,-1.0297,0.0,0.0,True
2018-03-01,CRM,buy_call,3.8947,6,0.043,-3.8517,-0.231102,True
2018-03-01,CSCO,buy_call,3.0196,6,-4.2206,-3.0196,-0.181176,True
2018-03-01,CSX,skip,0.0,0,4.1199,0.0,0.0,True
2018-03-01,CVS,skip,0.0,0,-8.15,0.0,0.0,True
2018-03-01,CVX,skip,0.0,0,2.9085,0.0,0.0,True
2018-03-01,DHR,skip,0.0,0,0.1329,0.0,0.0,True
2018-03-01,DIS,skip,0.0,0,-2.6367,0.0,0.0,True
2018-03-01,DUK,skip,0.0,0,4.0541,0.0,0.0,True
2018-03-01,ELV,skip,0.0,0,-6.6616,0.0,0.0,True
2018-03-01,EOG,skip,0.0,0,3.7961,0.0,0.0,True
2018-03-01,EQIX,skip,0.0,0,7.2675,0.0,0.0,True
2018-03-01,FDX,skip,0.0,0,-2.5567,0.0,0.0,True
2018-03-01,GE,skip,0.0,0,-3.6743,0.0,0.0,True
2018-03-01,GILD,skip,0.0,0,-4.2423,0.0,0.0,True
2018-03-01,GM,skip,0.0,0,-7.6493,0.0,0.0,True
2018-03-01,GOOGL,skip,0.0,0,-6.0494,0.0,0.0,True
2018-03-01,GS,skip,0.0,0,-3.9414,0.0,0.0,True
2018-03-01,HD,skip,0.0,0,-2.211,0.0,0.0,True
2018-03-01,HON,skip,0.0,0,-3.9029,0.0,0.0,True
2018-03-01,IBM,skip,0.0,0,-0.5707,0.0,0.0,True
2018-03-01,ICE,skip,0.0,0,-0.7663,0.0,0.0,True
2018-03-01,INTC,buy_call,4.1737,6,6.3772,2.2035,0.13221,True
2018-03-01,ISRG,skip,0.0,0,-3.1938,0.0,0.0,True
2018-03-01,ITW,skip,0.0,0,-2.9608,0.0,0.0,True
2018-03-01,JNJ,skip,0.0,0,-0.7002,0.0,0.0,True
2018-03-01,JPM,buy_call,2.7389,6,-4.7879,-2.7389,-0.164334,True
2018-03-01,KO,skip,0.0,0,0.4859,0.0,0.0,True
2018-03-01,LLY,skip,0.0,0,1.2021,0.0,0.0,True
2018-03-01,LMT,skip,0.0,0,-3.5786,0.0,0.0,True
2018-03-01,LOW,skip,0.0,0,-2.0538,0.0,0.0,True
2018-03-01,MA,buy_call,2.7116,6,-0.3413,-2.7116,-0.162696,True
2018-03-01,MCD,skip,0.0,0,-0.235,0.0,0.0,True
2018-03-01,MDLZ,skip,0.0,0,-4.943,0.0,0.0,True
2018-03-01,MDT,skip,0.0,0,0.4131,0.0,0.0,True
2018-03-01,MET,skip,0.0,0,0.1786,0.0,0.0,True
2018-03-01,META,skip,0.0,0,-10.3914,0.0,0.0,True
2018-03-01,MMM,skip,0.0,0,-6.2398,0.0,0.0,True
2018-03-01,MO,skip,0.0,0,-1.0008,0.0,0.0,True
2018-03-01,MRK,skip,0.0,0,0.4611,0.0,0.0,True
2018-03-01,MS,skip,0.0,0,-3.6772,0.0,0.0,True
2018-03-01,MSFT,skip,0.0,0,-2.2089,0.0,0.0,True
2018-03-01,MU,buy_call,5.3919,6,6.8224,1.4305,0.08583,True
2018-03-01,NEE,skip,0.0,0,8.116,0.0,0.0,True
2018-03-01,NFLX,buy_call,4.4729,6,1.3625,-3.1104,-0.186624,True
2018-03-01,NKE,skip,0.0,0,-0.8802,0.0,0.0,True
2018-03-01,NVDA,skip,0.0,0,-4.2422,0.0,0.0,True
2018-03-01,ORCL,skip,0.0,0,-9.7099,0.0,0.0,True
2018-03-01,PEP,skip,0.0,0,-0.5285,0.0,0.0,True
2018-03-01,PFE,skip,0.0,0,-1.3529,0.0,0.0,True
2018-03-01,PG,skip,0.0,0,0.9679,0.0,0.0,True
2018-03-01,PM,skip,0.0,0,-4.0077,0.0,0.0,True
2018-03-01,PYPL,skip,0.0,0,-4.4579,0.0,0.0,True
2018-03-01,QCOM,skip,0.0,0,-14.0222,0.0,0.0,True
2018-03-01,SBUX,buy_call,1.9747,6,1.9334,-0.0413,-0.002478,True
2018-03-01,SCHW,skip,0.0,0,-1.3192,0.0,0.0,True
2018-03-01,SO,skip,0.0,0,5.0835,0.0,0.0,True
2018-03-01,SPGI,buy_call,2.7389,6,-0.12,-2.7389,-0.164334,True
2018-03-01,SYK,skip,0.0,0,-0.7647,0.0,0.0,True
2018-03-01,T,skip,0.0,0,-1.7906,0.0,0.0,True
2018-03-01,TJX,buy_call,2.4474,6,-0.9442,-2.4474,-0.146844,True
2018-03-01,TMO,skip,0.0,0,-1.0164,0.0,0.0,True
2018-03-01,TMUS,skip,0.0,0,0.7095,0.0,0.0,True
2018-03-01,TXN,skip,0.0,0,-4.1163,0.0,0.0,True
2018-03-01,UNH,skip,0.0,0,-5.3767,0.0,0.0,True
2018-03-01,UNP,skip,0.0,0,3.7549,0.0,0.0,True
2018-03-01,USB,skip,0.0,0,-7.1008,0.0,0.0,True
2018-03-01,V,skip,0.0,0,-2.5311,0.0,0.0,True
2018-03-01,VZ,skip,0.0,0,0.1676,0.0,0.0,True
2018-03-01,WFC,skip,0.0,0,-9.7371,0.0,0.0,True
2018-03-01,WMT,skip,0.0,0,-1.1554,0.0,0.0,True
2018-03-01,XOM,skip,0.0,0,-0.4846,0.0,0.0,True
2018-04-01,AAPL,skip,0.0,0,-1.502,0.0,0.0,True
2018-04-01,ABBV,skip,0.0,0,2.0074,0.0,0.0,True
2018-04-01,ABT,skip,0.0,0,-2.9873,0.0,0.0,True
2018-04-01,ADBE,buy_call,2.8745,12,2.5546,-0.3199,-0.038388,True
2018-04-01,ADP,skip,0.0,0,4.6258,0.0,0.0,True
2018-04-01,AMAT,skip,0.0,0,-10.6815,0.0,0.0,True
2018-04-01,AMGN,skip,0.0,0,2.3463,0.0,0.0,True
2018-04-01,AMT,buy_call,3.0196,12,-6.1787,-3.0196,-0.362352,True
2018-04-01,AMZN,skip,0.0,0,8.2075,0.0,0.0,True
2018-04-01,AVGO,skip,0.0,0,-1.2172,0.0,0.0,True
2018-04-01,AXP,skip,0.0,0,5.8641,0.0,0.0,True
2018-04-01,BA,skip,0.0,0,1.7323,0.0,0.0,True
2018-04-01,BAC,skip,0.0,0,0.1409,0.0,0.0,True
2018-04-01,BDX,skip,0.0,0,7.368,0.0,0.0,True
2018-04-01,BKNG,buy_call,3.0,12,4.6919,1.6919,0.203028,True
2018-04-01,BLK,skip,0.0,0,-3.2214,0.0,0.0,True
2018-04-01,BMY,skip,0.0,0,-17.581,0.0,0.0,True
2018-04-01,BRK-B,skip,0.0,0,-2.8825,0.0,0.0,True
2018-04-01,C,skip,0.0,0,1.1407,0.0,0.0,True
2018-04-01,CAT,skip,0.0,0,-2.0492,0.0,0.0,True
2018-04-01,CHTR,skip,0.0,0,-12.8301,0.0,0.0,True
2018-04-01,CL,buy_call,2.0993,12,-8.9983,-2.0993,-0.251916,True
2018-04-01,CMCSA,skip,0.0,0,-8.1358,0.0,0.0,True
2018-04-01,CME,skip,0.0,0,-2.1037,0.0,0.0,True
2018-04-01,COST,skip,0.0,0,4.633,0.0,0.0,True
2018-04-01,CRM,buy_call,3.8947,12,4.0327,0.1379,0.016548,True
2018-04-01,CSCO,skip,0.0,0,3.2641,0.0,0.0,True
2018-04-01,CSX,buy_call,3.0,12,6.6057,3.6057,0.432684,True
2018-04-01,CVS,skip,0.0,0,12.2488,0.0,0.0,True
2018-04-01,CVX,buy_call,3.0632,12,9.7071,6.6439,0.797268,True
2018-04-01,DHR,buy_call,2.4594,12,2.6303,0.171,0.02052,True
2018-04-01,DIS,skip,0.0,0,-0.1095,0.0,0.0,True
2018-04-01,DUK,buy_call,1.9747,12,3.4723,1.4976,0.179712,True
2018-04-01,ELV,skip,0.0,0,7.7632,0.0,0.0,True
2018-04-01,EOG,buy_call,3.2317,12,12.2542,9.0225,1.0827,True
2018-04-01,EQIX,buy_call,3.0196,12,0.6338,-2.3858,-0.286296,True
2018-04-01,FDX,skip,0.0,0,3.1673,0.0,0.0,True
2018-04-01,GE,skip,0.0,0,4.3769,0.0,0.0,True
2018-04-01,GILD,skip,0.0,0,-3.5134,0.0,0.0,True
2018-04-01,GM,skip,0.0,0,2.129,0.0,0.0,True
2018-04-01,GOOGL,skip,0.0,0,-1.7895,0.0,0.0,True
2018-04-01,GS,skip,0.0,0,-5.372,0.0,0.0,True
2018-04-01,HD,skip,0.0,0,4.2718,0.0,0.0,True
2018-04-01,HON,skip,0.0,0,0.1176,0.0,0.0,True
2018-04-01,IBM,skip,0.0,0,-5.5205,0.0,0.0,True
2018-04-01,ICE,skip,0.0,0,0.2378,0.0,0.0,True
2018-04-01,INTC,buy_call,4.1737,12,-0.8833,-4.1737,-0.500844,True
2018-04-01,ISRG,skip,0.0,0,6.7703,0.0,0.0,True
2018-04-01,ITW,skip,0.0,0,-8.8885,0.0,0.0,True
2018-04-01,JNJ,skip,0.0,0,-1.2954,0.0,0.0,True
2018-04-01,JPM,skip,0.0,0,-1.0821,0.0,0.0,True
2018-04-01,KO,buy_call,1.9747,12,0.3717,-1.6031,-0.192372,True
2018-04-01,LLY,buy_call,3.5202,12,4.7822,1.262,0.15144,True
2018-04-01,LMT,skip,0.0,0,-5.0572,0.0,0.0,True
2018-04-01,LOW,skip,0.0,0,-6.0627,0.0,0.0,True
2018-04-01,MA,skip,0.0,0,1.7755,0.0,0.0,True
2018-04-01,MCD,skip,0.0,0,7.0725,0.0,0.0,True
2018-04-01,MDLZ,skip,0.0,0,-4.8321,0.0,0.0,True
2018-04-01,MDT,buy_call,2.4594,12,0.4652,-1.9942,-0.239304,True
2018-04-01,MET,buy_call,2.7389,12,3.8788,1.1399,0.136788,True
2018-04-01,META,skip,0.0,0,7.6413,0.0,0.0,True
2018-04-01,MMM,skip,0.0,0,-11.4477,0.0,0.0,True
2018-04-01,MO,skip,0.0,0,-9.0015,0.0,0.0,True
2018-04-01,MRK,buy_call,2.7192,12,9.023,6.3038,0.756456,True
2018-04-01,MS,skip,0.0,0,-4.3365,0.0,0.0,True
2018-04-01,MSFT,skip,0.0,0,2.4652,0.0,0.0,True
2018-04-01,MU,buy_call,5.3919,12,-11.8143,-5.3919,-0.647028,True
2018-04-01,NEE,buy_call,1.9747,12,0.3551,-1.6197,-0.194364,True
2018-04-01,NFLX,buy_call,4.4729,12,5.7931,1.3202,0.158424,True
2018-04-01,NKE,skip,0.0,0,3.2464,0.0,0.0,True
2018-04-01,NVDA,skip,0.0,0,-2.8887,0.0,0.0,True
2018-04-01,ORCL,skip,0.0,0,-0.1749,0.0,0.0,True
2018-04-01,PEP,skip,0.0,0,-6.8383,0.0,0.0,True
2018-04-01,PFE,skip,0.0,0,3.1558,0.0,0.0,True
2018-04-01,PG,buy_call,2.0993,12,-8.7538,-2.0993,-0.251916,True
2018-04-01,PM,skip,0.0,0,-16.6152,0.0,0.0,True
2018-04-01,PYPL,skip,0.0,0,-1.6607,0.0,0.0,True
2018-04-01,QCOM,skip,0.0,0,-7.9408,0.0,0.0,True
2018-04-01,SBUX,buy_call,1.9747,12,-0.5528,-1.9747,-0.236964,True
2018-04-01,SCHW,skip,0.0,0,6.6258,0.0,0.0,True
2018-04-01,SO,buy_call,1.9747,12,3.2691,1.2944,0.155328,True
2018-04-01,SPGI,skip,0.0,0,-1.2875,0.0,0.0,True
2018-04-01,SYK,skip,0.0,0,5.5951,0.0,0.0,True
2018-04-01,T,skip,0.0,0,-8.2749,0.0,0.0,True
2018-04-01,TJX,skip,0.0,0,4.0339,0.0,0.0,True
2018-04-01,TMO,skip,0.0,0,1.9647,0.0,0.0,True
2018-04-01,TMUS,buy_call,3.1005,12,-0.8683,-3.1005,-0.37206,True
2018-04-01,TXN,skip,0.0,0,-2.3679,0.0,0.0,True
2018-04-01,UNH,skip,0.0,0,10.833,0.0,0.0,True
2018-04-01,UNP,buy_call,3.2317,12,-0.5951,-3.2317,-0.387804,True
2018-04-01,USB,skip,0.0,0,0.5057,0.0,0.0,True
2018-04-01,V,skip,0.0,0,6.0692,0.0,0.0,True
2018-04-01,VZ,buy_call,3.1005,12,3.1995,0.0989,0.011868,True
2018-04-01,WFC,skip,0.0,0,-0.8586,0.0,0.0,True
2018-04-01,WMT,skip,0.0,0,0.0195,0.0,0.0,True
2018-04-01,XOM,skip,0.0,0,4.2086,0.0,0.0,True
2018-05-01,AAPL,skip,0.0,0,13.0763,0.0,0.0,True
2018-05-01,ABBV,buy_call,2.8264,6,3.5368,0.7104,0.042624,True
2018-05-01,ABT,skip,0.0,0,6.3585,0.0,0.0,True
2018-05-01,ADBE,buy_call,2.8745,6,12.491,9.6165,0.57699,True
2018-05-01,ADP,buy_call,3.0196,6,10.1118,7.0922,0.425532,True
2018-05-01,AMAT,skip,0.0,0,2.2347,0.0,0.0,True
2018-05-01,AMGN,buy_call,2.8264,6,2.9459,0.1195,0.00717,True
2018-05-01,AMT,skip,0.0,0,2.0084,0.0,0.0,True
2018-05-01,AMZN,buy_call,3.8265,6,4.0539,0.2275,0.01365,True
2018-05-01,AVGO,skip,0.0,0,9.8727,0.0,0.0,True
2018-05-01,AXP,buy_call,2.7116,6,-0.082,-2.7116,-0.162696,True
2018-05-01,BA,buy_call,3.0,6,5.5762,2.5762,0.154572,True
2018-05-01,BAC,buy_call,3.1976,6,-2.9412,-3.1976,-0.191856,True
2018-05-01,BDX,buy_call,2.4594,6,-4.4335,-2.4594,-0.147564,True
2018-05-01,BKNG,buy_call,3.0,6,-3.1717,-3.0,-0.18,True
2018-05-01,BLK,skip,0.0,0,2.441,0.0,0.0,True
2018-05-01,BMY,skip,0.0,0,1.5851,0.0,0.0,True
2018-05-01,BRK-B,skip,0.0,0,-1.1356,0.0,0.0,True
2018-05-01,C,buy_call,3.0,6,-2.3143,-3.0,-0.18,True
2018-05-01,CAT,skip,0.0,0,5.7598,0.0,0.0,True
2018-05-01,CHTR,skip,0.0,0,-3.7782,0.0,0.0,True
2018-05-01,CL,skip,0.0,0,-2.7138,0.0,0.0,True
2018-05-01,CMCSA,skip,0.0,0,-0.1028,0.0,0.0,True
2018-05-01,CME,skip,0.0,0,3.3105,0.0,0.0,True
2018-05-01,COST,buy_call,2.5784,6,0.5478,-2.0307,-0.121842,True
2018-05-01,CRM,buy_call,3.8947,6,6.8931,2.9984,0.179904,True
2018-05-01,CSCO,buy_call,3.0196,6,-2.7921,-3.0196,-0.181176,True
2018-05-01,CSX,buy_call,3.0,6,8.8567,5.8567,0.351402,True
2018-05-01,CVS,buy_call,2.9729,6,-8.5279,-2.9729,-0.178374,True
2018-05-01,CVX,buy_call,3.0632,6,-0.6474,-3.0632,-0.183792,True
2018-05-01,DHR,buy_call,2.4594,6,-1.0367,-2.4594,-0.147564,True
2018-05-01,DIS,skip,0.0,0,-0.8572,0.0,0.0,True
2018-05-01,DUK,buy_call,1.9747,6,-3.7426,-1.9747,-0.118482,True
2018-05-01,ELV,buy_call,2.9729,6,-6.174,-2.9729,-0.178374,True
2018-05-01,EOG,buy_call,3.2317,6,-0.1367,-3.2317,-0.193902,True
2018-05-01,EQIX,buy_call,3.0196,6,-5.6893,-3.0196,-0.181176,True
2018-05-01,FDX,buy_call,3.0196,6,0.7767,-2.2429,-0.134574,True
2018-05-01,GE,buy_call,3.2317,6,0.0711,-3.1607,-0.189642,True
2018-05-01,GILD,skip,0.0,0,-6.687,0.0,0.0,True
2018-05-01,GM,buy_call,3.2317,6,16.2221,12.9903,0.779418,True
2018-05-01,GOOGL,skip,0.0,0,7.9935,0.0,0.0,True
2018-05-01,GS,skip,0.0,0,-5.2238,0.0,0.0,True
2018-05-01,HD,buy_call,2.7959,6,0.9469,-1.849,-0.11094,True
2018-05-01,HON,buy_call,3.0196,6,2.2325,-0.787,-0.04722,True
2018-05-01,IBM,skip,0.0,0,-2.5179,0.0,0.0,True
2018-05-01,ICE,buy_call,3.0,6,-2.1667,-3.0,-0.18,True
2018-05-01,INTC,skip,0.0,0,6.9353,0.0,0.0,True
2018-05-01,ISRG,buy_call,2.4594,6,4.2856,1.8262,0.109572,True
2018-05-01,ITW,skip,0.0,0,1.1829,0.0,0.0,True
2018-05-01,JNJ,skip,0.0,0,-5.4312,0.0,0.0,True
2018-05-01,JPM,skip,0.0,0,-1.1283,0.0,0.0,True
2018-05-01,KO,buy_call,1.9747,6,-0.486,-1.9747,-0.118482,True
2018-05-01,LLY,buy_call,3.5202,6,4.897,1.3768,0.082608,True
2018-05-01,LMT,skip,0.0,0,-1.9636,0.0,0.0,True
2018-05-01,LOW,skip,0.0,0,15.8244,0.0,0.0,True
2018-05-01,MA,buy_call,2.7116,6,6.7991,4.0874,0.245244,True
2018-05-01,MCD,buy_call,1.9747,6,-4.4374,-1.9747,-0.118482,True
2018-05-01,MDLZ,skip,0.0,0,-0.5823,0.0,0.0,True
2018-05-01,MDT,buy_call,2.4594,6,7.725,5.2656,0.315936,True
2018-05-01,MET,buy_call,2.7389,6,-3.5242,-2.7389,-0.164334,True
2018-05-01,META,buy_call,4.3383,6,11.5,7.1617,0.429702,True
2018-05-01,MMM,skip,0.0,0,1.461,0.0,0.0,True
2018-05-01,MO,skip,0.0,0,-0.6594,0.0,0.0,True
2018-05-01,MRK,buy_call,2.7192,6,1.1211,-1.5981,-0.095886,True
2018-05-01,MS,skip,0.0,0,-2.3997,0.0,0.0,True
2018-05-01,MSFT,buy_call,2.8745,6,5.6886,2.8141,0.168846,True
2018-05-01,MU,skip,0.0,0,25.2501,0.0,0.0,True
2018-05-01,NEE,buy_call,1.9747,6,1.1592,-0.8156,-0.048936,True
2018-05-01,NFLX,buy_call,4.4729,6,12.5264,8.0535,0.48321,True
2018-05-01,NKE,buy_call,3.5085,6,4.9861,1.4775,0.08865,True
2018-05-01,NVDA,skip,0.0,0,12.1343,0.0,0.0,True
2018-05-01,ORCL,skip,0.0,0,2.7227,0.0,0.0,True
2018-05-01,PEP,skip,0.0,0,-0.6836,0.0,0.0,True
2018-05-01,PFE,buy_call,2.8264,6,-1.8574,-2.8264,-0.169584,True
2018-05-01,PG,skip,0.0,0,2.0833,0.0,0.0,True
2018-05-01,PM,skip,0.0,0,-3.0,0.0,0.0,True
2018-05-01,PYPL,skip,0.0,0,9.9987,0.0,0.0,True
2018-05-01,QCOM,skip,0.0,0,13.9384,0.0,0.0,True
2018-05-01,SBUX,skip,0.0,0,-1.5633,0.0,0.0,True
2018-05-01,SCHW,buy_call,2.7389,6,-0.1078,-2.7389,-0.164334,True
2018-05-01,SO,buy_call,1.9747,6,-2.6453,-1.9747,-0.118482,True
2018-05-01,SPGI,skip,0.0,0,4.719,0.0,0.0,True
2018-05-01,SYK,buy_call,2.4594,6,2.7152,0.2558,0.015348,True
2018-05-01,T,skip,0.0,0,0.7091,0.0,0.0,True
2018-05-01,TJX,buy_call,2.4474,6,6.4467,3.9992,0.239952,True
2018-05-01,TMO,buy_call,2.8279,6,-0.9888,-2.8279,-0.169674,True
2018-05-01,TMUS,skip,0.0,0,-7.9491,0.0,0.0,True
2018-05-01,TXN,skip,0.0,0,10.3323,0.0,0.0,True
2018-05-01,UNH,buy_call,2.9729,6,2.1616,-0.8113,-0.048678,True
2018-05-01,UNP,skip,0.0,0,6.8323,0.0,0.0,True
2018-05-01,USB,buy_call,2.7389,6,-0.9118,-2.7389,-0.164334,True
2018-05-01,V,buy_call,2.5501,6,3.0265,0.4764,0.028584,True
2018-05-01,VZ,buy_call,3.1005,6,-2.1888,-3.1005,-0.18603,True
2018-05-01,WFC,skip,0.0,0,3.9069,0.0,0.0,True
2018-05-01,WMT,buy_call,2.4474,6,-6.6923,-2.4474,-0.146844,True
2018-05-01,XOM,buy_call,3.2317,6,4.4887,1.257,0.07542,True
2018-06-01,AAPL,buy_call,3.1456,6,-0.5598,-3.1456,-0.188736,True
2018-06-01,ABBV,buy_call,2.8264,6,-6.3573,-2.8264,-0.169584,True
2018-06-01,ABT,buy_call,2.4594,6,-0.8776,-2.4594,-0.147564,True
2018-06-01,ADBE,buy_call,2.8745,6,-2.1943,-2.8745,-0.17247,True
2018-06-01,ADP,buy_call,3.0196,6,3.1688,0.1492,0.008952,True
2018-06-01,AMAT,buy_call,4.1737,6,-8.6755,-4.1737,-0.250422,True
2018-06-01,AMGN,buy_call,2.8264,6,3.5601,0.7337,0.044022,True
2018-06-01,AMT,buy_call,3.0196,6,4.1917,1.1721,0.070326,True
2018-06-01,AMZN,buy_call,3.8265,6,4.3065,0.48,0.0288,True
2018-06-01,AVGO,buy_call,4.1737,6,-3.741,-4.1737,-0.250422,True
2018-06-01,AXP,skip,0.0,0,-0.3052,0.0,0.0,True
2018-06-01,BA,buy_call,3.0,6,-4.2527,-3.0,-0.18,True
2018-06-01,BAC,skip,0.0,0,-2.5304,0.0,0.0,True
2018-06-01,BDX,skip,0.0,0,8.1096,0.0,0.0,True
2018-06-01,BKNG,skip,0.0,0,-3.8802,0.0,0.0,True
2018-06-01,BLK,buy_call,2.7389,6,-6.587,-2.7389,-0.164334,True
2018-06-01,BMY,buy_call,2.8264,6,5.1692,2.3427,0.140562,True
2018-06-01,BRK-B,skip,0.0,0,-2.5479,0.0,0.0,True
2018-06-01,C,skip,0.0,0,0.8197,0.0,0.0,True
2018-06-01,CAT,buy_call,3.2317,6,-10.6906,-3.2317,-0.193902,True
2018-06-01,CHTR,skip,0.0,0,12.3238,0.0,0.0,True
2018-06-01,CL,skip,0.0,0,2.7262,0.0,0.0,True
2018-06-01,CMCSA,skip,0.0,0,5.2277,0.0,0.0,True
2018-06-01,CME,buy_call,2.7389,6,0.6262,-2.1127,-0.126762,True
2018-06-01,COST,buy_call,2.5784,6,5.7251,3.1466,0.188796,True
2018-06-01,CRM,buy_call,3.8947,6,5.4666,1.5719,0.094314,True
2018-06-01,CSCO,skip,0.0,0,0.7492,0.0,0.0,True
2018-06-01,CSX,buy_call,3.0,6,-1.0066,-3.0,-0.18,True
2018-06-01,CVS,skip,0.0,0,1.5144,0.0,0.0,True
2018-06-01,CVX,skip,0.0,0,2.6006,0.0,0.0,True
2018-06-01,DHR,skip,0.0,0,-0.6043,0.0,0.0,True
2018-06-01,DIS,skip,0.0,0,5.3684,0.0,0.0,True
2018-06-01,DUK,skip,0.0,0,3.7023,0.0,0.0,True
2018-06-01,ELV,skip,0.0,0,7.5016,0.0,0.0,True
2018-06-01,EOG,skip,0.0,0,5.6192,0.0,0.0,True
2018-06-01,EQIX,skip,0.0,0,8.9647,0.0,0.0,True
2018-06-01,FDX,buy_call,3.0196,6,-8.8552,-3.0196,-0.181176,True
2018-06-01,GE,buy_call,3.2317,6,-3.3381,-3.2317,-0.193902,True
2018-06-01,GILD,skip,0.0,0,5.1039,0.0,0.0,True
2018-06-01,GM,buy_call,3.2317,6,-7.7283,-3.2317,-0.193902,True
2018-06-01,GOOGL,buy_call,3.4858,6,2.6536,-0.8322,-0.049932,True
2018-06-01,GS,skip,0.0,0,-2.0055,0.0,0.0,True
2018-06-01,HD,buy_call,2.7959,6,5.1688,2.3729,0.142374,True
2018-06-01,HON,buy_call,3.0196,6,-2.1155,-3.0196,-0.181176,True
2018-06-01,IBM,skip,0.0,0,-0.0419,0.0,0.0,True
2018-06-01,ICE,skip,0.0,0,3.7523,0.0,0.0,True
2018-06-01,INTC,buy_call,4.1737,6,-9.4259,-4.1737,-0.250422,True
2018-06-01,ISRG,buy_call,2.4594,6,4.0921,1.6327,0.097962,True
2018-06-01,ITW,buy_call,3.0196,6,-3.5908,-3.0196,-0.181176,True
2018-06-01,JNJ,skip,0.0,0,2.1902,0.0,0.0,True
2018-06-01,JPM,skip,0.0,0,-2.6259,0.0,0.0,True
2018-06-01,KO,skip,0.0,0,2.0,0.0,0.0,True
2018-06-01,LLY,buy_call,3.5202,6,1.0329,-2.4872,-0.149232,True
2018-06-01,LMT,skip,0.0,0,-5.4867,0.0,0.0,True
2018-06-01,LOW,buy_call,2.7959,6,0.5894,-2.2065,-0.13239,True
2018-06-01,MA,buy_call,2.7116,6,3.3663,0.6547,0.039282,True
2018-06-01,MCD,skip,0.0,0,-2.0748,0.0,0.0,True
2018-06-01,MDLZ,skip,0.0,0,4.4054,0.0,0.0,True
2018-06-01,MDT,buy_call,2.4594,6,-0.8225,-2.4594,-0.147564,True
2018-06-01,MET,skip,0.0,0,-4.2968,0.0,0.0,True
2018-06-01,META,buy_call,4.3383,6,1.3244,-3.0138,-0.180828,True
2018-06-01,MMM,buy_call,3.0196,6,0.4236,-2.596,-0.15576,True
2018-06-01,MO,skip,0.0,0,1.8838,0.0,0.0,True
2018-06-01,MRK,buy_call,2.7192,6,1.9654,-0.7538,-0.045228,True
2018-06-01,MS,skip,0.0,0,-5.4647,0.0,0.0,True
2018-06-01,MSFT,buy_call,2.8745,6,0.1997,-2.6747,-0.160482,True
2018-06-01,MU,buy_call,5.3919,6,-8.9425,-5.3919,-0.323514,True
2018-06-01,NEE,buy_call,1.9747,6,0.7358,-1.239,-0.07434,True
2018-06-01,NFLX,buy_call,4.4729,6,11.3282,6.8553,0.411318,True
2018-06-01,NKE,buy_call,3.5085,6,10.9749,7.4664,0.447984,True
2018-06-01,NVDA,buy_call,5.3919,6,-6.0048,-5.3919,-0.323514,True
2018-06-01,ORCL,buy_call,3.5955,6,-5.6935,-3.5955,-0.21573,True
2018-06-01,PEP,skip,0.0,0,9.5973,0.0,0.0,True
2018-06-01,PFE,skip,0.0,0,1.9598,0.0,0.0,True
2018-06-01,PG,buy_call,2.0993,6,6.6831,4.5838,0.275028,True
2018-06-01,PM,skip,0.0,0,1.5087,0.0,0.0,True
2018-06-01,PYPL,buy_call,2.7116,6,1.4622,-1.2495,-0.07497,True
2018-06-01,QCOM,buy_call,4.254,6,-2.4323,-4.254,-0.25524,True
2018-06-01,SBUX,skip,0.0,0,-13.3484,0.0,0.0,True
2018-06-01,SCHW,skip,0.0,0,-7.9699,0.0,0.0,True
2018-06-01,SO,skip,0.0,0,4.5788,0.0,0.0,True
2018-06-01,SPGI,buy_call,2.7389,6,3.4944,0.7555,0.04533,True
2018-06-01,SYK,buy_call,2.4594,6,-2.9652,-2.4594,-0.147564,True
2018-06-01,T,buy_call,3.1005,6,-0.6498,-3.1005,-0.18603,True
2018-06-01,TJX,buy_call,2.4474,6,5.8633,3.4159,0.204954,True
2018-06-01,TMO,skip,0.0,0,-0.5426,0.0,0.0,True
2018-06-01,TMUS,skip,0.0,0,7.2711,0.0,0.0,True
2018-06-01,TXN,buy_call,4.1737,6,-0.8902,-4.1737,-0.250422,True
2018-06-01,UNH,buy_call,2.9729,6,1.5859,-1.387,-0.08322,True
2018-06-01,UNP,buy_call,3.2317,6,-0.251,-3.2317,-0.193902,True
2018-06-01,USB,skip,0.0,0,0.06,0.0,0.0,True
2018-06-01,V,buy_call,2.5501,6,1.4863,-1.0638,-0.063828,True
2018-06-01,VZ,skip,0.0,0,5.5381,0.0,0.0,True
2018-06-01,WFC,buy_call,3.4824,6,3.4588,-0.0236,-0.001416,True
2018-06-01,WMT,skip,0.0,0,4.4216,0.0,0.0,True
2018-06-01,XOM,buy_call,3.2317,6,2.8662,-0.3655,-0.02193,True
2018-07-01,AAPL,skip,0.0,0,2.7983,0.0,0.0,True
2018-07-01,ABBV,skip,0.0,0,-0.4533,0.0,0.0,True
2018-07-01,ABT,skip,0.0,0,7.4602,0.0,0.0,True
2018-07-01,ADBE,skip,0.0,0,0.3568,0.0,0.0,True
2018-07-01,ADP,buy_call,3.0196,12,1.1464,-1.8731,-0.224772,True
2018-07-01,AMAT,skip,0.0,0,5.2825,0.0,0.0,True
2018-07-01,AMGN,buy_call,2.8264,12,6.4792,3.6528,0.438336,True
2018-07-01,AMT,buy_call,3.0196,12,3.3977,0.3781,0.045372,True
2018-07-01,AMZN,buy_call,3.8265,12,4.5676,0.7411,0.088932,True
2018-07-01,AVGO,skip,0.0,0,-7.3756,0.0,0.0,True
2018-07-01,AXP,skip,0.0,0,1.551,0.0,0.0,True
2018-07-01,BA,skip,0.0,0,6.1965,0.0,0.0,True
2018-07-01,BAC,skip,0.0,0,9.5424,0.0,0.0,True
2018-07-01,BDX,buy_call,2.4594,12,4.852,2.3926,0.287112,True
2018-07-01,BKNG,skip,0.0,0,0.0804,0.0,0.0,True
2018-07-01,BLK,skip,0.0,0,1.2913,0.0,0.0,True
2018-07-01,BMY,buy_call,2.8264,12,6.1619,3.3355,0.40026,True
2018-07-01,BRK-B,skip,0.0,0,6.0113,0.0,0.0,True
2018-07-01,C,buy_call,3.0,12,7.4268,4.4268,0.531216,True
2018-07-01,CAT,skip,0.0,0,5.9925,0.0,0.0,True
2018-07-01,CHTR,buy_call,3.1005,12,3.8778,0.7772,0.093264,True
2018-07-01,CL,buy_call,2.0993,12,3.3946,1.2953,0.155436,True
2018-07-01,CMCSA,buy_call,3.1005,12,9.0521,5.9516,0.714192,True
2018-07-01,CME,buy_call,2.7389,12,-2.5351,-2.7389,-0.328668,True
2018-07-01,COST,buy_call,2.5784,12,4.656,2.0775,0.2493,True
2018-07-01,CRM,buy_call,3.8947,12,0.5499,-3.3449,-0.401388,True
2018-07-01,CSCO,buy_call,3.0196,12,-1.7197,-3.0196,-0.362352,True
2018-07-01,CSX,skip,0.0,0,10.8184,0.0,0.0,True
2018-07-01,CVS,buy_call,2.9729,12,0.7926,-2.1803,-0.261636,True
2018-07-01,CVX,buy_call,3.0632,12,-0.1266,-3.0632,-0.367584,True
2018-07-01,DHR,skip,0.0,0,4.1219,0.0,0.0,True
2018-07-01,DIS,buy_call,3.3259,12,8.3485,5.0226,0.602712,True
2018-07-01,DUK,buy_call,1.9747,12,3.212,1.2372,0.148464,True
2018-07-01,ELV,buy_call,2.9729,12,6.6401,3.6673,0.440076,True
2018-07-01,EOG,buy_call,3.2317,12,3.6245,0.3928,0.047136,True
2018-07-01,EQIX,buy_call,3.0196,12,2.1843,-0.8353,-0.100236,True
2018-07-01,FDX,skip,0.0,0,8.5702,0.0,0.0,True
2018-07-01,GE,skip,0.0,0,1.0358,0.0,0.0,True
2018-07-01,GILD,buy_call,2.8264,12,10.7528,7.9264,0.951168,True
2018-07-01,GM,skip,0.0,0,-2.9422,0.0,0.0,True
2018-07-01,GOOGL,buy_call,3.4858,12,8.6815,5.1956,0.623472,True
2018-07-01,GS,skip,0.0,0,7.6438,0.0,0.0,True
2018-07-01,HD,buy_call,2.7959,12,1.2404,-1.5555,-0.18666,True
2018-07-01,HON,skip,0.0,0,10.8296,0.0,0.0,True
2018-07-01,IBM,skip,0.0,0,3.7437,0.0,0.0,True
2018-07-01,ICE,buy_call,3.0,12,0.8102,-2.1898,-0.262776,True
2018-07-01,INTC,skip,0.0,0,-3.2388,0.0,0.0,True
2018-07-01,ISRG,buy_call,2.4594,12,6.2092,3.7499,0.449988,True
2018-07-01,ITW,skip,0.0,0,4.033,0.0,0.0,True
2018-07-01,JNJ,buy_call,2.057,12,9.2138,7.1568,0.858816,True
2018-07-01,JPM,skip,0.0,0,10.3167,0.0,0.0,True
2018-07-01,KO,buy_call,1.9747,12,7.2624,5.2877,0.634524,True
2018-07-01,LLY,buy_call,3.5202,12,15.7975,12.2773,1.473276,True
2018-07-01,LMT,skip,0.0,0,10.3815,0.0,0.0,True
2018-07-01,LOW,buy_call,2.7959,12,3.9447,1.1488,0.137856,True
2018-07-01,MA,buy_call,2.7116,12,0.7531,-1.9586,-0.235032,True
2018-07-01,MCD,skip,0.0,0,1.1811,0.0,0.0,True
2018-07-01,MDLZ,buy_call,2.2339,12,6.3758,4.1419,0.497028,True
2018-07-01,MDT,skip,0.0,0,5.3966,0.0,0.0,True
2018-07-01,MET,skip,0.0,0,4.9083,0.0,0.0,True
2018-07-01,META,buy_call,4.3383,12,-11.1877,-4.3383,-0.520596,True
2018-07-01,MMM,buy_call,3.0196,12,7.9301,4.9105,0.58926,True
2018-07-01,MO,buy_call,2.2339,12,4.603,2.3691,0.284292,True
2018-07-01,MRK,buy_call,2.7192,12,9.3559,6.6367,0.796404,True
2018-07-01,MS,skip,0.0,0,6.6667,0.0,0.0,True
2018-07-01,MSFT,buy_call,2.8745,12,7.5753,4.7008,0.564096,True
2018-07-01,MU,skip,0.0,0,0.6675,0.0,0.0,True
2018-07-01,NEE,buy_call,1.9747,12,0.9928,-0.982,-0.11784,True
2018-07-01,NFLX,buy_call,4.4729,12,-13.7905,-4.4729,-0.536748,True
2018-07-01,NKE,buy_call,3.5085,12,-3.2068,-3.5085,-0.42102,True
2018-07-01,NVDA,skip,0.0,0,3.3601,0.0,0.0,True
2018-07-01,ORCL,skip,0.0,0,8.2161,0.0,0.0,True
2018-07-01,PEP,buy_call,2.2339,12,5.6306,3.3967,0.407604,True
2018-07-01,PFE,buy_call,2.8264,12,10.0606,7.2342,0.868104,True
2018-07-01,PG,buy_call,2.0993,12,3.6126,1.5133,0.181596,True
2018-07-01,PM,buy_call,2.2339,12,8.3979,6.164,0.73968,True
2018-07-01,PYPL,buy_call,2.7116,12,-1.357,-2.7116,-0.325392,True
2018-07-01,QCOM,skip,0.0,0,14.2017,0.0,0.0,True
2018-07-01,SBUX,skip,0.0,0,7.2467,0.0,0.0,True
2018-07-01,SCHW,skip,0.0,0,-0.0783,0.0,0.0,True
2018-07-01,SO,buy_call,1.9747,12,4.9449,2.9702,0.356424,True
2018-07-01,SPGI,buy_call,2.7389,12,-1.6921,-2.7389,-0.328668,True
2018-07-01,SYK,skip,0.0,0,-3.0529,0.0,0.0,True
2018-07-01,T,skip,0.0,0,-0.436,0.0,0.0,True
2018-07-01,TJX,buy_call,2.4474,12,2.1853,-0.2621,-0.031452,True
2018-07-01,TMO,skip,0.0,0,13.312,0.0,0.0,True
2018-07-01,TMUS,buy_call,3.1005,12,0.4184,-2.6821,-0.321852,True
2018-07-01,TXN,skip,0.0,0,0.9705,0.0,0.0,True
2018-07-01,UNH,buy_call,2.9729,12,3.5769,0.6041,0.072492,True
2018-07-01,UNP,skip,0.0,0,5.7948,0.0,0.0,True
2018-07-01,USB,buy_call,2.7389,12,6.6195,3.8806,0.465672,True
2018-07-01,V,buy_call,2.5501,12,3.239,0.6889,0.082668,True
2018-07-01,VZ,buy_call,3.1005,12,2.6436,-0.457,-0.05484,True
2018-07-01,WFC,buy_call,3.4824,12,3.3369,-0.1455,-0.01746,True
2018-07-01,WMT,buy_call,2.4474,12,4.1798,1.7324,0.207888,True
2018-07-01,XOM,buy_call,3.2317,12,-1.4747,-3.2317,-0.387804,True
2018-08-01,AAPL,buy_call,3.1456,1,19.6227,16.4772,0.164772,False
2018-08-01,ABBV,skip,0.0,0,5.1287,0.0,0.0,False
2018-08-01,ABT,buy_call,2.4594,1,2.442,-0.0174,-0.000174,False
2018-08-01,ADBE,buy_call,2.8745,1,7.6958,4.8213,0.048213,False
2018-08-01,ADP,buy_call,3.0196,1,8.7118,5.6922,0.056922,False
2018-08-01,AMAT,buy_call,4.1737,1,-11.5361,-4.1737,-0.041737,False
2018-08-01,AMGN,buy_call,2.8264,1,1.6586,-1.1678,-0.011678,False
2018-08-01,AMT,buy_call,3.0196,1,0.5936,-2.426,-0.02426,False
2018-08-01,AMZN,buy_call,3.8265,1,13.2364,9.41,0.0941,False
2018-08-01,AVGO,skip,0.0,0,-1.2355,0.0,0.0,False
2018-08-01,AXP,buy_call,2.7116,1,6.8735,4.1619,0.041619,False
2018-08-01,BA,buy_call,3.0,1,-3.7917,-3.0,-0.03,False
2018-08-01,BAC,buy_call,3.1976,1,0.1619,-3.0357,-0.030357,False
2018-08-01,BDX,buy_call,2.4594,1,4.5932,2.1338,0.021338,False
2018-08-01,BKNG,buy_call,3.0,1,-3.8039,-3.0,-0.03,False
2018-08-01,BLK,buy_call,2.7389,1,-4.714,-2.7389,-0.027389,False
2018-08-01,BMY,buy_call,2.8264,1,3.81,0.9836,0.009836,False
2018-08-01,BRK-B,buy_call,1.809,1,5.4834,3.6744,0.036744,False
2018-08-01,C,buy_call,3.0,1,-0.9042,-3.0,-0.03,False
2018-08-01,CAT,buy_call,3.2317,1,-2.8502,-3.2317,-0.032317,False
2018-08-01,CHTR,buy_call,3.1005,1,1.9108,-1.1897,-0.011897,False
2018-08-01,CL,buy_call,2.0993,1,-0.257,-2.0993,-0.020993,False
2018-08-01,CMCSA,buy_call,3.1005,1,3.9839,0.8834,0.008834,False
2018-08-01,CME,skip,0.0,0,9.8102,0.0,0.0,False
2018-08-01,COST,buy_call,2.5784,1,6.5932,4.0148,0.040148,False
2018-08-01,CRM,buy_call,3.8947,1,11.3233,7.4286,0.074286,False
2018-08-01,CSCO,skip,0.0,0,13.8386,0.0,0.0,False
2018-08-01,CSX,buy_call,3.0,1,4.9236,1.9236,0.019236,False
2018-08-01,CVS,buy_call,2.9729,1,16.8847,13.9118,0.139118,False
2018-08-01,CVX,skip,0.0,0,-6.1851,0.0,0.0,False
2018-08-01,DHR,buy_call,2.4594,1,0.9358,-1.5236,-0.015236,False
2018-08-01,DIS,buy_call,3.3259,1,-0.5632,-3.3259,-0.033259,False
2018-08-01,DUK,buy_call,1.9747,1,-0.4656,-1.9747,-0.019747,False
2018-08-01,ELV,buy_call,2.9729,1,4.6364,1.6635,0.016635,False
2018-08-01,EOG,buy_call,3.2317,1,-8.1713,-3.2317,-0.032317,False
2018-08-01,EQIX,buy_call,3.0196,1,-0.7171,-3.0196,-0.030196,False
2018-08-01,FDX,buy_call,3.0196,1,-0.7809,-3.0196,-0.030196,False
2018-08-01,GE,buy_call,3.2317,1,-5.0624,-3.2317,-0.032317,False
2018-08-01,GILD,buy_call,2.8264,1,-2.6982,-2.8264,-0.028264,False
2018-08-01,GM,skip,0.0,0,-4.9064,0.0,0.0,False
2018-08-01,GOOGL,buy_call,3.4858,1,0.3732,-3.1126,-0.031126,False
2018-08-01,GS,buy_call,2.7389,1,0.16,-2.5788,-0.025788,False
2018-08-01,HD,buy_call,2.7959,1,1.6454,-1.1505,-0.011505,False
2018-08-01,HON,buy_call,3.0196,1,-0.3696,-3.0196,-0.030196,False
2018-08-01,IBM,buy_call,3.0196,1,1.0695,-1.9501,-0.019501,False
2018-08-01,ICE,buy_call,3.0,1,3.1389,0.1389,0.001389,False
2018-08-01,INTC,skip,0.0,0,0.6861,0.0,0.0,False
2018-08-01,ISRG,buy_call,2.4594,1,10.195,7.7356,0.077356,False
2018-08-01,ITW,buy_call,3.0196,1,-3.1047,-3.0196,-0.030196,False
2018-08-01,JNJ,buy_call,2.057,1,1.6375,-0.4195,-0.004195,False
2018-08-01,JPM,buy_call,2.7389,1,0.2198,-2.5191,-0.025191,False
2018-08-01,KO,buy_call,1.9747,1,-4.4178,-1.9747,-0.019747,False
2018-08-01,LLY,buy_call,3.5202,1,6.9224,3.4022,0.034022,False
2018-08-01,LMT,buy_call,3.2317,1,-1.7449,-3.2317,-0.032317,False
2018-08-01,LOW,buy_call,2.7959,1,9.9944,7.1985,0.071985,False
2018-08-01,MA,buy_call,2.7116,1,9.0057,6.2941,0.062941,False
2018-08-01,MCD,buy_call,1.9747,1,2.977,1.0023,0.010023,False
2018-08-01,MDLZ,buy_call,2.2339,1,-1.5214,-2.2339,-0.022339,False
2018-08-01,MDT,buy_call,2.4594,1,7.4741,5.0147,0.050147,False
2018-08-01,MET,buy_call,2.7389,1,0.3279,-2.4109,-0.024109,False
2018-08-01,META,skip,0.0,0,1.8252,0.0,0.0,False
2018-08-01,MMM,buy_call,3.0196,1,-0.6594,-3.0196,-0.030196,False
2018-08-01,MO,buy_call,2.2339,1,-0.2727,-2.2339,-0.022339,False
2018-08-01,MRK,buy_call,2.7192,1,4.1294,1.4102,0.014102,False
2018-08-01,MS,buy_call,2.7389,1,-2.8508,-2.7389,-0.027389,False
2018-08-01,MSFT,buy_call,2.8745,1,5.8918,3.0173,0.030173,False
2018-08-01,MU,buy_call,5.3919,1,-0.5115,-5.3919,-0.053919,False
2018-08-01,NEE,buy_call,1.9747,1,1.528,-0.4468,-0.004468,False
2018-08-01,NFLX,skip,0.0,0,8.9584,0.0,0.0,False
2018-08-01,NKE,skip,0.0,0,6.8781,0.0,0.0,False
2018-08-01,NVDA,buy_call,5.3919,1,14.6288,9.2369,0.092369,False
2018-08-01,ORCL,buy_call,3.5955,1,2.2872,-1.3083,-0.013083,False
2018-08-01,PEP,buy_call,2.2339,1,-2.6,-2.2339,-0.022339,False
2018-08-01,PFE,buy_call,2.8264,1,3.982,1.1556,0.011556,False
2018-08-01,PG,buy_call,2.0993,1,3.4902,1.3909,0.013909,False
2018-08-01,PM,buy_call,2.2339,1,-9.7451,-2.2339,-0.022339,False
2018-08-01,PYPL,skip,0.0,0,12.4057,0.0,0.0,False
2018-08-01,QCOM,buy_call,4.254,1,7.2086,2.9546,0.029546,False
2018-08-01,SBUX,buy_call,1.9747,1,2.0233,0.0485,0.000485,False
2018-08-01,SCHW,skip,0.0,0,-0.5288,0.0,0.0,False
2018-08-01,SO,buy_call,1.9747,1,-9.9177,-1.9747,-0.019747,False
2018-08-01,SPGI,skip,0.0,0,3.2977,0.0,0.0,False
2018-08-01,SYK,skip,0.0,0,3.7856,0.0,0.0,False
2018-08-01,T,skip,0.0,0,1.9718,0.0,0.0,False
2018-08-01,TJX,buy_call,2.4474,1,13.0681,10.6207,0.106207,False
2018-08-01,TMO,buy_call,2.8279,1,1.9486,-0.8793,-0.008793,False
2018-08-01,TMUS,buy_call,3.1005,1,10.0666,6.9661,0.069661,False
2018-08-01,TXN,buy_call,4.1737,1,1.5292,-2.6445,-0.026445,False
2018-08-01,UNH,buy_call,2.9729,1,6.0185,3.0456,0.030456,False
2018-08-01,UNP,buy_call,3.2317,1,0.487,-2.7447,-0.027447,False
2018-08-01,USB,buy_call,2.7389,1,2.0751,-0.6638,-0.006638,False
2018-08-01,V,buy_call,2.5501,1,7.4228,4.8728,0.048728,False
2018-08-01,VZ,buy_call,3.1005,1,6.5073,3.4067,0.034067,False
2018-08-01,WFC,buy_call,3.4824,1,2.0772,-1.4053,-0.014053,False
2018-08-01,WMT,buy_call,2.4474,1,7.4302,4.9828,0.049828,False
2018-08-01,XOM,skip,0.0,0,-1.6439,0.0,0.0,False
2018-09-01,AAPL,buy_call,3.1456,1,-0.4825,-3.1456,-0.031456,False
2018-09-01,ABBV,buy_call,2.8264,1,-1.4586,-2.8264,-0.028264,False
2018-09-01,ABT,buy_call,2.4594,1,9.7546,7.2952,0.072952,False
2018-09-01,ADBE,buy_call,2.8745,1,2.4439,-0.4305,-0.004305,False
2018-09-01,ADP,buy_call,3.0196,1,2.6644,-0.3552,-0.003552,False
2018-09-01,AMAT,skip,0.0,0,-9.7456,0.0,0.0,False
2018-09-01,AMGN,buy_call,2.8264,1,4.4496,1.6232,0.016232,False
2018-09-01,AMT,buy_call,3.0196,1,-2.5617,-3.0196,-0.030196,False
2018-09-01,AMZN,buy_call,3.8265,1,-0.4824,-3.8265,-0.038265,False
2018-09-01,AVGO,skip,0.0,0,12.6467,0.0,0.0,False
2018-09-01,AXP,buy_call,2.7116,1,0.4812,-2.2304,-0.022304,False
2018-09-01,BA,skip,0.0,0,9.0282,0.0,0.0,False
2018-09-01,BAC,buy_call,3.1976,1,-4.7527,-3.1976,-0.031976,False
2018-09-01,BDX,buy_call,2.4594,1,-0.3322,-2.4594,-0.024594,False
2018-09-01,BKNG,skip,0.0,0,1.6628,0.0,0.0,False
2018-09-01,BLK,skip,0.0,0,-1.6136,0.0,0.0,False
2018-09-01,BMY,buy_call,2.8264,1,2.5269,-0.2995,-0.002995,False
2018-09-01,BRK-B,buy_call,1.809,1,2.5824,0.7734,0.007734,False
2018-09-01,C,skip,0.0,0,1.3366,0.0,0.0,False
2018-09-01,CAT,skip,0.0,0,9.8236,0.0,0.0,False
2018-09-01,CHTR,buy_call,3.1005,1,4.9871,1.8866,0.018866,False
2018-09-01,CL,skip,0.0,0,0.8131,0.0,0.0,False
2018-09-01,CMCSA,buy_call,3.1005,1,-4.2714,-3.1005,-0.031005,False
2018-09-01,CME,buy_call,2.7389,1,-2.5869,-2.7389,-0.027389,False
2018-09-01,COST,buy_call,2.5784,1,1.0007,-1.5777,-0.015777,False
2018-09-01,CRM,buy_call,3.8947,1,4.159,0.2643,0.002643,False
2018-09-01,CSCO,buy_call,3.0196,1,1.8422,-1.1774,-0.011774,False
2018-09-01,CSX,buy_call,3.0,1,0.1461,-2.8539,-0.028539,False
2018-09-01,CVS,buy_call,2.9729,1,4.6252,1.6524,0.016524,False
2018-09-01,CVX,skip,0.0,0,4.2143,0.0,0.0,False
2018-09-01,DHR,buy_call,2.4594,1,4.945,2.4856,0.024856,False
2018-09-01,DIS,skip,0.0,0,4.3921,0.0,0.0,False
2018-09-01,DUK,skip,0.0,0,-0.3723,0.0,0.0,False
2018-09-01,ELV,buy_call,2.9729,1,3.5206,0.5477,0.005477,False
2018-09-01,EOG,skip,0.0,0,7.8998,0.0,0.0,False
2018-09-01,EQIX,skip,0.0,0,-0.2239,0.0,0.0,False
2018-09-01,FDX,skip,0.0,0,-1.2953,0.0,0.0,False
2018-09-01,GE,skip,0.0,0,-12.7512,0.0,0.0,False
2018-09-01,GILD,skip,0.0,0,1.9543,0.0,0.0,False
2018-09-01,GM,skip,0.0,0,-6.6019,0.0,0.0,False
2018-09-01,GOOGL,buy_call,3.4858,1,-2.0068,-3.4858,-0.034858,False
2018-09-01,GS,buy_call,2.7389,1,-5.394,-2.7389,-0.027389,False
2018-09-01,HD,buy_call,2.7959,1,3.7067,0.9108,0.009108,False
2018-09-01,HON,skip,0.0,0,5.1259,0.0,0.0,False
2018-09-01,IBM,buy_call,3.0196,1,4.3444,1.3248,0.013248,False
2018-09-01,ICE,buy_call,3.0,1,-1.7578,-3.0,-0.03,False
2018-09-01,INTC,buy_call,4.1737,1,-1.7601,-4.1737,-0.041737,False
2018-09-01,ISRG,buy_call,2.4594,1,2.5,0.0406,0.000406,False
2018-09-01,ITW,skip,0.0,0,1.6129,0.0,0.0,False
2018-09-01,JNJ,buy_call,2.057,1,3.2674,1.2104,0.012104,False
2018-09-01,JPM,buy_call,2.7389,1,-1.5186,-2.7389,-0.027389,False
2018-09-01,KO,skip,0.0,0,3.6347,0.0,0.0,False
2018-09-01,LLY,buy_call,3.5202,1,2.1325,-1.3876,-0.013876,False
2018-09-01,LMT,skip,0.0,0,8.6493,0.0,0.0,False
2018-09-01,LOW,buy_call,2.7959,1,5.5816,2.7857,0.027857,False
2018-09-01,MA,buy_call,2.7116,1,3.2706,0.5589,0.005589,False
2018-09-01,MCD,buy_call,1.9747,1,3.7628,1.788,0.01788,False
2018-09-01,MDLZ,skip,0.0,0,0.5618,0.0,0.0,False
2018-09-01,MDT,buy_call,2.4594,1,2.033,-0.4264,-0.004264,False
2018-09-01,MET,buy_call,2.7389,1,2.7429,0.004,4e-05,False
2018-09-01,META,buy_call,4.3383,1,-6.4132,-4.3383,-0.043383,False
2018-09-01,MMM,skip,0.0,0,0.5701,0.0,0.0,False
2018-09-01,MO,skip,0.0,0,3.0588,0.0,0.0,False
2018-09-01,MRK,buy_call,2.7192,1,3.4261,0.707,0.00707,False
2018-09-01,MS,skip,0.0,0,-4.6283,0.0,0.0,False
2018-09-01,MSFT,buy_call,2.8745,1,2.2079,-0.6666,-0.006666,False
2018-09-01,MU,skip,0.0,0,-13.8804,0.0,0.0,False
2018-09-01,NEE,buy_call,1.9747,1,-0.8243,-1.9747,-0.019747,False
2018-09-01,NFLX,buy_call,4.4729,1,1.7542,-2.7187,-0.027187,False
2018-09-01,NKE,buy_call,3.5085,1,3.3196,-0.1889,-0.001889,False
2018-09-01,NVDA,buy_call,5.3919,1,0.1759,-5.216,-0.05216,False
2018-09-01,ORCL,buy_call,3.5955,1,6.1342,2.5388,0.025388,False
2018-09-01,PEP,skip,0.0,0,-0.1875,0.0,0.0,False
2018-09-01,PFE,buy_call,2.8264,1,7.0454,4.219,0.04219,False
2018-09-01,PG,buy_call,2.0993,1,0.3375,-1.7618,-0.017618,False
2018-09-01,PM,skip,0.0,0,4.6861,0.0,0.0,False
2018-09-01,PYPL,buy_call,2.7116,1,-4.863,-2.7116,-0.027116,False
2018-09-01,QCOM,buy_call,4.254,1,4.8319,0.5779,0.005779,False
2018-09-01,SBUX,buy_call,1.9747,1,7.0827,5.108,0.05108,False
2018-09-01,SCHW,skip,0.0,0,-2.9792,0.0,0.0,False
2018-09-01,SO,skip,0.0,0,0.8629,0.0,0.0,False
2018-09-01,SPGI,buy_call,2.7389,1,-5.3983,-2.7389,-0.027389,False
2018-09-01,SYK,buy_call,2.4594,1,4.8693,2.4099,0.024099,False
2018-09-01,T,buy_call,3.1005,1,5.1346,2.0341,0.020341,False
2018-09-01,TJX,buy_call,2.4474,1,2.259,-0.1884,-0.001884,False
2018-09-01,TMO,buy_call,2.8279,1,2.0828,-0.7451,-0.007451,False
2018-09-01,TMUS,buy_call,3.1005,1,6.2689,3.1684,0.031684,False
2018-09-01,TXN,buy_call,4.1737,1,-4.5463,-4.1737,-0.041737,False
2018-09-01,UNH,buy_call,2.9729,1,-0.9015,-2.9729,-0.029729,False
2018-09-01,UNP,buy_call,3.2317,1,8.683,5.4512,0.054512,False
2018-09-01,USB,buy_call,2.7389,1,-2.4025,-2.7389,-0.027389,False
2018-09-01,V,buy_call,2.5501,1,2.3321,-0.218,-0.00218,False
2018-09-01,VZ,buy_call,3.1005,1,-1.8025,-3.1005,-0.031005,False
2018-09-01,WFC,buy_call,3.4824,1,-9.4654,-3.4824,-0.034824,False
2018-09-01,WMT,buy_call,2.4474,1,-1.4652,-2.4474,-0.024474,False
2018-09-01,XOM,skip,0.0,0,7.1435,0.0,0.0,False
2018-10-01,AAPL,skip,0.0,0,-3.0478,0.0,0.0,True
2018-10-01,ABBV,skip,0.0,0,-17.6887,0.0,0.0,True
2018-10-01,ABT,buy_call,2.4594,2,-6.0251,-2.4594,-0.049188,True
2018-10-01,ADBE,buy_call,2.8745,2,-8.9609,-2.8745,-0.05749,True
2018-10-01,ADP,buy_call,3.0196,2,-3.9169,-3.0196,-0.060392,True
2018-10-01,AMAT,skip,0.0,0,-14.9288,0.0,0.0,True
2018-10-01,AMGN,buy_call,2.8264,2,-6.995,-2.8264,-0.056528,True
2018-10-01,AMT,skip,0.0,0,7.825,0.0,0.0,True
2018-10-01,AMZN,skip,0.0,0,-20.2192,0.0,0.0,True
2018-10-01,AVGO,buy_call,4.1737,2,-8.7391,-4.1737,-0.083474,True
2018-10-01,AXP,buy_call,2.7116,2,-3.5308,-2.7116,-0.054232,True
2018-10-01,BA,buy_call,3.0,2,-4.5819,-3.0,-0.06,True
2018-10-01,BAC,skip,0.0,0,-6.2019,0.0,0.0,True
2018-10-01,BDX,skip,0.0,0,-11.4279,0.0,0.0,True
2018-10-01,BKNG,buy_call,3.0,2,-5.5151,-3.0,-0.06,True
2018-10-01,BLK,skip,0.0,0,-12.1358,0.0,0.0,True
2018-10-01,BMY,buy_call,2.8264,2,-18.589,-2.8264,-0.056528,True
2018-10-01,BRK-B,buy_call,1.809,2,-4.124,-1.809,-0.03618,True
2018-10-01,C,buy_call,3.0,2,-8.7539,-3.0,-0.06,True
2018-10-01,CAT,buy_call,3.2317,2,-20.4407,-3.2317,-0.064634,True
2018-10-01,CHTR,buy_call,3.1005,2,-1.6908,-3.1005,-0.06201,True
2018-10-01,CL,buy_call,2.0993,2,-11.053,-2.0993,-0.041986,True
2018-10-01,CMCSA,skip,0.0,0,7.7097,0.0,0.0,True
2018-10-01,CME,skip,0.0,0,8.0914,0.0,0.0,True
2018-10-01,COST,buy_call,2.5784,2,-2.6609,-2.5784,-0.051568,True
2018-10-01,CRM,buy_call,3.8947,2,-13.7018,-3.8947,-0.077894,True
2018-10-01,CSCO,buy_call,3.0196,2,-5.961,-3.0196,-0.060392,True
2018-10-01,CSX,buy_call,3.0,2,-7.0088,-3.0,-0.06,True
2018-10-01,CVS,buy_call,2.9729,2,-8.0412,-2.9729,-0.059458,True
2018-10-01,CVX,buy_call,3.0632,2,-8.6932,-3.0632,-0.061264,True
2018-10-01,DHR,buy_call,2.4594,2,-8.3874,-2.4594,-0.049188,True
2018-10-01,DIS,buy_call,3.3259,2,-1.8043,-3.3259,-0.066518,True
2018-10-01,DUK,skip,0.0,0,3.2617,0.0,0.0,True
2018-10-01,ELV,buy_call,2.9729,2,0.8338,-2.1391,-0.042782,True
2018-10-01,EOG,buy_call,3.2317,2,-17.4257,-3.2317,-0.064634,True
2018-10-01,EQIX,skip,0.0,0,-12.509,0.0,0.0,True
2018-10-01,FDX,skip,0.0,0,-8.2506,0.0,0.0,True
2018-10-01,GE,skip,0.0,0,-9.6876,0.0,0.0,True
2018-10-01,GILD,buy_call,2.8264,2,-11.0096,-2.8264,-0.056528,True
2018-10-01,GM,skip,0.0,0,9.8553,0.0,0.0,True
2018-10-01,GOOGL,skip,0.0,0,-9.6514,0.0,0.0,True
2018-10-01,GS,skip,0.0,0,0.5039,0.0,0.0,True
2018-10-01,HD,buy_call,2.7959,2,-15.0953,-2.7959,-0.055918,True
2018-10-01,HON,buy_call,3.0196,2,-9.1957,-3.0196,-0.060392,True
2018-10-01,IBM,buy_call,3.0196,2,-23.6625,-3.0196,-0.060392,True
2018-10-01,ICE,skip,0.0,0,3.1879,0.0,0.0,True
2018-10-01,INTC,skip,0.0,0,-0.867,0.0,0.0,True
2018-10-01,ISRG,buy_call,2.4594,2,-9.2021,-2.4594,-0.049188,True
2018-10-01,ITW,buy_call,3.0196,2,-8.9648,-3.0196,-0.060392,True
2018-10-01,JNJ,buy_call,2.057,2,1.3172,-0.7398,-0.014796,True
2018-10-01,JPM,skip,0.0,0,-3.3853,0.0,0.0,True
2018-10-01,KO,buy_call,1.9747,2,4.5405,2.5658,0.051316,True
2018-10-01,LLY,buy_call,3.5202,2,1.053,-2.4671,-0.049342,True
2018-10-01,LMT,buy_call,3.2317,2,-15.0625,-3.2317,-0.064634,True
2018-10-01,LOW,buy_call,2.7959,2,-17.0702,-2.7959,-0.055918,True
2018-10-01,MA,buy_call,2.7116,2,-11.2035,-2.7116,-0.054232,True
2018-10-01,MCD,buy_call,1.9747,2,5.7445,3.7697,0.075394,True
2018-10-01,MDLZ,buy_call,2.2339,2,-1.6901,-2.2339,-0.044678,True
2018-10-01,MDT,buy_call,2.4594,2,-8.6917,-2.4594,-0.049188,True
2018-10-01,MET,buy_call,2.7389,2,-11.8365,-2.7389,-0.054778,True
2018-10-01,META,skip,0.0,0,-7.704,0.0,0.0,True
2018-10-01,MMM,buy_call,3.0196,2,-9.7053,-3.0196,-0.060392,True
2018-10-01,MO,buy_call,2.2339,2,9.2203,6.9864,0.139728,True
2018-10-01,MRK,buy_call,2.7192,2,4.4717,1.7525,0.03505,True
2018-10-01,MS,skip,0.0,0,-1.9541,0.0,0.0,True
2018-10-01,MSFT,buy_call,2.8745,2,-6.6101,-2.8745,-0.05749,True
2018-10-01,MU,skip,0.0,0,-16.604,0.0,0.0,True
2018-10-01,NEE,skip,0.0,0,2.9236,0.0,0.0,True
2018-10-01,NFLX,buy_call,4.4729,2,-19.3382,-4.4729,-0.089458,True
2018-10-01,NKE,buy_call,3.5085,2,-11.4259,-3.5085,-0.07017,True
2018-10-01,NVDA,buy_call,5.3919,2,-24.9769,-5.3919,-0.107838,True
2018-10-01,ORCL,buy_call,3.5955,2,-5.2754,-3.5955,-0.07191,True
2018-10-01,PEP,skip,0.0,0,1.3502,0.0,0.0,True
2018-10-01,PFE,buy_call,2.8264,2,-2.2918,-2.8264,-0.056528,True
2018-10-01,PG,buy_call,2.0993,2,6.5481,4.4488,0.088976,True
2018-10-01,PM,buy_call,2.2339,2,9.5385,7.3046,0.146092,True
2018-10-01,PYPL,skip,0.0,0,-4.1553,0.0,0.0,True
2018-10-01,QCOM,buy_call,4.254,2,-11.8941,-4.254,-0.08508,True
2018-10-01,SBUX,buy_call,1.9747,2,2.5158,0.5411,0.010822,True
2018-10-01,SCHW,skip,0.0,0,-5.9207,0.0,0.0,True
2018-10-01,SO,buy_call,1.9747,2,3.2798,1.3051,0.026102,True
2018-10-01,SPGI,skip,0.0,0,-6.6892,0.0,0.0,True
2018-10-01,SYK,buy_call,2.4594,2,-8.4563,-2.4594,-0.049188,True
2018-10-01,T,buy_call,3.1005,2,-8.6361,-3.1005,-0.06201,True
2018-10-01,TJX,buy_call,2.4474,2,-1.9104,-2.4474,-0.048948,True
2018-10-01,TMO,buy_call,2.8279,2,-4.2064,-2.8279,-0.056558,True
2018-10-01,TMUS,buy_call,3.1005,2,-2.3226,-3.1005,-0.06201,True
2018-10-01,TXN,skip,0.0,0,-13.4775,0.0,0.0,True
2018-10-01,UNH,skip,0.0,0,-1.4314,0.0,0.0,True
2018-10-01,UNP,buy_call,3.2317,2,-10.2008,-3.2317,-0.064634,True
2018-10-01,USB,skip,0.0,0,-0.3347,0.0,0.0,True
2018-10-01,V,buy_call,2.5501,2,-8.1551,-2.5501,-0.051002,True
2018-10-01,VZ,skip,0.0,0,6.9301,0.0,0.0,True
2018-10-01,WFC,skip,0.0,0,1.2747,0.0,0.0,True
2018-10-01,WMT,skip,0.0,0,6.783,0.0,0.0,True
2018-10-01,XOM,buy_call,3.2317,2,-6.2809,-3.2317,-0.064634,True
2018-11-01,AAPL,skip,0.0,0,-18.4044,0.0,0.0,True
2018-11-01,ABBV,skip,0.0,0,22.3872,0.0,0.0,True
2018-11-01,ABT,skip,0.0,0,7.8539,0.0,0.0,True
2018-11-01,ADBE,skip,0.0,0,2.0874,0.0,0.0,True
2018-11-01,ADP,skip,0.0,0,2.3181,0.0,0.0,True
2018-11-01,AMAT,skip,0.0,0,13.3819,0.0,0.0,True
2018-11-01,AMGN,skip,0.0,0,8.0191,0.0,0.0,True
2018-11-01,AMT,buy_call,3.0196,12,5.5709,2.5513,0.306156,True
2018-11-01,AMZN,skip,0.0,0,5.7672,0.0,0.0,True
2018-11-01,AVGO,skip,0.0,0,6.2284,0.0,0.0,True
2018-11-01,AXP,skip,0.0,0,9.6809,0.0,0.0,True
2018-11-01,BA,skip,0.0,0,-2.2826,0.0,0.0,True
2018-11-01,BAC,skip,0.0,0,3.2727,0.0,0.0,True
2018-11-01,BDX,skip,0.0,0,9.6529,0.0,0.0,True
2018-11-01,BKNG,skip,0.0,0,0.9229,0.0,0.0,True
2018-11-01,BLK,skip,0.0,0,4.0324,0.0,0.0,True
2018-11-01,BMY,skip,0.0,0,6.4573,0.0,0.0,True
2018-11-01,BRK-B,skip,0.0,0,6.3133,0.0,0.0,True
2018-11-01,C,skip,0.0,0,-1.0235,0.0,0.0,True
2018-11-01,CAT,skip,0.0,0,12.5409,0.0,0.0,True
2018-11-01,CHTR,skip,0.0,0,2.7562,0.0,0.0,True
2018-11-01,CL,skip,0.0,0,7.3763,0.0,0.0,True
2018-11-01,CMCSA,buy_call,3.1005,12,2.8311,-0.2695,-0.03234,True
2018-11-01,CME,buy_call,2.7389,12,3.7328,0.9939,0.119268,True
2018-11-01,COST,skip,0.0,0,1.1591,0.0,0.0,True
2018-11-01,CRM,skip,0.0,0,4.0222,0.0,0.0,True
2018-11-01,CSCO,skip,0.0,0,5.3413,0.0,0.0,True
2018-11-01,CSX,skip,0.0,0,5.4749,0.0,0.0,True
2018-11-01,CVS,skip,0.0,0,11.5546,0.0,0.0,True
2018-11-01,CVX,skip,0.0,0,6.5294,0.0,0.0,True
2018-11-01,DHR,skip,0.0,0,10.2012,0.0,0.0,True
2018-11-01,DIS,skip,0.0,0,0.5748,0.0,0.0,True
2018-11-01,DUK,buy_call,1.9747,12,7.1887,5.2139,0.625668,True
2018-11-01,ELV,buy_call,2.9729,12,5.2618,2.2889,0.274668,True
2018-11-01,EOG,skip,0.0,0,-1.7508,0.0,0.0,True
2018-11-01,EQIX,skip,0.0,0,1.7268,0.0,0.0,True
2018-11-01,FDX,skip,0.0,0,3.9303,0.0,0.0,True
2018-11-01,GE,skip,0.0,0,-25.7426,0.0,0.0,True
2018-11-01,GILD,skip,0.0,0,5.5148,0.0,0.0,True
2018-11-01,GM,buy_call,3.2317,12,3.7169,0.4851,0.058212,True
2018-11-01,GOOGL,skip,0.0,0,1.7486,0.0,0.0,True
2018-11-01,GS,buy_call,2.7389,12,-15.388,-2.7389,-0.328668,True
2018-11-01,HD,skip,0.0,0,2.5245,0.0,0.0,True
2018-11-01,HON,skip,0.0,0,1.3327,0.0,0.0,True
2018-11-01,IBM,skip,0.0,0,7.6583,0.0,0.0,True
2018-11-01,ICE,buy_call,3.0,12,6.0747,3.0747,0.368964,True
2018-11-01,INTC,skip,0.0,0,5.1834,0.0,0.0,True
2018-11-01,ISRG,skip,0.0,0,1.8592,0.0,0.0,True
2018-11-01,ITW,skip,0.0,0,8.999,0.0,0.0,True
2018-11-01,JNJ,buy_call,2.057,12,4.9361,2.8791,0.345492,True
2018-11-01,JPM,skip,0.0,0,2.7047,0.0,0.0,True
2018-11-01,KO,buy_call,1.9747,12,5.2632,3.2884,0.394608,True
2018-11-01,LLY,buy_call,3.5202,12,9.4061,5.886,0.70632,True
2018-11-01,LMT,skip,0.0,0,2.2393,0.0,0.0,True
2018-11-01,LOW,skip,0.0,0,-0.4068,0.0,0.0,True
2018-11-01,MA,skip,0.0,0,1.8379,0.0,0.0,True
2018-11-01,MCD,buy_call,1.9747,12,6.5631,4.5883,0.550596,True
2018-11-01,MDLZ,skip,0.0,0,7.1462,0.0,0.0,True
2018-11-01,MDT,skip,0.0,0,8.5838,0.0,0.0,True
2018-11-01,MET,skip,0.0,0,8.3516,0.0,0.0,True
2018-11-01,META,skip,0.0,0,-7.3655,0.0,0.0,True
2018-11-01,MMM,skip,0.0,0,9.282,0.0,0.0,True
2018-11-01,MO,buy_call,2.2339,12,-15.698,-2.2339,-0.268068,True
2018-11-01,MRK,buy_call,2.7192,12,7.7843,5.0651,0.607812,True
2018-11-01,MS,skip,0.0,0,-2.1132,0.0,0.0,True
2018-11-01,MSFT,skip,0.0,0,3.8199,0.0,0.0,True
2018-11-01,MU,skip,0.0,0,2.2269,0.0,0.0,True
2018-11-01,NEE,buy_call,1.9747,12,5.3391,3.3644,0.403728,True
2018-11-01,NFLX,skip,0.0,0,-5.1859,0.0,0.0,True
2018-11-01,NKE,skip,0.0,0,0.1066,0.0,0.0,True
2018-11-01,NVDA,skip,0.0,0,-22.4826,0.0,0.0,True
2018-11-01,ORCL,skip,0.0,0,0.2382,0.0,0.0,True
2018-11-01,PEP,buy_call,2.2339,12,8.5069,6.2729,0.752748,True
2018-11-01,PFE,skip,0.0,0,7.3618,0.0,0.0,True
2018-11-01,PG,buy_call,2.0993,12,7.5159,5.4166,0.649992,True
2018-11-01,PM,buy_call,2.2339,12,-1.7486,-2.2339,-0.268068,True
2018-11-01,PYPL,skip,0.0,0,1.9242,0.0,0.0,True
2018-11-01,QCOM,skip,0.0,0,-7.3621,0.0,0.0,True
2018-11-01,SBUX,buy_call,1.9747,12,14.5014,12.5267,1.503204,True
2018-11-01,SCHW,skip,0.0,0,-3.1142,0.0,0.0,True
2018-11-01,SO,buy_call,1.9747,12,5.1077,3.133,0.37596,True
2018-11-01,SPGI,skip,0.0,0,0.2962,0.0,0.0,True
2018-11-01,SYK,skip,0.0,0,8.1617,0.0,0.0,True
2018-11-01,T,skip,0.0,0,3.8406,0.0,0.0,True
2018-11-01,TJX,skip,0.0,0,-11.0848,0.0,0.0,True
2018-11-01,TMO,skip,0.0,0,6.805,0.0,0.0,True
2018-11-01,TMUS,skip,0.0,0,-0.1459,0.0,0.0,True
2018-11-01,TXN,skip,0.0,0,8.4885,0.0,0.0,True
2018-11-01,UNH,skip,0.0,0,7.6564,0.0,0.0,True
2018-11-01,UNP,skip,0.0,0,5.1703,0.0,0.0,True
2018-11-01,USB,skip,0.0,0,4.1898,0.0,0.0,True
2018-11-01,V,skip,0.0,0,2.8001,0.0,0.0,True
2018-11-01,VZ,buy_call,3.1005,12,6.7931,3.6926,0.443112,True
2018-11-01,WFC,buy_call,3.4824,12,1.9726,-1.5098,-0.181176,True
2018-11-01,WMT,buy_call,2.4474,12,-2.6226,-2.4474,-0.293688,True
2018-11-01,XOM,skip,0.0,0,-0.2259,0.0,0.0,True
2018-12-01,AAPL,skip,0.0,0,-11.3616,0.0,0.0,False
2018-12-01,ABBV,buy_call,2.8264,1,-2.2064,-2.8264,-0.028264,False
2018-12-01,ABT,buy_call,2.4594,1,-2.3227,-2.4594,-0.024594,False
2018-12-01,ADBE,buy_call,2.8745,1,-9.825,-2.8745,-0.028745,False
2018-12-01,ADP,buy_call,3.0196,1,-11.0568,-3.0196,-0.030196,False
2018-12-01,AMAT,buy_call,4.1737,1,-11.6843,-4.1737,-0.041737,False
2018-12-01,AMGN,buy_call,2.8264,1,-5.8683,-2.8264,-0.028264,False
2018-12-01,AMT,buy_call,3.0196,1,-3.83,-3.0196,-0.030196,False
2018-12-01,AMZN,buy_call,3.8265,1,-11.135,-3.8265,-0.038265,False
2018-12-01,AVGO,buy_call,4.1737,1,7.1059,2.9322,0.029322,False
2018-12-01,AXP,buy_call,2.7116,1,-15.0976,-2.7116,-0.027116,False
2018-12-01,BA,skip,0.0,0,-6.5667,0.0,0.0,False
2018-12-01,BAC,buy_call,3.1976,1,-13.2394,-3.1976,-0.031976,False
2018-12-01,BDX,buy_call,2.4594,1,-10.8526,-2.4594,-0.024594,False
2018-12-01,BKNG,buy_call,3.0,1,-8.9572,-3.0,-0.03,False
2018-12-01,BLK,buy_call,2.7389,1,-8.2218,-2.7389,-0.027389,False
2018-12-01,BMY,buy_call,2.8264,1,-2.7684,-2.8264,-0.028264,False
2018-12-01,BRK-B,buy_call,1.809,1,-6.4425,-1.809,-0.01809,False
2018-12-01,C,skip,0.0,0,-19.0951,0.0,0.0,False
2018-12-01,CAT,buy_call,3.2317,1,-6.3389,-3.2317,-0.032317,False
2018-12-01,CHTR,buy_call,3.1005,1,-13.4356,-3.1005,-0.031005,False
2018-12-01,CL,buy_call,2.0993,1,-6.2972,-2.0993,-0.020993,False
2018-12-01,CMCSA,buy_call,3.1005,1,-12.7147,-3.1005,-0.031005,False
2018-12-01,CME,buy_call,2.7389,1,-1.0312,-2.7389,-0.027389,False
2018-12-01,COST,buy_call,2.5784,1,-11.7112,-2.5784,-0.025784,False
2018-12-01,CRM,buy_call,3.8947,1,-4.0558,-3.8947,-0.038947,False
2018-12-01,CSCO,buy_call,3.0196,1,-9.484,-3.0196,-0.030196,False
2018-12-01,CSX,buy_call,3.0,1,-14.1974,-3.0,-0.03,False
2018-12-01,CVS,buy_call,2.9729,1,-18.3043,-2.9729,-0.029729,False
2018-12-01,CVX,buy_call,3.0632,1,-7.6398,-3.0632,-0.030632,False
2018-12-01,DHR,buy_call,2.4594,1,-5.8609,-2.4594,-0.024594,False
2018-12-01,DIS,buy_call,3.3259,1,-5.0567,-3.3259,-0.033259,False
2018-12-01,DUK,buy_call,1.9747,1,-1.5053,-1.9747,-0.019747,False
2018-12-01,ELV,buy_call,2.9729,1,-9.4598,-2.9729,-0.029729,False
2018-12-01,EOG,skip,0.0,0,-15.5842,0.0,0.0,False
2018-12-01,EQIX,buy_call,3.0196,1,-7.9536,-3.0196,-0.030196,False
2018-12-01,FDX,buy_call,3.0196,1,-29.5502,-3.0196,-0.030196,False
2018-12-01,GE,skip,0.0,0,0.9333,0.0,0.0,False
2018-12-01,GILD,buy_call,2.8264,1,-13.0526,-2.8264,-0.028264,False
2018-12-01,GM,buy_call,3.2317,1,-11.8577,-3.2317,-0.032317,False
2018-12-01,GOOGL,buy_call,3.4858,1,-5.8298,-3.4858,-0.034858,False
2018-12-01,GS,skip,0.0,0,-12.0424,0.0,0.0,False
2018-12-01,HD,buy_call,2.7959,1,-4.1439,-2.7959,-0.027959,False
2018-12-01,HON,buy_call,3.0196,1,-9.4661,-3.0196,-0.030196,False
2018-12-01,IBM,buy_call,3.0196,1,-7.3648,-3.0196,-0.030196,False
2018-12-01,ICE,buy_call,3.0,1,-7.8193,-3.0,-0.03,False
2018-12-01,INTC,buy_call,4.1737,1,-4.2276,-4.1737,-0.041737,False
2018-12-01,ISRG,buy_call,2.4594,1,-9.7858,-2.4594,-0.024594,False
2018-12-01,ITW,buy_call,3.0196,1,-8.8889,-3.0196,-0.030196,False
2018-12-01,JNJ,buy_call,2.057,1,-11.5917,-2.057,-0.02057,False
2018-12-01,JPM,buy_call,2.7389,1,-12.2043,-2.7389,-0.027389,False
2018-12-01,KO,buy_call,1.9747,1,-5.3087,-1.9747,-0.019747,False
2018-12-01,LLY,buy_call,3.5202,1,-1.9702,-3.5202,-0.035202,False
2018-12-01,LMT,buy_call,3.2317,1,-12.2063,-3.2317,-0.032317,False
2018-12-01,LOW,skip,0.0,0,-2.1299,0.0,0.0,False
2018-12-01,MA,buy_call,2.7116,1,-6.177,-2.7116,-0.027116,False
2018-12-01,MCD,buy_call,1.9747,1,-5.2225,-1.9747,-0.019747,False
2018-12-01,MDLZ,buy_call,2.2339,1,-11.0049,-2.2339,-0.022339,False
2018-12-01,MDT,buy_call,2.4594,1,-6.7364,-2.4594,-0.024594,False
2018-12-01,MET,buy_call,2.7389,1,-7.1042,-2.7389,-0.027389,False
2018-12-01,META,skip,0.0,0,-6.7705,0.0,0.0,False
2018-12-01,MMM,buy_call,3.0196,1,-7.7332,-3.0196,-0.030196,False
2018-12-01,MO,skip,0.0,0,-9.9216,0.0,0.0,False
2018-12-01,MRK,buy_call,2.7192,1,-3.693,-2.7192,-0.027192,False
2018-12-01,MS,skip,0.0,0,-10.6781,0.0,0.0,False
2018-12-01,MSFT,buy_call,2.8745,1,-8.009,-2.8745,-0.028745,False
2018-12-01,MU,buy_call,5.3919,1,-17.7127,-5.3919,-0.053919,False
2018-12-01,NEE,buy_call,1.9747,1,-3.742,-1.9747,-0.019747,False
2018-12-01,NFLX,skip,0.0,0,-6.4551,0.0,0.0,False
2018-12-01,NKE,buy_call,3.5085,1,-1.0116,-3.5085,-0.035085,False
2018-12-01,NVDA,skip,0.0,0,-18.2319,0.0,0.0,False
2018-12-01,ORCL,buy_call,3.5955,1,-7.4036,-3.5955,-0.035955,False
2018-12-01,PEP,buy_call,2.2339,1,-9.3981,-2.2339,-0.022339,False
2018-12-01,PFE,buy_call,2.8264,1,-4.8522,-2.8264,-0.028264,False
2018-12-01,PG,buy_call,2.0993,1,-2.7404,-2.0993,-0.020993,False
2018-12-01,PM,skip,0.0,0,-22.8476,0.0,0.0,False
2018-12-01,PYPL,buy_call,2.7116,1,-2.0044,-2.7116,-0.027116,False
2018-12-01,QCOM,skip,0.0,0,-2.3172,0.0,0.0,False
2018-12-01,SBUX,buy_call,1.9747,1,-2.959,-1.9747,-0.019747,False
2018-12-01,SCHW,skip,0.0,0,-7.0504,0.0,0.0,False
2018-12-01,SO,buy_call,1.9747,1,-6.0095,-1.9747,-0.019747,False
2018-12-01,SPGI,buy_call,2.7389,1,-6.8028,-2.7389,-0.027389,False
2018-12-01,SYK,buy_call,2.4594,1,-10.6634,-2.4594,-0.024594,False
2018-12-01,T,buy_call,3.1005,1,-8.6428,-3.1005,-0.031005,False
2018-12-01,TJX,skip,0.0,0,-8.08,0.0,0.0,False
2018-12-01,TMO,buy_call,2.8279,1,-10.3226,-2.8279,-0.028279,False
2018-12-01,TMUS,skip,0.0,0,-7.0708,0.0,0.0,False
2018-12-01,TXN,buy_call,4.1737,1,-5.358,-4.1737,-0.041737,False
2018-12-01,UNH,buy_call,2.9729,1,-11.1757,-2.9729,-0.029729,False
2018-12-01,UNP,buy_call,3.2317,1,-9.6362,-3.2317,-0.032317,False
2018-12-01,USB,buy_call,2.7389,1,-16.0852,-2.7389,-0.027389,False
2018-12-01,V,buy_call,2.5501,1,-6.7272,-2.5501,-0.025501,False
2018-12-01,VZ,buy_call,3.1005,1,-6.7662,-3.1005,-0.031005,False
2018-12-01,WFC,buy_call,3.4824,1,-14.4201,-3.4824,-0.034824,False
2018-12-01,WMT,skip,0.0,0,-4.6083,0.0,0.0,False
2018-12-01,XOM,skip,0.0,0,-13.357,0.0,0.0,False
2019-01-01,AAPL,skip,0.0,0,5.5154,0.0,0.0,True
2019-01-01,ABBV,skip,0.0,0,-12.9082,0.0,0.0,True
2019-01-01,ABT,skip,0.0,0,0.8987,0.0,0.0,True
2019-01-01,ADBE,skip,0.0,0,9.5385,0.0,0.0,True
2019-01-01,ADP,skip,0.0,0,7.2575,0.0,0.0,True
2019-01-01,AMAT,skip,0.0,0,19.3647,0.0,0.0,True
2019-01-01,AMGN,skip,0.0,0,-3.8835,0.0,0.0,True
2019-01-01,AMT,skip,0.0,0,9.8619,0.0,0.0,True
2019-01-01,AMZN,skip,0.0,0,14.4317,0.0,0.0,True
2019-01-01,AVGO,buy_call,4.1737,60,6.6056,2.4319,1.45914,True
2019-01-01,AXP,skip,0.0,0,7.7424,0.0,0.0,True
2019-01-01,BA,skip,0.0,0,19.5721,0.0,0.0,True
2019-01-01,BAC,skip,0.0,0,16.1896,0.0,0.0,True
2019-01-01,BDX,skip,0.0,0,11.0682,0.0,0.0,True
2019-01-01,BKNG,skip,0.0,0,6.409,0.0,0.0,True
2019-01-01,BLK,skip,0.0,0,6.4821,0.0,0.0,True
2019-01-01,BMY,skip,0.0,0,-5.0211,0.0,0.0,True
2019-01-01,BRK-B,skip,0.0,0,0.6661,0.0,0.0,True
2019-01-01,C,skip,0.0,0,23.8187,0.0,0.0,True
2019-01-01,CAT,skip,0.0,0,4.7927,0.0,0.0,True
2019-01-01,CHTR,skip,0.0,0,16.1701,0.0,0.0,True
2019-01-01,CL,skip,0.0,0,8.6693,0.0,0.0,True
2019-01-01,CME,skip,0.0,0,-1.8016,0.0,0.0,True
2019-01-01,COST,skip,0.0,0,5.3606,0.0,0.0,True
2019-01-01,CRM,skip,0.0,0,10.9513,0.0,0.0,True
2019-01-01,CSCO,skip,0.0,0,9.1392,0.0,0.0,True
2019-01-01,CSX,skip,0.0,0,5.746,0.0,0.0,True
2019-01-01,CVS,skip,0.0,0,0.0458,0.0,0.0,True
2019-01-01,CVX,skip,0.0,0,5.3865,0.0,0.0,True
2019-01-01,DHR,skip,0.0,0,7.7364,0.0,0.0,True
2019-01-01,DIS,skip,0.0,0,2.4943,0.0,0.0,True
2019-01-01,DUK,skip,0.0,0,1.715,0.0,0.0,True
2019-01-01,EL,skip,0.0,0,4.8578,0.0,0.0,True
2019-01-01,ELV,skip,0.0,0,15.6642,0.0,0.0,True
2019-01-01,EOG,skip,0.0,0,13.7484,0.0,0.0,True
2019-01-01,FDX,skip,0.0,0,10.4,0.0,0.0,True
2019-01-01,GE,buy_call,3.2317,60,34.3986,31.1668,18.70008,True
2019-01-01,GILD,skip,0.0,0,12.8706,0.0,0.0,True
2019-01-01,GM,skip,0.0,0,17.8782,0.0,0.0,True
2019-01-01,GOOGL,skip,0.0,0,7.7448,0.0,0.0,True
2019-01-01,GS,skip,0.0,0,18.5334,0.0,0.0,True
2019-01-01,HD,skip,0.0,0,6.8152,0.0,0.0,True
2019-01-01,HON,skip,0.0,0,8.7118,0.0,0.0,True
2019-01-01,IBM,skip,0.0,0,18.2546,0.0,0.0,True
2019-01-01,ICE,skip,0.0,0,2.2128,0.0,0.0,True
2019-01-01,INTC,skip,0.0,0,0.4048,0.0,0.0,True
2019-01-01,INTU,skip,0.0,0,9.6368,0.0,0.0,True
2019-01-01,ISRG,skip,0.0,0,9.3377,0.0,0.0,True
2019-01-01,ITW,skip,0.0,0,9.2502,0.0,0.0,True
2019-01-01,JNJ,skip,0.0,0,3.1228,0.0,0.0,True
2019-01-01,JPM,skip,0.0,0,6.0234,0.0,0.0,True
2019-01-01,KO,skip,0.0,0,1.6473,0.0,0.0,True
2019-01-01,LLY,skip,0.0,0,3.5776,0.0,0.0,True
2019-01-01,LMT,skip,0.0,0,10.6363,0.0,0.0,True
2019-01-01,LOW,skip,0.0,0,4.1143,0.0,0.0,True
2019-01-01,MA,skip,0.0,0,11.9162,0.0,0.0,True
2019-01-01,MCD,skip,0.0,0,0.6814,0.0,0.0,True
2019-01-01,MDLZ,skip,0.0,0,16.315,0.0,0.0,True
2019-01-01,MDT,skip,0.0,0,-2.2742,0.0,0.0,True
2019-01-01,META,skip,0.0,0,27.1569,0.0,0.0,True
2019-01-01,MMM,skip,0.0,0,5.1223,0.0,0.0,True
2019-01-01,MO,skip,0.0,0,1.5743,0.0,0.0,True
2019-01-01,MRK,skip,0.0,0,-1.9084,0.0,0.0,True
2019-01-01,MS,skip,0.0,0,6.6835,0.0,0.0,True
2019-01-01,MSFT,skip,0.0,0,2.8158,0.0,0.0,True
2019-01-01,MU,skip,0.0,0,20.4538,0.0,0.0,True
2019-01-01,NEE,skip,0.0,0,2.9686,0.0,0.0,True
2019-01-01,NFLX,skip,0.0,0,26.84,0.0,0.0,True
2019-01-01,NKE,skip,0.0,0,10.4397,0.0,0.0,True
2019-01-01,NVDA,skip,0.0,0,7.6779,0.0,0.0,True
2019-01-01,ORCL,skip,0.0,0,11.2514,0.0,0.0,True
2019-01-01,PEP,skip,0.0,0,2.792,0.0,0.0,True
2019-01-01,PFE,skip,0.0,0,-2.7491,0.0,0.0,True
2019-01-01,PG,skip,0.0,0,4.9499,0.0,0.0,True
2019-01-01,PM,skip,0.0,0,16.6888,0.0,0.0,True
2019-01-01,PYPL,skip,0.0,0,5.5536,0.0,0.0,True
2019-01-01,QCOM,skip,0.0,0,-12.0408,0.0,0.0,True
2019-01-01,SBUX,skip,0.0,0,5.8074,0.0,0.0,True
2019-01-01,SCHW,skip,0.0,0,12.6174,0.0,0.0,True
2019-01-01,SO,skip,0.0,0,10.6558,0.0,0.0,True
2019-01-01,SPGI,skip,0.0,0,12.7751,0.0,0.0,True
2019-01-01,SYK,skip,0.0,0,13.6646,0.0,0.0,True
2019-01-01,T,skip,0.0,0,5.3259,0.0,0.0,True
2019-01-01,TJX,skip,0.0,0,11.1533,0.0,0.0,True
2019-01-01,TMO,skip,0.0,0,9.8544,0.0,0.0,True
2019-01-01,TMUS,skip,0.0,0,9.4482,0.0,0.0,True
2019-01-01,TXN,skip,0.0,0,6.5397,0.0,0.0,True
2019-01-01,UNH,skip,0.0,0,8.4618,0.0,0.0,True
2019-01-01,UNP,skip,0.0,0,15.0763,0.0,0.0,True
2019-01-01,USB,skip,0.0,0,12.8622,0.0,0.0,True
2019-01-01,V,skip,0.0,0,2.3268,0.0,0.0,True
2019-01-01,VRTX,skip,0.0,0,15.2073,0.0,0.0,True
2019-01-01,VZ,skip,0.0,0,-2.0633,0.0,0.0,True
2019-01-01,WFC,skip,0.0,0,6.1415,0.0,0.0,True
2019-01-01,WMT,skip,0.0,0,3.4385,0.0,0.0,True
2019-01-01,XOM,skip,0.0,0,7.4644,0.0,0.0,True
2019-01-01,ZTS,skip,0.0,0,0.7248,0.0,0.0,True
2019-02-01,AAPL,buy_call,3.1456,1,4.0314,0.8859,0.008859,False
2019-02-01,ABBV,skip,0.0,0,-0.0973,0.0,0.0,False
2019-02-01,ABT,buy_call,2.4594,1,6.851,4.3916,0.043916,False
2019-02-01,ADBE,buy_call,2.8745,1,5.9237,3.0492,0.030492,False
2019-02-01,ADP,buy_call,3.0196,1,9.4323,6.4127,0.064127,False
2019-02-01,AMAT,buy_call,4.1737,1,-1.8935,-4.1737,-0.041737,False
2019-02-01,AMGN,skip,0.0,0,1.5873,0.0,0.0,False
2019-02-01,AMT,buy_call,3.0196,1,1.9151,-1.1045,-0.011045,False
2019-02-01,AMZN,buy_call,3.8265,1,-4.5906,-3.8265,-0.038265,False
2019-02-01,AVGO,buy_call,4.1737,1,2.6505,-1.5232,-0.015232,False
2019-02-01,AXP,buy_call,2.7116,1,5.3368,2.6252,0.026252,False
2019-02-01,BA,buy_call,3.0,1,14.0916,11.0916,0.110916,False
2019-02-01,BAC,buy_call,3.1976,1,2.1426,-1.055,-0.01055,False
2019-02-01,BDX,buy_call,2.4594,1,-0.2686,-2.4594,-0.024594,False
2019-02-01,BKNG,buy_call,3.0,1,-7.4077,-3.0,-0.03,False
2019-02-01,BLK,buy_call,2.7389,1,6.7794,4.0405,0.040405,False
2019-02-01,BMY,skip,0.0,0,5.4631,0.0,0.0,False
2019-02-01,BRK-B,buy_call,1.809,1,-2.0629,-1.809,-0.01809,False
2019-02-01,C,buy_call,3.0,1,-0.7446,-3.0,-0.03,False
2019-02-01,CAT,buy_call,3.2317,1,3.8026,0.5709,0.005709,False
2019-02-01,CHTR,buy_call,3.1005,1,4.1867,1.0861,0.010861,False
2019-02-01,CL,buy_call,2.0993,1,2.5274,0.4281,0.004281,False
2019-02-01,CME,skip,0.0,0,-0.203,0.0,0.0,False
2019-02-01,COST,buy_call,2.5784,1,1.9149,-0.6635,-0.006635,False
2019-02-01,CRM,buy_call,3.8947,1,7.6857,3.791,0.03791,False
2019-02-01,CSCO,buy_call,3.0196,1,10.3211,7.3015,0.073015,False
2019-02-01,CSX,buy_call,3.0,1,10.6088,7.6088,0.076088,False
2019-02-01,CVS,buy_call,2.9729,1,-11.105,-2.9729,-0.029729,False
2019-02-01,CVX,buy_call,3.0632,1,4.3,1.2368,0.012368,False
2019-02-01,DHR,buy_call,2.4594,1,14.515,12.0556,0.120556,False
2019-02-01,DIS,buy_call,3.3259,1,1.1836,-2.1422,-0.021422,False
2019-02-01,DUK,buy_call,1.9747,1,2.1417,0.167,0.00167,False
2019-02-01,EL,buy_call,3.0,1,15.0418,12.0418,0.120418,False
2019-02-01,ELV,buy_call,2.9729,1,-0.7491,-2.9729,-0.029729,False
2019-02-01,EOG,buy_call,3.2317,1,-5.03,-3.2317,-0.032317,False
2019-02-01,FDX,buy_call,3.0196,1,1.9316,-1.0879,-0.010879,False
2019-02-01,GE,buy_call,3.2317,1,6.3543,3.1226,0.031226,False
2019-02-01,GILD,buy_call,2.8264,1,-7.1275,-2.8264,-0.028264,False
2019-02-01,GM,buy_call,3.2317,1,1.1789,-2.0528,-0.020528,False
2019-02-01,GOOGL,buy_call,3.4858,1,0.0586,-3.4272,-0.034272,False
2019-02-01,GS,buy_call,2.7389,1,-0.6616,-2.7389,-0.027389,False
2019-02-01,HD,buy_call,2.7959,1,0.8772,-1.9187,-0.019187,False
2019-02-01,HON,buy_call,3.0196,1,7.2687,4.2491,0.042491,False
2019-02-01,IBM,buy_call,3.0196,1,2.76,-0.2596,-0.002596,False
2019-02-01,ICE,buy_call,3.0,1,0.5081,-2.4919,-0.024919,False
2019-02-01,INTC,buy_call,4.1737,1,12.3939,8.2202,0.082202,False
2019-02-01,INTU,buy_call,3.5689,1,14.7722,11.2033,0.112033,False
2019-02-01,ISRG,buy_call,2.4594,1,4.5776,2.1182,0.021182,False
2019-02-01,ITW,buy_call,3.0196,1,4.9304,1.9109,0.019109,False
2019-02-01,JNJ,buy_call,2.057,1,2.6751,0.6181,0.006181,False
2019-02-01,JPM,buy_call,2.7389,1,1.6497,-1.0891,-0.010891,False
2019-02-01,KO,buy_call,1.9747,1,-5.7968,-1.9747,-0.019747,False
2019-02-01,LLY,buy_call,3.5202,1,5.3646,1.8444,0.018444,False
2019-02-01,LMT,buy_call,3.2317,1,6.8072,3.5755,0.035755,False
2019-02-01,LOW,buy_call,2.7959,1,9.8417,7.0458,0.070458,False
2019-02-01,MA,buy_call,2.7116,1,6.6445,3.9329,0.039329,False
2019-02-01,MCD,buy_call,1.9747,1,2.8303,0.8556,0.008556,False
2019-02-01,MDLZ,buy_call,2.2339,1,1.9456,-0.2884,-0.002884,False
2019-02-01,MDT,skip,0.0,0,2.3871,0.0,0.0,False
2019-02-01,META,buy_call,4.3383,1,-3.1436,-4.3383,-0.043383,False
2019-02-01,MMM,buy_call,3.0196,1,3.5397,0.5201,0.005201,False
2019-02-01,MO,buy_call,2.2339,1,6.2006,3.9667,0.039667,False
2019-02-01,MRK,skip,0.0,0,9.2167,0.0,0.0,False
2019-02-01,MS,buy_call,2.7389,1,-0.0508,-2.7389,-0.027389,False
2019-02-01,MSFT,buy_call,2.8745,1,7.2776,4.4032,0.044032,False
2019-02-01,MU,buy_call,5.3919,1,6.9597,1.5678,0.015678,False
2019-02-01,NEE,buy_call,1.9747,1,4.8832,2.9085,0.029085,False
2019-02-01,NFLX,buy_call,4.4729,1,5.4786,1.0057,0.010057,False
2019-02-01,NKE,buy_call,3.5085,1,4.702,1.1935,0.011935,False
2019-02-01,NVDA,buy_call,5.3919,1,7.3113,1.9194,0.019194,False
2019-02-01,ORCL,buy_call,3.5955,1,4.1935,0.598,0.00598,False
2019-02-01,PEP,buy_call,2.2339,1,2.636,0.4021,0.004021,False
2019-02-01,PFE,skip,0.0,0,3.012,0.0,0.0,False
2019-02-01,PG,buy_call,2.0993,1,2.9641,0.8648,0.008648,False
2019-02-01,PM,buy_call,2.2339,1,13.3212,11.0872,0.110872,False
2019-02-01,PYPL,buy_call,2.7116,1,10.489,7.7773,0.077773,False
2019-02-01,QCOM,skip,0.0,0,7.815,0.0,0.0,False
2019-02-01,SBUX,buy_call,1.9747,1,3.1112,1.1365,0.011365,False
2019-02-01,SCHW,buy_call,2.7389,1,-1.625,-2.7389,-0.027389,False
2019-02-01,SO,buy_call,1.9747,1,2.2428,0.268,0.00268,False
2019-02-01,SPGI,buy_call,2.7389,1,4.5499,1.8111,0.018111,False
2019-02-01,SYK,buy_call,2.4594,1,6.161,3.7016,0.037016,False
2019-02-01,T,buy_call,3.1005,1,5.8104,2.7099,0.027099,False
2019-02-01,TJX,buy_call,2.4474,1,3.137,0.6896,0.006896,False
2019-02-01,TMO,buy_call,2.8279,1,5.658,2.8301,0.028301,False
2019-02-01,TMUS,buy_call,3.1005,1,3.7202,0.6196,0.006196,False
2019-02-01,TXN,buy_call,4.1737,1,5.8699,1.6962,0.016962,False
2019-02-01,UNH,buy_call,2.9729,1,-10.3553,-2.9729,-0.029729,False
2019-02-01,UNP,buy_call,3.2317,1,5.4253,2.1935,0.021935,False
2019-02-01,USB,buy_call,2.7389,1,1.0359,-1.7029,-0.017029,False
2019-02-01,V,buy_call,2.5501,1,9.7104,7.1603,0.071603,False
2019-02-01,VRTX,buy_call,2.8264,1,-1.1314,-2.8264,-0.028264,False
2019-02-01,VZ,skip,0.0,0,4.4571,0.0,0.0,False
2019-02-01,WFC,buy_call,3.4824,1,2.9283,-0.5541,-0.005541,False
2019-02-01,WMT,buy_call,2.4474,1,3.2975,0.8501,0.008501,False
2019-02-01,XOM,buy_call,3.2317,1,7.8466,4.6149,0.046149,False
2019-02-01,ZTS,buy_call,2.8264,1,9.5823,6.7559,0.067559,False
2019-03-01,AAPL,buy_call,3.1456,1,10.1731,7.0275,0.070275,False
2019-03-01,ABBV,skip,0.0,0,1.7037,0.0,0.0,False
2019-03-01,ABT,buy_call,2.4594,1,2.9889,0.5295,0.005295,False
2019-03-01,ADBE,buy_call,2.8745,1,1.52,-1.3545,-0.013545,False
2019-03-01,ADP,buy_call,3.0196,1,4.3847,1.3652,0.013652,False
2019-03-01,AMAT,skip,0.0,0,3.972,0.0,0.0,False
2019-03-01,AMGN,buy_call,2.8264,1,0.7202,-2.1062,-0.021062,False
2019-03-01,AMT,buy_call,3.0196,1,11.8706,8.851,0.08851,False
2019-03-01,AMZN,skip,0.0,0,8.5936,0.0,0.0,False
2019-03-01,AVGO,buy_call,4.1737,1,9.2061,5.0324,0.050324,False
2019-03-01,AXP,buy_call,2.7116,1,1.4479,-1.2637,-0.012637,False
2019-03-01,BA,buy_call,3.0,1,-12.8702,-3.0,-0.03,False
2019-03-01,BAC,buy_call,3.1976,1,-4.6394,-3.1976,-0.031976,False
2019-03-01,BDX,skip,0.0,0,0.3778,0.0,0.0,False
2019-03-01,BKNG,skip,0.0,0,2.8208,0.0,0.0,False
2019-03-01,BLK,buy_call,2.7389,1,-3.5761,-2.7389,-0.027389,False
2019-03-01,BMY,buy_call,2.8264,1,-7.6461,-2.8264,-0.028264,False
2019-03-01,BRK-B,skip,0.0,0,-0.2037,0.0,0.0,False
2019-03-01,C,skip,0.0,0,-2.0672,0.0,0.0,False
2019-03-01,CAT,buy_call,3.2317,1,-1.347,-3.2317,-0.032317,False
2019-03-01,CHTR,buy_call,3.1005,1,0.5799,-2.5207,-0.025207,False
2019-03-01,CL,buy_call,2.0993,1,4.0534,1.9541,0.019541,False
2019-03-01,CME,skip,0.0,0,-9.5267,0.0,0.0,False
2019-03-01,COST,buy_call,2.5784,1,10.9967,8.4182,0.084182,False
2019-03-01,CRM,buy_call,3.8947,1,-3.2264,-3.8947,-0.038947,False
2019-03-01,CSCO,buy_call,3.0196,1,4.2882,1.2687,0.012687,False
2019-03-01,CSX,buy_call,3.0,1,3.2993,0.2993,0.002993,False
2019-03-01,CVS,skip,0.0,0,-6.7439,0.0,0.0,False
2019-03-01,CVX,buy_call,3.0632,1,4.046,0.9828,0.009828,False
2019-03-01,DHR,buy_call,2.4594,1,3.9364,1.477,0.01477,False
2019-03-01,DIS,buy_call,3.3259,1,-1.604,-3.3259,-0.033259,False
2019-03-01,DUK,buy_call,1.9747,1,1.4298,-0.5449,-0.005449,False
2019-03-01,EL,buy_call,3.0,1,5.777,2.777,0.02777,False
2019-03-01,ELV,skip,0.0,0,-4.5722,0.0,0.0,False
2019-03-01,EOG,skip,0.0,0,1.2553,0.0,0.0,False
2019-03-01,FDX,buy_call,3.0196,1,0.2265,-2.793,-0.02793,False
2019-03-01,GE,buy_call,3.2317,1,-3.8498,-3.2317,-0.032317,False
2019-03-01,GILD,skip,0.0,0,-0.0154,0.0,0.0,False
2019-03-01,GM,buy_call,3.2317,1,-6.0284,-3.2317,-0.032317,False
2019-03-01,GOOGL,buy_call,3.4858,1,4.4685,0.9827,0.009827,False
2019-03-01,GS,skip,0.0,0,-2.0003,0.0,0.0,False
2019-03-01,HD,buy_call,2.7959,1,3.6459,0.85,0.0085,False
2019-03-01,HON,buy_call,3.0196,1,3.698,0.6784,0.006784,False
2019-03-01,IBM,buy_call,3.0196,1,3.3403,0.3207,0.003207,False
2019-03-01,ICE,buy_call,3.0,1,-1.3091,-3.0,-0.03,False
2019-03-01,INTC,buy_call,4.1737,1,2.04,-2.1337,-0.021337,False
2019-03-01,INTU,buy_call,3.5689,1,5.7784,2.2095,0.022095,False
2019-03-01,ISRG,buy_call,2.4594,1,4.1946,1.7352,0.017352,False
2019-03-01,ITW,buy_call,3.0196,1,-0.3817,-3.0196,-0.030196,False
2019-03-01,JNJ,buy_call,2.057,1,2.9838,0.9269,0.009269,False
2019-03-01,JPM,buy_call,2.7389,1,-2.9992,-2.7389,-0.027389,False
2019-03-01,KO,skip,0.0,0,3.3524,0.0,0.0,False
2019-03-01,LLY,buy_call,3.5202,1,3.3045,-0.2156,-0.002156,False
2019-03-01,LMT,buy_call,3.2317,1,-2.2907,-3.2317,-0.032317,False
2019-03-01,LOW,buy_call,2.7959,1,4.1679,1.372,0.01372,False
2019-03-01,MA,buy_call,2.7116,1,4.7515,2.0399,0.020399,False
2019-03-01,MCD,buy_call,1.9747,1,3.954,1.9793,0.019793,False
2019-03-01,MDLZ,buy_call,2.2339,1,5.8524,3.6185,0.036185,False
2019-03-01,MDT,buy_call,2.4594,1,0.6409,-1.8185,-0.018185,False
2019-03-01,META,skip,0.0,0,3.2456,0.0,0.0,False
2019-03-01,MMM,buy_call,3.0196,1,0.8808,-2.1388,-0.021388,False
2019-03-01,MO,buy_call,2.2339,1,9.5783,7.3443,0.073443,False
2019-03-01,MRK,buy_call,2.7192,1,2.3128,-0.4064,-0.004064,False
2019-03-01,MS,skip,0.0,0,0.5241,0.0,0.0,False
2019-03-01,MSFT,buy_call,2.8745,1,5.725,2.8505,0.028505,False
2019-03-01,MU,buy_call,5.3919,1,1.1008,-4.2911,-0.042911,False
2019-03-01,NEE,buy_call,1.9747,1,3.6717,1.6969,0.016969,False
2019-03-01,NFLX,buy_call,4.4729,1,-0.4301,-4.4729,-0.044729,False
2019-03-01,NKE,buy_call,3.5085,1,-1.773,-3.5085,-0.035085,False
2019-03-01,NVDA,buy_call,5.3919,1,16.5208,11.129,0.11129,False
2019-03-01,ORCL,buy_call,3.5955,1,3.0309,-0.5646,-0.005646,False
2019-03-01,PEP,buy_call,2.2339,1,6.8348,4.6009,0.046009,False
2019-03-01,PFE,buy_call,2.8264,1,-2.03,-2.8264,-0.028264,False
2019-03-01,PG,buy_call,2.0993,1,5.5809,3.4816,0.034816,False
2019-03-01,PM,buy_call,2.2339,1,1.6678,-0.5661,-0.005661,False
2019-03-01,PYPL,buy_call,2.7116,1,5.8836,3.1719,0.031719,False
2019-03-01,QCOM,buy_call,4.254,1,6.8178,2.5637,0.025637,False
2019-03-01,SBUX,buy_call,1.9747,1,6.3592,4.3845,0.043845,False
2019-03-01,SCHW,skip,0.0,0,-6.7181,0.0,0.0,False
2019-03-01,SO,buy_call,1.9747,1,5.2889,3.3141,0.033141,False
2019-03-01,SPGI,buy_call,2.7389,1,5.3781,2.6393,0.026393,False
2019-03-01,SYK,buy_call,2.4594,1,4.7796,2.3202,0.023202,False
2019-03-01,T,buy_call,3.1005,1,0.7712,-2.3293,-0.023293,False
2019-03-01,TJX,buy_call,2.4474,1,4.1516,1.7042,0.017042,False
2019-03-01,TMO,buy_call,2.8279,1,5.4514,2.6235,0.026235,False
2019-03-01,TMUS,buy_call,3.1005,1,-4.3069,-3.1005,-0.031005,False
2019-03-01,TXN,buy_call,4.1737,1,0.2742,-3.8995,-0.038995,False
2019-03-01,UNH,skip,0.0,0,2.0808,0.0,0.0,False
2019-03-01,UNP,buy_call,3.2317,1,0.2202,-3.0115,-0.030115,False
2019-03-01,USB,buy_call,2.7389,1,-6.7711,-2.7389,-0.027389,False
2019-03-01,V,buy_call,2.5501,1,5.6323,3.0822,0.030822,False
2019-03-01,VRTX,skip,0.0,0,-2.543,0.0,0.0,False
2019-03-01,VZ,buy_call,3.1005,1,3.8826,0.7821,0.007821,False
2019-03-01,WFC,buy_call,3.4824,1,-3.1469,-3.4824,-0.034824,False
2019-03-01,WMT,buy_call,2.4474,1,-1.4749,-2.4474,-0.024474,False
2019-03-01,XOM,buy_call,3.2317,1,3.3747,0.143,0.00143,False
2019-03-01,ZTS,buy_call,2.8264,1,6.8344,4.0079,0.040079,False
2019-04-01,AAPL,buy_call,3.1456,1,5.6436,2.498,0.02498,False
2019-04-01,ABBV,buy_call,2.8264,1,-1.489,-2.8264,-0.028264,False
2019-04-01,ABT,buy_call,2.4594,1,-0.4754,-2.4594,-0.024594,False
2019-04-01,ADBE,buy_call,2.8745,1,8.5407,5.6662,0.056662,False
2019-04-01,ADP,buy_call,3.0196,1,3.4468,0.4272,0.004272,False
2019-04-01,AMAT,buy_call,4.1737,1,11.1195,6.9459,0.069459,False
2019-04-01,AMGN,buy_call,2.8264,1,-5.6111,-2.8264,-0.028264,False
2019-04-01,AMT,buy_call,3.0196,1,-0.8931,-3.0196,-0.030196,False
2019-04-01,AMZN,buy_call,3.8265,1,8.1859,4.3594,0.043594,False
2019-04-01,AVGO,buy_call,4.1737,1,6.8286,2.6549,0.026549,False
2019-04-01,AXP,buy_call,2.7116,1,7.2553,4.5436,0.045436,False
2019-04-01,BA,skip,0.0,0,-0.9779,0.0,0.0,False
2019-04-01,BAC,skip,0.0,0,10.8372,0.0,0.0,False
2019-04-01,BDX,buy_call,2.4594,1,-3.3004,-2.4594,-0.024594,False
2019-04-01,BKNG,buy_call,3.0,1,6.3086,3.3086,0.033086,False
2019-04-01,BLK,skip,0.0,0,14.4042,0.0,0.0,False
2019-04-01,BMY,skip,0.0,0,-2.6829,0.0,0.0,False
2019-04-01,BRK-B,skip,0.0,0,7.875,0.0,0.0,False
2019-04-01,C,skip,0.0,0,13.629,0.0,0.0,False
2019-04-01,CAT,skip,0.0,0,2.9006,0.0,0.0,False
2019-04-01,CHTR,buy_call,3.1005,1,6.9989,3.8984,0.038984,False
2019-04-01,CL,buy_call,2.0993,1,6.2008,4.1015,0.041015,False
2019-04-01,CME,skip,0.0,0,9.1708,0.0,0.0,False
2019-04-01,COST,buy_call,2.5784,1,1.4,-1.1784,-0.011784,False
2019-04-01,CRM,skip,0.0,0,4.4074,0.0,0.0,False
2019-04-01,CSCO,buy_call,3.0196,1,3.6303,0.6107,0.006107,False
2019-04-01,CSX,buy_call,3.0,1,6.4288,3.4288,0.034288,False
2019-04-01,CVS,skip,0.0,0,0.8344,0.0,0.0,False
2019-04-01,CVX,buy_call,3.0632,1,-2.5329,-3.0632,-0.030632,False
2019-04-01,DHR,buy_call,2.4594,1,0.4498,-2.0096,-0.020096,False
2019-04-01,DIS,skip,0.0,0,23.363,0.0,0.0,False
2019-04-01,DUK,buy_call,1.9747,1,1.2445,-0.7303,-0.007303,False
2019-04-01,EL,buy_call,3.0,1,3.7813,0.7813,0.007813,False
2019-04-01,ELV,skip,0.0,0,-8.1049,0.0,0.0,False
2019-04-01,EOG,buy_call,3.2317,1,0.9141,-2.3176,-0.023176,False
2019-04-01,FDX,buy_call,3.0196,1,4.8317,1.8121,0.018121,False
2019-04-01,GE,skip,0.0,0,1.9096,0.0,0.0,False
2019-04-01,GILD,skip,0.0,0,1.014,0.0,0.0,False
2019-04-01,GM,skip,0.0,0,6.0284,0.0,0.0,False
2019-04-01,GOOGL,buy_call,3.4858,1,1.8753,-1.6105,-0.016105,False
2019-04-01,GS,skip,0.0,0,7.2556,0.0,0.0,False
2019-04-01,HD,buy_call,2.7959,1,6.945,4.1491,0.041491,False
2019-04-01,HON,buy_call,3.0196,1,9.2562,6.2366,0.062366,False
2019-04-01,IBM,buy_call,3.0196,1,-0.5883,-3.0196,-0.030196,False
2019-04-01,ICE,skip,0.0,0,7.2409,0.0,0.0,False
2019-04-01,INTC,buy_call,4.1737,1,-4.9535,-4.1737,-0.041737,False
2019-04-01,INTU,buy_call,3.5689,1,-3.9593,-3.5689,-0.035689,False
2019-04-01,ISRG,buy_call,2.4594,1,-10.5068,-2.4594,-0.024594,False
2019-04-01,ITW,skip,0.0,0,9.1959,0.0,0.0,False
2019-04-01,JNJ,buy_call,2.057,1,1.0087,-1.0483,-0.010483,False
2019-04-01,JPM,skip,0.0,0,14.6399,0.0,0.0,False
2019-04-01,KO,buy_call,1.9747,1,5.6088,3.6341,0.036341,False
2019-04-01,LLY,buy_call,3.5202,1,-9.8027,-3.5202,-0.035202,False
2019-04-01,LMT,skip,0.0,0,11.0508,0.0,0.0,False
2019-04-01,LOW,buy_call,2.7959,1,3.3525,0.5566,0.005566,False
2019-04-01,MA,buy_call,2.7116,1,7.9805,5.2688,0.052688,False
2019-04-01,MCD,buy_call,1.9747,1,4.039,2.0642,0.020642,False
2019-04-01,MDLZ,buy_call,2.2339,1,2.3994,0.1655,0.001655,False
2019-04-01,MDT,buy_call,2.4594,1,-1.9579,-2.4594,-0.024594,False
2019-04-01,META,buy_call,4.3383,1,16.0237,11.6854,0.116854,False
2019-04-01,MMM,buy_call,3.0196,1,-8.793,-3.0196,-0.030196,False
2019-04-01,MO,buy_call,2.2339,1,-4.0495,-2.2339,-0.022339,False
2019-04-01,MRK,buy_call,2.7192,1,-4.7203,-2.7192,-0.027192,False
2019-04-01,MS,buy_call,2.7389,1,14.3365,11.5976,0.115976,False
2019-04-01,MSFT,buy_call,2.8745,1,10.7343,7.8598,0.078598,False
2019-04-01,MU,buy_call,5.3919,1,1.7663,-3.6256,-0.036256,False
2019-04-01,NEE,buy_call,1.9747,1,0.5793,-1.3954,-0.013954,False
2019-04-01,NFLX,skip,0.0,0,3.9208,0.0,0.0,False
2019-04-01,NKE,skip,0.0,0,4.5671,0.0,0.0,False
2019-04-01,NVDA,buy_call,5.3919,1,0.802,-4.5899,-0.045899,False
2019-04-01,ORCL,buy_call,3.5955,1,3.0162,-0.5793,-0.005793,False
2019-04-01,PEP,buy_call,2.2339,1,4.488,2.254,0.02254,False
2019-04-01,PFE,skip,0.0,0,-4.3795,0.0,0.0,False
2019-04-01,PG,buy_call,2.0993,1,2.3355,0.2362,0.002362,False
2019-04-01,PM,buy_call,2.2339,1,-0.8303,-2.2339,-0.022339,False
2019-04-01,PYPL,buy_call,2.7116,1,8.5998,5.8881,0.058881,False
2019-04-01,QCOM,buy_call,4.254,1,52.7819,48.5279,0.485279,False
2019-04-01,SBUX,buy_call,1.9747,1,4.4929,2.5181,0.025181,False
2019-04-01,SCHW,skip,0.0,0,7.0627,0.0,0.0,False
2019-04-01,SO,buy_call,1.9747,1,2.9799,1.0052,0.010052,False
2019-04-01,SPGI,buy_call,2.7389,1,4.8017,2.0629,0.020629,False
2019-04-01,SYK,buy_call,2.4594,1,-4.1049,-2.4594,-0.024594,False
2019-04-01,T,buy_call,3.1005,1,-1.2755,-3.1005,-0.031005,False
2019-04-01,TJX,buy_call,2.4474,1,3.1385,0.6911,0.006911,False
2019-04-01,TMO,buy_call,2.8279,1,1.4371,-1.3908,-0.013908,False
2019-04-01,TMUS,skip,0.0,0,5.6295,0.0,0.0,False
2019-04-01,TXN,buy_call,4.1737,1,11.087,6.9133,0.069133,False
2019-04-01,UNH,buy_call,2.9729,1,-5.3791,-2.9729,-0.029729,False
2019-04-01,UNP,buy_call,3.2317,1,5.8852,2.6534,0.026534,False
2019-04-01,USB,skip,0.0,0,11.5025,0.0,0.0,False
2019-04-01,V,buy_call,2.5501,1,5.2756,2.7255,0.027255,False
2019-04-01,VRTX,skip,0.0,0,-8.1381,0.0,0.0,False
2019-04-01,VZ,buy_call,3.1005,1,-3.2809,-3.1005,-0.031005,False
2019-04-01,WFC,skip,0.0,0,0.1863,0.0,0.0,False
2019-04-01,WMT,skip,0.0,0,6.0118,0.0,0.0,False
2019-04-01,XOM,buy_call,3.2317,1,-0.6435,-3.2317,-0.032317,False
2019-04-01,ZTS,buy_call,2.8264,1,1.1622,-1.6642,-0.016642,False
2019-05-01,AAPL,buy_call,3.1456,1,-12.7573,-3.1456,-0.031456,False
2019-05-01,ABBV,skip,0.0,0,-2.0946,0.0,0.0,False
2019-05-01,ABT,skip,0.0,0,-3.9196,0.0,0.0,False
2019-05-01,ADBE,buy_call,2.8745,1,-6.344,-2.8745,-0.028745,False
2019-05-01,ADP,buy_call,3.0196,1,-2.5975,-3.0196,-0.030196,False
2019-05-01,AMAT,buy_call,4.1737,1,-12.2079,-4.1737,-0.041737,False
2019-05-01,AMGN,skip,0.0,0,-7.0377,0.0,0.0,False
2019-05-01,AMT,skip,0.0,0,7.3884,0.0,0.0,False
2019-05-01,AMZN,buy_call,3.8265,1,-7.8613,-3.8265,-0.038265,False
2019-05-01,AVGO,buy_call,4.1737,1,-20.9673,-4.1737,-0.041737,False
2019-05-01,AXP,buy_call,2.7116,1,-1.8032,-2.7116,-0.027116,False
2019-05-01,BA,skip,0.0,0,-9.5528,0.0,0.0,False
2019-05-01,BAC,buy_call,3.1976,1,-13.015,-3.1976,-0.031976,False
2019-05-01,BDX,skip,0.0,0,-3.0323,0.0,0.0,False
2019-05-01,BKNG,buy_call,3.0,1,-10.7154,-3.0,-0.03,False
2019-05-01,BLK,buy_call,2.7389,1,-14.3599,-2.7389,-0.027389,False
2019-05-01,BMY,skip,0.0,0,-1.4209,0.0,0.0,False
2019-05-01,BRK-B,buy_call,1.809,1,-8.9013,-1.809,-0.01809,False
2019-05-01,C,buy_call,3.0,1,-12.0933,-3.0,-0.03,False
2019-05-01,CAT,buy_call,3.2317,1,-13.5445,-3.2317,-0.032317,False
2019-05-01,CHTR,buy_call,3.1005,1,1.5114,-1.5892,-0.015892,False
2019-05-01,CL,buy_call,2.0993,1,-3.7555,-2.0993,-0.020993,False
2019-05-01,CME,buy_call,2.7389,1,7.3896,4.6507,0.046507,False
2019-05-01,COST,buy_call,2.5784,1,-2.4233,-2.5784,-0.025784,False
2019-05-01,CRM,buy_call,3.8947,1,-8.4306,-3.8947,-0.038947,False
2019-05-01,CSCO,buy_call,3.0196,1,-6.4175,-3.0196,-0.030196,False
2019-05-01,CSX,buy_call,3.0,1,-6.48,-3.0,-0.03,False
2019-05-01,CVS,buy_call,2.9729,1,-2.7725,-2.9729,-0.029729,False
2019-05-01,CVX,skip,0.0,0,-5.1724,0.0,0.0,False
2019-05-01,DHR,buy_call,2.4594,1,-0.3247,-2.4594,-0.024594,False
2019-05-01,DIS,buy_call,3.3259,1,-3.5993,-3.3259,-0.033259,False
2019-05-01,DUK,buy_call,1.9747,1,-6.047,-1.9747,-0.019747,False
2019-05-01,EL,buy_call,3.0,1,-6.2744,-3.0,-0.03,False
2019-05-01,ELV,skip,0.0,0,5.6837,0.0,0.0,False
2019-05-01,EOG,buy_call,3.2317,1,-14.5743,-3.2317,-0.032317,False
2019-05-01,FDX,buy_call,3.0196,1,-18.5686,-3.0196,-0.030196,False
2019-05-01,GE,buy_call,3.2317,1,-7.178,-3.2317,-0.032317,False
2019-05-01,GILD,buy_call,2.8264,1,-4.2897,-2.8264,-0.028264,False
2019-05-01,GM,buy_call,3.2317,1,-14.4031,-3.2317,-0.032317,False
2019-05-01,GOOGL,buy_call,3.4858,1,-7.7117,-3.4858,-0.034858,False
2019-05-01,GS,buy_call,2.7389,1,-11.3782,-2.7389,-0.027389,False
2019-05-01,HD,buy_call,2.7959,1,-6.7992,-2.7959,-0.027959,False
2019-05-01,HON,buy_call,3.0196,1,-5.3677,-3.0196,-0.030196,False
2019-05-01,IBM,skip,0.0,0,-9.4674,0.0,0.0,False
2019-05-01,ICE,buy_call,3.0,1,1.0572,-1.9428,-0.019428,False
2019-05-01,INTC,skip,0.0,0,-13.7147,0.0,0.0,False
2019-05-01,INTU,skip,0.0,0,-2.2974,0.0,0.0,False
2019-05-01,ISRG,skip,0.0,0,-8.9654,0.0,0.0,False
2019-05-01,ITW,buy_call,3.0196,1,-10.2744,-3.0196,-0.030196,False
2019-05-01,JNJ,buy_call,2.057,1,-7.1176,-2.057,-0.02057,False
2019-05-01,JPM,buy_call,2.7389,1,-7.9959,-2.7389,-0.027389,False
2019-05-01,KO,buy_call,1.9747,1,0.1427,-1.8321,-0.018321,False
2019-05-01,LLY,skip,0.0,0,-0.9399,0.0,0.0,False
2019-05-01,LMT,buy_call,3.2317,1,1.563,-1.6687,-0.016687,False
2019-05-01,LOW,buy_call,2.7959,1,-17.2031,-2.7959,-0.027959,False
2019-05-01,MA,buy_call,2.7116,1,-0.9435,-2.7116,-0.027116,False
2019-05-01,MCD,buy_call,1.9747,1,0.3543,-1.6205,-0.016205,False
2019-05-01,MDLZ,buy_call,2.2339,1,0.0,-2.2339,-0.022339,False
2019-05-01,MDT,skip,0.0,0,4.245,0.0,0.0,False
2019-05-01,META,buy_call,4.3383,1,-8.2368,-4.3383,-0.043383,False
2019-05-01,MMM,skip,0.0,0,-15.7036,0.0,0.0,False
2019-05-01,MO,skip,0.0,0,-9.7,0.0,0.0,False
2019-05-01,MRK,skip,0.0,0,0.6352,0.0,0.0,False
2019-05-01,MS,buy_call,2.7389,1,-15.1368,-2.7389,-0.027389,False
2019-05-01,MSFT,buy_call,2.8745,1,-5.2986,-2.8745,-0.028745,False
2019-05-01,MU,buy_call,5.3919,1,-22.4679,-5.3919,-0.053919,False
2019-05-01,NEE,buy_call,1.9747,1,1.9389,-0.0358,-0.000358,False
2019-05-01,NFLX,buy_call,4.4729,1,-7.3568,-4.4729,-0.044729,False
2019-05-01,NKE,buy_call,3.5085,1,-12.1712,-3.5085,-0.035085,False
2019-05-01,NVDA,buy_call,5.3919,1,-25.1602,-5.3919,-0.053919,False
2019-05-01,ORCL,buy_call,3.5955,1,-8.1392,-3.5955,-0.035955,False
2019-05-01,PEP,buy_call,2.2339,1,-0.0391,-2.2339,-0.022339,False
2019-05-01,PFE,skip,0.0,0,2.2409,0.0,0.0,False
2019-05-01,PG,buy_call,2.0993,1,-2.6705,-2.0993,-0.020993,False
2019-05-01,PM,skip,0.0,0,-10.8942,0.0,0.0,False
2019-05-01,PYPL,buy_call,2.7116,1,-2.678,-2.7116,-0.027116,False
2019-05-01,QCOM,buy_call,4.254,1,-22.4196,-4.254,-0.04254,False
2019-05-01,SBUX,buy_call,1.9747,1,-2.0855,-1.9747,-0.019747,False
2019-05-01,SCHW,buy_call,2.7389,1,-9.1088,-2.7389,-0.027389,False
2019-05-01,SO,buy_call,1.9747,1,0.5261,-1.4487,-0.014487,False
2019-05-01,SPGI,buy_call,2.7389,1,-3.0726,-2.7389,-0.027389,False
2019-05-01,SYK,skip,0.0,0,-3.0014,0.0,0.0,False
2019-05-01,T,skip,0.0,0,0.8756,0.0,0.0,False
2019-05-01,TJX,buy_call,2.4474,1,-8.3637,-2.4474,-0.024474,False
2019-05-01,TMO,buy_call,2.8279,1,-3.7736,-2.8279,-0.028279,False
2019-05-01,TMUS,buy_call,3.1005,1,0.6165,-2.484,-0.02484,False
2019-05-01,TXN,buy_call,4.1737,1,-11.4741,-4.1737,-0.041737,False
2019-05-01,UNH,skip,0.0,0,3.7457,0.0,0.0,False
2019-05-01,UNP,buy_call,3.2317,1,-5.7953,-3.2317,-0.032317,False
2019-05-01,USB,buy_call,2.7389,1,-5.8514,-2.7389,-0.027389,False
2019-05-01,V,buy_call,2.5501,1,-1.8853,-2.5501,-0.025501,False
2019-05-01,VRTX,skip,0.0,0,-1.657,0.0,0.0,False
2019-05-01,VZ,skip,0.0,0,-3.9868,0.0,0.0,False
2019-05-01,WFC,buy_call,3.4824,1,-8.3454,-3.4824,-0.034824,False
2019-05-01,WMT,buy_call,2.4474,1,-1.3613,-2.4474,-0.024474,False
2019-05-01,XOM,skip,0.0,0,-11.8461,0.0,0.0,False
2019-05-01,ZTS,buy_call,2.8264,1,-0.6114,-2.8264,-0.028264,False
2019-06-01,AAPL,skip,0.0,0,13.4873,0.0,0.0,True
2019-06-01,ABBV,skip,0.0,0,-5.2014,0.0,0.0,True
2019-06-01,ABT,skip,0.0,0,10.469,0.0,0.0,True
2019-06-01,ADBE,skip,0.0,0,8.7671,0.0,0.0,True
2019-06-01,ADP,skip,0.0,0,3.2538,0.0,0.0,True
2019-06-01,AMAT,skip,0.0,0,16.6702,0.0,0.0,True
2019-06-01,AMGN,skip,0.0,0,11.4976,0.0,0.0,True
2019-06-01,AMT,buy_call,3.0196,10,-2.0693,-3.0196,-0.30196,True
2019-06-01,AMZN,skip,0.0,0,6.6792,0.0,0.0,True
2019-06-01,AVGO,skip,0.0,0,14.3936,0.0,0.0,True
2019-06-01,AXP,skip,0.0,0,7.6105,0.0,0.0,True
2019-06-01,BA,skip,0.0,0,7.1694,0.0,0.0,True
2019-06-01,BAC,skip,0.0,0,9.0226,0.0,0.0,True
2019-06-01,BDX,skip,0.0,0,7.9549,0.0,0.0,True
2019-06-01,BKNG,skip,0.0,0,13.1921,0.0,0.0,True
2019-06-01,BLK,skip,0.0,0,12.9319,0.0,0.0,True
2019-06-01,BMY,skip,0.0,0,-0.0441,0.0,0.0,True
2019-06-01,BRK-B,skip,0.0,0,7.9779,0.0,0.0,True
2019-06-01,C,skip,0.0,0,13.4043,0.0,0.0,True
2019-06-01,CAT,skip,0.0,0,13.7551,0.0,0.0,True
2019-06-01,CHTR,buy_call,3.1005,10,4.8779,1.7774,0.17774,True
2019-06-01,CL,skip,0.0,0,2.9445,0.0,0.0,True
2019-06-01,CME,buy_call,2.7389,10,1.0358,-1.7031,-0.17031,True
2019-06-01,COST,skip,0.0,0,10.5992,0.0,0.0,True
2019-06-01,CRM,skip,0.0,0,0.2113,0.0,0.0,True
2019-06-01,CSCO,skip,0.0,0,5.1893,0.0,0.0,True
2019-06-01,CSX,skip,0.0,0,4.2325,0.0,0.0,True
2019-06-01,CVS,skip,0.0,0,4.0481,0.0,0.0,True
2019-06-01,CVX,skip,0.0,0,10.3771,0.0,0.0,True
2019-06-01,DHR,skip,0.0,0,8.2645,0.0,0.0,True
2019-06-01,DIS,skip,0.0,0,5.7558,0.0,0.0,True
2019-06-01,DUK,skip,0.0,0,4.1861,0.0,0.0,True
2019-06-01,EL,skip,0.0,0,14.0106,0.0,0.0,True
2019-06-01,ELV,buy_call,2.9729,10,1.5217,-1.4511,-0.14511,True
2019-06-01,EOG,skip,0.0,0,13.7763,0.0,0.0,True
2019-06-01,FDX,skip,0.0,0,6.4234,0.0,0.0,True
2019-06-01,GE,skip,0.0,0,11.2288,0.0,0.0,True
2019-06-01,GILD,skip,0.0,0,8.5301,0.0,0.0,True
2019-06-01,GM,skip,0.0,0,15.5669,0.0,0.0,True
2019-06-01,GOOGL,skip,0.0,0,-2.1419,0.0,0.0,True
2019-06-01,GS,skip,0.0,0,12.621,0.0,0.0,True
2019-06-01,HD,skip,0.0,0,9.5444,0.0,0.0,True
2019-06-01,HON,skip,0.0,0,6.7736,0.0,0.0,True
2019-06-01,IBM,skip,0.0,0,9.8811,0.0,0.0,True
2019-06-01,ICE,buy_call,3.0,10,4.5371,1.5371,0.15371,True
2019-06-01,INTC,skip,0.0,0,9.3623,0.0,0.0,True
2019-06-01,INTU,skip,0.0,0,6.7307,0.0,0.0,True
2019-06-01,ISRG,skip,0.0,0,12.8429,0.0,0.0,True
2019-06-01,ITW,skip,0.0,0,7.9992,0.0,0.0,True
2019-06-01,JNJ,skip,0.0,0,6.9257,0.0,0.0,True
2019-06-01,JPM,skip,0.0,0,5.5115,0.0,0.0,True
2019-06-01,KO,buy_call,1.9747,10,3.6434,1.6686,0.16686,True
2019-06-01,LLY,skip,0.0,0,-3.9059,0.0,0.0,True
2019-06-01,LMT,buy_call,3.2317,10,8.08,4.8482,0.48482,True
2019-06-01,LOW,skip,0.0,0,8.1797,0.0,0.0,True
2019-06-01,MA,skip,0.0,0,5.1851,0.0,0.0,True
2019-06-01,MCD,buy_call,1.9747,10,5.3493,3.3746,0.33746,True
2019-06-01,MDLZ,buy_call,2.2339,10,5.998,3.7641,0.37641,True
2019-06-01,MDT,buy_call,2.4594,10,5.1955,2.7361,0.27361,True
2019-06-01,META,skip,0.0,0,8.7508,0.0,0.0,True
2019-06-01,MMM,skip,0.0,0,9.4354,0.0,0.0,True
2019-06-01,MO,skip,0.0,0,-3.4856,0.0,0.0,True
2019-06-01,MRK,buy_call,2.7192,10,5.8578,3.1386,0.31386,True
2019-06-01,MS,skip,0.0,0,7.6678,0.0,0.0,True
2019-06-01,MSFT,skip,0.0,0,8.7127,0.0,0.0,True
2019-06-01,MU,skip,0.0,0,18.3379,0.0,0.0,True
2019-06-01,NEE,buy_call,1.9747,10,4.0085,2.0338,0.20338,True
2019-06-01,NFLX,skip,0.0,0,7.003,0.0,0.0,True
2019-06-01,NKE,skip,0.0,0,9.131,0.0,0.0,True
2019-06-01,NVDA,skip,0.0,0,21.3771,0.0,0.0,True
2019-06-01,ORCL,skip,0.0,0,12.5889,0.0,0.0,True
2019-06-01,PEP,skip,0.0,0,2.4453,0.0,0.0,True
2019-06-01,PFE,buy_call,2.8264,10,5.2606,2.4342,0.24342,True
2019-06-01,PG,skip,0.0,0,6.5494,0.0,0.0,True
2019-06-01,PM,skip,0.0,0,1.8151,0.0,0.0,True
2019-06-01,PYPL,skip,0.0,0,4.2916,0.0,0.0,True
2019-06-01,QCOM,skip,0.0,0,13.8432,0.0,0.0,True
2019-06-01,SBUX,skip,0.0,0,10.727,0.0,0.0,True
2019-06-01,SCHW,skip,0.0,0,-3.0364,0.0,0.0,True
2019-06-01,SO,buy_call,1.9747,10,4.5259,2.5512,0.25512,True
2019-06-01,SPGI,skip,0.0,0,6.7877,0.0,0.0,True
2019-06-01,SYK,skip,0.0,0,12.1917,0.0,0.0,True
2019-06-01,T,buy_call,3.1005,10,9.5814,6.4809,0.64809,True
2019-06-01,TJX,skip,0.0,0,5.6121,0.0,0.0,True
2019-06-01,TMO,skip,0.0,0,10.0007,0.0,0.0,True
2019-06-01,TMUS,buy_call,3.1005,10,0.9532,-2.1474,-0.21474,True
2019-06-01,TXN,skip,0.0,0,10.7442,0.0,0.0,True
2019-06-01,UNH,buy_call,2.9729,10,0.914,-2.0589,-0.20589,True
2019-06-01,UNP,skip,0.0,0,1.9278,0.0,0.0,True
2019-06-01,USB,skip,0.0,0,4.3825,0.0,0.0,True
2019-06-01,V,skip,0.0,0,7.74,0.0,0.0,True
2019-06-01,VRTX,skip,0.0,0,10.3502,0.0,0.0,True
2019-06-01,VZ,skip,0.0,0,5.115,0.0,0.0,True
2019-06-01,WFC,skip,0.0,0,7.6796,0.0,0.0,True
2019-06-01,WMT,skip,0.0,0,9.5002,0.0,0.0,True
2019-06-01,XOM,skip,0.0,0,9.5215,0.0,0.0,True
2019-06-01,ZTS,skip,0.0,0,12.3107,0.0,0.0,True
2019-07-01,AAPL,buy_call,3.1456,1,7.6394,4.4939,0.044939,False
2019-07-01,ABBV,skip,0.0,0,-8.3883,0.0,0.0,False
2019-07-01,ABT,buy_call,2.4594,1,3.5672,1.1078,0.011078,False
2019-07-01,ADBE,buy_call,2.8745,1,1.4288,-1.4457,-0.014457,False
2019-07-01,ADP,buy_call,3.0196,1,1.2036,-1.8159,-0.018159,False
2019-07-01,AMAT,buy_call,4.1737,1,9.931,5.7573,0.057573,False
2019-07-01,AMGN,buy_call,2.8264,1,1.2481,-1.5783,-0.015783,False
2019-07-01,AMT,skip,0.0,0,3.9537,0.0,0.0,False
2019-07-01,AMZN,buy_call,3.8265,1,-1.4179,-3.8265,-0.038265,False
2019-07-01,AVGO,buy_call,4.1737,1,1.7058,-2.4679,-0.024679,False
2019-07-01,AXP,buy_call,2.7116,1,0.7534,-1.9582,-0.019582,False
2019-07-01,BA,buy_call,3.0,1,-6.2718,-3.0,-0.03,False
2019-07-01,BAC,buy_call,3.1976,1,6.3647,3.1671,0.031671,False
2019-07-01,BDX,buy_call,2.4594,1,0.6372,-1.8222,-0.018222,False
2019-07-01,BKNG,buy_call,3.0,1,0.6348,-2.3652,-0.023652,False
2019-07-01,BLK,buy_call,2.7389,1,0.4174,-2.3215,-0.023215,False
2019-07-01,BMY,skip,0.0,0,-2.0728,0.0,0.0,False
2019-07-01,BRK-B,buy_call,1.809,1,-3.6309,-1.809,-0.01809,False
2019-07-01,C,buy_call,3.0,1,1.6136,-1.3864,-0.013864,False
2019-07-01,CAT,buy_call,3.2317,1,-3.3898,-3.2317,-0.032317,False
2019-07-01,CHTR,buy_call,3.1005,1,-2.4799,-3.1005,-0.031005,False
2019-07-01,CL,buy_call,2.0993,1,0.0977,-2.0016,-0.020016,False
2019-07-01,CME,buy_call,2.7389,1,0.535,-2.2038,-0.022038,False
2019-07-01,COST,buy_call,2.5784,1,4.3026,1.7242,0.017242,False
2019-07-01,CRM,buy_call,3.8947,1,1.8256,-2.0691,-0.020691,False
2019-07-01,CSCO,buy_call,3.0196,1,1.2242,-1.7954,-0.017954,False
2019-07-01,CSX,buy_call,3.0,1,-9.0087,-3.0,-0.03,False
2019-07-01,CVS,buy_call,2.9729,1,2.5326,-0.4403,-0.004403,False
2019-07-01,CVX,buy_call,3.0632,1,-1.0688,-3.0632,-0.030632,False
2019-07-01,DHR,buy_call,2.4594,1,-1.5745,-2.4594,-0.024594,False
2019-07-01,DIS,buy_call,3.3259,1,2.4134,-0.9125,-0.009125,False
2019-07-01,DUK,buy_call,1.9747,1,-1.7226,-1.9747,-0.019747,False
2019-07-01,EL,buy_call,3.0,1,0.5898,-2.4102,-0.024102,False
2019-07-01,ELV,buy_call,2.9729,1,4.6957,1.7228,0.017228,False
2019-07-01,EOG,buy_call,3.2317,1,-7.8468,-3.2317,-0.032317,False
2019-07-01,FDX,buy_call,3.0196,1,4.2636,1.244,0.01244,False
2019-07-01,GE,buy_call,3.2317,1,-0.3804,-3.2317,-0.032317,False
2019-07-01,GILD,buy_call,2.8264,1,-2.0959,-2.8264,-0.028264,False
2019-07-01,GM,buy_call,3.2317,1,5.8196,2.5879,0.025879,False
2019-07-01,GOOGL,skip,0.0,0,12.5046,0.0,0.0,False
2019-07-01,GS,buy_call,2.7389,1,7.5904,4.8516,0.048516,False
2019-07-01,HD,buy_call,2.7959,1,3.4711,0.6752,0.006752,False
2019-07-01,HON,buy_call,3.0196,1,-1.22,-3.0196,-0.030196,False
2019-07-01,IBM,buy_call,3.0196,1,7.4982,4.4786,0.044786,False
2019-07-01,ICE,buy_call,3.0,1,2.5641,-0.4359,-0.004359,False
2019-07-01,INTC,buy_call,4.1737,1,5.5985,1.4248,0.014248,False
2019-07-01,INTU,buy_call,3.5689,1,6.1149,2.546,0.02546,False
2019-07-01,ISRG,buy_call,2.4594,1,-0.9608,-2.4594,-0.024594,False
2019-07-01,ITW,buy_call,3.0196,1,2.9538,-0.0658,-0.000658,False
2019-07-01,JNJ,buy_call,2.057,1,-6.5049,-2.057,-0.02057,False
2019-07-01,JPM,buy_call,2.7389,1,3.7567,1.0178,0.010178,False
2019-07-01,KO,buy_call,1.9747,1,4.1651,2.1903,0.021903,False
2019-07-01,LLY,skip,0.0,0,-1.6608,0.0,0.0,False
2019-07-01,LMT,buy_call,3.2317,1,-0.3769,-3.2317,-0.032317,False
2019-07-01,LOW,buy_call,2.7959,1,0.4856,-2.3103,-0.023103,False
2019-07-01,MA,buy_call,2.7116,1,2.926,0.2143,0.002143,False
2019-07-01,MCD,buy_call,1.9747,1,1.4736,-0.5012,-0.005012,False
2019-07-01,MDLZ,buy_call,2.2339,1,-0.2846,-2.2339,-0.022339,False
2019-07-01,MDT,buy_call,2.4594,1,4.672,2.2126,0.022126,False
2019-07-01,META,buy_call,4.3383,1,0.6373,-3.701,-0.03701,False
2019-07-01,MMM,buy_call,3.0196,1,0.7962,-2.2234,-0.022234,False
2019-07-01,MO,skip,0.0,0,0.9745,0.0,0.0,False
2019-07-01,MRK,buy_call,2.7192,1,-0.3646,-2.7192,-0.027192,False
2019-07-01,MS,buy_call,2.7389,1,1.7119,-1.027,-0.01027,False
2019-07-01,MSFT,buy_call,2.8745,1,1.7243,-1.1501,-0.011501,False
2019-07-01,MU,buy_call,5.3919,1,16.3255,10.9336,0.109336,False
2019-07-01,NEE,buy_call,1.9747,1,1.1276,-0.8471,-0.008471,False
2019-07-01,NFLX,buy_call,4.4729,1,-12.0685,-4.4729,-0.044729,False
2019-07-01,NKE,buy_call,3.5085,1,2.4776,-1.0309,-0.010309,False
2019-07-01,NVDA,buy_call,5.3919,1,2.734,-2.6579,-0.026579,False
2019-07-01,ORCL,buy_call,3.5955,1,-1.176,-3.5955,-0.035955,False
2019-07-01,PEP,buy_call,2.2339,1,-1.8182,-2.2339,-0.022339,False
2019-07-01,PFE,buy_call,2.8264,1,-10.3417,-2.8264,-0.028264,False
2019-07-01,PG,buy_call,2.0993,1,7.6516,5.5523,0.055523,False
2019-07-01,PM,buy_call,2.2339,1,8.0763,5.8424,0.058424,False
2019-07-01,PYPL,buy_call,2.7116,1,-3.5471,-2.7116,-0.027116,False
2019-07-01,QCOM,buy_call,4.254,1,-2.9463,-4.254,-0.04254,False
2019-07-01,SBUX,buy_call,1.9747,1,12.9548,10.98,0.1098,False
2019-07-01,SCHW,skip,0.0,0,7.5392,0.0,0.0,False
2019-07-01,SO,buy_call,1.9747,1,1.6643,-0.3105,-0.003105,False
2019-07-01,SPGI,buy_call,2.7389,1,7.5333,4.7944,0.047944,False
2019-07-01,SYK,buy_call,2.4594,1,2.3059,-0.1535,-0.001535,False
2019-07-01,T,buy_call,3.1005,1,1.6115,-1.4891,-0.014891,False
2019-07-01,TJX,buy_call,2.4474,1,3.177,0.7296,0.007296,False
2019-07-01,TMO,buy_call,2.8279,1,-5.3851,-2.8279,-0.028279,False
2019-07-01,TMUS,buy_call,3.1005,1,7.5398,4.4393,0.044393,False
2019-07-01,TXN,buy_call,4.1737,1,8.9317,4.758,0.04758,False
2019-07-01,UNH,buy_call,2.9729,1,2.501,-0.4719,-0.004719,False
2019-07-01,UNP,buy_call,3.2317,1,6.41,3.1783,0.031783,False
2019-07-01,USB,buy_call,2.7389,1,9.8468,7.1079,0.071079,False
2019-07-01,V,buy_call,2.5501,1,2.5641,0.014,0.00014,False
2019-07-01,VRTX,buy_call,2.8264,1,-9.1395,-2.8264,-0.028264,False
2019-07-01,VZ,buy_call,3.1005,1,-3.2557,-3.1005,-0.031005,False
2019-07-01,WFC,buy_call,3.4824,1,2.3035,-1.1789,-0.011789,False
2019-07-01,WMT,buy_call,2.4474,1,-0.0996,-2.4474,-0.024474,False
2019-07-01,XOM,buy_call,3.2317,1,-2.9623,-3.2317,-0.032317,False
2019-07-01,ZTS,buy_call,2.8264,1,1.2336,-1.5928,-0.015928,False
2019-08-01,AAPL,buy_call,3.1456,2,-2.0184,-3.1456,-0.062912,True
2019-08-01,ABBV,skip,0.0,0,0.1838,0.0,0.0,True
2019-08-01,ABT,buy_call,2.4594,2,-1.6768,-2.4594,-0.049188,True
2019-08-01,ADBE,buy_call,2.8745,2,-4.8016,-2.8745,-0.05749,True
2019-08-01,ADP,buy_call,3.0196,2,1.9938,-1.0258,-0.020516,True
2019-08-01,AMAT,buy_call,4.1737,2,-2.7345,-4.1737,-0.083474,True
2019-08-01,AMGN,buy_call,2.8264,2,11.8126,8.9862,0.179724,True
2019-08-01,AMT,buy_call,3.0196,2,8.7752,5.7556,0.115112,True
2019-08-01,AMZN,skip,0.0,0,-4.8474,0.0,0.0,True
2019-08-01,AVGO,buy_call,4.1737,2,-2.5346,-4.1737,-0.083474,True
2019-08-01,AXP,buy_call,2.7116,2,-2.9136,-2.7116,-0.054232,True
2019-08-01,BA,skip,0.0,0,6.7149,0.0,0.0,True
2019-08-01,BAC,buy_call,3.1976,2,-10.3325,-3.1976,-0.063952,True
2019-08-01,BDX,buy_call,2.4594,2,0.443,-2.0164,-0.040328,True
2019-08-01,BKNG,buy_call,3.0,2,4.2298,1.2298,0.024596,True
2019-08-01,BLK,buy_call,2.7389,2,-9.6476,-2.7389,-0.054778,True
2019-08-01,BMY,skip,0.0,0,9.2005,0.0,0.0,True
2019-08-01,BRK-B,skip,0.0,0,-0.9833,0.0,0.0,True
2019-08-01,C,buy_call,3.0,2,-9.57,-3.0,-0.06,True
2019-08-01,CAT,skip,0.0,0,-8.9271,0.0,0.0,True
2019-08-01,CHTR,skip,0.0,0,6.2821,0.0,0.0,True
2019-08-01,CL,buy_call,2.0993,2,3.9594,1.8601,0.037202,True
2019-08-01,CME,buy_call,2.7389,2,11.7632,9.0243,0.180486,True
2019-08-01,COST,buy_call,2.5784,2,6.9404,4.362,0.08724,True
2019-08-01,CRM,buy_call,3.8947,2,1.0162,-2.8785,-0.05757,True
2019-08-01,CSCO,buy_call,3.0196,2,-14.9722,-3.0196,-0.060392,True
2019-08-01,CSX,skip,0.0,0,-4.8012,0.0,0.0,True
2019-08-01,CVS,buy_call,2.9729,2,10.0164,7.0436,0.140872,True
2019-08-01,CVX,skip,0.0,0,-4.3782,0.0,0.0,True
2019-08-01,DHR,skip,0.0,0,1.1317,0.0,0.0,True
2019-08-01,DIS,buy_call,3.3259,2,-3.4263,-3.3259,-0.066518,True
2019-08-01,DUK,skip,0.0,0,6.9419,0.0,0.0,True
2019-08-01,EL,buy_call,3.0,2,7.4923,4.4923,0.089846,True
2019-08-01,ELV,buy_call,2.9729,2,-11.2318,-2.9729,-0.059458,True
2019-08-01,EOG,skip,0.0,0,-13.3005,0.0,0.0,True
2019-08-01,FDX,buy_call,3.0196,2,-6.99,-3.0196,-0.060392,True
2019-08-01,GE,skip,0.0,0,-21.0526,0.0,0.0,True
2019-08-01,GILD,skip,0.0,0,-3.022,0.0,0.0,True
2019-08-01,GM,buy_call,3.2317,2,-8.0565,-3.2317,-0.064634,True
2019-08-01,GOOGL,buy_call,3.4858,2,-2.2714,-3.4858,-0.069716,True
2019-08-01,GS,buy_call,2.7389,2,-7.3684,-2.7389,-0.054778,True
2019-08-01,HD,buy_call,2.7959,2,6.6545,3.8586,0.077172,True
2019-08-01,HON,skip,0.0,0,-4.546,0.0,0.0,True
2019-08-01,IBM,buy_call,3.0196,2,-8.5739,-3.0196,-0.060392,True
2019-08-01,ICE,buy_call,3.0,2,6.3966,3.3966,0.067932,True
2019-08-01,INTC,buy_call,4.1737,2,-6.2117,-4.1737,-0.083474,True
2019-08-01,INTU,buy_call,3.5689,2,4.1652,0.5963,0.011926,True
2019-08-01,ISRG,skip,0.0,0,-1.5726,0.0,0.0,True
2019-08-01,ITW,buy_call,3.0196,2,-2.8335,-3.0196,-0.060392,True
2019-08-01,JNJ,skip,0.0,0,-1.4284,0.0,0.0,True
2019-08-01,JPM,buy_call,2.7389,2,-4.6226,-2.7389,-0.054778,True
2019-08-01,KO,buy_call,1.9747,2,4.5791,2.6044,0.052088,True
2019-08-01,LLY,skip,0.0,0,3.6897,0.0,0.0,True
2019-08-01,LMT,skip,0.0,0,6.0579,0.0,0.0,True
2019-08-01,LOW,buy_call,2.7959,2,11.2475,8.4516,0.169032,True
2019-08-01,MA,buy_call,2.7116,2,3.4677,0.7561,0.015122,True
2019-08-01,MCD,buy_call,1.9747,2,3.4406,1.4658,0.029316,True
2019-08-01,MDLZ,skip,0.0,0,3.2342,0.0,0.0,True
2019-08-01,MDT,buy_call,2.4594,2,6.4183,3.9589,0.079178,True
2019-08-01,META,buy_call,4.3383,2,-4.4071,-4.3383,-0.086766,True
2019-08-01,MMM,buy_call,3.0196,2,-7.4405,-3.0196,-0.060392,True
2019-08-01,MO,buy_call,2.2339,2,-7.0746,-2.2339,-0.044678,True
2019-08-01,MRK,skip,0.0,0,4.1933,0.0,0.0,True
2019-08-01,MS,buy_call,2.7389,2,-6.1634,-2.7389,-0.054778,True
2019-08-01,MSFT,buy_call,2.8745,2,1.1668,-1.7076,-0.034152,True
2019-08-01,MU,buy_call,5.3919,2,0.8465,-4.5454,-0.090908,True
2019-08-01,NEE,buy_call,1.9747,2,5.7489,3.7741,0.075482,True
2019-08-01,NFLX,skip,0.0,0,-9.0529,0.0,0.0,True
2019-08-01,NKE,buy_call,3.5085,2,-1.7785,-3.5085,-0.07017,True
2019-08-01,NVDA,buy_call,5.3919,2,-0.7171,-5.3919,-0.107838,True
2019-08-01,ORCL,skip,0.0,0,-7.1568,0.0,0.0,True
2019-08-01,PEP,skip,0.0,0,6.9791,0.0,0.0,True
2019-08-01,PFE,skip,0.0,0,-8.4706,0.0,0.0,True
2019-08-01,PG,buy_call,2.0993,2,2.5149,0.4156,0.008312,True
2019-08-01,PM,buy_call,2.2339,2,-13.7783,-2.2339,-0.044678,True
2019-08-01,PYPL,skip,0.0,0,-1.2228,0.0,0.0,True
2019-08-01,QCOM,skip,0.0,0,6.3012,0.0,0.0,True
2019-08-01,SBUX,buy_call,1.9747,2,1.9749,0.0001,2e-06,True
2019-08-01,SCHW,buy_call,2.7389,2,-11.453,-2.7389,-0.054778,True
2019-08-01,SO,buy_call,1.9747,2,3.6655,1.6907,0.033814,True
2019-08-01,SPGI,buy_call,2.7389,2,6.2217,3.4828,0.069656,True
2019-08-01,SYK,buy_call,2.4594,2,5.1864,2.727,0.05454,True
2019-08-01,T,buy_call,3.1005,2,5.6362,2.5357,0.050714,True
2019-08-01,TJX,buy_call,2.4474,2,0.7515,-1.696,-0.03392,True
2019-08-01,TMO,skip,0.0,0,3.378,0.0,0.0,True
2019-08-01,TMUS,buy_call,3.1005,2,-2.1071,-3.1005,-0.06201,True
2019-08-01,TXN,buy_call,4.1737,2,-0.418,-4.1737,-0.083474,True
2019-08-01,UNH,buy_call,2.9729,2,-6.0279,-2.9729,-0.059458,True
2019-08-01,UNP,buy_call,3.2317,2,-9.9972,-3.2317,-0.064634,True
2019-08-01,USB,buy_call,2.7389,2,-7.804,-2.7389,-0.054778,True
2019-08-01,V,buy_call,2.5501,2,1.5842,-0.9658,-0.019316,True
2019-08-01,VRTX,skip,0.0,0,8.0423,0.0,0.0,True
2019-08-01,VZ,skip,0.0,0,6.3365,0.0,0.0,True
2019-08-01,WFC,buy_call,3.4824,2,-3.8009,-3.4824,-0.069648,True
2019-08-01,WMT,skip,0.0,0,3.5151,0.0,0.0,True
2019-08-01,XOM,skip,0.0,0,-7.9075,0.0,0.0,True
2019-08-01,ZTS,buy_call,2.8264,2,10.1947,7.3682,0.147364,True
2019-09-01,AAPL,skip,0.0,0,7.7038,0.0,0.0,True
2019-09-01,ABBV,buy_call,2.8264,2,15.181,12.3546,0.247092,True
2019-09-01,ABT,skip,0.0,0,-1.9339,0.0,0.0,True
2019-09-01,ADBE,skip,0.0,0,-2.9032,0.0,0.0,True
2019-09-01,ADP,buy_call,3.0196,2,-4.9576,-3.0196,-0.060392,True
2019-09-01,AMAT,skip,0.0,0,4.3841,0.0,0.0,True
2019-09-01,AMGN,buy_call,2.8264,2,-6.5857,-2.8264,-0.056528,True
2019-09-01,AMT,buy_call,3.0196,2,-3.9359,-3.0196,-0.060392,True
2019-09-01,AMZN,skip,0.0,0,-2.2733,0.0,0.0,True
2019-09-01,AVGO,skip,0.0,0,-2.3245,0.0,0.0,True
2019-09-01,AXP,skip,0.0,0,-1.7363,0.0,0.0,True
2019-09-01,BA,buy_call,3.0,2,5.151,2.151,0.04302,True
2019-09-01,BAC,skip,0.0,0,6.0342,0.0,0.0,True
2019-09-01,BDX,buy_call,2.4594,2,-0.378,-2.4594,-0.049188,True
2019-09-01,BKNG,buy_call,3.0,2,-0.1933,-3.0,-0.06,True
2019-09-01,BLK,skip,0.0,0,5.4619,0.0,0.0,True
2019-09-01,BMY,buy_call,2.8264,2,5.492,2.6656,0.053312,True
2019-09-01,BRK-B,skip,0.0,0,2.2664,0.0,0.0,True
2019-09-01,C,skip,0.0,0,8.1575,0.0,0.0,True
2019-09-01,CAT,skip,0.0,0,6.1429,0.0,0.0,True
2019-09-01,CHTR,buy_call,3.1005,2,0.6177,-2.4829,-0.049658,True
2019-09-01,CL,buy_call,2.0993,2,-0.8631,-2.0993,-0.041986,True
2019-09-01,CME,buy_call,2.7389,2,-2.7383,-2.7389,-0.054778,True
2019-09-01,COST,buy_call,2.5784,2,-2.0399,-2.5784,-0.051568,True
2019-09-01,CRM,buy_call,3.8947,2,-4.8888,-3.8947,-0.077894,True
2019-09-01,CSCO,skip,0.0,0,5.5544,0.0,0.0,True
2019-09-01,CSX,skip,0.0,0,3.738,0.0,0.0,True
2019-09-01,CVS,buy_call,2.9729,2,3.5292,0.5563,0.011126,True
2019-09-01,CVX,skip,0.0,0,1.7832,0.0,0.0,True
2019-09-01,DHR,buy_call,2.4594,2,1.6469,-0.8125,-0.01625,True
2019-09-01,DIS,skip,0.0,0,-5.0561,0.0,0.0,True
2019-09-01,DUK,buy_call,1.9747,2,4.4759,2.5011,0.050022,True
2019-09-01,EL,buy_call,3.0,2,0.6987,-2.3013,-0.046026,True
2019-09-01,ELV,skip,0.0,0,-8.1906,0.0,0.0,True
2019-09-01,EOG,skip,0.0,0,0.0404,0.0,0.0,True
2019-09-01,FDX,skip,0.0,0,-8.2214,0.0,0.0,True
2019-09-01,GE,skip,0.0,0,8.3636,0.0,0.0,True
2019-09-01,GILD,skip,0.0,0,-0.2518,0.0,0.0,True
2019-09-01,GM,skip,0.0,0,1.0515,0.0,0.0,True
2019-09-01,GOOGL,skip,0.0,0,2.5711,0.0,0.0,True
2019-09-01,GS,skip,0.0,0,2.266,0.0,0.0,True
2019-09-01,HD,buy_call,2.7959,2,1.8033,-0.9926,-0.019852,True
2019-09-01,HON,skip,0.0,0,3.2986,0.0,0.0,True
2019-09-01,IBM,skip,0.0,0,8.5615,0.0,0.0,True
2019-09-01,ICE,buy_call,3.0,2,-1.2944,-3.0,-0.06,True
2019-09-01,INTC,skip,0.0,0,9.424,0.0,0.0,True
2019-09-01,INTU,buy_call,3.5689,2,-7.775,-3.5689,-0.071378,True
2019-09-01,ISRG,skip,0.0,0,5.5912,0.0,0.0,True
2019-09-01,ITW,skip,0.0,0,4.4241,0.0,0.0,True
2019-09-01,JNJ,skip,0.0,0,1.5499,0.0,0.0,True
2019-09-01,JPM,skip,0.0,0,7.1273,0.0,0.0,True
2019-09-01,KO,buy_call,1.9747,2,-1.0901,-1.9747,-0.039494,True
2019-09-01,LLY,buy_call,3.5202,2,-0.4542,-3.5202,-0.070404,True
2019-09-01,LMT,buy_call,3.2317,2,2.1335,-1.0982,-0.021964,True
2019-09-01,LOW,buy_call,2.7959,2,-1.9964,-2.7959,-0.055918,True
2019-09-01,MA,buy_call,2.7116,2,-3.483,-2.7116,-0.054232,True
2019-09-01,MCD,buy_call,1.9747,2,-0.9747,-1.9747,-0.039494,True
2019-09-01,MDLZ,buy_call,2.2339,2,0.1811,-2.0528,-0.041056,True
2019-09-01,MDT,buy_call,2.4594,2,0.6766,-1.7828,-0.035656,True
2019-09-01,META,skip,0.0,0,-4.0879,0.0,0.0,True
2019-09-01,MMM,skip,0.0,0,2.5874,0.0,0.0,True
2019-09-01,MO,skip,0.0,0,-6.4929,0.0,0.0,True
2019-09-01,MRK,buy_call,2.7192,2,-2.6483,-2.7192,-0.054384,True
2019-09-01,MS,skip,0.0,0,2.844,0.0,0.0,True
2019-09-01,MSFT,buy_call,2.8745,2,1.1845,-1.69,-0.0338,True
2019-09-01,MU,buy_call,5.3919,2,-5.3457,-5.3919,-0.107838,True
2019-09-01,NEE,buy_call,1.9747,2,6.9461,4.9713,0.099426,True
2019-09-01,NFLX,skip,0.0,0,-8.8953,0.0,0.0,True
2019-09-01,NKE,skip,0.0,0,11.4351,0.0,0.0,True
2019-09-01,NVDA,skip,0.0,0,4.019,0.0,0.0,True
2019-09-01,ORCL,skip,0.0,0,5.705,0.0,0.0,True
2019-09-01,PEP,buy_call,2.2339,2,0.2706,-1.9634,-0.039268,True
2019-09-01,PFE,skip,0.0,0,2.0145,0.0,0.0,True
2019-09-01,PG,buy_call,2.0993,2,3.4517,1.3524,0.027048,True
2019-09-01,PM,skip,0.0,0,5.3267,0.0,0.0,True
2019-09-01,PYPL,skip,0.0,0,-5.0069,0.0,0.0,True
2019-09-01,QCOM,buy_call,4.254,2,-1.9159,-4.254,-0.08508,True
2019-09-01,SBUX,buy_call,1.9747,2,-8.0829,-1.9747,-0.039494,True
2019-09-01,SCHW,skip,0.0,0,9.799,0.0,0.0,True
2019-09-01,SO,buy_call,1.9747,2,7.1778,5.203,0.10406,True
2019-09-01,SPGI,buy_call,2.7389,2,-5.6365,-2.7389,-0.054778,True
2019-09-01,SYK,buy_call,2.4594,2,-1.9759,-2.4594,-0.049188,True
2019-09-01,T,buy_call,3.1005,2,7.3171,4.2165,0.08433,True
2019-09-01,TJX,buy_call,2.4474,2,1.8383,-0.6092,-0.012184,True
2019-09-01,TMO,buy_call,2.8279,2,1.4666,-1.3613,-0.027226,True
2019-09-01,TMUS,skip,0.0,0,0.9225,0.0,0.0,True
2019-09-01,TXN,skip,0.0,0,4.4364,0.0,0.0,True
2019-09-01,UNH,skip,0.0,0,-7.1282,0.0,0.0,True
2019-09-01,UNP,skip,0.0,0,0.6286,0.0,0.0,True
2019-09-01,USB,skip,0.0,0,5.0294,0.0,0.0,True
2019-09-01,V,buy_call,2.5501,2,-4.735,-2.5501,-0.051002,True
2019-09-01,VRTX,buy_call,2.8264,2,-5.8882,-2.8264,-0.056528,True
2019-09-01,VZ,buy_call,3.1005,2,3.7827,0.6821,0.013642,True
2019-09-01,WFC,skip,0.0,0,9.5295,0.0,0.0,True
2019-09-01,WMT,buy_call,2.4474,2,4.3797,1.9323,0.038646,True
2019-09-01,XOM,skip,0.0,0,4.3925,0.0,0.0,True
2019-09-01,ZTS,buy_call,2.8264,2,-1.4476,-2.8264,-0.056528,True
2019-10-01,AAPL,buy_call,3.1456,4,11.0685,7.9229,0.316916,True
2019-10-01,ABBV,buy_call,2.8264,4,5.0581,2.2317,0.089268,True
2019-10-01,ABT,skip,0.0,0,-0.0717,0.0,0.0,True
2019-10-01,ADBE,skip,0.0,0,0.6081,0.0,0.0,True
2019-10-01,ADP,skip,0.0,0,0.9969,0.0,0.0,True
2019-10-01,AMAT,buy_call,4.1737,4,8.7375,4.5638,0.182552,True
2019-10-01,AMGN,skip,0.0,0,10.201,0.0,0.0,True
2019-10-01,AMT,skip,0.0,0,-0.9555,0.0,0.0,True
2019-10-01,AMZN,skip,0.0,0,2.3475,0.0,0.0,True
2019-10-01,AVGO,skip,0.0,0,7.0543,0.0,0.0,True
2019-10-01,AXP,skip,0.0,0,-0.8454,0.0,0.0,True
2019-10-01,BA,buy_call,3.0,4,-10.6605,-3.0,-0.12,True
2019-10-01,BAC,buy_call,3.1976,4,7.9057,4.7081,0.188324,True
2019-10-01,BDX,skip,0.0,0,1.5041,0.0,0.0,True
2019-10-01,BKNG,skip,0.0,0,4.3901,0.0,0.0,True
2019-10-01,BLK,buy_call,2.7389,4,4.4326,1.6937,0.067748,True
2019-10-01,BMY,buy_call,2.8264,4,13.1335,10.307,0.41228,True
2019-10-01,BRK-B,buy_call,1.809,4,2.1921,0.3831,0.015324,True
2019-10-01,C,buy_call,3.0,4,4.0243,1.0243,0.040972,True
2019-10-01,CAT,buy_call,3.2317,4,9.0967,5.8649,0.234596,True
2019-10-01,CHTR,buy_call,3.1005,4,13.5252,10.4246,0.416984,True
2019-10-01,CL,skip,0.0,0,-6.6794,0.0,0.0,True
2019-10-01,CME,skip,0.0,0,-2.3166,0.0,0.0,True
2019-10-01,COST,skip,0.0,0,3.1238,0.0,0.0,True
2019-10-01,CRM,skip,0.0,0,5.4231,0.0,0.0,True
2019-10-01,CSCO,buy_call,3.0196,4,-3.8454,-3.0196,-0.120784,True
2019-10-01,CSX,buy_call,3.0,4,1.4436,-1.5564,-0.062256,True
2019-10-01,CVS,buy_call,2.9729,4,5.264,2.2911,0.091644,True
2019-10-01,CVX,buy_call,3.0632,4,-2.0742,-3.0632,-0.122528,True
2019-10-01,DHR,buy_call,2.4594,4,-4.4638,-2.4594,-0.098376,True
2019-10-01,DIS,skip,0.0,0,-0.307,0.0,0.0,True
2019-10-01,DUK,buy_call,1.9747,4,-1.6691,-1.9747,-0.078988,True
2019-10-01,EL,buy_call,3.0,4,-6.3735,-3.0,-0.12,True
2019-10-01,ELV,skip,0.0,0,12.4307,0.0,0.0,True
2019-10-01,EOG,buy_call,3.2317,4,-6.6154,-3.2317,-0.129268,True
2019-10-01,FDX,skip,0.0,0,5.2868,0.0,0.0,True
2019-10-01,GE,buy_call,3.2317,4,11.7538,8.5221,0.340884,True
2019-10-01,GILD,skip,0.0,0,1.4595,0.0,0.0,True
2019-10-01,GM,buy_call,3.2317,4,0.1413,-3.0904,-0.123616,True
2019-10-01,GOOGL,buy_call,3.4858,4,3.084,-0.4018,-0.016072,True
2019-10-01,GS,buy_call,2.7389,4,2.9677,0.2288,0.009152,True
2019-10-01,HD,buy_call,2.7959,4,1.7208,-1.0751,-0.043004,True
2019-10-01,HON,buy_call,3.0196,4,2.0863,-0.9333,-0.037332,True
2019-10-01,IBM,buy_call,3.0196,4,-8.0388,-3.0196,-0.120784,True
2019-10-01,ICE,skip,0.0,0,2.534,0.0,0.0,True
2019-10-01,INTC,buy_call,4.1737,4,9.7031,5.5294,0.221176,True
2019-10-01,INTU,skip,0.0,0,-3.1737,0.0,0.0,True
2019-10-01,ISRG,buy_call,2.4594,4,2.4114,-0.048,-0.00192,True
2019-10-01,ITW,buy_call,3.0196,4,8.473,5.4535,0.21814,True
2019-10-01,JNJ,buy_call,2.057,4,2.0559,-0.0011,-4.4e-05,True
2019-10-01,JPM,buy_call,2.7389,4,6.1433,3.4044,0.136176,True
2019-10-01,KO,skip,0.0,0,0.7126,0.0,0.0,True
2019-10-01,LLY,skip,0.0,0,1.8957,0.0,0.0,True
2019-10-01,LMT,buy_call,3.2317,4,-3.4302,-3.2317,-0.129268,True
2019-10-01,LOW,skip,0.0,0,1.5005,0.0,0.0,True
2019-10-01,MA,skip,0.0,0,1.9295,0.0,0.0,True
2019-10-01,MCD,skip,0.0,0,-8.3881,0.0,0.0,True
2019-10-01,MDLZ,buy_call,2.2339,4,-4.7003,-2.2339,-0.089356,True
2019-10-01,MDT,buy_call,2.4594,4,0.7634,-1.696,-0.06784,True
2019-10-01,META,skip,0.0,0,7.6202,0.0,0.0,True
2019-10-01,MMM,buy_call,3.0196,4,0.3589,-2.6607,-0.106428,True
2019-10-01,MO,skip,0.0,0,11.6199,0.0,0.0,True
2019-10-01,MRK,skip,0.0,0,3.6302,0.0,0.0,True
2019-10-01,MS,buy_call,2.7389,4,7.9212,5.1824,0.207296,True
2019-10-01,MSFT,buy_call,2.8745,4,3.1217,0.2472,0.009888,True
2019-10-01,MU,skip,0.0,0,10.9685,0.0,0.0,True
2019-10-01,NEE,buy_call,1.9747,4,2.2962,0.3215,0.01286,True
2019-10-01,NFLX,skip,0.0,0,7.3948,0.0,0.0,True
2019-10-01,NKE,buy_call,3.5085,4,-4.6529,-3.5085,-0.14034,True
2019-10-01,NVDA,buy_call,5.3919,4,15.4823,10.0904,0.403616,True
2019-10-01,ORCL,buy_call,3.5955,4,-0.9813,-3.5955,-0.14382,True
2019-10-01,PEP,buy_call,2.2339,4,0.7425,-1.4915,-0.05966,True
2019-10-01,PFE,buy_call,2.8264,4,6.791,3.9646,0.158584,True
2019-10-01,PG,buy_call,2.0993,4,0.1045,-1.9948,-0.079792,True
2019-10-01,PM,buy_call,2.2339,4,9.0284,6.7945,0.27178,True
2019-10-01,PYPL,skip,0.0,0,0.4923,0.0,0.0,True
2019-10-01,QCOM,skip,0.0,0,6.2909,0.0,0.0,True
2019-10-01,SBUX,skip,0.0,0,-4.3655,0.0,0.0,True
2019-10-01,SCHW,buy_call,2.7389,4,-2.6775,-2.7389,-0.109556,True
2019-10-01,SO,buy_call,1.9747,4,1.4408,-0.5339,-0.021356,True
2019-10-01,SPGI,skip,0.0,0,5.3106,0.0,0.0,True
2019-10-01,SYK,skip,0.0,0,0.227,0.0,0.0,True
2019-10-01,T,buy_call,3.1005,4,1.7178,-1.3828,-0.055312,True
2019-10-01,TJX,buy_call,2.4474,4,3.4266,0.9792,0.039168,True
2019-10-01,TMO,buy_call,2.8279,4,3.7433,0.9154,0.036616,True
2019-10-01,TMUS,buy_call,3.1005,4,4.9384,1.8379,0.073516,True
2019-10-01,TXN,buy_call,4.1737,4,-8.7047,-4.1737,-0.166948,True
2019-10-01,UNH,skip,0.0,0,16.8285,0.0,0.0,True
2019-10-01,UNP,buy_call,3.2317,4,2.1484,-1.0833,-0.043332,True
2019-10-01,USB,buy_call,2.7389,4,3.8205,1.0816,0.043264,True
2019-10-01,V,skip,0.0,0,3.9824,0.0,0.0,True
2019-10-01,VRTX,skip,0.0,0,15.3819,0.0,0.0,True
2019-10-01,VZ,buy_call,3.1005,4,0.1822,-2.9183,-0.116732,True
2019-10-01,WFC,buy_call,3.4824,4,2.3592,-1.1232,-0.044928,True
2019-10-01,WMT,buy_call,2.4474,4,-1.1965,-2.4474,-0.097896,True
2019-10-01,XOM,buy_call,3.2317,4,-4.3053,-3.2317,-0.129268,True
2019-10-01,ZTS,skip,0.0,0,2.6728,0.0,0.0,True
2019-11-01,AAPL,buy_call,3.1456,2,7.4329,4.2873,0.085746,True
2019-11-01,ABBV,buy_call,2.8264,2,11.8909,9.0645,0.18129,True
2019-11-01,ABT,skip,0.0,0,2.6104,0.0,0.0,True
2019-11-01,ADBE,buy_call,2.8745,2,11.3698,8.4953,0.169906,True
2019-11-01,ADP,buy_call,3.0196,2,5.2703,2.2507,0.045014,True
2019-11-01,AMAT,buy_call,4.1737,2,6.7085,2.5348,0.050696,True
2019-11-01,AMGN,buy_call,2.8264,2,10.068,7.2416,0.144832,True
2019-11-01,AMT,skip,0.0,0,-1.8571,0.0,0.0,True
2019-11-01,AMZN,buy_call,3.8265,2,1.3587,-2.4677,-0.049354,True
2019-11-01,AVGO,buy_call,4.1737,2,7.9768,3.8031,0.076062,True
2019-11-01,AXP,skip,0.0,0,2.8133,0.0,0.0,True
2019-11-01,BA,skip,0.0,0,7.7285,0.0,0.0,True
2019-11-01,BAC,buy_call,3.1976,2,6.5558,3.3582,0.067164,True
2019-11-01,BDX,buy_call,2.4594,2,0.9765,-1.4829,-0.029658,True
2019-11-01,BKNG,buy_call,3.0,2,-7.0647,-3.0,-0.06,True
2019-11-01,BLK,buy_call,2.7389,2,7.193,4.4541,0.089082,True
2019-11-01,BMY,buy_call,2.8264,2,0.0844,-2.742,-0.05484,True
2019-11-01,BRK-B,buy_call,1.809,2,3.6316,1.8226,0.036452,True
2019-11-01,C,buy_call,3.0,2,4.5366,1.5366,0.030732,True
2019-11-01,CAT,buy_call,3.2317,2,5.8546,2.6229,0.052458,True
2019-11-01,CHTR,buy_call,3.1005,2,0.4595,-2.641,-0.05282,True
2019-11-01,CL,skip,0.0,0,-0.5107,0.0,0.0,True
2019-11-01,CME,skip,0.0,0,-1.4678,0.0,0.0,True
2019-11-01,COST,buy_call,2.5784,2,1.128,-1.4505,-0.02901,True
2019-11-01,CRM,buy_call,3.8947,2,4.0897,0.195,0.0039,True
2019-11-01,CSCO,skip,0.0,0,-3.9083,0.0,0.0,True
2019-11-01,CSX,buy_call,3.0,2,1.8073,-1.1927,-0.023854,True
2019-11-01,CVS,buy_call,2.9729,2,14.2336,11.2607,0.225214,True
2019-11-01,CVX,skip,0.0,0,0.8524,0.0,0.0,True
2019-11-01,DHR,skip,0.0,0,5.9208,0.0,0.0,True
2019-11-01,DIS,skip,0.0,0,16.6718,0.0,0.0,True
2019-11-01,DUK,skip,0.0,0,-6.4609,0.0,0.0,True
2019-11-01,EL,skip,0.0,0,4.939,0.0,0.0,True
2019-11-01,ELV,buy_call,2.9729,2,7.2766,4.3038,0.086076,True
2019-11-01,EOG,skip,0.0,0,2.7212,0.0,0.0,True
2019-11-01,FDX,buy_call,3.0196,2,4.8408,1.8213,0.036426,True
2019-11-01,GE,buy_call,3.2317,2,12.9258,9.6941,0.193882,True
2019-11-01,GILD,buy_call,2.8264,2,5.5407,2.7143,0.054286,True
2019-11-01,GM,buy_call,3.2317,2,-3.1216,-3.2317,-0.064634,True
2019-11-01,GOOGL,buy_call,3.4858,2,3.5979,0.112,0.00224,True
2019-11-01,GS,buy_call,2.7389,2,3.7351,0.9963,0.019926,True
2019-11-01,HD,buy_call,2.7959,2,-5.998,-2.7959,-0.055918,True
2019-11-01,HON,buy_call,3.0196,2,3.3694,0.3498,0.006996,True
2019-11-01,IBM,skip,0.0,0,0.5384,0.0,0.0,True
2019-11-01,ICE,buy_call,3.0,2,-0.159,-3.0,-0.06,True
2019-11-01,INTC,buy_call,4.1737,2,2.6888,-1.4849,-0.029698,True
2019-11-01,INTU,skip,0.0,0,0.7444,0.0,0.0,True
2019-11-01,ISRG,buy_call,2.4594,2,7.2249,4.7655,0.09531,True
2019-11-01,ITW,buy_call,3.0196,2,3.4108,0.3912,0.007824,True
2019-11-01,JNJ,buy_call,2.057,2,4.1276,2.0706,0.041412,True
2019-11-01,JPM,buy_call,2.7389,2,6.3204,3.5815,0.07163,True
2019-11-01,KO,buy_call,1.9747,2,-1.8923,-1.9747,-0.039494,True
2019-11-01,LLY,buy_call,3.5202,2,2.9838,-0.5364,-0.010728,True
2019-11-01,LMT,skip,0.0,0,3.8096,0.0,0.0,True
2019-11-01,LOW,buy_call,2.7959,2,5.626,2.8301,0.056602,True
2019-11-01,MA,buy_call,2.7116,2,5.6988,2.9871,0.059742,True
2019-11-01,MCD,skip,0.0,0,-1.1286,0.0,0.0,True
2019-11-01,MDLZ,skip,0.0,0,0.1716,0.0,0.0,True
2019-11-01,MDT,buy_call,2.4594,2,2.2865,-0.1729,-0.003458,True
2019-11-01,META,buy_call,4.3383,2,5.2126,0.8744,0.017488,True
2019-11-01,MMM,buy_call,3.0196,2,2.8972,-0.1224,-0.002448,True
2019-11-01,MO,buy_call,2.2339,2,10.9623,8.7283,0.174566,True
2019-11-01,MRK,buy_call,2.7192,2,0.6001,-2.1191,-0.042382,True
2019-11-01,MS,buy_call,2.7389,2,8.2575,5.5186,0.110372,True
2019-11-01,MSFT,buy_call,2.8745,2,5.5869,2.7125,0.05425,True
2019-11-01,MU,buy_call,5.3919,2,-0.0841,-5.3919,-0.107838,True
2019-11-01,NEE,buy_call,1.9747,2,-1.8965,-1.9747,-0.039494,True
2019-11-01,NFLX,buy_call,4.4729,2,9.4812,5.0083,0.100166,True
2019-11-01,NKE,skip,0.0,0,4.3998,0.0,0.0,True
2019-11-01,NVDA,buy_call,5.3919,2,7.8201,2.4283,0.048566,True
2019-11-01,ORCL,skip,0.0,0,3.4876,0.0,0.0,True
2019-11-01,PEP,buy_call,2.2339,2,-0.9769,-2.2339,-0.044678,True
2019-11-01,PFE,buy_call,2.8264,2,0.3909,-2.4355,-0.04871,True
2019-11-01,PG,buy_call,2.0993,2,-1.3415,-2.0993,-0.041986,True
2019-11-01,PM,buy_call,2.2339,2,1.8296,-0.4044,-0.008088,True
2019-11-01,PYPL,buy_call,2.7116,2,3.756,1.0444,0.020888,True
2019-11-01,QCOM,buy_call,4.254,2,3.8662,-0.3878,-0.007756,True
2019-11-01,SBUX,skip,0.0,0,1.0289,0.0,0.0,True
2019-11-01,SCHW,skip,0.0,0,21.5917,0.0,0.0,True
2019-11-01,SO,buy_call,1.9747,2,-1.0693,-1.9747,-0.039494,True
2019-11-01,SPGI,buy_call,2.7389,2,2.5815,-0.1574,-0.003148,True
2019-11-01,SYK,buy_call,2.4594,2,-5.2758,-2.4594,-0.049188,True
2019-11-01,T,buy_call,3.1005,2,-1.1021,-3.1005,-0.06201,True
2019-11-01,TJX,buy_call,2.4474,2,6.0364,3.589,0.07178,True
2019-11-01,TMO,buy_call,2.8279,2,3.9638,1.1359,0.022718,True
2019-11-01,TMUS,buy_call,3.1005,2,-4.9722,-3.1005,-0.06201,True
2019-11-01,TXN,skip,0.0,0,2.6496,0.0,0.0,True
2019-11-01,UNH,buy_call,2.9729,2,10.7519,7.779,0.15558,True
2019-11-01,UNP,buy_call,3.2317,2,6.3641,3.1323,0.062646,True
2019-11-01,USB,buy_call,2.7389,2,5.2788,2.54,0.0508,True
2019-11-01,V,buy_call,2.5501,2,3.1589,0.6088,0.012176,True
2019-11-01,VRTX,buy_call,2.8264,2,13.4387,10.6123,0.212246,True
2019-11-01,VZ,buy_call,3.1005,2,0.6562,-2.4443,-0.048886,True
2019-11-01,WFC,buy_call,3.4824,2,5.4813,1.9989,0.039978,True
2019-11-01,WMT,skip,0.0,0,1.5606,0.0,0.0,True
2019-11-01,XOM,skip,0.0,0,0.8287,0.0,0.0,True
2019-11-01,ZTS,buy_call,2.8264,2,-5.6641,-2.8264,-0.056528,True
2019-12-01,AAPL,buy_call,3.1456,1,10.2083,7.0627,0.070627,False
2019-12-01,ABBV,buy_call,2.8264,1,0.9233,-1.9031,-0.019031,False
2019-12-01,ABT,buy_call,2.4594,1,1.6501,-0.8093,-0.008093,False
2019-12-01,ADBE,buy_call,2.8745,1,6.5519,3.6774,0.036774,False
2019-12-01,ADP,buy_call,3.0196,1,-0.1639,-3.0196,-0.030196,False
2019-12-01,AMAT,buy_call,4.1737,1,5.7877,1.614,0.01614,False
2019-12-01,AMGN,buy_call,2.8264,1,3.3878,0.5614,0.005614,False
2019-12-01,AMT,skip,0.0,0,7.3775,0.0,0.0,False
2019-12-01,AMZN,buy_call,3.8265,1,2.6122,-1.2143,-0.012143,False
2019-12-01,AVGO,buy_call,4.1737,1,-0.0601,-4.1737,-0.041737,False
2019-12-01,AXP,buy_call,2.7116,1,3.638,0.9264,0.009264,False
2019-12-01,BA,buy_call,3.0,1,-10.5191,-3.0,-0.03,False
2019-12-01,BAC,buy_call,3.1976,1,5.7023,2.5047,0.025047,False
2019-12-01,BDX,buy_call,2.4594,1,5.2109,2.7515,0.027515,False
2019-12-01,BKNG,skip,0.0,0,7.8623,0.0,0.0,False
2019-12-01,BLK,buy_call,2.7389,1,1.574,-1.1648,-0.011648,False
2019-12-01,BMY,buy_call,2.8264,1,12.7327,9.9063,0.099063,False
2019-12-01,BRK-B,buy_call,1.809,1,2.8143,1.0054,0.010054,False
2019-12-01,C,buy_call,3.0,1,7.11,4.11,0.0411,False
2019-12-01,CAT,buy_call,3.2317,1,2.0383,-1.1935,-0.011935,False
2019-12-01,CHTR,buy_call,3.1005,1,3.2063,0.1058,0.001058,False
2019-12-01,CL,skip,0.0,0,1.5039,0.0,0.0,False
2019-12-01,CME,skip,0.0,0,-0.9915,0.0,0.0,False
2019-12-01,COST,buy_call,2.5784,1,-1.9646,-2.5784,-0.025784,False
2019-12-01,CRM,buy_call,3.8947,1,-0.1535,-3.8947,-0.038947,False
2019-12-01,CSCO,skip,0.0,0,5.8486,0.0,0.0,False
2019-12-01,CSX,buy_call,3.0,1,1.4847,-1.5153,-0.015153,False
2019-12-01,CVS,buy_call,2.9729,1,-1.3019,-2.9729,-0.029729,False
2019-12-01,CVX,buy_call,3.0632,1,3.8994,0.8362,0.008362,False
2019-12-01,DHR,buy_call,2.4594,1,5.1377,2.6783,0.026783,False
2019-12-01,DIS,buy_call,3.3259,1,-4.585,-3.3259,-0.033259,False
2019-12-01,DUK,skip,0.0,0,4.564,0.0,0.0,False
2019-12-01,EL,buy_call,3.0,1,5.9234,2.9234,0.029234,False
2019-12-01,ELV,buy_call,2.9729,1,4.6318,1.6589,0.016589,False
2019-12-01,EOG,buy_call,3.2317,1,18.1382,14.9065,0.149065,False
2019-12-01,FDX,buy_call,3.0196,1,-5.5233,-3.0196,-0.030196,False
2019-12-01,GE,buy_call,3.2317,1,-0.976,-3.2317,-0.032317,False
2019-12-01,GILD,buy_call,2.8264,1,-3.3611,-2.8264,-0.028264,False
2019-12-01,GM,skip,0.0,0,1.6667,0.0,0.0,False
2019-12-01,GOOGL,buy_call,3.4858,1,2.7069,-0.779,-0.00779,False
2019-12-01,GS,buy_call,2.7389,1,4.4619,1.723,0.01723,False
2019-12-01,HD,skip,0.0,0,-0.9659,0.0,0.0,False
2019-12-01,HON,buy_call,3.0196,1,-0.3753,-3.0196,-0.030196,False
2019-12-01,IBM,buy_call,3.0196,1,0.8725,-2.1471,-0.021471,False
2019-12-01,ICE,skip,0.0,0,-1.7203,0.0,0.0,False
2019-12-01,INTC,buy_call,4.1737,1,3.6682,-0.5055,-0.005055,False
2019-12-01,INTU,buy_call,3.5689,1,1.1742,-2.3947,-0.023947,False
2019-12-01,ISRG,buy_call,2.4594,1,-0.2952,-2.4594,-0.024594,False
2019-12-01,ITW,buy_call,3.0196,1,3.0402,0.0206,0.000206,False
2019-12-01,JNJ,buy_call,2.057,1,6.83,4.773,0.04773,False
2019-12-01,JPM,buy_call,2.7389,1,5.7984,3.0596,0.030596,False
2019-12-01,KO,skip,0.0,0,4.4259,0.0,0.0,False
2019-12-01,LLY,buy_call,3.5202,1,12.6425,9.1223,0.091223,False
2019-12-01,LMT,buy_call,3.2317,1,0.188,-3.0438,-0.030438,False
2019-12-01,LOW,buy_call,2.7959,1,2.0885,-0.7075,-0.007075,False
2019-12-01,MA,buy_call,2.7116,1,2.1763,-0.5353,-0.005353,False
2019-12-01,MCD,skip,0.0,0,2.2606,0.0,0.0,False
2019-12-01,MDLZ,buy_call,2.2339,1,4.8344,2.6005,0.026005,False
2019-12-01,MDT,buy_call,2.4594,1,1.8494,-0.61,-0.0061,False
2019-12-01,META,buy_call,4.3383,1,1.7903,-2.548,-0.02548,False
2019-12-01,MMM,buy_call,3.0196,1,4.8167,1.7971,0.017971,False
2019-12-01,MO,buy_call,2.2339,1,0.4225,-1.8114,-0.018114,False
2019-12-01,MRK,buy_call,2.7192,1,4.3244,1.6052,0.016052,False
2019-12-01,MS,buy_call,2.7389,1,3.3145,0.5756,0.005756,False
2019-12-01,MSFT,buy_call,2.8745,1,4.5294,1.6549,0.016549,False
2019-12-01,MU,skip,0.0,0,13.1972,0.0,0.0,False
2019-12-01,NEE,skip,0.0,0,4.1209,0.0,0.0,False
2019-12-01,NFLX,buy_call,4.4729,1,2.8316,-1.6413,-0.016413,False
2019-12-01,NKE,buy_call,3.5085,1,8.6473,5.1388,0.051388,False
2019-12-01,NVDA,buy_call,5.3919,1,8.6433,3.2515,0.032515,False
2019-12-01,ORCL,buy_call,3.5955,1,-5.6288,-3.5955,-0.035955,False
2019-12-01,PEP,skip,0.0,0,0.6184,0.0,0.0,False
2019-12-01,PFE,buy_call,2.8264,1,2.6964,-0.13,-0.0013,False
2019-12-01,PG,skip,0.0,0,2.3267,0.0,0.0,False
2019-12-01,PM,buy_call,2.2339,1,2.6046,0.3707,0.003707,False
2019-12-01,PYPL,buy_call,2.7116,1,0.1481,-2.5635,-0.025635,False
2019-12-01,QCOM,buy_call,4.254,1,5.6015,1.3475,0.013475,False
2019-12-01,SBUX,buy_call,1.9747,1,3.4291,1.4544,0.014544,False
2019-12-01,SCHW,buy_call,2.7389,1,-3.5385,-2.7389,-0.027389,False
2019-12-01,SO,skip,0.0,0,3.7899,0.0,0.0,False
2019-12-01,SPGI,buy_call,2.7389,1,3.3962,0.6574,0.006574,False
2019-12-01,SYK,skip,0.0,0,2.4798,0.0,0.0,False
2019-12-01,T,skip,0.0,0,4.5479,0.0,0.0,False
2019-12-01,TJX,buy_call,2.4474,1,0.2804,-2.167,-0.02167,False
2019-12-01,TMO,buy_call,2.8279,1,3.4782,0.6504,0.006504,False
2019-12-01,TMUS,skip,0.0,0,-0.1655,0.0,0.0,False
2019-12-01,TXN,buy_call,4.1737,1,6.7216,2.5479,0.025479,False
2019-12-01,UNH,buy_call,2.9729,1,5.0416,2.0687,0.020687,False
2019-12-01,UNP,buy_call,3.2317,1,3.29,0.0582,0.000582,False
2019-12-01,USB,buy_call,2.7389,1,-1.2327,-2.7389,-0.027389,False
2019-12-01,V,buy_call,2.5501,1,2.0079,-0.5422,-0.005422,False
2019-12-01,VRTX,buy_call,2.8264,1,-1.2627,-2.8264,-0.028264,False
2019-12-01,VZ,buy_call,3.1005,1,1.9256,-1.1749,-0.011749,False
2019-12-01,WFC,buy_call,3.4824,1,-0.2665,-3.4824,-0.034824,False
2019-12-01,WMT,buy_call,2.4474,1,-0.2099,-2.4474,-0.024474,False
2019-12-01,XOM,buy_call,3.2317,1,3.6571,0.4253,0.004253,False
2019-12-01,ZTS,skip,0.0,0,9.8158,0.0,0.0,False
2020-01-01,AAPL,buy_call,3.1456,1,5.401,2.2555,0.022555,False
2020-01-01,ABBV,buy_call,2.8264,1,-8.4933,-2.8264,-0.028264,False
2020-01-01,ABT,buy_call,2.4594,1,0.3224,-2.137,-0.02137,False
2020-01-01,ADBE,buy_call,2.8745,1,6.4674,3.5929,0.035929,False
2020-01-01,ADP,skip,0.0,0,1.0719,0.0,0.0,False
2020-01-01,AMAT,buy_call,4.1737,1,-4.9967,-4.1737,-0.041737,False
2020-01-01,AMGN,buy_call,2.8264,1,-10.3787,-2.8264,-0.028264,False
2020-01-01,AMT,buy_call,3.0196,1,1.2859,-1.7336,-0.017336,False
2020-01-01,AMZN,buy_call,3.8265,1,8.7064,4.8799,0.048799,False
2020-01-01,AVGO,skip,0.0,0,-2.4584,0.0,0.0,False
2020-01-01,AXP,buy_call,2.7116,1,4.3217,1.61,0.0161,False
2020-01-01,BA,skip,0.0,0,-2.2993,0.0,0.0,False
2020-01-01,BAC,buy_call,3.1976,1,-6.277,-3.1976,-0.031976,False
2020-01-01,BDX,buy_call,2.4594,1,1.4878,-0.9716,-0.009716,False
2020-01-01,BKNG,buy_call,3.0,1,-10.867,-3.0,-0.03,False
2020-01-01,BLK,buy_call,2.7389,1,5.6196,2.8808,0.028808,False
2020-01-01,BMY,buy_call,2.8264,1,-1.9318,-2.8264,-0.028264,False
2020-01-01,BRK-B,buy_call,1.809,1,-0.9139,-1.809,-0.01809,False
2020-01-01,C,buy_call,3.0,1,-6.8594,-3.0,-0.03,False
2020-01-01,CAT,buy_call,3.2317,1,-11.0577,-3.2317,-0.032317,False
2020-01-01,CHTR,buy_call,3.1005,1,6.6752,3.5747,0.035747,False
2020-01-01,CMCSA,buy_call,3.1005,1,-3.9582,-3.1005,-0.031005,False
2020-01-01,COST,skip,0.0,0,3.9466,0.0,0.0,False
2020-01-01,CRM,skip,0.0,0,12.0942,0.0,0.0,False
2020-01-01,CSCO,buy_call,3.0196,1,-4.1493,-3.0196,-0.030196,False
2020-01-01,CSX,buy_call,3.0,1,5.5003,2.5003,0.025003,False
2020-01-01,CVS,skip,0.0,0,-8.7091,0.0,0.0,False
2020-01-01,CVX,buy_call,3.0632,1,-11.0945,-3.0632,-0.030632,False
2020-01-01,DHR,buy_call,2.4594,1,4.9313,2.4719,0.024719,False
2020-01-01,DIS,skip,0.0,0,-3.7968,0.0,0.0,False
2020-01-01,DUK,buy_call,1.9747,1,7.0387,5.064,0.05064,False
2020-01-01,EL,buy_call,3.0,1,-5.5098,-3.0,-0.03,False
2020-01-01,ELV,buy_call,2.9729,1,-11.9215,-2.9729,-0.029729,False
2020-01-01,EOG,buy_call,3.2317,1,-12.9537,-3.2317,-0.032317,False
2020-01-01,GILD,skip,0.0,0,-1.8268,0.0,0.0,False
2020-01-01,GM,buy_call,3.2317,1,-7.7918,-3.2317,-0.032317,False
2020-01-01,GOOGL,buy_call,3.4858,1,6.9726,3.4868,0.034868,False
2020-01-01,GS,buy_call,2.7389,1,3.401,0.6622,0.006622,False
2020-01-01,HD,skip,0.0,0,5.119,0.0,0.0,False
2020-01-01,HON,skip,0.0,0,-2.1356,0.0,0.0,False
2020-01-01,IBM,buy_call,3.0196,1,7.2292,4.2096,0.042096,False
2020-01-01,ICE,skip,0.0,0,8.0964,0.0,0.0,False
2020-01-01,INTC,buy_call,4.1737,1,6.8171,2.6434,0.026434,False
2020-01-01,INTU,buy_call,3.5689,1,7.0439,3.475,0.03475,False
2020-01-01,ISRG,skip,0.0,0,-5.3066,0.0,0.0,False
2020-01-01,ITW,buy_call,3.0196,1,-2.0098,-3.0196,-0.030196,False
2020-01-01,JNJ,buy_call,2.057,1,2.0566,-0.0003,-3e-06,False
2020-01-01,JPM,buy_call,2.7389,1,-5.0502,-2.7389,-0.027389,False
2020-01-01,KO,buy_call,1.9747,1,5.5104,3.5356,0.035356,False
2020-01-01,LLY,buy_call,3.5202,1,6.2467,2.7265,0.027265,False
2020-01-01,LMT,buy_call,3.2317,1,9.9491,6.7174,0.067174,False
2020-01-01,LOW,buy_call,2.7959,1,-2.9392,-2.7959,-0.027959,False
2020-01-01,MA,buy_call,2.7116,1,5.8107,3.099,0.03099,False
2020-01-01,MCD,buy_call,1.9747,1,8.2789,6.3042,0.063042,False
2020-01-01,MDLZ,buy_call,2.2339,1,4.7156,2.4817,0.024817,False
2020-01-01,MDT,buy_call,2.4594,1,2.2393,-0.2201,-0.002201,False
2020-01-01,META,buy_call,4.3383,1,-1.6273,-4.3383,-0.043383,False
2020-01-01,MMM,buy_call,3.0196,1,-10.0669,-3.0196,-0.030196,False
2020-01-01,MRK,buy_call,2.7192,1,-5.4141,-2.7192,-0.027192,False
2020-01-01,MS,buy_call,2.7389,1,2.23,-0.5089,-0.005089,False
2020-01-01,MSFT,buy_call,2.8745,1,7.9454,5.071,0.05071,False
2020-01-01,MU,buy_call,5.3919,1,-1.283,-5.3919,-0.053919,False
2020-01-01,NEE,buy_call,1.9747,1,10.7532,8.7785,0.087785,False
2020-01-01,NFLX,buy_call,4.4729,1,6.6508,2.1779,0.021779,False
2020-01-01,NKE,buy_call,3.5085,1,-4.9452,-3.5085,-0.035085,False
2020-01-01,NOW,skip,0.0,0,19.8038,0.0,0.0,False
2020-01-01,NVDA,buy_call,5.3919,1,0.4803,-4.9116,-0.049116,False
2020-01-01,ORCL,skip,0.0,0,-1.0004,0.0,0.0,False
2020-01-01,PEP,buy_call,2.2339,1,4.6424,2.4084,0.024084,False
2020-01-01,PFE,buy_call,2.8264,1,-4.9515,-2.8264,-0.028264,False
2020-01-01,PG,buy_call,2.0993,1,-0.2242,-2.0993,-0.020993,False
2020-01-01,PLD,skip,0.0,0,4.832,0.0,0.0,False
2020-01-01,PM,buy_call,2.2339,1,-1.4675,-2.2339,-0.022339,False
2020-01-01,PYPL,buy_call,2.7116,1,5.288,2.5763,0.025763,False
2020-01-01,REGN,buy_call,2.8264,1,-9.9979,-2.8264,-0.028264,False
2020-01-01,SBUX,buy_call,1.9747,1,-3.5146,-1.9747,-0.019747,False
2020-01-01,SCHW,skip,0.0,0,-4.2262,0.0,0.0,False
2020-01-01,SO,buy_call,1.9747,1,10.518,8.5433,0.085433,False
2020-01-01,SPGI,buy_call,2.7389,1,7.5738,4.8349,0.048349,False
2020-01-01,SYK,buy_call,2.4594,1,0.6368,-1.8226,-0.018226,False
2020-01-01,T,buy_call,3.1005,1,-3.7359,-3.1005,-0.031005,False
2020-01-01,TGT,buy_call,2.4474,1,-13.6261,-2.4474,-0.024474,False
2020-01-01,TJX,buy_call,2.4474,1,-3.3082,-2.4474,-0.024474,False
2020-01-01,TMO,buy_call,2.8279,1,-3.5381,-2.8279,-0.028279,False
2020-01-01,TMUS,skip,0.0,0,0.9819,0.0,0.0,False
2020-01-01,TXN,buy_call,4.1737,1,-5.9552,-4.1737,-0.041737,False
2020-01-01,UNH,buy_call,2.9729,1,-6.9673,-2.9729,-0.029729,False
2020-01-01,UNP,buy_call,3.2317,1,-0.7578,-3.2317,-0.032317,False
2020-01-01,V,buy_call,2.5501,1,5.8914,3.3413,0.033413,False
2020-01-01,VRTX,skip,0.0,0,3.6995,0.0,0.0,False
2020-01-01,VZ,buy_call,3.1005,1,-3.1922,-3.1005,-0.031005,False
2020-01-01,WFC,skip,0.0,0,-12.7509,0.0,0.0,False
2020-01-01,WM,buy_call,3.0,1,7.2795,4.2795,0.042795,False
2020-01-01,WMT,skip,0.0,0,-3.2282,0.0,0.0,False
2020-01-01,XOM,buy_call,3.2317,1,-10.9774,-3.2317,-0.032317,False
2020-01-01,ZTS,buy_call,2.8264,1,1.4054,-1.421,-0.01421,False
2020-02-01,AAPL,buy_call,3.1456,2,-11.6798,-3.1456,-0.062912,True
2020-02-01,ABBV,skip,0.0,0,7.2179,0.0,0.0,True
2020-02-01,ABT,buy_call,2.4594,2,-11.2266,-2.4594,-0.049188,True
2020-02-01,ADBE,buy_call,2.8745,2,-1.7144,-2.8745,-0.05749,True
2020-02-01,ADP,buy_call,3.0196,2,-9.7147,-3.0196,-0.060392,True
2020-02-01,AMAT,skip,0.0,0,0.2242,0.0,0.0,True
2020-02-01,AMGN,skip,0.0,0,-7.5538,0.0,0.0,True
2020-02-01,AMT,buy_call,3.0196,2,-2.1317,-3.0196,-0.060392,True
2020-02-01,AMZN,buy_call,3.8265,2,-6.2214,-3.8265,-0.07653,True
2020-02-01,AVGO,skip,0.0,0,-10.6633,0.0,0.0,True
2020-02-01,AXP,buy_call,2.7116,2,-15.0604,-2.7116,-0.054232,True
2020-02-01,BA,skip,0.0,0,-13.5608,0.0,0.0,True
2020-02-01,BAC,skip,0.0,0,-13.1892,0.0,0.0,True
2020-02-01,BDX,buy_call,2.4594,2,-13.5766,-2.4594,-0.049188,True
2020-02-01,BKNG,skip,0.0,0,-7.3688,0.0,0.0,True
2020-02-01,BLK,buy_call,2.7389,2,-12.2006,-2.7389,-0.054778,True
2020-02-01,BMY,skip,0.0,0,-5.5171,0.0,0.0,True
2020-02-01,BRK-B,skip,0.0,0,-8.0604,0.0,0.0,True
2020-02-01,C,skip,0.0,0,-14.1503,0.0,0.0,True
2020-02-01,CAT,skip,0.0,0,-4.7496,0.0,0.0,True
2020-02-01,CHTR,buy_call,3.1005,2,-4.6941,-3.1005,-0.06201,True
2020-02-01,CMCSA,skip,0.0,0,-5.9482,0.0,0.0,True
2020-02-01,COST,buy_call,2.5784,2,-7.9798,-2.5784,-0.051568,True
2020-02-01,CRM,buy_call,3.8947,2,-6.5328,-3.8947,-0.077894,True
2020-02-01,CSCO,skip,0.0,0,-12.5004,0.0,0.0,True
2020-02-01,CSX,buy_call,3.0,2,-7.7155,-3.0,-0.06,True
2020-02-01,CVS,skip,0.0,0,-12.1507,0.0,0.0,True
2020-02-01,CVX,skip,0.0,0,-12.8803,0.0,0.0,True
2020-02-01,DHR,buy_call,2.4594,2,-10.1262,-2.4594,-0.049188,True
2020-02-01,DIS,skip,0.0,0,-14.9375,0.0,0.0,True
2020-02-01,DUK,buy_call,1.9747,2,-6.074,-1.9747,-0.039494,True
2020-02-01,EL,skip,0.0,0,-5.9233,0.0,0.0,True
2020-02-01,ELV,skip,0.0,0,-3.0873,0.0,0.0,True
2020-02-01,EOG,skip,0.0,0,-12.9465,0.0,0.0,True
2020-02-01,GILD,skip,0.0,0,9.7468,0.0,0.0,True
2020-02-01,GM,skip,0.0,0,-8.6553,0.0,0.0,True
2020-02-01,GOOGL,buy_call,3.4858,2,-6.5279,-3.4858,-0.069716,True
2020-02-01,GS,buy_call,2.7389,2,-15.5542,-2.7389,-0.054778,True
2020-02-01,HD,buy_call,2.7959,2,-4.498,-2.7959,-0.055918,True
2020-02-01,HON,skip,0.0,0,-6.3792,0.0,0.0,True
2020-02-01,IBM,buy_call,3.0196,2,-9.4483,-3.0196,-0.060392,True
2020-02-01,ICE,buy_call,3.0,2,-10.5474,-3.0,-0.06,True
2020-02-01,INTC,buy_call,4.1737,2,-13.155,-4.1737,-0.083474,True
2020-02-01,INTU,buy_call,3.5689,2,-4.9977,-3.5689,-0.071378,True
2020-02-01,ISRG,skip,0.0,0,-4.6125,0.0,0.0,True
2020-02-01,ITW,skip,0.0,0,-4.1147,0.0,0.0,True
2020-02-01,JNJ,buy_call,2.057,2,-9.6661,-2.057,-0.04114,True
2020-02-01,JPM,skip,0.0,0,-11.7139,0.0,0.0,True
2020-02-01,KO,buy_call,1.9747,2,-8.4075,-1.9747,-0.039494,True
2020-02-01,LLY,buy_call,3.5202,2,-9.6749,-3.5202,-0.070404,True
2020-02-01,LMT,buy_call,3.2317,2,-13.606,-3.2317,-0.064634,True
2020-02-01,LOW,skip,0.0,0,-7.905,0.0,0.0,True
2020-02-01,MA,buy_call,2.7116,2,-8.0087,-2.7116,-0.054232,True
2020-02-01,MCD,buy_call,1.9747,2,-9.2536,-1.9747,-0.039494,True
2020-02-01,MDLZ,buy_call,2.2339,2,-7.9819,-2.2339,-0.044678,True
2020-02-01,MDT,buy_call,2.4594,2,-12.7945,-2.4594,-0.049188,True
2020-02-01,META,skip,0.0,0,-4.6754,0.0,0.0,True
2020-02-01,MMM,skip,0.0,0,-5.9372,0.0,0.0,True
2020-02-01,MRK,skip,0.0,0,-10.3933,0.0,0.0,True
2020-02-01,MS,buy_call,2.7389,2,-13.2692,-2.7389,-0.054778,True
2020-02-01,MSFT,buy_call,2.8745,2,-4.8288,-2.8745,-0.05749,True
2020-02-01,MU,skip,0.0,0,-0.9983,0.0,0.0,True
2020-02-01,NEE,buy_call,1.9747,2,-5.7569,-1.9747,-0.039494,True
2020-02-01,NFLX,buy_call,4.4729,2,6.9373,2.4644,0.049288,True
2020-02-01,NKE,skip,0.0,0,-7.1859,0.0,0.0,True
2020-02-01,NOW,buy_call,4.0949,2,-3.5893,-4.0949,-0.081898,True
2020-02-01,NVDA,buy_call,5.3919,2,14.2283,8.8364,0.176728,True
2020-02-01,ORCL,skip,0.0,0,-5.281,0.0,0.0,True
2020-02-01,PEP,buy_call,2.2339,2,-7.0342,-2.2339,-0.044678,True
2020-02-01,PFE,skip,0.0,0,-9.341,0.0,0.0,True
2020-02-01,PG,skip,0.0,0,-8.6,0.0,0.0,True
2020-02-01,PLD,buy_call,3.0196,2,-9.2593,-3.0196,-0.060392,True
2020-02-01,PM,skip,0.0,0,-1.0036,0.0,0.0,True
2020-02-01,PYPL,buy_call,2.7116,2,-5.1804,-2.7116,-0.054232,True
2020-02-01,REGN,skip,0.0,0,31.5529,0.0,0.0,True
2020-02-01,SBUX,skip,0.0,0,-7.5445,0.0,0.0,True
2020-02-01,SCHW,skip,0.0,0,-10.5379,0.0,0.0,True
2020-02-01,SO,buy_call,1.9747,2,-14.2614,-1.9747,-0.039494,True
2020-02-01,SPGI,buy_call,2.7389,2,-9.4713,-2.7389,-0.054778,True
2020-02-01,SYK,buy_call,2.4594,2,-9.5444,-2.4594,-0.049188,True
2020-02-01,T,skip,0.0,0,-4.7133,0.0,0.0,True
2020-02-01,TGT,skip,0.0,0,-6.9894,0.0,0.0,True
2020-02-01,TJX,skip,0.0,0,1.2873,0.0,0.0,True
2020-02-01,TMO,skip,0.0,0,-7.149,0.0,0.0,True
2020-02-01,TMUS,buy_call,3.1005,2,13.8528,10.7522,0.215044,True
2020-02-01,TXN,skip,0.0,0,-4.7124,0.0,0.0,True
2020-02-01,UNH,skip,0.0,0,-6.4195,0.0,0.0,True
2020-02-01,UNP,skip,0.0,0,-10.9297,0.0,0.0,True
2020-02-01,V,buy_call,2.5501,2,-8.6495,-2.5501,-0.051002,True
2020-02-01,VRTX,buy_call,2.8264,2,-1.3301,-2.8264,-0.056528,True
2020-02-01,VZ,skip,0.0,0,-7.9347,0.0,0.0,True
2020-02-01,WFC,skip,0.0,0,-12.974,0.0,0.0,True
2020-02-01,WM,buy_call,3.0,2,-8.9482,-3.0,-0.06,True
2020-02-01,WMT,skip,0.0,0,-5.9481,0.0,0.0,True
2020-02-01,XOM,skip,0.0,0,-17.1925,0.0,0.0,True
2020-02-01,ZTS,buy_call,2.8264,2,-0.5867,-2.8264,-0.056528,True
2020-03-01,AAPL,skip,0.0,0,-6.7554,0.0,0.0,True
2020-03-01,ABBV,buy_call,2.8264,16,-11.1072,-2.8264,-0.452224,True
2020-03-01,ABT,skip,0.0,0,2.4406,0.0,0.0,True
2020-03-01,ADBE,skip,0.0,0,-7.7886,0.0,0.0,True
2020-03-01,ADP,skip,0.0,0,-11.6712,0.0,0.0,True
2020-03-01,AMAT,buy_call,4.1737,16,-20.9147,-4.1737,-0.667792,True
2020-03-01,AMGN,skip,0.0,0,2.2225,0.0,0.0,True
2020-03-01,AMT,skip,0.0,0,-3.9903,0.0,0.0,True
2020-03-01,AMZN,skip,0.0,0,3.5021,0.0,0.0,True
2020-03-01,AVGO,skip,0.0,0,-13.0291,0.0,0.0,True
2020-03-01,AXP,skip,0.0,0,-22.1232,0.0,0.0,True
2020-03-01,BA,skip,0.0,0,-45.4664,0.0,0.0,True
2020-03-01,BAC,skip,0.0,0,-25.5088,0.0,0.0,True
2020-03-01,BDX,skip,0.0,0,-3.3849,0.0,0.0,True
2020-03-01,BKNG,skip,0.0,0,-20.661,0.0,0.0,True
2020-03-01,BLK,skip,0.0,0,-4.9761,0.0,0.0,True
2020-03-01,BMY,skip,0.0,0,-5.6214,0.0,0.0,True
2020-03-01,BRK-B,skip,0.0,0,-11.3938,0.0,0.0,True
2020-03-01,C,skip,0.0,0,-33.6275,0.0,0.0,True
2020-03-01,CAT,skip,0.0,0,-6.6001,0.0,0.0,True
2020-03-01,CHTR,skip,0.0,0,-11.5295,0.0,0.0,True
2020-03-01,CMCSA,skip,0.0,0,-14.9641,0.0,0.0,True
2020-03-01,COST,skip,0.0,0,1.633,0.0,0.0,True
2020-03-01,CRM,skip,0.0,0,-15.5047,0.0,0.0,True
2020-03-01,CSCO,skip,0.0,0,-1.5527,0.0,0.0,True
2020-03-01,CSX,skip,0.0,0,-18.384,0.0,0.0,True
2020-03-01,CVS,skip,0.0,0,0.2534,0.0,0.0,True
2020-03-01,CVX,skip,0.0,0,-21.4625,0.0,0.0,True
2020-03-01,DHR,skip,0.0,0,-4.2675,0.0,0.0,True
2020-03-01,DIS,skip,0.0,0,-17.8921,0.0,0.0,True
2020-03-01,DUK,skip,0.0,0,-10.9399,0.0,0.0,True
2020-03-01,EL,skip,0.0,0,-12.9929,0.0,0.0,True
2020-03-01,ELV,skip,0.0,0,-11.6885,0.0,0.0,True
2020-03-01,EOG,skip,0.0,0,-43.2185,0.0,0.0,True
2020-03-01,GILD,buy_call,2.8264,16,7.7855,4.9591,0.793456,True
2020-03-01,GM,skip,0.0,0,-31.8689,0.0,0.0,True
2020-03-01,GOOGL,skip,0.0,0,-13.2388,0.0,0.0,True
2020-03-01,GS,skip,0.0,0,-22.5306,0.0,0.0,True
2020-03-01,HD,skip,0.0,0,-14.2903,0.0,0.0,True
2020-03-01,HON,skip,0.0,0,-17.0536,0.0,0.0,True
2020-03-01,IBM,skip,0.0,0,-13.8776,0.0,0.0,True
2020-03-01,ICE,skip,0.0,0,-9.4934,0.0,0.0,True
2020-03-01,INTC,skip,0.0,0,-2.0416,0.0,0.0,True
2020-03-01,INTU,skip,0.0,0,-13.485,0.0,0.0,True
2020-03-01,ISRG,skip,0.0,0,-7.2571,0.0,0.0,True
2020-03-01,ITW,skip,0.0,0,-15.2938,0.0,0.0,True
2020-03-01,JNJ,skip,0.0,0,-1.8693,0.0,0.0,True
2020-03-01,JPM,skip,0.0,0,-22.4615,0.0,0.0,True
2020-03-01,KO,skip,0.0,0,-17.2743,0.0,0.0,True
2020-03-01,LLY,skip,0.0,0,10.5518,0.0,0.0,True
2020-03-01,LMT,skip,0.0,0,-7.7842,0.0,0.0,True
2020-03-01,LOW,skip,0.0,0,-19.2549,0.0,0.0,True
2020-03-01,MA,skip,0.0,0,-16.7752,0.0,0.0,True
2020-03-01,MCD,skip,0.0,0,-14.3098,0.0,0.0,True
2020-03-01,MDLZ,skip,0.0,0,-5.1515,0.0,0.0,True
2020-03-01,MDT,skip,0.0,0,-10.4202,0.0,0.0,True
2020-03-01,META,skip,0.0,0,-13.3372,0.0,0.0,True
2020-03-01,MMM,skip,0.0,0,-7.7016,0.0,0.0,True
2020-03-01,MRK,skip,0.0,0,0.4964,0.0,0.0,True
2020-03-01,MS,skip,0.0,0,-24.4948,0.0,0.0,True
2020-03-01,MSFT,skip,0.0,0,-2.3883,0.0,0.0,True
2020-03-01,MU,skip,0.0,0,-19.9772,0.0,0.0,True
2020-03-01,NEE,skip,0.0,0,-4.3058,0.0,0.0,True
2020-03-01,NFLX,buy_call,4.4729,16,1.7532,-2.7197,-0.435152,True
2020-03-01,NKE,skip,0.0,0,-7.1721,0.0,0.0,True
2020-03-01,NOW,skip,0.0,0,-12.1163,0.0,0.0,True
2020-03-01,NVDA,buy_call,5.3919,16,-2.3373,-5.3919,-0.862704,True
2020-03-01,ORCL,skip,0.0,0,-2.2846,0.0,0.0,True
2020-03-01,PEP,skip,0.0,0,-9.0358,0.0,0.0,True
2020-03-01,PFE,skip,0.0,0,-2.3339,0.0,0.0,True
2020-03-01,PG,skip,0.0,0,-2.8526,0.0,0.0,True
2020-03-01,PLD,skip,0.0,0,-4.6393,0.0,0.0,True
2020-03-01,PM,skip,0.0,0,-10.8831,0.0,0.0,True
2020-03-01,PYPL,skip,0.0,0,-11.3436,0.0,0.0,True
2020-03-01,REGN,buy_call,2.8264,16,9.8342,7.0078,1.121248,True
2020-03-01,SBUX,skip,0.0,0,-15.7894,0.0,0.0,True
2020-03-01,SCHW,skip,0.0,0,-17.185,0.0,0.0,True
2020-03-01,SO,skip,0.0,0,-9.4979,0.0,0.0,True
2020-03-01,SPGI,skip,0.0,0,-7.632,0.0,0.0,True
2020-03-01,SYK,skip,0.0,0,-12.6449,0.0,0.0,True
2020-03-01,T,skip,0.0,0,-17.2345,0.0,0.0,True
2020-03-01,TGT,skip,0.0,0,-9.2242,0.0,0.0,True
2020-03-01,TJX,buy_call,2.4474,16,-19.7547,-2.4474,-0.391584,True
2020-03-01,TMO,skip,0.0,0,-2.4759,0.0,0.0,True
2020-03-01,TMUS,buy_call,3.1005,16,-6.9432,-3.1005,-0.49608,True
2020-03-01,TXN,skip,0.0,0,-12.4496,0.0,0.0,True
2020-03-01,UNH,skip,0.0,0,-2.1886,0.0,0.0,True
2020-03-01,UNP,skip,0.0,0,-11.2257,0.0,0.0,True
2020-03-01,V,skip,0.0,0,-11.2273,0.0,0.0,True
2020-03-01,VRTX,skip,0.0,0,6.2135,0.0,0.0,True
2020-03-01,VZ,skip,0.0,0,-0.7939,0.0,0.0,True
2020-03-01,WFC,skip,0.0,0,-28.9934,0.0,0.0,True
2020-03-01,WM,skip,0.0,0,-16.4696,0.0,0.0,True
2020-03-01,WMT,skip,0.0,0,5.5163,0.0,0.0,True
2020-03-01,XOM,skip,0.0,0,-25.1262,0.0,0.0,True
2020-03-01,ZTS,skip,0.0,0,-11.664,0.0,0.0,True
2020-04-01,AAPL,skip,0.0,0,15.5374,0.0,0.0,True
2020-04-01,ABBV,skip,0.0,0,7.8881,0.0,0.0,True
2020-04-01,ABT,buy_call,2.4594,20,16.7026,14.2432,2.84864,True
2020-04-01,ADBE,skip,0.0,0,11.1237,0.0,0.0,True
2020-04-01,ADP,skip,0.0,0,7.9876,0.0,0.0,True
2020-04-01,AMAT,skip,0.0,0,8.4243,0.0,0.0,True
2020-04-01,AMGN,buy_call,2.8264,20,17.9993,15.1729,3.03458,True
2020-04-01,AMT,skip,0.0,0,9.2996,0.0,0.0,True
2020-04-01,AMZN,buy_call,3.8265,20,26.89,23.0635,4.6127,True
2020-04-01,AVGO,skip,0.0,0,16.5065,0.0,0.0,True
2020-04-01,AXP,skip,0.0,0,6.588,0.0,0.0,True
2020-04-01,BA,skip,0.0,0,-5.4445,0.0,0.0,True
2020-04-01,BAC,skip,0.0,0,14.0059,0.0,0.0,True
2020-04-01,BDX,skip,0.0,0,10.2699,0.0,0.0,True
2020-04-01,BKNG,skip,0.0,0,10.0534,0.0,0.0,True
2020-04-01,BLK,skip,0.0,0,14.9735,0.0,0.0,True
2020-04-01,BMY,skip,0.0,0,9.0958,0.0,0.0,True
2020-04-01,BRK-B,skip,0.0,0,2.4777,0.0,0.0,True
2020-04-01,C,skip,0.0,0,15.2896,0.0,0.0,True
2020-04-01,CAT,skip,0.0,0,0.293,0.0,0.0,True
2020-04-01,CHTR,skip,0.0,0,13.5042,0.0,0.0,True
2020-04-01,CMCSA,skip,0.0,0,10.1671,0.0,0.0,True
2020-04-01,COST,buy_call,2.5784,20,6.2673,3.6889,0.73778,True
2020-04-01,CRM,skip,0.0,0,12.4809,0.0,0.0,True
2020-04-01,CSCO,skip,0.0,0,7.8097,0.0,0.0,True
2020-04-01,CSX,skip,0.0,0,15.5847,0.0,0.0,True
2020-04-01,CVS,buy_call,2.9729,20,3.7418,0.7689,0.15378,True
2020-04-01,CVX,skip,0.0,0,26.9666,0.0,0.0,True
2020-04-01,DHR,skip,0.0,0,18.263,0.0,0.0,True
2020-04-01,DIS,skip,0.0,0,11.9565,0.0,0.0,True
2020-04-01,DUK,skip,0.0,0,4.6736,0.0,0.0,True
2020-04-01,EL,skip,0.0,0,10.7067,0.0,0.0,True
2020-04-01,ELV,skip,0.0,0,24.108,0.0,0.0,True
2020-04-01,EOG,skip,0.0,0,32.2661,0.0,0.0,True
2020-04-01,GILD,buy_call,2.8264,20,13.4059,10.5795,2.1159,True
2020-04-01,GM,skip,0.0,0,8.5752,0.0,0.0,True
2020-04-01,GOOGL,skip,0.0,0,15.9,0.0,0.0,True
2020-04-01,GS,skip,0.0,0,18.6493,0.0,0.0,True
2020-04-01,HD,skip,0.0,0,18.5265,0.0,0.0,True
2020-04-01,HON,skip,0.0,0,6.0617,0.0,0.0,True
2020-04-01,IBM,skip,0.0,0,13.1885,0.0,0.0,True
2020-04-01,ICE,skip,0.0,0,11.1752,0.0,0.0,True
2020-04-01,INTC,skip,0.0,0,10.8278,0.0,0.0,True
2020-04-01,INTU,skip,0.0,0,17.3087,0.0,0.0,True
2020-04-01,ISRG,skip,0.0,0,3.1643,0.0,0.0,True
2020-04-01,ITW,skip,0.0,0,15.2002,0.0,0.0,True
2020-04-01,JNJ,skip,0.0,0,14.4208,0.0,0.0,True
2020-04-01,JPM,skip,0.0,0,6.3646,0.0,0.0,True
2020-04-01,KO,skip,0.0,0,4.6157,0.0,0.0,True
2020-04-01,LLY,buy_call,3.5202,20,11.4764,7.9562,1.59124,True
2020-04-01,LMT,skip,0.0,0,14.7839,0.0,0.0,True
2020-04-01,LOW,skip,0.0,0,21.7316,0.0,0.0,True
2020-04-01,MA,skip,0.0,0,13.8309,0.0,0.0,True
2020-04-01,MCD,skip,0.0,0,13.4321,0.0,0.0,True
2020-04-01,MDLZ,skip,0.0,0,3.3306,0.0,0.0,True
2020-04-01,MDT,skip,0.0,0,8.9388,0.0,0.0,True
2020-04-01,META,skip,0.0,0,22.7278,0.0,0.0,True
2020-04-01,MMM,skip,0.0,0,11.2886,0.0,0.0,True
2020-04-01,MRK,buy_call,2.7192,20,3.9712,1.252,0.2504,True
2020-04-01,MS,skip,0.0,0,15.9706,0.0,0.0,True
2020-04-01,MSFT,skip,0.0,0,13.6326,0.0,0.0,True
2020-04-01,MU,skip,0.0,0,13.8612,0.0,0.0,True
2020-04-01,NEE,skip,0.0,0,-3.9482,0.0,0.0,True
2020-04-01,NFLX,buy_call,4.4729,20,11.8109,7.338,1.4676,True
2020-04-01,NKE,skip,0.0,0,5.3662,0.0,0.0,True
2020-04-01,NOW,skip,0.0,0,22.6673,0.0,0.0,True
2020-04-01,NVDA,skip,0.0,0,10.8801,0.0,0.0,True
2020-04-01,ORCL,skip,0.0,0,9.6007,0.0,0.0,True
2020-04-01,PEP,skip,0.0,0,10.8936,0.0,0.0,True
2020-04-01,PFE,skip,0.0,0,17.5245,0.0,0.0,True
2020-04-01,PG,skip,0.0,0,7.1545,0.0,0.0,True
2020-04-01,PLD,skip,0.0,0,11.9492,0.0,0.0,True
2020-04-01,PM,skip,0.0,0,4.0809,0.0,0.0,True
2020-04-01,PYPL,skip,0.0,0,28.473,0.0,0.0,True
2020-04-01,REGN,buy_call,2.8264,20,7.6983,4.8719,0.97438,True
2020-04-01,SBUX,skip,0.0,0,16.7174,0.0,0.0,True
2020-04-01,SCHW,skip,0.0,0,12.1951,0.0,0.0,True
2020-04-01,SO,skip,0.0,0,4.7839,0.0,0.0,True
2020-04-01,SPGI,skip,0.0,0,19.5185,0.0,0.0,True
2020-04-01,SYK,skip,0.0,0,12.3825,0.0,0.0,True
2020-04-01,T,skip,0.0,0,4.5283,0.0,0.0,True
2020-04-01,TGT,skip,0.0,0,18.0381,0.0,0.0,True
2020-04-01,TJX,skip,0.0,0,2.5936,0.0,0.0,True
2020-04-01,TMO,skip,0.0,0,18.1027,0.0,0.0,True
2020-04-01,TMUS,skip,0.0,0,4.6484,0.0,0.0,True
2020-04-01,TXN,skip,0.0,0,16.1513,0.0,0.0,True
2020-04-01,UNH,skip,0.0,0,17.7869,0.0,0.0,True
2020-04-01,UNP,skip,0.0,0,13.2941,0.0,0.0,True
2020-04-01,V,skip,0.0,0,10.9235,0.0,0.0,True
2020-04-01,VRTX,buy_call,2.8264,20,5.5684,2.742,0.5484,True
2020-04-01,VZ,skip,0.0,0,6.9235,0.0,0.0,True
2020-04-01,WFC,skip,0.0,0,1.2195,0.0,0.0,True
2020-04-01,WM,skip,0.0,0,8.5514,0.0,0.0,True
2020-04-01,WMT,buy_call,2.4474,20,7.4528,5.0054,1.00108,True
2020-04-01,XOM,skip,0.0,0,22.3861,0.0,0.0,True
2020-04-01,ZTS,skip,0.0,0,9.8734,0.0,0.0,True
2020-05-01,AAPL,buy_call,3.1456,1,8.2165,5.0709,0.050709,False
2020-05-01,ABBV,buy_call,2.8264,1,14.4186,11.5922,0.115922,False
2020-05-01,ABT,buy_call,2.4594,1,3.5071,1.0477,0.010477,False
2020-05-01,ADBE,buy_call,2.8745,1,9.3202,6.4457,0.064457,False
2020-05-01,ADP,buy_call,3.0196,1,-0.1363,-3.0196,-0.030196,False
2020-05-01,AMAT,buy_call,4.1737,1,13.0838,8.9101,0.089101,False
2020-05-01,AMGN,buy_call,2.8264,1,-3.9796,-2.8264,-0.028264,False
2020-05-01,AMT,buy_call,3.0196,1,8.928,5.9084,0.059084,False
2020-05-01,AMZN,buy_call,3.8265,1,-1.2785,-3.8265,-0.038265,False
2020-05-01,AVGO,buy_call,4.1737,1,7.2344,3.0607,0.030607,False
2020-05-01,AXP,buy_call,2.7116,1,4.765,2.0534,0.020534,False
2020-05-01,BA,skip,0.0,0,3.425,0.0,0.0,False
2020-05-01,BAC,buy_call,3.1976,1,0.2911,-2.9065,-0.029065,False
2020-05-01,BDX,buy_call,2.4594,1,-2.2176,-2.4594,-0.024594,False
2020-05-01,BKNG,buy_call,3.0,1,10.729,7.729,0.07729,False
2020-05-01,BLK,buy_call,2.7389,1,5.2984,2.5595,0.025595,False
2020-05-01,BMY,buy_call,2.8264,1,-0.9796,-2.8264,-0.028264,False
2020-05-01,BRK-B,buy_call,1.809,1,-0.95,-1.809,-0.01809,False
2020-05-01,C,buy_call,3.0,1,-1.3386,-3.0,-0.03,False
2020-05-01,CAT,buy_call,3.2317,1,4.1699,0.9381,0.009381,False
2020-05-01,CHTR,buy_call,3.1005,1,9.8479,6.7474,0.067474,False
2020-05-01,CMCSA,buy_call,3.1005,1,5.2352,2.1347,0.021347,False
2020-05-01,COST,buy_call,2.5784,1,2.0378,-0.5406,-0.005406,False
2020-05-01,CRM,buy_call,3.8947,1,7.9284,4.0337,0.040337,False
2020-05-01,CSCO,buy_call,3.0196,1,13.9061,10.8865,0.108865,False
2020-05-01,CSX,buy_call,3.0,1,8.0779,5.0779,0.050779,False
2020-05-01,CVS,buy_call,2.9729,1,7.4228,4.4499,0.044499,False
2020-05-01,CVX,buy_call,3.0632,1,-0.3261,-3.0632,-0.030632,False
2020-05-01,DHR,buy_call,2.4594,1,1.9271,-0.5323,-0.005323,False
2020-05-01,DIS,buy_call,3.3259,1,8.4605,5.1346,0.051346,False
2020-05-01,DUK,buy_call,1.9747,1,1.1458,-0.829,-0.00829,False
2020-05-01,EL,buy_call,3.0,1,11.9445,8.9445,0.089445,False
2020-05-01,ELV,buy_call,2.9729,1,4.7661,1.7933,0.017933,False
2020-05-01,EOG,buy_call,3.2317,1,8.2439,5.0122,0.050122,False
2020-05-01,GILD,buy_call,2.8264,1,-7.3452,-2.8264,-0.028264,False
2020-05-01,GM,buy_call,3.2317,1,16.1059,12.8741,0.128741,False
2020-05-01,GOOGL,buy_call,3.4858,1,6.4469,2.961,0.02961,False
2020-05-01,GS,buy_call,2.7389,1,7.1258,4.3869,0.043869,False
2020-05-01,HD,buy_call,2.7959,1,13.0328,10.2369,0.102369,False
2020-05-01,HON,buy_call,3.0196,1,2.7837,-0.2359,-0.002359,False
2020-05-01,IBM,buy_call,3.0196,1,-0.5256,-3.0196,-0.030196,False
2020-05-01,ICE,buy_call,3.0,1,8.72,5.72,0.0572,False
2020-05-01,INTC,buy_call,4.1737,1,4.9183,0.7446,0.007446,False
2020-05-01,INTU,buy_call,3.5689,1,7.834,4.2651,0.042651,False
2020-05-01,ISRG,buy_call,2.4594,1,13.5355,11.0761,0.110761,False
2020-05-01,ITW,buy_call,3.0196,1,6.1292,3.1096,0.031096,False
2020-05-01,JNJ,buy_call,2.057,1,-0.8597,-2.057,-0.02057,False
2020-05-01,JPM,buy_call,2.7389,1,2.6746,-0.0643,-0.000643,False
2020-05-01,KO,buy_call,1.9747,1,1.7215,-0.2532,-0.002532,False
2020-05-01,LLY,buy_call,3.5202,1,-1.0929,-3.5202,-0.035202,False
2020-05-01,LMT,buy_call,3.2317,1,-0.1593,-3.2317,-0.032317,False
2020-05-01,LOW,buy_call,2.7959,1,25.1628,22.3669,0.223669,False
2020-05-01,MA,buy_call,2.7116,1,9.5957,6.8841,0.068841,False
2020-05-01,MCD,buy_call,1.9747,1,-0.6611,-1.9747,-0.019747,False
2020-05-01,MDLZ,buy_call,2.2339,1,1.3219,-0.912,-0.00912,False
2020-05-01,MDT,buy_call,2.4594,1,0.973,-1.4863,-0.014863,False
2020-05-01,META,buy_call,4.3383,1,9.9556,5.6173,0.056173,False
2020-05-01,MMM,buy_call,3.0196,1,2.9753,-0.0443,-0.000443,False
2020-05-01,MRK,buy_call,2.7192,1,1.7393,-0.9799,-0.009799,False
2020-05-01,MS,buy_call,2.7389,1,13.0837,10.3448,0.103448,False
2020-05-01,MSFT,buy_call,2.8745,1,2.2543,-0.6201,-0.006201,False
2020-05-01,MU,buy_call,5.3919,1,0.0418,-5.3501,-0.053501,False
2020-05-01,NEE,skip,0.0,0,10.5746,0.0,0.0,False
2020-05-01,NFLX,buy_call,4.4729,1,-0.0286,-4.4729,-0.044729,False
2020-05-01,NKE,buy_call,3.5085,1,13.0764,9.5679,0.095679,False
2020-05-01,NOW,buy_call,4.0949,1,10.3516,6.2567,0.062567,False
2020-05-01,NVDA,buy_call,5.3919,1,21.4657,16.0738,0.160738,False
2020-05-01,ORCL,buy_call,3.5955,1,1.9925,-1.603,-0.01603,False
2020-05-01,PEP,buy_call,2.2339,1,-0.5594,-2.2339,-0.022339,False
2020-05-01,PFE,buy_call,2.8264,1,-0.4432,-2.8264,-0.028264,False
2020-05-01,PG,buy_call,2.0993,1,-0.9985,-2.0993,-0.020993,False
2020-05-01,PLD,buy_call,3.0196,1,2.544,-0.4756,-0.004756,False
2020-05-01,PM,buy_call,2.2339,1,-1.6622,-2.2339,-0.022339,False
2020-05-01,PYPL,buy_call,2.7116,1,26.0244,23.3128,0.233128,False
2020-05-01,REGN,buy_call,2.8264,1,16.5304,13.704,0.13704,False
2020-05-01,SBUX,buy_call,1.9747,1,1.6421,-0.3326,-0.003326,False
2020-05-01,SCHW,buy_call,2.7389,1,-4.7985,-2.7389,-0.027389,False
2020-05-01,SO,buy_call,1.9747,1,0.5993,-1.3754,-0.013754,False
2020-05-01,SPGI,buy_call,2.7389,1,10.9738,8.2349,0.082349,False
2020-05-01,SYK,buy_call,2.4594,1,4.9885,2.5291,0.025291,False
2020-05-01,T,buy_call,3.1005,1,3.6524,0.5518,0.005518,False
2020-05-01,TGT,buy_call,2.4474,1,11.4726,9.0251,0.090251,False
2020-05-01,TJX,buy_call,2.4474,1,7.5637,5.1163,0.051163,False
2020-05-01,TMO,buy_call,2.8279,1,4.3355,1.5076,0.015076,False
2020-05-01,TMUS,buy_call,3.1005,1,13.9408,10.8402,0.108402,False
2020-05-01,TXN,buy_call,4.1737,1,2.3003,-1.8733,-0.018733,False
2020-05-01,UNH,buy_call,2.9729,1,4.2329,1.26,0.0126,False
2020-05-01,UNP,buy_call,3.2317,1,6.302,3.0702,0.030702,False
2020-05-01,V,buy_call,2.5501,1,9.2435,6.6934,0.066934,False
2020-05-01,VRTX,buy_call,2.8264,1,14.6338,11.8073,0.118073,False
2020-05-01,VZ,buy_call,3.1005,1,0.9523,-2.1482,-0.021482,False
2020-05-01,WFC,buy_call,3.4824,1,-8.8812,-3.4824,-0.034824,False
2020-05-01,WM,buy_call,3.0,1,6.7287,3.7287,0.037287,False
2020-05-01,WMT,buy_call,2.4474,1,2.065,-0.3824,-0.003824,False
2020-05-01,XOM,buy_call,3.2317,1,-2.1519,-3.2317,-0.032317,False
2020-05-01,ZTS,buy_call,2.8264,1,7.9696,5.1432,0.051432,False
2020-06-01,AAPL,buy_call,3.1456,1,15.0492,11.9037,0.119037,False
2020-06-01,ABBV,buy_call,2.8264,1,5.9459,3.1194,0.031194,False
2020-06-01,ABT,buy_call,2.4594,1,-3.6768,-2.4594,-0.024594,False
2020-06-01,ADBE,buy_call,2.8745,1,12.5996,9.7251,0.097251,False
2020-06-01,ADP,skip,0.0,0,1.6383,0.0,0.0,False
2020-06-01,AMAT,buy_call,4.1737,1,8.029,3.8553,0.038553,False
2020-06-01,AMGN,skip,0.0,0,3.3768,0.0,0.0,False
2020-06-01,AMT,buy_call,3.0196,1,0.1433,-2.8762,-0.028762,False
2020-06-01,AMZN,skip,0.0,0,12.9567,0.0,0.0,False
2020-06-01,AVGO,buy_call,4.1737,1,8.3565,4.1828,0.041828,False
2020-06-01,AXP,buy_call,2.7116,1,0.1367,-2.5749,-0.025749,False
2020-06-01,BA,buy_call,3.0,1,25.6771,22.6771,0.226771,False
2020-06-01,BAC,buy_call,3.1976,1,-1.534,-3.1976,-0.031976,False
2020-06-01,BDX,skip,0.0,0,-3.1021,0.0,0.0,False
2020-06-01,BKNG,buy_call,3.0,1,-2.8718,-3.0,-0.03,False
2020-06-01,BLK,buy_call,2.7389,1,2.9226,0.1837,0.001837,False
2020-06-01,BMY,skip,0.0,0,-1.5405,0.0,0.0,False
2020-06-01,BRK-B,skip,0.0,0,-3.8097,0.0,0.0,False
2020-06-01,C,skip,0.0,0,7.7904,0.0,0.0,False
2020-06-01,CAT,buy_call,3.2317,1,5.3026,2.0709,0.020709,False
2020-06-01,CHTR,buy_call,3.1005,1,-6.2426,-3.1005,-0.031005,False
2020-06-01,CMCSA,buy_call,3.1005,1,-1.5657,-3.1005,-0.031005,False
2020-06-01,COST,buy_call,2.5784,1,-1.7052,-2.5784,-0.025784,False
2020-06-01,CRM,buy_call,3.8947,1,7.1743,3.2796,0.032796,False
2020-06-01,CSCO,buy_call,3.0196,1,-2.4676,-3.0196,-0.030196,False
2020-06-01,CSX,buy_call,3.0,1,-2.2252,-3.0,-0.03,False
2020-06-01,CVS,buy_call,2.9729,1,-0.9151,-2.9729,-0.029729,False
2020-06-01,CVX,skip,0.0,0,-1.265,0.0,0.0,False
2020-06-01,DHR,buy_call,2.4594,1,6.1341,3.6747,0.036747,False
2020-06-01,DIS,buy_call,3.3259,1,-4.9361,-3.3259,-0.033259,False
2020-06-01,DUK,buy_call,1.9747,1,-5.6141,-1.9747,-0.019747,False
2020-06-01,EL,buy_call,3.0,1,-4.4513,-3.0,-0.03,False
2020-06-01,ELV,buy_call,2.9729,1,-10.5845,-2.9729,-0.029729,False
2020-06-01,EOG,buy_call,3.2317,1,-0.6082,-3.2317,-0.032317,False
2020-06-01,GILD,skip,0.0,0,-1.1435,0.0,0.0,False
2020-06-01,GM,buy_call,3.2317,1,-2.2411,-3.2317,-0.032317,False
2020-06-01,GOOGL,buy_call,3.4858,1,-1.0792,-3.4858,-0.034858,False
2020-06-01,GS,buy_call,2.7389,1,1.2038,-1.5351,-0.015351,False
2020-06-01,HD,buy_call,2.7959,1,0.817,-1.9789,-0.019789,False
2020-06-01,HON,buy_call,3.0196,1,-0.133,-3.0196,-0.030196,False
2020-06-01,IBM,skip,0.0,0,-2.0099,0.0,0.0,False
2020-06-01,ICE,buy_call,3.0,1,-5.8097,-3.0,-0.03,False
2020-06-01,INTC,buy_call,4.1737,1,-4.3891,-4.1737,-0.041737,False
2020-06-01,INTU,buy_call,3.5689,1,2.0219,-1.547,-0.01547,False
2020-06-01,ISRG,buy_call,2.4594,1,-1.7585,-2.4594,-0.024594,False
2020-06-01,ITW,buy_call,3.0196,1,1.3858,-1.6337,-0.016337,False
2020-06-01,JNJ,skip,0.0,0,-4.8035,0.0,0.0,False
2020-06-01,JPM,buy_call,2.7389,1,-3.3399,-2.7389,-0.027389,False
2020-06-01,KO,buy_call,1.9747,1,-4.2845,-1.9747,-0.019747,False
2020-06-01,LLY,skip,0.0,0,7.8476,0.0,0.0,False
2020-06-01,LMT,skip,0.0,0,-5.4857,0.0,0.0,False
2020-06-01,LOW,buy_call,2.7959,1,3.6593,0.8634,0.008634,False
2020-06-01,MA,buy_call,2.7116,1,-1.7249,-2.7116,-0.027116,False
2020-06-01,MCD,skip,0.0,0,-0.3328,0.0,0.0,False
2020-06-01,MDLZ,buy_call,2.2339,1,-1.8995,-2.2339,-0.022339,False
2020-06-01,MDT,buy_call,2.4594,1,-6.9791,-2.4594,-0.024594,False
2020-06-01,META,buy_call,4.3383,1,0.8796,-3.4586,-0.034586,False
2020-06-01,MMM,buy_call,3.0196,1,0.7013,-2.3183,-0.023183,False
2020-06-01,MRK,buy_call,2.7192,1,-4.1997,-2.7192,-0.027192,False
2020-06-01,MS,buy_call,2.7389,1,9.276,6.5371,0.065371,False
2020-06-01,MSFT,buy_call,2.8745,1,11.3652,8.4908,0.084908,False
2020-06-01,MU,buy_call,5.3919,1,7.5349,2.1431,0.021431,False
2020-06-01,NEE,buy_call,1.9747,1,-6.0221,-1.9747,-0.019747,False
2020-06-01,NFLX,skip,0.0,0,8.4126,0.0,0.0,False
2020-06-01,NKE,buy_call,3.5085,1,-0.2895,-3.5085,-0.035085,False
2020-06-01,NOW,buy_call,4.0949,1,4.4157,0.3209,0.003209,False
2020-06-01,NVDA,buy_call,5.3919,1,7.0109,1.619,0.01619,False
2020-06-01,ORCL,buy_call,3.5955,1,2.7897,-0.8058,-0.008058,False
2020-06-01,PEP,skip,0.0,0,0.5397,0.0,0.0,False
2020-06-01,PFE,skip,0.0,0,-13.5222,0.0,0.0,False
2020-06-01,PG,skip,0.0,0,3.1487,0.0,0.0,False
2020-06-01,PLD,buy_call,3.0196,1,2.0,-1.0196,-0.010196,False
2020-06-01,PM,skip,0.0,0,-4.4984,0.0,0.0,False
2020-06-01,PYPL,buy_call,2.7116,1,12.3992,9.6876,0.096876,False
2020-06-01,REGN,buy_call,2.8264,1,1.7689,-1.0575,-0.010575,False
2020-06-01,SBUX,buy_call,1.9747,1,-5.1085,-1.9747,-0.019747,False
2020-06-01,SCHW,skip,0.0,0,-5.5511,0.0,0.0,False
2020-06-01,SO,buy_call,1.9747,1,-8.0721,-1.9747,-0.019747,False
2020-06-01,SPGI,buy_call,2.7389,1,1.5905,-1.1484,-0.011484,False
2020-06-01,SYK,buy_call,2.4594,1,-7.9395,-2.4594,-0.024594,False
2020-06-01,T,buy_call,3.1005,1,-2.0415,-3.1005,-0.031005,False
2020-06-01,TGT,buy_call,2.4474,1,-1.4423,-2.4474,-0.024474,False
2020-06-01,TJX,buy_call,2.4474,1,-4.1698,-2.4474,-0.024474,False
2020-06-01,TMO,buy_call,2.8279,1,3.7658,0.9379,0.009379,False
2020-06-01,TMUS,buy_call,3.1005,1,4.1084,1.0078,0.010078,False
2020-06-01,TXN,buy_call,4.1737,1,7.7667,3.593,0.03593,False
2020-06-01,UNH,buy_call,2.9729,1,-3.2475,-2.9729,-0.029729,False
2020-06-01,UNP,buy_call,3.2317,1,0.0934,-3.1383,-0.031383,False
2020-06-01,V,buy_call,2.5501,1,-0.8945,-2.5501,-0.025501,False
2020-06-01,VRTX,buy_call,2.8264,1,0.8161,-2.0103,-0.020103,False
2020-06-01,VZ,buy_call,3.1005,1,-3.9212,-3.1005,-0.031005,False
2020-06-01,WFC,skip,0.0,0,-1.3217,0.0,0.0,False
2020-06-01,WM,buy_call,3.0,1,-0.7869,-3.0,-0.03,False
2020-06-01,WMT,buy_call,2.4474,1,-3.0252,-2.4474,-0.024474,False
2020-06-01,XOM,skip,0.0,0,0.2575,0.0,0.0,False
2020-06-01,ZTS,buy_call,2.8264,1,-1.6859,-2.8264,-0.028264,False
2020-07-01,AAPL,buy_call,3.1456,2,16.5132,13.3676,0.267352,True
2020-07-01,ABBV,buy_call,2.8264,2,-3.3306,-2.8264,-0.056528,True
2020-07-01,ABT,skip,0.0,0,10.0733,0.0,0.0,True
2020-07-01,ADBE,buy_call,2.8745,2,2.0698,-0.8047,-0.016094,True
2020-07-01,ADP,buy_call,3.0196,2,-10.2091,-3.0196,-0.060392,True
2020-07-01,AMAT,buy_call,4.1737,2,6.4185,2.2448,0.044896,True
2020-07-01,AMGN,buy_call,2.8264,2,3.7353,0.9088,0.018176,True
2020-07-01,AMT,buy_call,3.0196,2,1.5254,-1.4942,-0.029884,True
2020-07-01,AMZN,buy_call,3.8265,2,14.7114,10.8849,0.217698,True
2020-07-01,AVGO,buy_call,4.1737,2,1.3951,-2.7785,-0.05557,True
2020-07-01,AXP,buy_call,2.7116,2,-1.9748,-2.7116,-0.054232,True
2020-07-01,BA,buy_call,3.0,2,-13.8025,-3.0,-0.06,True
2020-07-01,BAC,skip,0.0,0,5.4885,0.0,0.0,True
2020-07-01,BDX,skip,0.0,0,17.9677,0.0,0.0,True
2020-07-01,BKNG,skip,0.0,0,4.3828,0.0,0.0,True
2020-07-01,BLK,buy_call,2.7389,2,6.388,3.6491,0.072982,True
2020-07-01,BMY,skip,0.0,0,-0.2381,0.0,0.0,True
2020-07-01,BRK-B,skip,0.0,0,9.6745,0.0,0.0,True
2020-07-01,C,buy_call,3.0,2,-2.1331,-3.0,-0.06,True
2020-07-01,CAT,buy_call,3.2317,2,5.0435,1.8117,0.036234,True
2020-07-01,CHTR,skip,0.0,0,13.7166,0.0,0.0,True
2020-07-01,CMCSA,skip,0.0,0,10.4523,0.0,0.0,True
2020-07-01,COST,skip,0.0,0,7.3613,0.0,0.0,True
2020-07-01,CRM,buy_call,3.8947,2,4.0143,0.1196,0.002392,True
2020-07-01,CSCO,skip,0.0,0,0.9863,0.0,0.0,True
2020-07-01,CSX,skip,0.0,0,2.2942,0.0,0.0,True
2020-07-01,CVS,skip,0.0,0,-3.1245,0.0,0.0,True
2020-07-01,CVX,skip,0.0,0,-5.9285,0.0,0.0,True
2020-07-01,DHR,buy_call,2.4594,2,15.373,12.9137,0.258274,True
2020-07-01,DIS,skip,0.0,0,4.8695,0.0,0.0,True
2020-07-01,DUK,skip,0.0,0,6.0709,0.0,0.0,True
2020-07-01,EL,skip,0.0,0,4.6958,0.0,0.0,True
2020-07-01,ELV,skip,0.0,0,4.4445,0.0,0.0,True
2020-07-01,EOG,skip,0.0,0,-7.5207,0.0,0.0,True
2020-07-01,GILD,skip,0.0,0,-8.8265,0.0,0.0,True
2020-07-01,GM,skip,0.0,0,-1.6206,0.0,0.0,True
2020-07-01,GOOGL,skip,0.0,0,4.9293,0.0,0.0,True
2020-07-01,GS,buy_call,2.7389,2,0.1721,-2.5668,-0.051336,True
2020-07-01,HD,buy_call,2.7959,2,6.6126,3.8167,0.076334,True
2020-07-01,HON,skip,0.0,0,3.3059,0.0,0.0,True
2020-07-01,IBM,skip,0.0,0,1.7968,0.0,0.0,True
2020-07-01,ICE,skip,0.0,0,5.996,0.0,0.0,True
2020-07-01,INTC,skip,0.0,0,-20.224,0.0,0.0,True
2020-07-01,INTU,buy_call,3.5689,2,3.437,-0.132,-0.00264,True
2020-07-01,ISRG,skip,0.0,0,20.2885,0.0,0.0,True
2020-07-01,ITW,buy_call,3.0196,2,6.4781,3.4586,0.069172,True
2020-07-01,JNJ,skip,0.0,0,3.6479,0.0,0.0,True
2020-07-01,JPM,skip,0.0,0,2.7429,0.0,0.0,True
2020-07-01,KO,skip,0.0,0,6.6902,0.0,0.0,True
2020-07-01,LLY,buy_call,3.5202,2,-8.4602,-3.5202,-0.070404,True
2020-07-01,LMT,skip,0.0,0,3.8502,0.0,0.0,True
2020-07-01,LOW,buy_call,2.7959,2,10.2058,7.4099,0.148198,True
2020-07-01,MA,skip,0.0,0,4.3389,0.0,0.0,True
2020-07-01,MCD,skip,0.0,0,5.318,0.0,0.0,True
2020-07-01,MDLZ,skip,0.0,0,9.1485,0.0,0.0,True
2020-07-01,MDT,skip,0.0,0,5.9034,0.0,0.0,True
2020-07-01,META,buy_call,4.3383,2,11.7144,7.3762,0.147524,True
2020-07-01,MMM,buy_call,3.0196,2,-3.5387,-3.0196,-0.060392,True
2020-07-01,MRK,skip,0.0,0,4.5879,0.0,0.0,True
2020-07-01,MS,buy_call,2.7389,2,1.2008,-1.538,-0.03076,True
2020-07-01,MSFT,buy_call,2.8745,2,0.7371,-2.1374,-0.042748,True
2020-07-01,MU,buy_call,5.3919,2,-2.8339,-5.3919,-0.107838,True
2020-07-01,NEE,skip,0.0,0,17.5193,0.0,0.0,True
2020-07-01,NFLX,buy_call,4.4729,2,7.4367,2.9638,0.059276,True
2020-07-01,NKE,skip,0.0,0,-0.4488,0.0,0.0,True
2020-07-01,NOW,buy_call,4.0949,2,8.4284,4.3335,0.08667,True
2020-07-01,NVDA,buy_call,5.3919,2,11.8117,6.4198,0.128396,True
2020-07-01,ORCL,buy_call,3.5955,2,0.3257,-3.2698,-0.065396,True
2020-07-01,PEP,buy_call,2.2339,2,4.8908,2.6568,0.053136,True
2020-07-01,PFE,skip,0.0,0,17.6758,0.0,0.0,True
2020-07-01,PG,buy_call,2.0993,2,9.6596,7.5603,0.151206,True
2020-07-01,PLD,buy_call,3.0196,2,13.6519,10.6323,0.212646,True
2020-07-01,PM,skip,0.0,0,11.3815,0.0,0.0,True
2020-07-01,PYPL,buy_call,2.7116,2,12.5352,9.8235,0.19647,True
2020-07-01,REGN,buy_call,2.8264,2,1.3501,-1.4763,-0.029526,True
2020-07-01,SBUX,skip,0.0,0,3.9951,0.0,0.0,True
2020-07-01,SCHW,skip,0.0,0,-1.7487,0.0,0.0,True
2020-07-01,SO,skip,0.0,0,5.3231,0.0,0.0,True
2020-07-01,SPGI,buy_call,2.7389,2,6.3039,3.565,0.0713,True
2020-07-01,SYK,skip,0.0,0,7.6318,0.0,0.0,True
2020-07-01,T,skip,0.0,0,-2.1502,0.0,0.0,True
2020-07-01,TGT,skip,0.0,0,4.9612,0.0,0.0,True
2020-07-01,TJX,skip,0.0,0,2.8283,0.0,0.0,True
2020-07-01,TMO,buy_call,2.8279,2,14.3183,11.4904,0.229808,True
2020-07-01,TMUS,buy_call,3.1005,2,3.1013,0.0007,1.4e-05,True
2020-07-01,TXN,buy_call,4.1737,2,0.4568,-3.7169,-0.074338,True
2020-07-01,UNH,skip,0.0,0,3.0968,0.0,0.0,True
2020-07-01,UNP,buy_call,3.2317,2,2.5315,-0.7003,-0.014006,True
2020-07-01,V,skip,0.0,0,-1.434,0.0,0.0,True
2020-07-01,VRTX,buy_call,2.8264,2,-6.3071,-2.8264,-0.056528,True
2020-07-01,VZ,skip,0.0,0,4.2626,0.0,0.0,True
2020-07-01,WFC,skip,0.0,0,-5.2344,0.0,0.0,True
2020-07-01,WM,skip,0.0,0,3.9983,0.0,0.0,True
2020-07-01,WMT,skip,0.0,0,8.0314,0.0,0.0,True
2020-07-01,XOM,buy_call,3.2317,2,-5.9034,-3.2317,-0.064634,True
2020-07-01,ZTS,skip,0.0,0,10.683,0.0,0.0,True
2020-08-01,AAPL,buy_call,3.1456,1,21.438,18.2924,0.182924,False
2020-08-01,ABBV,skip,0.0,0,2.1377,0.0,0.0,False
2020-08-01,ABT,buy_call,2.4594,1,9.1961,6.7367,0.067367,False
2020-08-01,ADBE,buy_call,2.8745,1,15.5451,12.6706,0.126706,False
2020-08-01,ADP,skip,0.0,0,4.6497,0.0,0.0,False
2020-08-01,AMAT,buy_call,4.1737,1,-4.2438,-4.1737,-0.041737,False
2020-08-01,AMGN,buy_call,2.8264,1,3.5354,0.709,0.00709,False
2020-08-01,AMT,buy_call,3.0196,1,-4.6827,-3.0196,-0.030196,False
2020-08-01,AMZN,buy_call,3.8265,1,9.0461,5.2196,0.052196,False
2020-08-01,AVGO,buy_call,4.1737,1,9.5975,5.4238,0.054238,False
2020-08-01,AXP,skip,0.0,0,9.3559,0.0,0.0,False
2020-08-01,BA,skip,0.0,0,8.7468,0.0,0.0,False
2020-08-01,BAC,buy_call,3.1976,1,3.4566,0.259,0.00259,False
2020-08-01,BDX,buy_call,2.4594,1,-13.7094,-2.4594,-0.024594,False
2020-08-01,BKNG,buy_call,3.0,1,14.9399,11.9399,0.119399,False
2020-08-01,BLK,buy_call,2.7389,1,3.3356,0.5967,0.005967,False
2020-08-01,BMY,skip,0.0,0,6.8438,0.0,0.0,False
2020-08-01,BRK-B,buy_call,1.809,1,11.3699,9.5609,0.095609,False
2020-08-01,C,skip,0.0,0,3.2547,0.0,0.0,False
2020-08-01,CAT,buy_call,3.2317,1,7.8987,4.667,0.04667,False
2020-08-01,CHTR,buy_call,3.1005,1,6.1397,3.0391,0.030391,False
2020-08-01,CMCSA,buy_call,3.1005,1,4.6962,1.5957,0.015957,False
2020-08-01,COST,buy_call,2.5784,1,7.0278,4.4494,0.044494,False
2020-08-01,CRM,buy_call,3.8947,1,39.9281,36.0334,0.360334,False
2020-08-01,CSCO,buy_call,3.0196,1,-9.6548,-3.0196,-0.030196,False
2020-08-01,CSX,buy_call,3.0,1,7.1769,4.1769,0.041769,False
2020-08-01,CVS,skip,0.0,0,-0.532,0.0,0.0,False
2020-08-01,CVX,skip,0.0,0,-0.0119,0.0,0.0,False
2020-08-01,DHR,buy_call,2.4594,1,1.3101,-1.1493,-0.011493,False
2020-08-01,DIS,buy_call,3.3259,1,12.7672,9.4414,0.094414,False
2020-08-01,DUK,buy_call,1.9747,1,-5.1924,-1.9747,-0.019747,False
2020-08-01,EL,buy_call,3.0,1,12.2406,9.2406,0.092406,False
2020-08-01,ELV,buy_call,2.9729,1,2.8196,-0.1533,-0.001533,False
2020-08-01,EOG,skip,0.0,0,-2.4523,0.0,0.0,False
2020-08-01,GILD,skip,0.0,0,-3.9983,0.0,0.0,False
2020-08-01,GM,skip,0.0,0,19.0438,0.0,0.0,False
2020-08-01,GOOGL,buy_call,3.4858,1,9.5151,6.0293,0.060293,False
2020-08-01,GS,buy_call,2.7389,1,3.4906,0.7517,0.007517,False
2020-08-01,HD,buy_call,2.7959,1,7.3638,4.5679,0.045679,False
2020-08-01,HON,buy_call,3.0196,1,10.8321,7.8126,0.078126,False
2020-08-01,IBM,buy_call,3.0196,1,0.301,-2.7186,-0.027186,False
2020-08-01,ICE,buy_call,3.0,1,9.7644,6.7644,0.067644,False
2020-08-01,INTC,skip,0.0,0,6.7463,0.0,0.0,False
2020-08-01,INTU,buy_call,3.5689,1,12.9291,9.3602,0.093602,False
2020-08-01,ISRG,buy_call,2.4594,1,6.6235,4.1641,0.041641,False
2020-08-01,ITW,buy_call,3.0196,1,6.7896,3.77,0.0377,False
2020-08-01,JNJ,buy_call,2.057,1,5.2484,3.1914,0.031914,False
2020-08-01,JPM,buy_call,2.7389,1,4.6837,1.9448,0.019448,False
2020-08-01,KO,buy_call,1.9747,1,4.8476,2.8728,0.028728,False
2020-08-01,LLY,skip,0.0,0,-1.2642,0.0,0.0,False
2020-08-01,LMT,buy_call,3.2317,1,2.9792,-0.2526,-0.002526,False
2020-08-01,LOW,buy_call,2.7959,1,11.0208,8.2249,0.082249,False
2020-08-01,MA,buy_call,2.7116,1,16.2507,13.5391,0.135391,False
2020-08-01,MCD,buy_call,1.9747,1,9.9032,7.9285,0.079285,False
2020-08-01,MDLZ,buy_call,2.2339,1,5.2802,3.0463,0.030463,False
2020-08-01,MDT,buy_call,2.4594,1,11.3909,8.9315,0.089315,False
2020-08-01,META,buy_call,4.3383,1,15.5833,11.245,0.11245,False
2020-08-01,MMM,skip,0.0,0,8.3405,0.0,0.0,False
2020-08-01,MRK,buy_call,2.7192,1,6.2687,3.5495,0.035495,False
2020-08-01,MS,buy_call,2.7389,1,7.6597,4.9208,0.049208,False
2020-08-01,MSFT,buy_call,2.8745,1,10.0093,7.1348,0.071348,False
2020-08-01,MU,skip,0.0,0,-9.0891,0.0,0.0,False
2020-08-01,NEE,buy_call,1.9747,1,-0.5451,-1.9747,-0.019747,False
2020-08-01,NFLX,buy_call,4.4729,1,8.3211,3.8482,0.038482,False
2020-08-01,NKE,skip,0.0,0,14.6297,0.0,0.0,False
2020-08-01,NOW,buy_call,4.0949,1,9.7495,5.6547,0.056547,False
2020-08-01,NVDA,buy_call,5.3919,1,25.9992,20.6073,0.206073,False
2020-08-01,ORCL,buy_call,3.5955,1,3.6283,0.0328,0.000328,False
2020-08-01,PEP,buy_call,2.2339,1,1.7434,-0.4905,-0.004905,False
2020-08-01,PFE,buy_call,2.8264,1,-0.8333,-2.8264,-0.028264,False
2020-08-01,PG,buy_call,2.0993,1,6.1645,4.0652,0.040652,False
2020-08-01,PLD,buy_call,3.0196,1,-3.377,-3.0196,-0.030196,False
2020-08-01,PM,buy_call,2.2339,1,3.8797,1.6458,0.016458,False
2020-08-01,PYPL,buy_call,2.7116,1,4.1159,1.4042,0.014042,False
2020-08-01,REGN,buy_call,2.8264,1,-1.9207,-2.8264,-0.028264,False
2020-08-01,SBUX,buy_call,1.9747,1,10.375,8.4003,0.084003,False
2020-08-01,SCHW,skip,0.0,0,7.1795,0.0,0.0,False
2020-08-01,SO,buy_call,1.9747,1,-4.4498,-1.9747,-0.019747,False
2020-08-01,SPGI,buy_call,2.7389,1,4.6167,1.8778,0.018778,False
2020-08-01,SYK,buy_call,2.4594,1,2.5142,0.0548,0.000548,False
2020-08-01,T,skip,0.0,0,3.1081,0.0,0.0,False
2020-08-01,TGT,buy_call,2.4474,1,20.1223,17.6749,0.176749,False
2020-08-01,TJX,buy_call,2.4474,1,5.3856,2.9382,0.029382,False
2020-08-01,TMO,buy_call,2.8279,1,3.6309,0.803,0.00803,False
2020-08-01,TMUS,buy_call,3.1005,1,8.6608,5.5603,0.055603,False
2020-08-01,TXN,buy_call,4.1737,1,12.2137,8.04,0.0804,False
2020-08-01,UNH,buy_call,2.9729,1,3.2268,0.2539,0.002539,False
2020-08-01,UNP,buy_call,3.2317,1,11.0124,7.7807,0.077807,False
2020-08-01,V,skip,0.0,0,11.3393,0.0,0.0,False
2020-08-01,VRTX,skip,0.0,0,2.6176,0.0,0.0,False
2020-08-01,VZ,buy_call,3.1005,1,4.2721,1.1716,0.011716,False
2020-08-01,WFC,skip,0.0,0,-0.4534,0.0,0.0,False
2020-08-01,WM,buy_call,3.0,1,4.0146,1.0146,0.010146,False
2020-08-01,WMT,buy_call,2.4474,1,7.3029,4.8555,0.048555,False
2020-08-01,XOM,skip,0.0,0,-5.0856,0.0,0.0,False
2020-08-01,ZTS,buy_call,2.8264,1,5.6991,2.8727,0.028727,False
2020-09-01,AAPL,buy_call,6.0691,1,-10.0908,-6.0691,-0.060691,False
2020-09-01,ABBV,buy_call,2.8359,1,-8.5413,-2.8359,-0.028359,False
2020-09-01,ABT,buy_call,3.4463,1,-0.5846,-3.4463,-0.034463,False
2020-09-01,ADBE,buy_call,4.669,1,-4.4722,-4.669,-0.04669,False
2020-09-01,ADP,buy_call,2.8397,1,0.2876,-2.5521,-0.025521,False
2020-09-01,AMAT,skip,0.0,0,-3.1696,0.0,0.0,False
2020-09-01,AMGN,buy_call,2.8359,1,1.0037,-1.8322,-0.018322,False
2020-09-01,AMT,skip,0.0,0,-2.9781,0.0,0.0,False
2020-09-01,AMZN,buy_call,4.5703,1,-8.7579,-4.5703,-0.045703,False
2020-09-01,AVGO,buy_call,5.3783,1,4.946,-0.4323,-0.004323,False
2020-09-01,AXP,buy_call,3.8997,1,-1.319,-3.8997,-0.038997,False
2020-09-01,BA,buy_call,3.0,1,-3.818,-3.0,-0.03,False
2020-09-01,BAC,buy_call,4.2617,1,-6.4102,-4.2617,-0.042617,False
2020-09-01,BDX,skip,0.0,0,-4.1562,0.0,0.0,False
2020-09-01,BKNG,buy_call,3.0,1,-10.4567,-3.0,-0.03,False
2020-09-01,BLK,buy_call,4.1104,1,-5.1566,-4.1104,-0.041104,False
2020-09-01,BMY,buy_call,2.8359,1,-3.0707,-2.8359,-0.028359,False
2020-09-01,BRK-B,buy_call,2.4579,1,-2.339,-2.4579,-0.024579,False
2020-09-01,C,buy_call,3.0,1,-15.669,-3.0,-0.03,False
2020-09-01,CAT,buy_call,4.2808,1,4.8064,0.5255,0.005255,False
2020-09-01,CHTR,buy_call,3.3743,1,1.4181,-1.9562,-0.019562,False
2020-09-01,CMCSA,buy_call,3.3743,1,3.2359,-0.1384,-0.001384,False
2020-09-01,COST,buy_call,4.461,1,2.1113,-2.3497,-0.023497,False
2020-09-01,CRM,buy_call,5.5979,1,-7.8232,-5.5979,-0.055979,False
2020-09-01,CSCO,skip,0.0,0,-6.703,0.0,0.0,False
2020-09-01,CSX,buy_call,3.0,1,1.9304,-1.0696,-0.010696,False
2020-09-01,CVS,skip,0.0,0,-5.9884,0.0,0.0,False
2020-09-01,CVX,skip,0.0,0,-12.9775,0.0,0.0,False
2020-09-01,DHR,buy_call,3.4463,1,4.2912,0.8449,0.008449,False
2020-09-01,DIS,buy_call,4.1391,1,-5.9073,-4.1391,-0.041391,False
2020-09-01,DUK,skip,0.0,0,11.5076,0.0,0.0,False
2020-09-01,EL,buy_call,3.0,1,-1.3462,-3.0,-0.03,False
2020-09-01,ELV,buy_call,3.7549,1,-4.5929,-3.7549,-0.037549,False
2020-09-01,EOG,skip,0.0,0,-20.7323,0.0,0.0,False
2020-09-01,GILD,skip,0.0,0,-5.3333,0.0,0.0,False
2020-09-01,GM,buy_call,4.2808,1,-0.135,-4.2808,-0.042808,False
2020-09-01,GOOGL,buy_call,3.4858,1,-10.06,-3.4858,-0.034858,False
2020-09-01,GS,buy_call,4.1104,1,-1.3097,-4.1104,-0.041104,False
2020-09-01,HD,buy_call,3.1898,1,-2.5716,-3.1898,-0.031898,False
2020-09-01,HON,buy_call,2.8397,1,-0.0056,-2.8397,-0.028397,False
2020-09-01,IBM,buy_call,2.8397,1,-0.0381,-2.8397,-0.028397,False
2020-09-01,ICE,buy_call,3.0,1,-5.8175,-3.0,-0.03,False
2020-09-01,INTC,buy_call,5.3783,1,2.3192,-3.0591,-0.030591,False
2020-09-01,INTU,buy_call,4.2221,1,-5.5532,-4.2221,-0.042221,False
2020-09-01,ISRG,buy_call,3.4463,1,-2.9145,-3.4463,-0.034463,False
2020-09-01,ITW,buy_call,2.8397,1,-2.1969,-2.8397,-0.028397,False
2020-09-01,JNJ,buy_call,2.8013,1,-2.307,-2.8013,-0.028013,False
2020-09-01,JPM,buy_call,4.1104,1,-3.9125,-4.1104,-0.041104,False
2020-09-01,KO,buy_call,2.8536,1,-0.323,-2.8536,-0.028536,False
2020-09-01,LLY,skip,0.0,0,0.2369,0.0,0.0,False
2020-09-01,LMT,buy_call,4.2808,1,-1.1891,-4.2808,-0.042808,False
2020-09-01,LOW,buy_call,3.1898,1,0.7104,-2.4793,-0.024793,False
2020-09-01,MA,buy_call,3.8997,1,-5.5892,-3.8997,-0.038997,False
2020-09-01,MCD,buy_call,2.8536,1,3.3974,0.5438,0.005438,False
2020-09-01,MDLZ,buy_call,3.0849,1,-1.6604,-3.0849,-0.030849,False
2020-09-01,MDT,buy_call,3.4463,1,-3.3033,-3.4463,-0.034463,False
2020-09-01,META,buy_call,4.3383,1,-10.6753,-4.3383,-0.043383,False
2020-09-01,MMM,buy_call,2.8397,1,-0.8478,-2.8397,-0.028397,False
2020-09-01,MRK,buy_call,2.8293,1,-2.7208,-2.8293,-0.028293,False
2020-09-01,MS,buy_call,4.1104,1,-7.4818,-4.1104,-0.041104,False
2020-09-01,MSFT,buy_call,4.669,1,-6.5142,-4.669,-0.04669,False
2020-09-01,MU,skip,0.0,0,3.1861,0.0,0.0,False
2020-09-01,NEE,skip,0.0,0,-0.0753,0.0,0.0,False
2020-09-01,NFLX,buy_call,6.2661,1,-5.5763,-6.2661,-0.062661,False
2020-09-01,NKE,buy_call,4.7705,1,12.448,7.6776,0.076776,False
2020-09-01,NOW,buy_call,5.7575,1,0.6182,-5.1393,-0.051393,False
2020-09-01,NVDA,buy_call,6.4903,1,1.1664,-5.3239,-0.053239,False
2020-09-01,ORCL,buy_call,4.1942,1,4.3341,0.1399,0.001399,False
2020-09-01,PEP,buy_call,3.0849,1,-1.0424,-3.0849,-0.030849,False
2020-09-01,PFE,skip,0.0,0,-2.8844,0.0,0.0,False
2020-09-01,PG,buy_call,2.4288,1,0.4771,-1.9517,-0.019517,False
2020-09-01,PLD,skip,0.0,0,-1.2174,0.0,0.0,False
2020-09-01,PM,buy_call,3.0849,1,-6.0158,-3.0849,-0.030849,False
2020-09-01,PYPL,buy_call,3.8997,1,-3.4829,-3.8997,-0.038997,False
2020-09-01,REGN,skip,0.0,0,-9.7027,0.0,0.0,False
2020-09-01,SBUX,buy_call,2.8536,1,2.2699,-0.5837,-0.005837,False
2020-09-01,SCHW,buy_call,4.1104,1,2.5097,-1.6007,-0.016007,False
2020-09-01,SO,skip,0.0,0,5.1327,0.0,0.0,False
2020-09-01,SPGI,buy_call,4.1104,1,-1.4048,-4.1104,-0.041104,False
2020-09-01,SYK,buy_call,3.4463,1,5.1524,1.7061,0.017061,False
2020-09-01,T,buy_call,3.3743,1,-4.361,-3.3743,-0.033743,False
2020-09-01,TGT,buy_call,5.6849,1,4.6215,-1.0634,-0.010634,False
2020-09-01,TJX,buy_call,5.6849,1,1.5696,-4.1153,-0.041153,False
2020-09-01,TMO,buy_call,2.8279,1,2.9232,0.0953,0.000953,False
2020-09-01,TMUS,buy_call,3.3743,1,-1.9883,-3.3743,-0.033743,False
2020-09-01,TXN,buy_call,5.3783,1,0.4502,-4.9281,-0.049281,False
2020-09-01,UNH,buy_call,3.7549,1,-0.2496,-3.7549,-0.037549,False
2020-09-01,UNP,buy_call,4.2808,1,2.8149,-1.4659,-0.014659,False
2020-09-01,V,buy_call,2.9148,1,-5.5275,-2.9148,-0.029148,False
2020-09-01,VRTX,buy_call,2.8359,1,-2.5079,-2.8359,-0.028359,False
2020-09-01,VZ,buy_call,3.3743,1,0.3712,-3.0032,-0.030032,False
2020-09-01,WFC,skip,0.0,0,-2.2495,0.0,0.0,False
2020-09-01,WM,buy_call,3.0,1,-0.7281,-3.0,-0.03,False
2020-09-01,WMT,buy_call,5.6849,1,1.1776,-4.5072,-0.045072,False
2020-09-01,XOM,skip,0.0,0,-12.3503,0.0,0.0,False
2020-09-01,ZTS,buy_call,2.8359,1,3.2917,0.4558,0.004558,False
2020-10-01,AAPL,skip,0.0,0,-6.0012,0.0,0.0,True
2020-10-01,ABBV,skip,0.0,0,-2.8428,0.0,0.0,True
2020-10-01,ABT,skip,0.0,0,-3.4182,0.0,0.0,True
2020-10-01,ADBE,skip,0.0,0,-8.8351,0.0,0.0,True
2020-10-01,ADP,buy_call,3.762,4,13.9968,10.2349,0.409396,True
2020-10-01,AMAT,skip,0.0,0,-0.37,0.0,0.0,True
2020-10-01,AMGN,buy_call,4.913,4,-14.6443,-4.913,-0.19652,True
2020-10-01,AMT,skip,0.0,0,-4.5365,0.0,0.0,True
2020-10-01,AMZN,skip,0.0,0,-3.5754,0.0,0.0,True
2020-10-01,AVGO,buy_call,3.481,4,-3.1572,-3.481,-0.13924,True
2020-10-01,AXP,skip,0.0,0,-8.9875,0.0,0.0,True
2020-10-01,BA,skip,0.0,0,-12.6286,0.0,0.0,True
2020-10-01,BAC,skip,0.0,0,-0.9336,0.0,0.0,True
2020-10-01,BDX,skip,0.0,0,-0.3298,0.0,0.0,True
2020-10-01,BKNG,skip,0.0,0,-5.1547,0.0,0.0,True
2020-10-01,BLK,skip,0.0,0,6.9663,0.0,0.0,True
2020-10-01,BMY,skip,0.0,0,-3.0519,0.0,0.0,True
2020-10-01,BRK-B,skip,0.0,0,-5.1846,0.0,0.0,True
2020-10-01,C,skip,0.0,0,-3.9202,0.0,0.0,True
2020-10-01,CAT,buy_call,4.3853,4,5.2967,0.9114,0.036456,True
2020-10-01,CHTR,buy_call,4.6444,4,-3.2867,-4.6444,-0.185776,True
2020-10-01,CMCSA,buy_call,4.6444,4,-8.69,-4.6444,-0.185776,True
2020-10-01,COST,buy_call,2.6565,4,0.738,-1.9185,-0.07674,True
2020-10-01,CRM,skip,0.0,0,-7.58,0.0,0.0,True
2020-10-01,CSCO,skip,0.0,0,-8.8601,0.0,0.0,True
2020-10-01,CSX,buy_call,3.0,4,1.6351,-1.3649,-0.054596,True
2020-10-01,CVS,skip,0.0,0,-3.9555,0.0,0.0,True
2020-10-01,CVX,skip,0.0,0,-3.4722,0.0,0.0,True
2020-10-01,DHR,buy_call,3.6809,4,6.6935,3.0125,0.1205,True
2020-10-01,DIS,skip,0.0,0,-2.2808,0.0,0.0,True
2020-10-01,DUK,buy_call,2.9089,4,4.0086,1.0998,0.043992,True
2020-10-01,EL,skip,0.0,0,0.646,0.0,0.0,True
2020-10-01,ELV,skip,0.0,0,1.9298,0.0,0.0,True
2020-10-01,EOG,skip,0.0,0,-4.7301,0.0,0.0,True
2020-10-01,GILD,skip,0.0,0,-7.0118,0.0,0.0,True
2020-10-01,GM,skip,0.0,0,16.6948,0.0,0.0,True
2020-10-01,GOOGL,skip,0.0,0,10.2695,0.0,0.0,True
2020-10-01,GS,skip,0.0,0,-5.9362,0.0,0.0,True
2020-10-01,HD,skip,0.0,0,-3.4545,0.0,0.0,True
2020-10-01,HON,skip,0.0,0,0.2066,0.0,0.0,True
2020-10-01,IBM,skip,0.0,0,-8.2272,0.0,0.0,True
2020-10-01,ICE,skip,0.0,0,-5.3646,0.0,0.0,True
2020-10-01,INTC,buy_call,3.481,4,-14.4844,-3.481,-0.13924,True
2020-10-01,INTU,skip,0.0,0,-3.5345,0.0,0.0,True
2020-10-01,ISRG,skip,0.0,0,-5.9842,0.0,0.0,True
2020-10-01,ITW,skip,0.0,0,1.976,0.0,0.0,True
2020-10-01,JNJ,skip,0.0,0,-7.9057,0.0,0.0,True
2020-10-01,JPM,skip,0.0,0,1.8386,0.0,0.0,True
2020-10-01,KO,skip,0.0,0,-1.8655,0.0,0.0,True
2020-10-01,LLY,buy_call,4.1615,4,-11.8633,-4.1615,-0.16646,True
2020-10-01,LMT,skip,0.0,0,-8.649,0.0,0.0,True
2020-10-01,LOW,buy_call,2.9287,4,-4.6787,-2.9287,-0.117148,True
2020-10-01,MA,skip,0.0,0,-14.6465,0.0,0.0,True
2020-10-01,MCD,buy_call,2.9089,4,-2.9568,-2.9089,-0.116356,True
2020-10-01,MDLZ,skip,0.0,0,-7.0233,0.0,0.0,True
2020-10-01,MDT,skip,0.0,0,-2.6755,0.0,0.0,True
2020-10-01,META,skip,0.0,0,0.462,0.0,0.0,True
2020-10-01,MMM,skip,0.0,0,-0.1373,0.0,0.0,True
2020-10-01,MRK,skip,0.0,0,-8.6715,0.0,0.0,True
2020-10-01,MS,skip,0.0,0,-0.4136,0.0,0.0,True
2020-10-01,MSFT,skip,0.0,0,-3.737,0.0,0.0,True
2020-10-01,MU,buy_call,5.2051,4,7.1976,1.9926,0.079704,True
2020-10-01,NEE,skip,0.0,0,5.5051,0.0,0.0,True
2020-10-01,NFLX,skip,0.0,0,-4.8577,0.0,0.0,True
2020-10-01,NKE,buy_call,3.4449,4,-4.3492,-3.4449,-0.137796,True
2020-10-01,NOW,buy_call,6.8658,4,2.5918,-4.2741,-0.170964,True
2020-10-01,NVDA,buy_call,5.2051,4,-7.3371,-5.2051,-0.208204,True
2020-10-01,ORCL,buy_call,3.3002,4,-6.0134,-3.3002,-0.132008,True
2020-10-01,PEP,skip,0.0,0,-3.1396,0.0,0.0,True
2020-10-01,PFE,skip,0.0,0,-3.3242,0.0,0.0,True
2020-10-01,PG,buy_call,2.9443,4,-1.3598,-2.9443,-0.117772,True
2020-10-01,PLD,skip,0.0,0,-0.8515,0.0,0.0,True
2020-10-01,PM,skip,0.0,0,-3.7949,0.0,0.0,True
2020-10-01,PYPL,skip,0.0,0,-5.5321,0.0,0.0,True
2020-10-01,REGN,skip,0.0,0,-2.8976,0.0,0.0,True
2020-10-01,SBUX,buy_call,2.9089,4,1.2104,-1.6985,-0.06794,True
2020-10-01,SCHW,buy_call,4.0347,4,13.4695,9.4348,0.377392,True
2020-10-01,SO,buy_call,2.9089,4,5.9572,3.0483,0.121932,True
2020-10-01,SPGI,skip,0.0,0,-10.5019,0.0,0.0,True
2020-10-01,SYK,buy_call,3.6809,4,-2.7825,-3.6809,-0.147236,True
2020-10-01,T,skip,0.0,0,-5.2262,0.0,0.0,True
2020-10-01,TGT,buy_call,2.9323,4,-3.3033,-2.9323,-0.117292,True
2020-10-01,TJX,buy_call,2.9323,4,-8.7152,-2.9323,-0.117292,True
2020-10-01,TMO,buy_call,2.8279,4,7.2118,4.3839,0.175356,True
2020-10-01,TMUS,skip,0.0,0,-4.1885,0.0,0.0,True
2020-10-01,TXN,buy_call,3.481,4,1.2606,-2.2204,-0.088816,True
2020-10-01,UNH,skip,0.0,0,-1.7233,0.0,0.0,True
2020-10-01,UNP,buy_call,4.3853,4,-9.9964,-4.3853,-0.175412,True
2020-10-01,V,skip,0.0,0,-9.1314,0.0,0.0,True
2020-10-01,VRTX,skip,0.0,0,-23.4308,0.0,0.0,True
2020-10-01,VZ,buy_call,4.6444,4,-4.2024,-4.6444,-0.185776,True
2020-10-01,WFC,skip,0.0,0,-8.7622,0.0,0.0,True
2020-10-01,WM,skip,0.0,0,-4.1904,0.0,0.0,True
2020-10-01,WMT,buy_call,2.9323,4,-0.8291,-2.9323,-0.117292,True
2020-10-01,XOM,skip,0.0,0,-4.9811,0.0,0.0,True
2020-10-01,ZTS,buy_call,4.913,4,-4.124,-4.913,-0.19652,True
2020-11-01,AAPL,skip,0.0,0,9.3606,0.0,0.0,True
2020-11-01,ABBV,skip,0.0,0,24.5642,0.0,0.0,True
2020-11-01,ABT,skip,0.0,0,3.302,0.0,0.0,True
2020-11-01,ADBE,skip,0.0,0,7.0163,0.0,0.0,True
2020-11-01,ADP,buy_call,4.3521,10,10.0785,5.7264,0.57264,True
2020-11-01,AMAT,skip,0.0,0,39.2538,0.0,0.0,True
2020-11-01,AMGN,skip,0.0,0,2.3509,0.0,0.0,True
2020-11-01,AMT,skip,0.0,0,0.6749,0.0,0.0,True
2020-11-01,AMZN,skip,0.0,0,4.344,0.0,0.0,True
2020-11-01,AVGO,skip,0.0,0,14.8585,0.0,0.0,True
2020-11-01,AXP,skip,0.0,0,30.5188,0.0,0.0,True
2020-11-01,BA,skip,0.0,0,45.9312,0.0,0.0,True
2020-11-01,BAC,skip,0.0,0,18.8186,0.0,0.0,True
2020-11-01,BDX,skip,0.0,0,1.6052,0.0,0.0,True
2020-11-01,BKNG,skip,0.0,0,25.02,0.0,0.0,True
2020-11-01,BLK,buy_call,4.417,10,16.5452,12.1282,1.21282,True
2020-11-01,BMY,skip,0.0,0,7.5607,0.0,0.0,True
2020-11-01,BRK-B,skip,0.0,0,13.3779,0.0,0.0,True
2020-11-01,C,skip,0.0,0,34.6029,0.0,0.0,True
2020-11-01,CAT,buy_call,6.7996,10,11.2068,4.4072,0.44072,True
2020-11-01,CHTR,skip,0.0,0,7.9775,0.0,0.0,True
2020-11-01,CMCSA,skip,0.0,0,19.5396,0.0,0.0,True
2020-11-01,COST,buy_call,3.8827,10,9.7598,5.8771,0.58771,True
2020-11-01,CRM,skip,0.0,0,5.8251,0.0,0.0,True
2020-11-01,CSCO,skip,0.0,0,20.9381,0.0,0.0,True
2020-11-01,CSX,buy_call,3.0,10,14.074,11.074,1.1074,True
2020-11-01,CVS,skip,0.0,0,21.8848,0.0,0.0,True
2020-11-01,CVX,skip,0.0,0,25.4389,0.0,0.0,True
2020-11-01,DHR,buy_call,3.5069,10,-2.139,-3.5069,-0.35069,True
2020-11-01,DIS,skip,0.0,0,22.0701,0.0,0.0,True
2020-11-01,DUK,buy_call,3.9539,10,0.5971,-3.3568,-0.33568,True
2020-11-01,EL,buy_call,3.0,10,11.6817,8.6817,0.86817,True
2020-11-01,ELV,buy_call,6.6682,10,14.1936,7.5253,0.75253,True
2020-11-01,EOG,skip,0.0,0,38.2944,0.0,0.0,True
2020-11-01,GILD,skip,0.0,0,4.3336,0.0,0.0,True
2020-11-01,GM,buy_call,6.7996,10,26.9621,20.1624,2.01624,True
2020-11-01,GOOGL,buy_call,5.1795,10,8.557,3.3774,0.33774,True
2020-11-01,GS,skip,0.0,0,21.9742,0.0,0.0,True
2020-11-01,HD,skip,0.0,0,4.0119,0.0,0.0,True
2020-11-01,HON,buy_call,4.3521,10,23.6253,19.2732,1.92732,True
2020-11-01,IBM,skip,0.0,0,10.6215,0.0,0.0,True
2020-11-01,ICE,skip,0.0,0,11.7691,0.0,0.0,True
2020-11-01,INTC,skip,0.0,0,9.1915,0.0,0.0,True
2020-11-01,INTU,skip,0.0,0,12.0635,0.0,0.0,True
2020-11-01,ISRG,skip,0.0,0,8.84,0.0,0.0,True
2020-11-01,ITW,buy_call,4.3521,10,7.765,3.4129,0.34129,True
2020-11-01,JNJ,skip,0.0,0,5.5211,0.0,0.0,True
2020-11-01,JPM,buy_call,4.417,10,21.3523,16.9354,1.69354,True
2020-11-01,KO,skip,0.0,0,7.3658,0.0,0.0,True
2020-11-01,LLY,skip,0.0,0,11.6434,0.0,0.0,True
2020-11-01,LMT,skip,0.0,0,4.247,0.0,0.0,True
2020-11-01,LOW,skip,0.0,0,-1.1033,0.0,0.0,True
2020-11-01,MA,skip,0.0,0,16.7205,0.0,0.0,True
2020-11-01,MCD,skip,0.0,0,2.0845,0.0,0.0,True
2020-11-01,MDLZ,skip,0.0,0,8.1514,0.0,0.0,True
2020-11-01,MDT,skip,0.0,0,13.0556,0.0,0.0,True
2020-11-01,META,buy_call,4.3383,10,5.2678,0.9295,0.09295,True
2020-11-01,MMM,skip,0.0,0,7.9832,0.0,0.0,True
2020-11-01,MRK,skip,0.0,0,6.8874,0.0,0.0,True
2020-11-01,MS,skip,0.0,0,29.363,0.0,0.0,True
2020-11-01,MSFT,skip,0.0,0,5.7292,0.0,0.0,True
2020-11-01,MU,buy_call,5.9984,10,27.3142,21.3158,2.13158,True
2020-11-01,NEE,buy_call,3.9539,10,0.5191,-3.4349,-0.34349,True
2020-11-01,NFLX,skip,0.0,0,3.1446,0.0,0.0,True
2020-11-01,NKE,skip,0.0,0,12.1752,0.0,0.0,True
2020-11-01,NOW,buy_call,3.5849,10,7.4321,3.8472,0.38472,True
2020-11-01,NVDA,skip,0.0,0,6.9212,0.0,0.0,True
2020-11-01,ORCL,skip,0.0,0,3.2859,0.0,0.0,True
2020-11-01,PEP,skip,0.0,0,8.2077,0.0,0.0,True
2020-11-01,PFE,skip,0.0,0,13.807,0.0,0.0,True
2020-11-01,PG,skip,0.0,0,1.8534,0.0,0.0,True
2020-11-01,PLD,skip,0.0,0,0.8569,0.0,0.0,True
2020-11-01,PM,skip,0.0,0,6.6601,0.0,0.0,True
2020-11-01,PYPL,skip,0.0,0,15.0379,0.0,0.0,True
2020-11-01,REGN,skip,0.0,0,-5.0647,0.0,0.0,True
2020-11-01,SBUX,buy_call,3.9539,10,12.7185,8.7646,0.87646,True
2020-11-01,SCHW,buy_call,4.417,10,18.6572,14.2403,1.42403,True
2020-11-01,SO,buy_call,3.9539,10,4.1775,0.2236,0.02236,True
2020-11-01,SPGI,skip,0.0,0,9.0013,0.0,0.0,True
2020-11-01,SYK,skip,0.0,0,15.5389,0.0,0.0,True
2020-11-01,T,skip,0.0,0,9.0086,0.0,0.0,True
2020-11-01,TGT,skip,0.0,0,17.9411,0.0,0.0,True
2020-11-01,TJX,skip,0.0,0,25.0197,0.0,0.0,True
2020-11-01,TMO,buy_call,2.8279,10,-1.7205,-2.8279,-0.28279,True
2020-11-01,TMUS,skip,0.0,0,21.3289,0.0,0.0,True
2020-11-01,TXN,buy_call,5.0825,10,12.3234,7.2409,0.72409,True
2020-11-01,UNH,skip,0.0,0,10.2248,0.0,0.0,True
2020-11-01,UNP,skip,0.0,0,15.1758,0.0,0.0,True
2020-11-01,V,skip,0.0,0,15.7614,0.0,0.0,True
2020-11-01,VRTX,skip,0.0,0,9.306,0.0,0.0,True
2020-11-01,VZ,skip,0.0,0,7.1297,0.0,0.0,True
2020-11-01,WFC,skip,0.0,0,27.5058,0.0,0.0,True
2020-11-01,WM,skip,0.0,0,10.3975,0.0,0.0,True
2020-11-01,WMT,skip,0.0,0,10.1189,0.0,0.0,True
2020-11-01,XOM,skip,0.0,0,16.8915,0.0,0.0,True
2020-11-01,ZTS,skip,0.0,0,1.2808,0.0,0.0,True
2020-12-01,AAPL,buy_call,4.1086,1,11.6497,7.5411,0.075411,False
2020-12-01,ABBV,buy_call,3.2155,1,2.4574,-0.758,-0.00758,False
2020-12-01,ABT,buy_call,3.3064,1,1.1735,-2.1329,-0.021329,False
2020-12-01,ADBE,buy_call,2.7365,1,4.5248,1.7884,0.017884,False
2020-12-01,ADP,buy_call,3.5475,1,1.3342,-2.2133,-0.022133,False
2020-12-01,AMAT,buy_call,2.6757,1,4.9418,2.2661,0.022661,False
2020-12-01,AMGN,buy_call,3.2155,1,4.2523,1.0368,0.010368,False
2020-12-01,AMT,buy_call,3.5475,1,-2.9152,-3.5475,-0.035475,False
2020-12-01,AMZN,buy_call,3.3216,1,2.8058,-0.5158,-0.005158,False
2020-12-01,AVGO,buy_call,2.6757,1,9.0318,6.3561,0.063561,False
2020-12-01,AXP,buy_call,3.198,1,1.9563,-1.2416,-0.012416,False
2020-12-01,BA,buy_call,3.0,1,1.5899,-1.4101,-0.014101,False
2020-12-01,BAC,buy_call,3.4052,1,7.6349,4.2297,0.042297,False
2020-12-01,BDX,buy_call,3.3064,1,6.5491,3.2427,0.032427,False
2020-12-01,BKNG,buy_call,3.0,1,9.8016,6.8016,0.068016,False
2020-12-01,BLK,buy_call,3.5328,1,3.3207,-0.2121,-0.002121,False
2020-12-01,BMY,buy_call,3.2155,1,-0.5929,-3.2155,-0.032155,False
2020-12-01,BRK-B,buy_call,1.8021,1,1.2931,-0.509,-0.00509,False
2020-12-01,C,buy_call,3.0,1,11.9666,8.9666,0.089666,False
2020-12-01,CAT,buy_call,3.9329,1,4.8563,0.9233,0.009233,False
2020-12-01,CHTR,buy_call,4.0571,1,1.4663,-2.5909,-0.025909,False
2020-12-01,CMCSA,buy_call,4.0571,1,4.2994,0.2422,0.002422,False
2020-12-01,COST,buy_call,2.0898,1,-3.8262,-2.0898,-0.020898,False
2020-12-01,CRM,buy_call,3.75,1,-9.467,-3.75,-0.0375,False
2020-12-01,CSCO,buy_call,3.5475,1,4.0214,0.4739,0.004739,False
2020-12-01,CSX,buy_call,3.0,1,1.0622,-1.9378,-0.019378,False
2020-12-01,CVS,buy_call,4.6984,1,0.7523,-3.9461,-0.039461,False
2020-12-01,CVX,buy_call,3.9435,1,-1.7061,-3.9435,-0.039435,False
2020-12-01,DHR,skip,0.0,0,-1.1085,0.0,0.0,False
2020-12-01,DIS,buy_call,3.3259,1,22.4107,19.0848,0.190848,False
2020-12-01,DUK,buy_call,2.2533,1,-0.1974,-2.2533,-0.022533,False
2020-12-01,EL,buy_call,3.0,1,8.7407,5.7407,0.057407,False
2020-12-01,ELV,buy_call,4.6984,1,3.072,-1.6263,-0.016263,False
2020-12-01,EOG,buy_call,3.9329,1,6.378,2.4451,0.024451,False
2020-12-01,GILD,buy_call,3.2155,1,-3.9723,-3.2155,-0.032155,False
2020-12-01,GM,buy_call,3.9329,1,-5.0182,-3.9329,-0.039329,False
2020-12-01,GOOGL,buy_call,4.56,1,-0.1003,-4.56,-0.0456,False
2020-12-01,GS,buy_call,3.5328,1,14.3681,10.8353,0.108353,False
2020-12-01,HD,buy_call,2.4067,1,-4.25,-2.4067,-0.024067,False
2020-12-01,HON,buy_call,3.5475,1,4.7946,1.2471,0.012471,False
2020-12-01,IBM,buy_call,3.5475,1,3.3884,-0.1591,-0.001591,False
2020-12-01,ICE,buy_call,3.0,1,9.2693,6.2693,0.062693,False
2020-12-01,INTC,buy_call,2.6757,1,3.7898,1.1141,0.011141,False
2020-12-01,INTU,buy_call,3.5847,1,7.9058,4.3211,0.043211,False
2020-12-01,ISRG,buy_call,3.3064,1,12.6782,9.3718,0.093718,False
2020-12-01,ITW,buy_call,3.5475,1,-3.4156,-3.5475,-0.035475,False
2020-12-01,JNJ,buy_call,2.4675,1,9.5339,7.0664,0.070664,False
2020-12-01,JPM,buy_call,3.5328,1,7.7961,4.2633,0.042633,False
2020-12-01,KO,buy_call,2.2533,1,7.1124,4.8591,0.048591,False
2020-12-01,LLY,buy_call,3.5416,1,16.5173,12.9757,0.129757,False
2020-12-01,LMT,buy_call,3.9329,1,-2.065,-3.9329,-0.039329,False
2020-12-01,LOW,skip,0.0,0,3.0099,0.0,0.0,False
2020-12-01,MA,buy_call,3.198,1,6.0711,2.8732,0.028732,False
2020-12-01,MCD,buy_call,2.2533,1,-0.7288,-2.2533,-0.022533,False
2020-12-01,MDLZ,buy_call,1.9996,1,1.7755,-0.2241,-0.002241,False
2020-12-01,MDT,buy_call,3.3064,1,3.0255,-0.2809,-0.002809,False
2020-12-01,META,buy_call,4.3383,1,-1.3756,-4.3383,-0.043383,False
2020-12-01,MMM,buy_call,3.5475,1,2.068,-1.4795,-0.014795,False
2020-12-01,MRK,buy_call,2.8863,1,1.7539,-1.1323,-0.011323,False
2020-12-01,MS,buy_call,3.5328,1,10.8362,7.3034,0.073034,False
2020-12-01,MSFT,buy_call,2.7365,1,4.1726,1.4361,0.014361,False
2020-12-01,MU,buy_call,4.0542,1,17.3038,13.2496,0.132496,False
2020-12-01,NEE,buy_call,2.2533,1,5.3293,3.076,0.03076,False
2020-12-01,NFLX,buy_call,5.0971,1,10.1956,5.0986,0.050986,False
2020-12-01,NKE,buy_call,2.5023,1,5.026,2.5237,0.025237,False
2020-12-01,NOW,buy_call,4.0261,1,2.9707,-1.0554,-0.010554,False
2020-12-01,NVDA,buy_call,4.0542,1,-2.5855,-4.0542,-0.040542,False
2020-12-01,ORCL,buy_call,2.4141,1,12.0755,9.6615,0.096615,False
2020-12-01,PEP,buy_call,1.9996,1,2.8219,0.8223,0.008223,False
2020-12-01,PFE,buy_call,3.2155,1,-2.9273,-3.2155,-0.032155,False
2020-12-01,PG,buy_call,3.8939,1,0.1944,-3.6994,-0.036994,False
2020-12-01,PLD,buy_call,3.5475,1,-0.3898,-3.5475,-0.035475,False
2020-12-01,PM,buy_call,1.9996,1,9.2938,7.2942,0.072942,False
2020-12-01,PYPL,buy_call,3.198,1,9.3779,6.18,0.0618,False
2020-12-01,REGN,skip,0.0,0,-6.3795,0.0,0.0,False
2020-12-01,SBUX,buy_call,2.2533,1,9.6557,7.4023,0.074023,False
2020-12-01,SCHW,buy_call,3.5328,1,9.1581,5.6253,0.056253,False
2020-12-01,SO,buy_call,2.2533,1,3.6846,1.4313,0.014313,False
2020-12-01,SPGI,buy_call,3.5328,1,-6.3663,-3.5328,-0.035328,False
2020-12-01,SYK,buy_call,3.3064,1,4.9872,1.6807,0.016807,False
2020-12-01,T,buy_call,4.0571,1,0.0348,-4.0223,-0.040223,False
2020-12-01,TGT,buy_call,2.417,1,-1.2646,-2.417,-0.02417,False
2020-12-01,TJX,buy_call,2.417,1,7.5264,5.1093,0.051093,False
2020-12-01,TMO,skip,0.0,0,0.172,0.0,0.0,False
2020-12-01,TMUS,buy_call,4.0571,1,1.4367,-2.6204,-0.026204,False
2020-12-01,TXN,buy_call,2.6757,1,1.786,-0.8897,-0.008897,False
2020-12-01,UNH,buy_call,4.6984,1,4.2635,-0.4349,-0.004349,False
2020-12-01,UNP,buy_call,3.9329,1,2.5084,-1.4245,-0.014245,False
2020-12-01,V,buy_call,2.565,1,4.1405,1.5755,0.015755,False
2020-12-01,VRTX,buy_call,3.2155,1,3.7717,0.5562,0.005562,False
2020-12-01,VZ,buy_call,4.0571,1,-2.7479,-4.0571,-0.040571,False
2020-12-01,WFC,buy_call,4.6549,1,10.854,6.1991,0.061991,False
2020-12-01,WM,buy_call,3.0,1,-1.0073,-3.0,-0.03,False
2020-12-01,WMT,buy_call,2.417,1,-5.6548,-2.417,-0.02417,False
2020-12-01,XOM,buy_call,3.9329,1,10.712,6.7791,0.067791,False
2020-12-01,ZTS,buy_call,3.2155,1,3.1924,-0.0231,-0.000231,False
2021-01-01,AAPL,buy_call,5.5919,1,-0.5502,-5.5919,-0.055919,False
2021-01-01,ABBV,buy_call,3.1765,1,-4.3584,-3.1765,-0.031765,False
2021-01-01,ABT,buy_call,3.6151,1,12.8779,9.2628,0.092628,False
2021-01-01,ACN,buy_call,3.0424,1,-7.3849,-3.0424,-0.030424,False
2021-01-01,ADBE,buy_call,3.9524,1,-8.268,-3.9524,-0.039524,False
2021-01-01,AMAT,buy_call,3.1741,1,12.0278,8.8537,0.088537,False
2021-01-01,AMD,skip,0.0,0,-6.6187,0.0,0.0,False
2021-01-01,AMGN,buy_call,3.1765,1,5.0061,1.8296,0.018296,False
2021-01-01,AMT,skip,0.0,0,1.8589,0.0,0.0,False
2021-01-01,AMZN,buy_call,4.5475,1,-1.5576,-4.5475,-0.045475,False
2021-01-01,AVGO,buy_call,3.1741,1,3.7658,0.5917,0.005917,False
2021-01-01,AXP,buy_call,3.9796,1,-3.8458,-3.9796,-0.039796,False
2021-01-01,BA,buy_call,3.0,1,-9.2824,-3.0,-0.03,False
2021-01-01,BAC,buy_call,3.3967,1,-1.5678,-3.3967,-0.033967,False
2021-01-01,BKNG,buy_call,3.0,1,-12.7034,-3.0,-0.03,False
2021-01-01,BLK,buy_call,3.1226,1,-2.3171,-3.1226,-0.031226,False
2021-01-01,BMY,skip,0.0,0,-0.1773,0.0,0.0,False
2021-01-01,BRK-B,buy_call,1.9106,1,-1.7251,-1.9106,-0.019106,False
2021-01-01,C,buy_call,3.0,1,-5.952,-3.0,-0.03,False
2021-01-01,CAT,buy_call,5.7339,1,0.4505,-5.2834,-0.052834,False
2021-01-01,CHTR,buy_call,3.639,1,-8.1611,-3.639,-0.03639,False
2021-01-01,CI,skip,0.0,0,4.2607,0.0,0.0,False
2021-01-01,CMCSA,buy_call,3.639,1,-5.4008,-3.639,-0.03639,False
2021-01-01,COST,skip,0.0,0,-4.0126,0.0,0.0,False
2021-01-01,CRM,skip,0.0,0,1.3616,0.0,0.0,False
2021-01-01,CSCO,buy_call,4.0074,1,-0.3799,-4.0074,-0.040074,False
2021-01-01,CSX,buy_call,3.0,1,-5.4986,-3.0,-0.03,False
2021-01-01,CVS,buy_call,3.3225,1,4.9048,1.5823,0.015823,False
2021-01-01,CVX,skip,0.0,0,0.8881,0.0,0.0,False
2021-01-01,DE,buy_call,5.7339,1,7.649,1.9151,0.019151,False
2021-01-01,DHR,skip,0.0,0,7.1551,0.0,0.0,False
2021-01-01,DIS,buy_call,4.7123,1,-7.1807,-4.7123,-0.047123,False
2021-01-01,DUK,skip,0.0,0,2.6649,0.0,0.0,False
2021-01-01,EL,buy_call,3.0,1,-11.0973,-3.0,-0.03,False
2021-01-01,ELV,buy_call,3.3225,1,-7.2359,-3.3225,-0.033225,False
2021-01-01,EW,buy_call,3.6151,1,-9.4815,-3.6151,-0.036151,False
2021-01-01,GE,buy_call,5.7339,1,-1.0201,-5.7339,-0.057339,False
2021-01-01,GOOGL,skip,0.0,0,4.2633,0.0,0.0,False
2021-01-01,GS,buy_call,3.1226,1,3.3894,0.2668,0.002668,False
2021-01-01,HD,skip,0.0,0,2.5136,0.0,0.0,False
2021-01-01,HON,buy_call,4.0074,1,-8.1476,-4.0074,-0.040074,False
2021-01-01,HUM,buy_call,3.3225,1,-6.4768,-3.3225,-0.033225,False
2021-01-01,INTC,buy_call,3.1741,1,11.4211,8.247,0.08247,False
2021-01-01,INTU,buy_call,3.2594,1,-4.9019,-3.2594,-0.032594,False
2021-01-01,ISRG,buy_call,3.6151,1,-8.6126,-3.6151,-0.036151,False
2021-01-01,ITW,skip,0.0,0,-4.198,0.0,0.0,False
2021-01-01,JNJ,buy_call,3.1623,1,3.6536,0.4913,0.004913,False
2021-01-01,JPM,buy_call,3.1226,1,1.2591,-1.8635,-0.018635,False
2021-01-01,KO,buy_call,3.1439,1,-12.1991,-3.1439,-0.031439,False
2021-01-01,LLY,buy_call,3.5347,1,23.1758,19.6411,0.196411,False
2021-01-01,LMT,skip,0.0,0,-9.3414,0.0,0.0,False
2021-01-01,LOW,buy_call,2.7314,1,3.9499,1.2185,0.012185,False
2021-01-01,LRCX,buy_call,3.1741,1,2.7357,-0.4384,-0.004384,False
2021-01-01,MA,buy_call,3.9796,1,-11.3885,-3.9796,-0.039796,False
2021-01-01,MCD,skip,0.0,0,-3.141,0.0,0.0,False
2021-01-01,MDLZ,buy_call,2.4962,1,-4.6684,-2.4962,-0.024962,False
2021-01-01,MDT,buy_call,3.6151,1,-4.4852,-3.6151,-0.036151,False
2021-01-01,META,skip,0.0,0,-5.4291,0.0,0.0,False
2021-01-01,MMM,buy_call,4.0074,1,0.4977,-3.5097,-0.035097,False
2021-01-01,MRK,buy_call,2.715,1,-5.0383,-2.715,-0.02715,False
2021-01-01,MS,buy_call,3.1226,1,-2.1596,-3.1226,-0.031226,False
2021-01-01,MSFT,buy_call,3.9524,1,4.2892,0.3367,0.003367,False
2021-01-01,MU,buy_call,4.7857,1,4.1102,-0.6755,-0.006755,False
2021-01-01,NEE,buy_call,3.1439,1,4.8218,1.6778,0.016778,False
2021-01-01,NFLX,buy_call,3.9861,1,-1.5424,-3.9861,-0.039861,False
2021-01-01,NKE,buy_call,3.2585,1,-5.3801,-3.2585,-0.032585,False
2021-01-01,NOW,buy_call,5.5016,1,-1.3208,-5.5016,-0.055016,False
2021-01-01,NVDA,skip,0.0,0,-0.4704,0.0,0.0,False
2021-01-01,ORCL,buy_call,3.1744,1,-6.5853,-3.1744,-0.031744,False
2021-01-01,PEP,buy_call,2.4962,1,-7.2536,-2.4962,-0.024962,False
2021-01-01,PFE,skip,0.0,0,-2.4722,0.0,0.0,False
2021-01-01,PG,buy_call,2.2541,1,-7.8554,-2.2541,-0.022541,False
2021-01-01,PLD,skip,0.0,0,4.1571,0.0,0.0,False
2021-01-01,PYPL,buy_call,3.9796,1,0.047,-3.9326,-0.039326,False
2021-01-01,QCOM,buy_call,5.6825,1,3.0291,-2.6534,-0.026534,False
2021-01-01,SBUX,buy_call,3.1439,1,-9.5065,-3.1439,-0.031439,False
2021-01-01,SCHW,buy_call,3.1226,1,-2.828,-3.1226,-0.031226,False
2021-01-01,SO,buy_call,3.1439,1,-4.086,-3.1439,-0.031439,False
2021-01-01,SPGI,skip,0.0,0,-3.5683,0.0,0.0,False
2021-01-01,SYK,buy_call,3.6151,1,-9.57,-3.6151,-0.036151,False
2021-01-01,T,buy_call,3.639,1,-0.452,-3.639,-0.03639,False
2021-01-01,TGT,skip,0.0,0,2.6284,0.0,0.0,False
2021-01-01,TJX,buy_call,3.3094,1,-6.2235,-3.3094,-0.033094,False
2021-01-01,TMO,buy_call,3.4763,1,9.4804,6.0042,0.060042,False
2021-01-01,TMUS,buy_call,3.639,1,-6.5035,-3.639,-0.03639,False
2021-01-01,TSLA,buy_call,9.3495,1,12.4506,3.1011,0.031011,False
2021-01-01,TXN,buy_call,3.1741,1,0.9504,-2.2236,-0.022236,False
2021-01-01,UNH,buy_call,3.3225,1,-4.534,-3.3225,-0.033225,False
2021-01-01,UNP,buy_call,5.7339,1,-5.1628,-5.7339,-0.057339,False
2021-01-01,UPS,skip,0.0,0,-7.9573,0.0,0.0,False
2021-01-01,V,buy_call,3.1651,1,-11.6491,-3.1651,-0.031651,False
2021-01-01,VRTX,buy_call,3.1765,1,-3.0718,-3.1765,-0.031765,False
2021-01-01,VZ,skip,0.0,0,-6.8085,0.0,0.0,False
2021-01-01,WMT,skip,0.0,0,-2.1828,0.0,0.0,False
2021-01-01,XOM,buy_call,5.7339,1,8.7822,3.0483,0.030483,False
2021-01-01,ZTS,buy_call,3.1765,1,-6.7976,-3.1765,-0.031765,False
2021-02-01,AAPL,skip,0.0,0,-8.1085,0.0,0.0,True
2021-02-01,ABBV,skip,0.0,0,6.3623,0.0,0.0,True
2021-02-01,ABT,buy_call,3.0845,2,-2.6923,-3.0845,-0.06169,True
2021-02-01,ACN,skip,0.0,0,4.0664,0.0,0.0,True
2021-02-01,ADBE,skip,0.0,0,0.1962,0.0,0.0,True
2021-02-01,AMAT,buy_call,5.0332,2,22.2487,17.2155,0.34431,True
2021-02-01,AMD,skip,0.0,0,-1.3195,0.0,0.0,True
2021-02-01,AMGN,buy_call,2.6027,2,-6.8384,-2.6027,-0.052054,True
2021-02-01,AMT,buy_call,3.3063,2,-4.9393,-3.3063,-0.066126,True
2021-02-01,AMZN,skip,0.0,0,-3.5328,0.0,0.0,True
2021-02-01,AVGO,buy_call,5.0332,2,4.2997,-0.7335,-0.01467,True
2021-02-01,AXP,skip,0.0,0,16.7506,0.0,0.0,True
2021-02-01,BA,skip,0.0,0,9.1766,0.0,0.0,True
2021-02-01,BAC,skip,0.0,0,17.0658,0.0,0.0,True
2021-02-01,BKNG,skip,0.0,0,19.759,0.0,0.0,True
2021-02-01,BLK,skip,0.0,0,-0.9639,0.0,0.0,True
2021-02-01,BMY,skip,0.0,0,-0.1628,0.0,0.0,True
2021-02-01,BRK-B,skip,0.0,0,5.547,0.0,0.0,True
2021-02-01,C,skip,0.0,0,14.5742,0.0,0.0,True
2021-02-01,CAT,buy_call,4.2166,2,18.6987,14.4821,0.289642,True
2021-02-01,CHTR,skip,0.0,0,0.9645,0.0,0.0,True
2021-02-01,CI,buy_call,3.4282,2,-3.2942,-3.4282,-0.068564,True
2021-02-01,CMCSA,skip,0.0,0,6.8412,0.0,0.0,True
2021-02-01,COST,skip,0.0,0,-6.0806,0.0,0.0,True
2021-02-01,CRM,buy_call,4.3926,2,-4.0167,-4.3926,-0.087852,True
2021-02-01,CSCO,skip,0.0,0,1.4668,0.0,0.0,True
2021-02-01,CSX,skip,0.0,0,6.7514,0.0,0.0,True
2021-02-01,CVS,buy_call,3.4282,2,-4.2767,-3.4282,-0.068564,True
2021-02-01,CVX,buy_call,3.5674,2,17.3709,13.8035,0.27607,True
2021-02-01,DE,buy_call,4.2166,2,20.8864,16.6698,0.333396,True
2021-02-01,DHR,buy_call,3.0845,2,-7.6396,-3.0845,-0.06169,True
2021-02-01,DIS,skip,0.0,0,12.4101,0.0,0.0,True
2021-02-01,DUK,buy_call,2.7944,2,-8.9468,-2.7944,-0.055888,True
2021-02-01,EL,skip,0.0,0,20.7944,0.0,0.0,True
2021-02-01,ELV,skip,0.0,0,2.091,0.0,0.0,True
2021-02-01,EW,skip,0.0,0,0.6297,0.0,0.0,True
2021-02-01,GE,skip,0.0,0,17.4158,0.0,0.0,True
2021-02-01,GOOGL,buy_call,3.4858,2,10.6465,7.1607,0.143214,True
2021-02-01,GS,buy_call,2.8914,2,17.8154,14.924,0.29848,True
2021-02-01,HD,buy_call,3.2887,2,-4.6082,-3.2887,-0.065774,True
2021-02-01,HON,skip,0.0,0,3.5727,0.0,0.0,True
2021-02-01,HUM,skip,0.0,0,-0.9031,0.0,0.0,True
2021-02-01,INTC,buy_call,5.0332,2,9.4938,4.4606,0.089212,True
2021-02-01,INTU,skip,0.0,0,8.1763,0.0,0.0,True
2021-02-01,ISRG,skip,0.0,0,-1.4499,0.0,0.0,True
2021-02-01,ITW,skip,0.0,0,4.1038,0.0,0.0,True
2021-02-01,JNJ,buy_call,2.8356,2,-2.8628,-2.8356,-0.056712,True
2021-02-01,JPM,buy_call,2.8914,2,15.2016,12.3102,0.246204,True
2021-02-01,KO,skip,0.0,0,1.7446,0.0,0.0,True
2021-02-01,LLY,buy_call,4.2246,2,-1.481,-4.2246,-0.084492,True
2021-02-01,LMT,skip,0.0,0,2.6195,0.0,0.0,True
2021-02-01,LOW,buy_call,3.2887,2,-3.9189,-3.2887,-0.065774,True
2021-02-01,LRCX,buy_call,5.0332,2,17.2001,12.1669,0.243338,True
2021-02-01,MA,skip,0.0,0,12.017,0.0,0.0,True
2021-02-01,MCD,skip,0.0,0,-0.8179,0.0,0.0,True
2021-02-01,MDLZ,skip,0.0,0,-4.1125,0.0,0.0,True
2021-02-01,MDT,skip,0.0,0,5.066,0.0,0.0,True
2021-02-01,META,skip,0.0,0,-0.2748,0.0,0.0,True
2021-02-01,MMM,buy_call,3.3063,2,-0.3416,-3.3063,-0.066126,True
2021-02-01,MRK,skip,0.0,0,-5.774,0.0,0.0,True
2021-02-01,MS,skip,0.0,0,15.2353,0.0,0.0,True
2021-02-01,MSFT,buy_call,2.8599,2,0.1811,-2.6789,-0.053578,True
2021-02-01,MU,buy_call,6.0448,2,16.9414,10.8965,0.21793,True
2021-02-01,NEE,buy_call,2.7944,2,-9.1381,-2.7944,-0.055888,True
2021-02-01,NFLX,skip,0.0,0,1.2134,0.0,0.0,True
2021-02-01,NKE,skip,0.0,0,0.8908,0.0,0.0,True
2021-02-01,NOW,skip,0.0,0,-1.7858,0.0,0.0,True
2021-02-01,NVDA,skip,0.0,0,5.5794,0.0,0.0,True
2021-02-01,ORCL,skip,0.0,0,7.1601,0.0,0.0,True
2021-02-01,PEP,skip,0.0,0,-5.4038,0.0,0.0,True
2021-02-01,PFE,skip,0.0,0,-5.6983,0.0,0.0,True
2021-02-01,PG,skip,0.0,0,-3.0691,0.0,0.0,True
2021-02-01,PLD,buy_call,3.3063,2,-4.0019,-3.3063,-0.066126,True
2021-02-01,PYPL,buy_call,2.6948,2,10.9001,8.2053,0.164106,True
2021-02-01,QCOM,buy_call,3.8721,2,-12.8551,-3.8721,-0.077442,True
2021-02-01,SBUX,skip,0.0,0,11.5897,0.0,0.0,True
2021-02-01,SCHW,skip,0.0,0,19.7516,0.0,0.0,True
2021-02-01,SO,skip,0.0,0,-3.7339,0.0,0.0,True
2021-02-01,SPGI,skip,0.0,0,3.8991,0.0,0.0,True
2021-02-01,SYK,skip,0.0,0,9.8095,0.0,0.0,True
2021-02-01,T,skip,0.0,0,-0.2895,0.0,0.0,True
2021-02-01,TGT,buy_call,3.0983,2,1.253,-1.8453,-0.036906,True
2021-02-01,TJX,skip,0.0,0,3.045,0.0,0.0,True
2021-02-01,TMO,buy_call,2.7974,2,-11.6971,-2.7974,-0.055948,True
2021-02-01,TMUS,skip,0.0,0,-4.8461,0.0,0.0,True
2021-02-01,TSLA,buy_call,6.7056,2,-14.874,-6.7056,-0.134112,True
2021-02-01,TXN,buy_call,5.0332,2,4.6018,-0.4314,-0.008628,True
2021-02-01,UNH,skip,0.0,0,-0.4077,0.0,0.0,True
2021-02-01,UNP,skip,0.0,0,4.2994,0.0,0.0,True
2021-02-01,UPS,skip,0.0,0,1.8258,0.0,0.0,True
2021-02-01,V,skip,0.0,0,9.9043,0.0,0.0,True
2021-02-01,VRTX,skip,0.0,0,-7.2158,0.0,0.0,True
2021-02-01,VZ,skip,0.0,0,2.0859,0.0,0.0,True
2021-02-01,WMT,skip,0.0,0,-7.5237,0.0,0.0,True
2021-02-01,XOM,buy_call,4.2166,2,21.2533,17.0368,0.340736,True
2021-02-01,ZTS,skip,0.0,0,0.7978,0.0,0.0,True
2021-03-01,AAPL,skip,0.0,0,0.8845,0.0,0.0,False
2021-03-01,ABBV,buy_call,2.8453,1,0.4455,-2.3998,-0.023998,False
2021-03-01,ABT,skip,0.0,0,0.0501,0.0,0.0,False
2021-03-01,ACN,buy_call,2.362,1,10.1036,7.7417,0.077417,False
2021-03-01,ADBE,buy_call,2.2425,1,3.4155,1.173,0.01173,False
2021-03-01,AMAT,buy_call,3.5449,1,13.2528,9.708,0.09708,False
2021-03-01,AMD,skip,0.0,0,-7.1116,0.0,0.0,False
2021-03-01,AMGN,skip,0.0,0,11.4441,0.0,0.0,False
2021-03-01,AMT,skip,0.0,0,10.6094,0.0,0.0,False
2021-03-01,AMZN,skip,0.0,0,0.0372,0.0,0.0,False
2021-03-01,AVGO,buy_call,3.5449,1,-1.3216,-3.5449,-0.035449,False
2021-03-01,AXP,buy_call,2.923,1,4.569,1.6461,0.016461,False
2021-03-01,BA,buy_call,3.0,1,20.1453,17.1453,0.171453,False
2021-03-01,BAC,buy_call,3.2119,1,11.4664,8.2545,0.082545,False
2021-03-01,BKNG,buy_call,3.0,1,0.0571,-2.9429,-0.029429,False
2021-03-01,BLK,skip,0.0,0,8.5615,0.0,0.0,False
2021-03-01,BMY,skip,0.0,0,2.9349,0.0,0.0,False
2021-03-01,BRK-B,buy_call,1.6313,1,6.2201,4.5888,0.045888,False
2021-03-01,C,buy_call,3.0,1,10.428,7.428,0.07428,False
2021-03-01,CAT,buy_call,3.535,1,7.4069,3.8719,0.038719,False
2021-03-01,CHTR,buy_call,3.2379,1,0.5869,-2.651,-0.02651,False
2021-03-01,CI,skip,0.0,0,15.1691,0.0,0.0,False
2021-03-01,CMCSA,buy_call,3.2379,1,2.6366,-0.6013,-0.006013,False
2021-03-01,COST,skip,0.0,0,6.6997,0.0,0.0,False
2021-03-01,CRM,skip,0.0,0,-2.1386,0.0,0.0,False
2021-03-01,CSCO,buy_call,2.2833,1,15.2441,12.9608,0.129608,False
2021-03-01,CSX,buy_call,3.0,1,5.6363,2.6363,0.026363,False
2021-03-01,CVS,skip,0.0,0,10.4213,0.0,0.0,False
2021-03-01,CVX,buy_call,3.2651,1,6.2713,3.0062,0.030062,False
2021-03-01,DE,buy_call,3.535,1,7.1666,3.6316,0.036316,False
2021-03-01,DHR,skip,0.0,0,2.4628,0.0,0.0,False
2021-03-01,DIS,buy_call,3.248,1,-2.391,-3.248,-0.03248,False
2021-03-01,DUK,skip,0.0,0,13.9555,0.0,0.0,False
2021-03-01,EL,buy_call,3.0,1,1.9291,-1.0709,-0.010709,False
2021-03-01,ELV,buy_call,2.7849,1,18.3911,15.6062,0.156062,False
2021-03-01,EW,buy_call,2.1961,1,0.6498,-1.5463,-0.015463,False
2021-03-01,GE,buy_call,3.535,1,4.7049,1.1699,0.011699,False
2021-03-01,GOOGL,buy_call,2.7725,1,2.0085,-0.764,-0.00764,False
2021-03-01,GS,buy_call,2.9688,1,2.3538,-0.615,-0.00615,False
2021-03-01,HD,skip,0.0,0,18.1582,0.0,0.0,False
2021-03-01,HON,buy_call,2.2833,1,7.7493,5.466,0.05466,False
2021-03-01,HUM,skip,0.0,0,10.4307,0.0,0.0,False
2021-03-01,INTC,buy_call,3.5449,1,5.9369,2.3921,0.023921,False
2021-03-01,INTU,buy_call,2.9889,1,-1.8147,-2.9889,-0.029889,False
2021-03-01,ISRG,skip,0.0,0,0.2904,0.0,0.0,False
2021-03-01,ITW,buy_call,2.2833,1,9.5657,7.2825,0.072825,False
2021-03-01,JNJ,skip,0.0,0,4.3638,0.0,0.0,False
2021-03-01,JPM,buy_call,2.9688,1,3.4382,0.4694,0.004694,False
2021-03-01,KO,buy_call,2.1176,1,7.5934,5.4757,0.054757,False
2021-03-01,LLY,skip,0.0,0,-8.4386,0.0,0.0,False
2021-03-01,LMT,buy_call,3.535,1,12.7428,9.2079,0.092079,False
2021-03-01,LOW,skip,0.0,0,19.0485,0.0,0.0,False
2021-03-01,LRCX,buy_call,3.5449,1,4.9454,1.4006,0.014006,False
2021-03-01,MA,buy_call,2.923,1,0.6217,-2.3013,-0.023013,False
2021-03-01,MCD,skip,0.0,0,9.4009,0.0,0.0,False
2021-03-01,MDLZ,skip,0.0,0,10.1016,0.0,0.0,False
2021-03-01,MDT,buy_call,2.1961,1,0.9917,-1.2044,-0.012044,False
2021-03-01,META,skip,0.0,0,14.3273,0.0,0.0,False
2021-03-01,MMM,skip,0.0,0,10.9721,0.0,0.0,False
2021-03-01,MRK,skip,0.0,0,6.1553,0.0,0.0,False
2021-03-01,MS,buy_call,2.9688,1,1.0277,-1.9411,-0.019411,False
2021-03-01,MSFT,buy_call,2.2425,1,1.6925,-0.55,-0.0055,False
2021-03-01,MU,buy_call,3.9539,1,-3.6272,-3.9539,-0.039539,False
2021-03-01,NEE,skip,0.0,0,3.4387,0.0,0.0,False
2021-03-01,NFLX,buy_call,3.5366,1,-3.1901,-3.5366,-0.035366,False
2021-03-01,NKE,buy_call,2.4682,1,-1.2018,-2.4682,-0.024682,False
2021-03-01,NOW,skip,0.0,0,-6.2516,0.0,0.0,False
2021-03-01,NVDA,buy_call,3.9539,1,-2.6706,-3.9539,-0.039539,False
2021-03-01,ORCL,buy_call,2.687,1,8.7738,6.0869,0.060869,False
2021-03-01,PEP,skip,0.0,0,9.4899,0.0,0.0,False
2021-03-01,PFE,skip,0.0,0,8.1816,0.0,0.0,False
2021-03-01,PG,skip,0.0,0,9.6333,0.0,0.0,False
2021-03-01,PLD,skip,0.0,0,6.995,0.0,0.0,False
2021-03-01,PYPL,buy_call,2.923,1,-6.5461,-2.923,-0.02923,False
2021-03-01,QCOM,skip,0.0,0,-2.6434,0.0,0.0,False
2021-03-01,SBUX,buy_call,2.1176,1,1.5784,-0.5392,-0.005392,False
2021-03-01,SCHW,buy_call,2.9688,1,5.9483,2.9795,0.029795,False
2021-03-01,SO,skip,0.0,0,10.7474,0.0,0.0,False
2021-03-01,SPGI,buy_call,2.9688,1,7.3862,4.4174,0.044174,False
2021-03-01,SYK,buy_call,2.1961,1,0.3668,-1.8293,-0.018293,False
2021-03-01,T,skip,0.0,0,8.5335,0.0,0.0,False
2021-03-01,TGT,buy_call,1.9663,1,8.3603,6.394,0.06394,False
2021-03-01,TJX,buy_call,1.9663,1,0.6216,-1.3447,-0.013447,False
2021-03-01,TMO,skip,0.0,0,1.3998,0.0,0.0,False
2021-03-01,TMUS,skip,0.0,0,4.4344,0.0,0.0,False
2021-03-01,TSLA,skip,0.0,0,-1.1207,0.0,0.0,False
2021-03-01,TXN,buy_call,3.5449,1,9.7057,6.1608,0.061608,False
2021-03-01,UNH,skip,0.0,0,11.9951,0.0,0.0,False
2021-03-01,UNP,buy_call,3.535,1,7.5098,3.9748,0.039748,False
2021-03-01,UPS,buy_call,2.2833,1,8.3864,6.1032,0.061032,False
2021-03-01,V,buy_call,2.5858,1,-0.156,-2.5858,-0.025858,False
2021-03-01,VRTX,skip,0.0,0,1.1009,0.0,0.0,False
2021-03-01,VZ,buy_call,3.2379,1,5.1537,1.9158,0.019158,False
2021-03-01,WMT,skip,0.0,0,4.549,0.0,0.0,False
2021-03-01,XOM,buy_call,3.535,1,4.4291,0.8942,0.008942,False
2021-03-01,ZTS,buy_call,2.8453,1,1.4429,-1.4024,-0.014024,False
2021-04-01,AAPL,buy_call,4.0047,1,7.6218,3.617,0.03617,False
2021-04-01,ABBV,buy_call,3.54,1,3.0308,-0.5092,-0.005092,False
2021-04-01,ABT,buy_call,5.403,1,0.2003,-5.2028,-0.052028,False
2021-04-01,ACN,buy_call,2.2615,1,4.9665,2.705,0.02705,False
2021-04-01,ADBE,buy_call,2.6505,1,6.9357,4.2851,0.042851,False
2021-04-01,AMAT,buy_call,1.3792,1,-0.6662,-1.3792,-0.013792,False
2021-04-01,AMD,skip,0.0,0,3.9745,0.0,0.0,False
2021-04-01,AMGN,buy_call,3.54,1,-3.6855,-3.54,-0.0354,False
2021-04-01,AMT,buy_call,3.732,1,6.5716,2.8396,0.028396,False
2021-04-01,AMZN,buy_call,3.7793,1,12.0663,8.2869,0.082869,False
2021-04-01,AVGO,skip,0.0,0,-0.8398,0.0,0.0,False
2021-04-01,AXP,buy_call,3.0663,1,8.7464,5.6801,0.056801,False
2021-04-01,BA,buy_call,3.0,1,-8.0127,-3.0,-0.03,False
2021-04-01,BAC,buy_call,2.7021,1,5.2761,2.574,0.02574,False
2021-04-01,BKNG,buy_call,3.0,1,5.8476,2.8476,0.028476,False
2021-04-01,BLK,buy_call,2.3206,1,9.3098,6.9892,0.069892,False
2021-04-01,BMY,buy_call,3.54,1,-0.3534,-3.54,-0.0354,False
2021-04-01,BRK-B,buy_call,1.5294,1,7.6252,6.0957,0.060957,False
2021-04-01,C,buy_call,3.0,1,-2.0756,-3.0,-0.03,False
2021-04-01,CAT,buy_call,4.0538,1,-1.6216,-4.0538,-0.040538,False
2021-04-01,CHTR,buy_call,2.6132,1,9.1456,6.5323,0.065323,False
2021-04-01,CI,buy_call,2.0778,1,3.446,1.3682,0.013682,False
2021-04-01,CMCSA,buy_call,2.6132,1,3.7701,1.1569,0.011569,False
2021-04-01,COST,buy_call,1.8412,1,5.5634,3.7223,0.037223,False
2021-04-01,CRM,skip,0.0,0,8.7082,0.0,0.0,False
2021-04-01,CSCO,buy_call,3.732,1,-1.5471,-3.732,-0.03732,False
2021-04-01,CSX,buy_call,3.0,1,4.4908,1.4908,0.014908,False
2021-04-01,CVS,buy_call,2.0778,1,1.5552,-0.5225,-0.005225,False
2021-04-01,CVX,buy_call,3.1377,1,-1.6414,-3.1377,-0.031377,False
2021-04-01,DE,buy_call,4.0538,1,-0.6363,-4.0538,-0.040538,False
2021-04-01,DHR,buy_call,5.403,1,12.9301,7.5271,0.075271,False
2021-04-01,DIS,skip,0.0,0,0.8129,0.0,0.0,False
2021-04-01,DUK,buy_call,1.8,1,4.3095,2.5095,0.025095,False
2021-04-01,EL,buy_call,3.0,1,7.8907,4.8907,0.048907,False
2021-04-01,ELV,buy_call,2.0778,1,6.0473,3.9695,0.039695,False
2021-04-01,EW,buy_call,5.403,1,14.2037,8.8007,0.088007,False
2021-04-01,GE,buy_call,4.0538,1,-0.0024,-4.0538,-0.040538,False
2021-04-01,GOOGL,buy_call,3.4858,1,14.108,10.6222,0.106222,False
2021-04-01,GS,buy_call,2.3206,1,6.9783,4.6577,0.046577,False
2021-04-01,HD,buy_call,2.0321,1,6.6989,4.6667,0.046667,False
2021-04-01,HON,buy_call,3.732,1,2.7503,-0.9817,-0.009817,False
2021-04-01,HUM,buy_call,2.0778,1,6.3742,4.2965,0.042965,False
2021-04-01,INTC,buy_call,1.3792,1,-10.1094,-1.3792,-0.013792,False
2021-04-01,INTU,skip,0.0,0,7.5967,0.0,0.0,False
2021-04-01,ISRG,buy_call,5.403,1,17.0596,11.6565,0.116565,False
2021-04-01,ITW,buy_call,3.732,1,4.5614,0.8294,0.008294,False
2021-04-01,JNJ,buy_call,1.8123,1,-0.9857,-1.8123,-0.018123,False
2021-04-01,JPM,buy_call,2.3206,1,1.0379,-1.2827,-0.012827,False
2021-04-01,KO,buy_call,1.8,1,3.2618,1.4618,0.014618,False
2021-04-01,LLY,skip,0.0,0,-2.1679,0.0,0.0,False
2021-04-01,LMT,buy_call,4.0538,1,2.9932,-1.0606,-0.010606,False
2021-04-01,LOW,buy_call,2.0321,1,3.1917,1.1596,0.011596,False
2021-04-01,LRCX,buy_call,1.3792,1,4.4883,3.1091,0.031091,False
2021-04-01,MA,buy_call,3.0663,1,7.3052,4.2389,0.042389,False
2021-04-01,MCD,buy_call,1.8,1,5.327,3.527,0.03527,False
2021-04-01,MDLZ,buy_call,1.7384,1,4.4421,2.7037,0.027037,False
2021-04-01,MDT,buy_call,5.403,1,11.3842,5.9811,0.059811,False
2021-04-01,META,buy_call,4.3383,1,10.3724,6.0342,0.060342,False
2021-04-01,MMM,buy_call,3.732,1,2.3147,-1.4173,-0.014173,False
2021-04-01,MRK,buy_call,3.0317,1,-2.5106,-3.0317,-0.030317,False
2021-04-01,MS,buy_call,2.3206,1,6.2967,3.9761,0.039761,False
2021-04-01,MSFT,buy_call,2.6505,1,6.9601,4.3096,0.043096,False
2021-04-01,MU,skip,0.0,0,-2.426,0.0,0.0,False
2021-04-01,NEE,buy_call,1.8,1,2.5128,0.7128,0.007128,False
2021-04-01,NFLX,skip,0.0,0,-1.57,0.0,0.0,False
2021-04-01,NKE,skip,0.0,0,-0.2032,0.0,0.0,False
2021-04-01,NOW,skip,0.0,0,1.2517,0.0,0.0,False
2021-04-01,NVDA,skip,0.0,0,12.4843,0.0,0.0,False
2021-04-01,ORCL,buy_call,2.3314,1,8.0091,5.6777,0.056777,False
2021-04-01,PEP,buy_call,1.7384,1,2.7296,0.9912,0.009912,False
2021-04-01,PFE,buy_call,3.54,1,6.6795,3.1395,0.031395,False
2021-04-01,PG,buy_call,2.6089,1,-1.4842,-2.6089,-0.026089,False
2021-04-01,PLD,buy_call,3.732,1,10.6165,6.8846,0.068846,False
2021-04-01,PYPL,skip,0.0,0,8.0094,0.0,0.0,False
2021-04-01,QCOM,skip,0.0,0,5.1825,0.0,0.0,False
2021-04-01,SBUX,buy_call,1.8,1,4.7772,2.9772,0.029772,False
2021-04-01,SCHW,buy_call,2.3206,1,8.0086,5.688,0.05688,False
2021-04-01,SO,buy_call,1.8,1,6.4511,4.6511,0.046511,False
2021-04-01,SPGI,buy_call,2.3206,1,10.6328,8.3122,0.083122,False
2021-04-01,SYK,buy_call,5.403,1,8.1022,2.6992,0.026992,False
2021-04-01,T,buy_call,2.6132,1,3.7661,1.1529,0.011529,False
2021-04-01,TGT,buy_call,2.1258,1,4.6398,2.5139,0.025139,False
2021-04-01,TJX,buy_call,2.1258,1,7.3318,5.206,0.05206,False
2021-04-01,TMO,buy_call,2.8279,1,3.0943,0.2664,0.002664,False
2021-04-01,TMUS,buy_call,2.6132,1,5.4593,2.8461,0.028461,False
2021-04-01,TSLA,skip,0.0,0,6.2147,0.0,0.0,False
2021-04-01,TXN,buy_call,1.3792,1,-4.487,-1.3792,-0.013792,False
2021-04-01,UNH,buy_call,2.0778,1,7.5649,5.4871,0.054871,False
2021-04-01,UNP,buy_call,4.0538,1,0.7622,-3.2916,-0.032916,False
2021-04-01,UPS,buy_call,3.732,1,19.9247,16.1927,0.161927,False
2021-04-01,V,skip,0.0,0,10.3103,0.0,0.0,False
2021-04-01,VRTX,buy_call,3.54,1,1.5403,-1.9997,-0.019997,False
2021-04-01,VZ,buy_call,2.6132,1,-0.6191,-2.6132,-0.026132,False
2021-04-01,WMT,buy_call,2.1258,1,3.4338,1.308,0.01308,False
2021-04-01,XOM,buy_call,4.0538,1,2.5255,-1.5283,-0.015283,False
2021-04-01,ZTS,buy_call,3.54,1,9.8743,6.3343,0.063343,False
2021-05-01,AAPL,buy_call,2.8482,1,-5.2107,-2.8482,-0.028482,False
2021-05-01,ABBV,buy_call,2.0234,1,2.7591,0.7356,0.007356,False
2021-05-01,ABT,buy_call,2.2758,1,-2.4998,-2.2758,-0.022758,False
2021-05-01,ACN,buy_call,1.9568,1,-2.3923,-1.9568,-0.019568,False
2021-05-01,ADBE,buy_call,2.709,1,-0.7397,-2.709,-0.02709,False
2021-05-01,AMAT,skip,0.0,0,4.0841,0.0,0.0,False
2021-05-01,AMD,buy_call,5.6038,1,-1.8868,-5.6038,-0.056038,False
2021-05-01,AMGN,skip,0.0,0,-0.7094,0.0,0.0,False
2021-05-01,AMT,buy_call,1.95,1,0.7907,-1.1592,-0.011592,False
2021-05-01,AMZN,buy_call,2.915,1,-7.047,-2.915,-0.02915,False
2021-05-01,AVGO,skip,0.0,0,3.5357,0.0,0.0,False
2021-05-01,AXP,buy_call,2.6695,1,4.4212,1.7517,0.017517,False
2021-05-01,BA,skip,0.0,0,5.4244,0.0,0.0,False
2021-05-01,BAC,buy_call,2.8807,1,4.5892,1.7085,0.017085,False
2021-05-01,BKNG,buy_call,3.0,1,-4.2387,-3.0,-0.03,False
2021-05-01,BLK,buy_call,2.7218,1,7.0475,4.3257,0.043257,False
2021-05-01,BMY,skip,0.0,0,5.2868,0.0,0.0,False
2021-05-01,BRK-B,buy_call,1.757,1,5.27,3.513,0.03513,False
2021-05-01,C,skip,0.0,0,11.2541,0.0,0.0,False
2021-05-01,CAT,skip,0.0,0,6.1636,0.0,0.0,False
2021-05-01,CHTR,buy_call,0.8374,1,3.1302,2.2928,0.022928,False
2021-05-01,CI,buy_call,2.1937,1,3.9517,1.758,0.01758,False
2021-05-01,CMCSA,buy_call,0.8374,1,2.5873,1.7499,0.017499,False
2021-05-01,COST,buy_call,2.5174,1,1.8787,-0.6388,-0.006388,False
2021-05-01,CRM,buy_call,4.1932,1,3.3779,-0.8154,-0.008154,False
2021-05-01,CSCO,skip,0.0,0,4.6538,0.0,0.0,False
2021-05-01,CSX,buy_call,3.0,1,-0.6253,-3.0,-0.03,False
2021-05-01,CVS,buy_call,2.1937,1,13.8838,11.6901,0.116901,False
2021-05-01,CVX,skip,0.0,0,0.6986,0.0,0.0,False
2021-05-01,DE,skip,0.0,0,-2.6291,0.0,0.0,False
2021-05-01,DHR,buy_call,2.2758,1,0.8663,-1.4095,-0.014095,False
2021-05-01,DIS,buy_call,3.3259,1,-3.962,-3.3259,-0.033259,False
2021-05-01,DUK,buy_call,1.5813,1,-0.4668,-1.5813,-0.015813,False
2021-05-01,EL,buy_call,3.0,1,-2.3199,-3.0,-0.03,False
2021-05-01,ELV,buy_call,2.1937,1,4.9632,2.7695,0.027695,False
2021-05-01,EW,buy_call,2.2758,1,0.3978,-1.878,-0.01878,False
2021-05-01,GE,skip,0.0,0,7.1646,0.0,0.0,False
2021-05-01,GOOGL,buy_call,2.6706,1,0.1423,-2.5283,-0.025283,False
2021-05-01,GS,buy_call,2.7218,1,6.7642,4.0424,0.040424,False
2021-05-01,HD,buy_call,3.2365,1,-1.4706,-3.2365,-0.032365,False
2021-05-01,HON,buy_call,1.95,1,3.5285,1.5785,0.015785,False
2021-05-01,HUM,buy_call,2.1937,1,-1.6935,-2.1937,-0.021937,False
2021-05-01,INTC,skip,0.0,0,-0.7127,0.0,0.0,False
2021-05-01,INTU,buy_call,5.0727,1,6.6869,1.6142,0.016142,False
2021-05-01,ISRG,buy_call,2.2758,1,-2.6382,-2.2758,-0.022758,False
2021-05-01,ITW,buy_call,1.95,1,0.5641,-1.3859,-0.013859,False
2021-05-01,JNJ,skip,0.0,0,4.0066,0.0,0.0,False
2021-05-01,JPM,buy_call,2.7218,1,7.41,4.6882,0.046882,False
2021-05-01,KO,buy_call,1.5813,1,2.4268,0.8455,0.008455,False
2021-05-01,LLY,skip,0.0,0,9.2849,0.0,0.0,False
2021-05-01,LMT,buy_call,3.4385,1,0.4309,-3.0076,-0.030076,False
2021-05-01,LOW,buy_call,3.2365,1,-0.4307,-3.2365,-0.032365,False
2021-05-01,LRCX,buy_call,4.4679,1,4.7385,0.2706,0.002706,False
2021-05-01,MA,buy_call,2.6695,1,-5.5101,-2.6695,-0.026695,False
2021-05-01,MCD,buy_call,1.5813,1,-0.9276,-1.5813,-0.015813,False
2021-05-01,MDLZ,buy_call,2.054,1,4.4729,2.4189,0.024189,False
2021-05-01,MDT,buy_call,2.2758,1,-3.3074,-2.2758,-0.022758,False
2021-05-01,META,buy_call,4.3383,1,1.1228,-3.2155,-0.032155,False
2021-05-01,MMM,buy_call,1.95,1,2.9928,1.0428,0.010428,False
2021-05-01,MRK,skip,0.0,0,1.8658,0.0,0.0,False
2021-05-01,MS,buy_call,2.7218,1,10.6437,7.9219,0.079219,False
2021-05-01,MSFT,buy_call,2.709,1,-0.9914,-2.709,-0.02709,False
2021-05-01,MU,skip,0.0,0,-2.2424,0.0,0.0,False
2021-05-01,NEE,buy_call,1.5813,1,-5.5348,-1.5813,-0.015813,False
2021-05-01,NFLX,skip,0.0,0,-2.0761,0.0,0.0,False
2021-05-01,NKE,skip,0.0,0,2.8955,0.0,0.0,False
2021-05-01,NOW,buy_call,3.9644,1,-6.4163,-3.9644,-0.039644,False
2021-05-01,NVDA,buy_call,5.6038,1,8.2281,2.6243,0.026243,False
2021-05-01,ORCL,buy_call,2.5675,1,4.3418,1.7743,0.017743,False
2021-05-01,PEP,buy_call,2.054,1,2.6221,0.5681,0.005681,False
2021-05-01,PFE,buy_call,2.0234,1,0.207,-1.8164,-0.018164,False
2021-05-01,PG,skip,0.0,0,1.7185,0.0,0.0,False
2021-05-01,PLD,buy_call,1.95,1,1.1242,-0.8258,-0.008258,False
2021-05-01,PYPL,buy_call,2.6695,1,-0.8655,-2.6695,-0.026695,False
2021-05-01,QCOM,buy_call,3.9356,1,-3.0692,-3.9356,-0.039356,False
2021-05-01,SBUX,buy_call,1.5813,1,-0.5328,-1.5813,-0.015813,False
2021-05-01,SCHW,buy_call,2.7218,1,4.9005,2.1787,0.021787,False
2021-05-01,SO,buy_call,1.5813,1,-3.4003,-1.5813,-0.015813,False
2021-05-01,SPGI,buy_call,2.7218,1,-2.7972,-2.7218,-0.027218,False
2021-05-01,SYK,buy_call,2.2758,1,-2.8024,-2.2758,-0.022758,False
2021-05-01,T,buy_call,0.8374,1,-4.1706,-0.8374,-0.008374,False
2021-05-01,TGT,buy_call,2.9238,1,9.4857,6.5619,0.065619,False
2021-05-01,TJX,buy_call,2.9238,1,-4.8732,-2.9238,-0.029238,False
2021-05-01,TMO,buy_call,2.8279,1,-0.1553,-2.8279,-0.028279,False
2021-05-01,TMUS,buy_call,0.8374,1,7.0537,6.2163,0.062163,False
2021-05-01,TSLA,buy_call,7.3862,1,-11.8713,-7.3862,-0.073862,False
2021-05-01,TXN,skip,0.0,0,5.738,0.0,0.0,False
2021-05-01,UNH,buy_call,2.1937,1,3.2899,1.0962,0.010962,False
2021-05-01,UNP,buy_call,3.4385,1,1.1887,-2.2498,-0.022498,False
2021-05-01,UPS,buy_call,1.95,1,5.2683,3.3183,0.033183,False
2021-05-01,V,buy_call,2.5994,1,-2.6803,-2.5994,-0.025994,False
2021-05-01,VRTX,buy_call,2.0234,1,-4.3859,-2.0234,-0.020234,False
2021-05-01,VZ,skip,0.0,0,-1.1979,0.0,0.0,False
2021-05-01,WMT,buy_call,2.9238,1,1.5153,-1.4085,-0.014085,False
2021-05-01,XOM,buy_call,3.4385,1,1.9742,-1.4643,-0.014643,False
2021-05-01,ZTS,buy_call,2.0234,1,2.2616,0.2382,0.002382,False
2021-06-01,AAPL,skip,0.0,0,10.0976,0.0,0.0,True
2021-06-01,ABBV,buy_call,2.1806,2,-0.4947,-2.1806,-0.043612,True
2021-06-01,ABT,skip,0.0,0,-0.6172,0.0,0.0,True
2021-06-01,ACN,skip,0.0,0,4.4762,0.0,0.0,True
2021-06-01,ADBE,skip,0.0,0,16.0649,0.0,0.0,True
2021-06-01,AMAT,buy_call,3.6315,2,3.2715,-0.36,-0.0072,True
2021-06-01,AMD,skip,0.0,0,17.2952,0.0,0.0,True
2021-06-01,AMGN,skip,0.0,0,3.1621,0.0,0.0,True
2021-06-01,AMT,buy_call,1.8788,2,5.7465,3.8677,0.077354,True
2021-06-01,AMZN,skip,0.0,0,6.7355,0.0,0.0,True
2021-06-01,AVGO,buy_call,3.6315,2,0.9548,-2.6767,-0.053534,True
2021-06-01,AXP,buy_call,2.652,2,3.1849,0.5329,0.010658,True
2021-06-01,BA,buy_call,3.0,2,-3.02,-3.0,-0.06,True
2021-06-01,BAC,buy_call,3.0551,2,-2.7365,-3.0551,-0.061102,True
2021-06-01,BKNG,skip,0.0,0,-7.3452,0.0,0.0,True
2021-06-01,BLK,buy_call,2.6046,2,-0.236,-2.6046,-0.052092,True
2021-06-01,BMY,buy_call,2.1806,2,1.6738,-0.5068,-0.010136,True
2021-06-01,BRK-B,buy_call,1.3968,2,-3.9801,-1.3968,-0.027936,True
2021-06-01,C,buy_call,3.0,2,-10.1131,-3.0,-0.06,True
2021-06-01,CAT,buy_call,2.9754,2,-9.7271,-2.9754,-0.059508,True
2021-06-01,CHTR,buy_call,2.6208,2,3.876,1.2552,0.025104,True
2021-06-01,CI,buy_call,2.1916,2,-8.4142,-2.1916,-0.043832,True
2021-06-01,CMCSA,buy_call,2.6208,2,-0.5581,-2.6208,-0.052416,True
2021-06-01,COST,buy_call,2.6932,2,4.5999,1.9066,0.038132,True
2021-06-01,CRM,buy_call,2.9822,2,2.5914,-0.3908,-0.007816,True
2021-06-01,CSCO,buy_call,1.8788,2,0.189,-1.6898,-0.033796,True
2021-06-01,CSX,skip,0.0,0,-3.6066,0.0,0.0,True
2021-06-01,CVS,buy_call,2.1916,2,-3.4706,-2.1916,-0.043832,True
2021-06-01,CVX,buy_call,2.8808,2,2.1506,-0.7302,-0.014604,True
2021-06-01,DE,skip,0.0,0,-2.3235,0.0,0.0,True
2021-06-01,DHR,buy_call,1.7791,2,4.7708,2.9917,0.059834,True
2021-06-01,DIS,skip,0.0,0,-1.6121,0.0,0.0,True
2021-06-01,DUK,skip,0.0,0,-0.5486,0.0,0.0,True
2021-06-01,EL,skip,0.0,0,3.9515,0.0,0.0,True
2021-06-01,ELV,buy_call,2.1916,2,-4.1234,-2.1916,-0.043832,True
2021-06-01,EW,buy_call,1.7791,2,7.9979,6.2188,0.124376,True
2021-06-01,GE,buy_call,2.9754,2,-4.2674,-2.9754,-0.059508,True
2021-06-01,GOOGL,buy_call,3.5616,2,3.604,0.0424,0.000848,True
2021-06-01,GS,buy_call,2.6046,2,2.3633,-0.2413,-0.004826,True
2021-06-01,HD,skip,0.0,0,-0.0063,0.0,0.0,True
2021-06-01,HON,buy_call,1.8788,2,-4.6031,-1.8788,-0.037576,True
2021-06-01,HUM,skip,0.0,0,1.1469,0.0,0.0,True
2021-06-01,INTC,skip,0.0,0,-1.1103,0.0,0.0,True
2021-06-01,INTU,buy_call,3.4553,2,11.6332,8.1778,0.163556,True
2021-06-01,ISRG,skip,0.0,0,9.1976,0.0,0.0,True
2021-06-01,ITW,buy_call,1.8788,2,-3.5381,-1.8788,-0.037576,True
2021-06-01,JNJ,buy_call,1.6719,2,-2.0574,-1.6719,-0.033438,True
2021-06-01,JPM,buy_call,2.6046,2,-5.2972,-2.6046,-0.052092,True
2021-06-01,KO,buy_call,1.7692,2,-2.1342,-1.7692,-0.035384,True
2021-06-01,LLY,buy_call,2.5555,2,15.4172,12.8617,0.257234,True
2021-06-01,LMT,buy_call,2.9754,2,-0.3384,-2.9754,-0.059508,True
2021-06-01,LOW,skip,0.0,0,-0.4414,0.0,0.0,True
2021-06-01,LRCX,buy_call,3.6315,2,0.1308,-3.5007,-0.070014,True
2021-06-01,MA,skip,0.0,0,1.2508,0.0,0.0,True
2021-06-01,MCD,skip,0.0,0,-0.6944,0.0,0.0,True
2021-06-01,MDLZ,buy_call,1.97,2,-1.7157,-1.97,-0.0394,True
2021-06-01,MDT,skip,0.0,0,-1.9433,0.0,0.0,True
2021-06-01,META,buy_call,4.3383,2,5.7738,1.4355,0.02871,True
2021-06-01,MMM,buy_call,1.8788,2,-1.4521,-1.8788,-0.037576,True
2021-06-01,MRK,buy_call,1.8322,2,7.3961,5.5639,0.111278,True
2021-06-01,MS,buy_call,2.6046,2,0.8136,-1.7909,-0.035818,True
2021-06-01,MSFT,skip,0.0,0,8.7494,0.0,0.0,True
2021-06-01,MU,skip,0.0,0,0.9983,0.0,0.0,True
2021-06-01,NEE,skip,0.0,0,0.0819,0.0,0.0,True
2021-06-01,NFLX,skip,0.0,0,5.0516,0.0,0.0,True
2021-06-01,NKE,buy_call,3.5764,2,13.4411,9.8647,0.197294,True
2021-06-01,NOW,skip,0.0,0,15.9682,0.0,0.0,True
2021-06-01,NVDA,buy_call,3.4989,2,23.134,19.6352,0.392704,True
2021-06-01,ORCL,buy_call,3.1373,2,-1.143,-3.1373,-0.062746,True
2021-06-01,PEP,buy_call,1.97,2,0.1555,-1.8145,-0.03629,True
2021-06-01,PFE,buy_call,2.1806,2,2.1065,-0.0741,-0.001482,True
2021-06-01,PG,buy_call,1.6571,2,0.0593,-1.5978,-0.031956,True
2021-06-01,PLD,buy_call,1.8788,2,1.4342,-0.4447,-0.008894,True
2021-06-01,PYPL,skip,0.0,0,12.0991,0.0,0.0,True
2021-06-01,QCOM,skip,0.0,0,6.2361,0.0,0.0,True
2021-06-01,SBUX,skip,0.0,0,-1.427,0.0,0.0,True
2021-06-01,SCHW,buy_call,2.6046,2,-1.1508,-2.6046,-0.052092,True
2021-06-01,SO,skip,0.0,0,-4.3746,0.0,0.0,True
2021-06-01,SPGI,skip,0.0,0,8.3842,0.0,0.0,True
2021-06-01,SYK,skip,0.0,0,1.7472,0.0,0.0,True
2021-06-01,T,skip,0.0,0,-2.2087,0.0,0.0,True
2021-06-01,TGT,buy_call,2.1437,2,6.877,4.7333,0.094666,True
2021-06-01,TJX,skip,0.0,0,0.184,0.0,0.0,True
2021-06-01,TMO,skip,0.0,0,7.4483,0.0,0.0,True
2021-06-01,TMUS,buy_call,2.6208,2,2.3895,-0.2313,-0.004626,True
2021-06-01,TSLA,skip,0.0,0,8.7137,0.0,0.0,True
2021-06-01,TXN,buy_call,3.6315,2,1.3065,-2.325,-0.0465,True
2021-06-01,UNH,buy_call,2.1916,2,-2.787,-2.1916,-0.043832,True
2021-06-01,UNP,buy_call,2.9754,2,-1.6659,-2.9754,-0.059508,True
2021-06-01,UPS,buy_call,1.8788,2,-2.6252,-1.8788,-0.037576,True
2021-06-01,V,skip,0.0,0,3.0179,0.0,0.0,True
2021-06-01,VRTX,skip,0.0,0,-3.3552,0.0,0.0,True
2021-06-01,VZ,skip,0.0,0,-0.8143,0.0,0.0,True
2021-06-01,WMT,buy_call,2.1437,2,-0.3212,-2.1437,-0.042874,True
2021-06-01,XOM,buy_call,2.9754,2,9.6435,6.6682,0.133364,True
2021-06-01,ZTS,buy_call,2.1806,2,5.4788,3.2982,0.065964,True
2021-07-01,AAPL,buy_call,3.0494,2,6.4982,3.4488,0.068976,True
2021-07-01,ABBV,skip,0.0,0,3.2493,0.0,0.0,True
2021-07-01,ABT,skip,0.0,0,4.3561,0.0,0.0,True
2021-07-01,ACN,buy_call,2.1491,2,7.7648,5.6157,0.112314,True
2021-07-01,ADBE,buy_call,2.434,2,6.1454,3.7114,0.074228,True
2021-07-01,AMAT,buy_call,2.8237,2,-1.7346,-2.8237,-0.056474,True
2021-07-01,AMD,buy_call,4.5411,2,13.0523,8.5111,0.170222,True
2021-07-01,AMGN,buy_call,4.5631,2,-0.9067,-4.5631,-0.091262,True
2021-07-01,AMT,buy_call,3.0349,2,5.1877,2.1527,0.043054,True
2021-07-01,AMZN,buy_call,3.8047,2,-3.2722,-3.8047,-0.076094,True
2021-07-01,AVGO,buy_call,2.8237,2,2.592,-0.2317,-0.004634,True
2021-07-01,AXP,buy_call,2.5306,2,3.2077,0.6771,0.013542,True
2021-07-01,BA,skip,0.0,0,-5.46,0.0,0.0,True
2021-07-01,BAC,skip,0.0,0,-6.5693,0.0,0.0,True
2021-07-01,BKNG,skip,0.0,0,-0.4493,0.0,0.0,True
2021-07-01,BLK,skip,0.0,0,-0.4281,0.0,0.0,True
2021-07-01,BMY,buy_call,4.5631,2,1.5714,-2.9918,-0.059836,True
2021-07-01,BRK-B,skip,0.0,0,0.1331,0.0,0.0,True
2021-07-01,C,skip,0.0,0,-4.424,0.0,0.0,True
2021-07-01,CAT,skip,0.0,0,-4.9993,0.0,0.0,True
2021-07-01,CHTR,buy_call,3.2997,2,3.1326,-0.1671,-0.003342,True
2021-07-01,CI,skip,0.0,0,-2.8131,0.0,0.0,True
2021-07-01,CMCSA,skip,0.0,0,3.1743,0.0,0.0,True
2021-07-01,COST,buy_call,1.6523,2,8.6056,6.9534,0.139068,True
2021-07-01,CRM,buy_call,2.5343,2,-0.958,-2.5343,-0.050686,True
2021-07-01,CSCO,buy_call,3.0349,2,4.4717,1.4368,0.028736,True
2021-07-01,CSX,skip,0.0,0,0.7481,0.0,0.0,True
2021-07-01,CVS,skip,0.0,0,-1.2943,0.0,0.0,True
2021-07-01,CVX,buy_call,2.8999,2,-2.7974,-2.8999,-0.057998,True
2021-07-01,DE,skip,0.0,0,2.782,0.0,0.0,True
2021-07-01,DHR,buy_call,2.4998,2,10.9415,8.4417,0.168834,True
2021-07-01,DIS,skip,0.0,0,0.1422,0.0,0.0,True
2021-07-01,DUK,skip,0.0,0,6.4729,0.0,0.0,True
2021-07-01,EL,buy_call,3.0,2,4.9516,1.9516,0.039032,True
2021-07-01,ELV,skip,0.0,0,0.8697,0.0,0.0,True
2021-07-01,EW,buy_call,2.4998,2,8.4001,5.9003,0.118006,True
2021-07-01,GE,skip,0.0,0,-3.7158,0.0,0.0,True
2021-07-01,GOOGL,buy_call,3.4858,2,10.3506,6.8648,0.137296,True
2021-07-01,GS,buy_call,2.2967,2,-1.2252,-2.2967,-0.045934,True
2021-07-01,HD,skip,0.0,0,3.456,0.0,0.0,True
2021-07-01,HON,skip,0.0,0,6.5831,0.0,0.0,True
2021-07-01,HUM,buy_call,2.9983,2,-3.6567,-2.9983,-0.059966,True
2021-07-01,INTC,skip,0.0,0,-4.3107,0.0,0.0,True
2021-07-01,INTU,buy_call,2.6193,2,8.1196,5.5003,0.110006,True
2021-07-01,ISRG,buy_call,2.4998,2,7.8096,5.3098,0.106196,True
2021-07-01,ITW,skip,0.0,0,1.9083,0.0,0.0,True
2021-07-01,JNJ,skip,0.0,0,4.5284,0.0,0.0,True
2021-07-01,JPM,skip,0.0,0,-2.4174,0.0,0.0,True
2021-07-01,KO,skip,0.0,0,6.1906,0.0,0.0,True
2021-07-01,LLY,buy_call,3.638,2,6.091,2.453,0.04906,True
2021-07-01,LMT,skip,0.0,0,-1.7655,0.0,0.0,True
2021-07-01,LOW,skip,0.0,0,-0.6599,0.0,0.0,True
2021-07-01,LRCX,buy_call,2.8237,2,-1.8462,-2.8237,-0.056474,True
2021-07-01,MA,buy_call,2.5306,2,5.711,3.1803,0.063606,True
2021-07-01,MCD,skip,0.0,0,5.0738,0.0,0.0,True
2021-07-01,MDLZ,skip,0.0,0,1.8208,0.0,0.0,True
2021-07-01,MDT,skip,0.0,0,6.318,0.0,0.0,True
2021-07-01,META,buy_call,4.3383,2,2.4704,-1.8678,-0.037356,True
2021-07-01,MMM,skip,0.0,0,-0.3474,0.0,0.0,True
2021-07-01,MRK,buy_call,2.089,2,-0.3076,-2.089,-0.04178,True
2021-07-01,MS,buy_call,2.2967,2,4.6788,2.3821,0.047642,True
2021-07-01,MSFT,buy_call,2.434,2,5.1717,2.7377,0.054754,True
2021-07-01,MU,buy_call,4.5411,2,-8.7079,-4.5411,-0.090822,True
2021-07-01,NEE,buy_call,2.0022,2,6.8665,4.8643,0.097286,True
2021-07-01,NFLX,buy_call,4.5125,2,-2.0143,-4.5125,-0.09025,True
2021-07-01,NKE,buy_call,2.4093,2,8.4277,6.0184,0.120368,True
2021-07-01,NOW,buy_call,5.2469,2,6.9766,1.7297,0.034594,True
2021-07-01,NVDA,buy_call,4.5411,2,-2.4949,-4.5411,-0.090822,True
2021-07-01,ORCL,skip,0.0,0,11.9476,0.0,0.0,True
2021-07-01,PEP,buy_call,2.2032,2,6.6995,4.4963,0.089926,True
2021-07-01,PFE,buy_call,4.5631,2,9.3208,4.7576,0.095152,True
2021-07-01,PG,buy_call,2.2759,2,5.4102,3.1343,0.062686,True
2021-07-01,PLD,buy_call,3.0349,2,7.6572,4.6222,0.092444,True
2021-07-01,PYPL,buy_call,2.5306,2,-5.4721,-2.5306,-0.050612,True
2021-07-01,QCOM,buy_call,3.4491,2,5.3413,1.8922,0.037844,True
2021-07-01,SBUX,skip,0.0,0,8.6039,0.0,0.0,True
2021-07-01,SCHW,skip,0.0,0,-6.6749,0.0,0.0,True
2021-07-01,SO,skip,0.0,0,5.5528,0.0,0.0,True
2021-07-01,SPGI,buy_call,2.2967,2,4.4512,2.1545,0.04309,True
2021-07-01,SYK,buy_call,2.4998,2,4.5691,2.0693,0.041386,True
2021-07-01,T,skip,0.0,0,-2.5365,0.0,0.0,True
2021-07-01,TGT,buy_call,1.6194,2,7.9879,6.3685,0.12737,True
2021-07-01,TJX,buy_call,1.6194,2,2.0617,0.4423,0.008846,True
2021-07-01,TMO,buy_call,2.8279,2,7.1049,4.277,0.08554,True
2021-07-01,TMUS,buy_call,3.2997,2,-0.5593,-3.2997,-0.065994,True
2021-07-01,TSLA,buy_call,6.3553,2,1.1034,-5.2518,-0.105036,True
2021-07-01,TXN,buy_call,2.8237,2,-0.8736,-2.8237,-0.056474,True
2021-07-01,UNH,skip,0.0,0,3.3188,0.0,0.0,True
2021-07-01,UNP,skip,0.0,0,-0.532,0.0,0.0,True
2021-07-01,UPS,skip,0.0,0,-7.9867,0.0,0.0,True
2021-07-01,V,buy_call,2.2202,2,5.3759,3.1557,0.063114,True
2021-07-01,VRTX,skip,0.0,0,-0.0248,0.0,0.0,True
2021-07-01,VZ,skip,0.0,0,-0.4462,0.0,0.0,True
2021-07-01,WMT,skip,0.0,0,1.0849,0.0,0.0,True
2021-07-01,XOM,buy_call,3.0721,2,-8.7349,-3.0721,-0.061442,True
2021-07-01,ZTS,buy_call,4.5631,2,8.768,4.2049,0.084098,True
2021-08-01,AAPL,buy_call,2.1365,1,4.093,1.9565,0.019565,False
2021-08-01,ABBV,buy_call,2.0358,1,5.0099,2.9741,0.029741,False
2021-08-01,ABT,buy_call,2.0783,1,4.853,2.7747,0.027747,False
2021-08-01,ACN,buy_call,1.8252,1,6.2421,4.4169,0.044169,False
2021-08-01,ADBE,buy_call,2.2886,1,6.7677,4.4791,0.044791,False
2021-08-01,AMAT,skip,0.0,0,-3.4303,0.0,0.0,False
2021-08-01,AMD,buy_call,5.1086,1,4.2659,-0.8427,-0.008427,False
2021-08-01,AMGN,skip,0.0,0,-6.6283,0.0,0.0,False
2021-08-01,AMT,buy_call,1.835,1,3.3133,1.4783,0.014783,False
2021-08-01,AMZN,skip,0.0,0,4.3034,0.0,0.0,False
2021-08-01,AVGO,buy_call,3.1196,1,2.4331,-0.6865,-0.006865,False
2021-08-01,AXP,buy_call,2.3746,1,-2.4259,-2.3746,-0.023746,False
2021-08-01,BA,skip,0.0,0,-3.0819,0.0,0.0,False
2021-08-01,BAC,skip,0.0,0,8.8373,0.0,0.0,False
2021-08-01,BKNG,skip,0.0,0,5.5737,0.0,0.0,False
2021-08-01,BLK,skip,0.0,0,8.778,0.0,0.0,False
2021-08-01,BMY,buy_call,2.0358,1,-0.7604,-2.0358,-0.020358,False
2021-08-01,BRK-B,buy_call,1.3435,1,2.6878,1.3443,0.013443,False
2021-08-01,C,skip,0.0,0,7.1384,0.0,0.0,False
2021-08-01,CAT,skip,0.0,0,2.5401,0.0,0.0,False
2021-08-01,CHTR,buy_call,1.8902,1,9.7588,7.8686,0.078686,False
2021-08-01,CI,skip,0.0,0,-7.7738,0.0,0.0,False
2021-08-01,CMCSA,buy_call,1.8902,1,3.588,1.6978,0.016978,False
2021-08-01,COST,buy_call,1.7899,1,6.1956,4.4057,0.044057,False
2021-08-01,CRM,skip,0.0,0,9.6474,0.0,0.0,False
2021-08-01,CSCO,buy_call,1.835,1,7.3352,5.5001,0.055001,False
2021-08-01,CSX,buy_call,3.0,1,0.6498,-2.3502,-0.023502,False
2021-08-01,CVS,skip,0.0,0,5.5284,0.0,0.0,False
2021-08-01,CVX,skip,0.0,0,-4.9504,0.0,0.0,False
2021-08-01,DE,buy_call,3.4175,1,4.5466,1.1291,0.011291,False
2021-08-01,DHR,buy_call,2.0783,1,8.965,6.8868,0.068868,False
2021-08-01,DIS,buy_call,2.5057,1,2.9997,0.494,0.00494,False
2021-08-01,DUK,buy_call,1.9827,1,-0.4281,-1.9827,-0.019827,False
2021-08-01,EL,buy_call,3.0,1,1.995,-1.005,-0.01005,False
2021-08-01,ELV,buy_call,1.9662,1,-2.3125,-1.9662,-0.019662,False
2021-08-01,EW,buy_call,2.0783,1,4.3734,2.2951,0.022951,False
2021-08-01,GE,skip,0.0,0,1.7471,0.0,0.0,False
2021-08-01,GOOGL,buy_call,2.5313,1,7.4009,4.8696,0.048696,False
2021-08-01,GS,skip,0.0,0,10.3047,0.0,0.0,False
2021-08-01,HD,buy_call,2.9566,1,-0.6125,-2.9566,-0.029566,False
2021-08-01,HON,buy_call,1.835,1,-0.8041,-1.835,-0.01835,False
2021-08-01,HUM,skip,0.0,0,-4.7997,0.0,0.0,False
2021-08-01,INTC,skip,0.0,0,0.6329,0.0,0.0,False
2021-08-01,INTU,buy_call,2.946,1,6.944,3.9979,0.039979,False
2021-08-01,ISRG,buy_call,2.0783,1,6.2635,4.1852,0.041852,False
2021-08-01,ITW,buy_call,1.835,1,2.7309,0.8958,0.008958,False
2021-08-01,JNJ,buy_call,2.4869,1,0.5401,-1.9468,-0.019468,False
2021-08-01,JPM,skip,0.0,0,5.9901,0.0,0.0,False
2021-08-01,KO,buy_call,1.9827,1,-1.2625,-1.9827,-0.019827,False
2021-08-01,LLY,buy_call,4.1274,1,6.0739,1.9465,0.019465,False
2021-08-01,LMT,skip,0.0,0,-3.1937,0.0,0.0,False
2021-08-01,LOW,skip,0.0,0,6.2531,0.0,0.0,False
2021-08-01,LRCX,skip,0.0,0,-5.1129,0.0,0.0,False
2021-08-01,MA,buy_call,2.3746,1,-10.1835,-2.3746,-0.023746,False
2021-08-01,MCD,buy_call,1.9827,1,-2.1631,-1.9827,-0.019827,False
2021-08-01,MDLZ,buy_call,2.414,1,-1.8811,-2.414,-0.02414,False
2021-08-01,MDT,buy_call,2.0783,1,1.6526,-0.4257,-0.004257,False
2021-08-01,META,buy_call,4.3383,1,6.4777,2.1394,0.021394,False
2021-08-01,MMM,skip,0.0,0,-1.6167,0.0,0.0,False
2021-08-01,MRK,skip,0.0,0,-0.7546,0.0,0.0,False
2021-08-01,MS,buy_call,1.8054,1,9.6025,7.7971,0.077971,False
2021-08-01,MSFT,buy_call,2.2886,1,5.9563,3.6676,0.036676,False
2021-08-01,MU,skip,0.0,0,-5.0013,0.0,0.0,False
2021-08-01,NEE,buy_call,1.9827,1,7.8177,5.835,0.05835,False
2021-08-01,NFLX,skip,0.0,0,9.9735,0.0,0.0,False
2021-08-01,NKE,buy_call,1.7291,1,-1.6536,-1.7291,-0.017291,False
2021-08-01,NOW,buy_call,2.9335,1,9.4831,6.5496,0.065496,False
2021-08-01,NVDA,skip,0.0,0,14.8008,0.0,0.0,False
2021-08-01,ORCL,buy_call,2.8472,1,2.661,-0.1862,-0.001862,False
2021-08-01,PEP,buy_call,2.414,1,-0.3568,-2.414,-0.02414,False
2021-08-01,PFE,buy_call,2.0358,1,8.5897,6.5539,0.065539,False
2021-08-01,PG,buy_call,1.7775,1,0.7421,-1.0353,-0.010353,False
2021-08-01,PLD,buy_call,1.835,1,5.1703,3.3352,0.033352,False
2021-08-01,PYPL,skip,0.0,0,4.7654,0.0,0.0,False
2021-08-01,QCOM,buy_call,2.8595,1,-2.0761,-2.8595,-0.028595,False
2021-08-01,SBUX,buy_call,1.9827,1,-3.2447,-1.9827,-0.019827,False
2021-08-01,SCHW,skip,0.0,0,7.2112,0.0,0.0,False
2021-08-01,SO,buy_call,1.9827,1,2.9121,0.9294,0.009294,False
2021-08-01,SPGI,buy_call,1.8054,1,3.5221,1.7167,0.017167,False
2021-08-01,SYK,buy_call,2.0783,1,2.2736,0.1953,0.001953,False
2021-08-01,T,skip,0.0,0,0.1371,0.0,0.0,False
2021-08-01,TGT,buy_call,2.7449,1,-5.3898,-2.7449,-0.027449,False
2021-08-01,TJX,buy_call,2.7449,1,5.6823,2.9375,0.029375,False
2021-08-01,TMO,buy_call,2.8279,1,2.7666,-0.0613,-0.000613,False
2021-08-01,TMUS,skip,0.0,0,-4.8604,0.0,0.0,False
2021-08-01,TSLA,buy_call,4.6301,1,7.0605,2.4304,0.024304,False
2021-08-01,TXN,skip,0.0,0,0.7107,0.0,0.0,False
2021-08-01,UNH,buy_call,1.9662,1,0.9825,-0.9837,-0.009837,False
2021-08-01,UNP,skip,0.0,0,-0.8777,0.0,0.0,False
2021-08-01,UPS,skip,0.0,0,2.2314,0.0,0.0,False
2021-08-01,V,buy_call,2.2545,1,-7.0173,-2.2545,-0.022545,False
2021-08-01,VRTX,skip,0.0,0,-0.6399,0.0,0.0,False
2021-08-01,VZ,skip,0.0,0,-0.2907,0.0,0.0,False
2021-08-01,WMT,buy_call,2.7449,1,3.8934,1.1485,0.011485,False
2021-08-01,XOM,skip,0.0,0,-5.2979,0.0,0.0,False
2021-08-01,ZTS,buy_call,2.0358,1,1.0453,-0.9905,-0.009905,False
2021-09-01,AAPL,buy_call,2.6931,1,-6.664,-2.6931,-0.026931,False
2021-09-01,ABBV,buy_call,2.3037,1,-10.6888,-2.3037,-0.023037,False
2021-09-01,ABT,buy_call,1.7949,1,-6.5206,-1.7949,-0.017949,False
2021-09-01,ACN,buy_call,2.3667,1,-4.9441,-2.3667,-0.023667,False
2021-09-01,ADBE,buy_call,1.6327,1,-13.256,-1.6327,-0.016327,False
2021-09-01,AMAT,skip,0.0,0,-4.5619,0.0,0.0,False
2021-09-01,AMD,buy_call,3.9625,1,-7.0629,-3.9625,-0.039625,False
2021-09-01,AMGN,skip,0.0,0,-4.9829,0.0,0.0,False
2021-09-01,AMT,buy_call,2.0117,1,-9.1591,-2.0117,-0.020117,False
2021-09-01,AMZN,buy_call,2.3525,1,-5.3518,-2.3525,-0.023525,False
2021-09-01,AVGO,buy_call,4.2864,1,-2.4698,-4.2864,-0.042864,False
2021-09-01,AXP,skip,0.0,0,0.946,0.0,0.0,False
2021-09-01,BA,skip,0.0,0,0.2005,0.0,0.0,False
2021-09-01,BAC,buy_call,2.5558,1,1.6766,-0.8791,-0.008791,False
2021-09-01,BKNG,buy_call,3.0,1,3.2266,0.2266,0.002266,False
2021-09-01,BLK,buy_call,2.3088,1,-11.092,-2.3088,-0.023088,False
2021-09-01,BMY,skip,0.0,0,-11.5017,0.0,0.0,False
2021-09-01,BRK-B,buy_call,1.3735,1,-4.4896,-1.3735,-0.013735,False
2021-09-01,C,buy_call,3.0,1,-2.4058,-3.0,-0.03,False
2021-09-01,CAT,buy_call,2.8493,1,-8.9629,-2.8493,-0.028493,False
2021-09-01,CHTR,buy_call,2.2831,1,-10.9103,-2.2831,-0.022831,False
2021-09-01,CI,skip,0.0,0,-5.4288,0.0,0.0,False
2021-09-01,CMCSA,buy_call,2.2831,1,-7.828,-2.2831,-0.022831,False
2021-09-01,COST,buy_call,2.5906,1,-1.348,-2.5906,-0.025906,False
2021-09-01,CRM,buy_call,2.3877,1,2.243,-0.1447,-0.001447,False
2021-09-01,CSCO,buy_call,2.0117,1,-7.777,-2.0117,-0.020117,False
2021-09-01,CSX,buy_call,3.0,1,-8.3218,-3.0,-0.03,False
2021-09-01,CVS,buy_call,2.6221,1,-1.771,-2.6221,-0.026221,False
2021-09-01,CVX,skip,0.0,0,6.2496,0.0,0.0,False
2021-09-01,DE,buy_call,2.8493,1,-11.3642,-2.8493,-0.028493,False
2021-09-01,DHR,buy_call,1.7949,1,-6.0834,-1.7949,-0.017949,False
2021-09-01,DIS,buy_call,2.0458,1,-6.6906,-2.0458,-0.020458,False
2021-09-01,DUK,skip,0.0,0,-5.89,0.0,0.0,False
2021-09-01,EL,buy_call,3.0,1,-11.775,-3.0,-0.03,False
2021-09-01,ELV,skip,0.0,0,-0.6211,0.0,0.0,False
2021-09-01,EW,buy_call,1.7949,1,-3.388,-1.7949,-0.017949,False
2021-09-01,GE,buy_call,2.8493,1,-2.2579,-2.8493,-0.028493,False
2021-09-01,GOOGL,buy_call,1.9865,1,-7.6169,-1.9865,-0.019865,False
2021-09-01,GS,buy_call,2.3088,1,-8.136,-2.3088,-0.023088,False
2021-09-01,HD,skip,0.0,0,0.6377,0.0,0.0,False
2021-09-01,HON,skip,0.0,0,-8.0995,0.0,0.0,False
2021-09-01,HUM,skip,0.0,0,-4.0132,0.0,0.0,False
2021-09-01,INTC,buy_call,4.2864,1,-0.8024,-4.2864,-0.042864,False
2021-09-01,INTU,buy_call,2.2644,1,-4.6987,-2.2644,-0.022644,False
2021-09-01,ISRG,buy_call,1.7949,1,-5.639,-1.7949,-0.017949,False
2021-09-01,ITW,buy_call,2.0117,1,-11.2643,-2.0117,-0.020117,False
2021-09-01,JNJ,buy_call,1.4162,1,-6.1632,-1.4162,-0.014162,False
2021-09-01,JPM,buy_call,2.3088,1,2.3382,0.0294,0.000294,False
2021-09-01,KO,skip,0.0,0,-6.8194,0.0,0.0,False
2021-09-01,LLY,buy_call,2.7941,1,-10.2575,-2.7941,-0.027941,False
2021-09-01,LMT,skip,0.0,0,-3.3918,0.0,0.0,False
2021-09-01,LOW,buy_call,1.8526,1,-0.5052,-1.8526,-0.018526,False
2021-09-01,LRCX,skip,0.0,0,-5.8976,0.0,0.0,False
2021-09-01,MA,skip,0.0,0,0.4188,0.0,0.0,False
2021-09-01,MCD,skip,0.0,0,2.0938,0.0,0.0,False
2021-09-01,MDLZ,skip,0.0,0,-6.2671,0.0,0.0,False
2021-09-01,MDT,buy_call,1.7949,1,-6.0908,-1.7949,-0.017949,False
2021-09-01,META,buy_call,4.3383,1,-10.5409,-4.3383,-0.043383,False
2021-09-01,MMM,skip,0.0,0,-9.2333,0.0,0.0,False
2021-09-01,MRK,skip,0.0,0,-1.5467,0.0,0.0,False
2021-09-01,MS,buy_call,2.3088,1,-6.818,-2.3088,-0.023088,False
2021-09-01,MSFT,buy_call,1.6327,1,-6.4331,-1.6327,-0.016327,False
2021-09-01,MU,skip,0.0,0,-3.6906,0.0,0.0,False
2021-09-01,NEE,buy_call,2.0307,1,-6.0849,-2.0307,-0.020307,False
2021-09-01,NFLX,buy_call,2.604,1,7.2296,4.6256,0.046256,False
2021-09-01,NKE,skip,0.0,0,-11.6974,0.0,0.0,False
2021-09-01,NOW,buy_call,2.86,1,-3.3202,-2.86,-0.0286,False
2021-09-01,NVDA,buy_call,3.9625,1,-7.4396,-3.9625,-0.039625,False
2021-09-01,ORCL,buy_call,3.3714,1,-2.2439,-3.3714,-0.033714,False
2021-09-01,PEP,skip,0.0,0,-3.8238,0.0,0.0,False
2021-09-01,PFE,buy_call,2.3037,1,-6.6421,-2.3037,-0.023037,False
2021-09-01,PG,buy_call,1.4709,1,-1.8189,-1.4709,-0.014709,False
2021-09-01,PLD,buy_call,2.0117,1,-6.8543,-2.0117,-0.020117,False
2021-09-01,PYPL,buy_call,2.7116,1,-9.8559,-2.7116,-0.027116,False
2021-09-01,QCOM,skip,0.0,0,-12.0731,0.0,0.0,False
2021-09-01,SBUX,skip,0.0,0,-5.7467,0.0,0.0,False
2021-09-01,SCHW,buy_call,2.3088,1,0.2274,-2.0813,-0.020813,False
2021-09-01,SO,buy_call,2.0307,1,-4.764,-2.0307,-0.020307,False
2021-09-01,SPGI,buy_call,2.3088,1,-4.0965,-2.3088,-0.023088,False
2021-09-01,SYK,buy_call,1.7949,1,-4.8286,-1.7949,-0.017949,False
2021-09-01,T,buy_call,2.2831,1,-1.4953,-2.2831,-0.022831,False
2021-09-01,TGT,skip,0.0,0,-7.0552,0.0,0.0,False
2021-09-01,TJX,buy_call,1.4197,1,-8.937,-1.4197,-0.014197,False
2021-09-01,TMO,buy_call,2.8279,1,2.9517,0.1238,0.001238,False
2021-09-01,TMUS,skip,0.0,0,-6.7581,0.0,0.0,False
2021-09-01,TSLA,buy_call,4.1433,1,5.4042,1.2609,0.012609,False
2021-09-01,TXN,buy_call,4.2864,1,0.681,-3.6054,-0.036054,False
2021-09-01,UNH,buy_call,2.6221,1,-6.1331,-2.6221,-0.026221,False
2021-09-01,UNP,skip,0.0,0,-9.1672,0.0,0.0,False
2021-09-01,UPS,buy_call,2.0117,1,-6.4243,-2.0117,-0.020117,False
2021-09-01,V,skip,0.0,0,-2.6392,0.0,0.0,False
2021-09-01,VRTX,skip,0.0,0,-9.4363,0.0,0.0,False
2021-09-01,VZ,skip,0.0,0,-1.8,0.0,0.0,False
2021-09-01,WMT,buy_call,1.4197,1,-5.5416,-1.4197,-0.014197,False
2021-09-01,XOM,skip,0.0,0,9.52,0.0,0.0,False
2021-09-01,ZTS,buy_call,2.3037,1,-5.0939,-2.3037,-0.023037,False
2021-10-01,AAPL,skip,0.0,0,5.8657,0.0,0.0,True
2021-10-01,ABBV,skip,0.0,0,6.3039,0.0,0.0,True
2021-10-01,ABT,skip,0.0,0,9.1086,0.0,0.0,True
2021-10-01,ACN,skip,0.0,0,12.1499,0.0,0.0,True
2021-10-01,ADBE,skip,0.0,0,12.9646,0.0,0.0,True
2021-10-01,AMAT,skip,0.0,0,6.1524,0.0,0.0,True
2021-10-01,AMD,skip,0.0,0,16.8416,0.0,0.0,True
2021-10-01,AMGN,skip,0.0,0,-2.671,0.0,0.0,True
2021-10-01,AMT,skip,0.0,0,6.7349,0.0,0.0,True
2021-10-01,AMZN,skip,0.0,0,2.6602,0.0,0.0,True
2021-10-01,AVGO,skip,0.0,0,10.4421,0.0,0.0,True
2021-10-01,AXP,buy_call,3.8468,6,3.7307,-0.1162,-0.006972,True
2021-10-01,BA,buy_call,3.0,6,-5.8698,-3.0,-0.18,True
2021-10-01,BAC,buy_call,3.2395,6,13.1327,9.8932,0.593592,True
2021-10-01,BKNG,buy_call,3.0,6,1.9761,-1.0239,-0.061434,True
2021-10-01,BLK,skip,0.0,0,12.987,0.0,0.0,True
2021-10-01,BMY,skip,0.0,0,-0.497,0.0,0.0,True
2021-10-01,BRK-B,skip,0.0,0,5.155,0.0,0.0,True
2021-10-01,C,skip,0.0,0,-1.4534,0.0,0.0,True
2021-10-01,CAT,skip,0.0,0,6.2718,0.0,0.0,True
2021-10-01,CHTR,skip,0.0,0,-7.2393,0.0,0.0,True
2021-10-01,CI,skip,0.0,0,7.2139,0.0,0.0,True
2021-10-01,CMCSA,skip,0.0,0,-8.0458,0.0,0.0,True
2021-10-01,COST,skip,0.0,0,9.3891,0.0,0.0,True
2021-10-01,CRM,buy_call,2.3924,6,10.497,8.1046,0.486276,True
2021-10-01,CSCO,skip,0.0,0,2.8293,0.0,0.0,True
2021-10-01,CSX,skip,0.0,0,21.6207,0.0,0.0,True
2021-10-01,CVS,skip,0.0,0,5.2086,0.0,0.0,True
2021-10-01,CVX,buy_call,3.5065,6,12.8536,9.3471,0.560826,True
2021-10-01,DE,skip,0.0,0,2.4647,0.0,0.0,True
2021-10-01,DHR,skip,0.0,0,2.4785,0.0,0.0,True
2021-10-01,DIS,skip,0.0,0,-0.0591,0.0,0.0,True
2021-10-01,DUK,skip,0.0,0,4.5292,0.0,0.0,True
2021-10-01,EL,skip,0.0,0,8.1353,0.0,0.0,True
2021-10-01,ELV,skip,0.0,0,17.0761,0.0,0.0,True
2021-10-01,EW,skip,0.0,0,5.8387,0.0,0.0,True
2021-10-01,GE,skip,0.0,0,1.865,0.0,0.0,True
2021-10-01,GOOGL,skip,0.0,0,10.7499,0.0,0.0,True
2021-10-01,GS,skip,0.0,0,9.3432,0.0,0.0,True
2021-10-01,HD,buy_call,1.8029,6,13.8213,12.0184,0.721104,True
2021-10-01,HON,skip,0.0,0,2.9866,0.0,0.0,True
2021-10-01,HUM,skip,0.0,0,19.2297,0.0,0.0,True
2021-10-01,INTC,skip,0.0,0,-8.033,0.0,0.0,True
2021-10-01,INTU,skip,0.0,0,16.0293,0.0,0.0,True
2021-10-01,ISRG,skip,0.0,0,8.9765,0.0,0.0,True
2021-10-01,ITW,skip,0.0,0,10.9119,0.0,0.0,True
2021-10-01,JNJ,skip,0.0,0,0.8545,0.0,0.0,True
2021-10-01,JPM,buy_call,2.7389,6,3.7876,1.0488,0.062928,True
2021-10-01,KO,skip,0.0,0,8.2436,0.0,0.0,True
2021-10-01,LLY,skip,0.0,0,10.2618,0.0,0.0,True
2021-10-01,LMT,skip,0.0,0,-3.7033,0.0,0.0,True
2021-10-01,LOW,skip,0.0,0,15.2618,0.0,0.0,True
2021-10-01,LRCX,skip,0.0,0,-0.7373,0.0,0.0,True
2021-10-01,MA,buy_call,3.8468,6,-3.4975,-3.8468,-0.230808,True
2021-10-01,MCD,buy_call,2.2827,6,1.8415,-0.4412,-0.026472,True
2021-10-01,MDLZ,skip,0.0,0,5.0264,0.0,0.0,True
2021-10-01,MDT,skip,0.0,0,-3.9101,0.0,0.0,True
2021-10-01,META,skip,0.0,0,-4.6613,0.0,0.0,True
2021-10-01,MMM,skip,0.0,0,1.8584,0.0,0.0,True
2021-10-01,MRK,skip,0.0,0,18.2787,0.0,0.0,True
2021-10-01,MS,skip,0.0,0,5.6212,0.0,0.0,True
2021-10-01,MSFT,skip,0.0,0,17.6291,0.0,0.0,True
2021-10-01,MU,skip,0.0,0,-2.5125,0.0,0.0,True
2021-10-01,NEE,skip,0.0,0,8.6729,0.0,0.0,True
2021-10-01,NFLX,buy_call,4.5735,6,13.1025,8.5291,0.511746,True
2021-10-01,NKE,skip,0.0,0,15.1897,0.0,0.0,True
2021-10-01,NOW,skip,0.0,0,12.1314,0.0,0.0,True
2021-10-01,NVDA,skip,0.0,0,23.4167,0.0,0.0,True
2021-10-01,ORCL,skip,0.0,0,10.1114,0.0,0.0,True
2021-10-01,PEP,skip,0.0,0,8.1761,0.0,0.0,True
2021-10-01,PFE,skip,0.0,0,1.6973,0.0,0.0,True
2021-10-01,PG,skip,0.0,0,2.2818,0.0,0.0,True
2021-10-01,PLD,skip,0.0,0,16.1193,0.0,0.0,True
2021-10-01,PYPL,skip,0.0,0,-10.6145,0.0,0.0,True
2021-10-01,QCOM,skip,0.0,0,3.6282,0.0,0.0,True
2021-10-01,SBUX,skip,0.0,0,-3.8437,0.0,0.0,True
2021-10-01,SCHW,buy_call,2.7389,6,12.6167,9.8778,0.592668,True
2021-10-01,SO,skip,0.0,0,0.5648,0.0,0.0,True
2021-10-01,SPGI,skip,0.0,0,11.5959,0.0,0.0,True
2021-10-01,SYK,skip,0.0,0,1.129,0.0,0.0,True
2021-10-01,T,skip,0.0,0,-6.4791,0.0,0.0,True
2021-10-01,TGT,skip,0.0,0,13.4852,0.0,0.0,True
2021-10-01,TJX,skip,0.0,0,-0.7426,0.0,0.0,True
2021-10-01,TMO,buy_call,2.8279,6,10.8579,8.03,0.4818,True
2021-10-01,TMUS,skip,0.0,0,-9.964,0.0,0.0,True
2021-10-01,TSLA,buy_call,6.3803,6,43.653,37.2727,2.236362,True
2021-10-01,TXN,buy_call,2.959,6,-2.4608,-2.959,-0.17754,True
2021-10-01,UNH,skip,0.0,0,18.2593,0.0,0.0,True
2021-10-01,UNP,skip,0.0,0,23.157,0.0,0.0,True
2021-10-01,UPS,skip,0.0,0,17.2268,0.0,0.0,True
2021-10-01,V,skip,0.0,0,-4.9293,0.0,0.0,True
2021-10-01,VRTX,skip,0.0,0,1.9516,0.0,0.0,True
2021-10-01,VZ,skip,0.0,0,-1.8885,0.0,0.0,True
2021-10-01,WMT,skip,0.0,0,7.2033,0.0,0.0,True
2021-10-01,XOM,buy_call,5.722,6,9.6056,3.8836,0.233016,True
2021-10-01,ZTS,skip,0.0,0,11.3629,0.0,0.0,True
2021-11-01,AAPL,buy_call,2.4288,1,10.3471,7.9183,0.079183,False
2021-11-01,ABBV,buy_call,2.22,1,1.7508,-0.4693,-0.004693,False
2021-11-01,ABT,buy_call,1.8762,1,-2.0439,-1.8762,-0.018762,False
2021-11-01,ACN,buy_call,2.2462,1,-0.0917,-2.2462,-0.022462,False
2021-11-01,ADBE,buy_call,2.4396,1,2.9968,0.5572,0.005572,False
2021-11-01,AMAT,buy_call,2.6323,1,7.7132,5.0809,0.050809,False
2021-11-01,AMD,buy_call,5.3316,1,31.7225,26.3909,0.263909,False
2021-11-01,AMGN,skip,0.0,0,-3.9088,0.0,0.0,False
2021-11-01,AMT,buy_call,3.6262,1,-6.912,-3.6262,-0.036262,False
2021-11-01,AMZN,buy_call,2.4913,1,3.9924,1.5011,0.015011,False
2021-11-01,AVGO,buy_call,2.6323,1,4.1398,1.5075,0.015075,False
2021-11-01,AXP,buy_call,3.1361,1,-12.1426,-3.1361,-0.031361,False
2021-11-01,BA,skip,0.0,0,-4.4341,0.0,0.0,False
2021-11-01,BAC,buy_call,2.7085,1,-6.9276,-2.7085,-0.027085,False
2021-11-01,BKNG,buy_call,3.0,1,-13.1747,-3.0,-0.03,False
2021-11-01,BLK,buy_call,2.3852,1,-4.1178,-2.3852,-0.023852,False
2021-11-01,BMY,skip,0.0,0,-8.1678,0.0,0.0,False
2021-11-01,BRK-B,buy_call,1.3616,1,-3.5957,-1.3616,-0.013616,False
2021-11-01,C,skip,0.0,0,-7.2272,0.0,0.0,False
2021-11-01,CAT,buy_call,3.6203,1,-4.7019,-3.6203,-0.036203,False
2021-11-01,CHTR,skip,0.0,0,-4.2392,0.0,0.0,False
2021-11-01,CI,buy_call,1.8194,1,-10.1634,-1.8194,-0.018194,False
2021-11-01,CMCSA,skip,0.0,0,-2.3896,0.0,0.0,False
2021-11-01,COST,buy_call,2.1847,1,9.9102,7.7255,0.077255,False
2021-11-01,CRM,buy_call,3.2996,1,-4.9151,-3.2996,-0.032996,False
2021-11-01,CSCO,buy_call,3.6262,1,-1.357,-3.6262,-0.036262,False
2021-11-01,CSX,buy_call,3.0,1,-4.1747,-3.0,-0.03,False
2021-11-01,CVS,buy_call,1.8194,1,0.3332,-1.4862,-0.014862,False
2021-11-01,CVX,buy_call,3.159,1,-1.415,-3.159,-0.03159,False
2021-11-01,DE,buy_call,3.6203,1,0.9436,-2.6767,-0.026767,False
2021-11-01,DHR,buy_call,1.8762,1,3.1658,1.2896,0.012896,False
2021-11-01,DIS,skip,0.0,0,-14.2959,0.0,0.0,False
2021-11-01,DUK,buy_call,1.269,1,-4.9015,-1.269,-0.01269,False
2021-11-01,EL,buy_call,3.0,1,2.3864,-0.6136,-0.006136,False
2021-11-01,ELV,buy_call,1.8194,1,-6.6417,-1.8194,-0.018194,False
2021-11-01,EW,buy_call,1.8762,1,-10.4407,-1.8762,-0.018762,False
2021-11-01,GE,buy_call,3.6203,1,-9.4212,-3.6203,-0.036203,False
2021-11-01,GOOGL,buy_call,2.3934,1,-4.1531,-2.3934,-0.023934,False
2021-11-01,GS,buy_call,2.3852,1,-7.8287,-2.3852,-0.023852,False
2021-11-01,HD,buy_call,2.1807,1,7.7662,5.5854,0.055854,False
2021-11-01,HON,buy_call,3.6262,1,-7.4925,-3.6262,-0.036262,False
2021-11-01,HUM,buy_call,1.8194,1,-9.3812,-1.8194,-0.018194,False
2021-11-01,INTC,skip,0.0,0,0.4082,0.0,0.0,False
2021-11-01,INTU,buy_call,3.6561,1,4.3356,0.6795,0.006795,False
2021-11-01,ISRG,buy_call,1.8762,1,-10.1875,-1.8762,-0.018762,False
2021-11-01,ITW,buy_call,3.6262,1,1.8783,-1.7479,-0.017479,False
2021-11-01,JNJ,buy_call,2.8819,1,-4.2669,-2.8819,-0.028819,False
2021-11-01,JPM,buy_call,2.3852,1,-5.9467,-2.3852,-0.023852,False
2021-11-01,KO,buy_call,1.269,1,-6.9541,-1.269,-0.01269,False
2021-11-01,LLY,buy_call,2.1443,1,-2.6378,-2.1443,-0.021443,False
2021-11-01,LMT,skip,0.0,0,0.3009,0.0,0.0,False
2021-11-01,LOW,buy_call,2.1807,1,4.9848,2.8041,0.028041,False
2021-11-01,LRCX,skip,0.0,0,20.6328,0.0,0.0,False
2021-11-01,MA,skip,0.0,0,-6.0211,0.0,0.0,False
2021-11-01,MCD,buy_call,1.269,1,-0.3869,-1.269,-0.01269,False
2021-11-01,MDLZ,buy_call,1.172,1,-2.9635,-1.172,-0.01172,False
2021-11-01,MDT,skip,0.0,0,-10.9795,0.0,0.0,False
2021-11-01,META,skip,0.0,0,0.275,0.0,0.0,False
2021-11-01,MMM,buy_call,3.6262,1,-4.8355,-3.6262,-0.036262,False
2021-11-01,MRK,buy_call,2.5943,1,-14.9234,-2.5943,-0.025943,False
2021-11-01,MS,buy_call,2.3852,1,-7.1064,-2.3852,-0.023852,False
2021-11-01,MSFT,buy_call,2.4396,1,-0.3106,-2.4396,-0.024396,False
2021-11-01,MU,skip,0.0,0,21.563,0.0,0.0,False
2021-11-01,NEE,buy_call,1.269,1,1.6993,0.4303,0.004303,False
2021-11-01,NFLX,buy_call,4.4729,1,-7.0128,-4.4729,-0.044729,False
2021-11-01,NKE,buy_call,1.7856,1,1.1656,-0.62,-0.0062,False
2021-11-01,NOW,buy_call,3.0216,1,-7.1744,-3.0216,-0.030216,False
2021-11-01,NVDA,buy_call,5.3316,1,27.8054,22.4738,0.224738,False
2021-11-01,ORCL,buy_call,2.3458,1,-5.091,-2.3458,-0.023458,False
2021-11-01,PEP,buy_call,1.172,1,-1.1262,-1.172,-0.01172,False
2021-11-01,PFE,buy_call,2.22,1,22.8395,20.6195,0.206195,False
2021-11-01,PG,buy_call,1.4234,1,1.7388,0.3153,0.003153,False
2021-11-01,PLD,buy_call,3.6262,1,3.9942,0.3679,0.003679,False
2021-11-01,PYPL,skip,0.0,0,-20.5082,0.0,0.0,False
2021-11-01,QCOM,buy_call,4.4302,1,35.7186,31.2883,0.312883,False
2021-11-01,SBUX,skip,0.0,0,3.3657,0.0,0.0,False
2021-11-01,SCHW,buy_call,2.3852,1,-5.6565,-2.3852,-0.023852,False
2021-11-01,SO,buy_call,1.269,1,-1.9576,-1.269,-0.01269,False
2021-11-01,SPGI,buy_call,2.3852,1,-3.8869,-2.3852,-0.023852,False
2021-11-01,SYK,buy_call,1.8762,1,-11.0648,-1.8762,-0.018762,False
2021-11-01,T,skip,0.0,0,-7.2826,0.0,0.0,False
2021-11-01,TGT,buy_call,2.4154,1,-6.0781,-2.4154,-0.024154,False
2021-11-01,TJX,skip,0.0,0,5.9704,0.0,0.0,False
2021-11-01,TMO,buy_call,2.8279,1,-0.0379,-2.8279,-0.028279,False
2021-11-01,TMUS,skip,0.0,0,-5.4073,0.0,0.0,False
2021-11-01,TSLA,buy_call,6.7056,1,2.7612,-3.9444,-0.039444,False
2021-11-01,TXN,skip,0.0,0,3.2402,0.0,0.0,False
2021-11-01,UNH,buy_call,1.8194,1,-3.529,-1.8194,-0.018194,False
2021-11-01,UNP,buy_call,3.6203,1,-2.3861,-3.6203,-0.036203,False
2021-11-01,UPS,buy_call,3.6262,1,-7.0736,-3.6262,-0.036262,False
2021-11-01,V,skip,0.0,0,-8.4998,0.0,0.0,False
2021-11-01,VRTX,buy_call,2.22,1,1.0869,-1.1331,-0.011331,False
2021-11-01,VZ,skip,0.0,0,-4.0064,0.0,0.0,False
2021-11-01,WMT,buy_call,2.4154,1,-5.8828,-2.4154,-0.024154,False
2021-11-01,XOM,buy_call,3.6203,1,-7.1816,-3.6203,-0.036203,False
2021-11-01,ZTS,buy_call,2.22,1,2.8239,0.6038,0.006038,False
2021-12-01,AAPL,buy_call,2.8148,1,7.5796,4.7648,0.047648,False
2021-12-01,ABBV,buy_call,2.7721,1,17.4532,14.681,0.14681,False
2021-12-01,ABT,skip,0.0,0,11.9027,0.0,0.0,False
2021-12-01,ACN,skip,0.0,0,15.9905,0.0,0.0,False
2021-12-01,ADBE,buy_call,2.359,1,-15.3452,-2.359,-0.02359,False
2021-12-01,AMAT,buy_call,2.835,1,7.082,4.247,0.04247,False
2021-12-01,AMD,buy_call,5.3747,1,-9.1368,-5.3747,-0.053747,False
2021-12-01,AMGN,skip,0.0,0,14.0682,0.0,0.0,False
2021-12-01,AMT,skip,0.0,0,11.437,0.0,0.0,False
2021-12-01,AMZN,buy_call,2.9828,1,-4.9252,-2.9828,-0.029828,False
2021-12-01,AVGO,buy_call,2.835,1,20.1795,17.3445,0.173445,False
2021-12-01,AXP,skip,0.0,0,7.4196,0.0,0.0,False
2021-12-01,BA,skip,0.0,0,1.7539,0.0,0.0,False
2021-12-01,BAC,skip,0.0,0,0.045,0.0,0.0,False
2021-12-01,BKNG,skip,0.0,0,14.1485,0.0,0.0,False
2021-12-01,BLK,skip,0.0,0,1.2105,0.0,0.0,False
2021-12-01,BMY,skip,0.0,0,16.2595,0.0,0.0,False
2021-12-01,BRK-B,skip,0.0,0,8.0632,0.0,0.0,False
2021-12-01,C,skip,0.0,0,-5.1962,0.0,0.0,False
2021-12-01,CAT,skip,0.0,0,6.9253,0.0,0.0,False
2021-12-01,CHTR,skip,0.0,0,0.8804,0.0,0.0,False
2021-12-01,CI,skip,0.0,0,19.6613,0.0,0.0,False
2021-12-01,CMCSA,skip,0.0,0,0.7003,0.0,0.0,False
2021-12-01,COST,buy_call,2.484,1,5.2505,2.7664,0.027664,False
2021-12-01,CRM,skip,0.0,0,-10.8191,0.0,0.0,False
2021-12-01,CSCO,skip,0.0,0,15.5544,0.0,0.0,False
2021-12-01,CSX,skip,0.0,0,8.7668,0.0,0.0,False
2021-12-01,CVS,buy_call,2.6011,1,15.832,13.231,0.13231,False
2021-12-01,CVX,skip,0.0,0,5.1708,0.0,0.0,False
2021-12-01,DE,buy_call,2.7571,1,-0.7669,-2.7571,-0.027571,False
2021-12-01,DHR,buy_call,2.4355,1,2.2914,-0.1441,-0.001441,False
2021-12-01,DIS,skip,0.0,0,6.8944,0.0,0.0,False
2021-12-01,DUK,skip,0.0,0,9.188,0.0,0.0,False
2021-12-01,EL,buy_call,3.0,1,11.6829,8.6829,0.086829,False
2021-12-01,ELV,skip,0.0,0,14.1078,0.0,0.0,False
2021-12-01,EW,skip,0.0,0,20.725,0.0,0.0,False
2021-12-01,GE,skip,0.0,0,-0.5474,0.0,0.0,False
2021-12-01,GOOGL,skip,0.0,0,2.0821,0.0,0.0,False
2021-12-01,GS,skip,0.0,0,0.4095,0.0,0.0,False
2021-12-01,HD,buy_call,2.3439,1,3.5945,1.2506,0.012506,False
2021-12-01,HON,skip,0.0,0,3.5459,0.0,0.0,False
2021-12-01,HUM,skip,0.0,0,10.5192,0.0,0.0,False
2021-12-01,INTC,buy_call,2.835,1,5.4027,2.5677,0.025677,False
2021-12-01,INTU,buy_call,5.1802,1,-1.392,-5.1802,-0.051802,False
2021-12-01,ISRG,skip,0.0,0,10.7788,0.0,0.0,False
2021-12-01,ITW,buy_call,2.3796,1,6.3106,3.931,0.03931,False
2021-12-01,JNJ,skip,0.0,0,10.4281,0.0,0.0,False
2021-12-01,JPM,skip,0.0,0,-0.3022,0.0,0.0,False
2021-12-01,KO,skip,0.0,0,13.7639,0.0,0.0,False
2021-12-01,LLY,skip,0.0,0,11.7227,0.0,0.0,False
2021-12-01,LMT,buy_call,2.7571,1,7.5094,4.7523,0.047523,False
2021-12-01,LOW,buy_call,2.3439,1,5.6789,3.335,0.03335,False
2021-12-01,LRCX,buy_call,2.835,1,5.7807,2.9457,0.029457,False
2021-12-01,MA,skip,0.0,0,14.0988,0.0,0.0,False
2021-12-01,MCD,skip,0.0,0,10.2028,0.0,0.0,False
2021-12-01,MDLZ,skip,0.0,0,12.5043,0.0,0.0,False
2021-12-01,MDT,skip,0.0,0,-3.0459,0.0,0.0,False
2021-12-01,META,buy_call,4.3383,1,3.6646,-0.6737,-0.006737,False
2021-12-01,MMM,skip,0.0,0,5.3138,0.0,0.0,False
2021-12-01,MRK,skip,0.0,0,2.3095,0.0,0.0,False
2021-12-01,MS,skip,0.0,0,3.5225,0.0,0.0,False
2021-12-01,MSFT,skip,0.0,0,1.9194,0.0,0.0,False
2021-12-01,MU,buy_call,5.3747,1,10.8928,5.5181,0.055181,False
2021-12-01,NEE,buy_call,1.3995,1,8.0589,6.6594,0.066594,False
2021-12-01,NFLX,skip,0.0,0,-6.1474,0.0,0.0,False
2021-12-01,NKE,buy_call,2.3974,1,-1.5185,-2.3974,-0.023974,False
2021-12-01,NOW,skip,0.0,0,0.2177,0.0,0.0,False
2021-12-01,NVDA,buy_call,5.3747,1,-9.992,-5.3747,-0.053747,False
2021-12-01,ORCL,skip,0.0,0,-3.8902,0.0,0.0,False
2021-12-01,PEP,skip,0.0,0,8.7182,0.0,0.0,False
2021-12-01,PFE,buy_call,2.7721,1,10.866,8.0939,0.080939,False
2021-12-01,PG,buy_call,2.3338,1,13.1415,10.8077,0.108077,False
2021-12-01,PLD,buy_call,2.3796,1,11.6816,9.3021,0.093021,False
2021-12-01,PYPL,skip,0.0,0,1.9958,0.0,0.0,False
2021-12-01,QCOM,buy_call,3.7675,1,1.2794,-2.4882,-0.024882,False
2021-12-01,SBUX,buy_call,1.3995,1,7.1455,5.746,0.05746,False
2021-12-01,SCHW,skip,0.0,0,8.9131,0.0,0.0,False
2021-12-01,SO,skip,0.0,0,13.4296,0.0,0.0,False
2021-12-01,SPGI,skip,0.0,0,3.729,0.0,0.0,False
2021-12-01,SYK,skip,0.0,0,13.0119,0.0,0.0,False
2021-12-01,T,skip,0.0,0,7.7529,0.0,0.0,False
2021-12-01,TGT,skip,0.0,0,-4.761,0.0,0.0,False
2021-12-01,TJX,buy_call,2.0563,1,9.8033,7.747,0.07747,False
2021-12-01,TMO,skip,0.0,0,5.4375,0.0,0.0,False
2021-12-01,TMUS,skip,0.0,0,6.5895,0.0,0.0,False
2021-12-01,TSLA,buy_call,6.8555,1,-7.6855,-6.8555,-0.068555,False
2021-12-01,TXN,buy_call,2.835,1,-2.0273,-2.835,-0.02835,False
2021-12-01,UNH,skip,0.0,0,13.0386,0.0,0.0,False
2021-12-01,UNP,skip,0.0,0,6.9131,0.0,0.0,False
2021-12-01,UPS,skip,0.0,0,8.5844,0.0,0.0,False
2021-12-01,V,skip,0.0,0,12.0356,0.0,0.0,False
2021-12-01,VRTX,buy_call,2.7721,1,17.4708,14.6987,0.146987,False
2021-12-01,VZ,skip,0.0,0,3.3619,0.0,0.0,False
2021-12-01,WMT,skip,0.0,0,2.887,0.0,0.0,False
2021-12-01,XOM,skip,0.0,0,3.6302,0.0,0.0,False
2021-12-01,ZTS,buy_call,2.7721,1,9.9036,7.1315,0.071315,False
2022-01-01,AAPL,buy_call,4.4037,1,-1.5712,-4.4037,-0.044037,False
2022-01-01,ABBV,buy_call,4.372,1,1.1004,-3.2715,-0.032715,False
2022-01-01,ABT,buy_call,4.6665,1,-9.4358,-4.6665,-0.046665,False
2022-01-01,ACN,buy_call,5.7664,1,-14.7075,-5.7664,-0.057664,False
2022-01-01,ADBE,skip,0.0,0,-5.7772,0.0,0.0,False
2022-01-01,ADI,skip,0.0,0,-6.356,0.0,0.0,False
2022-01-01,ADP,buy_call,5.6171,1,-16.0154,-5.6171,-0.056171,False
2022-01-01,AMAT,buy_call,4.1877,1,-12.1886,-4.1877,-0.041877,False
2022-01-01,AMD,skip,0.0,0,-20.6046,0.0,0.0,False
2022-01-01,AMT,buy_call,5.6171,1,-13.59,-5.6171,-0.056171,False
2022-01-01,AMZN,skip,0.0,0,-10.283,0.0,0.0,False
2022-01-01,AVGO,buy_call,4.1877,1,-11.3888,-4.1877,-0.041877,False
2022-01-01,AXP,buy_call,5.0999,1,9.9144,4.8146,0.048146,False
2022-01-01,BA,buy_call,3.0,1,-0.5365,-3.0,-0.03,False
2022-01-01,BAC,buy_call,3.6848,1,4.2079,0.523,0.00523,False
2022-01-01,BDX,buy_call,4.6665,1,1.4158,-3.2507,-0.032507,False
2022-01-01,BKNG,buy_call,3.0,1,2.3716,-0.6284,-0.006284,False
2022-01-01,BLK,buy_call,3.3603,1,-9.7017,-3.3603,-0.033603,False
2022-01-01,BMY,buy_call,4.372,1,4.0738,-0.2982,-0.002982,False
2022-01-01,BRK-B,buy_call,2.9539,1,4.689,1.7351,0.017351,False
2022-01-01,C,skip,0.0,0,7.8324,0.0,0.0,False
2022-01-01,CAT,buy_call,4.5847,1,-2.5056,-4.5847,-0.045847,False
2022-01-01,COST,buy_call,4.2745,1,-11.0216,-4.2745,-0.042745,False
2022-01-01,CRM,skip,0.0,0,-8.4602,0.0,0.0,False
2022-01-01,CSCO,buy_call,5.6171,1,-12.1509,-5.6171,-0.056171,False
2022-01-01,CVS,buy_call,3.8012,1,3.2474,-0.5538,-0.005538,False
2022-01-01,CVX,buy_call,4.5856,1,11.9131,7.3274,0.073274,False
2022-01-01,DE,skip,0.0,0,10.1072,0.0,0.0,False
2022-01-01,DHR,buy_call,4.6665,1,-13.08,-4.6665,-0.046665,False
2022-01-01,DIS,buy_call,3.3259,1,-7.6958,-3.3259,-0.033259,False
2022-01-01,DUK,buy_call,2.5217,1,0.1525,-2.3691,-0.023691,False
2022-01-01,EL,buy_call,3.0,1,-15.778,-3.0,-0.03,False
2022-01-01,ELV,buy_call,3.8012,1,-4.5983,-3.8012,-0.038012,False
2022-01-01,EQIX,buy_call,5.6171,1,-14.2982,-5.6171,-0.056171,False
2022-01-01,F,buy_call,4.5847,1,-2.2629,-4.5847,-0.045847,False
2022-01-01,GILD,buy_call,4.372,1,-4.4517,-4.372,-0.04372,False
2022-01-01,GM,buy_call,4.5847,1,-10.0631,-4.5847,-0.045847,False
2022-01-01,GOOGL,buy_call,3.4858,1,-6.5919,-3.4858,-0.034858,False
2022-01-01,GS,buy_call,3.3603,1,-6.7961,-3.3603,-0.033603,False
2022-01-01,HD,buy_call,3.9749,1,-11.2075,-3.9749,-0.039749,False
2022-01-01,HON,buy_call,5.6171,1,-1.9328,-5.6171,-0.056171,False
2022-01-01,HUM,buy_call,3.8012,1,-15.2575,-3.8012,-0.038012,False
2022-01-01,INTC,buy_call,4.1877,1,-5.2039,-4.1877,-0.041877,False
2022-01-01,INTU,skip,0.0,0,-13.6796,0.0,0.0,False
2022-01-01,ISRG,buy_call,4.6665,1,-20.9073,-4.6665,-0.046665,False
2022-01-01,ITW,buy_call,5.6171,1,-4.7484,-5.6171,-0.056171,False
2022-01-01,JNJ,buy_call,2.8231,1,0.7131,-2.11,-0.0211,False
2022-01-01,JPM,skip,0.0,0,-6.1572,0.0,0.0,False
2022-01-01,KLAC,buy_call,4.1877,1,-9.4952,-4.1877,-0.041877,False
2022-01-01,KO,buy_call,2.5217,1,3.04,0.5184,0.005184,False
2022-01-01,LLY,buy_call,4.3933,1,-11.1614,-4.3933,-0.043933,False
2022-01-01,LMT,buy_call,4.5847,1,9.4877,4.903,0.04903,False
2022-01-01,LOW,buy_call,3.9749,1,-8.1747,-3.9749,-0.039749,False
2022-01-01,LRCX,buy_call,4.1877,1,-17.7898,-4.1877,-0.041877,False
2022-01-01,MA,buy_call,5.0999,1,7.5309,2.431,0.02431,False
2022-01-01,MDLZ,buy_call,3.5516,1,1.6217,-1.9299,-0.019299,False
2022-01-01,MDT,skip,0.0,0,0.6759,0.0,0.0,False
2022-01-01,META,buy_call,4.3383,1,-6.8649,-4.3383,-0.043383,False
2022-01-01,MMM,buy_call,5.6171,1,-6.536,-5.6171,-0.056171,False
2022-01-01,MRK,buy_call,4.4526,1,7.3238,2.8712,0.028712,False
2022-01-01,MS,buy_call,3.3603,1,4.4621,1.1018,0.011018,False
2022-01-01,MSFT,buy_call,5.1746,1,-7.5345,-5.1746,-0.051746,False
2022-01-01,MU,buy_call,7.5321,1,-11.5859,-7.5321,-0.075321,False
2022-01-01,NEE,buy_call,2.5217,1,-16.3239,-2.5217,-0.025217,False
2022-01-01,NFLX,skip,0.0,0,-29.0983,0.0,0.0,False
2022-01-01,NKE,skip,0.0,0,-11.0001,0.0,0.0,False
2022-01-01,NOW,buy_call,7.6917,1,-9.7564,-7.6917,-0.076917,False
2022-01-01,NVDA,skip,0.0,0,-16.7352,0.0,0.0,False
2022-01-01,ORCL,skip,0.0,0,-6.9373,0.0,0.0,False
2022-01-01,PEP,buy_call,3.5516,1,0.5656,-2.986,-0.02986,False
2022-01-01,PFE,buy_call,4.372,1,-10.7705,-4.372,-0.04372,False
2022-01-01,PG,buy_call,3.013,1,-1.9134,-3.013,-0.03013,False
2022-01-01,PLD,buy_call,5.6171,1,-6.484,-5.6171,-0.056171,False
2022-01-01,PM,buy_call,3.5516,1,9.7375,6.1858,0.061858,False
2022-01-01,PYPL,buy_call,5.0999,1,-8.8238,-5.0999,-0.050999,False
2022-01-01,QCOM,buy_call,6.6297,1,-3.5247,-6.6297,-0.066297,False
2022-01-01,REGN,skip,0.0,0,-3.6309,0.0,0.0,False
2022-01-01,RTX,buy_call,4.5847,1,4.799,0.2143,0.002143,False
2022-01-01,SBUX,buy_call,2.5217,1,-15.9443,-2.5217,-0.025217,False
2022-01-01,SCHW,buy_call,3.3603,1,4.2806,0.9203,0.009203,False
2022-01-01,SHW,buy_call,5.6171,1,-18.6421,-5.6171,-0.056171,False
2022-01-01,SO,buy_call,2.5217,1,1.3269,-1.1948,-0.011948,False
2022-01-01,SPGI,buy_call,3.3603,1,-12.0166,-3.3603,-0.033603,False
2022-01-01,SYK,buy_call,4.6665,1,-7.0049,-4.6665,-0.046665,False
2022-01-01,T,buy_call,4.6591,1,3.6586,-1.0005,-0.010005,False
2022-01-01,TGT,skip,0.0,0,-4.7572,0.0,0.0,False
2022-01-01,TJX,buy_call,3.0659,1,-5.2028,-3.0659,-0.030659,False
2022-01-01,TMO,buy_call,2.8279,1,-12.8449,-2.8279,-0.028279,False
2022-01-01,TMUS,buy_call,4.6591,1,-6.7339,-4.6591,-0.046591,False
2022-01-01,TSLA,skip,0.0,0,-11.3609,0.0,0.0,False
2022-01-01,TXN,skip,0.0,0,-4.7647,0.0,0.0,False
2022-01-01,UNH,buy_call,3.8012,1,-5.5818,-3.8012,-0.038012,False
2022-01-01,UNP,buy_call,4.5847,1,-2.466,-4.5847,-0.045847,False
2022-01-01,UPS,buy_call,5.6171,1,-5.6592,-5.6171,-0.056171,False
2022-01-01,V,buy_call,5.297,1,4.3653,-0.9317,-0.009317,False
2022-01-01,VRTX,buy_call,4.372,1,10.6785,6.3065,0.063065,False
2022-01-01,VZ,buy_call,4.6591,1,2.4442,-2.2149,-0.022149,False
2022-01-01,WFC,buy_call,4.2131,1,12.13,7.917,0.07917,False
2022-01-01,ZTS,buy_call,4.372,1,-18.1289,-4.372,-0.04372,False
2022-02-01,AAPL,skip,0.0,0,-5.527,0.0,0.0,True
2022-02-01,ABBV,buy_call,3.0708,6,9.0682,5.9974,0.359844,True
2022-02-01,ABT,skip,0.0,0,-5.0326,0.0,0.0,True
2022-02-01,ACN,skip,0.0,0,-10.391,0.0,0.0,True
2022-02-01,ADBE,skip,0.0,0,-12.4686,0.0,0.0,True
2022-02-01,ADI,skip,0.0,0,-2.2443,0.0,0.0,True
2022-02-01,ADP,skip,0.0,0,-0.8391,0.0,0.0,True
2022-02-01,AMAT,skip,0.0,0,-2.8803,0.0,0.0,True
2022-02-01,AMD,skip,0.0,0,7.9562,0.0,0.0,True
2022-02-01,AMT,skip,0.0,0,-9.7932,0.0,0.0,True
2022-02-01,AMZN,skip,0.0,0,2.6673,0.0,0.0,True
2022-02-01,AVGO,skip,0.0,0,0.2663,0.0,0.0,True
2022-02-01,AXP,buy_call,3.6422,6,8.4575,4.8153,0.288918,True
2022-02-01,BA,skip,0.0,0,2.5469,0.0,0.0,True
2022-02-01,BAC,buy_call,3.7822,6,-4.2046,-3.7822,-0.226932,True
2022-02-01,BDX,buy_call,2.237,6,6.7444,4.5074,0.270444,True
2022-02-01,BKNG,buy_call,3.0,6,-11.558,-3.0,-0.18,True
2022-02-01,BLK,skip,0.0,0,-9.6058,0.0,0.0,True
2022-02-01,BMY,buy_call,3.0708,6,6.7526,3.6818,0.220908,True
2022-02-01,BRK-B,buy_call,2.8756,6,2.6931,-0.1825,-0.01095,True
2022-02-01,C,buy_call,3.0,6,-9.0449,-3.0,-0.18,True
2022-02-01,CAT,skip,0.0,0,-6.4843,0.0,0.0,True
2022-02-01,COST,skip,0.0,0,2.7953,0.0,0.0,True
2022-02-01,CRM,skip,0.0,0,-9.5001,0.0,0.0,True
2022-02-01,CSCO,skip,0.0,0,0.7699,0.0,0.0,True
2022-02-01,CVS,buy_call,3.408,6,-2.165,-3.408,-0.20448,True
2022-02-01,CVX,buy_call,3.9317,6,9.6475,5.7157,0.342942,True
2022-02-01,DE,buy_call,3.7494,6,-4.3518,-3.7494,-0.224964,True
2022-02-01,DHR,skip,0.0,0,-3.9819,0.0,0.0,True
2022-02-01,DIS,skip,0.0,0,3.84,0.0,0.0,True
2022-02-01,DUK,buy_call,2.467,6,-4.426,-2.467,-0.14802,True
2022-02-01,EL,skip,0.0,0,-4.9585,0.0,0.0,True
2022-02-01,ELV,skip,0.0,0,2.4626,0.0,0.0,True
2022-02-01,EQIX,skip,0.0,0,-2.0927,0.0,0.0,True
2022-02-01,F,skip,0.0,0,-13.0528,0.0,0.0,True
2022-02-01,GILD,skip,0.0,0,-12.0559,0.0,0.0,True
2022-02-01,GM,skip,0.0,0,-11.3977,0.0,0.0,True
2022-02-01,GOOGL,skip,0.0,0,-0.1822,0.0,0.0,True
2022-02-01,GS,skip,0.0,0,-3.7752,0.0,0.0,True
2022-02-01,HD,skip,0.0,0,-13.9381,0.0,0.0,True
2022-02-01,HON,skip,0.0,0,-7.2036,0.0,0.0,True
2022-02-01,HUM,skip,0.0,0,10.6548,0.0,0.0,True
2022-02-01,INTC,skip,0.0,0,-2.2941,0.0,0.0,True
2022-02-01,INTU,skip,0.0,0,-14.4641,0.0,0.0,True
2022-02-01,ISRG,skip,0.0,0,2.1641,0.0,0.0,True
2022-02-01,ITW,skip,0.0,0,-7.5154,0.0,0.0,True
2022-02-01,JNJ,buy_call,2.6445,6,-4.4808,-2.6445,-0.15867,True
2022-02-01,JPM,skip,0.0,0,-4.0041,0.0,0.0,True
2022-02-01,KLAC,skip,0.0,0,-10.4734,0.0,0.0,True
2022-02-01,KO,buy_call,2.467,6,2.0161,-0.4509,-0.027054,True
2022-02-01,LLY,skip,0.0,0,1.8583,0.0,0.0,True
2022-02-01,LMT,buy_call,3.7494,6,11.4794,7.73,0.4638,True
2022-02-01,LOW,skip,0.0,0,-6.5562,0.0,0.0,True
2022-02-01,LRCX,skip,0.0,0,-4.843,0.0,0.0,True
2022-02-01,MA,buy_call,3.6422,6,-6.4927,-3.6422,-0.218532,True
2022-02-01,MDLZ,buy_call,3.2566,6,-2.3124,-3.2566,-0.195396,True
2022-02-01,MDT,buy_call,2.237,6,1.4494,-0.7876,-0.047256,True
2022-02-01,META,skip,0.0,0,-32.6342,0.0,0.0,True
2022-02-01,MMM,skip,0.0,0,-10.4626,0.0,0.0,True
2022-02-01,MRK,buy_call,4.0135,6,-6.0137,-4.0135,-0.24081,True
2022-02-01,MS,buy_call,2.5015,6,-10.8911,-2.5015,-0.15009,True
2022-02-01,MSFT,skip,0.0,0,-3.9199,0.0,0.0,True
2022-02-01,MU,skip,0.0,0,8.0102,0.0,0.0,True
2022-02-01,NEE,skip,0.0,0,0.192,0.0,0.0,True
2022-02-01,NFLX,skip,0.0,0,-7.6368,0.0,0.0,True
2022-02-01,NKE,skip,0.0,0,-7.7801,0.0,0.0,True
2022-02-01,NOW,skip,0.0,0,-1.0004,0.0,0.0,True
2022-02-01,NVDA,skip,0.0,0,-0.4125,0.0,0.0,True
2022-02-01,ORCL,skip,0.0,0,-6.047,0.0,0.0,True
2022-02-01,PEP,buy_call,3.2566,6,-5.6362,-3.2566,-0.195396,True
2022-02-01,PFE,skip,0.0,0,-10.2356,0.0,0.0,True
2022-02-01,PG,skip,0.0,0,-2.3174,0.0,0.0,True
2022-02-01,PLD,skip,0.0,0,-6.9953,0.0,0.0,True
2022-02-01,PM,buy_call,3.2566,6,-1.7307,-3.2566,-0.195396,True
2022-02-01,PYPL,skip,0.0,0,-34.9017,0.0,0.0,True
2022-02-01,QCOM,skip,0.0,0,-2.145,0.0,0.0,True
2022-02-01,REGN,skip,0.0,0,1.6054,0.0,0.0,True
2022-02-01,RTX,buy_call,3.7494,6,13.8707,10.1213,0.607278,True
2022-02-01,SBUX,skip,0.0,0,-6.6416,0.0,0.0,True
2022-02-01,SCHW,buy_call,2.5015,6,-3.6944,-2.5015,-0.15009,True
2022-02-01,SHW,skip,0.0,0,-8.1603,0.0,0.0,True
2022-02-01,SO,buy_call,2.467,6,-6.7924,-2.467,-0.14802,True
2022-02-01,SPGI,skip,0.0,0,-9.5178,0.0,0.0,True
2022-02-01,SYK,skip,0.0,0,6.1681,0.0,0.0,True
2022-02-01,T,buy_call,4.3004,6,-4.582,-4.3004,-0.258024,True
2022-02-01,TGT,skip,0.0,0,-9.3726,0.0,0.0,True
2022-02-01,TJX,skip,0.0,0,-8.1562,0.0,0.0,True
2022-02-01,TMO,skip,0.0,0,-6.4167,0.0,0.0,True
2022-02-01,TMUS,skip,0.0,0,13.904,0.0,0.0,True
2022-02-01,TSLA,skip,0.0,0,-7.0768,0.0,0.0,True
2022-02-01,TXN,skip,0.0,0,-4.6656,0.0,0.0,True
2022-02-01,UNH,skip,0.0,0,0.6983,0.0,0.0,True
2022-02-01,UNP,skip,0.0,0,0.5725,0.0,0.0,True
2022-02-01,UPS,skip,0.0,0,4.0601,0.0,0.0,True
2022-02-01,V,buy_call,3.8336,6,-4.4436,-3.8336,-0.230016,True
2022-02-01,VRTX,buy_call,3.0708,6,-5.361,-3.0708,-0.184248,True
2022-02-01,VZ,buy_call,4.3004,6,2.0414,-2.259,-0.13554,True
2022-02-01,WFC,buy_call,3.3281,6,-0.7992,-3.3281,-0.199686,True
2022-02-01,ZTS,skip,0.0,0,-2.9176,0.0,0.0,True
2022-03-01,AAPL,skip,0.0,0,5.8821,0.0,0.0,True
2022-03-01,ABBV,buy_call,2.8264,8,9.7042,6.8778,0.550224,True
2022-03-01,ABT,skip,0.0,0,-1.8736,0.0,0.0,True
2022-03-01,ACN,skip,0.0,0,6.7116,0.0,0.0,True
2022-03-01,ADBE,skip,0.0,0,-2.5787,0.0,0.0,True
2022-03-01,ADI,skip,0.0,0,3.5536,0.0,0.0,True
2022-03-01,ADP,skip,0.0,0,11.2991,0.0,0.0,True
2022-03-01,AMAT,skip,0.0,0,-1.6113,0.0,0.0,True
2022-03-01,AMD,buy_call,5.3919,8,-11.3507,-5.3919,-0.431352,True
2022-03-01,AMT,skip,0.0,0,10.733,0.0,0.0,True
2022-03-01,AMZN,buy_call,3.8265,8,6.1437,2.3173,0.185384,True
2022-03-01,AVGO,buy_call,4.1737,8,7.1905,3.0169,0.241352,True
2022-03-01,AXP,buy_call,2.7116,8,-3.8758,-2.7116,-0.216928,True
2022-03-01,BA,buy_call,3.0,8,-6.74,-3.0,-0.24,True
2022-03-01,BAC,skip,0.0,0,-6.7421,0.0,0.0,True
2022-03-01,BDX,buy_call,2.4594,8,-1.9463,-2.4594,-0.196752,True
2022-03-01,BKNG,skip,0.0,0,8.1114,0.0,0.0,True
2022-03-01,BLK,skip,0.0,0,2.7262,0.0,0.0,True
2022-03-01,BMY,buy_call,2.8264,8,6.3492,3.5228,0.281824,True
2022-03-01,BRK-B,buy_call,1.809,8,9.7869,7.9779,0.638232,True
2022-03-01,C,skip,0.0,0,-9.1329,0.0,0.0,True
2022-03-01,CAT,skip,0.0,0,18.7867,0.0,0.0,True
2022-03-01,COST,buy_call,2.5784,8,11.0684,8.49,0.6792,True
2022-03-01,CRM,skip,0.0,0,0.8502,0.0,0.0,True
2022-03-01,CSCO,buy_call,3.0196,8,-0.0179,-3.0196,-0.241568,True
2022-03-01,CVS,skip,0.0,0,-2.3541,0.0,0.0,True
2022-03-01,CVX,buy_call,3.0632,8,14.2636,11.2004,0.896032,True
2022-03-01,DE,skip,0.0,0,15.3991,0.0,0.0,True
2022-03-01,DHR,skip,0.0,0,6.8948,0.0,0.0,True
2022-03-01,DIS,buy_call,3.3259,8,-7.6115,-3.3259,-0.266072,True
2022-03-01,DUK,skip,0.0,0,12.3158,0.0,0.0,True
2022-03-01,EL,skip,0.0,0,-7.914,0.0,0.0,True
2022-03-01,ELV,buy_call,2.9729,8,8.7131,5.7402,0.459216,True
2022-03-01,EQIX,skip,0.0,0,4.4932,0.0,0.0,True
2022-03-01,F,skip,0.0,0,-3.7016,0.0,0.0,True
2022-03-01,GILD,skip,0.0,0,-1.5728,0.0,0.0,True
2022-03-01,GM,skip,0.0,0,-6.3784,0.0,0.0,True
2022-03-01,GOOGL,skip,0.0,0,2.9695,0.0,0.0,True
2022-03-01,GS,skip,0.0,0,-3.2788,0.0,0.0,True
2022-03-01,HD,skip,0.0,0,-5.2243,0.0,0.0,True
2022-03-01,HON,skip,0.0,0,3.1101,0.0,0.0,True
2022-03-01,HUM,buy_call,2.9729,8,0.1957,-2.7772,-0.222176,True
2022-03-01,INTC,skip,0.0,0,4.6908,0.0,0.0,True
2022-03-01,INTU,skip,0.0,0,1.3639,0.0,0.0,True
2022-03-01,ISRG,buy_call,2.4594,8,3.9093,1.45,0.116,True
2022-03-01,ITW,skip,0.0,0,-3.2079,0.0,0.0,True
2022-03-01,JNJ,skip,0.0,0,8.3841,0.0,0.0,True
2022-03-01,JPM,skip,0.0,0,-3.8646,0.0,0.0,True
2022-03-01,KLAC,skip,0.0,0,5.3225,0.0,0.0,True
2022-03-01,KO,buy_call,1.9747,8,-0.3856,-1.9747,-0.157976,True
2022-03-01,LLY,buy_call,3.5202,8,15.0492,11.529,0.92232,True
2022-03-01,LMT,buy_call,3.2317,8,2.4525,-0.7792,-0.062336,True
2022-03-01,LOW,skip,0.0,0,-8.5361,0.0,0.0,True
2022-03-01,LRCX,skip,0.0,0,-4.2291,0.0,0.0,True
2022-03-01,MA,skip,0.0,0,-0.9534,0.0,0.0,True
2022-03-01,MDLZ,skip,0.0,0,-4.1234,0.0,0.0,True
2022-03-01,MDT,buy_call,2.4594,8,5.6768,3.2174,0.257392,True
2022-03-01,META,skip,0.0,0,5.3689,0.0,0.0,True
2022-03-01,MMM,skip,0.0,0,1.1229,0.0,0.0,True
2022-03-01,MRK,skip,0.0,0,7.1428,0.0,0.0,True
2022-03-01,MS,skip,0.0,0,-3.6808,0.0,0.0,True
2022-03-01,MSFT,skip,0.0,0,3.3996,0.0,0.0,True
2022-03-01,MU,buy_call,5.3919,8,-12.3453,-5.3919,-0.431352,True
2022-03-01,NEE,buy_call,1.9747,8,8.8274,6.8526,0.548208,True
2022-03-01,NFLX,skip,0.0,0,-5.0517,0.0,0.0,True
2022-03-01,NKE,skip,0.0,0,-1.4574,0.0,0.0,True
2022-03-01,NOW,skip,0.0,0,-3.9712,0.0,0.0,True
2022-03-01,NVDA,skip,0.0,0,11.8967,0.0,0.0,True
2022-03-01,ORCL,skip,0.0,0,8.8983,0.0,0.0,True
2022-03-01,PEP,skip,0.0,0,2.223,0.0,0.0,True
2022-03-01,PFE,skip,0.0,0,10.2897,0.0,0.0,True
2022-03-01,PG,skip,0.0,0,-1.9821,0.0,0.0,True
2022-03-01,PLD,skip,0.0,0,10.7165,0.0,0.0,True
2022-03-01,PM,skip,0.0,0,-7.0545,0.0,0.0,True
2022-03-01,PYPL,skip,0.0,0,3.3235,0.0,0.0,True
2022-03-01,QCOM,skip,0.0,0,-11.146,0.0,0.0,True
2022-03-01,REGN,buy_call,2.8264,8,12.9472,10.1207,0.809656,True
2022-03-01,RTX,buy_call,3.2317,8,-2.9983,-3.2317,-0.258536,True
2022-03-01,SBUX,skip,0.0,0,-0.3908,0.0,0.0,True
2022-03-01,SCHW,skip,0.0,0,0.0341,0.0,0.0,True
2022-03-01,SHW,skip,0.0,0,-4.914,0.0,0.0,True
2022-03-01,SO,skip,0.0,0,13.1021,0.0,0.0,True
2022-03-01,SPGI,skip,0.0,0,9.3882,0.0,0.0,True
2022-03-01,SYK,buy_call,2.4594,8,1.5189,-0.9405,-0.07524,True
2022-03-01,T,skip,0.0,0,-0.2533,0.0,0.0,True
2022-03-01,TGT,skip,0.0,0,6.6925,0.0,0.0,True
2022-03-01,TJX,skip,0.0,0,-8.0114,0.0,0.0,True
2022-03-01,TMO,skip,0.0,0,8.5754,0.0,0.0,True
2022-03-01,TMUS,buy_call,3.1005,8,4.1718,1.0712,0.085696,True
2022-03-01,TSLA,skip,0.0,0,23.8009,0.0,0.0,True
2022-03-01,TXN,skip,0.0,0,7.9358,0.0,0.0,True
2022-03-01,UNH,buy_call,2.9729,8,7.1658,4.193,0.33544,True
2022-03-01,UNP,buy_call,3.2317,8,11.6276,8.3959,0.671672,True
2022-03-01,UPS,buy_call,3.0196,8,2.6605,-0.3591,-0.028728,True
2022-03-01,V,skip,0.0,0,2.7812,0.0,0.0,True
2022-03-01,VRTX,skip,0.0,0,13.4554,0.0,0.0,True
2022-03-01,VZ,buy_call,3.1005,8,-5.0866,-3.1005,-0.24804,True
2022-03-01,WFC,skip,0.0,0,-8.7922,0.0,0.0,True
2022-03-01,ZTS,skip,0.0,0,-2.613,0.0,0.0,True
2022-04-01,AAPL,buy_call,3.6312,1,-9.7131,-3.6312,-0.036312,False
2022-04-01,ABBV,buy_call,3.3886,1,-9.3949,-3.3886,-0.033886,False
2022-04-01,ABT,skip,0.0,0,-4.1061,0.0,0.0,False
2022-04-01,ACN,buy_call,2.6793,1,-10.9332,-2.6793,-0.026793,False
2022-04-01,ADBE,skip,0.0,0,-13.0964,0.0,0.0,False
2022-04-01,ADI,buy_call,3.8302,1,-6.5383,-3.8302,-0.038302,False
2022-04-01,ADP,buy_call,4.0831,1,-3.6356,-4.0831,-0.040831,False
2022-04-01,AMAT,skip,0.0,0,-16.2746,0.0,0.0,False
2022-04-01,AMD,skip,0.0,0,-21.7853,0.0,0.0,False
2022-04-01,AMT,buy_call,4.0831,1,-4.0602,-4.0831,-0.040831,False
2022-04-01,AMZN,buy_call,4.923,1,-23.7525,-4.923,-0.04923,False
2022-04-01,AVGO,buy_call,3.8302,1,-11.3615,-3.8302,-0.038302,False
2022-04-01,AXP,skip,0.0,0,-6.5722,0.0,0.0,False
2022-04-01,BA,skip,0.0,0,-22.2768,0.0,0.0,False
2022-04-01,BAC,skip,0.0,0,-13.0168,0.0,0.0,False
2022-04-01,BDX,skip,0.0,0,-4.4346,0.0,0.0,False
2022-04-01,BKNG,buy_call,3.0,1,-5.8822,-3.0,-0.03,False
2022-04-01,BLK,buy_call,3.1107,1,-17.7094,-3.1107,-0.031107,False
2022-04-01,BMY,buy_call,3.3886,1,3.8278,0.4392,0.004392,False
2022-04-01,BRK-B,buy_call,2.0738,1,-8.5234,-2.0738,-0.020738,False
2022-04-01,C,skip,0.0,0,-9.7191,0.0,0.0,False
2022-04-01,CAT,buy_call,3.2317,1,-5.5112,-3.2317,-0.032317,False
2022-04-01,COST,buy_call,2.4026,1,-7.6635,-2.4026,-0.024026,False
2022-04-01,CRM,buy_call,3.9559,1,-17.1345,-3.9559,-0.039559,False
2022-04-01,CSCO,skip,0.0,0,-12.1593,0.0,0.0,False
2022-04-01,CVS,skip,0.0,0,-5.0193,0.0,0.0,False
2022-04-01,CVX,buy_call,3.7327,1,-3.7831,-3.7327,-0.037327,False
2022-04-01,DE,buy_call,3.2317,1,-8.8931,-3.2317,-0.032317,False
2022-04-01,DHR,buy_call,2.7954,1,-14.3116,-2.7954,-0.027954,False
2022-04-01,DIS,skip,0.0,0,-18.6133,0.0,0.0,False
2022-04-01,DUK,buy_call,1.7598,1,-1.3433,-1.7598,-0.017598,False
2022-04-01,EL,skip,0.0,0,-3.0332,0.0,0.0,False
2022-04-01,ELV,buy_call,3.0575,1,2.4679,-0.5897,-0.005897,False
2022-04-01,EQIX,buy_call,4.0831,1,-2.6205,-4.0831,-0.040831,False
2022-04-01,F,skip,0.0,0,-16.2626,0.0,0.0,False
2022-04-01,GILD,skip,0.0,0,1.0873,0.0,0.0,False
2022-04-01,GM,skip,0.0,0,-13.3287,0.0,0.0,False
2022-04-01,GOOGL,buy_call,3.8463,1,-17.9467,-3.8463,-0.038463,False
2022-04-01,GS,skip,0.0,0,-6.9098,0.0,0.0,False
2022-04-01,HD,skip,0.0,0,0.9631,0.0,0.0,False
2022-04-01,HON,buy_call,4.0831,1,-0.5499,-4.0831,-0.040831,False
2022-04-01,HUM,buy_call,3.0575,1,2.3415,-0.716,-0.00716,False
2022-04-01,INTC,buy_call,3.8302,1,-12.046,-3.8302,-0.038302,False
2022-04-01,INTU,buy_call,3.6841,1,-12.9128,-3.6841,-0.036841,False
2022-04-01,ISRG,buy_call,2.7954,1,-20.6775,-2.7954,-0.027954,False
2022-04-01,ITW,skip,0.0,0,-5.3408,0.0,0.0,False
2022-04-01,JNJ,buy_call,3.0091,1,1.8225,-1.1866,-0.011866,False
2022-04-01,JPM,skip,0.0,0,-12.4413,0.0,0.0,False
2022-04-01,KLAC,buy_call,3.8302,1,-12.7848,-3.8302,-0.038302,False
2022-04-01,KO,skip,0.0,0,5.0074,0.0,0.0,False
2022-04-01,LLY,buy_call,3.5853,1,2.0114,-1.5739,-0.015739,False
2022-04-01,LMT,buy_call,3.2317,1,-2.1024,-3.2317,-0.032317,False
2022-04-01,LOW,skip,0.0,0,-2.2058,0.0,0.0,False
2022-04-01,LRCX,skip,0.0,0,-13.0867,0.0,0.0,False
2022-04-01,MA,skip,0.0,0,1.6789,0.0,0.0,False
2022-04-01,MDLZ,skip,0.0,0,3.2811,0.0,0.0,False
2022-04-01,MDT,buy_call,2.7954,1,-5.3781,-2.7954,-0.027954,False
2022-04-01,META,buy_call,4.3383,1,-9.8444,-4.3383,-0.043383,False
2022-04-01,MMM,buy_call,4.0831,1,-3.13,-4.0831,-0.040831,False
2022-04-01,MRK,buy_call,2.497,1,9.0541,6.5571,0.065571,False
2022-04-01,MS,skip,0.0,0,-7.7918,0.0,0.0,False
2022-04-01,MSFT,buy_call,3.8384,1,-9.9867,-3.8384,-0.038384,False
2022-04-01,MU,skip,0.0,0,-12.4534,0.0,0.0,False
2022-04-01,NEE,buy_call,1.7598,1,-16.161,-1.7598,-0.017598,False
2022-04-01,NFLX,skip,0.0,0,-49.1818,0.0,0.0,False
2022-04-01,NKE,skip,0.0,0,-7.1161,0.0,0.0,False
2022-04-01,NOW,skip,0.0,0,-14.1482,0.0,0.0,False
2022-04-01,NVDA,buy_call,7.2387,1,-32.0158,-7.2387,-0.072387,False
2022-04-01,ORCL,buy_call,2.8719,1,-11.2777,-2.8719,-0.028719,False
2022-04-01,PEP,buy_call,2.2497,1,3.2617,1.0119,0.010119,False
2022-04-01,PFE,buy_call,3.3886,1,-5.2154,-3.3886,-0.033886,False
2022-04-01,PG,skip,0.0,0,5.072,0.0,0.0,False
2022-04-01,PLD,buy_call,4.0831,1,-0.227,-4.0831,-0.040831,False
2022-04-01,PM,skip,0.0,0,7.891,0.0,0.0,False
2022-04-01,PYPL,buy_call,3.6172,1,-23.9689,-3.6172,-0.036172,False
2022-04-01,QCOM,skip,0.0,0,-8.2105,0.0,0.0,False
2022-04-01,REGN,buy_call,3.3886,1,-5.6284,-3.3886,-0.033886,False
2022-04-01,RTX,skip,0.0,0,-4.199,0.0,0.0,False
2022-04-01,SBUX,skip,0.0,0,-17.951,0.0,0.0,False
2022-04-01,SCHW,buy_call,3.1107,1,-21.3261,-3.1107,-0.031107,False
2022-04-01,SHW,skip,0.0,0,10.1514,0.0,0.0,False
2022-04-01,SO,buy_call,1.7598,1,1.2136,-0.5462,-0.005462,False
2022-04-01,SPGI,buy_call,3.1107,1,-8.211,-3.1107,-0.031107,False
2022-04-01,SYK,buy_call,2.7954,1,-9.5284,-2.7954,-0.027954,False
2022-04-01,T,skip,0.0,0,5.6734,0.0,0.0,False
2022-04-01,TGT,buy_call,2.1824,1,7.742,5.5595,0.055595,False
2022-04-01,TJX,skip,0.0,0,1.1555,0.0,0.0,False
2022-04-01,TMO,buy_call,2.8279,1,-6.3355,-2.8279,-0.028279,False
2022-04-01,TMUS,buy_call,2.904,1,-4.0592,-2.904,-0.02904,False
2022-04-01,TSLA,buy_call,6.5599,1,-19.1945,-6.5599,-0.065599,False
2022-04-01,TXN,buy_call,3.8302,1,-7.2106,-3.8302,-0.038302,False
2022-04-01,UNH,buy_call,3.0575,1,0.0167,-3.0409,-0.030409,False
2022-04-01,UNP,buy_call,3.2317,1,-14.2455,-3.2317,-0.032317,False
2022-04-01,UPS,buy_call,4.0831,1,-16.0776,-4.0831,-0.040831,False
2022-04-01,V,buy_call,4.0531,1,-3.8959,-4.0531,-0.040531,False
2022-04-01,VRTX,buy_call,3.3886,1,4.694,1.3055,0.013055,False
2022-04-01,VZ,skip,0.0,0,-9.1088,0.0,0.0,False
2022-04-01,WFC,skip,0.0,0,-9.967,0.0,0.0,False
2022-04-01,ZTS,skip,0.0,0,-6.013,0.0,0.0,False
2022-05-01,AAPL,skip,0.0,0,-5.5883,0.0,0.0,True
2022-05-01,ABBV,skip,0.0,0,1.1864,0.0,0.0,True
2022-05-01,ABT,skip,0.0,0,3.9015,0.0,0.0,True
2022-05-01,ACN,skip,0.0,0,-0.3367,0.0,0.0,True
2022-05-01,ADBE,skip,0.0,0,5.185,0.0,0.0,True
2022-05-01,ADI,skip,0.0,0,9.0815,0.0,0.0,True
2022-05-01,ADP,skip,0.0,0,2.1817,0.0,0.0,True
2022-05-01,AMAT,skip,0.0,0,6.2891,0.0,0.0,True
2022-05-01,AMD,skip,0.0,0,19.1066,0.0,0.0,True
2022-05-01,AMT,skip,0.0,0,6.8372,0.0,0.0,True
2022-05-01,AMZN,skip,0.0,0,-3.2764,0.0,0.0,True
2022-05-01,AVGO,skip,0.0,0,4.6429,0.0,0.0,True
2022-05-01,AXP,skip,0.0,0,-3.097,0.0,0.0,True
2022-05-01,BA,skip,0.0,0,-11.7173,0.0,0.0,True
2022-05-01,BAC,skip,0.0,0,4.2601,0.0,0.0,True
2022-05-01,BDX,skip,0.0,0,3.4832,0.0,0.0,True
2022-05-01,BKNG,skip,0.0,0,1.5043,0.0,0.0,True
2022-05-01,BLK,skip,0.0,0,7.1077,0.0,0.0,True
2022-05-01,BMY,buy_call,4.1472,6,0.2391,-3.908,-0.23448,True
2022-05-01,BRK-B,skip,0.0,0,-2.1219,0.0,0.0,True
2022-05-01,C,skip,0.0,0,11.9273,0.0,0.0,True
2022-05-01,CAT,skip,0.0,0,3.0137,0.0,0.0,True
2022-05-01,COST,skip,0.0,0,-12.1758,0.0,0.0,True
2022-05-01,CRM,skip,0.0,0,-8.9235,0.0,0.0,True
2022-05-01,CSCO,skip,0.0,0,-7.3938,0.0,0.0,True
2022-05-01,CVS,skip,0.0,0,1.1667,0.0,0.0,True
2022-05-01,CVX,skip,0.0,0,11.4827,0.0,0.0,True
2022-05-01,DE,skip,0.0,0,-5.2364,0.0,0.0,True
2022-05-01,DHR,skip,0.0,0,5.0532,0.0,0.0,True
2022-05-01,DIS,skip,0.0,0,-1.066,0.0,0.0,True
2022-05-01,DUK,skip,0.0,0,2.1423,0.0,0.0,True
2022-05-01,EL,skip,0.0,0,-3.5636,0.0,0.0,True
2022-05-01,ELV,buy_call,2.9913,6,1.5301,-1.4612,-0.087672,True
2022-05-01,EQIX,skip,0.0,0,-4.4487,0.0,0.0,True
2022-05-01,F,skip,0.0,0,-2.747,0.0,0.0,True
2022-05-01,GILD,buy_call,4.1472,6,9.2855,5.1383,0.308298,True
2022-05-01,GM,skip,0.0,0,2.0311,0.0,0.0,True
2022-05-01,GOOGL,skip,0.0,0,-0.3045,0.0,0.0,True
2022-05-01,GS,skip,0.0,0,6.992,0.0,0.0,True
2022-05-01,HD,buy_call,4.7689,6,0.7823,-3.9866,-0.239196,True
2022-05-01,HON,skip,0.0,0,0.0568,0.0,0.0,True
2022-05-01,HUM,buy_call,2.9913,6,2.1752,-0.8161,-0.048966,True
2022-05-01,INTC,skip,0.0,0,1.9041,0.0,0.0,True
2022-05-01,INTU,skip,0.0,0,-0.8883,0.0,0.0,True
2022-05-01,ISRG,skip,0.0,0,-4.8725,0.0,0.0,True
2022-05-01,ITW,skip,0.0,0,5.5603,0.0,0.0,True
2022-05-01,JNJ,buy_call,3.0809,6,-0.5154,-3.0809,-0.184854,True
2022-05-01,JPM,skip,0.0,0,11.6037,0.0,0.0,True
2022-05-01,KLAC,skip,0.0,0,14.2799,0.0,0.0,True
2022-05-01,KO,buy_call,2.4724,6,-1.9037,-2.4724,-0.148344,True
2022-05-01,LLY,buy_call,3.4848,6,7.2947,3.8099,0.228594,True
2022-05-01,LMT,skip,0.0,0,1.849,0.0,0.0,True
2022-05-01,LOW,skip,0.0,0,-0.8293,0.0,0.0,True
2022-05-01,LRCX,skip,0.0,0,11.6519,0.0,0.0,True
2022-05-01,MA,buy_call,3.7503,6,-1.3796,-3.7503,-0.225018,True
2022-05-01,MDLZ,buy_call,2.5851,6,-1.4268,-2.5851,-0.155106,True
2022-05-01,MDT,skip,0.0,0,-4.0341,0.0,0.0,True
2022-05-01,META,skip,0.0,0,-3.407,0.0,0.0,True
2022-05-01,MMM,skip,0.0,0,3.5155,0.0,0.0,True
2022-05-01,MRK,buy_call,2.5737,6,3.7659,1.1923,0.071538,True
2022-05-01,MS,skip,0.0,0,7.8046,0.0,0.0,True
2022-05-01,MSFT,skip,0.0,0,-2.0359,0.0,0.0,True
2022-05-01,MU,skip,0.0,0,8.4336,0.0,0.0,True
2022-05-01,NEE,skip,0.0,0,6.5756,0.0,0.0,True
2022-05-01,NFLX,skip,0.0,0,3.7193,0.0,0.0,True
2022-05-01,NKE,skip,0.0,0,-4.6912,0.0,0.0,True
2022-05-01,NOW,skip,0.0,0,-2.2234,0.0,0.0,True
2022-05-01,NVDA,skip,0.0,0,0.674,0.0,0.0,True
2022-05-01,ORCL,skip,0.0,0,-1.633,0.0,0.0,True
2022-05-01,PEP,buy_call,2.5851,6,-2.3062,-2.5851,-0.155106,True
2022-05-01,PFE,skip,0.0,0,8.0905,0.0,0.0,True
2022-05-01,PG,buy_call,2.2001,6,-7.3749,-2.2001,-0.132006,True
2022-05-01,PLD,skip,0.0,0,-20.4691,0.0,0.0,True
2022-05-01,PM,buy_call,2.5851,6,6.25,3.665,0.2199,True
2022-05-01,PYPL,skip,0.0,0,-3.0934,0.0,0.0,True
2022-05-01,QCOM,skip,0.0,0,2.527,0.0,0.0,True
2022-05-01,REGN,skip,0.0,0,0.8542,0.0,0.0,True
2022-05-01,RTX,skip,0.0,0,0.2213,0.0,0.0,True
2022-05-01,SBUX,skip,0.0,0,5.1715,0.0,0.0,True
2022-05-01,SCHW,skip,0.0,0,5.6837,0.0,0.0,True
2022-05-01,SHW,buy_call,3.0233,6,-2.5167,-3.0233,-0.181398,True
2022-05-01,SO,buy_call,2.4724,6,3.0931,0.6207,0.037242,True
2022-05-01,SPGI,skip,0.0,0,-7.1766,0.0,0.0,True
2022-05-01,SYK,skip,0.0,0,-2.802,0.0,0.0,True
2022-05-01,T,buy_call,4.0755,6,14.512,10.4365,0.62619,True
2022-05-01,TGT,buy_call,3.3301,6,-29.2018,-3.3301,-0.199806,True
2022-05-01,TJX,buy_call,3.3301,6,3.7369,0.4068,0.024408,True
2022-05-01,TMO,skip,0.0,0,2.6496,0.0,0.0,True
2022-05-01,TMUS,skip,0.0,0,8.2426,0.0,0.0,True
2022-05-01,TSLA,skip,0.0,0,-12.9197,0.0,0.0,True
2022-05-01,TXN,skip,0.0,0,3.8238,0.0,0.0,True
2022-05-01,UNH,buy_call,2.9913,6,-2.3144,-2.9913,-0.179478,True
2022-05-01,UNP,skip,0.0,0,-6.1932,0.0,0.0,True
2022-05-01,UPS,skip,0.0,0,1.2613,0.0,0.0,True
2022-05-01,V,skip,0.0,0,-0.4504,0.0,0.0,True
2022-05-01,VRTX,buy_call,4.1472,6,-1.6726,-4.1472,-0.248832,True
2022-05-01,VZ,skip,0.0,0,12.1264,0.0,0.0,True
2022-05-01,WFC,skip,0.0,0,4.9049,0.0,0.0,True
2022-05-01,ZTS,skip,0.0,0,-3.3967,0.0,0.0,True
2022-06-01,AAPL,skip,0.0,0,-8.008,0.0,0.0,True
2022-06-01,ABBV,buy_call,3.4936,4,3.9289,0.4353,0.017412,True
2022-06-01,ABT,buy_call,2.0089,4,-7.5004,-2.0089,-0.080356,True
2022-06-01,ACN,skip,0.0,0,-6.9725,0.0,0.0,True
2022-06-01,ADBE,buy_call,2.8745,4,-12.1062,-2.8745,-0.11498,True
2022-06-01,ADI,buy_call,5.1745,4,-12.8443,-5.1745,-0.20698,True
2022-06-01,ADP,buy_call,3.3573,4,-5.7863,-3.3573,-0.134292,True
2022-06-01,AMAT,buy_call,5.1745,4,-22.2419,-5.1745,-0.20698,True
2022-06-01,AMD,buy_call,7.0334,4,-24.9264,-7.0334,-0.281336,True
2022-06-01,AMT,buy_call,3.3573,4,-0.2108,-3.3573,-0.134292,True
2022-06-01,AMZN,skip,0.0,0,-11.6459,0.0,0.0,True
2022-06-01,AVGO,buy_call,5.1745,4,-16.2584,-5.1745,-0.20698,True
2022-06-01,AXP,skip,0.0,0,-17.8889,0.0,0.0,True
2022-06-01,BA,skip,0.0,0,4.0487,0.0,0.0,True
2022-06-01,BAC,buy_call,4.9582,4,-16.3172,-4.9582,-0.198328,True
2022-06-01,BDX,buy_call,2.0089,4,-3.6239,-2.0089,-0.080356,True
2022-06-01,BKNG,buy_call,3.0,4,-22.044,-3.0,-0.12,True
2022-06-01,BLK,buy_call,4.8232,4,-8.9735,-4.8232,-0.192928,True
2022-06-01,BMY,buy_call,3.4936,4,2.0543,-1.4393,-0.057572,True
2022-06-01,BRK-B,skip,0.0,0,-13.5958,0.0,0.0,True
2022-06-01,C,buy_call,3.0,4,-13.8925,-3.0,-0.12,True
2022-06-01,CAT,buy_call,4.3606,4,-17.1832,-4.3606,-0.174424,True
2022-06-01,COST,skip,0.0,0,2.8013,0.0,0.0,True
2022-06-01,CRM,skip,0.0,0,2.9955,0.0,0.0,True
2022-06-01,CSCO,skip,0.0,0,-5.3496,0.0,0.0,True
2022-06-01,CVS,buy_call,3.1041,4,-4.2274,-3.1041,-0.124164,True
2022-06-01,CVX,buy_call,3.7435,4,-16.4256,-3.7435,-0.14974,True
2022-06-01,DE,skip,0.0,0,-16.2977,0.0,0.0,True
2022-06-01,DHR,buy_call,2.0089,4,-3.9042,-2.0089,-0.080356,True
2022-06-01,DIS,skip,0.0,0,-14.5237,0.0,0.0,True
2022-06-01,DUK,buy_call,3.046,4,-3.8575,-3.046,-0.12184,True
2022-06-01,EL,skip,0.0,0,0.2581,0.0,0.0,True
2022-06-01,ELV,buy_call,3.1041,4,-5.304,-3.1041,-0.124164,True
2022-06-01,EQIX,skip,0.0,0,-3.9156,0.0,0.0,True
2022-06-01,F,skip,0.0,0,-18.6404,0.0,0.0,True
2022-06-01,GILD,buy_call,3.4936,4,-4.6877,-3.4936,-0.139744,True
2022-06-01,GM,buy_call,4.3606,4,-17.8904,-4.3606,-0.174424,True
2022-06-01,GOOGL,skip,0.0,0,-4.2185,0.0,0.0,True
2022-06-01,GS,buy_call,4.8232,4,-8.57,-4.8232,-0.192928,True
2022-06-01,HD,buy_call,3.8904,4,-9.4071,-3.8904,-0.155616,True
2022-06-01,HON,buy_call,3.3573,4,-9.7709,-3.3573,-0.134292,True
2022-06-01,HUM,buy_call,3.1041,4,3.0469,-0.0572,-0.002288,True
2022-06-01,INTC,buy_call,5.1745,4,-15.1154,-5.1745,-0.20698,True
2022-06-01,INTU,skip,0.0,0,-7.0019,0.0,0.0,True
2022-06-01,ISRG,skip,0.0,0,-11.8301,0.0,0.0,True
2022-06-01,ITW,buy_call,3.3573,4,-12.4093,-3.3573,-0.134292,True
2022-06-01,JNJ,skip,0.0,0,-0.4898,0.0,0.0,True
2022-06-01,JPM,buy_call,4.8232,4,-14.8378,-4.8232,-0.192928,True
2022-06-01,KLAC,buy_call,5.1745,4,-12.253,-5.1745,-0.20698,True
2022-06-01,KO,skip,0.0,0,-0.7416,0.0,0.0,True
2022-06-01,LLY,buy_call,2.2617,4,3.791,1.5293,0.061172,True
2022-06-01,LMT,buy_call,4.3606,4,-1.6953,-4.3606,-0.174424,True
2022-06-01,LOW,skip,0.0,0,-10.5632,0.0,0.0,True
2022-06-01,LRCX,buy_call,5.1745,4,-18.0528,-5.1745,-0.20698,True
2022-06-01,MA,skip,0.0,0,-11.8451,0.0,0.0,True
2022-06-01,MDLZ,skip,0.0,0,-2.3128,0.0,0.0,True
2022-06-01,MDT,skip,0.0,0,-10.3844,0.0,0.0,True
2022-06-01,META,skip,0.0,0,-16.7269,0.0,0.0,True
2022-06-01,MMM,buy_call,3.3573,4,-12.4404,-3.3573,-0.134292,True
2022-06-01,MRK,buy_call,3.3162,4,-0.9345,-3.3162,-0.132648,True
2022-06-01,MS,buy_call,4.8232,4,-11.7019,-4.8232,-0.192928,True
2022-06-01,MSFT,skip,0.0,0,-5.312,0.0,0.0,True
2022-06-01,MU,buy_call,7.0334,4,-25.1354,-7.0334,-0.281336,True
2022-06-01,NEE,buy_call,3.046,4,2.9214,-0.1246,-0.004984,True
2022-06-01,NFLX,buy_call,7.5102,4,-11.4313,-7.5102,-0.300408,True
2022-06-01,NKE,skip,0.0,0,-14.0093,0.0,0.0,True
2022-06-01,NOW,skip,0.0,0,1.722,0.0,0.0,True
2022-06-01,NVDA,buy_call,7.0334,4,-18.8143,-7.0334,-0.281336,True
2022-06-01,ORCL,skip,0.0,0,-2.8504,0.0,0.0,True
2022-06-01,PEP,skip,0.0,0,-0.6498,0.0,0.0,True
2022-06-01,PFE,buy_call,3.4936,4,-0.3439,-3.4936,-0.139744,True
2022-06-01,PG,skip,0.0,0,-2.7658,0.0,0.0,True
2022-06-01,PLD,skip,0.0,0,-7.711,0.0,0.0,True
2022-06-01,PM,buy_call,3.1101,4,-7.0682,-3.1101,-0.124404,True
2022-06-01,PYPL,skip,0.0,0,-18.0378,0.0,0.0,True
2022-06-01,QCOM,buy_call,5.9179,4,-10.8086,-5.9179,-0.236716,True
2022-06-01,REGN,buy_call,3.4936,4,-11.0735,-3.4936,-0.139744,True
2022-06-01,RTX,buy_call,4.3606,4,1.6444,-2.7161,-0.108644,True
2022-06-01,SBUX,buy_call,3.046,4,-2.0025,-3.046,-0.12184,True
2022-06-01,SCHW,buy_call,4.8232,4,-9.5939,-4.8232,-0.192928,True
2022-06-01,SHW,skip,0.0,0,-16.2705,0.0,0.0,True
2022-06-01,SO,buy_call,3.046,4,-4.8763,-3.046,-0.12184,True
2022-06-01,SPGI,skip,0.0,0,-3.3175,0.0,0.0,True
2022-06-01,SYK,skip,0.0,0,-15.1684,0.0,0.0,True
2022-06-01,T,buy_call,3.6,4,-1.55,-3.6,-0.144,True
2022-06-01,TGT,skip,0.0,0,-12.3968,0.0,0.0,True
2022-06-01,TJX,buy_call,2.6229,4,-11.6805,-2.6229,-0.104916,True
2022-06-01,TMO,buy_call,2.8279,4,-4.2796,-2.8279,-0.113116,True
2022-06-01,TMUS,buy_call,3.6,4,0.9378,-2.6622,-0.106488,True
2022-06-01,TSLA,skip,0.0,0,-11.1888,0.0,0.0,True
2022-06-01,TXN,buy_call,5.1745,4,-12.4832,-5.1745,-0.20698,True
2022-06-01,UNH,skip,0.0,0,3.3918,0.0,0.0,True
2022-06-01,UNP,skip,0.0,0,-2.384,0.0,0.0,True
2022-06-01,UPS,buy_call,3.3573,4,1.0186,-2.3387,-0.093548,True
2022-06-01,V,skip,0.0,0,-7.0245,0.0,0.0,True
2022-06-01,VRTX,skip,0.0,0,4.8911,0.0,0.0,True
2022-06-01,VZ,buy_call,3.6,4,-1.0528,-3.6,-0.144,True
2022-06-01,WFC,buy_call,5.0136,4,-13.9521,-5.0136,-0.200544,True
2022-06-01,ZTS,skip,0.0,0,0.5616,0.0,0.0,True
2022-07-01,AAPL,skip,0.0,0,18.8634,0.0,0.0,True
2022-07-01,ABBV,buy_call,4.4404,36,-6.3006,-4.4404,-1.598544,True
2022-07-01,ABT,skip,0.0,0,0.1749,0.0,0.0,True
2022-07-01,ACN,skip,0.0,0,10.3043,0.0,0.0,True
2022-07-01,ADBE,skip,0.0,0,12.0363,0.0,0.0,True
2022-07-01,ADI,skip,0.0,0,17.7082,0.0,0.0,True
2022-07-01,ADP,skip,0.0,0,15.3425,0.0,0.0,True
2022-07-01,AMAT,skip,0.0,0,16.4871,0.0,0.0,True
2022-07-01,AMD,skip,0.0,0,23.5386,0.0,0.0,True
2022-07-01,AMT,skip,0.0,0,6.5941,0.0,0.0,True
2022-07-01,AMZN,skip,0.0,0,27.0596,0.0,0.0,True
2022-07-01,AVGO,skip,0.0,0,11.138,0.0,0.0,True
2022-07-01,AXP,skip,0.0,0,11.5254,0.0,0.0,True
2022-07-01,BA,buy_call,3.0,36,16.5228,13.5228,4.868208,True
2022-07-01,BAC,skip,0.0,0,9.2346,0.0,0.0,True
2022-07-01,BDX,skip,0.0,0,-0.5651,0.0,0.0,True
2022-07-01,BKNG,skip,0.0,0,10.6747,0.0,0.0,True
2022-07-01,BLK,skip,0.0,0,10.6612,0.0,0.0,True
2022-07-01,BMY,buy_call,4.4404,36,-3.5162,-4.4404,-1.598544,True
2022-07-01,BRK-B,skip,0.0,0,10.1018,0.0,0.0,True
2022-07-01,C,skip,0.0,0,12.8506,0.0,0.0,True
2022-07-01,CAT,skip,0.0,0,10.9029,0.0,0.0,True
2022-07-01,COST,buy_call,3.1151,36,12.9402,9.8251,3.537036,True
2022-07-01,CRM,buy_call,4.7694,36,11.5002,6.7308,2.423088,True
2022-07-01,CSCO,skip,0.0,0,6.4024,0.0,0.0,True
2022-07-01,CVS,skip,0.0,0,3.2592,0.0,0.0,True
2022-07-01,CVX,skip,0.0,0,13.1234,0.0,0.0,True
2022-07-01,DE,skip,0.0,0,15.0162,0.0,0.0,True
2022-07-01,DHR,skip,0.0,0,15.0862,0.0,0.0,True
2022-07-01,DIS,skip,0.0,0,12.3941,0.0,0.0,True
2022-07-01,DUK,skip,0.0,0,2.5371,0.0,0.0,True
2022-07-01,EL,buy_call,3.0,36,7.2368,4.2368,1.525248,True
2022-07-01,ELV,skip,0.0,0,-0.881,0.0,0.0,True
2022-07-01,EQIX,skip,0.0,0,7.1109,0.0,0.0,True
2022-07-01,F,skip,0.0,0,31.9856,0.0,0.0,True
2022-07-01,GILD,skip,0.0,0,-2.1249,0.0,0.0,True
2022-07-01,GM,skip,0.0,0,14.1688,0.0,0.0,True
2022-07-01,GOOGL,skip,0.0,0,6.7518,0.0,0.0,True
2022-07-01,GS,skip,0.0,0,12.245,0.0,0.0,True
2022-07-01,HD,skip,0.0,0,10.417,0.0,0.0,True
2022-07-01,HON,skip,0.0,0,10.7301,0.0,0.0,True
2022-07-01,HUM,buy_call,2.9833,36,3.1519,0.1686,0.060696,True
2022-07-01,INTC,skip,0.0,0,-2.9404,0.0,0.0,True
2022-07-01,INTU,skip,0.0,0,18.3505,0.0,0.0,True
2022-07-01,ISRG,skip,0.0,0,14.6779,0.0,0.0,True
2022-07-01,ITW,skip,0.0,0,14.7624,0.0,0.0,True
2022-07-01,JNJ,skip,0.0,0,-1.6844,0.0,0.0,True
2022-07-01,JPM,skip,0.0,0,2.4421,0.0,0.0,True
2022-07-01,KLAC,skip,0.0,0,20.2019,0.0,0.0,True
2022-07-01,KO,skip,0.0,0,2.7398,0.0,0.0,True
2022-07-01,LLY,buy_call,3.9146,36,1.684,-2.2306,-0.803016,True
2022-07-01,LMT,skip,0.0,0,-3.7562,0.0,0.0,True
2022-07-01,LOW,skip,0.0,0,9.6525,0.0,0.0,True
2022-07-01,LRCX,skip,0.0,0,17.8446,0.0,0.0,True
2022-07-01,MA,skip,0.0,0,12.1434,0.0,0.0,True
2022-07-01,MDLZ,skip,0.0,0,3.7288,0.0,0.0,True
2022-07-01,MDT,skip,0.0,0,3.8778,0.0,0.0,True
2022-07-01,META,skip,0.0,0,-1.3333,0.0,0.0,True
2022-07-01,MMM,skip,0.0,0,10.687,0.0,0.0,True
2022-07-01,MRK,skip,0.0,0,-1.2052,0.0,0.0,True
2022-07-01,MS,skip,0.0,0,10.8335,0.0,0.0,True
2022-07-01,MSFT,skip,0.0,0,9.3096,0.0,0.0,True
2022-07-01,MU,skip,0.0,0,11.903,0.0,0.0,True
2022-07-01,NEE,buy_call,2.9171,36,9.0756,6.1586,2.217096,True
2022-07-01,NFLX,skip,0.0,0,28.6098,0.0,0.0,True
2022-07-01,NKE,skip,0.0,0,12.7248,0.0,0.0,True
2022-07-01,NOW,buy_call,7.0143,36,-6.0691,-7.0143,-2.525148,True
2022-07-01,NVDA,skip,0.0,0,19.8419,0.0,0.0,True
2022-07-01,ORCL,skip,0.0,0,11.4069,0.0,0.0,True
2022-07-01,PEP,skip,0.0,0,5.7104,0.0,0.0,True
2022-07-01,PFE,skip,0.0,0,-3.662,0.0,0.0,True
2022-07-01,PG,skip,0.0,0,-3.3938,0.0,0.0,True
2022-07-01,PLD,skip,0.0,0,13.4833,0.0,0.0,True
2022-07-01,PM,skip,0.0,0,-0.3757,0.0,0.0,True
2022-07-01,PYPL,skip,0.0,0,23.8975,0.0,0.0,True
2022-07-01,QCOM,skip,0.0,0,14.1566,0.0,0.0,True
2022-07-01,REGN,skip,0.0,0,-1.597,0.0,0.0,True
2022-07-01,RTX,buy_call,4.9813,36,-3.0174,-4.9813,-1.793268,True
2022-07-01,SBUX,skip,0.0,0,10.9831,0.0,0.0,True
2022-07-01,SCHW,skip,0.0,0,9.2909,0.0,0.0,True
2022-07-01,SHW,skip,0.0,0,8.0523,0.0,0.0,True
2022-07-01,SO,skip,0.0,0,7.825,0.0,0.0,True
2022-07-01,SPGI,skip,0.0,0,11.8288,0.0,0.0,True
2022-07-01,SYK,skip,0.0,0,8.3332,0.0,0.0,True
2022-07-01,T,skip,0.0,0,-10.4008,0.0,0.0,True
2022-07-01,TGT,skip,0.0,0,15.6836,0.0,0.0,True
2022-07-01,TJX,skip,0.0,0,9.5076,0.0,0.0,True
2022-07-01,TMO,skip,0.0,0,10.2122,0.0,0.0,True
2022-07-01,TMUS,buy_call,3.8601,36,6.3327,2.4726,0.890136,True
2022-07-01,TSLA,skip,0.0,0,32.3765,0.0,0.0,True
2022-07-01,TXN,skip,0.0,0,16.427,0.0,0.0,True
2022-07-01,UNH,buy_call,2.9833,36,5.9662,2.9829,1.073844,True
2022-07-01,UNP,skip,0.0,0,6.5735,0.0,0.0,True
2022-07-01,UPS,buy_call,3.6919,36,6.7656,3.0737,1.106532,True
2022-07-01,V,skip,0.0,0,7.7302,0.0,0.0,True
2022-07-01,VRTX,buy_call,4.4404,36,-0.4897,-4.4404,-1.598544,True
2022-07-01,VZ,skip,0.0,0,-8.9852,0.0,0.0,True
2022-07-01,WFC,skip,0.0,0,11.999,0.0,0.0,True
2022-07-01,ZTS,buy_call,4.4404,36,6.2017,1.7613,0.634068,True
2022-08-01,AAPL,buy_call,2.8168,2,-3.2552,-2.8168,-0.056336,True
2022-08-01,ABBV,skip,0.0,0,-5.4298,0.0,0.0,True
2022-08-01,ABT,buy_call,2.378,2,-5.268,-2.378,-0.04756,True
2022-08-01,ACN,buy_call,3.4106,2,-5.477,-3.4106,-0.068212,True
2022-08-01,ADBE,buy_call,2.7432,2,-8.9437,-2.7432,-0.054864,True
2022-08-01,ADI,buy_call,4.098,2,-11.8807,-4.098,-0.08196,True
2022-08-01,ADP,buy_call,2.7609,2,1.3645,-1.3964,-0.027928,True
2022-08-01,AMAT,buy_call,4.098,2,-11.238,-4.098,-0.08196,True
2022-08-01,AMD,buy_call,6.7375,2,-10.162,-6.7375,-0.13475,True
2022-08-01,AMT,buy_call,2.7609,2,-6.1957,-2.7609,-0.055218,True
2022-08-01,AMZN,buy_call,3.8735,2,-6.0615,-3.8735,-0.07747,True
2022-08-01,AVGO,buy_call,4.098,2,-6.792,-4.098,-0.08196,True
2022-08-01,AXP,buy_call,2.7116,2,-1.3115,-2.7116,-0.054232,True
2022-08-01,BA,buy_call,3.0,2,0.59,-2.41,-0.0482,True
2022-08-01,BAC,buy_call,2.9024,2,-0.5915,-2.9024,-0.058048,True
2022-08-01,BDX,skip,0.0,0,3.3195,0.0,0.0,True
2022-08-01,BKNG,buy_call,3.0,2,-3.0935,-3.0,-0.06,True
2022-08-01,BLK,buy_call,2.7012,2,-0.417,-2.7012,-0.054024,True
2022-08-01,BMY,skip,0.0,0,-8.6338,0.0,0.0,True
2022-08-01,BRK-B,buy_call,2.0554,2,-6.5868,-2.0554,-0.041108,True
2022-08-01,C,buy_call,3.0,2,-5.0264,-3.0,-0.06,True
2022-08-01,CAT,buy_call,4.1889,2,-6.1808,-4.1889,-0.083778,True
2022-08-01,COST,buy_call,2.4952,2,-3.3805,-2.4952,-0.049904,True
2022-08-01,CRM,buy_call,4.1948,2,-15.1614,-4.1948,-0.083896,True
2022-08-01,CSCO,buy_call,2.7609,2,-0.5455,-2.7609,-0.055218,True
2022-08-01,CVS,buy_call,3.1297,2,3.1779,0.0482,0.000964,True
2022-08-01,CVX,buy_call,3.52,2,-3.4925,-3.52,-0.0704,True
2022-08-01,DE,buy_call,4.1889,2,6.431,2.2422,0.044844,True
2022-08-01,DHR,buy_call,2.378,2,-7.397,-2.378,-0.04756,True
2022-08-01,DIS,buy_call,4.474,2,5.6362,1.1622,0.023244,True
2022-08-01,DUK,buy_call,2.0238,2,-2.7472,-2.0238,-0.040476,True
2022-08-01,EL,buy_call,3.0,2,-6.8546,-3.0,-0.06,True
2022-08-01,ELV,skip,0.0,0,1.6789,0.0,0.0,True
2022-08-01,EQIX,buy_call,2.7609,2,-6.5891,-2.7609,-0.055218,True
2022-08-01,F,buy_call,4.1889,2,3.744,-0.4448,-0.008896,True
2022-08-01,GILD,skip,0.0,0,6.2259,0.0,0.0,True
2022-08-01,GM,buy_call,4.1889,2,5.3778,1.189,0.02378,True
2022-08-01,GOOGL,buy_call,3.0384,2,-6.9636,-3.0384,-0.060768,True
2022-08-01,GS,buy_call,2.7012,2,-0.216,-2.7012,-0.054024,True
2022-08-01,HD,buy_call,3.583,2,-4.1603,-3.583,-0.07166,True
2022-08-01,HON,buy_call,2.7609,2,-1.6159,-2.7609,-0.055218,True
2022-08-01,HUM,buy_call,3.1297,2,-0.0456,-3.1297,-0.062594,True
2022-08-01,INTC,skip,0.0,0,-12.0903,0.0,0.0,True
2022-08-01,INTU,buy_call,4.7966,2,-5.1898,-4.7966,-0.095932,True
2022-08-01,ISRG,buy_call,2.378,2,-10.6139,-2.378,-0.04756,True
2022-08-01,ITW,buy_call,2.7609,2,-6.2236,-2.7609,-0.055218,True
2022-08-01,JNJ,skip,0.0,0,-7.5521,0.0,0.0,True
2022-08-01,JPM,buy_call,2.7012,2,-0.5409,-2.7012,-0.054024,True
2022-08-01,KLAC,buy_call,4.098,2,-10.2753,-4.098,-0.08196,True
2022-08-01,KO,buy_call,2.0238,2,-3.8336,-2.0238,-0.040476,True
2022-08-01,LLY,buy_call,3.481,2,-8.6323,-3.481,-0.06962,True
2022-08-01,LMT,skip,0.0,0,1.5224,0.0,0.0,True
2022-08-01,LOW,buy_call,3.583,2,1.9388,-1.6442,-0.032884,True
2022-08-01,LRCX,buy_call,4.098,2,-12.5072,-4.098,-0.08196,True
2022-08-01,MA,buy_call,2.7116,2,-8.1751,-2.7116,-0.054232,True
2022-08-01,MDLZ,buy_call,2.2426,2,-3.4041,-2.2426,-0.044852,True
2022-08-01,MDT,buy_call,2.378,2,-4.9719,-2.378,-0.04756,True
2022-08-01,META,skip,0.0,0,2.4073,0.0,0.0,True
2022-08-01,MMM,buy_call,2.7609,2,-13.1876,-2.7609,-0.055218,True
2022-08-01,MRK,skip,0.0,0,-4.4549,0.0,0.0,True
2022-08-01,MS,buy_call,2.7012,2,2.0499,-0.6513,-0.013026,True
2022-08-01,MSFT,buy_call,2.7432,2,-6.864,-2.7432,-0.054864,True
2022-08-01,MU,buy_call,6.7375,2,-8.4373,-6.7375,-0.13475,True
2022-08-01,NEE,buy_call,2.0238,2,0.6746,-1.3492,-0.026984,True
2022-08-01,NFLX,buy_call,5.4349,2,-0.5958,-5.4349,-0.108698,True
2022-08-01,NKE,buy_call,3.5526,2,-7.3704,-3.5526,-0.071052,True
2022-08-01,NOW,skip,0.0,0,-2.6956,0.0,0.0,True
2022-08-01,NVDA,buy_call,6.7375,2,-16.897,-6.7375,-0.13475,True
2022-08-01,ORCL,buy_call,2.2738,2,-4.3144,-2.2738,-0.045476,True
2022-08-01,PEP,buy_call,2.2426,2,-1.5375,-2.2426,-0.044852,True
2022-08-01,PFE,skip,0.0,0,-9.7585,0.0,0.0,True
2022-08-01,PG,skip,0.0,0,-0.0536,0.0,0.0,True
2022-08-01,PLD,buy_call,2.7609,2,-6.0727,-2.7609,-0.055218,True
2022-08-01,PM,skip,0.0,0,-1.7087,0.0,0.0,True
2022-08-01,PYPL,buy_call,2.7116,2,7.9857,5.274,0.10548,True
2022-08-01,QCOM,buy_call,4.216,2,-8.817,-4.216,-0.08432,True
2022-08-01,REGN,skip,0.0,0,-0.1083,0.0,0.0,True
2022-08-01,RTX,skip,0.0,0,-3.7121,0.0,0.0,True
2022-08-01,SBUX,buy_call,2.0238,2,-0.8374,-2.0238,-0.040476,True
2022-08-01,SCHW,buy_call,2.7012,2,2.7516,0.0504,0.001008,True
2022-08-01,SHW,buy_call,2.7609,2,-4.0671,-2.7609,-0.055218,True
2022-08-01,SO,buy_call,2.0238,2,0.2341,-1.7897,-0.035794,True
2022-08-01,SPGI,buy_call,2.7012,2,-6.5662,-2.7012,-0.054024,True
2022-08-01,SYK,buy_call,2.378,2,-4.447,-2.378,-0.04756,True
2022-08-01,T,skip,0.0,0,-5.3588,0.0,0.0,True
2022-08-01,TGT,buy_call,3.7238,2,-1.8607,-3.7238,-0.074476,True
2022-08-01,TJX,buy_call,3.7238,2,1.9457,-1.7781,-0.035562,True
2022-08-01,TMO,buy_call,2.8279,2,-8.8718,-2.8279,-0.056558,True
2022-08-01,TMUS,buy_call,3.5263,2,0.6291,-2.8972,-0.057944,True
2022-08-01,TSLA,buy_call,6.2313,2,-7.2489,-6.2313,-0.124626,True
2022-08-01,TXN,buy_call,4.098,2,-7.0389,-4.098,-0.08196,True
2022-08-01,UNH,buy_call,3.1297,2,-4.2427,-3.1297,-0.062594,True
2022-08-01,UNP,buy_call,4.1889,2,-1.2275,-4.1889,-0.083778,True
2022-08-01,UPS,buy_call,2.7609,2,-0.195,-2.7609,-0.055218,True
2022-08-01,V,buy_call,3.6959,2,-6.3175,-3.6959,-0.073918,True
2022-08-01,VRTX,skip,0.0,0,0.4814,0.0,0.0,True
2022-08-01,VZ,skip,0.0,0,-8.3438,0.0,0.0,True
2022-08-01,WFC,buy_call,2.8507,2,-0.3647,-2.8507,-0.057014,True
2022-08-01,ZTS,buy_call,3.5246,2,-14.0963,-3.5246,-0.070492,True
2022-09-01,AAPL,skip,0.0,0,-11.9756,0.0,0.0,True
2022-09-01,ABBV,skip,0.0,0,-0.1859,0.0,0.0,True
2022-09-01,ABT,skip,0.0,0,-5.738,0.0,0.0,True
2022-09-01,ACN,skip,0.0,0,-10.8022,0.0,0.0,True
2022-09-01,ADBE,skip,0.0,0,-26.3068,0.0,0.0,True
2022-09-01,ADI,skip,0.0,0,-7.6021,0.0,0.0,True
2022-09-01,ADP,buy_call,2.64,22,-7.4547,-2.64,-0.5808,True
2022-09-01,AMAT,skip,0.0,0,-12.6825,0.0,0.0,True
2022-09-01,AMD,skip,0.0,0,-25.3446,0.0,0.0,True
2022-09-01,AMT,skip,0.0,0,-15.4891,0.0,0.0,True
2022-09-01,AMZN,skip,0.0,0,-10.8622,0.0,0.0,True
2022-09-01,AVGO,skip,0.0,0,-11.0396,0.0,0.0,True
2022-09-01,AXP,skip,0.0,0,-11.2434,0.0,0.0,True
2022-09-01,BA,buy_call,3.0,22,-24.4431,-3.0,-0.66,True
2022-09-01,BAC,skip,0.0,0,-10.1458,0.0,0.0,True
2022-09-01,BDX,buy_call,2.1475,22,-11.7225,-2.1475,-0.47245,True
2022-09-01,BKNG,skip,0.0,0,-12.4,0.0,0.0,True
2022-09-01,BLK,skip,0.0,0,-17.4237,0.0,0.0,True
2022-09-01,BMY,skip,0.0,0,5.4591,0.0,0.0,True
2022-09-01,BRK-B,skip,0.0,0,-4.9074,0.0,0.0,True
2022-09-01,C,skip,0.0,0,-14.6281,0.0,0.0,True
2022-09-01,CAT,skip,0.0,0,-11.1689,0.0,0.0,True
2022-09-01,COST,skip,0.0,0,-9.5442,0.0,0.0,True
2022-09-01,CRM,skip,0.0,0,-7.8657,0.0,0.0,True
2022-09-01,CSCO,skip,0.0,0,-10.5546,0.0,0.0,True
2022-09-01,CVS,buy_call,2.1553,22,-2.8324,-2.1553,-0.474166,True
2022-09-01,CVX,skip,0.0,0,-8.2782,0.0,0.0,True
2022-09-01,DE,buy_call,4.6269,22,-8.5859,-4.6269,-1.017918,True
2022-09-01,DHR,skip,0.0,0,-4.3052,0.0,0.0,True
2022-09-01,DIS,buy_call,3.6074,22,-15.8369,-3.6074,-0.793628,True
2022-09-01,DUK,skip,0.0,0,-12.1904,0.0,0.0,True
2022-09-01,EL,skip,0.0,0,-14.9306,0.0,0.0,True
2022-09-01,ELV,buy_call,2.1553,22,-6.3635,-2.1553,-0.474166,True
2022-09-01,EQIX,skip,0.0,0,-13.0904,0.0,0.0,True
2022-09-01,F,buy_call,4.6269,22,-25.7762,-4.6269,-1.017918,True
2022-09-01,GILD,buy_call,2.2567,22,-2.8045,-2.2567,-0.496474,True
2022-09-01,GM,buy_call,4.6269,22,-15.825,-4.6269,-1.017918,True
2022-09-01,GOOGL,skip,0.0,0,-11.6152,0.0,0.0,True
2022-09-01,GS,skip,0.0,0,-11.2447,0.0,0.0,True
2022-09-01,HD,skip,0.0,0,-3.7028,0.0,0.0,True
2022-09-01,HON,skip,0.0,0,-11.379,0.0,0.0,True
2022-09-01,HUM,skip,0.0,0,0.7078,0.0,0.0,True
2022-09-01,INTC,skip,0.0,0,-18.4519,0.0,0.0,True
2022-09-01,INTU,skip,0.0,0,-10.2969,0.0,0.0,True
2022-09-01,ISRG,skip,0.0,0,-8.8947,0.0,0.0,True
2022-09-01,ITW,skip,0.0,0,-7.2781,0.0,0.0,True
2022-09-01,JNJ,skip,0.0,0,1.9323,0.0,0.0,True
2022-09-01,JPM,skip,0.0,0,-8.1157,0.0,0.0,True
2022-09-01,KLAC,skip,0.0,0,-11.7516,0.0,0.0,True
2022-09-01,KO,skip,0.0,0,-9.2206,0.0,0.0,True
2022-09-01,LLY,skip,0.0,0,7.6936,0.0,0.0,True
2022-09-01,LMT,buy_call,4.6269,22,-7.4406,-4.6269,-1.017918,True
2022-09-01,LOW,buy_call,2.9811,22,-3.2605,-2.9811,-0.655842,True
2022-09-01,LRCX,skip,0.0,0,-16.4212,0.0,0.0,True
2022-09-01,MA,skip,0.0,0,-12.3409,0.0,0.0,True
2022-09-01,MDLZ,skip,0.0,0,-11.3644,0.0,0.0,True
2022-09-01,MDT,skip,0.0,0,-8.1551,0.0,0.0,True
2022-09-01,META,buy_call,5.1326,22,-16.725,-5.1326,-1.129172,True
2022-09-01,MMM,skip,0.0,0,-10.226,0.0,0.0,True
2022-09-01,MRK,skip,0.0,0,0.8904,0.0,0.0,True
2022-09-01,MS,buy_call,2.2704,22,-7.287,-2.2704,-0.499488,True
2022-09-01,MSFT,skip,0.0,0,-10.7376,0.0,0.0,True
2022-09-01,MU,skip,0.0,0,-11.3745,0.0,0.0,True
2022-09-01,NEE,buy_call,2.5062,22,-7.3709,-2.5062,-0.551364,True
2022-09-01,NFLX,skip,0.0,0,5.314,0.0,0.0,True
2022-09-01,NKE,skip,0.0,0,-21.9164,0.0,0.0,True
2022-09-01,NOW,skip,0.0,0,-13.1172,0.0,0.0,True
2022-09-01,NVDA,skip,0.0,0,-19.5773,0.0,0.0,True
2022-09-01,ORCL,skip,0.0,0,-17.6399,0.0,0.0,True
2022-09-01,PEP,skip,0.0,0,-5.2302,0.0,0.0,True
2022-09-01,PFE,skip,0.0,0,-3.2501,0.0,0.0,True
2022-09-01,PG,skip,0.0,0,-8.4747,0.0,0.0,True
2022-09-01,PLD,skip,0.0,0,-18.4001,0.0,0.0,True
2022-09-01,PM,skip,0.0,0,-13.0694,0.0,0.0,True
2022-09-01,PYPL,buy_call,2.7423,22,-7.8874,-2.7423,-0.603306,True
2022-09-01,QCOM,skip,0.0,0,-14.1045,0.0,0.0,True
2022-09-01,REGN,skip,0.0,0,18.554,0.0,0.0,True
2022-09-01,RTX,skip,0.0,0,-8.2599,0.0,0.0,True
2022-09-01,SBUX,skip,0.0,0,0.797,0.0,0.0,True
2022-09-01,SCHW,buy_call,2.2704,22,1.6164,-0.6541,-0.143902,True
2022-09-01,SHW,skip,0.0,0,-11.5727,0.0,0.0,True
2022-09-01,SO,buy_call,2.5062,22,-10.9915,-2.5062,-0.551364,True
2022-09-01,SPGI,skip,0.0,0,-13.1006,0.0,0.0,True
2022-09-01,SYK,skip,0.0,0,-1.2963,0.0,0.0,True
2022-09-01,T,skip,0.0,0,-12.5428,0.0,0.0,True
2022-09-01,TGT,skip,0.0,0,-6.8728,0.0,0.0,True
2022-09-01,TJX,buy_call,2.4748,22,0.1021,-2.3727,-0.521994,True
2022-09-01,TMO,skip,0.0,0,-6.9922,0.0,0.0,True
2022-09-01,TMUS,buy_call,4.0844,22,-6.8005,-4.0844,-0.898568,True
2022-09-01,TSLA,skip,0.0,0,-3.7589,0.0,0.0,True
2022-09-01,TXN,skip,0.0,0,-6.3132,0.0,0.0,True
2022-09-01,UNH,skip,0.0,0,-2.7516,0.0,0.0,True
2022-09-01,UNP,skip,0.0,0,-12.7362,0.0,0.0,True
2022-09-01,UPS,skip,0.0,0,-16.3282,0.0,0.0,True
2022-09-01,V,skip,0.0,0,-10.44,0.0,0.0,True
2022-09-01,VRTX,buy_call,2.2567,22,2.7612,0.5045,0.11099,True
2022-09-01,VZ,skip,0.0,0,-9.1844,0.0,0.0,True
2022-09-01,WFC,skip,0.0,0,-7.3511,0.0,0.0,True
2022-09-01,ZTS,skip,0.0,0,-5.2642,0.0,0.0,True
2022-10-01,AAPL,skip,0.0,0,10.9551,0.0,0.0,True
2022-10-01,ABBV,skip,0.0,0,9.0828,0.0,0.0,True
2022-10-01,ABT,skip,0.0,0,2.253,0.0,0.0,True
2022-10-01,ACN,skip,0.0,0,10.3381,0.0,0.0,True
2022-10-01,ADBE,skip,0.0,0,15.734,0.0,0.0,True
2022-10-01,ADI,skip,0.0,0,2.3539,0.0,0.0,True
2022-10-01,ADP,skip,0.0,0,7.3188,0.0,0.0,True
2022-10-01,AMAT,skip,0.0,0,7.7627,0.0,0.0,True
2022-10-01,AMD,skip,0.0,0,-5.2083,0.0,0.0,True
2022-10-01,AMT,skip,0.0,0,-3.4979,0.0,0.0,True
2022-10-01,AMZN,skip,0.0,0,-9.3451,0.0,0.0,True
2022-10-01,AVGO,skip,0.0,0,6.7683,0.0,0.0,True
2022-10-01,AXP,skip,0.0,0,10.0363,0.0,0.0,True
2022-10-01,BA,skip,0.0,0,17.699,0.0,0.0,True
2022-10-01,BAC,skip,0.0,0,20.124,0.0,0.0,True
2022-10-01,BDX,skip,0.0,0,6.2538,0.0,0.0,True
2022-10-01,BKNG,skip,0.0,0,13.77,0.0,0.0,True
2022-10-01,BLK,skip,0.0,0,18.2554,0.0,0.0,True
2022-10-01,BMY,buy_call,2.877,126,8.9745,6.0975,7.68285,True
2022-10-01,BRK-B,skip,0.0,0,10.5123,0.0,0.0,True
2022-10-01,C,skip,0.0,0,10.0552,0.0,0.0,True
2022-10-01,CAT,skip,0.0,0,31.9235,0.0,0.0,True
2022-10-01,COST,skip,0.0,0,6.1893,0.0,0.0,True
2022-10-01,CRM,skip,0.0,0,13.0353,0.0,0.0,True
2022-10-01,CSCO,skip,0.0,0,13.575,0.0,0.0,True
2022-10-01,CVS,skip,0.0,0,-0.7025,0.0,0.0,True
2022-10-01,CVX,skip,0.0,0,25.9135,0.0,0.0,True
2022-10-01,DE,skip,0.0,0,18.9366,0.0,0.0,True
2022-10-01,DHR,skip,0.0,0,-2.4714,0.0,0.0,True
2022-10-01,DIS,skip,0.0,0,12.9439,0.0,0.0,True
2022-10-01,DUK,skip,0.0,0,0.172,0.0,0.0,True
2022-10-01,EL,skip,0.0,0,-7.1376,0.0,0.0,True
2022-10-01,ELV,skip,0.0,0,20.6888,0.0,0.0,True
2022-10-01,EQIX,skip,0.0,0,-0.4219,0.0,0.0,True
2022-10-01,F,skip,0.0,0,19.375,0.0,0.0,True
2022-10-01,GILD,skip,0.0,0,28.6267,0.0,0.0,True
2022-10-01,GM,skip,0.0,0,22.3123,0.0,0.0,True
2022-10-01,GOOGL,skip,0.0,0,-1.1918,0.0,0.0,True
2022-10-01,GS,skip,0.0,0,17.5602,0.0,0.0,True
2022-10-01,HD,skip,0.0,0,7.3168,0.0,0.0,True
2022-10-01,HON,skip,0.0,0,22.1896,0.0,0.0,True
2022-10-01,HUM,buy_call,2.3345,126,15.2069,12.8724,16.219224,True
2022-10-01,INTC,skip,0.0,0,10.3221,0.0,0.0,True
2022-10-01,INTU,skip,0.0,0,10.3739,0.0,0.0,True
2022-10-01,ISRG,skip,0.0,0,31.4927,0.0,0.0,True
2022-10-01,ITW,skip,0.0,0,19.0283,0.0,0.0,True
2022-10-01,JNJ,buy_call,2.6384,126,6.4948,3.8565,4.85919,True
2022-10-01,JPM,skip,0.0,0,20.4593,0.0,0.0,True
2022-10-01,KLAC,skip,0.0,0,4.5666,0.0,0.0,True
2022-10-01,KO,skip,0.0,0,7.6158,0.0,0.0,True
2022-10-01,LLY,buy_call,3.5792,126,11.9808,8.4016,10.586016,True
2022-10-01,LMT,skip,0.0,0,25.9882,0.0,0.0,True
2022-10-01,LOW,skip,0.0,0,3.8017,0.0,0.0,True
2022-10-01,LRCX,skip,0.0,0,11.0238,0.0,0.0,True
2022-10-01,MA,skip,0.0,0,15.4182,0.0,0.0,True
2022-10-01,MDLZ,skip,0.0,0,12.8758,0.0,0.0,True
2022-10-01,MDT,skip,0.0,0,9.0257,0.0,0.0,True
2022-10-01,META,skip,0.0,0,-31.3384,0.0,0.0,True
2022-10-01,MMM,skip,0.0,0,13.8371,0.0,0.0,True
2022-10-01,MRK,buy_call,2.5506,126,18.4578,15.9072,20.043072,True
2022-10-01,MS,skip,0.0,0,3.9995,0.0,0.0,True
2022-10-01,MSFT,skip,0.0,0,-0.3306,0.0,0.0,True
2022-10-01,MU,skip,0.0,0,7.984,0.0,0.0,True
2022-10-01,NEE,skip,0.0,0,-1.1606,0.0,0.0,True
2022-10-01,NFLX,buy_call,4.9952,126,23.9721,18.9769,23.910894,True
2022-10-01,NKE,skip,0.0,0,11.8217,0.0,0.0,True
2022-10-01,NOW,skip,0.0,0,11.4218,0.0,0.0,True
2022-10-01,NVDA,skip,0.0,0,11.2201,0.0,0.0,True
2022-10-01,ORCL,skip,0.0,0,27.8369,0.0,0.0,True
2022-10-01,PEP,skip,0.0,0,11.9688,0.0,0.0,True
2022-10-01,PFE,skip,0.0,0,6.3757,0.0,0.0,True
2022-10-01,PG,skip,0.0,0,6.6693,0.0,0.0,True
2022-10-01,PLD,skip,0.0,0,9.6987,0.0,0.0,True
2022-10-01,PM,skip,0.0,0,12.23,0.0,0.0,True
2022-10-01,PYPL,skip,0.0,0,-2.893,0.0,0.0,True
2022-10-01,QCOM,skip,0.0,0,4.1423,0.0,0.0,True
2022-10-01,REGN,buy_call,2.877,126,8.6925,5.8154,7.327404,True
2022-10-01,RTX,skip,0.0,0,15.8319,0.0,0.0,True
2022-10-01,SBUX,buy_call,2.3098,126,2.7653,0.4555,0.57393,True
2022-10-01,SCHW,buy_call,2.7026,126,10.8529,8.1503,10.269378,True
2022-10-01,SHW,skip,0.0,0,9.9048,0.0,0.0,True
2022-10-01,SO,skip,0.0,0,-3.7059,0.0,0.0,True
2022-10-01,SPGI,skip,0.0,0,5.2071,0.0,0.0,True
2022-10-01,SYK,skip,0.0,0,13.5661,0.0,0.0,True
2022-10-01,T,skip,0.0,0,18.8396,0.0,0.0,True
2022-10-01,TGT,skip,0.0,0,10.688,0.0,0.0,True
2022-10-01,TJX,buy_call,3.0124,126,16.0657,13.0533,16.447158,True
2022-10-01,TMO,skip,0.0,0,1.3911,0.0,0.0,True
2022-10-01,TMUS,skip,0.0,0,12.9612,0.0,0.0,True
2022-10-01,TSLA,skip,0.0,0,-14.2168,0.0,0.0,True
2022-10-01,TXN,skip,0.0,0,3.7795,0.0,0.0,True
2022-10-01,UNH,skip,0.0,0,10.2669,0.0,0.0,True
2022-10-01,UNP,skip,0.0,0,1.1908,0.0,0.0,True
2022-10-01,UPS,skip,0.0,0,3.8566,0.0,0.0,True
2022-10-01,V,skip,0.0,0,16.6113,0.0,0.0,True
2022-10-01,VRTX,buy_call,2.877,126,7.7571,4.8801,6.148926,True
2022-10-01,VZ,skip,0.0,0,-1.5802,0.0,0.0,True
2022-10-01,WFC,skip,0.0,0,14.3461,0.0,0.0,True
2022-10-01,ZTS,skip,0.0,0,1.6792,0.0,0.0,True
2022-11-01,AAPL,buy_call,3.5046,1,-3.4629,-3.5046,-0.035046,False
2022-11-01,ABBV,buy_call,2.0655,1,11.2159,9.1504,0.091504,False
2022-11-01,ABT,buy_call,1.4757,1,9.2456,7.77,0.0777,False
2022-11-01,ACN,buy_call,3.0847,1,6.4699,3.3853,0.033853,False
2022-11-01,ADBE,buy_call,2.9931,1,8.2983,5.3052,0.053052,False
2022-11-01,ADI,buy_call,3.7288,1,20.5371,16.8083,0.168083,False
2022-11-01,ADP,buy_call,2.246,1,9.2843,7.0383,0.070383,False
2022-11-01,AMAT,buy_call,3.7288,1,24.1364,20.4075,0.204075,False
2022-11-01,AMD,skip,0.0,0,29.2541,0.0,0.0,False
2022-11-01,AMT,skip,0.0,0,7.5647,0.0,0.0,False
2022-11-01,AMZN,skip,0.0,0,-5.7595,0.0,0.0,False
2022-11-01,AVGO,buy_call,3.7288,1,17.2105,13.4817,0.134817,False
2022-11-01,AXP,buy_call,2.8207,1,6.5622,3.7415,0.037415,False
2022-11-01,BA,buy_call,3.0,1,25.521,22.521,0.22521,False
2022-11-01,BAC,buy_call,3.3695,1,5.0222,1.6527,0.016527,False
2022-11-01,BDX,buy_call,1.4757,1,5.666,4.1903,0.041903,False
2022-11-01,BKNG,buy_call,3.0,1,11.2315,8.2315,0.082315,False
2022-11-01,BLK,buy_call,2.5724,1,10.8514,8.279,0.08279,False
2022-11-01,BMY,buy_call,2.0655,1,4.4164,2.3508,0.023508,False
2022-11-01,BRK-B,buy_call,2.4715,1,7.9671,5.4956,0.054956,False
2022-11-01,C,buy_call,3.0,1,5.5604,2.5604,0.025604,False
2022-11-01,CAT,buy_call,3.5407,1,9.9473,6.4066,0.064066,False
2022-11-01,COST,buy_call,3.1734,1,7.7215,4.5482,0.045482,False
2022-11-01,CRM,buy_call,5.6217,1,-1.4392,-5.6217,-0.056217,False
2022-11-01,CSCO,buy_call,2.246,1,10.4597,8.2137,0.082137,False
2022-11-01,CVS,skip,0.0,0,8.2313,0.0,0.0,False
2022-11-01,CVX,buy_call,2.9973,1,1.3322,-1.6651,-0.016651,False
2022-11-01,DE,buy_call,3.5407,1,11.4143,7.8736,0.078736,False
2022-11-01,DHR,skip,0.0,0,8.6383,0.0,0.0,False
2022-11-01,DIS,buy_call,3.8374,1,-8.1378,-3.8374,-0.038374,False
2022-11-01,DUK,buy_call,2.3598,1,7.244,4.8842,0.048842,False
2022-11-01,EL,skip,0.0,0,17.6068,0.0,0.0,False
2022-11-01,ELV,buy_call,2.0777,1,-2.5331,-2.0777,-0.020777,False
2022-11-01,EQIX,skip,0.0,0,21.9282,0.0,0.0,False
2022-11-01,F,buy_call,3.5407,1,3.9641,0.4234,0.004234,False
2022-11-01,GILD,buy_call,2.0655,1,11.9424,9.8769,0.098769,False
2022-11-01,GM,buy_call,3.5407,1,3.3376,-0.2031,-0.002031,False
2022-11-01,GOOGL,skip,0.0,0,6.8564,0.0,0.0,False
2022-11-01,GS,buy_call,2.5724,1,12.0867,9.5143,0.095143,False
2022-11-01,HD,buy_call,3.6743,1,9.408,5.7338,0.057338,False
2022-11-01,HON,buy_call,2.246,1,7.612,5.366,0.05366,False
2022-11-01,HUM,buy_call,2.0777,1,-1.4658,-2.0777,-0.020777,False
2022-11-01,INTC,buy_call,3.7288,1,5.7686,2.0397,0.020397,False
2022-11-01,INTU,buy_call,4.9009,1,-4.4772,-4.9009,-0.049009,False
2022-11-01,ISRG,buy_call,1.4757,1,9.705,8.2294,0.082294,False
2022-11-01,ITW,buy_call,2.246,1,6.5283,4.2823,0.042823,False
2022-11-01,JNJ,buy_call,1.1267,1,2.3165,1.1898,0.011898,False
2022-11-01,JPM,buy_call,2.5724,1,10.7533,8.181,0.08181,False
2022-11-01,KLAC,buy_call,3.7288,1,24.2376,20.5088,0.205088,False
2022-11-01,KO,buy_call,2.3598,1,6.2824,3.9226,0.039226,False
2022-11-01,LLY,buy_call,3.5202,1,2.4828,-1.0374,-0.010374,False
2022-11-01,LMT,buy_call,3.5407,1,-0.3061,-3.5407,-0.035407,False
2022-11-01,LOW,buy_call,3.6743,1,9.621,5.9467,0.059467,False
2022-11-01,LRCX,buy_call,3.7288,1,16.7004,12.9716,0.129716,False
2022-11-01,MA,buy_call,2.8207,1,8.7742,5.9534,0.059534,False
2022-11-01,MDLZ,buy_call,2.3903,1,9.9707,7.5804,0.075804,False
2022-11-01,MDT,buy_call,1.4757,1,-9.5031,-1.4757,-0.014757,False
2022-11-01,META,skip,0.0,0,26.7711,0.0,0.0,False
2022-11-01,MMM,buy_call,2.246,1,0.1431,-2.1029,-0.021029,False
2022-11-01,MRK,buy_call,2.4896,1,8.8142,6.3246,0.063246,False
2022-11-01,MS,buy_call,2.5724,1,14.3636,11.7912,0.117912,False
2022-11-01,MSFT,skip,0.0,0,9.9125,0.0,0.0,False
2022-11-01,MU,buy_call,5.459,1,6.7868,1.3277,0.013277,False
2022-11-01,NEE,skip,0.0,0,9.2903,0.0,0.0,False
2022-11-01,NFLX,buy_call,4.859,1,4.6766,-0.1824,-0.001824,False
2022-11-01,NKE,buy_call,5.6593,1,18.3535,12.6942,0.126942,False
2022-11-01,NOW,buy_call,5.2935,1,-1.0553,-5.2935,-0.052935,False
2022-11-01,NVDA,buy_call,5.459,1,25.3834,19.9244,0.199244,False
2022-11-01,ORCL,buy_call,3.3174,1,6.9,3.5826,0.035826,False
2022-11-01,PEP,buy_call,2.3903,1,2.1643,-0.226,-0.00226,False
2022-11-01,PFE,buy_call,2.0655,1,7.6906,5.6251,0.056251,False
2022-11-01,PG,buy_call,2.0112,1,11.5457,9.5345,0.095345,False
2022-11-01,PLD,buy_call,2.246,1,6.3567,4.1107,0.041107,False
2022-11-01,PM,buy_call,2.3903,1,8.5139,6.1236,0.061236,False
2022-11-01,PYPL,skip,0.0,0,-6.1857,0.0,0.0,False
2022-11-01,QCOM,buy_call,4.8877,1,7.5047,2.6169,0.026169,False
2022-11-01,REGN,buy_call,2.0655,1,0.394,-1.6715,-0.016715,False
2022-11-01,RTX,buy_call,3.5407,1,4.1131,0.5724,0.005724,False
2022-11-01,SBUX,buy_call,2.3598,1,18.0275,15.6677,0.156677,False
2022-11-01,SCHW,buy_call,2.5724,1,3.6024,1.03,0.0103,False
2022-11-01,SHW,buy_call,2.246,1,10.7319,8.4859,0.084859,False
2022-11-01,SO,skip,0.0,0,3.2987,0.0,0.0,False
2022-11-01,SPGI,buy_call,2.5724,1,9.821,7.2486,0.072486,False
2022-11-01,SYK,buy_call,1.4757,1,2.0284,0.5528,0.005528,False
2022-11-01,T,buy_call,2.6704,1,7.6382,4.9678,0.049678,False
2022-11-01,TGT,buy_call,1.8996,1,1.7169,-0.1826,-0.001826,False
2022-11-01,TJX,buy_call,1.8996,1,11.0263,9.1268,0.091268,False
2022-11-01,TMO,buy_call,2.5399,1,8.9986,6.4587,0.064587,False
2022-11-01,TMUS,buy_call,2.6704,1,-0.066,-2.6704,-0.026704,False
2022-11-01,TSLA,skip,0.0,0,-14.4326,0.0,0.0,False
2022-11-01,TXN,buy_call,3.7288,1,13.2409,9.512,0.09512,False
2022-11-01,UNH,buy_call,2.0777,1,-1.3312,-2.0777,-0.020777,False
2022-11-01,UNP,buy_call,3.5407,1,10.2922,6.7515,0.067515,False
2022-11-01,UPS,buy_call,2.246,1,13.0893,10.8433,0.108433,False
2022-11-01,V,buy_call,2.7095,1,4.7499,2.0405,0.020405,False
2022-11-01,VRTX,buy_call,2.0655,1,1.4103,-0.6553,-0.006553,False
2022-11-01,VZ,skip,0.0,0,6.0662,0.0,0.0,False
2022-11-01,WFC,buy_call,2.9195,1,4.2618,1.3422,0.013422,False
2022-11-01,ZTS,buy_call,2.0655,1,2.4456,0.3801,0.003801,False
2022-12-01,AAPL,skip,0.0,0,-12.0817,0.0,0.0,False
2022-12-01,ABBV,buy_call,2.5226,1,0.2668,-2.2558,-0.022558,False
2022-12-01,ABT,buy_call,2.6337,1,2.0543,-0.5794,-0.005794,False
2022-12-01,ACN,buy_call,3.1697,1,-11.3282,-3.1697,-0.031697,False
2022-12-01,ADBE,buy_call,2.5549,1,-2.4353,-2.5549,-0.025549,False
2022-12-01,ADI,buy_call,2.9418,1,-4.5838,-2.9418,-0.029418,False
2022-12-01,ADP,buy_call,2.723,1,-9.5707,-2.723,-0.02723,False
2022-12-01,AMAT,buy_call,2.9418,1,-10.9333,-2.9418,-0.029418,False
2022-12-01,AMD,buy_call,6.1555,1,-16.5658,-6.1555,-0.061555,False
2022-12-01,AMT,buy_call,2.723,1,-4.2441,-2.723,-0.02723,False
2022-12-01,AMZN,skip,0.0,0,-12.9894,0.0,0.0,False
2022-12-01,AVGO,buy_call,2.9418,1,1.47,-1.4718,-0.014718,False
2022-12-01,AXP,buy_call,2.7241,1,-6.2441,-2.7241,-0.027241,False
2022-12-01,BA,buy_call,3.0,1,6.4904,3.4904,0.034904,False
2022-12-01,BAC,buy_call,3.3578,1,-12.4967,-3.3578,-0.033578,False
2022-12-01,BDX,buy_call,2.6337,1,1.9893,-0.6444,-0.006444,False
2022-12-01,BKNG,buy_call,3.0,1,-3.0859,-3.0,-0.03,False
2022-12-01,BLK,buy_call,3.2515,1,-1.0293,-3.2515,-0.032515,False
2022-12-01,BMY,buy_call,2.5226,1,-10.3762,-2.5226,-0.025226,False
2022-12-01,BRK-B,buy_call,2.1651,1,-3.0446,-2.1651,-0.021651,False
2022-12-01,C,buy_call,3.0,1,-5.4877,-3.0,-0.03,False
2022-12-01,CAT,buy_call,3.1232,1,1.3324,-1.7908,-0.017908,False
2022-12-01,COST,buy_call,2.868,1,-15.3454,-2.868,-0.02868,False
2022-12-01,CRM,skip,0.0,0,-17.2605,0.0,0.0,False
2022-12-01,CSCO,buy_call,2.723,1,-4.1834,-2.723,-0.02723,False
2022-12-01,CVS,buy_call,2.6716,1,-8.5296,-2.6716,-0.026716,False
2022-12-01,CVX,buy_call,3.0556,1,-1.3265,-3.0556,-0.030556,False
2022-12-01,DE,buy_call,3.1232,1,-2.7755,-3.1232,-0.031232,False
2022-12-01,DHR,buy_call,2.6337,1,-2.9223,-2.6337,-0.026337,False
2022-12-01,DIS,skip,0.0,0,-11.2292,0.0,0.0,False
2022-12-01,DUK,buy_call,1.789,1,4.1307,2.3417,0.023417,False
2022-12-01,EL,buy_call,3.0,1,5.5456,2.5456,0.025456,False
2022-12-01,ELV,skip,0.0,0,-3.7435,0.0,0.0,False
2022-12-01,EQIX,buy_call,2.723,1,-4.6951,-2.723,-0.02723,False
2022-12-01,F,buy_call,3.1232,1,-15.4563,-3.1232,-0.031232,False
2022-12-01,GILD,buy_call,2.5226,1,-2.2543,-2.5226,-0.025226,False
2022-12-01,GM,buy_call,3.1232,1,-17.0612,-3.1232,-0.031232,False
2022-12-01,GOOGL,buy_call,3.5158,1,-12.6349,-3.5158,-0.035158,False
2022-12-01,GS,buy_call,3.2515,1,-10.4928,-3.2515,-0.032515,False
2022-12-01,HD,buy_call,2.8721,1,-1.9195,-2.8721,-0.028721,False
2022-12-01,HON,buy_call,2.723,1,-1.9133,-2.723,-0.02723,False
2022-12-01,HUM,skip,0.0,0,-6.8576,0.0,0.0,False
2022-12-01,INTC,buy_call,2.9418,1,-10.918,-2.9418,-0.029418,False
2022-12-01,INTU,skip,0.0,0,-4.507,0.0,0.0,False
2022-12-01,ISRG,buy_call,2.6337,1,-1.864,-2.6337,-0.026337,False
2022-12-01,ITW,buy_call,2.723,1,-3.152,-2.723,-0.02723,False
2022-12-01,JNJ,buy_call,1.6169,1,-0.1179,-1.6169,-0.016169,False
2022-12-01,JPM,buy_call,3.2515,1,-2.9527,-3.2515,-0.032515,False
2022-12-01,KLAC,buy_call,2.9418,1,-3.7712,-2.9418,-0.029418,False
2022-12-01,KO,buy_call,1.789,1,0.7092,-1.0797,-0.010797,False
2022-12-01,LLY,buy_call,2.8489,1,-1.1371,-2.8489,-0.028489,False
2022-12-01,LMT,skip,0.0,0,0.8932,0.0,0.0,False
2022-12-01,LOW,buy_call,2.8721,1,-6.2621,-2.8721,-0.028721,False
2022-12-01,LRCX,buy_call,2.9418,1,-11.025,-2.9418,-0.029418,False
2022-12-01,MA,buy_call,2.7241,1,-2.4327,-2.7241,-0.027241,False
2022-12-01,MDLZ,buy_call,1.789,1,-1.4199,-1.789,-0.01789,False
2022-12-01,MDT,skip,0.0,0,-1.67,0.0,0.0,False
2022-12-01,META,buy_call,4.9233,1,1.8967,-3.0266,-0.030266,False
2022-12-01,MMM,buy_call,2.723,1,-3.688,-2.723,-0.02723,False
2022-12-01,MRK,buy_call,2.1241,1,0.7537,-1.3704,-0.013704,False
2022-12-01,MS,buy_call,3.2515,1,-8.6494,-3.2515,-0.032515,False
2022-12-01,MSFT,buy_call,2.5549,1,-5.7396,-2.5549,-0.025549,False
2022-12-01,MU,buy_call,6.1555,1,-13.3044,-6.1555,-0.061555,False
2022-12-01,NEE,buy_call,1.789,1,-0.7975,-1.789,-0.01789,False
2022-12-01,NFLX,buy_call,7.0615,1,-3.4857,-7.0615,-0.070615,False
2022-12-01,NKE,buy_call,3.141,1,6.6733,3.5323,0.035323,False
2022-12-01,NOW,skip,0.0,0,-6.7331,0.0,0.0,False
2022-12-01,NVDA,buy_call,6.1555,1,-13.6221,-6.1555,-0.061555,False
2022-12-01,ORCL,buy_call,3.0024,1,-1.5537,-3.0024,-0.030024,False
2022-12-01,PEP,buy_call,1.789,1,-2.6144,-1.789,-0.01789,False
2022-12-01,PFE,buy_call,2.5226,1,3.0903,0.5678,0.005678,False
2022-12-01,PG,buy_call,2.1903,1,1.609,-0.5813,-0.005813,False
2022-12-01,PLD,buy_call,2.723,1,-4.2958,-2.723,-0.02723,False
2022-12-01,PM,buy_call,1.789,1,1.5451,-0.2439,-0.002439,False
2022-12-01,PYPL,skip,0.0,0,-9.1697,0.0,0.0,False
2022-12-01,QCOM,buy_call,4.4079,1,-12.5299,-4.4079,-0.044079,False
2022-12-01,REGN,buy_call,2.5226,1,-4.0189,-2.5226,-0.025226,False
2022-12-01,RTX,buy_call,3.1232,1,2.8279,-0.2953,-0.002953,False
2022-12-01,SBUX,buy_call,1.789,1,-2.3776,-1.789,-0.01789,False
2022-12-01,SCHW,buy_call,3.2515,1,1.1518,-2.0998,-0.020998,False
2022-12-01,SHW,buy_call,2.723,1,-4.5177,-2.723,-0.02723,False
2022-12-01,SO,buy_call,1.789,1,6.6912,4.9022,0.049022,False
2022-12-01,SPGI,buy_call,3.2515,1,-4.8366,-3.2515,-0.032515,False
2022-12-01,SYK,buy_call,2.6337,1,4.532,1.8983,0.018983,False
2022-12-01,T,buy_call,3.4539,1,-4.5124,-3.4539,-0.034539,False
2022-12-01,TGT,buy_call,1.9674,1,-10.2323,-1.9674,-0.019674,False
2022-12-01,TJX,buy_call,1.9674,1,-0.1501,-1.9674,-0.019674,False
2022-12-01,TMO,buy_call,3.6811,1,-1.7011,-3.6811,-0.036811,False
2022-12-01,TMUS,skip,0.0,0,-7.5663,0.0,0.0,False
2022-12-01,TSLA,skip,0.0,0,-36.7334,0.0,0.0,False
2022-12-01,TXN,buy_call,2.9418,1,-8.4451,-2.9418,-0.029418,False
2022-12-01,UNH,skip,0.0,0,-3.2095,0.0,0.0,False
2022-12-01,UNP,buy_call,3.1232,1,-4.7648,-3.1232,-0.031232,False
2022-12-01,UPS,buy_call,2.723,1,-7.518,-2.723,-0.02723,False
2022-12-01,V,buy_call,2.4986,1,-4.0441,-2.4986,-0.024986,False
2022-12-01,VRTX,buy_call,2.5226,1,-8.7295,-2.5226,-0.025226,False
2022-12-01,VZ,buy_call,3.4539,1,1.0775,-2.3765,-0.023765,False
2022-12-01,WFC,buy_call,3.6645,1,-13.3349,-3.6645,-0.036645,False
2022-12-01,ZTS,buy_call,2.5226,1,-4.9241,-2.5226,-0.025226,False
2023-01-01,AAPL,skip,0.0,0,11.0521,0.0,0.0,True
2023-01-01,ABBV,buy_call,3.0535,6,-8.5762,-3.0535,-0.18321,True
2023-01-01,ABT,buy_call,2.6429,6,0.6922,-1.9507,-0.117042,True
2023-01-01,ACN,skip,0.0,0,4.5758,0.0,0.0,True
2023-01-01,ADBE,skip,0.0,0,10.0467,0.0,0.0,True
2023-01-01,ADI,skip,0.0,0,5.0011,0.0,0.0,True
2023-01-01,ADP,skip,0.0,0,-5.0054,0.0,0.0,True
2023-01-01,AMAT,skip,0.0,0,14.4896,0.0,0.0,True
2023-01-01,AMGN,skip,0.0,0,-3.8989,0.0,0.0,True
2023-01-01,AMT,skip,0.0,0,6.2222,0.0,0.0,True
2023-01-01,AMZN,skip,0.0,0,22.7738,0.0,0.0,True
2023-01-01,AVGO,buy_call,3.1195,6,5.5016,2.3821,0.142926,True
2023-01-01,AXP,skip,0.0,0,18.3959,0.0,0.0,True
2023-01-01,BAC,skip,0.0,0,7.7519,0.0,0.0,True
2023-01-01,BDX,buy_call,2.6429,6,-0.4504,-2.6429,-0.158574,True
2023-01-01,BKNG,skip,0.0,0,20.7822,0.0,0.0,True
2023-01-01,BLK,skip,0.0,0,7.8763,0.0,0.0,True
2023-01-01,BMY,skip,0.0,0,0.9729,0.0,0.0,True
2023-01-01,BRK-B,skip,0.0,0,0.8482,0.0,0.0,True
2023-01-01,BSX,buy_call,2.6429,6,-0.0432,-2.6429,-0.158574,True
2023-01-01,CAT,buy_call,3.5917,6,5.3139,1.7222,0.103332,True
2023-01-01,CB,buy_call,2.1636,6,3.5196,1.356,0.08136,True
2023-01-01,CMCSA,skip,0.0,0,12.525,0.0,0.0,True
2023-01-01,COP,skip,0.0,0,3.924,0.0,0.0,True
2023-01-01,COST,skip,0.0,0,11.9693,0.0,0.0,True
2023-01-01,CRM,skip,0.0,0,26.6838,0.0,0.0,True
2023-01-01,CSCO,skip,0.0,0,2.162,0.0,0.0,True
2023-01-01,CVS,skip,0.0,0,-5.3332,0.0,0.0,True
2023-01-01,CVX,skip,0.0,0,-3.0475,0.0,0.0,True
2023-01-01,DE,skip,0.0,0,-1.1049,0.0,0.0,True
2023-01-01,DHR,skip,0.0,0,-0.2957,0.0,0.0,True
2023-01-01,DIS,skip,0.0,0,24.8734,0.0,0.0,True
2023-01-01,DUK,buy_call,1.8469,6,-0.5243,-1.8469,-0.110814,True
2023-01-01,EL,buy_call,3.0,6,11.6763,8.6763,0.520578,True
2023-01-01,EOG,skip,0.0,0,3.3237,0.0,0.0,True
2023-01-01,EQIX,skip,0.0,0,12.6864,0.0,0.0,True
2023-01-01,GE,skip,0.0,0,23.1585,0.0,0.0,True
2023-01-01,GILD,skip,0.0,0,-1.4139,0.0,0.0,True
2023-01-01,GOOGL,skip,0.0,0,12.0254,0.0,0.0,True
2023-01-01,GS,skip,0.0,0,6.5321,0.0,0.0,True
2023-01-01,HD,skip,0.0,0,2.6309,0.0,0.0,True
2023-01-01,HON,skip,0.0,0,-2.7158,0.0,0.0,True
2023-01-01,HUM,skip,0.0,0,0.0573,0.0,0.0,True
2023-01-01,IBM,skip,0.0,0,-4.3722,0.0,0.0,True
2023-01-01,INTC,skip,0.0,0,6.9239,0.0,0.0,True
2023-01-01,INTU,skip,0.0,0,8.5941,0.0,0.0,True
2023-01-01,ISRG,skip,0.0,0,-7.4091,0.0,0.0,True
2023-01-01,ITW,skip,0.0,0,7.7854,0.0,0.0,True
2023-01-01,JNJ,skip,0.0,0,-7.4894,0.0,0.0,True
2023-01-01,JPM,skip,0.0,0,4.3699,0.0,0.0,True
2023-01-01,KO,buy_call,1.8469,6,-3.6001,-1.8469,-0.110814,True
2023-01-01,LLY,skip,0.0,0,-5.9288,0.0,0.0,True
2023-01-01,LMT,buy_call,3.5917,6,-4.775,-3.5917,-0.215502,True
2023-01-01,LOW,skip,0.0,0,4.5222,0.0,0.0,True
2023-01-01,LRCX,skip,0.0,0,19.4301,0.0,0.0,True
2023-01-01,MA,skip,0.0,0,6.577,0.0,0.0,True
2023-01-01,MCD,skip,0.0,0,1.4685,0.0,0.0,True
2023-01-01,MDLZ,skip,0.0,0,-1.2465,0.0,0.0,True
2023-01-01,MDT,skip,0.0,0,8.6393,0.0,0.0,True
2023-01-01,META,buy_call,6.4452,6,23.7909,17.3457,1.040742,True
2023-01-01,MRK,buy_call,2.4965,6,-2.5492,-2.4965,-0.14979,True
2023-01-01,MS,skip,0.0,0,14.479,0.0,0.0,True
2023-01-01,MSFT,skip,0.0,0,3.3317,0.0,0.0,True
2023-01-01,MU,skip,0.0,0,20.9228,0.0,0.0,True
2023-01-01,NEE,skip,0.0,0,-10.7297,0.0,0.0,True
2023-01-01,NFLX,skip,0.0,0,20.0014,0.0,0.0,True
2023-01-01,NKE,buy_call,2.6518,6,9.1538,6.502,0.39012,True
2023-01-01,NOC,buy_call,3.5917,6,-17.8828,-3.5917,-0.215502,True
2023-01-01,NOW,skip,0.0,0,17.22,0.0,0.0,True
2023-01-01,NVDA,skip,0.0,0,33.6869,0.0,0.0,True
2023-01-01,ORCL,skip,0.0,0,8.2212,0.0,0.0,True
2023-01-01,PEP,skip,0.0,0,-4.7455,0.0,0.0,True
2023-01-01,PFE,buy_call,3.0535,6,-13.8174,-3.0535,-0.18321,True
2023-01-01,PG,buy_call,1.8683,6,-6.057,-1.8683,-0.112098,True
2023-01-01,PLD,skip,0.0,0,15.4502,0.0,0.0,True
2023-01-01,PM,buy_call,2.4267,6,4.3064,1.8797,0.112782,True
2023-01-01,QCOM,skip,0.0,0,21.1661,0.0,0.0,True
2023-01-01,RTX,buy_call,3.5917,6,-1.0602,-3.5917,-0.215502,True
2023-01-01,SBUX,skip,0.0,0,10.0202,0.0,0.0,True
2023-01-01,SCHW,buy_call,2.1636,6,-7.0142,-2.1636,-0.129816,True
2023-01-01,SO,buy_call,1.8469,6,-5.2233,-1.8469,-0.110814,True
2023-01-01,SPGI,skip,0.0,0,11.9424,0.0,0.0,True
2023-01-01,SYK,buy_call,2.6429,6,4.1352,1.4923,0.089538,True
2023-01-01,T,skip,0.0,0,10.6464,0.0,0.0,True
2023-01-01,TJX,skip,0.0,0,2.8392,0.0,0.0,True
2023-01-01,TMO,skip,0.0,0,3.6208,0.0,0.0,True
2023-01-01,TMUS,skip,0.0,0,6.65,0.0,0.0,True
2023-01-01,TXN,skip,0.0,0,7.257,0.0,0.0,True
2023-01-01,UNH,skip,0.0,0,-5.5549,0.0,0.0,True
2023-01-01,UNP,skip,0.0,0,-0.7833,0.0,0.0,True
2023-01-01,UPS,skip,0.0,0,6.552,0.0,0.0,True
2023-01-01,V,skip,0.0,0,10.8058,0.0,0.0,True
2023-01-01,VRTX,skip,0.0,0,11.8845,0.0,0.0,True
2023-01-01,VZ,buy_call,4.2384,6,5.5076,1.2692,0.076152,True
2023-01-01,WFC,skip,0.0,0,13.5142,0.0,0.0,True
2023-01-01,WM,skip,0.0,0,-0.9868,0.0,0.0,True
2023-01-01,XOM,skip,0.0,0,5.1768,0.0,0.0,True
2023-01-01,ZTS,skip,0.0,0,12.9239,0.0,0.0,True
2023-02-01,AAPL,buy_call,3.7084,2,2.1623,-1.5461,-0.030922,True
2023-02-01,ABBV,skip,0.0,0,5.1526,0.0,0.0,True
2023-02-01,ABT,buy_call,1.4454,2,-7.5707,-1.4454,-0.028908,True
2023-02-01,ACN,buy_call,2.4503,2,-4.4486,-2.4503,-0.049006,True
2023-02-01,ADBE,buy_call,2.8745,2,-12.5263,-2.8745,-0.05749,True
2023-02-01,ADI,buy_call,4.1737,2,6.9983,2.8246,0.056492,True
2023-02-01,ADP,skip,0.0,0,-2.6527,0.0,0.0,True
2023-02-01,AMAT,buy_call,4.1737,2,4.1797,0.0061,0.000122,True
2023-02-01,AMGN,skip,0.0,0,-8.2171,0.0,0.0,True
2023-02-01,AMT,buy_call,1.8283,2,-11.3613,-1.8283,-0.036566,True
2023-02-01,AMZN,buy_call,3.8942,2,-8.6299,-3.8942,-0.077884,True
2023-02-01,AVGO,buy_call,4.1737,2,1.5863,-2.5874,-0.051748,True
2023-02-01,AXP,buy_call,2.364,2,-0.1926,-2.364,-0.04728,True
2023-02-01,BAC,buy_call,2.2405,2,-3.3258,-2.2405,-0.04481,True
2023-02-01,BDX,skip,0.0,0,-7.0058,0.0,0.0,True
2023-02-01,BKNG,buy_call,3.0,2,3.6933,0.6933,0.013866,True
2023-02-01,BLK,buy_call,1.5909,2,-9.1911,-1.5909,-0.031818,True
2023-02-01,BMY,buy_call,1.6994,2,-4.3282,-1.6994,-0.033988,True
2023-02-01,BRK-B,buy_call,2.0255,2,-2.0352,-2.0255,-0.04051,True
2023-02-01,BSX,skip,0.0,0,1.0162,0.0,0.0,True
2023-02-01,CAT,buy_call,2.394,2,-4.5969,-2.394,-0.04788,True
2023-02-01,CB,buy_call,1.5909,2,-7.2399,-1.5909,-0.031818,True
2023-02-01,CMCSA,buy_call,3.8124,2,-4.805,-3.8124,-0.076248,True
2023-02-01,COP,buy_call,2.394,2,-15.1965,-2.394,-0.04788,True
2023-02-01,COST,buy_call,2.7159,2,-5.2745,-2.7159,-0.054318,True
2023-02-01,CRM,buy_call,4.8885,2,-2.5957,-4.8885,-0.09777,True
2023-02-01,CSCO,buy_call,1.8283,2,0.2812,-1.5471,-0.030942,True
2023-02-01,CVS,skip,0.0,0,-4.6509,0.0,0.0,True
2023-02-01,CVX,skip,0.0,0,-7.6141,0.0,0.0,True
2023-02-01,DE,skip,0.0,0,-0.8514,0.0,0.0,True
2023-02-01,DHR,skip,0.0,0,-6.3734,0.0,0.0,True
2023-02-01,DIS,buy_call,3.0011,2,-8.1851,-3.0011,-0.060022,True
2023-02-01,DUK,skip,0.0,0,-7.9941,0.0,0.0,True
2023-02-01,EL,buy_call,3.0,2,-12.2817,-3.0,-0.06,True
2023-02-01,EOG,buy_call,2.394,2,-13.9967,-2.394,-0.04788,True
2023-02-01,EQIX,buy_call,1.8283,2,-6.7549,-1.8283,-0.036566,True
2023-02-01,GE,buy_call,2.394,2,5.256,2.862,0.05724,True
2023-02-01,GILD,skip,0.0,0,-4.0624,0.0,0.0,True
2023-02-01,GOOGL,buy_call,3.2923,2,-8.883,-3.2923,-0.065846,True
2023-02-01,GS,buy_call,1.5909,2,-3.8708,-1.5909,-0.031818,True
2023-02-01,HD,buy_call,3.9467,2,-8.5233,-3.9467,-0.078934,True
2023-02-01,HON,skip,0.0,0,-8.1543,0.0,0.0,True
2023-02-01,HUM,buy_call,2.7204,2,-3.2597,-2.7204,-0.054408,True
2023-02-01,IBM,skip,0.0,0,-4.0303,0.0,0.0,True
2023-02-01,INTC,buy_call,4.1737,2,-11.7834,-4.1737,-0.083474,True
2023-02-01,INTU,buy_call,3.5689,2,-3.47,-3.5689,-0.071378,True
2023-02-01,ISRG,skip,0.0,0,-6.6344,0.0,0.0,True
2023-02-01,ITW,buy_call,1.8283,2,-1.2201,-1.8283,-0.036566,True
2023-02-01,JNJ,skip,0.0,0,-6.2171,0.0,0.0,True
2023-02-01,JPM,buy_call,1.5909,2,3.1787,1.5878,0.031756,True
2023-02-01,KO,skip,0.0,0,-2.9517,0.0,0.0,True
2023-02-01,LLY,skip,0.0,0,-9.5685,0.0,0.0,True
2023-02-01,LMT,skip,0.0,0,2.3745,0.0,0.0,True
2023-02-01,LOW,buy_call,3.9467,2,-0.6921,-3.9467,-0.078934,True
2023-02-01,LRCX,buy_call,4.1737,2,-2.8174,-4.1737,-0.083474,True
2023-02-01,MA,buy_call,2.364,2,-3.9755,-2.364,-0.04728,True
2023-02-01,MCD,buy_call,1.8648,2,-1.3052,-1.8648,-0.037296,True
2023-02-01,MDLZ,skip,0.0,0,-0.3973,0.0,0.0,True
2023-02-01,MDT,buy_call,1.4454,2,-1.0634,-1.4454,-0.028908,True
2023-02-01,META,buy_call,4.7657,2,17.433,12.6674,0.253348,True
2023-02-01,MRK,skip,0.0,0,-1.0893,0.0,0.0,True
2023-02-01,MS,buy_call,1.5909,2,-0.0531,-1.5909,-0.031818,True
2023-02-01,MSFT,buy_call,2.8745,2,0.6497,-2.2248,-0.044496,True
2023-02-01,MU,buy_call,6.5885,2,-4.1128,-6.5885,-0.13177,True
2023-02-01,NEE,skip,0.0,0,-4.8238,0.0,0.0,True
2023-02-01,NFLX,buy_call,4.3453,2,-8.9668,-4.3453,-0.086906,True
2023-02-01,NKE,buy_call,3.1309,2,-6.707,-3.1309,-0.062618,True
2023-02-01,NOC,skip,0.0,0,3.5867,0.0,0.0,True
2023-02-01,NOW,buy_call,4.4961,2,-5.0447,-4.4961,-0.089922,True
2023-02-01,NVDA,buy_call,6.5885,2,18.8309,12.2424,0.244848,True
2023-02-01,ORCL,buy_call,3.5943,2,-0.8278,-3.5943,-0.071886,True
2023-02-01,PEP,skip,0.0,0,1.4677,0.0,0.0,True
2023-02-01,PFE,skip,0.0,0,-7.2861,0.0,0.0,True
2023-02-01,PG,skip,0.0,0,-2.779,0.0,0.0,True
2023-02-01,PLD,buy_call,1.8283,2,-4.5483,-1.8283,-0.036566,True
2023-02-01,PM,buy_call,1.5813,2,-6.6577,-1.5813,-0.031626,True
2023-02-01,QCOM,buy_call,4.832,2,-7.2667,-4.832,-0.09664,True
2023-02-01,RTX,skip,0.0,0,-1.7626,0.0,0.0,True
2023-02-01,SBUX,buy_call,1.8648,2,-6.4596,-1.8648,-0.037296,True
2023-02-01,SCHW,skip,0.0,0,0.6458,0.0,0.0,True
2023-02-01,SO,skip,0.0,0,-6.8263,0.0,0.0,True
2023-02-01,SPGI,buy_call,1.5909,2,-8.9988,-1.5909,-0.031818,True
2023-02-01,SYK,buy_call,1.4454,2,3.5735,2.1281,0.042562,True
2023-02-01,T,buy_call,3.8124,2,-5.8269,-3.8124,-0.076248,True
2023-02-01,TJX,buy_call,2.5286,2,-6.4256,-2.5286,-0.050572,True
2023-02-01,TMO,buy_call,2.5912,2,-5.0094,-2.5912,-0.051824,True
2023-02-01,TMUS,buy_call,3.8124,2,-4.7753,-3.8124,-0.076248,True
2023-02-01,TXN,buy_call,4.1737,2,-2.5609,-4.1737,-0.083474,True
2023-02-01,UNH,skip,0.0,0,-4.6576,0.0,0.0,True
2023-02-01,UNP,skip,0.0,0,1.5133,0.0,0.0,True
2023-02-01,UPS,buy_call,1.8283,2,-1.4792,-1.8283,-0.036566,True
2023-02-01,V,buy_call,2.4707,2,-4.4612,-2.4707,-0.049414,True
2023-02-01,VRTX,buy_call,1.6994,2,-10.1547,-1.6994,-0.033988,True
2023-02-01,VZ,buy_call,3.8124,2,-5.1717,-3.8124,-0.076248,True
2023-02-01,WFC,buy_call,2.4258,2,-0.2134,-2.4258,-0.048516,True
2023-02-01,WM,skip,0.0,0,-3.2121,0.0,0.0,True
2023-02-01,XOM,buy_call,2.394,2,-5.2582,-2.394,-0.04788,True
2023-02-01,ZTS,buy_call,1.6994,2,1.1496,-0.5499,-0.010998,True
2023-03-01,AAPL,buy_call,3.0328,12,12.0357,9.0029,1.080348,True
2023-03-01,ABBV,buy_call,3.4589,12,3.5543,0.0954,0.011448,True
2023-03-01,ABT,skip,0.0,0,-0.4522,0.0,0.0,True
2023-03-01,ACN,skip,0.0,0,7.6295,0.0,0.0,True
2023-03-01,ADBE,skip,0.0,0,18.9597,0.0,0.0,True
2023-03-01,ADI,buy_call,3.3807,12,7.9947,4.614,0.55368,True
2023-03-01,ADP,skip,0.0,0,1.2783,0.0,0.0,True
2023-03-01,AMAT,buy_call,3.3807,12,5.9988,2.6181,0.314172,True
2023-03-01,AMGN,skip,0.0,0,5.2758,0.0,0.0,True
2023-03-01,AMT,skip,0.0,0,3.1968,0.0,0.0,True
2023-03-01,AMZN,skip,0.0,0,9.6148,0.0,0.0,True
2023-03-01,AVGO,buy_call,3.3807,12,7.9507,4.5699,0.548388,True
2023-03-01,AXP,skip,0.0,0,-5.1957,0.0,0.0,True
2023-03-01,BAC,skip,0.0,0,-16.6181,0.0,0.0,True
2023-03-01,BDX,skip,0.0,0,5.5383,0.0,0.0,True
2023-03-01,BKNG,buy_call,3.0,12,5.0876,2.0876,0.250512,True
2023-03-01,BLK,skip,0.0,0,-2.9459,0.0,0.0,True
2023-03-01,BMY,skip,0.0,0,0.5075,0.0,0.0,True
2023-03-01,BRK-B,skip,0.0,0,1.1764,0.0,0.0,True
2023-03-01,BSX,buy_call,3.7961,12,7.0848,3.2887,0.394644,True
2023-03-01,CAT,skip,0.0,0,-4.4709,0.0,0.0,True
2023-03-01,CB,skip,0.0,0,-7.9803,0.0,0.0,True
2023-03-01,CMCSA,skip,0.0,0,1.9908,0.0,0.0,True
2023-03-01,COP,skip,0.0,0,-3.5784,0.0,0.0,True
2023-03-01,COST,skip,0.0,0,2.7996,0.0,0.0,True
2023-03-01,CRM,skip,0.0,0,22.1075,0.0,0.0,True
2023-03-01,CSCO,buy_call,3.6617,12,7.9719,4.3102,0.517224,True
2023-03-01,CVS,skip,0.0,0,-11.0486,0.0,0.0,True
2023-03-01,CVX,skip,0.0,0,2.3838,0.0,0.0,True
2023-03-01,DE,skip,0.0,0,-1.517,0.0,0.0,True
2023-03-01,DHR,skip,0.0,0,1.822,0.0,0.0,True
2023-03-01,DIS,skip,0.0,0,0.522,0.0,0.0,True
2023-03-01,DUK,skip,0.0,0,3.3914,0.0,0.0,True
2023-03-01,EL,skip,0.0,0,1.6795,0.0,0.0,True
2023-03-01,EOG,skip,0.0,0,1.4245,0.0,0.0,True
2023-03-01,EQIX,skip,0.0,0,4.7612,0.0,0.0,True
2023-03-01,GE,buy_call,3.9531,12,12.8556,8.9025,1.0683,True
2023-03-01,GILD,skip,0.0,0,3.0299,0.0,0.0,True
2023-03-01,GOOGL,skip,0.0,0,15.1788,0.0,0.0,True
2023-03-01,GS,skip,0.0,0,-6.9786,0.0,0.0,True
2023-03-01,HD,skip,0.0,0,-0.4789,0.0,0.0,True
2023-03-01,HON,skip,0.0,0,0.3407,0.0,0.0,True
2023-03-01,HUM,skip,0.0,0,-1.9312,0.0,0.0,True
2023-03-01,IBM,skip,0.0,0,2.6297,0.0,0.0,True
2023-03-01,INTC,skip,0.0,0,32.6437,0.0,0.0,True
2023-03-01,INTU,skip,0.0,0,9.4921,0.0,0.0,True
2023-03-01,ISRG,skip,0.0,0,11.3693,0.0,0.0,True
2023-03-01,ITW,skip,0.0,0,4.4133,0.0,0.0,True
2023-03-01,JNJ,skip,0.0,0,1.8627,0.0,0.0,True
2023-03-01,JPM,buy_call,4.4851,12,-9.0966,-4.4851,-0.538212,True
2023-03-01,KO,skip,0.0,0,4.2346,0.0,0.0,True
2023-03-01,LLY,skip,0.0,0,10.7034,0.0,0.0,True
2023-03-01,LMT,buy_call,3.9531,12,0.305,-3.6482,-0.437784,True
2023-03-01,LOW,skip,0.0,0,-2.8092,0.0,0.0,True
2023-03-01,LRCX,skip,0.0,0,9.076,0.0,0.0,True
2023-03-01,MA,skip,0.0,0,2.2854,0.0,0.0,True
2023-03-01,MCD,skip,0.0,0,6.5607,0.0,0.0,True
2023-03-01,MDLZ,skip,0.0,0,6.9653,0.0,0.0,True
2023-03-01,MDT,skip,0.0,0,-2.6328,0.0,0.0,True
2023-03-01,META,buy_call,4.5862,12,21.1501,16.5639,1.987668,True
2023-03-01,MRK,skip,0.0,0,0.1412,0.0,0.0,True
2023-03-01,MS,skip,0.0,0,-9.0155,0.0,0.0,True
2023-03-01,MSFT,buy_call,2.9119,12,15.8777,12.9657,1.555884,True
2023-03-01,MU,skip,0.0,0,4.3583,0.0,0.0,True
2023-03-01,NEE,skip,0.0,0,9.2185,0.0,0.0,True
2023-03-01,NFLX,skip,0.0,0,7.2486,0.0,0.0,True
2023-03-01,NKE,skip,0.0,0,3.241,0.0,0.0,True
2023-03-01,NOC,buy_call,3.9531,12,-0.1523,-3.9531,-0.474372,True
2023-03-01,NOW,skip,0.0,0,7.5318,0.0,0.0,True
2023-03-01,NVDA,buy_call,5.9087,12,19.6459,13.7372,1.648464,True
2023-03-01,ORCL,skip,0.0,0,6.3158,0.0,0.0,True
2023-03-01,PEP,buy_call,3.3752,12,5.0539,1.6787,0.201444,True
2023-03-01,PFE,skip,0.0,0,0.5669,0.0,0.0,True
2023-03-01,PG,skip,0.0,0,8.091,0.0,0.0,True
2023-03-01,PLD,skip,0.0,0,1.1102,0.0,0.0,True
2023-03-01,PM,skip,0.0,0,-0.0514,0.0,0.0,True
2023-03-01,QCOM,skip,0.0,0,3.2786,0.0,0.0,True
2023-03-01,RTX,skip,0.0,0,0.3862,0.0,0.0,True
2023-03-01,SBUX,skip,0.0,0,2.5093,0.0,0.0,True
2023-03-01,SCHW,buy_call,4.4851,12,-32.5681,-4.4851,-0.538212,True
2023-03-01,SO,skip,0.0,0,11.4905,0.0,0.0,True
2023-03-01,SPGI,skip,0.0,0,1.3097,0.0,0.0,True
2023-03-01,SYK,buy_call,3.7961,12,8.5933,4.7972,0.575664,True
2023-03-01,T,skip,0.0,0,1.798,0.0,0.0,True
2023-03-01,TJX,skip,0.0,0,2.6769,0.0,0.0,True
2023-03-01,TMO,skip,0.0,0,6.3884,0.0,0.0,True
2023-03-01,TMUS,skip,0.0,0,1.8709,0.0,0.0,True
2023-03-01,TXN,skip,0.0,0,8.4923,0.0,0.0,True
2023-03-01,UNH,skip,0.0,0,-0.7039,0.0,0.0,True
2023-03-01,UNP,buy_call,3.9531,12,-2.2493,-3.9531,-0.474372,True
2023-03-01,UPS,skip,0.0,0,7.238,0.0,0.0,True
2023-03-01,V,skip,0.0,0,2.7106,0.0,0.0,True
2023-03-01,VRTX,skip,0.0,0,8.5363,0.0,0.0,True
2023-03-01,VZ,skip,0.0,0,0.2062,0.0,0.0,True
2023-03-01,WFC,skip,0.0,0,-19.5672,0.0,0.0,True
2023-03-01,WM,skip,0.0,0,8.9543,0.0,0.0,True
2023-03-01,XOM,skip,0.0,0,0.5403,0.0,0.0,True
2023-03-01,ZTS,buy_call,3.4589,12,-0.3353,-3.4589,-0.415068,True
2023-04-01,AAPL,buy_call,2.8433,1,2.8987,0.0554,0.000554,False
2023-04-01,ABBV,buy_call,1.8561,1,-5.1766,-1.8561,-0.018561,False
2023-04-01,ABT,skip,0.0,0,9.0954,0.0,0.0,False
2023-04-01,ACN,buy_call,2.3106,1,-1.9313,-2.3106,-0.023106,False
2023-04-01,ADBE,buy_call,3.3283,1,-2.0266,-3.3283,-0.033283,False
2023-04-01,ADI,buy_call,1.9505,1,-8.7922,-1.9505,-0.019505,False
2023-04-01,ADP,buy_call,3.5487,1,-0.6217,-3.5487,-0.035487,False
2023-04-01,AMAT,buy_call,1.9505,1,-7.9785,-1.9505,-0.019505,False
2023-04-01,AMGN,buy_call,1.8561,1,-0.8314,-1.8561,-0.018561,False
2023-04-01,AMT,buy_call,3.5487,1,0.0245,-3.5243,-0.035243,False
2023-04-01,AMZN,buy_call,5.2034,1,2.0912,-3.1122,-0.031122,False
2023-04-01,AVGO,buy_call,1.9505,1,-1.6415,-1.9505,-0.019505,False
2023-04-01,AXP,skip,0.0,0,-2.1885,0.0,0.0,False
2023-04-01,BAC,skip,0.0,0,3.0416,0.0,0.0,False
2023-04-01,BDX,buy_call,0.9506,1,7.1893,6.2387,0.062387,False
2023-04-01,BKNG,buy_call,3.0,1,1.2781,-1.7219,-0.017219,False
2023-04-01,BLK,skip,0.0,0,1.0375,0.0,0.0,False
2023-04-01,BMY,buy_call,1.8561,1,-3.6647,-1.8561,-0.018561,False
2023-04-01,BRK-B,buy_call,1.5002,1,6.4061,4.9058,0.049058,False
2023-04-01,BSX,buy_call,0.9506,1,4.1775,3.2269,0.032269,False
2023-04-01,CAT,skip,0.0,0,-4.3873,0.0,0.0,False
2023-04-01,CB,skip,0.0,0,4.2624,0.0,0.0,False
2023-04-01,CMCSA,buy_call,3.0055,1,9.1269,6.1214,0.061214,False
2023-04-01,COP,skip,0.0,0,4.3516,0.0,0.0,False
2023-04-01,COST,buy_call,1.9285,1,1.278,-0.6505,-0.006505,False
2023-04-01,CRM,buy_call,2.9318,1,-0.7058,-2.9318,-0.029318,False
2023-04-01,CSCO,buy_call,3.5487,1,-9.6213,-3.5487,-0.035487,False
2023-04-01,CVS,skip,0.0,0,-1.3457,0.0,0.0,False
2023-04-01,CVX,buy_call,2.2116,1,3.3219,1.1103,0.011103,False
2023-04-01,DE,skip,0.0,0,-8.1567,0.0,0.0,False
2023-04-01,DHR,buy_call,0.9506,1,-5.9003,-0.9506,-0.009506,False
2023-04-01,DIS,buy_call,3.3259,1,2.3669,-0.959,-0.00959,False
2023-04-01,DUK,buy_call,1.2253,1,2.4982,1.2729,0.012729,False
2023-04-01,EL,buy_call,3.0,1,0.1055,-2.8945,-0.028945,False
2023-04-01,EOG,buy_call,2.9189,1,5.1855,2.2666,0.022666,False
2023-04-01,EQIX,buy_call,3.5487,1,0.9094,-2.6393,-0.026393,False
2023-04-01,GE,buy_call,2.9189,1,3.6211,0.7022,0.007022,False
2023-04-01,GILD,buy_call,1.8561,1,0.0275,-1.8285,-0.018285,False
2023-04-01,GOOGL,buy_call,4.1276,1,3.4802,-0.6474,-0.006474,False
2023-04-01,GS,skip,0.0,0,5.744,0.0,0.0,False
2023-04-01,HD,skip,0.0,0,2.574,0.0,0.0,False
2023-04-01,HON,buy_call,3.5487,1,4.5626,1.0139,0.010139,False
2023-04-01,HUM,skip,0.0,0,9.4752,0.0,0.0,False
2023-04-01,IBM,buy_call,3.5487,1,-3.5701,-3.5487,-0.035487,False
2023-04-01,INTC,buy_call,1.9505,1,-4.9281,-1.9505,-0.019505,False
2023-04-01,INTU,buy_call,3.5338,1,-0.4217,-3.5338,-0.035338,False
2023-04-01,ISRG,buy_call,0.9506,1,17.9082,16.9575,0.169575,False
2023-04-01,ITW,buy_call,3.5487,1,-0.0736,-3.5487,-0.035487,False
2023-04-01,JNJ,buy_call,1.6363,1,5.6129,3.9766,0.039766,False
2023-04-01,JPM,skip,0.0,0,6.0855,0.0,0.0,False
2023-04-01,KO,buy_call,1.2253,1,4.211,2.9856,0.029856,False
2023-04-01,LLY,buy_call,3.5821,1,15.2699,11.6878,0.116878,False
2023-04-01,LMT,buy_call,2.9189,1,-1.7515,-2.9189,-0.029189,False
2023-04-01,LOW,skip,0.0,0,3.9306,0.0,0.0,False
2023-04-01,LRCX,buy_call,1.9505,1,-0.7806,-1.9505,-0.019505,False
2023-04-01,MA,buy_call,2.2425,1,4.5733,2.3308,0.023308,False
2023-04-01,MCD,buy_call,1.2253,1,5.7723,4.547,0.04547,False
2023-04-01,MDLZ,buy_call,1.5575,1,10.6455,9.088,0.09088,False
2023-04-01,MDT,skip,0.0,0,13.781,0.0,0.0,False
2023-04-01,META,buy_call,5.9709,1,13.3906,7.4197,0.074197,False
2023-04-01,MRK,buy_call,2.4415,1,9.2892,6.8477,0.068477,False
2023-04-01,MS,skip,0.0,0,2.4715,0.0,0.0,False
2023-04-01,MSFT,buy_call,3.3283,1,6.5765,3.2482,0.032482,False
2023-04-01,MU,buy_call,4.4997,1,6.6622,2.1626,0.021626,False
2023-04-01,NEE,buy_call,1.2253,1,-0.5838,-1.2253,-0.012253,False
2023-04-01,NFLX,buy_call,6.9302,1,-4.501,-6.9302,-0.069302,False
2023-04-01,NKE,buy_call,2.7387,1,3.6214,0.8827,0.008827,False
2023-04-01,NOC,skip,0.0,0,-0.0975,0.0,0.0,False
2023-04-01,NOW,buy_call,4.1681,1,-1.1405,-4.1681,-0.041681,False
2023-04-01,NVDA,buy_call,4.4997,1,-0.0838,-4.4997,-0.044997,False
2023-04-01,ORCL,buy_call,2.1467,1,1.9371,-0.2095,-0.002095,False
2023-04-01,PEP,buy_call,1.5575,1,5.4196,3.8621,0.038621,False
2023-04-01,PFE,buy_call,1.8561,1,-4.6813,-1.8561,-0.018561,False
2023-04-01,PG,buy_call,1.7303,1,5.1718,3.4416,0.034416,False
2023-04-01,PLD,buy_call,3.5487,1,1.1178,-2.431,-0.02431,False
2023-04-01,PM,skip,0.0,0,4.1794,0.0,0.0,False
2023-04-01,QCOM,buy_call,4.3877,1,-7.8904,-4.3877,-0.043877,False
2023-04-01,RTX,buy_call,2.9189,1,2.0116,-0.9073,-0.009073,False
2023-04-01,SBUX,buy_call,1.2253,1,9.757,8.5317,0.085317,False
2023-04-01,SCHW,skip,0.0,0,-0.2673,0.0,0.0,False
2023-04-01,SO,buy_call,1.2253,1,5.7057,4.4803,0.044803,False
2023-04-01,SPGI,buy_call,2.3943,1,5.1658,2.7714,0.027714,False
2023-04-01,SYK,buy_call,0.9506,1,5.2502,4.2995,0.042995,False
2023-04-01,T,buy_call,3.0055,1,-8.2078,-3.0055,-0.030055,False
2023-04-01,TJX,buy_call,1.8419,1,0.587,-1.2549,-0.012549,False
2023-04-01,TMO,buy_call,2.8279,1,-3.6628,-2.8279,-0.028279,False
2023-04-01,TMUS,buy_call,3.0055,1,-0.649,-3.0055,-0.030055,False
2023-04-01,TXN,buy_call,1.9505,1,-10.1124,-1.9505,-0.019505,False
2023-04-01,UNH,skip,0.0,0,4.4971,0.0,0.0,False
2023-04-01,UNP,skip,0.0,0,-2.7626,0.0,0.0,False
2023-04-01,UPS,buy_call,3.5487,1,-7.3096,-3.5487,-0.035487,False
2023-04-01,V,buy_call,3.0853,1,3.2245,0.1392,0.001392,False
2023-04-01,VRTX,buy_call,1.8561,1,8.1442,6.2882,0.062882,False
2023-04-01,VZ,buy_call,3.0055,1,-0.1543,-3.0055,-0.030055,False
2023-04-01,WFC,skip,0.0,0,6.3403,0.0,0.0,False
2023-04-01,WM,buy_call,3.0,1,2.2425,-0.7575,-0.007575,False
2023-04-01,XOM,buy_call,2.9189,1,7.9154,4.9965,0.049965,False
2023-04-01,ZTS,skip,0.0,0,5.6116,0.0,0.0,False
2023-05-01,AAPL,buy_call,1.5629,1,4.4613,2.8985,0.028985,False
2023-05-01,ABBV,skip,0.0,0,-7.8685,0.0,0.0,False
2023-05-01,ABT,buy_call,1.8977,1,-7.2058,-1.8977,-0.018977,False
2023-05-01,ACN,skip,0.0,0,9.5727,0.0,0.0,False
2023-05-01,ADBE,skip,0.0,0,10.6553,0.0,0.0,False
2023-05-01,ADI,skip,0.0,0,-1.2175,0.0,0.0,False
2023-05-01,ADP,skip,0.0,0,-5.0046,0.0,0.0,False
2023-05-01,AMAT,skip,0.0,0,17.9333,0.0,0.0,False
2023-05-01,AMGN,skip,0.0,0,-7.9628,0.0,0.0,False
2023-05-01,AMT,buy_call,1.7685,1,-9.0894,-1.7685,-0.017685,False
2023-05-01,AMZN,buy_call,2.9137,1,14.348,11.4344,0.114344,False
2023-05-01,AVGO,skip,0.0,0,28.9641,0.0,0.0,False
2023-05-01,AXP,skip,0.0,0,-1.359,0.0,0.0,False
2023-05-01,BAC,buy_call,3.9841,1,-5.0888,-3.9841,-0.039841,False
2023-05-01,BDX,buy_call,1.8977,1,-8.5317,-1.8977,-0.018977,False
2023-05-01,BKNG,buy_call,3.0,1,-6.6091,-3.0,-0.03,False
2023-05-01,BLK,buy_call,2.1324,1,-2.0337,-2.1324,-0.021324,False
2023-05-01,BMY,skip,0.0,0,-2.6952,0.0,0.0,False
2023-05-01,BRK-B,buy_call,1.3885,1,-2.2736,-1.3885,-0.013885,False
2023-05-01,BSX,buy_call,1.8977,1,-1.2279,-1.8977,-0.018977,False
2023-05-01,CAT,skip,0.0,0,-5.4539,0.0,0.0,False
2023-05-01,CB,buy_call,2.1324,1,-7.819,-2.1324,-0.021324,False
2023-05-01,CMCSA,buy_call,1.1284,1,-4.1515,-1.1284,-0.011284,False
2023-05-01,COP,buy_call,2.8781,1,-3.4892,-2.8781,-0.028781,False
2023-05-01,COST,buy_call,2.2523,1,1.6573,-0.595,-0.00595,False
2023-05-01,CRM,skip,0.0,0,12.6078,0.0,0.0,False
2023-05-01,CSCO,skip,0.0,0,5.9113,0.0,0.0,False
2023-05-01,CVS,skip,0.0,0,-6.4395,0.0,0.0,False
2023-05-01,CVX,buy_call,2.3153,1,-10.6537,-2.3153,-0.023153,False
2023-05-01,DE,skip,0.0,0,-8.4757,0.0,0.0,False
2023-05-01,DHR,skip,0.0,0,-3.0771,0.0,0.0,False
2023-05-01,DIS,buy_call,2.6168,1,-14.1854,-2.6168,-0.026168,False
2023-05-01,DUK,buy_call,1.233,1,-9.6986,-1.233,-0.01233,False
2023-05-01,EL,buy_call,3.0,1,-25.4094,-3.0,-0.03,False
2023-05-01,EOG,buy_call,2.8781,1,-9.5852,-2.8781,-0.028781,False
2023-05-01,EQIX,buy_call,1.7685,1,2.9651,1.1966,0.011966,False
2023-05-01,GE,buy_call,2.8781,1,2.5866,-0.2915,-0.002915,False
2023-05-01,GILD,buy_call,2.0555,1,-6.4104,-2.0555,-0.020555,False
2023-05-01,GOOGL,buy_call,2.9199,1,14.4681,11.5481,0.115481,False
2023-05-01,GS,buy_call,2.1324,1,-5.6895,-2.1324,-0.021324,False
2023-05-01,HD,buy_call,3.8777,1,-5.6864,-3.8777,-0.038777,False
2023-05-01,HON,buy_call,1.7685,1,-4.1233,-1.7685,-0.017685,False
2023-05-01,HUM,buy_call,2.0231,1,-5.395,-2.0231,-0.020231,False
2023-05-01,IBM,skip,0.0,0,1.7246,0.0,0.0,False
2023-05-01,INTC,skip,0.0,0,1.2234,0.0,0.0,False
2023-05-01,INTU,skip,0.0,0,-5.425,0.0,0.0,False
2023-05-01,ISRG,buy_call,1.8977,1,2.1977,0.3001,0.003001,False
2023-05-01,ITW,skip,0.0,0,-9.5933,0.0,0.0,False
2023-05-01,JNJ,buy_call,2.1661,1,-5.278,-2.1661,-0.021661,False
2023-05-01,JPM,buy_call,2.1324,1,-1.0597,-2.1324,-0.021324,False
2023-05-01,KO,buy_call,1.233,1,-6.9992,-1.233,-0.01233,False
2023-05-01,LLY,buy_call,2.3489,1,8.4879,6.139,0.06139,False
2023-05-01,LMT,skip,0.0,0,-4.4009,0.0,0.0,False
2023-05-01,LOW,buy_call,3.8777,1,-2.7399,-3.8777,-0.038777,False
2023-05-01,LRCX,skip,0.0,0,17.6729,0.0,0.0,False
2023-05-01,MA,buy_call,2.3521,1,-3.799,-2.3521,-0.023521,False
2023-05-01,MCD,buy_call,1.233,1,-3.5977,-1.233,-0.01233,False
2023-05-01,MDLZ,buy_call,1.7234,1,-4.3144,-1.7234,-0.017234,False
2023-05-01,MDT,buy_call,1.8977,1,-9.0049,-1.8977,-0.018977,False
2023-05-01,META,buy_call,3.3414,1,10.1531,6.8117,0.068117,False
2023-05-01,MRK,buy_call,1.8561,1,-4.3821,-1.8561,-0.018561,False
2023-05-01,MS,buy_call,2.1324,1,-8.3382,-2.1324,-0.021324,False
2023-05-01,MSFT,buy_call,2.8745,1,6.8769,4.0024,0.040024,False
2023-05-01,MU,buy_call,5.3715,1,6.1806,0.8091,0.008091,False
2023-05-01,NEE,skip,0.0,0,-4.1367,0.0,0.0,False
2023-05-01,NFLX,skip,0.0,0,19.7921,0.0,0.0,False
2023-05-01,NKE,buy_call,2.9922,1,-16.935,-2.9922,-0.029922,False
2023-05-01,NOC,skip,0.0,0,-5.5889,0.0,0.0,False
2023-05-01,NOW,skip,0.0,0,18.5799,0.0,0.0,False
2023-05-01,NVDA,skip,0.0,0,36.3436,0.0,0.0,False
2023-05-01,ORCL,buy_call,1.7878,1,12.3138,10.526,0.10526,False
2023-05-01,PEP,buy_call,1.7234,1,-4.4738,-1.7234,-0.017234,False
2023-05-01,PFE,skip,0.0,0,-2.2371,0.0,0.0,False
2023-05-01,PG,buy_call,1.1422,1,-8.3053,-1.1422,-0.011422,False
2023-05-01,PLD,buy_call,1.7685,1,-0.5589,-1.7685,-0.017685,False
2023-05-01,PM,buy_call,1.7234,1,-9.963,-1.7234,-0.017234,False
2023-05-01,QCOM,skip,0.0,0,-2.9024,0.0,0.0,False
2023-05-01,RTX,buy_call,2.8781,1,-7.7678,-2.8781,-0.028781,False
2023-05-01,SBUX,buy_call,1.233,1,-14.5682,-1.233,-0.01233,False
2023-05-01,SCHW,skip,0.0,0,0.8614,0.0,0.0,False
2023-05-01,SO,buy_call,1.233,1,-5.1666,-1.233,-0.01233,False
2023-05-01,SPGI,buy_call,2.1324,1,1.3376,-0.7947,-0.007947,False
2023-05-01,SYK,buy_call,1.8977,1,-8.0327,-1.8977,-0.018977,False
2023-05-01,T,skip,0.0,0,-9.7165,0.0,0.0,False
2023-05-01,TJX,buy_call,2.631,1,-2.5755,-2.631,-0.02631,False
2023-05-01,TMO,skip,0.0,0,-8.3691,0.0,0.0,False
2023-05-01,TMUS,skip,0.0,0,-4.6213,0.0,0.0,False
2023-05-01,TXN,skip,0.0,0,3.9952,0.0,0.0,False
2023-05-01,UNH,buy_call,2.0231,1,-0.9856,-2.0231,-0.020231,False
2023-05-01,UNP,skip,0.0,0,-1.6249,0.0,0.0,False
2023-05-01,UPS,skip,0.0,0,-7.1242,0.0,0.0,False
2023-05-01,V,buy_call,2.7339,1,-5.0273,-2.7339,-0.027339,False
2023-05-01,VRTX,buy_call,2.0555,1,-5.0362,-2.0555,-0.020555,False
2023-05-01,VZ,skip,0.0,0,-6.7225,0.0,0.0,False
2023-05-01,WFC,buy_call,3.2871,1,0.1509,-3.1361,-0.031361,False
2023-05-01,WM,buy_call,3.0,1,-2.4872,-3.0,-0.03,False
2023-05-01,XOM,buy_call,2.8781,1,-13.6556,-2.8781,-0.028781,False
2023-05-01,ZTS,buy_call,2.0555,1,-7.0656,-2.0555,-0.020555,False
2023-06-01,AAPL,buy_call,2.1448,2,9.5844,7.4395,0.14879,True
2023-06-01,ABBV,skip,0.0,0,-2.3413,0.0,0.0,True
2023-06-01,ABT,skip,0.0,0,6.8823,0.0,0.0,True
2023-06-01,ACN,buy_call,3.1651,2,0.8695,-2.2956,-0.045912,True
2023-06-01,ADBE,buy_call,1.8518,2,17.042,15.1902,0.303804,True
2023-06-01,ADI,skip,0.0,0,9.6347,0.0,0.0,True
2023-06-01,ADP,skip,0.0,0,5.1677,0.0,0.0,True
2023-06-01,AMAT,buy_call,4.1737,2,8.7115,4.5379,0.090758,True
2023-06-01,AMGN,skip,0.0,0,1.5703,0.0,0.0,True
2023-06-01,AMT,skip,0.0,0,5.1507,0.0,0.0,True
2023-06-01,AMZN,buy_call,3.2425,2,8.1108,4.8683,0.097366,True
2023-06-01,AVGO,buy_call,4.1737,2,7.3605,3.1868,0.063736,True
2023-06-01,AXP,skip,0.0,0,9.8638,0.0,0.0,True
2023-06-01,BAC,skip,0.0,0,3.2386,0.0,0.0,True
2023-06-01,BDX,skip,0.0,0,9.2034,0.0,0.0,True
2023-06-01,BKNG,skip,0.0,0,7.6356,0.0,0.0,True
2023-06-01,BLK,skip,0.0,0,5.1083,0.0,0.0,True
2023-06-01,BMY,skip,0.0,0,-0.7604,0.0,0.0,True
2023-06-01,BRK-B,skip,0.0,0,6.2041,0.0,0.0,True
2023-06-01,BSX,skip,0.0,0,5.0699,0.0,0.0,True
2023-06-01,CAT,skip,0.0,0,19.5869,0.0,0.0,True
2023-06-01,CB,skip,0.0,0,3.6383,0.0,0.0,True
2023-06-01,CMCSA,skip,0.0,0,5.5908,0.0,0.0,True
2023-06-01,COP,skip,0.0,0,4.8784,0.0,0.0,True
2023-06-01,COST,buy_call,1.5963,2,5.4623,3.8661,0.077322,True
2023-06-01,CRM,buy_call,3.4115,2,-5.4257,-3.4115,-0.06823,True
2023-06-01,CSCO,buy_call,1.425,2,4.1675,2.7425,0.05485,True
2023-06-01,CVS,skip,0.0,0,1.6169,0.0,0.0,True
2023-06-01,CVX,skip,0.0,0,5.4912,0.0,0.0,True
2023-06-01,DE,skip,0.0,0,17.1137,0.0,0.0,True
2023-06-01,DHR,skip,0.0,0,4.5205,0.0,0.0,True
2023-06-01,DIS,skip,0.0,0,1.5007,0.0,0.0,True
2023-06-01,DUK,skip,0.0,0,1.5332,0.0,0.0,True
2023-06-01,EL,skip,0.0,0,7.0743,0.0,0.0,True
2023-06-01,EOG,skip,0.0,0,6.6642,0.0,0.0,True
2023-06-01,EQIX,buy_call,1.425,2,5.6449,4.2199,0.084398,True
2023-06-01,GE,buy_call,2.5371,2,8.1946,5.6575,0.11315,True
2023-06-01,GILD,skip,0.0,0,0.169,0.0,0.0,True
2023-06-01,GOOGL,buy_call,2.7428,2,-2.58,-2.7428,-0.054856,True
2023-06-01,GS,skip,0.0,0,0.3383,0.0,0.0,True
2023-06-01,HD,skip,0.0,0,10.3815,0.0,0.0,True
2023-06-01,HON,skip,0.0,0,8.8668,0.0,0.0,True
2023-06-01,HUM,skip,0.0,0,-10.9072,0.0,0.0,True
2023-06-01,IBM,buy_call,1.425,2,5.4783,4.0533,0.081066,True
2023-06-01,INTC,buy_call,4.1737,2,6.7969,2.6232,0.052464,True
2023-06-01,INTU,skip,0.0,0,9.3219,0.0,0.0,True
2023-06-01,ISRG,buy_call,1.7467,2,11.0772,9.3304,0.186608,True
2023-06-01,ITW,skip,0.0,0,14.3693,0.0,0.0,True
2023-06-01,JNJ,skip,0.0,0,7.5512,0.0,0.0,True
2023-06-01,JPM,skip,0.0,0,7.1697,0.0,0.0,True
2023-06-01,KO,skip,0.0,0,0.9387,0.0,0.0,True
2023-06-01,LLY,buy_call,2.2919,2,9.4863,7.1944,0.143888,True
2023-06-01,LMT,skip,0.0,0,4.3859,0.0,0.0,True
2023-06-01,LOW,skip,0.0,0,12.216,0.0,0.0,True
2023-06-01,LRCX,buy_call,4.1737,2,4.2419,0.0683,0.001366,True
2023-06-01,MA,skip,0.0,0,7.7475,0.0,0.0,True
2023-06-01,MCD,skip,0.0,0,4.6649,0.0,0.0,True
2023-06-01,MDLZ,skip,0.0,0,-0.6402,0.0,0.0,True
2023-06-01,MDT,skip,0.0,0,6.4524,0.0,0.0,True
2023-06-01,META,buy_call,2.8489,2,8.4089,5.56,0.1112,True
2023-06-01,MRK,skip,0.0,0,4.5104,0.0,0.0,True
2023-06-01,MS,skip,0.0,0,4.4521,0.0,0.0,True
2023-06-01,MSFT,buy_call,1.8518,2,3.9266,2.0748,0.041496,True
2023-06-01,MU,buy_call,4.4314,2,-7.4634,-4.4314,-0.088628,True
2023-06-01,NEE,skip,0.0,0,1.6556,0.0,0.0,True
2023-06-01,NFLX,buy_call,4.3127,2,11.4516,7.1389,0.142778,True
2023-06-01,NKE,skip,0.0,0,4.8547,0.0,0.0,True
2023-06-01,NOC,skip,0.0,0,5.1172,0.0,0.0,True
2023-06-01,NOW,buy_call,2.5065,2,3.1554,0.6489,0.012978,True
2023-06-01,NVDA,buy_call,4.4314,2,11.8095,7.3781,0.147562,True
2023-06-01,ORCL,buy_call,5.3801,2,12.4127,7.0326,0.140652,True
2023-06-01,PEP,skip,0.0,0,1.5739,0.0,0.0,True
2023-06-01,PFE,skip,0.0,0,-2.4805,0.0,0.0,True
2023-06-01,PG,skip,0.0,0,6.4842,0.0,0.0,True
2023-06-01,PLD,skip,0.0,0,-1.5416,0.0,0.0,True
2023-06-01,PM,skip,0.0,0,8.4546,0.0,0.0,True
2023-06-01,QCOM,skip,0.0,0,5.6932,0.0,0.0,True
2023-06-01,RTX,skip,0.0,0,6.97,0.0,0.0,True
2023-06-01,SBUX,skip,0.0,0,1.9595,0.0,0.0,True
2023-06-01,SCHW,buy_call,2.0987,2,8.1412,6.0424,0.120848,True
2023-06-01,SO,skip,0.0,0,1.6702,0.0,0.0,True
2023-06-01,SPGI,buy_call,2.0987,2,9.3829,7.2842,0.145684,True
2023-06-01,SYK,skip,0.0,0,10.7083,0.0,0.0,True
2023-06-01,T,skip,0.0,0,1.3986,0.0,0.0,True
2023-06-01,TJX,skip,0.0,0,10.8879,0.0,0.0,True
2023-06-01,TMO,skip,0.0,0,2.6138,0.0,0.0,True
2023-06-01,TMUS,skip,0.0,0,1.2022,0.0,0.0,True
2023-06-01,TXN,buy_call,4.1737,2,4.3283,0.1546,0.003092,True
2023-06-01,UNH,skip,0.0,0,-1.3546,0.0,0.0,True
2023-06-01,UNP,skip,0.0,0,7.0054,0.0,0.0,True
2023-06-01,UPS,skip,0.0,0,8.3666,0.0,0.0,True
2023-06-01,V,skip,0.0,0,7.6519,0.0,0.0,True
2023-06-01,VRTX,skip,0.0,0,8.7585,0.0,0.0,True
2023-06-01,VZ,skip,0.0,0,4.3783,0.0,0.0,True
2023-06-01,WFC,buy_call,3.1757,2,8.0479,4.8722,0.097444,True
2023-06-01,WM,skip,0.0,0,7.1023,0.0,0.0,True
2023-06-01,XOM,skip,0.0,0,5.8726,0.0,0.0,True
2023-06-01,ZTS,skip,0.0,0,5.6438,0.0,0.0,True
2023-07-01,AAPL,buy_call,2.9948,1,1.2785,-1.7162,-0.017162,False
2023-07-01,ABBV,skip,0.0,0,11.0221,0.0,0.0,False
2023-07-01,ABT,buy_call,2.4623,1,2.1189,-0.3435,-0.003435,False
2023-07-01,ACN,buy_call,1.5406,1,2.518,0.9774,0.009774,False
2023-07-01,ADBE,buy_call,3.3035,1,11.6935,8.39,0.0839,False
2023-07-01,ADI,buy_call,2.3625,1,2.9135,0.551,0.00551,False
2023-07-01,ADP,buy_call,2.5842,1,13.1517,10.5675,0.105675,False
2023-07-01,AMAT,buy_call,2.3625,1,4.8776,2.5151,0.025151,False
2023-07-01,AMGN,buy_call,3.1559,1,5.4635,2.3075,0.023075,False
2023-07-01,AMT,buy_call,2.5842,1,-1.067,-2.5842,-0.025842,False
2023-07-01,AMZN,buy_call,4.5874,1,2.5468,-2.0406,-0.020406,False
2023-07-01,AVGO,buy_call,2.3625,1,4.1511,1.7886,0.017886,False
2023-07-01,AXP,buy_call,1.9471,1,-3.054,-1.9471,-0.019471,False
2023-07-01,BAC,buy_call,3.7683,1,12.4271,8.6588,0.086588,False
2023-07-01,BDX,buy_call,2.4623,1,5.916,3.4537,0.034537,False
2023-07-01,BKNG,buy_call,3.0,1,10.0162,7.0162,0.070162,False
2023-07-01,BLK,buy_call,2.2099,1,7.6892,5.4794,0.054794,False
2023-07-01,BMY,skip,0.0,0,-2.7522,0.0,0.0,False
2023-07-01,BRK-B,buy_call,1.3314,1,3.2141,1.8827,0.018827,False
2023-07-01,BSX,buy_call,2.4623,1,-4.1412,-2.4623,-0.024623,False
2023-07-01,CAT,buy_call,2.9195,1,7.7708,4.8513,0.048513,False
2023-07-01,CB,buy_call,2.2099,1,6.6396,4.4297,0.044297,False
2023-07-01,CMCSA,buy_call,2.7613,1,8.929,6.1677,0.061677,False
2023-07-01,COP,buy_call,2.9195,1,14.301,11.3815,0.113815,False
2023-07-01,COST,buy_call,1.5226,1,4.1402,2.6175,0.026175,False
2023-07-01,CRM,skip,0.0,0,6.5086,0.0,0.0,False
2023-07-01,CSCO,buy_call,2.5842,1,0.5798,-2.0044,-0.020044,False
2023-07-01,CVS,buy_call,3.1324,1,8.0428,4.9104,0.049104,False
2023-07-01,CVX,buy_call,2.4,1,4.0102,1.6102,0.016102,False
2023-07-01,DE,buy_call,2.9195,1,6.3524,3.433,0.03433,False
2023-07-01,DHR,buy_call,2.4623,1,6.3974,3.935,0.03935,False
2023-07-01,DIS,buy_call,2.415,1,-0.4368,-2.415,-0.02415,False
2023-07-01,DUK,buy_call,1.4385,1,4.3236,2.8851,0.028851,False
2023-07-01,EL,buy_call,3.0,1,-8.341,-3.0,-0.03,False
2023-07-01,EOG,buy_call,2.9195,1,15.8074,12.8879,0.128879,False
2023-07-01,EQIX,buy_call,2.5842,1,3.314,0.7298,0.007298,False
2023-07-01,GE,buy_call,2.9195,1,3.9964,1.0769,0.010769,False
2023-07-01,GILD,buy_call,3.1559,1,-0.2531,-3.1559,-0.031559,False
2023-07-01,GOOGL,skip,0.0,0,10.8772,0.0,0.0,False
2023-07-01,GS,buy_call,2.2099,1,10.3336,8.1237,0.081237,False
2023-07-01,HD,buy_call,1.3993,1,7.4685,6.0692,0.060692,False
2023-07-01,HON,buy_call,2.5842,1,-6.4434,-2.5842,-0.025842,False
2023-07-01,HUM,skip,0.0,0,2.3731,0.0,0.0,False
2023-07-01,IBM,buy_call,2.5842,1,7.7498,5.1656,0.051656,False
2023-07-01,INTC,buy_call,2.3625,1,6.9677,4.6053,0.046053,False
2023-07-01,INTU,buy_call,3.0935,1,11.6786,8.5851,0.085851,False
2023-07-01,ISRG,buy_call,2.4623,1,-5.1296,-2.4623,-0.024623,False
2023-07-01,ITW,buy_call,2.5842,1,5.8195,3.2353,0.032353,False
2023-07-01,JNJ,buy_call,1.8281,1,1.2143,-0.6138,-0.006138,False
2023-07-01,JPM,buy_call,2.2099,1,8.6084,6.3985,0.063985,False
2023-07-01,KO,buy_call,1.4385,1,3.6228,2.1843,0.021843,False
2023-07-01,LLY,buy_call,3.0029,1,-3.0769,-3.0029,-0.030029,False
2023-07-01,LMT,buy_call,2.9195,1,-3.0431,-2.9195,-0.029195,False
2023-07-01,LOW,buy_call,1.3993,1,3.7971,2.3978,0.023978,False
2023-07-01,LRCX,buy_call,2.3625,1,12.0727,9.7102,0.097102,False
2023-07-01,MA,buy_call,1.9471,1,0.2492,-1.6979,-0.016979,False
2023-07-01,MCD,buy_call,1.4385,1,-1.2243,-1.4385,-0.014385,False
2023-07-01,MDLZ,skip,0.0,0,2.1687,0.0,0.0,False
2023-07-01,MDT,buy_call,2.4623,1,0.3984,-2.0639,-0.020639,False
2023-07-01,META,buy_call,6.3786,1,11.0182,4.6395,0.046395,False
2023-07-01,MRK,buy_call,2.3278,1,-6.9568,-2.3278,-0.023278,False
2023-07-01,MS,buy_call,2.2099,1,7.2131,5.0033,0.050033,False
2023-07-01,MSFT,buy_call,3.3035,1,-1.3567,-3.3035,-0.033035,False
2023-07-01,MU,skip,0.0,0,13.1199,0.0,0.0,False
2023-07-01,NEE,buy_call,1.4385,1,-1.2129,-1.4385,-0.014385,False
2023-07-01,NFLX,buy_call,5.6236,1,-0.3451,-5.6236,-0.056236,False
2023-07-01,NKE,buy_call,2.5525,1,0.3473,-2.2051,-0.022051,False
2023-07-01,NOC,buy_call,2.9195,1,-2.3695,-2.9195,-0.029195,False
2023-07-01,NOW,buy_call,4.2906,1,3.7422,-0.5484,-0.005484,False
2023-07-01,NVDA,buy_call,4.3605,1,10.4767,6.1162,0.061162,False
2023-07-01,ORCL,buy_call,2.5494,1,-1.5618,-2.5494,-0.025494,False
2023-07-01,PEP,buy_call,1.7404,1,1.9164,0.176,0.00176,False
2023-07-01,PFE,skip,0.0,0,-1.6903,0.0,0.0,False
2023-07-01,PG,buy_call,2.0532,1,3.0051,0.9519,0.009519,False
2023-07-01,PLD,skip,0.0,0,2.4578,0.0,0.0,False
2023-07-01,PM,buy_call,1.7404,1,3.5157,1.7752,0.017752,False
2023-07-01,QCOM,buy_call,4.0758,1,11.0299,6.9541,0.069541,False
2023-07-01,RTX,buy_call,2.9195,1,-10.2389,-2.9195,-0.029195,False
2023-07-01,SBUX,buy_call,1.4385,1,2.5338,1.0953,0.010953,False
2023-07-01,SCHW,buy_call,2.2099,1,16.6196,14.4097,0.144097,False
2023-07-01,SO,buy_call,1.4385,1,2.9751,1.5365,0.015365,False
2023-07-01,SPGI,buy_call,2.2099,1,-1.5915,-2.2099,-0.022099,False
2023-07-01,SYK,buy_call,2.4623,1,-6.8735,-2.4623,-0.024623,False
2023-07-01,T,buy_call,2.7613,1,-8.9655,-2.7613,-0.027613,False
2023-07-01,TJX,buy_call,1.4504,1,2.0521,0.6017,0.006017,False
2023-07-01,TMO,buy_call,2.0478,1,5.2276,3.1799,0.031799,False
2023-07-01,TMUS,buy_call,2.7613,1,-0.8135,-2.7613,-0.027613,False
2023-07-01,TXN,buy_call,2.3625,1,-0.0111,-2.3625,-0.023625,False
2023-07-01,UNH,skip,0.0,0,5.7857,0.0,0.0,False
2023-07-01,UNP,buy_call,2.9195,1,13.3907,10.4712,0.104712,False
2023-07-01,UPS,buy_call,2.5842,1,4.3961,1.8119,0.018119,False
2023-07-01,V,buy_call,2.5621,1,0.1053,-2.4569,-0.024569,False
2023-07-01,VRTX,buy_call,3.1559,1,0.1222,-3.0337,-0.030337,False
2023-07-01,VZ,buy_call,2.7613,1,-8.3625,-2.7613,-0.027613,False
2023-07-01,WFC,buy_call,3.0879,1,8.1537,5.0658,0.050658,False
2023-07-01,WM,buy_call,3.0,1,-5.1429,-3.0,-0.03,False
2023-07-01,XOM,buy_call,2.9195,1,-0.0093,-2.9195,-0.029195,False
2023-07-01,ZTS,buy_call,3.1559,1,9.2213,6.0654,0.060654,False
2023-08-01,AAPL,buy_call,2.7355,1,-4.3675,-2.7355,-0.027355,False
2023-08-01,ABBV,buy_call,1.5877,1,-0.6624,-1.5877,-0.015877,False
2023-08-01,ABT,buy_call,1.8224,1,-7.1288,-1.8224,-0.018224,False
2023-08-01,ACN,buy_call,2.7011,1,2.717,0.0158,0.000158,False
2023-08-01,ADBE,buy_call,2.6042,1,2.4113,-0.1929,-0.001929,False
2023-08-01,ADI,buy_call,4.0597,1,-8.8959,-4.0597,-0.040597,False
2023-08-01,ADP,buy_call,2.113,1,2.9726,0.8596,0.008596,False
2023-08-01,AMAT,buy_call,4.0597,1,0.7718,-3.2879,-0.032879,False
2023-08-01,AMGN,buy_call,1.5877,1,9.4768,7.8891,0.078891,False
2023-08-01,AMT,skip,0.0,0,-4.7239,0.0,0.0,False
2023-08-01,AMZN,buy_call,3.0755,1,3.2391,0.1636,0.001636,False
2023-08-01,AVGO,buy_call,4.0597,1,2.6974,-1.3623,-0.013623,False
2023-08-01,AXP,skip,0.0,0,-6.1275,0.0,0.0,False
2023-08-01,BAC,buy_call,2.9134,1,-10.4062,-2.9134,-0.029134,False
2023-08-01,BDX,buy_call,1.8224,1,0.2979,-1.5245,-0.015245,False
2023-08-01,BKNG,buy_call,3.0,1,4.5183,1.5183,0.015183,False
2023-08-01,BLK,buy_call,2.0117,1,-5.1851,-2.0117,-0.020117,False
2023-08-01,BMY,skip,0.0,0,0.0124,0.0,0.0,False
2023-08-01,BRK-B,buy_call,1.3227,1,2.3412,1.0185,0.010185,False
2023-08-01,BSX,skip,0.0,0,4.0309,0.0,0.0,False
2023-08-01,CAT,buy_call,2.8914,1,6.5438,3.6524,0.036524,False
2023-08-01,CB,buy_call,2.0117,1,-1.7318,-2.0117,-0.020117,False
2023-08-01,CMCSA,buy_call,1.4733,1,4.0403,2.5671,0.025671,False
2023-08-01,COP,buy_call,2.8914,1,1.1128,-1.7786,-0.017786,False
2023-08-01,COST,buy_call,2.2919,1,-2.0315,-2.2919,-0.022919,False
2023-08-01,CRM,buy_call,3.9489,1,-1.5777,-3.9489,-0.039489,False
2023-08-01,CSCO,buy_call,2.113,1,11.0394,8.9263,0.089263,False
2023-08-01,CVS,buy_call,1.5965,1,-12.0305,-1.5965,-0.015965,False
2023-08-01,CVX,buy_call,2.7694,1,-1.5642,-2.7694,-0.027694,False
2023-08-01,DE,buy_call,2.8914,1,-4.3436,-2.8914,-0.028914,False
2023-08-01,DHR,buy_call,1.8224,1,3.8971,2.0747,0.020747,False
2023-08-01,DIS,skip,0.0,0,-5.8612,0.0,0.0,False
2023-08-01,DUK,buy_call,1.1119,1,-5.1485,-1.1119,-0.011119,False
2023-08-01,EL,skip,0.0,0,-10.8167,0.0,0.0,False
2023-08-01,EOG,buy_call,2.8914,1,-2.2926,-2.8914,-0.028914,False
2023-08-01,EQIX,buy_call,2.113,1,-3.5238,-2.113,-0.02113,False
2023-08-01,GE,buy_call,2.8914,1,0.2667,-2.6248,-0.026248,False
2023-08-01,GILD,skip,0.0,0,0.4465,0.0,0.0,False
2023-08-01,GOOGL,buy_call,2.956,1,2.5994,-0.3565,-0.003565,False
2023-08-01,GS,buy_call,2.0117,1,-7.913,-2.0117,-0.020117,False
2023-08-01,HD,buy_call,3.2974,1,-1.0604,-3.2974,-0.032974,False
2023-08-01,HON,skip,0.0,0,-3.1886,0.0,0.0,False
2023-08-01,HUM,buy_call,1.5965,1,1.0507,-0.5458,-0.005458,False
2023-08-01,IBM,buy_call,2.113,1,1.838,-0.275,-0.00275,False
2023-08-01,INTC,buy_call,4.0597,1,-1.7613,-4.0597,-0.040597,False
2023-08-01,INTU,buy_call,4.0185,1,6.0676,2.049,0.02049,False
2023-08-01,ISRG,skip,0.0,0,-3.6128,0.0,0.0,False
2023-08-01,ITW,buy_call,2.113,1,-6.0649,-2.113,-0.02113,False
2023-08-01,JNJ,buy_call,3.1458,1,-3.4919,-3.1458,-0.031458,False
2023-08-01,JPM,buy_call,2.0117,1,-6.7264,-2.0117,-0.020117,False
2023-08-01,KO,buy_call,1.1119,1,-3.3909,-1.1119,-0.011119,False
2023-08-01,LLY,skip,0.0,0,21.9228,0.0,0.0,False
2023-08-01,LMT,skip,0.0,0,0.4436,0.0,0.0,False
2023-08-01,LOW,buy_call,3.2974,1,-1.1531,-3.2974,-0.032974,False
2023-08-01,LRCX,buy_call,4.0597,1,-2.2394,-4.0597,-0.040597,False
2023-08-01,MA,buy_call,1.6464,1,4.8079,3.1616,0.031616,False
2023-08-01,MCD,skip,0.0,0,-4.1098,0.0,0.0,False
2023-08-01,MDLZ,buy_call,1.2135,1,-3.8716,-1.2135,-0.012135,False
2023-08-01,MDT,buy_call,1.8224,1,-7.1331,-1.8224,-0.018224,False
2023-08-01,META,buy_call,3.2752,1,-7.1281,-3.2752,-0.032752,False
2023-08-01,MRK,skip,0.0,0,2.1847,0.0,0.0,False
2023-08-01,MS,buy_call,2.0117,1,-6.1407,-2.0117,-0.020117,False
2023-08-01,MSFT,skip,0.0,0,-2.4291,0.0,0.0,False
2023-08-01,MU,buy_call,7.7522,1,-1.8467,-7.7522,-0.077522,False
2023-08-01,NEE,skip,0.0,0,-8.8677,0.0,0.0,False
2023-08-01,NFLX,skip,0.0,0,-1.2051,0.0,0.0,False
2023-08-01,NKE,buy_call,2.6198,1,-7.863,-2.6198,-0.026198,False
2023-08-01,NOC,skip,0.0,0,-2.6764,0.0,0.0,False
2023-08-01,NOW,buy_call,3.4314,1,1.0,-2.4314,-0.024314,False
2023-08-01,NVDA,buy_call,7.7522,1,5.6196,-2.1325,-0.021325,False
2023-08-01,ORCL,skip,0.0,0,3.0559,0.0,0.0,False
2023-08-01,PEP,buy_call,1.2135,1,-5.0891,-1.2135,-0.012135,False
2023-08-01,PFE,skip,0.0,0,-0.7926,0.0,0.0,False
2023-08-01,PG,buy_call,0.8259,1,-0.6318,-0.8259,-0.008259,False
2023-08-01,PLD,buy_call,2.113,1,-0.4409,-2.113,-0.02113,False
2023-08-01,PM,buy_call,1.2135,1,-3.6703,-1.2135,-0.012135,False
2023-08-01,QCOM,buy_call,3.5294,1,-13.3464,-3.5294,-0.035294,False
2023-08-01,RTX,skip,0.0,0,-2.1494,0.0,0.0,False
2023-08-01,SBUX,buy_call,1.1119,1,-4.0662,-1.1119,-0.011119,False
2023-08-01,SCHW,buy_call,2.0117,1,-10.5143,-2.0117,-0.020117,False
2023-08-01,SO,buy_call,1.1119,1,-6.3727,-1.1119,-0.011119,False
2023-08-01,SPGI,skip,0.0,0,-0.9252,0.0,0.0,False
2023-08-01,SYK,skip,0.0,0,0.0494,0.0,0.0,False
2023-08-01,T,skip,0.0,0,3.6756,0.0,0.0,False
2023-08-01,TJX,buy_call,2.1198,1,6.8762,4.7565,0.047565,False
2023-08-01,TMO,buy_call,1.9108,1,1.5383,-0.3725,-0.003725,False
2023-08-01,TMUS,skip,0.0,0,-1.1033,0.0,0.0,False
2023-08-01,TXN,skip,0.0,0,-5.9773,0.0,0.0,False
2023-08-01,UNH,buy_call,1.5965,1,-5.883,-1.5965,-0.015965,False
2023-08-01,UNP,buy_call,2.8914,1,-4.9349,-2.8914,-0.028914,False
2023-08-01,UPS,buy_call,2.113,1,-9.4747,-2.113,-0.02113,False
2023-08-01,V,buy_call,1.5115,1,3.3441,1.8326,0.018326,False
2023-08-01,VRTX,buy_call,1.5877,1,-1.1353,-1.5877,-0.015877,False
2023-08-01,VZ,skip,0.0,0,4.4783,0.0,0.0,False
2023-08-01,WFC,buy_call,2.3009,1,-10.5503,-2.3009,-0.023009,False
2023-08-01,WM,skip,0.0,0,-4.2798,0.0,0.0,False
2023-08-01,XOM,skip,0.0,0,3.6833,0.0,0.0,False
2023-08-01,ZTS,buy_call,1.5877,1,1.5094,-0.0783,-0.000783,False
2023-09-01,AAPL,skip,0.0,0,-8.7448,0.0,0.0,True
2023-09-01,ABBV,skip,0.0,0,1.4289,0.0,0.0,True
2023-09-01,ABT,skip,0.0,0,-5.8795,0.0,0.0,True
2023-09-01,ACN,buy_call,2.9626,2,-5.1456,-2.9626,-0.059252,True
2023-09-01,ADBE,buy_call,2.3034,2,-8.839,-2.3034,-0.046068,True
2023-09-01,ADI,skip,0.0,0,-3.6803,0.0,0.0,True
2023-09-01,ADP,buy_call,1.4948,2,-5.5104,-1.4948,-0.029896,True
2023-09-01,AMAT,buy_call,3.124,2,-9.171,-3.124,-0.06248,True
2023-09-01,AMGN,buy_call,2.0821,2,5.6946,3.6125,0.07225,True
2023-09-01,AMT,skip,0.0,0,-9.304,0.0,0.0,True
2023-09-01,AMZN,buy_call,2.5469,2,-7.8907,-2.5469,-0.050938,True
2023-09-01,AVGO,buy_call,3.124,2,-10.0023,-3.124,-0.06248,True
2023-09-01,AXP,skip,0.0,0,-5.57,0.0,0.0,True
2023-09-01,BAC,skip,0.0,0,-3.7036,0.0,0.0,True
2023-09-01,BDX,buy_call,1.7401,2,-7.4861,-1.7401,-0.034802,True
2023-09-01,BKNG,buy_call,3.0,2,-0.6789,-3.0,-0.06,True
2023-09-01,BLK,skip,0.0,0,-7.7155,0.0,0.0,True
2023-09-01,BMY,buy_call,2.0821,2,-5.8556,-2.0821,-0.041642,True
2023-09-01,BRK-B,buy_call,1.231,2,-2.7485,-1.231,-0.02462,True
2023-09-01,BSX,buy_call,1.7401,2,-2.1135,-1.7401,-0.034802,True
2023-09-01,CAT,buy_call,2.1655,2,-2.8919,-2.1655,-0.04331,True
2023-09-01,CB,skip,0.0,0,3.6392,0.0,0.0,True
2023-09-01,CMCSA,buy_call,2.4741,2,-5.1754,-2.4741,-0.049482,True
2023-09-01,COP,buy_call,2.1655,2,1.085,-1.0806,-0.021612,True
2023-09-01,COST,skip,0.0,0,3.049,0.0,0.0,True
2023-09-01,CRM,skip,0.0,0,-8.4349,0.0,0.0,True
2023-09-01,CSCO,buy_call,1.4948,2,-6.2598,-1.4948,-0.029896,True
2023-09-01,CVS,skip,0.0,0,7.1352,0.0,0.0,True
2023-09-01,CVX,skip,0.0,0,5.6738,0.0,0.0,True
2023-09-01,DE,skip,0.0,0,-8.1666,0.0,0.0,True
2023-09-01,DHR,buy_call,1.7401,2,-6.3773,-1.7401,-0.034802,True
2023-09-01,DIS,skip,0.0,0,-3.1429,0.0,0.0,True
2023-09-01,DUK,skip,0.0,0,0.5154,0.0,0.0,True
2023-09-01,EL,skip,0.0,0,-9.5798,0.0,0.0,True
2023-09-01,EOG,skip,0.0,0,-1.4461,0.0,0.0,True
2023-09-01,EQIX,skip,0.0,0,-6.6272,0.0,0.0,True
2023-09-01,GE,buy_call,2.1655,2,-3.416,-2.1655,-0.04331,True
2023-09-01,GILD,buy_call,2.0821,2,-2.0136,-2.0821,-0.041642,True
2023-09-01,GOOGL,buy_call,2.6537,2,-3.8995,-2.6537,-0.053074,True
2023-09-01,GS,skip,0.0,0,-0.44,0.0,0.0,True
2023-09-01,HD,skip,0.0,0,-7.9353,0.0,0.0,True
2023-09-01,HON,skip,0.0,0,-1.1647,0.0,0.0,True
2023-09-01,HUM,buy_call,2.1123,2,5.3918,3.2795,0.06559,True
2023-09-01,IBM,buy_call,1.4948,2,-3.3477,-1.4948,-0.029896,True
2023-09-01,INTC,skip,0.0,0,1.5307,0.0,0.0,True
2023-09-01,INTU,buy_call,2.9476,2,-5.6976,-2.9476,-0.058952,True
2023-09-01,ISRG,skip,0.0,0,-6.521,0.0,0.0,True
2023-09-01,ITW,skip,0.0,0,-6.889,0.0,0.0,True
2023-09-01,JNJ,skip,0.0,0,-2.9683,0.0,0.0,True
2023-09-01,JPM,skip,0.0,0,-0.8953,0.0,0.0,True
2023-09-01,KO,skip,0.0,0,-6.4349,0.0,0.0,True
2023-09-01,LLY,buy_call,1.7263,2,-2.8724,-1.7263,-0.034526,True
2023-09-01,LMT,buy_call,2.1655,2,-8.1766,-2.1655,-0.04331,True
2023-09-01,LOW,skip,0.0,0,-9.823,0.0,0.0,True
2023-09-01,LRCX,skip,0.0,0,-10.7674,0.0,0.0,True
2023-09-01,MA,buy_call,1.5469,2,-4.0544,-1.5469,-0.030938,True
2023-09-01,MCD,skip,0.0,0,-5.7954,0.0,0.0,True
2023-09-01,MDLZ,skip,0.0,0,-2.6102,0.0,0.0,True
2023-09-01,MDT,skip,0.0,0,-3.8528,0.0,0.0,True
2023-09-01,META,skip,0.0,0,1.46,0.0,0.0,True
2023-09-01,MRK,buy_call,3.2307,2,-5.5331,-3.2307,-0.064614,True
2023-09-01,MS,skip,0.0,0,-4.0869,0.0,0.0,True
2023-09-01,MSFT,skip,0.0,0,-3.4603,0.0,0.0,True
2023-09-01,MU,skip,0.0,0,-2.7309,0.0,0.0,True
2023-09-01,NEE,skip,0.0,0,-13.6424,0.0,0.0,True
2023-09-01,NFLX,skip,0.0,0,-12.9312,0.0,0.0,True
2023-09-01,NKE,skip,0.0,0,-5.9876,0.0,0.0,True
2023-09-01,NOC,skip,0.0,0,2.0811,0.0,0.0,True
2023-09-01,NOW,buy_call,4.0949,2,-5.0728,-4.0949,-0.081898,True
2023-09-01,NVDA,buy_call,4.1983,2,-11.8651,-4.1983,-0.083966,True
2023-09-01,ORCL,buy_call,2.5942,2,-12.0193,-2.5942,-0.051884,True
2023-09-01,PEP,skip,0.0,0,-4.0962,0.0,0.0,True
2023-09-01,PFE,skip,0.0,0,-6.2465,0.0,0.0,True
2023-09-01,PG,skip,0.0,0,-5.4944,0.0,0.0,True
2023-09-01,PLD,skip,0.0,0,-9.6538,0.0,0.0,True
2023-09-01,PM,skip,0.0,0,-3.6227,0.0,0.0,True
2023-09-01,QCOM,skip,0.0,0,-2.3431,0.0,0.0,True
2023-09-01,RTX,skip,0.0,0,-15.7691,0.0,0.0,True
2023-09-01,SBUX,skip,0.0,0,-5.8326,0.0,0.0,True
2023-09-01,SCHW,skip,0.0,0,-6.8284,0.0,0.0,True
2023-09-01,SO,skip,0.0,0,-3.4539,0.0,0.0,True
2023-09-01,SPGI,skip,0.0,0,-6.2934,0.0,0.0,True
2023-09-01,SYK,buy_call,1.7401,2,-3.6254,-1.7401,-0.034802,True
2023-09-01,T,buy_call,2.4741,2,1.5551,-0.9191,-0.018382,True
2023-09-01,TJX,buy_call,0.834,2,-3.5217,-0.834,-0.01668,True
2023-09-01,TMO,buy_call,2.8279,2,-9.142,-2.8279,-0.056558,True
2023-09-01,TMUS,skip,0.0,0,2.789,0.0,0.0,True
2023-09-01,TXN,skip,0.0,0,-5.385,0.0,0.0,True
2023-09-01,UNH,skip,0.0,0,5.7934,0.0,0.0,True
2023-09-01,UNP,skip,0.0,0,-7.1398,0.0,0.0,True
2023-09-01,UPS,skip,0.0,0,-7.1531,0.0,0.0,True
2023-09-01,V,buy_call,1.8655,2,-6.2022,-1.8655,-0.03731,True
2023-09-01,VRTX,skip,0.0,0,-0.1722,0.0,0.0,True
2023-09-01,VZ,buy_call,2.4741,2,-7.3471,-2.4741,-0.049482,True
2023-09-01,WFC,skip,0.0,0,-0.2674,0.0,0.0,True
2023-09-01,WM,skip,0.0,0,-2.7682,0.0,0.0,True
2023-09-01,XOM,buy_call,2.1655,2,6.6138,4.4483,0.088966,True
2023-09-01,ZTS,buy_call,2.0821,2,-8.6767,-2.0821,-0.041642,True
2023-10-01,AAPL,skip,0.0,0,-0.257,0.0,0.0,True
2023-10-01,ABBV,buy_call,1.3244,12,-5.2865,-1.3244,-0.158928,True
2023-10-01,ABT,skip,0.0,0,-2.3748,0.0,0.0,True
2023-10-01,ACN,skip,0.0,0,-3.2627,0.0,0.0,True
2023-10-01,ADBE,skip,0.0,0,4.346,0.0,0.0,True
2023-10-01,ADI,skip,0.0,0,-9.7162,0.0,0.0,True
2023-10-01,ADP,skip,0.0,0,-8.8403,0.0,0.0,True
2023-10-01,AMAT,skip,0.0,0,-4.4059,0.0,0.0,True
2023-10-01,AMGN,buy_call,1.3244,12,-4.8594,-1.3244,-0.158928,True
2023-10-01,AMT,skip,0.0,0,8.3551,0.0,0.0,True
2023-10-01,AMZN,skip,0.0,0,4.6963,0.0,0.0,True
2023-10-01,AVGO,skip,0.0,0,1.8508,0.0,0.0,True
2023-10-01,AXP,skip,0.0,0,-2.1181,0.0,0.0,True
2023-10-01,BAC,skip,0.0,0,-3.7984,0.0,0.0,True
2023-10-01,BDX,skip,0.0,0,-1.8893,0.0,0.0,True
2023-10-01,BKNG,skip,0.0,0,-9.5459,0.0,0.0,True
2023-10-01,BLK,skip,0.0,0,-4.6045,0.0,0.0,True
2023-10-01,BMY,skip,0.0,0,-11.2164,0.0,0.0,True
2023-10-01,BRK-B,skip,0.0,0,-2.5607,0.0,0.0,True
2023-10-01,BSX,skip,0.0,0,-3.0492,0.0,0.0,True
2023-10-01,CAT,skip,0.0,0,-17.1978,0.0,0.0,True
2023-10-01,CB,buy_call,2.232,12,3.5177,1.2857,0.154284,True
2023-10-01,CMCSA,skip,0.0,0,-6.8787,0.0,0.0,True
2023-10-01,COP,buy_call,3.3049,12,-0.337,-3.3049,-0.396588,True
2023-10-01,COST,buy_call,2.0923,12,-2.2161,-2.0923,-0.251076,True
2023-10-01,CRM,skip,0.0,0,-0.9616,0.0,0.0,True
2023-10-01,CSCO,skip,0.0,0,-3.032,0.0,0.0,True
2023-10-01,CVS,buy_call,1.8748,12,-1.1601,-1.8748,-0.224976,True
2023-10-01,CVX,buy_call,2.7353,12,-13.5749,-2.7353,-0.328236,True
2023-10-01,DE,skip,0.0,0,-2.8439,0.0,0.0,True
2023-10-01,DHR,skip,0.0,0,-12.6971,0.0,0.0,True
2023-10-01,DIS,skip,0.0,0,0.6662,0.0,0.0,True
2023-10-01,DUK,buy_call,1.558,12,0.7138,-0.8442,-0.101304,True
2023-10-01,EL,skip,0.0,0,-10.8475,0.0,0.0,True
2023-10-01,EOG,skip,0.0,0,-0.4024,0.0,0.0,True
2023-10-01,EQIX,skip,0.0,0,0.4654,0.0,0.0,True
2023-10-01,GE,skip,0.0,0,-1.6661,0.0,0.0,True
2023-10-01,GILD,skip,0.0,0,5.8305,0.0,0.0,True
2023-10-01,GOOGL,skip,0.0,0,-5.1811,0.0,0.0,True
2023-10-01,GS,skip,0.0,0,-6.1687,0.0,0.0,True
2023-10-01,HD,skip,0.0,0,-5.7817,0.0,0.0,True
2023-10-01,HON,skip,0.0,0,-0.8011,0.0,0.0,True
2023-10-01,HUM,buy_call,1.8748,12,7.8333,5.9586,0.715032,True
2023-10-01,IBM,skip,0.0,0,3.0934,0.0,0.0,True
2023-10-01,INTC,buy_call,3.9092,12,2.6723,-1.2369,-0.148428,True
2023-10-01,INTU,skip,0.0,0,-3.1295,0.0,0.0,True
2023-10-01,ISRG,skip,0.0,0,-10.2877,0.0,0.0,True
2023-10-01,ITW,skip,0.0,0,-2.0979,0.0,0.0,True
2023-10-01,JNJ,skip,0.0,0,-4.7576,0.0,0.0,True
2023-10-01,JPM,skip,0.0,0,-4.1098,0.0,0.0,True
2023-10-01,KO,skip,0.0,0,1.7117,0.0,0.0,True
2023-10-01,LLY,skip,0.0,0,3.1277,0.0,0.0,True
2023-10-01,LMT,skip,0.0,0,11.1698,0.0,0.0,True
2023-10-01,LOW,skip,0.0,0,-8.3093,0.0,0.0,True
2023-10-01,LRCX,skip,0.0,0,-5.8669,0.0,0.0,True
2023-10-01,MA,skip,0.0,0,-4.9405,0.0,0.0,True
2023-10-01,MCD,skip,0.0,0,-0.4821,0.0,0.0,True
2023-10-01,MDLZ,skip,0.0,0,-4.0137,0.0,0.0,True
2023-10-01,MDT,skip,0.0,0,-9.185,0.0,0.0,True
2023-10-01,META,buy_call,4.1215,12,0.3531,-3.7684,-0.452208,True
2023-10-01,MRK,skip,0.0,0,0.4373,0.0,0.0,True
2023-10-01,MS,skip,0.0,0,-13.2852,0.0,0.0,True
2023-10-01,MSFT,skip,0.0,0,7.0815,0.0,0.0,True
2023-10-01,MU,skip,0.0,0,-1.7051,0.0,0.0,True
2023-10-01,NEE,skip,0.0,0,1.7629,0.0,0.0,True
2023-10-01,NFLX,skip,0.0,0,9.0281,0.0,0.0,True
2023-10-01,NKE,skip,0.0,0,7.838,0.0,0.0,True
2023-10-01,NOC,buy_call,3.3049,12,7.097,3.7921,0.455052,True
2023-10-01,NOW,skip,0.0,0,4.0951,0.0,0.0,True
2023-10-01,NVDA,skip,0.0,0,-6.243,0.0,0.0,True
2023-10-01,ORCL,skip,0.0,0,-2.3791,0.0,0.0,True
2023-10-01,PEP,skip,0.0,0,-3.6355,0.0,0.0,True
2023-10-01,PFE,skip,0.0,0,-7.8686,0.0,0.0,True
2023-10-01,PG,skip,0.0,0,2.8589,0.0,0.0,True
2023-10-01,PLD,skip,0.0,0,-9.5803,0.0,0.0,True
2023-10-01,PM,skip,0.0,0,-2.3394,0.0,0.0,True
2023-10-01,QCOM,skip,0.0,0,-1.8639,0.0,0.0,True
2023-10-01,RTX,skip,0.0,0,13.0888,0.0,0.0,True
2023-10-01,SBUX,skip,0.0,0,1.0628,0.0,0.0,True
2023-10-01,SCHW,skip,0.0,0,-5.2095,0.0,0.0,True
2023-10-01,SO,skip,0.0,0,3.9864,0.0,0.0,True
2023-10-01,SPGI,skip,0.0,0,-4.406,0.0,0.0,True
2023-10-01,SYK,skip,0.0,0,-0.8371,0.0,0.0,True
2023-10-01,T,buy_call,1.6554,12,2.5299,0.8746,0.104952,True
2023-10-01,TJX,skip,0.0,0,-0.9113,0.0,0.0,True
2023-10-01,TMO,skip,0.0,0,-12.0701,0.0,0.0,True
2023-10-01,TMUS,buy_call,1.6554,12,2.7204,1.0651,0.127812,True
2023-10-01,TXN,skip,0.0,0,-10.6912,0.0,0.0,True
2023-10-01,UNH,buy_call,1.8748,12,6.6354,4.7606,0.571272,True
2023-10-01,UNP,skip,0.0,0,1.9545,0.0,0.0,True
2023-10-01,UPS,skip,0.0,0,-9.3796,0.0,0.0,True
2023-10-01,V,skip,0.0,0,2.2129,0.0,0.0,True
2023-10-01,VRTX,skip,0.0,0,4.1324,0.0,0.0,True
2023-10-01,VZ,skip,0.0,0,8.3925,0.0,0.0,True
2023-10-01,WFC,skip,0.0,0,-2.6676,0.0,0.0,True
2023-10-01,WM,skip,0.0,0,8.2858,0.0,0.0,True
2023-10-01,XOM,buy_call,3.3049,12,-9.9762,-3.3049,-0.396588,True
2023-10-01,ZTS,skip,0.0,0,-9.7597,0.0,0.0,True
2023-11-01,AAPL,skip,0.0,0,11.2315,0.0,0.0,True
2023-11-01,ABBV,skip,0.0,0,1.8666,0.0,0.0,True
2023-11-01,ABT,skip,0.0,0,10.912,0.0,0.0,True
2023-11-01,ACN,skip,0.0,0,12.5994,0.0,0.0,True
2023-11-01,ADBE,buy_call,2.0167,8,14.8386,12.8218,1.025744,True
2023-11-01,ADI,skip,0.0,0,16.5576,0.0,0.0,True
2023-11-01,ADP,skip,0.0,0,5.3616,0.0,0.0,True
2023-11-01,AMAT,skip,0.0,0,13.1696,0.0,0.0,True
2023-11-01,AMGN,skip,0.0,0,5.4517,0.0,0.0,True
2023-11-01,AMT,buy_call,0.9858,8,18.3504,17.3646,1.389168,True
2023-11-01,AMZN,buy_call,2.6684,8,9.7678,7.0994,0.567952,True
2023-11-01,AVGO,buy_call,3.5233,8,10.0265,6.5032,0.520256,True
2023-11-01,AXP,skip,0.0,0,17.4222,0.0,0.0,True
2023-11-01,BAC,skip,0.0,0,15.7555,0.0,0.0,True
2023-11-01,BDX,skip,0.0,0,-6.567,0.0,0.0,True
2023-11-01,BKNG,skip,0.0,0,12.0499,0.0,0.0,True
2023-11-01,BLK,skip,0.0,0,22.6939,0.0,0.0,True
2023-11-01,BMY,skip,0.0,0,-3.1997,0.0,0.0,True
2023-11-01,BRK-B,skip,0.0,0,5.4698,0.0,0.0,True
2023-11-01,BSX,skip,0.0,0,9.1815,0.0,0.0,True
2023-11-01,CAT,skip,0.0,0,11.4866,0.0,0.0,True
2023-11-01,CB,buy_call,1.4241,8,6.9006,5.4764,0.438112,True
2023-11-01,CMCSA,skip,0.0,0,2.1188,0.0,0.0,True
2023-11-01,COP,skip,0.0,0,-2.7189,0.0,0.0,True
2023-11-01,COST,skip,0.0,0,7.2949,0.0,0.0,True
2023-11-01,CRM,skip,0.0,0,25.4294,0.0,0.0,True
2023-11-01,CSCO,skip,0.0,0,-6.5233,0.0,0.0,True
2023-11-01,CVS,skip,0.0,0,-0.6909,0.0,0.0,True
2023-11-01,CVX,skip,0.0,0,-1.4616,0.0,0.0,True
2023-11-01,DE,skip,0.0,0,-0.26,0.0,0.0,True
2023-11-01,DHR,skip,0.0,0,16.4389,0.0,0.0,True
2023-11-01,DIS,buy_call,2.0427,8,13.6046,11.562,0.92496,True
2023-11-01,DUK,buy_call,1.1639,8,3.8137,2.6498,0.211984,True
2023-11-01,EL,skip,0.0,0,-0.9156,0.0,0.0,True
2023-11-01,EOG,skip,0.0,0,-1.9142,0.0,0.0,True
2023-11-01,EQIX,buy_call,0.9858,8,11.7003,10.7145,0.85716,True
2023-11-01,GE,skip,0.0,0,12.1237,0.0,0.0,True
2023-11-01,GILD,buy_call,1.8946,8,-2.4701,-1.8946,-0.151568,True
2023-11-01,GOOGL,skip,0.0,0,6.8101,0.0,0.0,True
2023-11-01,GS,skip,0.0,0,12.493,0.0,0.0,True
2023-11-01,HD,skip,0.0,0,10.1162,0.0,0.0,True
2023-11-01,HON,skip,0.0,0,6.9082,0.0,0.0,True
2023-11-01,HUM,buy_call,1.4901,8,-7.4147,-1.4901,-0.119208,True
2023-11-01,IBM,buy_call,0.9858,8,9.6239,8.6381,0.691048,True
2023-11-01,INTC,buy_call,3.5233,8,22.4658,18.9425,1.5154,True
2023-11-01,INTU,skip,0.0,0,15.6593,0.0,0.0,True
2023-11-01,ISRG,skip,0.0,0,18.5417,0.0,0.0,True
2023-11-01,ITW,skip,0.0,0,8.0716,0.0,0.0,True
2023-11-01,JNJ,skip,0.0,0,4.2605,0.0,0.0,True
2023-11-01,JPM,skip,0.0,0,13.0675,0.0,0.0,True
2023-11-01,KO,buy_call,1.1639,8,3.4519,2.2881,0.183048,True
2023-11-01,LLY,buy_call,2.2366,8,6.6994,4.4628,0.357024,True
2023-11-01,LMT,buy_call,2.514,8,-1.5111,-2.514,-0.20112,True
2023-11-01,LOW,skip,0.0,0,4.9472,0.0,0.0,True
2023-11-01,LRCX,skip,0.0,0,21.7096,0.0,0.0,True
2023-11-01,MA,skip,0.0,0,10.1182,0.0,0.0,True
2023-11-01,MCD,skip,0.0,0,7.5027,0.0,0.0,True
2023-11-01,MDLZ,skip,0.0,0,7.3252,0.0,0.0,True
2023-11-01,MDT,skip,0.0,0,12.3441,0.0,0.0,True
2023-11-01,META,buy_call,2.5491,8,8.5903,6.0412,0.483296,True
2023-11-01,MRK,buy_call,2.1083,8,-0.2142,-2.1083,-0.168664,True
2023-11-01,MS,skip,0.0,0,13.3997,0.0,0.0,True
2023-11-01,MSFT,buy_call,2.0167,8,12.0671,10.0503,0.804024,True
2023-11-01,MU,skip,0.0,0,14.0227,0.0,0.0,True
2023-11-01,NEE,buy_call,1.1639,8,0.3602,-0.8037,-0.064296,True
2023-11-01,NFLX,buy_call,2.5244,8,15.1279,12.6035,1.00828,True
2023-11-01,NKE,buy_call,3.7014,8,7.2979,3.5965,0.28772,True
2023-11-01,NOC,buy_call,2.514,8,0.7912,-1.7228,-0.137824,True
2023-11-01,NOW,buy_call,2.2951,8,17.8551,15.56,1.2448,True
2023-11-01,NVDA,skip,0.0,0,14.6886,0.0,0.0,True
2023-11-01,ORCL,skip,0.0,0,12.8,0.0,0.0,True
2023-11-01,PEP,skip,0.0,0,3.0683,0.0,0.0,True
2023-11-01,PFE,skip,0.0,0,-0.2945,0.0,0.0,True
2023-11-01,PG,buy_call,0.8926,8,2.9721,2.0794,0.166352,True
2023-11-01,PLD,skip,0.0,0,14.0744,0.0,0.0,True
2023-11-01,PM,skip,0.0,0,4.7106,0.0,0.0,True
2023-11-01,QCOM,skip,0.0,0,18.4054,0.0,0.0,True
2023-11-01,RTX,buy_call,2.514,8,0.1106,-2.4034,-0.192272,True
2023-11-01,SBUX,buy_call,1.1639,8,7.6539,6.4901,0.519208,True
2023-11-01,SCHW,skip,0.0,0,17.8324,0.0,0.0,True
2023-11-01,SO,buy_call,1.1639,8,5.4681,4.3042,0.344336,True
2023-11-01,SPGI,skip,0.0,0,19.0433,0.0,0.0,True
2023-11-01,SYK,skip,0.0,0,9.6625,0.0,0.0,True
2023-11-01,T,buy_call,2.0527,8,9.6529,7.6002,0.608016,True
2023-11-01,TJX,skip,0.0,0,0.0454,0.0,0.0,True
2023-11-01,TMO,skip,0.0,0,11.4644,0.0,0.0,True
2023-11-01,TMUS,buy_call,2.0527,8,4.5809,2.5281,0.202248,True
2023-11-01,TXN,skip,0.0,0,8.5204,0.0,0.0,True
2023-11-01,UNH,buy_call,1.4901,8,3.2508,1.7607,0.140856,True
2023-11-01,UNP,buy_call,2.514,8,8.5063,5.9923,0.479384,True
2023-11-01,UPS,skip,0.0,0,7.3345,0.0,0.0,True
2023-11-01,V,buy_call,1.6446,8,9.1791,7.5345,0.60276,True
2023-11-01,VRTX,buy_call,1.8946,8,-2.016,-1.8946,-0.151568,True
2023-11-01,VZ,buy_call,2.0527,8,11.4379,9.3852,0.750816,True
2023-11-01,WFC,skip,0.0,0,12.1197,0.0,0.0,True
2023-11-01,WM,buy_call,3.0,8,4.0528,1.0528,0.084224,True
2023-11-01,XOM,skip,0.0,0,-2.9381,0.0,0.0,True
2023-11-01,ZTS,skip,0.0,0,12.7981,0.0,0.0,True
2023-12-01,AAPL,buy_call,1.4876,1,1.4918,0.0042,4.2e-05,False
2023-12-01,ABBV,buy_call,2.3235,1,8.8349,6.5114,0.065114,False
2023-12-01,ABT,buy_call,2.0188,1,5.5422,3.5234,0.035234,False
2023-12-01,ACN,buy_call,2.2054,1,5.3341,3.1287,0.031287,False
2023-12-01,ADBE,buy_call,2.0402,1,-2.3584,-2.0402,-0.020402,False
2023-12-01,ADI,buy_call,2.7567,1,8.2779,5.5212,0.055212,False
2023-12-01,ADP,buy_call,1.624,1,1.3265,-0.2975,-0.002975,False
2023-12-01,AMAT,buy_call,2.7567,1,8.4379,5.6812,0.056812,False
2023-12-01,AMGN,buy_call,2.3235,1,7.6564,5.3329,0.053329,False
2023-12-01,AMT,buy_call,1.624,1,3.4007,1.7767,0.017767,False
2023-12-01,AMZN,buy_call,2.2459,1,4.0044,1.7584,0.017584,False
2023-12-01,AVGO,buy_call,2.7567,1,20.5805,17.8239,0.178239,False
2023-12-01,AXP,buy_call,1.7341,1,9.7031,7.969,0.07969,False
2023-12-01,BAC,buy_call,2.923,1,11.311,8.3881,0.083881,False
2023-12-01,BDX,skip,0.0,0,3.239,0.0,0.0,False
2023-12-01,BKNG,buy_call,3.0,1,13.4856,10.4856,0.104856,False
2023-12-01,BLK,buy_call,2.2857,1,8.0628,5.7771,0.057771,False
2023-12-01,BMY,skip,0.0,0,3.9085,0.0,0.0,False
2023-12-01,BRK-B,buy_call,1.1553,1,-0.9278,-1.1553,-0.011553,False
2023-12-01,BSX,buy_call,2.0188,1,3.4353,1.4165,0.014165,False
2023-12-01,CAT,buy_call,2.3617,1,17.9284,15.5666,0.155666,False
2023-12-01,CB,buy_call,2.2857,1,-1.495,-2.2857,-0.022857,False
2023-12-01,CMCSA,buy_call,2.5714,1,4.6789,2.1075,0.021075,False
2023-12-01,COP,skip,0.0,0,0.939,0.0,0.0,False
2023-12-01,COST,buy_call,1.6081,1,11.5652,9.9571,0.099571,False
2023-12-01,CRM,buy_call,2.3751,1,4.4621,2.0871,0.020871,False
2023-12-01,CSCO,skip,0.0,0,4.4233,0.0,0.0,False
2023-12-01,CVS,skip,0.0,0,16.2031,0.0,0.0,False
2023-12-01,CVX,skip,0.0,0,4.9607,0.0,0.0,False
2023-12-01,DE,skip,0.0,0,9.7308,0.0,0.0,False
2023-12-01,DHR,buy_call,2.0188,1,3.5959,1.5771,0.015771,False
2023-12-01,DIS,buy_call,3.3259,1,-2.5893,-3.3259,-0.033259,False
2023-12-01,DUK,buy_call,1.1817,1,6.375,5.1933,0.051933,False
2023-12-01,EL,skip,0.0,0,15.1381,0.0,0.0,False
2023-12-01,EOG,skip,0.0,0,-1.7226,0.0,0.0,False
2023-12-01,EQIX,buy_call,1.624,1,-0.6252,-1.624,-0.01624,False
2023-12-01,GE,buy_call,2.3617,1,4.7865,2.4248,0.024248,False
2023-12-01,GILD,skip,0.0,0,5.7572,0.0,0.0,False
2023-12-01,GOOGL,buy_call,2.6534,1,5.4026,2.7492,0.027492,False
2023-12-01,GS,buy_call,2.2857,1,13.8776,11.5919,0.115919,False
2023-12-01,HD,buy_call,1.5934,1,11.2881,9.6947,0.096947,False
2023-12-01,HON,buy_call,1.624,1,7.6684,6.0444,0.060444,False
2023-12-01,HUM,skip,0.0,0,-5.5789,0.0,0.0,False
2023-12-01,IBM,buy_call,1.624,1,4.3169,2.6929,0.026929,False
2023-12-01,INTC,buy_call,2.7567,1,12.7857,10.0291,0.100291,False
2023-12-01,INTU,buy_call,3.5689,1,9.3742,5.8053,0.058053,False
2023-12-01,ISRG,buy_call,2.0188,1,8.5317,6.5129,0.065129,False
2023-12-01,ITW,buy_call,1.624,1,8.1458,6.5218,0.065218,False
2023-12-01,JNJ,buy_call,1.3828,1,2.1565,0.7737,0.007737,False
2023-12-01,JPM,buy_call,2.2857,1,8.9826,6.6969,0.066969,False
2023-12-01,KO,buy_call,1.1817,1,1.6414,0.4597,0.004597,False
2023-12-01,LLY,buy_call,3.1107,1,-1.1916,-3.1107,-0.031107,False
2023-12-01,LMT,skip,0.0,0,1.9432,0.0,0.0,False
2023-12-01,LOW,buy_call,1.5934,1,11.9298,10.3364,0.103364,False
2023-12-01,LRCX,buy_call,2.7567,1,9.4061,6.6494,0.066494,False
2023-12-01,MA,buy_call,1.7341,1,3.0641,1.33,0.0133,False
2023-12-01,MCD,buy_call,1.1817,1,5.8355,4.6538,0.046538,False
2023-12-01,MDLZ,buy_call,1.5397,1,1.928,0.3883,0.003883,False
2023-12-01,MDT,buy_call,2.0188,1,3.9233,1.9045,0.019045,False
2023-12-01,META,buy_call,2.6777,1,8.195,5.5173,0.055173,False
2023-12-01,MRK,skip,0.0,0,6.3817,0.0,0.0,False
2023-12-01,MS,buy_call,2.2857,1,17.5321,15.2464,0.152464,False
2023-12-01,MSFT,buy_call,2.0402,1,-0.556,-2.0402,-0.020402,False
2023-12-01,MU,buy_call,3.4777,1,12.1124,8.6347,0.086347,False
2023-12-01,NEE,buy_call,1.1817,1,4.6561,3.4744,0.034744,False
2023-12-01,NFLX,buy_call,2.8844,1,2.7238,-0.1606,-0.001606,False
2023-12-01,NKE,buy_call,2.2182,1,-1.5417,-2.2182,-0.022182,False
2023-12-01,NOC,buy_call,2.3617,1,-1.0851,-2.3617,-0.023617,False
2023-12-01,NOW,buy_call,2.7279,1,3.0259,0.298,0.00298,False
2023-12-01,NVDA,buy_call,3.4777,1,5.8841,2.4064,0.024064,False
2023-12-01,ORCL,buy_call,2.2857,1,-9.2763,-2.2857,-0.022857,False
2023-12-01,PEP,buy_call,1.5397,1,1.6906,0.1509,0.001509,False
2023-12-01,PFE,skip,0.0,0,-4.2397,0.0,0.0,False
2023-12-01,PG,buy_call,1.5788,1,-4.5467,-1.5788,-0.015788,False
2023-12-01,PLD,buy_call,1.624,1,15.9837,14.3597,0.143597,False
2023-12-01,PM,buy_call,1.5397,1,0.7712,-0.7685,-0.007685,False
2023-12-01,QCOM,buy_call,2.1863,1,12.7856,10.5993,0.105993,False
2023-12-01,RTX,buy_call,2.3617,1,4.0258,1.664,0.01664,False
2023-12-01,SBUX,buy_call,1.1817,1,-2.7819,-1.1817,-0.011817,False
2023-12-01,SCHW,buy_call,2.2857,1,12.7116,10.4258,0.104258,False
2023-12-01,SO,buy_call,1.1817,1,-0.2176,-1.1817,-0.011817,False
2023-12-01,SPGI,buy_call,2.2857,1,6.1677,3.882,0.03882,False
2023-12-01,SYK,buy_call,2.0188,1,1.0562,-0.9626,-0.009626,False
2023-12-01,T,buy_call,2.5714,1,1.2674,-1.3041,-0.013041,False
2023-12-01,TJX,buy_call,1.6875,1,6.8612,5.1737,0.051737,False
2023-12-01,TMO,buy_call,2.508,1,7.0659,4.5579,0.045579,False
2023-12-01,TMUS,buy_call,2.5714,1,7.0322,4.4607,0.044607,False
2023-12-01,TXN,buy_call,2.7567,1,11.6233,8.8667,0.088667,False
2023-12-01,UNH,buy_call,2.0955,1,-4.7923,-2.0955,-0.020955,False
2023-12-01,UNP,buy_call,2.3617,1,9.0336,6.6718,0.066718,False
2023-12-01,UPS,buy_call,1.624,1,4.9214,3.2974,0.032974,False
2023-12-01,V,buy_call,1.1582,1,1.6457,0.4875,0.004875,False
2023-12-01,VRTX,skip,0.0,0,14.6783,0.0,0.0,False
2023-12-01,VZ,buy_call,2.5714,1,-1.6436,-2.5714,-0.025714,False
2023-12-01,WFC,buy_call,2.5306,1,11.3676,8.8369,0.088369,False
2023-12-01,WM,buy_call,3.0,1,5.1767,2.1767,0.021767,False
2023-12-01,XOM,skip,0.0,0,-1.7965,0.0,0.0,False
2023-12-01,ZTS,buy_call,2.3235,1,11.7168,9.3933,0.093933,False
2024-01-01,AAPL,buy_call,2.7851,1,-4.2227,-2.7851,-0.027851,False
2024-01-01,ABBV,buy_call,2.2855,1,6.085,3.7995,0.037995,False
2024-01-01,ABNB,buy_call,3.0,1,5.8763,2.8763,0.028763,False
2024-01-01,ABT,buy_call,1.9862,1,2.7982,0.8121,0.008121,False
2024-01-01,ACN,buy_call,1.3617,1,3.6961,2.3344,0.023344,False
2024-01-01,ADBE,skip,0.0,0,3.5501,0.0,0.0,False
2024-01-01,ADI,buy_call,3.1413,1,-2.666,-3.1413,-0.031413,False
2024-01-01,ADP,buy_call,2.9682,1,6.1381,3.1698,0.031698,False
2024-01-01,AMAT,buy_call,3.1413,1,1.3759,-1.7654,-0.017654,False
2024-01-01,AMD,buy_call,3.7024,1,13.7575,10.0552,0.100552,False
2024-01-01,AMGN,buy_call,2.2855,1,9.1105,6.825,0.06825,False
2024-01-01,AMZN,buy_call,4.1517,1,2.1456,-2.0061,-0.020061,False
2024-01-01,ANET,buy_call,3.0,1,9.8382,6.8382,0.068382,False
2024-01-01,AVGO,buy_call,3.1413,1,6.1972,3.0558,0.030558,False
2024-01-01,AXP,buy_call,2.2103,1,7.1528,4.9424,0.049424,False
2024-01-01,BA,buy_call,3.0,1,-19.0363,-3.0,-0.03,False
2024-01-01,BAC,buy_call,2.3226,1,1.0098,-1.3128,-0.013128,False
2024-01-01,BKNG,buy_call,3.0,1,-1.1206,-3.0,-0.03,False
2024-01-01,BLK,buy_call,1.5872,1,-3.9817,-1.5872,-0.015872,False
2024-01-01,BMY,buy_call,2.2855,1,-4.7554,-2.2855,-0.022855,False
2024-01-01,BRK-B,skip,0.0,0,7.5927,0.0,0.0,False
2024-01-01,BSX,buy_call,1.9862,1,9.4274,7.4413,0.074413,False
2024-01-01,CAT,buy_call,3.1791,1,1.5693,-1.6098,-0.016098,False
2024-01-01,CMCSA,buy_call,3.1444,1,6.1345,2.9901,0.029901,False
2024-01-01,CMG,buy_call,3.0,1,5.3263,2.3263,0.023263,False
2024-01-01,COST,buy_call,1.9884,1,7.666,5.6776,0.056776,False
2024-01-01,CRM,buy_call,2.3658,1,6.8215,4.4557,0.044557,False
2024-01-01,CSCO,buy_call,2.9682,1,-0.673,-2.9682,-0.029682,False
2024-01-01,CVS,buy_call,1.8948,1,-5.8131,-1.8948,-0.018948,False
2024-01-01,CVX,buy_call,2.9484,1,-1.1598,-2.9484,-0.029484,False
2024-01-01,DE,buy_call,3.1791,1,-1.2114,-3.1791,-0.031791,False
2024-01-01,DHR,buy_call,1.9862,1,3.8115,1.8253,0.018253,False
2024-01-01,DUK,buy_call,1.8493,1,-1.2469,-1.8493,-0.018493,False
2024-01-01,ELV,skip,0.0,0,4.9615,0.0,0.0,False
2024-01-01,EQIX,skip,0.0,0,3.0271,0.0,0.0,False
2024-01-01,ETN,buy_call,3.1791,1,2.1842,-0.9949,-0.009949,False
2024-01-01,GE,buy_call,3.1791,1,3.8182,0.6391,0.006391,False
2024-01-01,GILD,buy_call,2.2855,1,-2.5147,-2.2855,-0.022855,False
2024-01-01,GOOGL,buy_call,2.9813,1,0.2935,-2.6878,-0.026878,False
2024-01-01,GS,buy_call,1.5872,1,-0.4562,-1.5872,-0.015872,False
2024-01-01,HD,buy_call,1.7864,1,1.8497,0.0632,0.000632,False
2024-01-01,HON,buy_call,2.9682,1,-3.5525,-2.9682,-0.029682,False
2024-01-01,IBM,buy_call,2.9682,1,12.2959,9.3277,0.093277,False
2024-01-01,ICE,buy_call,3.0,1,-0.5021,-3.0,-0.03,False
2024-01-01,INTC,buy_call,3.1413,1,-14.2686,-3.1413,-0.031413,False
2024-01-01,INTU,buy_call,2.4833,1,1.0079,-1.4754,-0.014754,False
2024-01-01,ISRG,buy_call,1.9862,1,12.1117,10.1255,0.101255,False
2024-01-01,JNJ,buy_call,2.0607,1,1.3781,-0.6826,-0.006826,False
2024-01-01,JPM,buy_call,1.5872,1,2.5044,0.9172,0.009172,False
2024-01-01,KLAC,buy_call,3.1413,1,2.1916,-0.9497,-0.009497,False
2024-01-01,KO,buy_call,1.8493,1,0.9503,-0.899,-0.00899,False
2024-01-01,LLY,skip,0.0,0,10.7545,0.0,0.0,False
2024-01-01,LMT,buy_call,3.1791,1,-5.2577,-3.1791,-0.031791,False
2024-01-01,LOW,buy_call,1.7864,1,-4.3631,-1.7864,-0.017864,False
2024-01-01,LRCX,buy_call,3.1413,1,5.6379,2.4966,0.024966,False
2024-01-01,MA,buy_call,2.2103,1,5.327,3.1166,0.031166,False
2024-01-01,MCD,buy_call,1.8493,1,-1.2782,-1.8493,-0.018493,False
2024-01-01,MCK,skip,0.0,0,7.9723,0.0,0.0,False
2024-01-01,MDLZ,buy_call,1.8708,1,4.5363,2.6655,0.026655,False
2024-01-01,MDT,buy_call,1.9862,1,7.1538,5.1677,0.051677,False
2024-01-01,META,buy_call,4.7242,1,10.2215,5.4973,0.054973,False
2024-01-01,MRK,buy_call,1.7634,1,11.5892,9.8258,0.098258,False
2024-01-01,MS,buy_call,1.5872,1,-6.445,-1.5872,-0.015872,False
2024-01-01,MSFT,skip,0.0,0,5.7281,0.0,0.0,False
2024-01-01,MU,buy_call,3.7024,1,0.615,-3.0874,-0.030874,False
2024-01-01,NEE,buy_call,1.8493,1,-3.4738,-1.8493,-0.018493,False
2024-01-01,NFLX,buy_call,5.0274,1,15.8622,10.8348,0.108348,False
2024-01-01,NKE,skip,0.0,0,-6.1695,0.0,0.0,False
2024-01-01,NOW,buy_call,3.373,1,8.3384,4.9654,0.049654,False
2024-01-01,NVDA,buy_call,3.7024,1,24.2527,20.5503,0.205503,False
2024-01-01,ORCL,skip,0.0,0,5.9471,0.0,0.0,False
2024-01-01,PANW,skip,0.0,0,14.7959,0.0,0.0,False
2024-01-01,PEP,buy_call,1.8708,1,-0.7713,-1.8708,-0.018708,False
2024-01-01,PG,skip,0.0,0,7.2335,0.0,0.0,False
2024-01-01,PGR,skip,0.0,0,11.9099,0.0,0.0,False
2024-01-01,PLD,buy_call,2.9682,1,-4.3519,-2.9682,-0.029682,False
2024-01-01,PM,buy_call,1.8708,1,-2.0973,-1.8708,-0.018708,False
2024-01-01,QCOM,buy_call,3.6031,1,2.6827,-0.9204,-0.009204,False
2024-01-01,SBUX,skip,0.0,0,-3.1038,0.0,0.0,False
2024-01-01,SCHW,buy_call,1.5872,1,-8.5465,-1.5872,-0.015872,False
2024-01-01,SO,skip,0.0,0,-0.8557,0.0,0.0,False
2024-01-01,SPGI,buy_call,1.5872,1,1.7774,0.1902,0.001902,False
2024-01-01,SYK,buy_call,1.9862,1,12.3289,10.3427,0.103427,False
2024-01-01,TJX,buy_call,1.4631,1,1.1726,-0.2905,-0.002905,False
2024-01-01,TMO,buy_call,2.4981,1,1.6116,-0.8865,-0.008865,False
2024-01-01,TMUS,buy_call,3.1444,1,0.5613,-2.5831,-0.025831,False
2024-01-01,TSLA,buy_call,6.0828,1,-24.6257,-6.0828,-0.060828,False
2024-01-01,TXN,buy_call,3.1413,1,-6.066,-3.1413,-0.031413,False
2024-01-01,UBER,buy_call,3.0,1,6.0094,3.0094,0.030094,False
2024-01-01,UNH,skip,0.0,0,-2.4663,0.0,0.0,False
2024-01-01,UNP,buy_call,3.1791,1,-0.1308,-3.1791,-0.031791,False
2024-01-01,V,buy_call,1.8319,1,4.9587,3.1269,0.031269,False
2024-01-01,VRTX,buy_call,2.2855,1,6.5104,4.2248,0.042248,False
2024-01-01,VZ,skip,0.0,0,12.3342,0.0,0.0,False
2024-01-01,WFC,buy_call,2.5815,1,1.9504,-0.6311,-0.006311,False
2024-01-01,WM,buy_call,3.0,1,3.646,0.646,0.00646,False
2024-01-01,XOM,skip,0.0,0,2.8306,0.0,0.0,False
2024-01-01,ZTS,buy_call,2.2855,1,-4.8437,-2.2855,-0.022855,False
2024-02-01,AAPL,skip,0.0,0,-1.9794,0.0,0.0,False
2024-02-01,ABBV,buy_call,1.0895,1,8.1095,7.02,0.0702,False
2024-02-01,ABNB,buy_call,3.0,1,9.248,6.248,0.06248,False
2024-02-01,ABT,buy_call,2.0209,1,5.3585,3.3376,0.033376,False
2024-02-01,ACN,buy_call,1.9765,1,3.3716,1.3951,0.013951,False
2024-02-01,ADBE,buy_call,2.2274,1,-9.3075,-2.2274,-0.022274,False
2024-02-01,ADI,skip,0.0,0,-0.2807,0.0,0.0,False
2024-02-01,ADP,buy_call,2.6312,1,2.1767,-0.4544,-0.004544,False
2024-02-01,AMAT,buy_call,4.1737,1,22.7145,18.5409,0.185409,False
2024-02-01,AMD,buy_call,6.8772,1,14.813,7.9359,0.079359,False
2024-02-01,AMGN,buy_call,1.0895,1,-12.8651,-1.0895,-0.010895,False
2024-02-01,AMZN,buy_call,2.9065,1,13.8918,10.9852,0.109852,False
2024-02-01,ANET,buy_call,3.0,1,7.2909,4.2909,0.042909,False
2024-02-01,AVGO,buy_call,4.1737,1,10.211,6.0373,0.060373,False
2024-02-01,AXP,buy_call,1.7687,1,9.6587,7.89,0.0789,False
2024-02-01,BA,skip,0.0,0,-3.4685,0.0,0.0,False
2024-02-01,BAC,buy_call,2.7758,1,1.4996,-1.2763,-0.012763,False
2024-02-01,BKNG,skip,0.0,0,-1.1016,0.0,0.0,False
2024-02-01,BLK,skip,0.0,0,4.7823,0.0,0.0,False
2024-02-01,BMY,skip,0.0,0,5.0521,0.0,0.0,False
2024-02-01,BRK-B,buy_call,1.3467,1,6.6868,5.3401,0.053401,False
2024-02-01,BSX,buy_call,2.0209,1,4.6633,2.6424,0.026424,False
2024-02-01,CAT,buy_call,2.8954,1,11.7203,8.8249,0.088249,False
2024-02-01,CMCSA,buy_call,1.272,1,-7.3157,-1.272,-0.01272,False
2024-02-01,CMG,buy_call,3.0,1,11.6242,8.6242,0.086242,False
2024-02-01,COST,buy_call,2.5786,1,7.053,4.4744,0.044744,False
2024-02-01,CRM,buy_call,4.4342,1,9.8652,5.4309,0.054309,False
2024-02-01,CSCO,skip,0.0,0,-2.8569,0.0,0.0,False
2024-02-01,CVS,skip,0.0,0,0.9083,0.0,0.0,False
2024-02-01,CVX,skip,0.0,0,3.1066,0.0,0.0,False
2024-02-01,DE,skip,0.0,0,-7.2488,0.0,0.0,False
2024-02-01,DHR,buy_call,2.0209,1,5.5146,3.4937,0.034937,False
2024-02-01,DUK,skip,0.0,0,-4.1741,0.0,0.0,False
2024-02-01,ELV,buy_call,1.8242,1,1.5828,-0.2415,-0.002415,False
2024-02-01,EQIX,buy_call,2.6312,1,7.1164,4.4852,0.044852,False
2024-02-01,ETN,buy_call,2.8954,1,17.4415,14.546,0.14546,False
2024-02-01,GE,buy_call,2.8954,1,18.4791,15.5837,0.155837,False
2024-02-01,GILD,skip,0.0,0,-7.8712,0.0,0.0,False
2024-02-01,GOOGL,buy_call,2.357,1,-1.1706,-2.357,-0.02357,False
2024-02-01,GS,skip,0.0,0,1.3125,0.0,0.0,False
2024-02-01,HD,buy_call,2.6683,1,7.8337,5.1654,0.051654,False
2024-02-01,HON,skip,0.0,0,-1.7453,0.0,0.0,False
2024-02-01,IBM,buy_call,2.6312,1,0.746,-1.8852,-0.018852,False
2024-02-01,ICE,skip,0.0,0,8.7097,0.0,0.0,False
2024-02-01,INTC,skip,0.0,0,-0.0696,0.0,0.0,False
2024-02-01,INTU,buy_call,3.5689,1,5.1571,1.5882,0.015882,False
2024-02-01,ISRG,buy_call,2.0209,1,1.9512,-0.0696,-0.000696,False
2024-02-01,JNJ,buy_call,1.1432,1,1.5607,0.4175,0.004175,False
2024-02-01,JPM,buy_call,2.097,1,7.3682,5.2712,0.052712,False
2024-02-01,KLAC,buy_call,4.1737,1,14.8576,10.6839,0.106839,False
2024-02-01,KO,buy_call,2.2341,1,0.8909,-1.3432,-0.013432,False
2024-02-01,LLY,buy_call,3.2683,1,16.7392,13.4709,0.134709,False
2024-02-01,LMT,skip,0.0,0,-0.2725,0.0,0.0,False
2024-02-01,LOW,skip,0.0,0,13.6441,0.0,0.0,False
2024-02-01,LRCX,buy_call,4.1737,1,13.7038,9.5301,0.095301,False
2024-02-01,MA,buy_call,1.7687,1,5.8496,4.0809,0.040809,False
2024-02-01,MCD,skip,0.0,0,-0.1503,0.0,0.0,False
2024-02-01,MCK,buy_call,3.0,1,4.3049,1.3049,0.013049,False
2024-02-01,MDLZ,buy_call,1.4038,1,-2.9228,-1.4038,-0.014038,False
2024-02-01,MDT,buy_call,2.0209,1,-4.775,-2.0209,-0.020209,False
2024-02-01,META,buy_call,3.2922,1,25.6293,22.337,0.22337,False
2024-02-01,MRK,buy_call,3.0988,1,5.274,2.1752,0.021752,False
2024-02-01,MS,skip,0.0,0,-0.4094,0.0,0.0,False
2024-02-01,MSFT,buy_call,2.2274,1,4.0394,1.812,0.01812,False
2024-02-01,MU,buy_call,6.8772,1,5.6677,-1.2095,-0.012095,False
2024-02-01,NEE,skip,0.0,0,-5.8673,0.0,0.0,False
2024-02-01,NFLX,buy_call,3.056,1,6.8799,3.8238,0.038238,False
2024-02-01,NKE,skip,0.0,0,2.3638,0.0,0.0,False
2024-02-01,NOW,buy_call,4.0949,1,0.7761,-3.3188,-0.033188,False
2024-02-01,NVDA,buy_call,6.8772,1,28.5809,21.7038,0.217038,False
2024-02-01,ORCL,buy_call,3.5576,1,0.3695,-3.1881,-0.031881,False
2024-02-01,PANW,buy_call,4.4342,1,-8.2597,-4.4342,-0.044342,False
2024-02-01,PEP,skip,0.0,0,-1.8928,0.0,0.0,False
2024-02-01,PG,buy_call,1.9982,1,1.7843,-0.214,-0.00214,False
2024-02-01,PGR,buy_call,2.097,1,6.8798,4.7827,0.047827,False
2024-02-01,PLD,skip,0.0,0,5.1938,0.0,0.0,False
2024-02-01,PM,skip,0.0,0,-0.9796,0.0,0.0,False
2024-02-01,QCOM,buy_call,4.0418,1,6.2487,2.2069,0.022069,False
2024-02-01,SBUX,skip,0.0,0,2.0101,0.0,0.0,False
2024-02-01,SCHW,skip,0.0,0,6.1348,0.0,0.0,False
2024-02-01,SO,skip,0.0,0,-3.2653,0.0,0.0,False
2024-02-01,SPGI,buy_call,2.097,1,-4.4541,-2.097,-0.02097,False
2024-02-01,SYK,buy_call,2.0209,1,4.0509,2.03,0.0203,False
2024-02-01,TJX,buy_call,2.4754,1,4.4568,1.9814,0.019814,False
2024-02-01,TMO,buy_call,2.4952,1,5.7887,3.2935,0.032935,False
2024-02-01,TMUS,buy_call,1.272,1,1.2839,0.0119,0.000119,False
2024-02-01,TSLA,skip,0.0,0,7.7901,0.0,0.0,False
2024-02-01,TXN,skip,0.0,0,5.3275,0.0,0.0,False
2024-02-01,UBER,buy_call,3.0,1,21.8018,18.8018,0.188018,False
2024-02-01,UNH,skip,0.0,0,-3.5448,0.0,0.0,False
2024-02-01,UNP,skip,0.0,0,4.0012,0.0,0.0,False
2024-02-01,V,buy_call,1.7908,1,3.4326,1.6418,0.016418,False
2024-02-01,VRTX,buy_call,1.0895,1,-2.9166,-1.0895,-0.010895,False
2024-02-01,VZ,buy_call,1.272,1,-3.9082,-1.272,-0.01272,False
2024-02-01,WFC,buy_call,3.3288,1,10.7812,7.4523,0.074523,False
2024-02-01,WM,buy_call,3.0,1,10.7849,7.7849,0.077849,False
2024-02-01,XOM,buy_call,2.8954,1,1.6633,-1.2322,-0.012322,False
2024-02-01,ZTS,skip,0.0,0,5.8409,0.0,0.0,False
2024-03-01,AAPL,skip,0.0,0,-5.0076,0.0,0.0,False
2024-03-01,ABBV,buy_call,2.6018,1,3.4365,0.8347,0.008347,False
2024-03-01,ABNB,buy_call,3.0,1,4.7565,1.7565,0.017565,False
2024-03-01,ABT,buy_call,1.6425,1,-4.1976,-1.6425,-0.016425,False
2024-03-01,ACN,buy_call,3.4196,1,-7.5164,-3.4196,-0.034196,False
2024-03-01,ADBE,skip,0.0,0,-9.9379,0.0,0.0,False
2024-03-01,ADI,skip,0.0,0,3.1123,0.0,0.0,False
2024-03-01,ADP,buy_call,1.4367,1,-0.5535,-1.4367,-0.014367,False
2024-03-01,AMAT,buy_call,3.826,1,2.4598,-1.3661,-0.013661,False
2024-03-01,AMD,buy_call,6.6188,1,-6.2536,-6.6188,-0.066188,False
2024-03-01,AMGN,skip,0.0,0,4.6425,0.0,0.0,False
2024-03-01,AMZN,buy_call,2.7545,1,2.048,-0.7065,-0.007065,False
2024-03-01,ANET,buy_call,3.0,1,4.4822,1.4822,0.014822,False
2024-03-01,AVGO,buy_call,3.826,1,1.9162,-1.9098,-0.019098,False
2024-03-01,AXP,buy_call,1.714,1,3.769,2.0551,0.020551,False
2024-03-01,BA,skip,0.0,0,-5.267,0.0,0.0,False
2024-03-01,BAC,buy_call,2.2194,1,10.6232,8.4038,0.084038,False
2024-03-01,BKNG,skip,0.0,0,4.5851,0.0,0.0,False
2024-03-01,BLK,buy_call,3.2906,1,2.7559,-0.5346,-0.005346,False
2024-03-01,BMY,buy_call,2.6018,1,6.8571,4.2553,0.042553,False
2024-03-01,BRK-B,buy_call,1.2235,1,2.7162,1.4927,0.014927,False
2024-03-01,BSX,buy_call,1.6425,1,3.4436,1.8011,0.018011,False
2024-03-01,CAT,buy_call,1.885,1,9.7227,7.8378,0.078378,False
2024-03-01,CMCSA,skip,0.0,0,1.1669,0.0,0.0,False
2024-03-01,CMG,buy_call,3.0,1,8.1078,5.1078,0.051078,False
2024-03-01,COST,buy_call,1.5812,1,-1.3689,-1.5812,-0.015812,False
2024-03-01,CRM,buy_call,2.8787,1,-2.4739,-2.8787,-0.028787,False
2024-03-01,CSCO,skip,0.0,0,3.1838,0.0,0.0,False
2024-03-01,CVS,buy_call,1.8072,1,7.2475,5.4403,0.054403,False
2024-03-01,CVX,buy_call,1.6817,1,4.9018,3.2201,0.032201,False
2024-03-01,DE,skip,0.0,0,12.5161,0.0,0.0,False
2024-03-01,DHR,buy_call,1.6425,1,-1.351,-1.6425,-0.016425,False
2024-03-01,DUK,skip,0.0,0,6.5094,0.0,0.0,False
2024-03-01,ELV,buy_call,1.8072,1,3.4494,1.6421,0.016421,False
2024-03-01,EQIX,buy_call,1.4367,1,-6.6902,-1.4367,-0.014367,False
2024-03-01,ETN,buy_call,1.885,1,8.1938,6.3088,0.063088,False
2024-03-01,GE,buy_call,1.885,1,11.8809,9.996,0.09996,False
2024-03-01,GILD,skip,0.0,0,1.595,0.0,0.0,False
2024-03-01,GOOGL,skip,0.0,0,9.0062,0.0,0.0,False
2024-03-01,GS,buy_call,3.2906,1,8.1224,4.8318,0.048318,False
2024-03-01,HD,buy_call,1.4955,1,0.7856,-0.7099,-0.007099,False
2024-03-01,HON,skip,0.0,0,3.8485,0.0,0.0,False
2024-03-01,IBM,buy_call,1.4367,1,4.1458,2.7091,0.027091,False
2024-03-01,ICE,buy_call,3.0,1,-0.7152,-3.0,-0.03,False
2024-03-01,INTC,skip,0.0,0,2.9024,0.0,0.0,False
2024-03-01,INTU,buy_call,2.6726,1,-1.9445,-2.6726,-0.026726,False
2024-03-01,ISRG,buy_call,1.6425,1,3.4984,1.856,0.01856,False
2024-03-01,JNJ,buy_call,1.061,1,-1.2325,-1.061,-0.01061,False
2024-03-01,JPM,buy_call,3.2906,1,7.6535,4.3629,0.043629,False
2024-03-01,KLAC,buy_call,3.826,1,2.6121,-1.2138,-0.012138,False
2024-03-01,KO,buy_call,1.1315,1,1.9327,0.8012,0.008012,False
2024-03-01,LLY,buy_call,2.9483,1,3.4025,0.4542,0.004542,False
2024-03-01,LMT,skip,0.0,0,6.9978,0.0,0.0,False
2024-03-01,LOW,buy_call,1.4955,1,5.842,4.3465,0.043465,False
2024-03-01,LRCX,buy_call,3.826,1,3.5513,-0.2747,-0.002747,False
2024-03-01,MA,buy_call,1.714,1,1.4344,-0.2796,-0.002796,False
2024-03-01,MCD,skip,0.0,0,-2.9854,0.0,0.0,False
2024-03-01,MCK,buy_call,3.0,1,3.0833,0.0833,0.000833,False
2024-03-01,MDLZ,skip,0.0,0,-4.2015,0.0,0.0,False
2024-03-01,MDT,skip,0.0,0,4.5465,0.0,0.0,False
2024-03-01,META,buy_call,3.0989,1,-0.8232,-3.0989,-0.030989,False
2024-03-01,MRK,buy_call,2.1433,1,3.7751,1.6318,0.016318,False
2024-03-01,MS,skip,0.0,0,9.4375,0.0,0.0,False
2024-03-01,MSFT,buy_call,1.9021,1,1.8997,-0.0024,-2.4e-05,False
2024-03-01,MU,buy_call,6.6188,1,30.107,23.4882,0.234882,False
2024-03-01,NEE,skip,0.0,0,16.8599,0.0,0.0,False
2024-03-01,NFLX,buy_call,2.8118,1,0.7314,-2.0804,-0.020804,False
2024-03-01,NKE,buy_call,4.5392,1,-9.5737,-4.5392,-0.045392,False
2024-03-01,NOW,buy_call,2.5435,1,-1.159,-2.5435,-0.025435,False
2024-03-01,NVDA,buy_call,6.6188,1,14.2128,7.5939,0.075939,False
2024-03-01,ORCL,buy_call,2.7042,1,12.4732,9.7689,0.097689,False
2024-03-01,PANW,skip,0.0,0,-8.5075,0.0,0.0,False
2024-03-01,PEP,skip,0.0,0,6.6563,0.0,0.0,False
2024-03-01,PG,buy_call,0.757,1,2.0825,1.3255,0.013255,False
2024-03-01,PGR,buy_call,3.2906,1,9.1053,5.8147,0.058147,False
2024-03-01,PLD,buy_call,1.4367,1,-2.2886,-1.4367,-0.014367,False
2024-03-01,PM,skip,0.0,0,1.8453,0.0,0.0,False
2024-03-01,QCOM,buy_call,3.0733,1,7.8395,4.7662,0.047662,False
2024-03-01,SBUX,buy_call,1.1315,1,-3.1192,-1.1315,-0.011315,False
2024-03-01,SCHW,buy_call,3.2906,1,8.7614,5.4708,0.054708,False
2024-03-01,SO,skip,0.0,0,7.8058,0.0,0.0,False
2024-03-01,SPGI,skip,0.0,0,-0.4773,0.0,0.0,False
2024-03-01,SYK,buy_call,1.6425,1,2.521,0.8785,0.008785,False
2024-03-01,TJX,buy_call,1.5261,1,2.6487,1.1226,0.011226,False
2024-03-01,TMO,buy_call,2.0853,1,1.9345,-0.1509,-0.001509,False
2024-03-01,TMUS,buy_call,2.6549,1,0.3492,-2.3057,-0.023057,False
2024-03-01,TSLA,buy_call,5.9655,1,-12.9235,-5.9655,-0.059655,False
2024-03-01,TXN,buy_call,3.826,1,4.1117,0.2857,0.002857,False
2024-03-01,UBER,buy_call,3.0,1,-3.1572,-3.0,-0.03,False
2024-03-01,UNH,skip,0.0,0,0.2229,0.0,0.0,False
2024-03-01,UNP,buy_call,1.885,1,-2.5587,-1.885,-0.01885,False
2024-03-01,V,buy_call,1.4587,1,-1.0754,-1.4587,-0.014587,False
2024-03-01,VRTX,skip,0.0,0,-0.6489,0.0,0.0,False
2024-03-01,VZ,skip,0.0,0,4.8476,0.0,0.0,False
2024-03-01,WFC,buy_call,3.309,1,4.9957,1.6867,0.016867,False
2024-03-01,WM,buy_call,3.0,1,3.647,0.647,0.00647,False
2024-03-01,XOM,buy_call,1.885,1,12.2467,10.3618,0.103618,False
2024-03-01,ZTS,buy_call,2.6018,1,-14.6826,-2.6018,-0.026018,False
2024-04-01,AAPL,skip,0.0,0,-0.6706,0.0,0.0,False
2024-04-01,ABBV,buy_call,2.3047,1,-10.6864,-2.3047,-0.023047,False
2024-04-01,ABNB,buy_call,3.0,1,-3.8737,-3.0,-0.03,False
2024-04-01,ABT,skip,0.0,0,-6.7658,0.0,0.0,False
2024-04-01,ACN,skip,0.0,0,-13.1848,0.0,0.0,False
2024-04-01,ADBE,skip,0.0,0,-8.2778,0.0,0.0,False
2024-04-01,ADI,buy_call,4.0334,1,1.9037,-2.1297,-0.021297,False
2024-04-01,ADP,skip,0.0,0,-2.5838,0.0,0.0,False
2024-04-01,AMAT,buy_call,4.0334,1,-3.6755,-4.0334,-0.040334,False
2024-04-01,AMD,skip,0.0,0,-12.25,0.0,0.0,False
2024-04-01,AMGN,buy_call,2.3047,1,-3.6508,-2.3047,-0.023047,False
2024-04-01,AMZN,buy_call,4.8348,1,-2.9826,-4.8348,-0.048348,False
2024-04-01,ANET,buy_call,3.0,1,-11.5249,-3.0,-0.03,False
2024-04-01,AVGO,buy_call,4.0334,1,-1.479,-4.0334,-0.040334,False
2024-04-01,AXP,buy_call,2.8751,1,2.7845,-0.0906,-0.000906,False
2024-04-01,BA,skip,0.0,0,-13.0318,0.0,0.0,False
2024-04-01,BAC,buy_call,3.1544,1,-2.3998,-3.1544,-0.031544,False
2024-04-01,BKNG,buy_call,3.0,1,-4.6037,-3.0,-0.03,False
2024-04-01,BLK,buy_call,2.8168,1,-8.9213,-2.8168,-0.028168,False
2024-04-01,BMY,buy_call,2.3047,1,-18.9747,-2.3047,-0.023047,False
2024-04-01,BRK-B,buy_call,1.7192,1,-5.6573,-1.7192,-0.017192,False
2024-04-01,BSX,buy_call,2.2812,1,4.935,2.6538,0.026538,False
2024-04-01,CAT,buy_call,2.6621,1,-8.6947,-2.6621,-0.026621,False
2024-04-01,CMCSA,buy_call,3.0677,1,-12.0877,-3.0677,-0.030677,False
2024-04-01,CMG,buy_call,3.0,1,8.698,5.698,0.05698,False
2024-04-01,COST,skip,0.0,0,-1.3281,0.0,0.0,False
2024-04-01,CRM,skip,0.0,0,-10.5879,0.0,0.0,False
2024-04-01,CSCO,buy_call,3.8731,1,-5.8706,-3.8731,-0.038731,False
2024-04-01,CVS,buy_call,3.0924,1,-15.1078,-3.0924,-0.030924,False
2024-04-01,CVX,buy_call,2.4329,1,2.2379,-0.195,-0.00195,False
2024-04-01,DE,buy_call,2.6621,1,-4.3533,-2.6621,-0.026621,False
2024-04-01,DHR,skip,0.0,0,-1.134,0.0,0.0,False
2024-04-01,DUK,buy_call,1.5232,1,1.6027,0.0795,0.000795,False
2024-04-01,ELV,buy_call,3.0924,1,2.2664,-0.826,-0.00826,False
2024-04-01,EQIX,skip,0.0,0,-13.8393,0.0,0.0,False
2024-04-01,ETN,buy_call,2.6621,1,2.1033,-0.5588,-0.005588,False
2024-04-01,GE,buy_call,2.6621,1,15.5133,12.8512,0.128512,False
2024-04-01,GILD,buy_call,2.3047,1,-10.078,-2.3047,-0.023047,False
2024-04-01,GOOGL,buy_call,4.0101,1,7.8513,3.8412,0.038412,False
2024-04-01,GS,buy_call,2.8168,1,2.1595,-0.6573,-0.006573,False
2024-04-01,HD,buy_call,2.6686,1,-12.3517,-2.6686,-0.026686,False
2024-04-01,HON,buy_call,3.8731,1,-6.0999,-3.8731,-0.038731,False
2024-04-01,IBM,buy_call,3.8731,1,-12.9661,-3.8731,-0.038731,False
2024-04-01,ICE,skip,0.0,0,-6.0009,0.0,0.0,False
2024-04-01,INTC,buy_call,4.0334,1,-31.0165,-4.0334,-0.040334,False
2024-04-01,INTU,skip,0.0,0,-3.7508,0.0,0.0,False
2024-04-01,ISRG,buy_call,2.2812,1,-7.1337,-2.2812,-0.022812,False
2024-04-01,JNJ,skip,0.0,0,-8.5973,0.0,0.0,False
2024-04-01,JPM,buy_call,2.8168,1,-4.2736,-2.8168,-0.028168,False
2024-04-01,KLAC,buy_call,4.0334,1,-1.3284,-4.0334,-0.040334,False
2024-04-01,KO,buy_call,1.5232,1,1.7719,0.2487,0.002487,False
2024-04-01,LLY,buy_call,3.5202,1,0.4036,-3.1165,-0.031165,False
2024-04-01,LMT,buy_call,2.6621,1,2.2116,-0.4505,-0.004505,False
2024-04-01,LOW,buy_call,2.6686,1,-10.4974,-2.6686,-0.026686,False
2024-04-01,LRCX,buy_call,4.0334,1,-7.7436,-4.0334,-0.040334,False
2024-04-01,MA,buy_call,2.8751,1,-6.3065,-2.8751,-0.028751,False
2024-04-01,MCD,skip,0.0,0,-3.1601,0.0,0.0,False
2024-04-01,MCK,buy_call,3.0,1,0.067,-2.933,-0.02933,False
2024-04-01,MDLZ,skip,0.0,0,3.3989,0.0,0.0,False
2024-04-01,MDT,buy_call,2.2812,1,-7.1667,-2.2812,-0.022812,False
2024-04-01,META,skip,0.0,0,-11.4111,0.0,0.0,False
2024-04-01,MRK,buy_call,2.3279,1,-1.4478,-2.3279,-0.023279,False
2024-04-01,MS,buy_call,2.8168,1,-3.5259,-2.8168,-0.028168,False
2024-04-01,MSFT,buy_call,2.8042,1,-7.461,-2.8042,-0.028042,False
2024-04-01,MU,buy_call,4.6465,1,-4.0894,-4.6465,-0.046465,False
2024-04-01,NEE,buy_call,1.5232,1,4.788,3.2648,0.032648,False
2024-04-01,NFLX,buy_call,5.5605,1,-9.3343,-5.5605,-0.055605,False
2024-04-01,NKE,skip,0.0,0,-1.4794,0.0,0.0,False
2024-04-01,NOW,skip,0.0,0,-9.0595,0.0,0.0,False
2024-04-01,NVDA,buy_call,4.6465,1,-4.3715,-4.6465,-0.046465,False
2024-04-01,ORCL,buy_call,2.5045,1,-9.4419,-2.5045,-0.025045,False
2024-04-01,PANW,skip,0.0,0,2.3792,0.0,0.0,False
2024-04-01,PEP,buy_call,1.6302,1,0.5143,-1.1159,-0.011159,False
2024-04-01,PG,buy_call,1.987,1,0.5855,-1.4015,-0.014015,False
2024-04-01,PGR,buy_call,2.8168,1,0.6914,-2.1254,-0.021254,False
2024-04-01,PLD,skip,0.0,0,-21.053,0.0,0.0,False
2024-04-01,PM,buy_call,1.6302,1,5.0616,3.4314,0.034314,False
2024-04-01,QCOM,buy_call,5.0236,1,-2.0378,-5.0236,-0.050236,False
2024-04-01,SBUX,skip,0.0,0,-3.1732,0.0,0.0,False
2024-04-01,SCHW,buy_call,2.8168,1,2.2256,-0.5912,-0.005912,False
2024-04-01,SO,buy_call,1.5232,1,2.4533,0.9301,0.009301,False
2024-04-01,SPGI,skip,0.0,0,-2.2611,0.0,0.0,False
2024-04-01,SYK,buy_call,2.2812,1,-5.7562,-2.2812,-0.022812,False
2024-04-01,TJX,buy_call,1.8021,1,-7.2274,-1.8021,-0.018021,False
2024-04-01,TMO,buy_call,3.3104,1,-2.0846,-3.3104,-0.033104,False
2024-04-01,TMUS,buy_call,3.0677,1,0.582,-2.4857,-0.024857,False
2024-04-01,TSLA,skip,0.0,0,4.2608,0.0,0.0,False
2024-04-01,TXN,buy_call,4.0334,1,1.2686,-2.7649,-0.027649,False
2024-04-01,UBER,skip,0.0,0,-13.9239,0.0,0.0,False
2024-04-01,UNH,buy_call,3.0924,1,-1.8381,-3.0924,-0.030924,False
2024-04-01,UNP,skip,0.0,0,-3.5661,0.0,0.0,False
2024-04-01,V,skip,0.0,0,-3.7516,0.0,0.0,False
2024-04-01,VRTX,skip,0.0,0,-6.0286,0.0,0.0,False
2024-04-01,VZ,buy_call,3.0677,1,-5.8866,-3.0677,-0.030677,False
2024-04-01,WFC,buy_call,2.9953,1,2.3465,-0.6488,-0.006488,False
2024-04-01,WM,buy_call,3.0,1,-2.0586,-3.0,-0.03,False
2024-04-01,XOM,buy_call,2.6621,1,1.7464,-0.9157,-0.009157,False
2024-04-01,ZTS,skip,0.0,0,-5.8921,0.0,0.0,False
2024-05-01,AAPL,skip,0.0,0,12.8691,0.0,0.0,True
2024-05-01,ABBV,skip,0.0,0,0.0651,0.0,0.0,True
2024-05-01,ABNB,skip,0.0,0,-8.6019,0.0,0.0,True
2024-05-01,ABT,skip,0.0,0,-3.0888,0.0,0.0,True
2024-05-01,ACN,skip,0.0,0,-5.8247,0.0,0.0,True
2024-05-01,ADBE,skip,0.0,0,-3.9042,0.0,0.0,True
2024-05-01,ADI,buy_call,3.8759,4,16.8885,13.0126,0.520504,True
2024-05-01,ADP,skip,0.0,0,1.2526,0.0,0.0,True
2024-05-01,AMAT,skip,0.0,0,8.2709,0.0,0.0,True
2024-05-01,AMD,skip,0.0,0,5.3795,0.0,0.0,True
2024-05-01,AMGN,skip,0.0,0,11.6485,0.0,0.0,True
2024-05-01,AMZN,skip,0.0,0,0.8229,0.0,0.0,True
2024-05-01,ANET,skip,0.0,0,16.0157,0.0,0.0,True
2024-05-01,AVGO,skip,0.0,0,2.1749,0.0,0.0,True
2024-05-01,AXP,buy_call,2.7116,4,2.8687,0.1571,0.006284,True
2024-05-01,BA,skip,0.0,0,5.821,0.0,0.0,True
2024-05-01,BAC,skip,0.0,0,8.0519,0.0,0.0,True
2024-05-01,BKNG,skip,0.0,0,9.3951,0.0,0.0,True
2024-05-01,BLK,skip,0.0,0,2.3044,0.0,0.0,True
2024-05-01,BMY,skip,0.0,0,-5.3983,0.0,0.0,True
2024-05-01,BRK-B,skip,0.0,0,4.4539,0.0,0.0,True
2024-05-01,BSX,buy_call,2.072,4,5.1482,3.0762,0.123048,True
2024-05-01,CAT,skip,0.0,0,1.5494,0.0,0.0,True
2024-05-01,CMCSA,skip,0.0,0,5.8139,0.0,0.0,True
2024-05-01,CMG,buy_call,3.0,4,-0.952,-3.0,-0.12,True
2024-05-01,COST,skip,0.0,0,12.2133,0.0,0.0,True
2024-05-01,CRM,skip,0.0,0,-12.8281,0.0,0.0,True
2024-05-01,CSCO,skip,0.0,0,-0.2131,0.0,0.0,True
2024-05-01,CVS,skip,0.0,0,-11.1258,0.0,0.0,True
2024-05-01,CVX,buy_call,2.9867,4,0.6387,-2.348,-0.09392,True
2024-05-01,DE,skip,0.0,0,-4.2539,0.0,0.0,True
2024-05-01,DHR,skip,0.0,0,4.1278,0.0,0.0,True
2024-05-01,DUK,buy_call,1.274,4,5.404,4.13,0.1652,True
2024-05-01,ELV,buy_call,1.4773,4,1.873,0.3957,0.015828,True
2024-05-01,EQIX,skip,0.0,0,7.2942,0.0,0.0,True
2024-05-01,ETN,buy_call,2.3082,4,4.5843,2.2761,0.091044,True
2024-05-01,GE,buy_call,2.3082,4,2.2332,-0.075,-0.003,True
2024-05-01,GILD,skip,0.0,0,-1.4264,0.0,0.0,True
2024-05-01,GOOGL,buy_call,3.033,4,5.9713,2.9383,0.117532,True
2024-05-01,GS,buy_call,0.9782,4,6.986,6.0078,0.240312,True
2024-05-01,HD,skip,0.0,0,0.1945,0.0,0.0,True
2024-05-01,HON,skip,0.0,0,4.9084,0.0,0.0,True
2024-05-01,IBM,skip,0.0,0,0.3911,0.0,0.0,True
2024-05-01,ICE,skip,0.0,0,3.9919,0.0,0.0,True
2024-05-01,INTC,skip,0.0,0,1.2471,0.0,0.0,True
2024-05-01,INTU,skip,0.0,0,-7.7323,0.0,0.0,True
2024-05-01,ISRG,skip,0.0,0,8.4993,0.0,0.0,True
2024-05-01,JNJ,skip,0.0,0,1.4386,0.0,0.0,True
2024-05-01,JPM,skip,0.0,0,6.296,0.0,0.0,True
2024-05-01,KLAC,skip,0.0,0,10.1902,0.0,0.0,True
2024-05-01,KO,buy_call,1.274,4,1.8779,0.604,0.02416,True
2024-05-01,LLY,buy_call,2.8294,4,5.0237,2.1943,0.087772,True
2024-05-01,LMT,buy_call,2.3082,4,1.1636,-1.1446,-0.045784,True
2024-05-01,LOW,skip,0.0,0,-2.4748,0.0,0.0,True
2024-05-01,LRCX,skip,0.0,0,4.252,0.0,0.0,True
2024-05-01,MA,skip,0.0,0,-0.7781,0.0,0.0,True
2024-05-01,MCD,skip,0.0,0,-5.1824,0.0,0.0,True
2024-05-01,MCK,buy_call,3.0,4,6.0274,3.0274,0.121096,True
2024-05-01,MDLZ,buy_call,1.4806,4,-4.7401,-1.4806,-0.059224,True
2024-05-01,MDT,skip,0.0,0,1.4083,0.0,0.0,True
2024-05-01,META,skip,0.0,0,8.5222,0.0,0.0,True
2024-05-01,MRK,skip,0.0,0,-2.8479,0.0,0.0,True
2024-05-01,MS,skip,0.0,0,8.7012,0.0,0.0,True
2024-05-01,MSFT,skip,0.0,0,6.6268,0.0,0.0,True
2024-05-01,MU,skip,0.0,0,10.6586,0.0,0.0,True
2024-05-01,NEE,buy_call,1.274,4,19.4864,18.2124,0.728496,True
2024-05-01,NFLX,skip,0.0,0,16.5226,0.0,0.0,True
2024-05-01,NKE,skip,0.0,0,3.0241,0.0,0.0,True
2024-05-01,NOW,skip,0.0,0,-5.25,0.0,0.0,True
2024-05-01,NVDA,skip,0.0,0,26.8871,0.0,0.0,True
2024-05-01,ORCL,skip,0.0,0,3.3567,0.0,0.0,True
2024-05-01,PANW,buy_call,4.8256,4,1.382,-3.4436,-0.137744,True
2024-05-01,PEP,buy_call,1.4806,4,-1.7111,-1.4806,-0.059224,True
2024-05-01,PG,buy_call,0.8725,4,1.4721,0.5996,0.023984,True
2024-05-01,PGR,buy_call,0.9782,4,1.4553,0.4771,0.019084,True
2024-05-01,PLD,skip,0.0,0,8.2704,0.0,0.0,True
2024-05-01,PM,buy_call,1.4806,4,6.7832,5.3026,0.212104,True
2024-05-01,QCOM,skip,0.0,0,23.0329,0.0,0.0,True
2024-05-01,SBUX,skip,0.0,0,-9.3457,0.0,0.0,True
2024-05-01,SCHW,buy_call,0.9782,4,-0.906,-0.9782,-0.039128,True
2024-05-01,SO,buy_call,1.274,4,9.034,7.76,0.3104,True
2024-05-01,SPGI,skip,0.0,0,2.8088,0.0,0.0,True
2024-05-01,SYK,skip,0.0,0,1.364,0.0,0.0,True
2024-05-01,TJX,skip,0.0,0,9.5759,0.0,0.0,True
2024-05-01,TMO,skip,0.0,0,-0.1301,0.0,0.0,True
2024-05-01,TMUS,buy_call,2.6116,4,6.5724,3.9609,0.158436,True
2024-05-01,TSLA,buy_call,3.8767,4,-2.8372,-3.8767,-0.155068,True
2024-05-01,TXN,buy_call,3.8759,4,10.5373,6.6615,0.26646,True
2024-05-01,UBER,skip,0.0,0,-2.5804,0.0,0.0,True
2024-05-01,UNH,skip,0.0,0,2.4126,0.0,0.0,True
2024-05-01,UNP,skip,0.0,0,-1.83,0.0,0.0,True
2024-05-01,V,skip,0.0,0,1.4333,0.0,0.0,True
2024-05-01,VRTX,skip,0.0,0,15.9186,0.0,0.0,True
2024-05-01,VZ,skip,0.0,0,5.8911,0.0,0.0,True
2024-05-01,WFC,buy_call,1.6219,4,1.0115,-0.6105,-0.02442,True
2024-05-01,WM,skip,0.0,0,1.3027,0.0,0.0,True
2024-05-01,XOM,buy_call,2.3082,4,-0.854,-2.3082,-0.092328,True
2024-05-01,ZTS,skip,0.0,0,6.7844,0.0,0.0,True
2024-06-01,AAPL,buy_call,2.6284,1,9.7039,7.0754,0.070754,False
2024-06-01,ABBV,buy_call,2.3759,1,6.3756,3.9997,0.039997,False
2024-06-01,ABNB,skip,0.0,0,4.6229,0.0,0.0,False
2024-06-01,ABT,skip,0.0,0,1.6831,0.0,0.0,False
2024-06-01,ACN,skip,0.0,0,7.4817,0.0,0.0,False
2024-06-01,ADBE,skip,0.0,0,24.9078,0.0,0.0,False
2024-06-01,ADI,buy_call,5.2783,1,-2.6568,-5.2783,-0.052783,False
2024-06-01,ADP,buy_call,1.6291,1,-2.5437,-1.6291,-0.016291,False
2024-06-01,AMAT,buy_call,5.2783,1,9.922,4.6437,0.046437,False
2024-06-01,AMD,buy_call,4.5669,1,-2.8101,-4.5669,-0.045669,False
2024-06-01,AMGN,buy_call,2.3759,1,2.8835,0.5076,0.005076,False
2024-06-01,AMZN,buy_call,1.7321,1,9.5273,7.7953,0.077953,False
2024-06-01,ANET,buy_call,3.0,1,17.749,14.749,0.14749,False
2024-06-01,AVGO,buy_call,5.2783,1,20.8483,15.57,0.1557,False
2024-06-01,AXP,buy_call,1.9016,1,-3.5208,-1.9016,-0.019016,False
2024-06-01,BA,buy_call,3.0,1,2.4773,-0.5227,-0.005227,False
2024-06-01,BAC,buy_call,2.5863,1,-0.5501,-2.5863,-0.025863,False
2024-06-01,BKNG,buy_call,3.0,1,4.9029,1.9029,0.019029,False
2024-06-01,BLK,buy_call,2.2724,1,1.9805,-0.292,-0.00292,False
2024-06-01,BMY,skip,0.0,0,1.0708,0.0,0.0,False
2024-06-01,BRK-B,buy_call,1.2299,1,-1.834,-1.2299,-0.012299,False
2024-06-01,BSX,buy_call,1.909,1,1.9055,-0.0035,-3.5e-05,False
2024-06-01,CAT,buy_call,1.9197,1,-1.6011,-1.9197,-0.019197,False
2024-06-01,CMCSA,buy_call,4.8167,1,-2.1734,-4.8167,-0.048167,False
2024-06-01,CMG,skip,0.0,0,0.0952,0.0,0.0,False
2024-06-01,COST,buy_call,1.8129,1,4.9513,3.1384,0.031384,False
2024-06-01,CRM,skip,0.0,0,9.6656,0.0,0.0,False
2024-06-01,CSCO,skip,0.0,0,2.172,0.0,0.0,False
2024-06-01,CVS,skip,0.0,0,-0.906,0.0,0.0,False
2024-06-01,CVX,buy_call,1.1507,1,-2.6497,-1.1507,-0.011507,False
2024-06-01,DE,skip,0.0,0,-0.3015,0.0,0.0,False
2024-06-01,DHR,buy_call,1.909,1,-2.7064,-1.909,-0.01909,False
2024-06-01,DUK,buy_call,2.2079,1,-2.2555,-2.2079,-0.022079,False
2024-06-01,ELV,buy_call,2.7753,1,0.6277,-2.1476,-0.021476,False
2024-06-01,EQIX,buy_call,1.6291,1,-0.3021,-1.6291,-0.016291,False
2024-06-01,ETN,buy_call,1.9197,1,-5.5167,-1.9197,-0.019197,False
2024-06-01,GE,buy_call,1.9197,1,-3.7362,-1.9197,-0.019197,False
2024-06-01,GILD,skip,0.0,0,6.7528,0.0,0.0,False
2024-06-01,GOOGL,buy_call,2.1599,1,5.5942,3.4343,0.034343,False
2024-06-01,GS,buy_call,2.2724,1,-0.3204,-2.2724,-0.022724,False
2024-06-01,HD,buy_call,2.4194,1,3.5127,1.0933,0.010933,False
2024-06-01,HON,buy_call,1.6291,1,6.1727,4.5436,0.045436,False
2024-06-01,IBM,buy_call,1.6291,1,4.6849,3.0559,0.030559,False
2024-06-01,ICE,buy_call,3.0,1,2.233,-0.767,-0.00767,False
2024-06-01,INTC,buy_call,5.2783,1,0.7967,-4.4815,-0.044815,False
2024-06-01,INTU,skip,0.0,0,14.0119,0.0,0.0,False
2024-06-01,ISRG,buy_call,1.909,1,10.6262,8.7172,0.087172,False
2024-06-01,JNJ,buy_call,0.8735,1,0.4578,-0.4157,-0.004157,False
2024-06-01,JPM,buy_call,2.2724,1,-0.1826,-2.2724,-0.022724,False
2024-06-01,KLAC,buy_call,5.2783,1,8.7762,3.4979,0.034979,False
2024-06-01,KO,buy_call,2.2079,1,1.1441,-1.0638,-0.010638,False
2024-06-01,LLY,buy_call,2.8704,1,10.5546,7.6841,0.076841,False
2024-06-01,LMT,buy_call,1.9197,1,-0.6889,-1.9197,-0.019197,False
2024-06-01,LOW,skip,0.0,0,-0.3751,0.0,0.0,False
2024-06-01,LRCX,buy_call,5.2783,1,14.2004,8.9221,0.089221,False
2024-06-01,MA,skip,0.0,0,-1.3219,0.0,0.0,False
2024-06-01,MCD,skip,0.0,0,-1.5644,0.0,0.0,False
2024-06-01,MCK,buy_call,3.0,1,2.5369,-0.4631,-0.004631,False
2024-06-01,MDLZ,skip,0.0,0,-4.509,0.0,0.0,False
2024-06-01,MDT,buy_call,1.909,1,-3.269,-1.909,-0.01909,False
2024-06-01,META,buy_call,3.2018,1,8.0094,4.8076,0.048076,False
2024-06-01,MRK,skip,0.0,0,-1.386,0.0,0.0,False
2024-06-01,MS,buy_call,2.2724,1,-0.6643,-2.2724,-0.022724,False
2024-06-01,MSFT,buy_call,2.1834,1,7.8593,5.6759,0.056759,False
2024-06-01,MU,buy_call,4.5669,1,5.224,0.6571,0.006571,False
2024-06-01,NEE,buy_call,2.2079,1,-11.5096,-2.2079,-0.022079,False
2024-06-01,NFLX,buy_call,2.6644,1,5.1837,2.5194,0.025194,False
2024-06-01,NKE,buy_call,4.0613,1,-20.7049,-4.0613,-0.040613,False
2024-06-01,NOW,skip,0.0,0,19.7494,0.0,0.0,False
2024-06-01,NVDA,buy_call,4.5669,1,12.6851,8.1182,0.081182,False
2024-06-01,ORCL,buy_call,3.999,1,20.4881,16.4891,0.164891,False
2024-06-01,PANW,buy_call,2.0409,1,14.9537,12.9129,0.129129,False
2024-06-01,PEP,skip,0.0,0,-4.6096,0.0,0.0,False
2024-06-01,PG,buy_call,0.6002,1,0.231,-0.3692,-0.003692,False
2024-06-01,PGR,buy_call,2.2724,1,-1.6431,-2.2724,-0.022724,False
2024-06-01,PLD,buy_call,1.6291,1,1.6472,0.0181,0.000181,False
2024-06-01,PM,buy_call,1.315,1,-0.0493,-1.315,-0.01315,False
2024-06-01,QCOM,buy_call,3.0179,1,-1.9867,-3.0179,-0.030179,False
2024-06-01,SBUX,skip,0.0,0,-2.2181,0.0,0.0,False
2024-06-01,SCHW,skip,0.0,0,0.8896,0.0,0.0,False
2024-06-01,SO,buy_call,2.2079,1,-2.3209,-2.2079,-0.022079,False
2024-06-01,SPGI,buy_call,2.2724,1,4.5458,2.2734,0.022734,False
2024-06-01,SYK,buy_call,1.909,1,-0.2463,-1.909,-0.01909,False
2024-06-01,TJX,buy_call,1.2903,1,7.1954,5.9051,0.059051,False
2024-06-01,TMO,skip,0.0,0,-2.6374,0.0,0.0,False
2024-06-01,TMUS,buy_call,4.8167,1,1.0822,-3.7345,-0.037345,False
2024-06-01,TSLA,skip,0.0,0,11.1186,0.0,0.0,False
2024-06-01,TXN,buy_call,5.2783,1,0.4728,-4.8054,-0.048054,False
2024-06-01,UBER,skip,0.0,0,12.5775,0.0,0.0,False
2024-06-01,UNH,buy_call,2.7753,1,2.804,0.0287,0.000287,False
2024-06-01,UNP,skip,0.0,0,-2.2634,0.0,0.0,False
2024-06-01,V,buy_call,1.5785,1,-3.4883,-1.5785,-0.015785,False
2024-06-01,VRTX,buy_call,2.3759,1,2.9385,0.5625,0.005625,False
2024-06-01,VZ,buy_call,4.8167,1,0.2187,-4.598,-0.04598,False
2024-06-01,WFC,buy_call,2.5355,1,-0.3147,-2.5355,-0.025355,False
2024-06-01,WM,buy_call,3.0,1,1.2386,-1.7614,-0.017614,False
2024-06-01,XOM,skip,0.0,0,-1.0276,0.0,0.0,False
2024-06-01,ZTS,buy_call,2.3759,1,2.2411,-0.1348,-0.001348,False
2024-07-01,AAPL,buy_call,3.3184,1,5.4411,2.1227,0.021227,False
2024-07-01,ABBV,buy_call,2.5943,1,8.0457,5.4514,0.054514,False
2024-07-01,ABNB,buy_call,3.0,1,-7.9602,-3.0,-0.03,False
2024-07-01,ABT,buy_call,1.7767,1,1.9536,0.1769,0.001769,False
2024-07-01,ACN,buy_call,2.3081,1,8.968,6.66,0.0666,False
2024-07-01,ADBE,buy_call,2.6291,1,-0.7002,-2.6291,-0.026291,False
2024-07-01,ADI,skip,0.0,0,1.7701,0.0,0.0,False
2024-07-01,ADP,skip,0.0,0,10.6598,0.0,0.0,False
2024-07-01,AMAT,buy_call,4.1737,1,-10.0809,-4.1737,-0.041737,False
2024-07-01,AMD,skip,0.0,0,-10.9303,0.0,0.0,False
2024-07-01,AMGN,buy_call,2.5943,1,6.4074,3.8131,0.038131,False
2024-07-01,AMZN,buy_call,4.6226,1,-3.2445,-4.6226,-0.046226,False
2024-07-01,ANET,buy_call,3.0,1,-1.1213,-3.0,-0.03,False
2024-07-01,AVGO,buy_call,4.1737,1,0.3969,-3.7768,-0.037768,False
2024-07-01,AXP,skip,0.0,0,9.2809,0.0,0.0,False
2024-07-01,BA,buy_call,3.0,1,4.7195,1.7195,0.017195,False
2024-07-01,BAC,skip,0.0,0,1.9743,0.0,0.0,False
2024-07-01,BKNG,buy_call,3.0,1,-6.0063,-3.0,-0.03,False
2024-07-01,BLK,buy_call,2.4477,1,12.0611,9.6134,0.096134,False
2024-07-01,BMY,buy_call,2.5943,1,14.5196,11.9253,0.119253,False
2024-07-01,BRK-B,skip,0.0,0,7.7925,0.0,0.0,False
2024-07-01,BSX,buy_call,1.7767,1,-4.0644,-1.7767,-0.017767,False
2024-07-01,CAT,skip,0.0,0,3.9328,0.0,0.0,False
2024-07-01,CMCSA,skip,0.0,0,5.3882,0.0,0.0,False
2024-07-01,CMG,buy_call,3.0,1,-13.2961,-3.0,-0.03,False
2024-07-01,COST,buy_call,1.8208,1,-3.293,-1.8208,-0.018208,False
2024-07-01,CRM,buy_call,1.9135,1,0.6612,-1.2523,-0.012523,False
2024-07-01,CSCO,buy_call,4.2862,1,1.9785,-2.3077,-0.023077,False
2024-07-01,CVS,skip,0.0,0,2.1504,0.0,0.0,False
2024-07-01,CVX,skip,0.0,0,2.5892,0.0,0.0,False
2024-07-01,DE,skip,0.0,0,-0.0517,0.0,0.0,False
2024-07-01,DHR,skip,0.0,0,11.0176,0.0,0.0,False
2024-07-01,DUK,skip,0.0,0,9.0193,0.0,0.0,False
2024-07-01,ELV,buy_call,3.2554,1,-1.5163,-3.2554,-0.032554,False
2024-07-01,EQIX,skip,0.0,0,4.4462,0.0,0.0,False
2024-07-01,ETN,skip,0.0,0,-2.7938,0.0,0.0,False
2024-07-01,GE,skip,0.0,0,7.0642,0.0,0.0,False
2024-07-01,GILD,buy_call,2.5943,1,12.2179,9.6237,0.096237,False
2024-07-01,GOOGL,buy_call,3.8851,1,-5.7168,-3.8851,-0.038851,False
2024-07-01,GS,skip,0.0,0,12.5376,0.0,0.0,False
2024-07-01,HD,buy_call,2.2739,1,6.9486,4.6748,0.046748,False
2024-07-01,HON,buy_call,4.2862,1,-4.1163,-4.2862,-0.042862,False
2024-07-01,IBM,buy_call,4.2862,1,11.0957,6.8095,0.068095,False
2024-07-01,ICE,buy_call,3.0,1,11.0841,8.0841,0.080841,False
2024-07-01,INTC,buy_call,4.1737,1,-0.7427,-4.1737,-0.041737,False
2024-07-01,INTU,buy_call,3.5689,1,-1.5003,-3.5689,-0.035689,False
2024-07-01,ISRG,buy_call,1.7767,1,-0.054,-1.7767,-0.017767,False
2024-07-01,JNJ,buy_call,1.7817,1,7.9981,6.2164,0.062164,False
2024-07-01,JPM,skip,0.0,0,5.2111,0.0,0.0,False
2024-07-01,KLAC,buy_call,4.1737,1,-0.1747,-4.1737,-0.041737,False
2024-07-01,KO,buy_call,1.5438,1,5.6683,4.1244,0.041244,False
2024-07-01,LLY,buy_call,2.6765,1,-11.1677,-2.6765,-0.026765,False
2024-07-01,LMT,skip,0.0,0,16.8002,0.0,0.0,False
2024-07-01,LOW,skip,0.0,0,11.3626,0.0,0.0,False
2024-07-01,LRCX,buy_call,4.1737,1,-13.3247,-4.1737,-0.041737,False
2024-07-01,MA,skip,0.0,0,5.1115,0.0,0.0,False
2024-07-01,MCD,skip,0.0,0,4.8199,0.0,0.0,False
2024-07-01,MCK,buy_call,3.0,1,5.762,2.762,0.02762,False
2024-07-01,MDLZ,skip,0.0,0,5.1176,0.0,0.0,False
2024-07-01,MDT,skip,0.0,0,2.9539,0.0,0.0,False
2024-07-01,META,buy_call,5.611,1,-5.7353,-5.611,-0.05611,False
2024-07-01,MRK,skip,0.0,0,-8.0721,0.0,0.0,False
2024-07-01,MS,skip,0.0,0,6.194,0.0,0.0,False
2024-07-01,MSFT,buy_call,2.6291,1,-6.3989,-2.6291,-0.026291,False
2024-07-01,MU,buy_call,5.3073,1,-16.5057,-5.3073,-0.053073,False
2024-07-01,NEE,skip,0.0,0,8.579,0.0,0.0,False
2024-07-01,NFLX,buy_call,4.9532,1,-6.8946,-4.9532,-0.049532,False
2024-07-01,NKE,skip,0.0,0,-0.2885,0.0,0.0,False
2024-07-01,NOW,buy_call,4.2244,1,3.5237,-0.7007,-0.007007,False
2024-07-01,NVDA,buy_call,5.3073,1,-5.2699,-5.3073,-0.053073,False
2024-07-01,ORCL,buy_call,2.383,1,-1.2394,-2.383,-0.02383,False
2024-07-01,PANW,buy_call,1.9135,1,-4.2123,-1.9135,-0.019135,False
2024-07-01,PEP,skip,0.0,0,5.5184,0.0,0.0,False
2024-07-01,PG,buy_call,1.6993,1,-2.5224,-1.6993,-0.016993,False
2024-07-01,PGR,skip,0.0,0,3.086,0.0,0.0,False
2024-07-01,PLD,buy_call,4.2862,1,13.2018,8.9156,0.089156,False
2024-07-01,PM,skip,0.0,0,15.1274,0.0,0.0,False
2024-07-01,QCOM,skip,0.0,0,-9.1525,0.0,0.0,False
2024-07-01,SBUX,skip,0.0,0,0.1284,0.0,0.0,False
2024-07-01,SCHW,buy_call,2.4477,1,-11.5348,-2.4477,-0.024477,False
2024-07-01,SO,skip,0.0,0,7.6705,0.0,0.0,False
2024-07-01,SPGI,buy_call,2.4477,1,8.6839,6.2361,0.062361,False
2024-07-01,SYK,skip,0.0,0,-3.5353,0.0,0.0,False
2024-07-01,TJX,buy_call,1.8599,1,2.6521,0.7922,0.007922,False
2024-07-01,TMO,skip,0.0,0,10.987,0.0,0.0,False
2024-07-01,TMUS,buy_call,2.7774,1,3.4624,0.685,0.00685,False
2024-07-01,TSLA,buy_call,8.0357,1,17.2781,9.2424,0.092424,False
2024-07-01,TXN,buy_call,4.1737,1,4.7705,0.5968,0.005968,False
2024-07-01,UBER,buy_call,3.0,1,-11.2961,-3.0,-0.03,False
2024-07-01,UNH,buy_call,3.2554,1,13.6167,10.3613,0.103613,False
2024-07-01,UNP,skip,0.0,0,9.0471,0.0,0.0,False
2024-07-01,V,skip,0.0,0,1.2192,0.0,0.0,False
2024-07-01,VRTX,buy_call,2.5943,1,5.7604,3.1661,0.031661,False
2024-07-01,VZ,buy_call,2.7774,1,-1.7459,-2.7774,-0.027774,False
2024-07-01,WFC,skip,0.0,0,-0.0842,0.0,0.0,False
2024-07-01,WM,buy_call,3.0,1,-4.6529,-3.0,-0.03,False
2024-07-01,XOM,skip,0.0,0,3.0143,0.0,0.0,False
2024-07-01,ZTS,buy_call,2.5943,1,3.8532,1.259,0.01259,False
2024-08-01,AAPL,buy_call,2.6276,1,3.116,0.4884,0.004884,False
2024-08-01,ABBV,buy_call,1.9124,1,6.9034,4.991,0.04991,False
2024-08-01,ABNB,skip,0.0,0,-15.943,0.0,0.0,False
2024-08-01,ABT,buy_call,1.2713,1,7.4862,6.2149,0.062149,False
2024-08-01,ACN,buy_call,3.0681,1,3.8805,0.8124,0.008124,False
2024-08-01,ADBE,skip,0.0,0,4.1258,0.0,0.0,False
2024-08-01,ADI,buy_call,6.949,1,1.4954,-5.4536,-0.054536,False
2024-08-01,ADP,buy_call,1.4757,1,5.0606,3.5849,0.035849,False
2024-08-01,AMAT,skip,0.0,0,-7.0405,0.0,0.0,False
2024-08-01,AMD,skip,0.0,0,2.8239,0.0,0.0,False
2024-08-01,AMGN,buy_call,1.9124,1,0.4091,-1.5034,-0.015034,False
2024-08-01,AMZN,skip,0.0,0,-4.5352,0.0,0.0,False
2024-08-01,ANET,skip,0.0,0,1.9709,0.0,0.0,False
2024-08-01,AVGO,buy_call,6.949,1,1.3319,-5.6171,-0.056171,False
2024-08-01,AXP,buy_call,2.7116,1,2.5215,-0.1901,-0.001901,False
2024-08-01,BA,buy_call,3.0,1,-8.8458,-3.0,-0.03,False
2024-08-01,BAC,buy_call,2.726,1,1.0915,-1.6345,-0.016345,False
2024-08-01,BKNG,skip,0.0,0,5.228,0.0,0.0,False
2024-08-01,BLK,buy_call,1.8302,1,2.8876,1.0574,0.010574,False
2024-08-01,BMY,buy_call,1.9124,1,6.6222,4.7098,0.047098,False
2024-08-01,BRK-B,buy_call,1.3412,1,8.5336,7.1925,0.071925,False
2024-08-01,BSX,skip,0.0,0,10.7066,0.0,0.0,False
2024-08-01,CAT,buy_call,2.3111,1,3.2785,0.9674,0.009674,False
2024-08-01,CMCSA,buy_call,3.0673,1,-3.3339,-3.0673,-0.030673,False
2024-08-01,CMG,skip,0.0,0,3.2401,0.0,0.0,False
2024-08-01,COST,skip,0.0,0,8.7166,0.0,0.0,False
2024-08-01,CRM,buy_call,3.1317,1,-2.1276,-3.1317,-0.031317,False
2024-08-01,CSCO,buy_call,1.4757,1,5.2074,3.7317,0.037317,False
2024-08-01,CVS,buy_call,2.4573,1,-4.0507,-2.4573,-0.024573,False
2024-08-01,CVX,buy_call,3.198,1,-7.8021,-3.198,-0.03198,False
2024-08-01,DE,skip,0.0,0,3.6991,0.0,0.0,False
2024-08-01,DHR,buy_call,1.2713,1,-2.8042,-1.2713,-0.012713,False
2024-08-01,DUK,buy_call,1.2064,1,4.283,3.0765,0.030765,False
2024-08-01,ELV,skip,0.0,0,4.6727,0.0,0.0,False
2024-08-01,EQIX,buy_call,1.4757,1,5.5831,4.1074,0.041074,False
2024-08-01,ETN,skip,0.0,0,0.7021,0.0,0.0,False
2024-08-01,GE,buy_call,2.3111,1,2.7706,0.4595,0.004595,False
2024-08-01,GILD,buy_call,1.9124,1,3.8654,1.9529,0.019529,False
2024-08-01,GOOGL,skip,0.0,0,-4.7569,0.0,0.0,False
2024-08-01,GS,buy_call,1.8302,1,0.2397,-1.5905,-0.015905,False
2024-08-01,HD,buy_call,2.2832,1,0.0924,-2.1909,-0.021909,False
2024-08-01,HON,skip,0.0,0,1.5433,0.0,0.0,False
2024-08-01,IBM,buy_call,1.4757,1,5.1994,3.7236,0.037236,False
2024-08-01,ICE,buy_call,3.0,1,6.5914,3.5914,0.035914,False
2024-08-01,INTC,skip,0.0,0,-28.3019,0.0,0.0,False
2024-08-01,INTU,skip,0.0,0,-2.5051,0.0,0.0,False
2024-08-01,ISRG,skip,0.0,0,10.8005,0.0,0.0,False
2024-08-01,JNJ,buy_call,1.0418,1,5.0744,4.0326,0.040326,False
2024-08-01,JPM,buy_call,1.8302,1,6.2245,4.3943,0.043943,False
2024-08-01,KLAC,skip,0.0,0,-0.4422,0.0,0.0,False
2024-08-01,KO,buy_call,1.2064,1,8.5856,7.3791,0.073791,False
2024-08-01,LLY,skip,0.0,0,19.3654,0.0,0.0,False
2024-08-01,LMT,buy_call,2.3111,1,4.831,2.5199,0.025199,False
2024-08-01,LOW,buy_call,2.2832,1,1.7087,-0.5745,-0.005745,False
2024-08-01,LRCX,skip,0.0,0,-10.8799,0.0,0.0,False
2024-08-01,MA,buy_call,2.7116,1,4.3876,1.676,0.01676,False
2024-08-01,MCD,buy_call,1.2064,1,8.7641,7.5577,0.075577,False
2024-08-01,MCK,buy_call,3.0,1,-9.0661,-3.0,-0.03,False
2024-08-01,MDLZ,buy_call,2.9451,1,5.0622,2.1171,0.021171,False
2024-08-01,MDT,buy_call,1.2713,1,10.2839,9.0126,0.090126,False
2024-08-01,META,skip,0.0,0,9.7888,0.0,0.0,False
2024-08-01,MRK,skip,0.0,0,4.7026,0.0,0.0,False
2024-08-01,MS,buy_call,1.8302,1,1.2906,-0.5396,-0.005396,False
2024-08-01,MSFT,skip,0.0,0,-0.2892,0.0,0.0,False
2024-08-01,MU,skip,0.0,0,-12.2891,0.0,0.0,False
2024-08-01,NEE,buy_call,1.2064,1,5.3934,4.187,0.04187,False
2024-08-01,NFLX,skip,0.0,0,11.6177,0.0,0.0,False
2024-08-01,NKE,skip,0.0,0,11.3011,0.0,0.0,False
2024-08-01,NOW,buy_call,4.5093,1,4.9866,0.4773,0.004773,False
2024-08-01,NVDA,skip,0.0,0,2.0082,0.0,0.0,False
2024-08-01,ORCL,skip,0.0,0,1.6055,0.0,0.0,False
2024-08-01,PANW,skip,0.0,0,11.6989,0.0,0.0,False
2024-08-01,PEP,buy_call,2.9451,1,0.1216,-2.8234,-0.028234,False
2024-08-01,PG,skip,0.0,0,7.3474,0.0,0.0,False
2024-08-01,PGR,buy_call,1.8302,1,17.8402,16.01,0.1601,False
2024-08-01,PLD,buy_call,1.4757,1,1.4042,-0.0715,-0.000715,False
2024-08-01,PM,buy_call,2.9451,1,7.0597,4.1147,0.041147,False
2024-08-01,QCOM,skip,0.0,0,-3.1224,0.0,0.0,False
2024-08-01,SBUX,buy_call,1.2064,1,21.3214,20.115,0.20115,False
2024-08-01,SCHW,skip,0.0,0,-0.1381,0.0,0.0,False
2024-08-01,SO,buy_call,1.2064,1,3.4483,2.2419,0.022419,False
2024-08-01,SPGI,buy_call,1.8302,1,5.8816,4.0514,0.040514,False
2024-08-01,SYK,skip,0.0,0,10.0687,0.0,0.0,False
2024-08-01,TJX,buy_call,1.212,1,3.7604,2.5484,0.025484,False
2024-08-01,TMO,buy_call,2.8895,1,0.2821,-2.6074,-0.026074,False
2024-08-01,TMUS,buy_call,3.0673,1,9.0191,5.9518,0.059518,False
2024-08-01,TSLA,buy_call,5.0922,1,-7.739,-5.0922,-0.050922,False
2024-08-01,TXN,buy_call,6.949,1,5.8512,-1.0977,-0.010977,False
2024-08-01,UBER,skip,0.0,0,13.4326,0.0,0.0,False
2024-08-01,UNH,buy_call,2.4573,1,2.4368,-0.0204,-0.000204,False
2024-08-01,UNP,buy_call,2.3111,1,3.7936,1.4825,0.014825,False
2024-08-01,V,buy_call,1.3808,1,4.0276,2.6468,0.026468,False
2024-08-01,VRTX,buy_call,1.9124,1,0.0343,-1.8781,-0.018781,False
2024-08-01,VZ,skip,0.0,0,4.797,0.0,0.0,False
2024-08-01,WFC,skip,0.0,0,-1.4661,0.0,0.0,False
2024-08-01,WM,skip,0.0,0,4.6284,0.0,0.0,False
2024-08-01,XOM,buy_call,2.3111,1,-0.5481,-2.3111,-0.023111,False
2024-08-01,ZTS,buy_call,1.9124,1,2.1587,0.2462,0.002462,False
2024-09-01,AAPL,buy_call,2.656,1,1.8645,-0.7915,-0.007915,False
2024-09-01,ABBV,buy_call,1.9141,1,0.596,-1.3181,-0.013181,False
2024-09-01,ABNB,skip,0.0,0,8.0982,0.0,0.0,False
2024-09-01,ABT,buy_call,3.3629,1,0.6533,-2.7096,-0.027096,False
2024-09-01,ACN,buy_call,2.8415,1,3.3718,0.5304,0.005304,False
2024-09-01,ADBE,buy_call,2.4271,1,-9.8588,-2.4271,-0.024271,False
2024-09-01,ADI,buy_call,3.9443,1,-1.9886,-3.9443,-0.039443,False
2024-09-01,ADP,buy_call,3.6883,1,0.2972,-3.3911,-0.033911,False
2024-09-01,AMAT,skip,0.0,0,2.6246,0.0,0.0,False
2024-09-01,AMD,buy_call,4.6779,1,10.447,5.7691,0.057691,False
2024-09-01,AMGN,buy_call,1.9141,1,-2.8088,-1.9141,-0.019141,False
2024-09-01,AMZN,skip,0.0,0,4.3866,0.0,0.0,False
2024-09-01,ANET,buy_call,3.0,1,8.614,5.614,0.05614,False
2024-09-01,AVGO,buy_call,3.9443,1,5.9452,2.0008,0.020008,False
2024-09-01,AXP,buy_call,2.2768,1,4.8521,2.5753,0.025753,False
2024-09-01,BA,skip,0.0,0,-12.4899,0.0,0.0,False
2024-09-01,BAC,buy_call,3.2933,1,-2.6258,-3.2933,-0.032933,False
2024-09-01,BKNG,buy_call,3.0,1,7.7481,4.7481,0.047481,False
2024-09-01,BLK,buy_call,2.9348,1,5.2894,2.3545,0.023545,False
2024-09-01,BMY,buy_call,1.9141,1,3.5836,1.6695,0.016695,False
2024-09-01,BRK-B,buy_call,1.3496,1,-3.2905,-1.3496,-0.013496,False
2024-09-01,BSX,buy_call,3.3629,1,2.4575,-0.9053,-0.009053,False
2024-09-01,CAT,buy_call,2.3218,1,9.8343,7.5125,0.075125,False
2024-09-01,CMCSA,skip,0.0,0,5.5598,0.0,0.0,False
2024-09-01,CMG,buy_call,3.0,1,2.7461,-0.2539,-0.002539,False
2024-09-01,COST,buy_call,2.0406,1,-0.6567,-2.0406,-0.020406,False
2024-09-01,CRM,skip,0.0,0,8.2285,0.0,0.0,False
2024-09-01,CSCO,buy_call,3.6883,1,5.3027,1.6145,0.016145,False
2024-09-01,CVS,skip,0.0,0,9.8532,0.0,0.0,False
2024-09-01,CVX,skip,0.0,0,0.6545,0.0,0.0,False
2024-09-01,DE,buy_call,2.3218,1,8.1895,5.8677,0.058677,False
2024-09-01,DHR,skip,0.0,0,3.2342,0.0,0.0,False
2024-09-01,DUK,buy_call,1.7734,1,2.1283,0.3548,0.003548,False
2024-09-01,ELV,buy_call,3.2122,1,-6.6243,-3.2122,-0.032122,False
2024-09-01,EQIX,buy_call,3.6883,1,6.9335,3.2452,0.032452,False
2024-09-01,ETN,buy_call,2.3218,1,8.3489,6.0272,0.060272,False
2024-09-01,GE,buy_call,2.3218,1,7.9945,5.6727,0.056727,False
2024-09-01,GILD,buy_call,1.9141,1,6.1266,4.2124,0.042124,False
2024-09-01,GOOGL,skip,0.0,0,1.5118,0.0,0.0,False
2024-09-01,GS,buy_call,2.9348,1,-2.3931,-2.9348,-0.029348,False
2024-09-01,HD,buy_call,2.0257,1,10.6272,8.6015,0.086015,False
2024-09-01,HON,buy_call,3.6883,1,-0.0332,-3.6883,-0.036883,False
2024-09-01,IBM,buy_call,3.6883,1,10.3318,6.6435,0.066435,False
2024-09-01,ICE,buy_call,3.0,1,-0.5633,-3.0,-0.03,False
2024-09-01,INTC,skip,0.0,0,7.1181,0.0,0.0,False
2024-09-01,INTU,skip,0.0,0,-1.4692,0.0,0.0,False
2024-09-01,ISRG,buy_call,3.3629,1,-0.2761,-3.3629,-0.033629,False
2024-09-01,JNJ,buy_call,2.4458,1,-1.5495,-2.4458,-0.024458,False
2024-09-01,JPM,buy_call,2.9348,1,-6.2011,-2.9348,-0.029348,False
2024-09-01,KLAC,skip,0.0,0,-5.3211,0.0,0.0,False
2024-09-01,KO,buy_call,1.7734,1,-0.8417,-1.7734,-0.017734,False
2024-09-01,LLY,buy_call,3.1342,1,-7.5876,-3.1342,-0.031342,False
2024-09-01,LMT,buy_call,2.3218,1,2.8974,0.5756,0.005756,False
2024-09-01,LOW,buy_call,2.0257,1,8.994,6.9683,0.069683,False
2024-09-01,LRCX,skip,0.0,0,-0.6005,0.0,0.0,False
2024-09-01,MA,buy_call,2.2768,1,2.1641,-0.1127,-0.001127,False
2024-09-01,MCD,buy_call,1.7734,1,5.4909,3.7175,0.037175,False
2024-09-01,MCK,skip,0.0,0,-11.768,0.0,0.0,False
2024-09-01,MDLZ,buy_call,2.1721,1,2.5902,0.4181,0.004181,False
2024-09-01,MDT,buy_call,3.3629,1,1.6369,-1.7259,-0.017259,False
2024-09-01,META,buy_call,3.2432,1,9.808,6.5648,0.065648,False
2024-09-01,MRK,buy_call,2.2064,1,-4.1283,-2.2064,-0.022064,False
2024-09-01,MS,buy_call,2.9348,1,0.608,-2.3268,-0.023268,False
2024-09-01,MSFT,skip,0.0,0,3.3407,0.0,0.0,False
2024-09-01,MU,skip,0.0,0,7.7619,0.0,0.0,False
2024-09-01,NEE,buy_call,1.7734,1,5.6732,3.8997,0.038997,False
2024-09-01,NFLX,buy_call,4.4729,1,1.1293,-3.3436,-0.033436,False
2024-09-01,NKE,buy_call,3.5085,1,6.097,2.5885,0.025885,False
2024-09-01,NOW,buy_call,2.3305,1,4.607,2.2765,0.022765,False
2024-09-01,NVDA,buy_call,4.6779,1,1.7341,-2.9438,-0.029438,False
2024-09-01,ORCL,buy_call,2.5986,1,20.603,18.0044,0.180044,False
2024-09-01,PANW,buy_call,3.638,1,-5.7675,-3.638,-0.03638,False
2024-09-01,PEP,buy_call,2.1721,1,-1.637,-2.1721,-0.021721,False
2024-09-01,PG,buy_call,2.806,1,0.9677,-1.8383,-0.018383,False
2024-09-01,PGR,buy_call,2.9348,1,0.6186,-2.3163,-0.023163,False
2024-09-01,PLD,buy_call,3.6883,1,-1.2048,-3.6883,-0.036883,False
2024-09-01,PM,buy_call,2.1721,1,-1.533,-2.1721,-0.021721,False
2024-09-01,QCOM,skip,0.0,0,-2.9949,0.0,0.0,False
2024-09-01,SBUX,buy_call,1.7734,1,3.7107,1.9373,0.019373,False
2024-09-01,SCHW,skip,0.0,0,-0.0474,0.0,0.0,False
2024-09-01,SO,buy_call,1.7734,1,5.2424,3.4689,0.034689,False
2024-09-01,SPGI,buy_call,2.9348,1,0.8414,-2.0935,-0.020935,False
2024-09-01,SYK,buy_call,3.3629,1,0.2331,-3.1298,-0.031298,False
2024-09-01,TJX,buy_call,2.0329,1,0.576,-1.4569,-0.014569,False
2024-09-01,TMO,buy_call,3.1253,1,0.5691,-2.5562,-0.025562,False
2024-09-01,TMUS,buy_call,3.4905,1,4.1831,0.6925,0.006925,False
2024-09-01,TSLA,skip,0.0,0,22.1942,0.0,0.0,False
2024-09-01,TXN,buy_call,3.9443,1,-3.6251,-3.9443,-0.039443,False
2024-09-01,UBER,buy_call,3.0,1,2.7759,-0.2241,-0.002241,False
2024-09-01,UNH,buy_call,3.2122,1,-0.9353,-3.2122,-0.032122,False
2024-09-01,UNP,buy_call,2.3218,1,-3.2405,-2.3218,-0.023218,False
2024-09-01,V,buy_call,2.5571,1,-0.3143,-2.5571,-0.025571,False
2024-09-01,VRTX,buy_call,1.9141,1,-6.2131,-1.9141,-0.019141,False
2024-09-01,VZ,buy_call,3.4905,1,7.4916,4.0011,0.040011,False
2024-09-01,WFC,skip,0.0,0,-2.6483,0.0,0.0,False
2024-09-01,WM,buy_call,3.0,1,-2.0939,-3.0,-0.03,False
2024-09-01,XOM,skip,0.0,0,0.1897,0.0,0.0,False
2024-09-01,ZTS,buy_call,1.9141,1,6.4799,4.5658,0.045658,False
2024-10-01,AAPL,buy_call,3.2853,1,-3.0429,-3.2853,-0.032853,False
2024-10-01,ABBV,buy_call,4.0084,1,3.2358,-0.7727,-0.007727,False
2024-10-01,ABNB,buy_call,3.0,1,6.2929,3.2929,0.032929,False
2024-10-01,ABT,buy_call,2.5279,1,-0.5614,-2.5279,-0.025279,False
2024-10-01,ACN,buy_call,1.7576,1,-2.4499,-1.7576,-0.017576,False
2024-10-01,ADBE,skip,0.0,0,-7.6674,0.0,0.0,False
2024-10-01,ADI,skip,0.0,0,-2.6861,0.0,0.0,False
2024-10-01,ADP,buy_call,3.074,1,5.0489,1.975,0.01975,False
2024-10-01,AMAT,buy_call,4.2818,1,-10.1312,-4.2818,-0.042818,False
2024-10-01,AMD,buy_call,6.994,1,-12.1953,-6.994,-0.06994,False
2024-10-01,AMGN,skip,0.0,0,-0.6362,0.0,0.0,False
2024-10-01,AMZN,buy_call,4.9015,1,0.0376,-4.864,-0.04864,False
2024-10-01,ANET,buy_call,3.0,1,0.6826,-2.3174,-0.023174,False
2024-10-01,AVGO,buy_call,4.2818,1,-1.2589,-4.2818,-0.042818,False
2024-10-01,AXP,buy_call,2.2526,1,-0.413,-2.2526,-0.022526,False
2024-10-01,BA,skip,0.0,0,-1.7956,0.0,0.0,False
2024-10-01,BAC,skip,0.0,0,6.0803,0.0,0.0,False
2024-10-01,BKNG,buy_call,3.0,1,11.2764,8.2764,0.082764,False
2024-10-01,BLK,buy_call,2.4905,1,3.931,1.4406,0.014406,False
2024-10-01,BMY,buy_call,4.0084,1,7.789,3.7805,0.037805,False
2024-10-01,BRK-B,skip,0.0,0,-2.0293,0.0,0.0,False
2024-10-01,BSX,buy_call,2.5279,1,0.2625,-2.2654,-0.022654,False
2024-10-01,CAT,buy_call,3.1701,1,-3.8147,-3.1701,-0.031701,False
2024-10-01,CMCSA,buy_call,1.3939,1,4.5487,3.1548,0.031548,False
2024-10-01,CMG,buy_call,3.0,1,-3.2107,-3.0,-0.03,False
2024-10-01,COST,skip,0.0,0,-1.392,0.0,0.0,False
2024-10-01,CRM,buy_call,3.2719,1,6.6192,3.3473,0.033473,False
2024-10-01,CSCO,buy_call,3.074,1,2.9124,-0.1615,-0.001615,False
2024-10-01,CVS,buy_call,2.383,1,-10.2099,-2.383,-0.02383,False
2024-10-01,CVX,buy_call,3.3503,1,1.0525,-2.2979,-0.022979,False
2024-10-01,DE,buy_call,3.1701,1,-2.6865,-3.1701,-0.031701,False
2024-10-01,DHR,buy_call,2.5279,1,-11.5532,-2.5279,-0.025279,False
2024-10-01,DUK,buy_call,1.7657,1,-0.026,-1.7657,-0.017657,False
2024-10-01,ELV,skip,0.0,0,-21.7346,0.0,0.0,False
2024-10-01,EQIX,buy_call,3.074,1,2.3039,-0.7701,-0.007701,False
2024-10-01,ETN,buy_call,3.1701,1,0.0422,-3.1278,-0.031278,False
2024-10-01,GE,buy_call,3.1701,1,-8.7738,-3.1701,-0.031701,False
2024-10-01,GILD,buy_call,4.0084,1,6.93,2.9216,0.029216,False
2024-10-01,GOOGL,buy_call,3.971,1,3.3084,-0.6625,-0.006625,False
2024-10-01,GS,skip,0.0,0,4.5808,0.0,0.0,False
2024-10-01,HD,buy_call,3.0934,1,-2.8258,-3.0934,-0.030934,False
2024-10-01,HON,skip,0.0,0,-0.4983,0.0,0.0,False
2024-10-01,IBM,buy_call,3.074,1,-6.4954,-3.074,-0.03074,False
2024-10-01,ICE,skip,0.0,0,-2.698,0.0,0.0,False
2024-10-01,INTC,buy_call,4.2818,1,-8.2694,-4.2818,-0.042818,False
2024-10-01,INTU,skip,0.0,0,-1.723,0.0,0.0,False
2024-10-01,ISRG,skip,0.0,0,2.5587,0.0,0.0,False
2024-10-01,JNJ,skip,0.0,0,-1.3575,0.0,0.0,False
2024-10-01,JPM,skip,0.0,0,5.2452,0.0,0.0,False
2024-10-01,KLAC,skip,0.0,0,-13.9693,0.0,0.0,False
2024-10-01,KO,skip,0.0,0,-8.4919,0.0,0.0,False
2024-10-01,LLY,skip,0.0,0,-6.3436,0.0,0.0,False
2024-10-01,LMT,buy_call,3.1701,1,-6.067,-3.1701,-0.031701,False
2024-10-01,LOW,buy_call,3.0934,1,-3.3303,-3.0934,-0.030934,False
2024-10-01,LRCX,skip,0.0,0,-8.6166,0.0,0.0,False
2024-10-01,MA,buy_call,2.2526,1,1.1725,-1.0801,-0.010801,False
2024-10-01,MCD,buy_call,1.7657,1,-3.5139,-1.7657,-0.017657,False
2024-10-01,MCK,skip,0.0,0,1.2479,0.0,0.0,False
2024-10-01,MDLZ,buy_call,1.7296,1,-6.4524,-1.7296,-0.017296,False
2024-10-01,MDT,buy_call,2.5279,1,-0.0845,-2.5279,-0.025279,False
2024-10-01,META,buy_call,5.6133,1,-0.7544,-5.6133,-0.056133,False
2024-10-01,MRK,skip,0.0,0,-9.295,0.0,0.0,False
2024-10-01,MS,buy_call,2.4905,1,11.5215,9.031,0.09031,False
2024-10-01,MSFT,buy_call,3.2026,1,-5.5659,-3.2026,-0.032026,False
2024-10-01,MU,buy_call,6.994,1,-3.9148,-6.994,-0.06994,False
2024-10-01,NEE,buy_call,1.7657,1,-6.2463,-1.7657,-0.017657,False
2024-10-01,NFLX,buy_call,2.7392,1,6.5927,3.8535,0.038535,False
2024-10-01,NKE,buy_call,3.5085,1,-12.3597,-3.5085,-0.035085,False
2024-10-01,NOW,buy_call,2.32,1,4.3158,1.9958,0.019958,False
2024-10-01,NVDA,buy_call,6.994,1,9.3308,2.3368,0.023368,False
2024-10-01,ORCL,buy_call,2.1172,1,-1.5024,-2.1172,-0.021172,False
2024-10-01,PANW,skip,0.0,0,5.4213,0.0,0.0,False
2024-10-01,PEP,skip,0.0,0,-1.5909,0.0,0.0,False
2024-10-01,PG,buy_call,2.6793,1,-4.6305,-2.6793,-0.026793,False
2024-10-01,PGR,buy_call,2.4905,1,-4.3072,-2.4905,-0.024905,False
2024-10-01,PLD,skip,0.0,0,-9.8984,0.0,0.0,False
2024-10-01,PM,skip,0.0,0,10.5343,0.0,0.0,False
2024-10-01,QCOM,skip,0.0,0,-3.7864,0.0,0.0,False
2024-10-01,SBUX,buy_call,1.7657,1,0.2154,-1.5503,-0.015503,False
2024-10-01,SCHW,skip,0.0,0,9.2887,0.0,0.0,False
2024-10-01,SO,buy_call,1.7657,1,0.9426,-0.8232,-0.008232,False
2024-10-01,SPGI,buy_call,2.4905,1,-7.0187,-2.4905,-0.024905,False
2024-10-01,SYK,buy_call,2.5279,1,-1.159,-2.5279,-0.025279,False
2024-10-01,TJX,buy_call,3.2628,1,-3.837,-3.2628,-0.032628,False
2024-10-01,TMO,buy_call,1.7787,1,-11.624,-1.7787,-0.017787,False
2024-10-01,TMUS,buy_call,1.3939,1,8.1411,6.7472,0.067472,False
2024-10-01,TSLA,buy_call,6.6443,1,-4.5025,-6.6443,-0.066443,False
2024-10-01,TXN,skip,0.0,0,-1.6508,0.0,0.0,False
2024-10-01,UBER,buy_call,3.0,1,-4.1378,-3.0,-0.03,False
2024-10-01,UNH,skip,0.0,0,-3.1091,0.0,0.0,False
2024-10-01,UNP,skip,0.0,0,-5.8463,0.0,0.0,False
2024-10-01,V,skip,0.0,0,5.4192,0.0,0.0,False
2024-10-01,VRTX,skip,0.0,0,2.3437,0.0,0.0,False
2024-10-01,VZ,buy_call,1.3939,1,-6.1902,-1.3939,-0.013939,False
2024-10-01,WFC,skip,0.0,0,14.923,0.0,0.0,False
2024-10-01,WM,skip,0.0,0,4.3505,0.0,0.0,False
2024-10-01,XOM,buy_call,3.1701,1,-0.3754,-3.1701,-0.031701,False
2024-10-01,ZTS,buy_call,4.0084,1,-8.4963,-4.0084,-0.040084,False
2024-11-01,AAPL,skip,0.0,0,5.0551,0.0,0.0,True
2024-11-01,ABBV,buy_call,1.9519,4,-9.5547,-1.9519,-0.078076,True
2024-11-01,ABNB,buy_call,3.0,4,0.9793,-2.0207,-0.080828,True
2024-11-01,ABT,skip,0.0,0,5.2569,0.0,0.0,True
2024-11-01,ACN,skip,0.0,0,5.5174,0.0,0.0,True
2024-11-01,ADBE,skip,0.0,0,7.9171,0.0,0.0,True
2024-11-01,ADI,skip,0.0,0,-2.2679,0.0,0.0,True
2024-11-01,ADP,buy_call,2.0537,4,6.116,4.0624,0.162496,True
2024-11-01,AMAT,skip,0.0,0,-3.7834,0.0,0.0,True
2024-11-01,AMD,skip,0.0,0,-4.7824,0.0,0.0,True
2024-11-01,AMGN,skip,0.0,0,-11.6473,0.0,0.0,True
2024-11-01,AMZN,buy_call,3.2703,4,11.529,8.2587,0.330348,True
2024-11-01,ANET,buy_call,3.0,4,5.015,2.015,0.0806,True
2024-11-01,AVGO,skip,0.0,0,-4.5296,0.0,0.0,True
2024-11-01,AXP,skip,0.0,0,13.1058,0.0,0.0,True
2024-11-01,BA,skip,0.0,0,4.1056,0.0,0.0,True
2024-11-01,BAC,buy_call,2.4783,4,13.6059,11.1276,0.445104,True
2024-11-01,BKNG,buy_call,3.0,4,11.2425,8.2425,0.3297,True
2024-11-01,BLK,buy_call,1.9417,4,4.2578,2.316,0.09264,True
2024-11-01,BMY,buy_call,1.9519,4,7.3748,5.4229,0.216916,True
2024-11-01,BRK-B,skip,0.0,0,7.1188,0.0,0.0,True
2024-11-01,BSX,buy_call,1.7462,4,7.9029,6.1567,0.246268,True
2024-11-01,CAT,skip,0.0,0,8.3384,0.0,0.0,True
2024-11-01,CMCSA,buy_call,1.65,4,-0.3584,-1.65,-0.066,True
2024-11-01,CMG,skip,0.0,0,10.3102,0.0,0.0,True
2024-11-01,COST,skip,0.0,0,11.1762,0.0,0.0,True
2024-11-01,CRM,buy_call,4.6498,4,13.2546,8.6048,0.344192,True
2024-11-01,CSCO,buy_call,2.0537,4,8.9328,6.8791,0.275164,True
2024-11-01,CVS,skip,0.0,0,7.1855,0.0,0.0,True
2024-11-01,CVX,buy_call,1.6904,4,8.8093,7.1188,0.284752,True
2024-11-01,DE,skip,0.0,0,15.1251,0.0,0.0,True
2024-11-01,DHR,skip,0.0,0,-2.4302,0.0,0.0,True
2024-11-01,DUK,skip,0.0,0,1.5442,0.0,0.0,True
2024-11-01,ELV,skip,0.0,0,0.2957,0.0,0.0,True
2024-11-01,EQIX,buy_call,2.0537,4,8.083,6.0293,0.241172,True
2024-11-01,ETN,buy_call,2.1605,4,13.2216,11.061,0.44244,True
2024-11-01,GE,skip,0.0,0,6.0426,0.0,0.0,True
2024-11-01,GILD,buy_call,1.9519,4,4.2333,2.2814,0.091256,True
2024-11-01,GOOGL,buy_call,2.5446,4,-1.2623,-2.5446,-0.101784,True
2024-11-01,GS,buy_call,1.9417,4,17.5322,15.5905,0.62362,True
2024-11-01,HD,skip,0.0,0,8.9854,0.0,0.0,True
2024-11-01,HON,skip,0.0,0,13.2487,0.0,0.0,True
2024-11-01,IBM,skip,0.0,0,10.0087,0.0,0.0,True
2024-11-01,ICE,skip,0.0,0,3.2656,0.0,0.0,True
2024-11-01,INTC,skip,0.0,0,11.7565,0.0,0.0,True
2024-11-01,INTU,skip,0.0,0,5.3261,0.0,0.0,True
2024-11-01,ISRG,buy_call,1.7462,4,7.5738,5.8276,0.233104,True
2024-11-01,JNJ,skip,0.0,0,-3.0339,0.0,0.0,True
2024-11-01,JPM,buy_call,1.9417,4,13.2166,11.2749,0.450996,True
2024-11-01,KLAC,skip,0.0,0,-2.8819,0.0,0.0,True
2024-11-01,KO,skip,0.0,0,-1.8833,0.0,0.0,True
2024-11-01,LLY,skip,0.0,0,-4.1447,0.0,0.0,True
2024-11-01,LMT,skip,0.0,0,-3.0473,0.0,0.0,True
2024-11-01,LOW,skip,0.0,0,4.4899,0.0,0.0,True
2024-11-01,LRCX,skip,0.0,0,-0.6321,0.0,0.0,True
2024-11-01,MA,buy_call,1.9791,4,6.8173,4.8382,0.193528,True
2024-11-01,MCD,skip,0.0,0,1.3351,0.0,0.0,True
2024-11-01,MCK,buy_call,3.0,4,25.5518,22.5518,0.902072,True
2024-11-01,MDLZ,skip,0.0,0,-5.1548,0.0,0.0,True
2024-11-01,MDT,skip,0.0,0,-3.0364,0.0,0.0,True
2024-11-01,META,skip,0.0,0,1.1875,0.0,0.0,True
2024-11-01,MRK,skip,0.0,0,-0.6646,0.0,0.0,True
2024-11-01,MS,buy_call,1.9417,4,14.108,12.1663,0.486652,True
2024-11-01,MSFT,skip,0.0,0,4.2107,0.0,0.0,True
2024-11-01,MU,skip,0.0,0,-1.5953,0.0,0.0,True
2024-11-01,NEE,skip,0.0,0,-0.7319,0.0,0.0,True
2024-11-01,NFLX,buy_call,2.6202,4,17.2983,14.6781,0.587124,True
2024-11-01,NKE,skip,0.0,0,2.1263,0.0,0.0,True
2024-11-01,NOW,buy_call,2.4622,4,12.4814,10.0192,0.400768,True
2024-11-01,NVDA,buy_call,4.4861,4,4.1353,-0.3508,-0.014032,True
2024-11-01,ORCL,skip,0.0,0,10.3763,0.0,0.0,True
2024-11-01,PANW,buy_call,4.6498,4,7.6291,2.9793,0.119172,True
2024-11-01,PEP,skip,0.0,0,-1.5836,0.0,0.0,True
2024-11-01,PG,skip,0.0,0,9.1621,0.0,0.0,True
2024-11-01,PGR,skip,0.0,0,10.7712,0.0,0.0,True
2024-11-01,PLD,skip,0.0,0,3.4,0.0,0.0,True
2024-11-01,PM,buy_call,2.1858,4,0.2713,-1.9145,-0.07658,True
2024-11-01,QCOM,skip,0.0,0,-2.6049,0.0,0.0,True
2024-11-01,SBUX,buy_call,1.8788,4,4.8721,2.9932,0.119728,True
2024-11-01,SCHW,buy_call,1.9417,4,16.8431,14.9014,0.596056,True
2024-11-01,SO,buy_call,1.8788,4,-2.0872,-1.8788,-0.075152,True
2024-11-01,SPGI,skip,0.0,0,8.7747,0.0,0.0,True
2024-11-01,SYK,skip,0.0,0,10.0679,0.0,0.0,True
2024-11-01,TJX,skip,0.0,0,11.2006,0.0,0.0,True
2024-11-01,TMO,skip,0.0,0,-3.055,0.0,0.0,True
2024-11-01,TMUS,buy_call,1.65,4,10.656,9.006,0.36024,True
2024-11-01,TSLA,skip,0.0,0,38.1469,0.0,0.0,True
2024-11-01,TXN,skip,0.0,0,-0.397,0.0,0.0,True
2024-11-01,UBER,skip,0.0,0,-0.1249,0.0,0.0,True
2024-11-01,UNH,skip,0.0,0,8.0957,0.0,0.0,True
2024-11-01,UNP,skip,0.0,0,5.4251,0.0,0.0,True
2024-11-01,V,buy_call,1.4828,4,8.7045,7.2217,0.288868,True
2024-11-01,VRTX,buy_call,1.9519,4,-1.6492,-1.9519,-0.078076,True
2024-11-01,VZ,skip,0.0,0,6.8886,0.0,0.0,True
2024-11-01,WFC,buy_call,2.7948,4,17.329,14.5342,0.581368,True
2024-11-01,WM,buy_call,3.0,4,5.7308,2.7308,0.109232,True
2024-11-01,XOM,skip,0.0,0,1.0104,0.0,0.0,True
2024-11-01,ZTS,skip,0.0,0,-1.7422,0.0,0.0,True
2024-12-01,AAPL,buy_call,1.7346,1,5.6316,3.897,0.03897,False
2024-12-01,ABBV,skip,0.0,0,-2.859,0.0,0.0,False
2024-12-01,ABNB,buy_call,3.0,1,-3.4531,-3.0,-0.03,False
2024-12-01,ABT,buy_call,2.8722,1,-4.7655,-2.8722,-0.028722,False
2024-12-01,ACN,buy_call,2.6731,1,-2.9197,-2.6731,-0.026731,False
2024-12-01,ADBE,buy_call,1.9081,1,-13.81,-1.9081,-0.019081,False
2024-12-01,ADI,skip,0.0,0,-2.5636,0.0,0.0,False
2024-12-01,ADP,buy_call,2.3845,1,-4.6265,-2.3845,-0.023845,False
2024-12-01,AMAT,skip,0.0,0,-6.6954,0.0,0.0,False
2024-12-01,AMD,skip,0.0,0,-11.9478,0.0,0.0,False
2024-12-01,AMGN,skip,0.0,0,-7.1219,0.0,0.0,False
2024-12-01,AMZN,buy_call,2.6873,1,5.5318,2.8445,0.028445,False
2024-12-01,ANET,buy_call,3.0,1,8.9448,5.9448,0.059448,False
2024-12-01,AVGO,skip,0.0,0,43.0405,0.0,0.0,False
2024-12-01,AXP,buy_call,2.7116,1,-2.5896,-2.7116,-0.027116,False
2024-12-01,BA,buy_call,3.0,1,13.8703,10.8703,0.108703,False
2024-12-01,BAC,buy_call,3.0021,1,-7.4931,-3.0021,-0.030021,False
2024-12-01,BKNG,buy_call,3.0,1,-4.4898,-3.0,-0.03,False
2024-12-01,BLK,buy_call,2.6639,1,0.2258,-2.438,-0.02438,False
2024-12-01,BMY,buy_call,3.1482,1,-4.4917,-3.1482,-0.031482,False
2024-12-01,BRK-B,buy_call,1.3621,1,-6.1571,-1.3621,-0.013621,False
2024-12-01,BSX,buy_call,2.8722,1,-1.4781,-2.8722,-0.028722,False
2024-12-01,CAT,buy_call,2.54,1,-10.6744,-2.54,-0.0254,False
2024-12-01,CMCSA,skip,0.0,0,-13.1049,0.0,0.0,False
2024-12-01,CMG,buy_call,3.0,1,-1.9831,-3.0,-0.03,False
2024-12-01,COST,buy_call,1.785,1,-5.5966,-1.785,-0.01785,False
2024-12-01,CRM,buy_call,2.5669,1,1.3152,-1.2517,-0.012517,False
2024-12-01,CSCO,buy_call,2.3845,1,-0.0169,-2.3845,-0.023845,False
2024-12-01,CVS,buy_call,3.321,1,-24.9958,-3.321,-0.03321,False
2024-12-01,CVX,buy_call,2.3417,1,-9.6415,-2.3417,-0.023417,False
2024-12-01,DE,buy_call,2.54,1,-9.0577,-2.54,-0.0254,False
2024-12-01,DHR,skip,0.0,0,-4.2305,0.0,0.0,False
2024-12-01,DUK,buy_call,1.766,1,-7.0765,-1.766,-0.01766,False
2024-12-01,ELV,buy_call,3.321,1,-9.3523,-3.321,-0.03321,False
2024-12-01,EQIX,buy_call,2.3845,1,-3.4765,-2.3845,-0.023845,False
2024-12-01,ETN,buy_call,2.54,1,-11.3516,-2.54,-0.0254,False
2024-12-01,GE,buy_call,2.54,1,-8.4376,-2.54,-0.0254,False
2024-12-01,GILD,buy_call,3.1482,1,-0.2268,-3.1482,-0.031482,False
2024-12-01,GOOGL,skip,0.0,0,12.045,0.0,0.0,False
2024-12-01,GS,buy_call,2.6639,1,-5.9073,-2.6639,-0.026639,False
2024-12-01,HD,buy_call,2.2924,1,-8.8765,-2.2924,-0.022924,False
2024-12-01,HON,buy_call,2.3845,1,-2.545,-2.3845,-0.023845,False
2024-12-01,IBM,buy_call,2.3845,1,-2.5714,-2.3845,-0.023845,False
2024-12-01,ICE,buy_call,3.0,1,-7.4242,-3.0,-0.03,False
2024-12-01,INTC,buy_call,4.6482,1,-16.632,-4.6482,-0.046482,False
2024-12-01,INTU,buy_call,2.9068,1,-2.0616,-2.9068,-0.029068,False
2024-12-01,ISRG,buy_call,2.8722,1,-3.6974,-2.8722,-0.028722,False
2024-12-01,JNJ,skip,0.0,0,-5.9542,0.0,0.0,False
2024-12-01,JPM,buy_call,2.6639,1,-4.0085,-2.6639,-0.026639,False
2024-12-01,KLAC,skip,0.0,0,-2.3433,0.0,0.0,False
2024-12-01,KO,skip,0.0,0,-2.1033,0.0,0.0,False
2024-12-01,LLY,skip,0.0,0,-2.7751,0.0,0.0,False
2024-12-01,LMT,skip,0.0,0,-8.211,0.0,0.0,False
2024-12-01,LOW,buy_call,2.2924,1,-9.4079,-2.2924,-0.022924,False
2024-12-01,LRCX,skip,0.0,0,-2.2333,0.0,0.0,False
2024-12-01,MA,buy_call,2.7116,1,-1.1953,-2.7116,-0.027116,False
2024-12-01,MCD,buy_call,1.766,1,-2.0675,-1.766,-0.01766,False
2024-12-01,MCK,buy_call,3.0,1,-9.3222,-3.0,-0.03,False
2024-12-01,MDLZ,skip,0.0,0,-8.037,0.0,0.0,False
2024-12-01,MDT,skip,0.0,0,-7.6959,0.0,0.0,False
2024-12-01,META,buy_call,3.1292,1,1.9484,-1.1808,-0.011808,False
2024-12-01,MRK,skip,0.0,0,-2.1252,0.0,0.0,False
2024-12-01,MS,buy_call,2.6639,1,-4.4753,-2.6639,-0.026639,False
2024-12-01,MSFT,buy_call,1.9081,1,-0.2636,-1.9081,-0.019081,False
2024-12-01,MU,skip,0.0,0,-14.0786,0.0,0.0,False
2024-12-01,NEE,skip,0.0,0,-8.2618,0.0,0.0,False
2024-12-01,NFLX,buy_call,2.8023,1,0.5086,-2.2938,-0.022938,False
2024-12-01,NKE,buy_call,3.3064,1,-3.9355,-3.3064,-0.033064,False
2024-12-01,NOW,buy_call,2.0741,1,1.0177,-1.0565,-0.010565,False
2024-12-01,NVDA,buy_call,4.7168,1,-2.8644,-4.7168,-0.047168,False
2024-12-01,ORCL,buy_call,3.033,1,-9.8463,-3.033,-0.03033,False
2024-12-01,PANW,buy_call,2.5669,1,-6.1627,-2.5669,-0.025669,False
2024-12-01,PEP,skip,0.0,0,-6.9685,0.0,0.0,False
2024-12-01,PG,buy_call,1.8952,1,-6.4766,-1.8952,-0.018952,False
2024-12-01,PGR,buy_call,2.6639,1,-10.8859,-2.6639,-0.026639,False
2024-12-01,PLD,buy_call,2.3845,1,-9.4879,-2.3845,-0.023845,False
2024-12-01,PM,buy_call,2.5485,1,-9.5521,-2.5485,-0.025485,False
2024-12-01,QCOM,skip,0.0,0,-3.0972,0.0,0.0,False
2024-12-01,SBUX,buy_call,1.766,1,-10.39,-1.766,-0.01766,False
2024-12-01,SCHW,buy_call,2.6639,1,-10.2661,-2.6639,-0.026639,False
2024-12-01,SO,skip,0.0,0,-6.878,0.0,0.0,False
2024-12-01,SPGI,buy_call,2.6639,1,-4.5182,-2.6639,-0.026639,False
2024-12-01,SYK,buy_call,2.8722,1,-8.1856,-2.8722,-0.028722,False
2024-12-01,TJX,buy_call,1.7094,1,-3.5841,-1.7094,-0.017094,False
2024-12-01,TMO,skip,0.0,0,-1.7748,0.0,0.0,False
2024-12-01,TMUS,buy_call,3.1848,1,-10.2916,-3.1848,-0.031848,False
2024-12-01,TSLA,buy_call,6.8221,1,17.0008,10.1787,0.101787,False
2024-12-01,TXN,skip,0.0,0,-6.7254,0.0,0.0,False
2024-12-01,UBER,skip,0.0,0,-16.1757,0.0,0.0,False
2024-12-01,UNH,buy_call,3.321,1,-17.0993,-3.321,-0.03321,False
2024-12-01,UNP,buy_call,2.54,1,-6.7931,-2.54,-0.0254,False
2024-12-01,V,buy_call,1.9747,1,0.4954,-1.4793,-0.014793,False
2024-12-01,VRTX,skip,0.0,0,-13.9769,0.0,0.0,False
2024-12-01,VZ,buy_call,3.1848,1,-9.8105,-3.1848,-0.031848,False
2024-12-01,WFC,buy_call,4.5166,1,-7.2539,-4.5166,-0.045166,False
2024-12-01,WM,buy_call,3.0,1,-11.5809,-3.0,-0.03,False
2024-12-01,XOM,buy_call,2.54,1,-8.0587,-2.54,-0.0254,False
2024-12-01,ZTS,skip,0.0,0,-7.03,0.0,0.0,False
