date,ticker,side,call_prem_pct,size,return_pct,pnl_pu_pct,pnl_contribution_pct,in_recovery
2015-02-01,AAPL,buy_call,3.1456,1,9.6449,6.4993,0.064993,False
2015-02-01,ABBV,buy_call,2.8264,1,1.0011,-1.8253,-0.018253,False
2015-02-01,ABT,buy_call,2.4594,1,6.3913,3.9319,0.039319,False
2015-02-01,ADBE,buy_call,2.8745,1,12.7905,9.9161,0.099161,False
2015-02-01,ADP,buy_call,3.0196,1,7.6457,4.6261,0.046261,False
2015-02-01,AMGN,buy_call,2.8264,1,3.586,0.7596,0.007596,False
2015-02-01,AMT,buy_call,3.0196,1,2.2589,-0.7607,-0.007607,False
2015-02-01,AMZN,buy_call,3.8265,1,7.2293,3.4028,0.034028,False
2015-02-01,AXP,buy_call,2.7116,1,1.4129,-1.2988,-0.012988,False
2015-02-01,BA,buy_call,3.0,1,3.7697,0.7697,0.007697,False
2015-02-01,BAC,buy_call,3.1976,1,4.3564,1.1588,0.011588,False
2015-02-01,BDX,buy_call,2.4594,1,6.2572,3.7978,0.037978,False
2015-02-01,BIIB,buy_call,2.8264,1,5.2498,2.4234,0.024234,False
2015-02-01,BLK,buy_call,2.7389,1,9.0775,6.3387,0.063387,False
2015-02-01,BMY,buy_call,2.8264,1,1.0785,-1.7479,-0.017479,False
2015-02-01,BRK-B,buy_call,1.809,1,2.4321,0.6231,0.006231,False
2015-02-01,C,buy_call,3.0,1,11.6744,8.6744,0.086744,False
2015-02-01,CAT,buy_call,3.2317,1,4.5139,1.2821,0.012821,False
2015-02-01,CL,buy_call,2.0993,1,5.4379,3.3386,0.033386,False
2015-02-01,CMCSA,buy_call,3.1005,1,12.1616,9.0611,0.090611,False
2015-02-01,COST,buy_call,2.5784,1,2.7764,0.198,0.00198,False
2015-02-01,CRM,buy_call,3.8947,1,22.9052,19.0105,0.190105,False
2015-02-01,CSCO,buy_call,3.0196,1,12.677,9.6574,0.096574,False
2015-02-01,CTSH,buy_call,3.0196,1,15.4443,12.4247,0.124247,False
2015-02-01,CVS,buy_call,2.9729,1,6.1935,3.2206,0.032206,False
2015-02-01,CVX,buy_call,3.0632,1,4.0476,0.9844,0.009844,False
2015-02-01,DD,buy_call,3.0196,1,9.0346,6.015,0.06015,False
2015-02-01,DHR,buy_call,2.4594,1,5.948,3.4886,0.034886,False
2015-02-01,DIS,buy_call,3.3259,1,14.4239,11.098,0.11098,False
2015-02-01,ELV,buy_call,2.9729,1,8.5136,5.5407,0.055407,False
2015-02-01,EOG,buy_call,3.2317,1,0.9745,-2.2573,-0.022573,False
2015-02-01,F,buy_call,3.2317,1,12.2144,8.9826,0.089826,False
2015-02-01,FDX,buy_call,3.0196,1,4.6538,1.6342,0.016342,False
2015-02-01,GE,buy_call,3.2317,1,8.7903,5.5586,0.055586,False
2015-02-01,GILD,buy_call,2.8264,1,-1.2401,-2.8264,-0.028264,False
2015-02-01,GIS,buy_call,2.2339,1,3.2935,1.0595,0.010595,False
2015-02-01,GM,buy_call,3.2317,1,14.3776,11.1459,0.111459,False
2015-02-01,GOOGL,buy_call,3.4858,1,4.6656,1.1798,0.011798,False
2015-02-01,GS,buy_call,2.7389,1,10.0807,7.3418,0.073418,False
2015-02-01,HAL,buy_call,3.2317,1,7.3768,4.1451,0.041451,False
2015-02-01,HD,buy_call,2.7959,1,9.8927,7.0968,0.070968,False
2015-02-01,HON,buy_call,3.0196,1,5.135,2.1154,0.021154,False
2015-02-01,IBM,buy_call,3.0196,1,5.6292,2.6096,0.026096,False
2015-02-01,INTC,buy_call,4.1737,1,0.6356,-3.5381,-0.035381,False
2015-02-01,ITW,buy_call,3.0196,1,6.1983,3.1787,0.031787,False
2015-02-01,JNJ,buy_call,2.057,1,2.3667,0.3097,0.003097,False
2015-02-01,JPM,buy_call,2.7389,1,13.4134,10.6745,0.106745,False
2015-02-01,KO,buy_call,1.9747,1,5.1737,3.1989,0.031989,False
2015-02-01,LLY,buy_call,3.5202,1,-2.5417,-3.5202,-0.035202,False
2015-02-01,LMT,buy_call,3.2317,1,6.2006,2.9689,0.029689,False
2015-02-01,LOW,buy_call,2.7959,1,9.7221,6.9262,0.069262,False
2015-02-01,LYB,buy_call,3.2317,1,8.6231,5.3914,0.053914,False
2015-02-01,MA,buy_call,2.7116,1,10.0865,7.3748,0.073748,False
2015-02-01,MCD,buy_call,1.9747,1,6.9882,5.0135,0.050135,False
2015-02-01,MDLZ,buy_call,2.2339,1,4.8241,2.5901,0.025901,False
2015-02-01,MDT,buy_call,2.4594,1,8.6695,6.2101,0.062101,False
2015-02-01,MET,buy_call,2.7389,1,9.3119,6.573,0.06573,False
2015-02-01,META,buy_call,4.3383,1,4.0311,-0.3072,-0.003072,False
2015-02-01,MMM,buy_call,3.0196,1,3.9125,0.8929,0.008929,False
2015-02-01,MO,buy_call,2.2339,1,6.0075,3.7736,0.037736,False
2015-02-01,MRK,buy_call,2.7192,1,-2.8865,-2.7192,-0.027192,False
2015-02-01,MS,buy_call,2.7389,1,6.1625,3.4237,0.034237,False
2015-02-01,MSFT,buy_call,2.8745,1,8.5395,5.6651,0.056651,False
2015-02-01,NEE,buy_call,1.9747,1,-5.2911,-1.9747,-0.019747,False
2015-02-01,NFLX,buy_call,4.4729,1,7.4943,3.0214,0.030214,False
2015-02-01,NKE,buy_call,3.5085,1,5.2792,1.7706,0.017706,False
2015-02-01,ORCL,buy_call,3.5955,1,4.8912,1.2958,0.012958,False
2015-02-01,PEP,buy_call,2.2339,1,5.5449,3.3109,0.033109,False
2015-02-01,PFE,buy_call,2.8264,1,9.824,6.9976,0.069976,False
2015-02-01,PG,buy_call,2.0993,1,1.7149,-0.3844,-0.003844,False
2015-02-01,PM,buy_call,2.2339,1,3.3898,1.1559,0.011559,False
2015-02-01,PPL,buy_call,1.9747,1,-3.9437,-1.9747,-0.019747,False
2015-02-01,PRU,buy_call,2.7389,1,6.5499,3.811,0.03811,False
2015-02-01,QCOM,buy_call,4.254,1,16.0903,11.8363,0.118363,False
2015-02-01,SBUX,buy_call,1.9747,1,6.8091,4.8343,0.048343,False
2015-02-01,SLB,buy_call,3.2317,1,2.1483,-1.0834,-0.010834,False
2015-02-01,SO,buy_call,1.9747,1,-9.72,-1.9747,-0.019747,False
2015-02-01,SPG,buy_call,3.0196,1,-4.178,-3.0196,-0.030196,False
2015-02-01,T,buy_call,3.1005,1,6.9628,3.8623,0.038623,False
2015-02-01,TGT,buy_call,2.4474,1,4.3744,1.927,0.01927,False
2015-02-01,TMO,buy_call,2.8279,1,3.8255,0.9976,0.009976,False
2015-02-01,TXN,buy_call,4.1737,1,10.6957,6.5221,0.065221,False
2015-02-01,UNH,buy_call,2.9729,1,6.9459,3.973,0.03973,False
2015-02-01,UNP,buy_call,3.2317,1,2.6022,-0.6296,-0.006296,False
2015-02-01,USB,buy_call,2.7389,1,6.4424,3.7035,0.037035,False
2015-02-01,V,buy_call,2.5501,1,6.4336,3.8836,0.038836,False
2015-02-01,VZ,buy_call,3.1005,1,9.4618,6.3613,0.063613,False
2015-02-01,WFC,buy_call,3.4824,1,5.5277,2.0453,0.020453,False
2015-02-01,WMT,buy_call,2.4474,1,-1.2356,-2.4474,-0.024474,False
2015-02-01,XOM,buy_call,3.2317,1,1.2812,-1.9506,-0.019506,False
2015-03-01,AAPL,buy_call,3.1456,1,-2.7549,-3.1456,-0.031456,False
2015-03-01,ABBV,buy_call,2.8264,1,-3.2397,-2.8264,-0.028264,False
2015-03-01,ABT,buy_call,2.4594,1,-2.1955,-2.4594,-0.024594,False
2015-03-01,ADBE,buy_call,2.8745,1,-6.5234,-2.8745,-0.028745,False
2015-03-01,ADP,buy_call,3.0196,1,-3.6019,-3.0196,-0.030196,False
2015-03-01,AMGN,buy_call,2.8264,1,1.887,-0.9394,-0.009394,False
2015-03-01,AMT,buy_call,3.0196,1,-5.0333,-3.0196,-0.030196,False
2015-03-01,AMZN,buy_call,3.8265,1,-2.1202,-3.8265,-0.038265,False
2015-03-01,AXP,buy_call,2.7116,1,-4.2529,-2.7116,-0.027116,False
2015-03-01,BA,buy_call,3.0,1,0.1049,-2.8951,-0.028951,False
2015-03-01,BAC,buy_call,3.1976,1,-2.6565,-3.1976,-0.031976,False
2015-03-01,BDX,buy_call,2.4594,1,-2.1333,-2.4594,-0.024594,False
2015-03-01,BIIB,buy_call,2.8264,1,3.0885,0.262,0.00262,False
2015-03-01,BLK,buy_call,2.7389,1,-1.5023,-2.7389,-0.027389,False
2015-03-01,BMY,buy_call,2.8264,1,5.8766,3.0502,0.030502,False
2015-03-01,BRK-B,buy_call,1.809,1,-2.0962,-1.809,-0.01809,False
2015-03-01,C,buy_call,3.0,1,-1.7169,-3.0,-0.03,False
2015-03-01,CAT,buy_call,3.2317,1,-3.462,-3.2317,-0.032317,False
2015-03-01,CL,buy_call,2.0993,1,-2.0898,-2.0993,-0.020993,False
2015-03-01,CMCSA,buy_call,3.1005,1,-4.9007,-3.1005,-0.031005,False
2015-03-01,COST,buy_call,2.5784,1,6.7603,4.1819,0.041819,False
2015-03-01,CRM,buy_call,3.8947,1,-3.7042,-3.8947,-0.038947,False
2015-03-01,CSCO,buy_call,3.0196,1,-6.7096,-3.0196,-0.030196,False
2015-03-01,CTSH,buy_call,3.0196,1,-0.16,-3.0196,-0.030196,False
2015-03-01,CVS,buy_call,2.9729,1,-0.6354,-2.9729,-0.029729,False
2015-03-01,CVX,buy_call,3.0632,1,-0.6267,-3.0632,-0.030632,False
2015-03-01,DD,buy_call,3.0196,1,-2.5589,-3.0196,-0.030196,False
2015-03-01,DHR,buy_call,2.4594,1,-2.7269,-2.4594,-0.024594,False
2015-03-01,DIS,buy_call,3.3259,1,0.7782,-2.5476,-0.025476,False
2015-03-01,ELV,buy_call,2.9729,1,5.4353,2.4624,0.024624,False
2015-03-01,EOG,buy_call,3.2317,1,2.1957,-1.036,-0.01036,False
2015-03-01,F,buy_call,3.2317,1,-1.224,-3.2317,-0.032317,False
2015-03-01,FDX,buy_call,3.0196,1,-6.5149,-3.0196,-0.030196,False
2015-03-01,GE,buy_call,3.2317,1,-3.6627,-3.2317,-0.032317,False
2015-03-01,GILD,buy_call,2.8264,1,-5.2159,-2.8264,-0.028264,False
2015-03-01,GIS,buy_call,2.2339,1,5.224,2.9901,0.029901,False
2015-03-01,GM,buy_call,3.2317,1,0.5092,-2.7225,-0.027225,False
2015-03-01,GOOGL,buy_call,3.4858,1,-1.4094,-3.4858,-0.034858,False
2015-03-01,GS,buy_call,2.7389,1,-0.6481,-2.7389,-0.027389,False
2015-03-01,HAL,buy_call,3.2317,1,2.1891,-1.0426,-0.010426,False
2015-03-01,HD,buy_call,2.7959,1,-0.9935,-2.7959,-0.027959,False
2015-03-01,HON,buy_call,3.0196,1,1.9948,-1.0248,-0.010248,False
2015-03-01,IBM,buy_call,3.0196,1,-0.194,-3.0196,-0.030196,False
2015-03-01,INTC,buy_call,4.1737,1,-5.2803,-4.1737,-0.041737,False
2015-03-01,ITW,buy_call,3.0196,1,-1.7398,-3.0196,-0.030196,False
2015-03-01,JNJ,buy_call,2.057,1,-1.1763,-2.057,-0.02057,False
2015-03-01,JPM,buy_call,2.7389,1,-1.1423,-2.7389,-0.027389,False
2015-03-01,KO,buy_call,1.9747,1,-6.351,-1.9747,-0.019747,False
2015-03-01,LLY,buy_call,3.5202,1,4.2738,0.7536,0.007536,False
2015-03-01,LMT,buy_call,3.2317,1,2.203,-1.0288,-0.010288,False
2015-03-01,LOW,buy_call,2.7959,1,0.4049,-2.391,-0.02391,False
2015-03-01,LYB,buy_call,3.2317,1,3.0047,-0.227,-0.00227,False
2015-03-01,MA,buy_call,2.7116,1,-4.1496,-2.7116,-0.027116,False
2015-03-01,MCD,buy_call,1.9747,1,-0.62,-1.9747,-0.019747,False
2015-03-01,MDLZ,buy_call,2.2339,1,-2.301,-2.2339,-0.022339,False
2015-03-01,MDT,buy_call,2.4594,1,0.5155,-1.9439,-0.019439,False
2015-03-01,MET,buy_call,2.7389,1,0.163,-2.5759,-0.025759,False
2015-03-01,META,buy_call,4.3383,1,4.1155,-0.2228,-0.002228,False
2015-03-01,MMM,buy_call,3.0196,1,-1.5855,-3.0196,-0.030196,False
2015-03-01,MO,buy_call,2.2339,1,-11.1387,-2.2339,-0.022339,False
2015-03-01,MRK,buy_call,2.7192,1,-1.8108,-2.7192,-0.027192,False
2015-03-01,MS,buy_call,2.7389,1,-0.2794,-2.7389,-0.027389,False
2015-03-01,MSFT,buy_call,2.8745,1,-6.6149,-2.8745,-0.028745,False
2015-03-01,NEE,buy_call,1.9747,1,1.3056,-0.6691,-0.006691,False
2015-03-01,NFLX,buy_call,4.4729,1,-12.2592,-4.4729,-0.044729,False
2015-03-01,NKE,buy_call,3.5085,1,3.6048,0.0963,0.000963,False
2015-03-01,ORCL,buy_call,3.5955,1,-1.529,-3.5955,-0.035955,False
2015-03-01,PEP,buy_call,2.2339,1,-3.3946,-2.2339,-0.022339,False
2015-03-01,PFE,buy_call,2.8264,1,2.2637,-0.5627,-0.005627,False
2015-03-01,PG,buy_call,2.0993,1,-3.7472,-2.0993,-0.020993,False
2015-03-01,PM,buy_call,2.2339,1,-9.1972,-2.2339,-0.022339,False
2015-03-01,PPL,buy_call,1.9747,1,-1.2903,-1.9747,-0.019747,False
2015-03-01,PRU,buy_call,2.7389,1,0.0547,-2.6841,-0.026841,False
2015-03-01,QCOM,buy_call,4.254,1,-4.3718,-4.254,-0.04254,False
2015-03-01,SBUX,buy_call,1.9747,1,1.664,-0.3107,-0.003107,False
2015-03-01,SLB,buy_call,3.2317,1,-0.2768,-3.2317,-0.032317,False
2015-03-01,SO,buy_call,1.9747,1,-2.2272,-1.9747,-0.019747,False
2015-03-01,SPG,buy_call,3.0196,1,3.5178,0.4982,0.004982,False
2015-03-01,T,buy_call,3.1005,1,-5.5267,-3.1005,-0.031005,False
2015-03-01,TGT,buy_call,2.4474,1,7.5478,5.1004,0.051004,False
2015-03-01,TMO,buy_call,2.8279,1,3.3385,0.5106,0.005106,False
2015-03-01,TXN,buy_call,4.1737,1,-2.7381,-4.1737,-0.041737,False
2015-03-01,UNH,buy_call,2.9729,1,4.101,1.1282,0.011282,False
2015-03-01,UNP,buy_call,3.2317,1,-9.5313,-3.2317,-0.032317,False
2015-03-01,USB,buy_call,2.7389,1,-2.1072,-2.7389,-0.027389,False
2015-03-01,V,buy_call,2.5501,1,-3.3889,-2.5501,-0.025501,False
2015-03-01,VZ,buy_call,3.1005,1,-1.6582,-3.1005,-0.031005,False
2015-03-01,WFC,buy_call,3.4824,1,-0.0574,-3.4824,-0.034824,False
2015-03-01,WMT,buy_call,2.4474,1,-2.0017,-2.4474,-0.024474,False
2015-03-01,XOM,buy_call,3.2317,1,-3.2756,-3.2317,-0.032317,False
2015-04-01,AAPL,buy_call,3.1456,2,0.5786,-2.5669,-0.051338,True
2015-04-01,ABBV,buy_call,2.8264,2,10.4544,7.628,0.15256,True
2015-04-01,ABT,buy_call,2.4594,2,0.1943,-2.2651,-0.045302,True
2015-04-01,ADBE,buy_call,2.8745,2,2.8672,-0.0073,-0.000146,True
2015-04-01,ADP,buy_call,3.0196,2,-0.7131,-3.0196,-0.060392,True
2015-04-01,AMGN,buy_call,2.8264,2,-1.2136,-2.8264,-0.056528,True
2015-04-01,AMT,buy_call,3.0196,2,0.4036,-2.616,-0.05232,True
2015-04-01,AMZN,buy_call,3.8265,2,13.3513,9.5248,0.190496,True
2015-04-01,AXP,buy_call,2.7116,2,-0.5263,-2.7116,-0.054232,True
2015-04-01,BA,buy_call,3.0,2,-4.491,-3.0,-0.06,True
2015-04-01,BAC,buy_call,3.1976,2,3.8324,0.6348,0.012696,True
2015-04-01,BDX,buy_call,2.4594,2,-1.499,-2.4594,-0.049188,True
2015-04-01,BIIB,buy_call,2.8264,2,-11.4414,-2.8264,-0.056528,True
2015-04-01,BLK,buy_call,2.7389,2,0.0645,-2.6744,-0.053488,True
2015-04-01,BMY,buy_call,2.8264,2,-1.1938,-2.8264,-0.056528,True
2015-04-01,BRK-B,buy_call,1.809,2,-2.1549,-1.809,-0.03618,True
2015-04-01,C,buy_call,3.0,2,3.4938,0.4938,0.009876,True
2015-04-01,CAT,buy_call,3.2317,2,8.5593,5.3275,0.10655,True
2015-04-01,CL,buy_call,2.0993,2,-2.9709,-2.0993,-0.041986,True
2015-04-01,CMCSA,buy_call,3.1005,2,2.7436,-0.357,-0.00714,True
2015-04-01,COST,buy_call,2.5784,2,-5.5775,-2.5784,-0.051568,True
2015-04-01,CRM,buy_call,3.8947,2,8.9957,5.101,0.10202,True
2015-04-01,CSCO,buy_call,3.0196,2,5.5236,2.504,0.05008,True
2015-04-01,CTSH,buy_call,3.0196,2,-6.1709,-3.0196,-0.060392,True
2015-04-01,CVS,buy_call,2.9729,2,-3.7981,-2.9729,-0.059458,True
2015-04-01,CVX,buy_call,3.0632,2,5.7916,2.7284,0.054568,True
2015-04-01,DD,buy_call,3.0196,2,7.2556,4.236,0.08472,True
2015-04-01,DHR,buy_call,2.4594,2,-3.4053,-2.4594,-0.049188,True
2015-04-01,DIS,buy_call,3.3259,2,3.6514,0.3256,0.006512,True
2015-04-01,ELV,buy_call,2.9729,2,-1.8359,-2.9729,-0.059458,True
2015-04-01,EOG,buy_call,3.2317,2,7.918,4.6863,0.093726,True
2015-04-01,F,buy_call,3.2317,2,-2.1065,-3.2317,-0.064634,True
2015-04-01,FDX,buy_call,3.0196,2,2.6087,-0.4109,-0.008218,True
2015-04-01,GE,buy_call,3.2317,2,9.1495,5.9178,0.118356,True
2015-04-01,GILD,buy_call,2.8264,2,2.4254,-0.4011,-0.008022,True
2015-04-01,GIS,buy_call,2.2339,2,-2.2262,-2.2339,-0.044678,True
2015-04-01,GM,buy_call,3.2317,2,-5.739,-3.2317,-0.064634,True
2015-04-01,GOOGL,buy_call,3.4858,2,-1.0691,-3.4858,-0.069716,True
2015-04-01,GS,buy_call,2.7389,2,4.4954,1.7566,0.035132,True
2015-04-01,HAL,buy_call,3.2317,2,12.0238,8.7921,0.175842,True
2015-04-01,HD,buy_call,2.7959,2,-5.3512,-2.7959,-0.055918,True
2015-04-01,HON,buy_call,3.0196,2,-3.2499,-3.0196,-0.060392,True
2015-04-01,IBM,buy_call,3.0196,2,6.7228,3.7032,0.074064,True
2015-04-01,INTC,buy_call,4.1737,2,4.0934,-0.0803,-0.001606,True
2015-04-01,ITW,buy_call,3.0196,2,-3.1784,-3.0196,-0.060392,True
2015-04-01,JNJ,buy_call,2.057,2,-1.3917,-2.057,-0.04114,True
2015-04-01,JPM,buy_call,2.7389,2,4.4239,1.685,0.0337,True
2015-04-01,KO,buy_call,1.9747,2,0.8546,-1.1201,-0.022402,True
2015-04-01,LLY,buy_call,3.5202,2,-1.0736,-3.5202,-0.070404,True
2015-04-01,LMT,buy_call,3.2317,2,-8.0607,-3.2317,-0.064634,True
2015-04-01,LOW,buy_call,2.7959,2,-7.4338,-2.7959,-0.055918,True
2015-04-01,LYB,buy_call,3.2317,2,17.9043,14.6726,0.293452,True
2015-04-01,MA,buy_call,2.7116,2,4.4218,1.7102,0.034204,True
2015-04-01,MCD,buy_call,1.9747,2,-0.9134,-1.9747,-0.039494,True
2015-04-01,MDLZ,buy_call,2.2339,2,6.774,4.5401,0.090802,True
2015-04-01,MDT,buy_call,2.4594,2,-4.1623,-2.4594,-0.049188,True
2015-04-01,MET,buy_call,2.7389,2,1.4639,-1.275,-0.0255,True
2015-04-01,META,buy_call,4.3383,2,-4.1961,-4.3383,-0.086766,True
2015-04-01,MMM,buy_call,3.0196,2,-5.1894,-3.0196,-0.060392,True
2015-04-01,MO,buy_call,2.2339,2,1.0664,-1.1676,-0.023352,True
2015-04-01,MRK,buy_call,2.7192,2,4.4572,1.738,0.03476,True
2015-04-01,MS,buy_call,2.7389,2,4.5391,1.8002,0.036004,True
2015-04-01,MSFT,buy_call,2.8745,2,19.6262,16.7517,0.335034,True
2015-04-01,NEE,buy_call,1.9747,2,-2.9986,-1.9747,-0.039494,True
2015-04-01,NFLX,buy_call,4.4729,2,33.5525,29.0796,0.581592,True
2015-04-01,NKE,buy_call,3.5085,2,-1.4851,-3.5085,-0.07017,True
2015-04-01,ORCL,buy_call,3.5955,2,1.0892,-2.5063,-0.050126,True
2015-04-01,PEP,buy_call,2.2339,2,0.1437,-2.0902,-0.041804,True
2015-04-01,PFE,buy_call,2.8264,2,-2.472,-2.8264,-0.056528,True
2015-04-01,PG,buy_call,2.0993,2,-2.9656,-2.0993,-0.041986,True
2015-04-01,PM,buy_call,2.2339,2,12.211,9.977,0.19954,True
2015-04-01,PPL,buy_call,1.9747,2,2.2407,0.266,0.00532,True
2015-04-01,PRU,buy_call,2.7389,2,1.6062,-1.1326,-0.022652,True
2015-04-01,QCOM,buy_call,4.254,2,-1.3611,-4.254,-0.08508,True
2015-04-01,SBUX,buy_call,1.9747,2,4.7096,2.7349,0.054698,True
2015-04-01,SLB,buy_call,3.2317,2,13.3868,10.1551,0.203102,True
2015-04-01,SO,buy_call,1.9747,2,0.0452,-1.9296,-0.038592,True
2015-04-01,SPG,buy_call,3.0196,2,-7.2327,-3.0196,-0.060392,True
2015-04-01,T,buy_call,3.1005,2,6.095,2.9944,0.059888,True
2015-04-01,TGT,buy_call,2.4474,2,-3.9479,-2.4474,-0.048948,True
2015-04-01,TMO,buy_call,2.8279,2,-6.3365,-2.8279,-0.056558,True
2015-04-01,TXN,buy_call,4.1737,2,-5.2107,-4.1737,-0.083474,True
2015-04-01,UNH,buy_call,2.9729,2,-5.5096,-2.9729,-0.059458,True
2015-04-01,UNP,buy_call,3.2317,2,-1.9204,-3.2317,-0.064634,True
2015-04-01,USB,buy_call,2.7389,2,-1.2726,-2.7389,-0.054778,True
2015-04-01,V,buy_call,2.5501,2,0.9784,-1.5716,-0.031432,True
2015-04-01,VZ,buy_call,3.1005,2,3.722,0.6214,0.012428,True
2015-04-01,WFC,buy_call,3.4824,2,1.2867,-2.1957,-0.043914,True
2015-04-01,WMT,buy_call,2.4474,2,-4.5364,-2.4474,-0.048948,True
2015-04-01,XOM,buy_call,3.2317,2,2.7882,-0.4435,-0.00887,True
2015-05-01,AAPL,buy_call,3.1456,2,4.0991,0.9536,0.019072,True
2015-05-01,ABBV,buy_call,2.8264,2,3.839,1.0126,0.020252,True
2015-05-01,ABT,buy_call,2.4594,2,5.2318,2.7724,0.055448,True
2015-05-01,ADBE,buy_call,2.8745,2,3.9837,1.1092,0.022184,True
2015-05-01,ADP,buy_call,3.0196,2,1.1474,-1.8722,-0.037444,True
2015-05-01,AMGN,buy_call,2.8264,2,-1.0449,-2.8264,-0.056528,True
2015-05-01,AMT,buy_call,3.0196,2,-1.4132,-3.0196,-0.060392,True
2015-05-01,AMZN,buy_call,3.8265,2,1.7663,-2.0602,-0.041204,True
2015-05-01,AXP,buy_call,2.7116,2,2.931,0.2193,0.004386,True
2015-05-01,BA,buy_call,3.0,2,-1.9674,-3.0,-0.06,True
2015-05-01,BAC,buy_call,3.1976,2,3.5782,0.3806,0.007612,True
2015-05-01,BDX,buy_call,2.4594,2,-0.2555,-2.4594,-0.049188,True
2015-05-01,BIIB,buy_call,2.8264,2,6.1669,3.3405,0.06681,True
2015-05-01,BLK,buy_call,2.7389,2,0.5056,-2.2333,-0.044666,True
2015-05-01,BMY,buy_call,2.8264,2,1.9499,-0.8765,-0.01753,True
2015-05-01,BRK-B,buy_call,1.809,2,1.2676,-0.5414,-0.010828,True
2015-05-01,C,buy_call,3.0,2,1.4254,-1.5746,-0.031492,True
2015-05-01,CAT,buy_call,3.2317,2,-0.9817,-3.2317,-0.064634,True
2015-05-01,CL,buy_call,2.0993,2,-0.1742,-2.0993,-0.041986,True
2015-05-01,CMCSA,buy_call,3.1005,2,1.2119,-1.8887,-0.037774,True
2015-05-01,COST,buy_call,2.5784,2,-0.0489,-2.5784,-0.051568,True
2015-05-01,CRM,buy_call,3.8947,2,-0.0961,-3.8947,-0.077894,True
2015-05-01,CSCO,buy_call,3.0196,2,1.6649,-1.3546,-0.027092,True
2015-05-01,CTSH,buy_call,3.0196,2,10.5569,7.5373,0.150746,True
2015-05-01,CVS,buy_call,2.9729,2,3.4692,0.4963,0.009926,True
2015-05-01,CVX,buy_call,3.0632,2,-7.2574,-3.0632,-0.061264,True
2015-05-01,DD,buy_call,3.0196,2,2.098,-0.9216,-0.018432,True
2015-05-01,DHR,buy_call,2.4594,2,5.4226,2.9632,0.059264,True
2015-05-01,DIS,buy_call,3.3259,2,1.5177,-1.8082,-0.036164,True
2015-05-01,ELV,buy_call,2.9729,2,11.2105,8.2376,0.164752,True
2015-05-01,EOG,buy_call,3.2317,2,-10.2095,-3.2317,-0.064634,True
2015-05-01,F,buy_call,3.2317,2,-3.0821,-3.2317,-0.064634,True
2015-05-01,FDX,buy_call,3.0196,2,2.1525,-0.8671,-0.017342,True
2015-05-01,GE,buy_call,3.2317,2,0.7016,-2.5301,-0.050602,True
2015-05-01,GILD,buy_call,2.8264,2,11.7003,8.8739,0.177478,True
2015-05-01,GIS,buy_call,2.2339,2,2.266,0.0321,0.000642,True
2015-05-01,GM,buy_call,3.2317,2,2.5955,-0.6362,-0.012724,True
2015-05-01,GOOGL,buy_call,3.4858,2,-0.6287,-3.4858,-0.069716,True
2015-05-01,GS,buy_call,2.7389,2,4.974,2.2352,0.044704,True
2015-05-01,HAL,buy_call,3.2317,2,-7.2523,-3.2317,-0.064634,True
2015-05-01,HD,buy_call,2.7959,2,4.1503,1.3544,0.027088,True
2015-05-01,HON,buy_call,3.0196,2,3.2501,0.2305,0.00461,True
2015-05-01,IBM,buy_call,3.0196,2,-0.9574,-3.0196,-0.060392,True
2015-05-01,INTC,buy_call,4.1737,2,5.8679,1.6942,0.033884,True
2015-05-01,ITW,buy_call,3.0196,2,0.2672,-2.7524,-0.055048,True
2015-05-01,JNJ,buy_call,2.057,2,0.9476,-1.1094,-0.022188,True
2015-05-01,JPM,buy_call,2.7389,2,4.6747,1.9359,0.038718,True
2015-05-01,KO,buy_call,1.9747,2,0.9863,-0.9885,-0.01977,True
2015-05-01,LLY,buy_call,3.5202,2,9.7816,6.2614,0.125228,True
2015-05-01,LMT,buy_call,3.2317,2,0.8575,-2.3743,-0.047486,True
2015-05-01,LOW,buy_call,2.7959,2,1.9497,-0.8462,-0.016924,True
2015-05-01,LYB,buy_call,3.2317,2,-2.3377,-3.2317,-0.064634,True
2015-05-01,MA,buy_call,2.7116,2,2.4602,-0.2515,-0.00503,True
2015-05-01,MCD,buy_call,1.9747,2,-0.6422,-1.9747,-0.039494,True
2015-05-01,MDLZ,buy_call,2.2339,2,8.392,6.1581,0.123162,True
2015-05-01,MDT,buy_call,2.4594,2,2.5118,0.0524,0.001048,True
2015-05-01,MET,buy_call,2.7389,2,1.8912,-0.8477,-0.016954,True
2015-05-01,META,buy_call,4.3383,2,0.5332,-3.8051,-0.076102,True
2015-05-01,MMM,buy_call,3.0196,2,1.7201,-1.2995,-0.02599,True
2015-05-01,MO,buy_call,2.2339,2,2.2977,0.0638,0.001276,True
2015-05-01,MRK,buy_call,2.7192,2,2.233,-0.4862,-0.009724,True
2015-05-01,MS,buy_call,2.7389,2,2.8016,0.0628,0.001256,True
2015-05-01,MSFT,buy_call,2.8745,2,-3.6595,-2.8745,-0.05749,True
2015-05-01,NEE,buy_call,1.9747,2,1.397,-0.5777,-0.011554,True
2015-05-01,NFLX,buy_call,4.4729,2,12.1402,7.6673,0.153346,True
2015-05-01,NKE,buy_call,3.5085,2,2.8632,-0.6453,-0.012906,True
2015-05-01,ORCL,buy_call,3.5955,2,0.0514,-3.544,-0.07088,True
2015-05-01,PEP,buy_call,2.2339,2,1.3772,-0.8567,-0.017134,True
2015-05-01,PFE,buy_call,2.8264,2,2.4168,-0.4097,-0.008194,True
2015-05-01,PG,buy_call,2.0993,2,-0.6157,-2.0993,-0.041986,True
2015-05-01,PM,buy_call,2.2339,2,-0.4793,-2.2339,-0.044678,True
2015-05-01,PPL,buy_call,1.9747,2,1.9982,0.0235,0.00047,True
2015-05-01,PRU,buy_call,2.7389,2,3.6888,0.9499,0.018998,True
2015-05-01,QCOM,buy_call,4.254,2,2.4706,-1.7835,-0.03567,True
2015-05-01,SBUX,buy_call,1.9747,2,4.8003,2.8256,0.056512,True
2015-05-01,SLB,buy_call,3.2317,2,-4.0587,-3.2317,-0.064634,True
2015-05-01,SO,buy_call,1.9747,2,-1.377,-1.9747,-0.039494,True
2015-05-01,SPG,buy_call,3.0196,2,-0.0496,-3.0196,-0.060392,True
2015-05-01,T,buy_call,3.1005,2,1.6183,-1.4823,-0.029646,True
2015-05-01,TGT,buy_call,2.4474,2,0.6216,-1.8258,-0.036516,True
2015-05-01,TMO,buy_call,2.8279,2,3.1429,0.315,0.0063,True
2015-05-01,TXN,buy_call,4.1737,2,3.7895,-0.3842,-0.007684,True
2015-05-01,UNH,buy_call,2.9729,2,7.9084,4.9356,0.098712,True
2015-05-01,UNP,buy_call,3.2317,2,-5.008,-3.2317,-0.064634,True
2015-05-01,USB,buy_call,2.7389,2,0.5598,-2.1791,-0.043582,True
2015-05-01,V,buy_call,2.5501,2,3.9818,1.4318,0.028636,True
2015-05-01,VZ,buy_call,3.1005,2,-0.876,-3.1005,-0.06201,True
2015-05-01,WFC,buy_call,3.4824,2,1.5608,-1.9216,-0.038432,True
2015-05-01,WMT,buy_call,2.4474,2,-4.8431,-2.4474,-0.048948,True
2015-05-01,XOM,buy_call,3.2317,2,-2.4837,-3.2317,-0.064634,True
2015-06-01,AAPL,buy_call,3.1456,2,-3.3206,-3.1456,-0.062912,True
2015-06-01,ABBV,buy_call,2.8264,2,0.9011,-1.9253,-0.038506,True
2015-06-01,ABT,buy_call,2.4594,2,0.9877,-1.4717,-0.029434,True
2015-06-01,ADBE,buy_call,2.8745,2,2.4276,-0.4468,-0.008936,True
2015-06-01,ADP,buy_call,3.0196,2,-6.1748,-3.0196,-0.060392,True
2015-06-01,AMGN,buy_call,2.8264,2,-1.2692,-2.8264,-0.056528,True
2015-06-01,AMT,buy_call,3.0196,2,0.5389,-2.4807,-0.049614,True
2015-06-01,AMZN,buy_call,3.8265,2,1.1323,-2.6942,-0.053884,True
2015-06-01,AXP,buy_call,2.7116,2,-2.5088,-2.7116,-0.054232,True
2015-06-01,BA,buy_call,3.0,2,-0.6483,-3.0,-0.06,True
2015-06-01,BAC,buy_call,3.1976,2,3.1515,-0.0462,-0.000924,True
2015-06-01,BDX,buy_call,2.4594,2,0.8113,-1.6481,-0.032962,True
2015-06-01,BIIB,buy_call,2.8264,2,1.7507,-1.0757,-0.021514,True
2015-06-01,BLK,buy_call,2.7389,2,-5.4131,-2.7389,-0.054778,True
2015-06-01,BMY,buy_call,2.8264,2,3.0031,0.1767,0.003534,True
2015-06-01,BRK-B,buy_call,1.809,2,-4.8182,-1.809,-0.03618,True
2015-06-01,C,buy_call,3.0,2,2.2418,-0.7582,-0.015164,True
2015-06-01,CAT,buy_call,3.2317,2,-0.586,-3.2317,-0.064634,True
2015-06-01,CL,buy_call,2.0993,2,-2.0662,-2.0993,-0.041986,True
2015-06-01,CMCSA,buy_call,3.1005,2,2.8738,-0.2267,-0.004534,True
2015-06-01,COST,buy_call,2.5784,2,-5.2809,-2.5784,-0.051568,True
2015-06-01,CRM,buy_call,3.8947,2,-4.2887,-3.8947,-0.077894,True
2015-06-01,CSCO,buy_call,3.0196,2,-6.3119,-3.0196,-0.060392,True
2015-06-01,CTSH,buy_call,3.0196,2,-5.6088,-3.0196,-0.060392,True
2015-06-01,CVS,buy_call,2.9729,2,2.4419,-0.531,-0.01062,True
2015-06-01,CVX,buy_call,3.0632,2,-5.4065,-3.0632,-0.061264,True
2015-06-01,DD,buy_call,3.0196,2,-1.7284,-3.0196,-0.060392,True
2015-06-01,DHR,buy_call,2.4594,2,-0.8457,-2.4594,-0.049188,True
2015-06-01,DIS,buy_call,3.3259,2,3.4158,0.0899,0.001798,True
2015-06-01,ELV,buy_call,2.9729,2,-2.2103,-2.9729,-0.059458,True
2015-06-01,EOG,buy_call,3.2317,2,-1.2854,-3.2317,-0.064634,True
2015-06-01,F,buy_call,3.2317,2,-1.0547,-3.2317,-0.064634,True
2015-06-01,FDX,buy_call,3.0196,2,-1.628,-3.0196,-0.060392,True
2015-06-01,GE,buy_call,3.2317,2,-2.5669,-3.2317,-0.064634,True
2015-06-01,GILD,buy_call,2.8264,2,4.2844,1.458,0.02916,True
2015-06-01,GIS,buy_call,2.2339,2,-0.7658,-2.2339,-0.044678,True
2015-06-01,GM,buy_call,3.2317,2,-7.3394,-3.2317,-0.064634,True
2015-06-01,GOOGL,buy_call,3.4858,2,-0.9682,-3.4858,-0.069716,True
2015-06-01,GS,buy_call,2.7389,2,1.5768,-1.1621,-0.023242,True
2015-06-01,HAL,buy_call,3.2317,2,-5.1321,-3.2317,-0.064634,True
2015-06-01,HD,buy_call,2.7959,2,-0.2603,-2.7959,-0.055918,True
2015-06-01,HON,buy_call,3.0196,2,-1.663,-3.0196,-0.060392,True
2015-06-01,IBM,buy_call,3.0196,2,-3.3946,-3.0196,-0.060392,True
2015-06-01,INTC,buy_call,4.1737,2,-11.0854,-4.1737,-0.083474,True
2015-06-01,ITW,buy_call,3.0196,2,-2.1741,-3.0196,-0.060392,True
2015-06-01,JNJ,buy_call,2.057,2,-1.9665,-2.057,-0.04114,True
2015-06-01,JPM,buy_call,2.7389,2,3.01,0.2711,0.005422,True
2015-06-01,KO,buy_call,1.9747,2,-4.2237,-1.9747,-0.039494,True
2015-06-01,LLY,buy_call,3.5202,2,6.5493,3.0291,0.060582,True
2015-06-01,LMT,buy_call,3.2317,2,-0.4417,-3.2317,-0.064634,True
2015-06-01,LOW,buy_call,2.7959,2,-4.3012,-2.7959,-0.055918,True
2015-06-01,LYB,buy_call,3.2317,2,2.3937,-0.8381,-0.016762,True
2015-06-01,MA,buy_call,2.7116,2,1.3224,-1.3893,-0.027786,True
2015-06-01,MCD,buy_call,1.9747,2,-0.0352,-1.9747,-0.039494,True
2015-06-01,MDLZ,buy_call,2.2339,2,-1.0819,-2.2339,-0.044678,True
2015-06-01,MDT,buy_call,2.4594,2,-2.9088,-2.4594,-0.049188,True
2015-06-01,MET,buy_call,2.7389,2,7.919,5.1801,0.103602,True
2015-06-01,META,buy_call,4.3383,2,8.3091,3.9709,0.079418,True
2015-06-01,MMM,buy_call,3.0196,2,-2.3914,-3.0196,-0.060392,True
2015-06-01,MO,buy_call,2.2339,2,-4.4727,-2.2339,-0.044678,True
2015-06-01,MRK,buy_call,2.7192,2,-6.5036,-2.7192,-0.054384,True
2015-06-01,MS,buy_call,2.7389,2,1.5445,-1.1944,-0.023888,True
2015-06-01,MSFT,buy_call,2.8745,2,-5.1709,-2.8745,-0.05749,True
2015-06-01,NEE,buy_call,1.9747,2,-3.4758,-1.9747,-0.039494,True
2015-06-01,NFLX,buy_call,4.4729,2,5.2687,0.7958,0.015916,True
2015-06-01,NKE,buy_call,3.5085,2,6.5358,3.0272,0.060544,True
2015-06-01,ORCL,buy_call,3.5955,2,-7.335,-3.5955,-0.07191,True
2015-06-01,PEP,buy_call,2.2339,2,-3.2044,-2.2339,-0.044678,True
2015-06-01,PFE,buy_call,2.8264,2,-2.7124,-2.8264,-0.056528,True
2015-06-01,PG,buy_call,2.0993,2,-0.1914,-2.0993,-0.041986,True
2015-06-01,PM,buy_call,2.2339,2,-3.491,-2.2339,-0.044678,True
2015-06-01,PPL,buy_call,1.9747,2,-8.8432,-1.9747,-0.039494,True
2015-06-01,PRU,buy_call,2.7389,2,4.1446,1.4057,0.028114,True
2015-06-01,QCOM,buy_call,4.254,2,-10.1177,-4.254,-0.08508,True
2015-06-01,SBUX,buy_call,1.9747,2,3.5231,1.5483,0.030966,True
2015-06-01,SLB,buy_call,3.2317,2,-5.0457,-3.2317,-0.064634,True
2015-06-01,SO,buy_call,1.9747,2,-2.8814,-1.9747,-0.039494,True
2015-06-01,SPG,buy_call,3.0196,2,-3.8375,-3.0196,-0.060392,True
2015-06-01,T,buy_call,3.1005,2,2.8373,-0.2632,-0.005264,True
2015-06-01,TGT,buy_call,2.4474,2,3.5982,1.1508,0.023016,True
2015-06-01,TMO,buy_call,2.8279,2,0.1003,-2.7276,-0.054552,True
2015-06-01,TXN,buy_call,4.1737,2,-7.8863,-4.1737,-0.083474,True
2015-06-01,UNH,buy_call,2.9729,2,1.489,-1.4838,-0.029676,True
2015-06-01,UNP,buy_call,3.2317,2,-4.9821,-3.2317,-0.064634,True
2015-06-01,USB,buy_call,2.7389,2,0.6727,-2.0662,-0.041324,True
2015-06-01,V,buy_call,2.5501,2,-2.0566,-2.5501,-0.051002,True
2015-06-01,VZ,buy_call,3.1005,2,-5.7241,-3.1005,-0.06201,True
2015-06-01,WFC,buy_call,3.4824,2,1.1814,-2.3011,-0.046022,True
2015-06-01,WMT,buy_call,2.4474,2,-3.8943,-2.4474,-0.048948,True
2015-06-01,XOM,buy_call,3.2317,2,-1.5398,-3.2317,-0.064634,True
2015-07-01,AAPL,buy_call,3.1456,6,-3.2927,-3.1456,-0.188736,True
2015-07-01,ABBV,buy_call,2.8264,6,4.197,1.3706,0.082236,True
2015-07-01,ABT,buy_call,2.4594,6,3.2803,0.8209,0.049254,True
2015-07-01,ADBE,buy_call,2.8745,6,1.2097,-1.6647,-0.099882,True
2015-07-01,ADP,buy_call,3.0196,6,0.016,-3.0036,-0.180216,True
2015-07-01,AMGN,buy_call,2.8264,6,15.0274,12.201,0.73206,True
2015-07-01,AMT,buy_call,3.0196,6,2.4345,-0.5851,-0.035106,True
2015-07-01,AMZN,buy_call,3.8265,6,23.5113,19.6848,1.181088,True
2015-07-01,AXP,buy_call,2.7116,6,-1.7697,-2.7116,-0.162696,True
2015-07-01,BA,buy_call,3.0,6,3.9287,0.9287,0.055722,True
2015-07-01,BAC,buy_call,3.1976,6,5.368,2.1703,0.130218,True
2015-07-01,BDX,buy_call,2.4594,6,7.8743,5.4149,0.324894,True
2015-07-01,BIIB,buy_call,2.8264,6,-21.0823,-2.8264,-0.169584,True
2015-07-01,BLK,buy_call,2.7389,6,-2.1962,-2.7389,-0.164334,True
2015-07-01,BMY,buy_call,2.8264,6,-1.3526,-2.8264,-0.169584,True
2015-07-01,BRK-B,buy_call,1.809,6,4.8711,3.0621,0.183726,True
2015-07-01,C,buy_call,3.0,6,5.8291,2.8291,0.169746,True
2015-07-01,CAT,buy_call,3.2317,6,-7.2978,-3.2317,-0.193902,True
2015-07-01,CL,buy_call,2.0993,6,3.9902,1.8909,0.113454,True
2015-07-01,CMCSA,buy_call,3.1005,6,4.1997,1.0991,0.065946,True
2015-07-01,COST,buy_call,2.5784,6,7.5818,5.0034,0.300204,True
2015-07-01,CRM,buy_call,3.8947,6,5.2707,1.376,0.08256,True
2015-07-01,CSCO,buy_call,3.0196,6,3.496,0.4764,0.028584,True
2015-07-01,CTSH,buy_call,3.0196,6,3.2902,0.2706,0.016236,True
2015-07-01,CVS,buy_call,2.9729,6,7.2368,4.2639,0.255834,True
2015-07-01,CVX,buy_call,3.0632,6,-8.2824,-3.0632,-0.183792,True
2015-07-01,DD,buy_call,3.0196,6,-7.3005,-3.0196,-0.181176,True
2015-07-01,DHR,buy_call,2.4594,6,7.1439,4.6845,0.28107,True
2015-07-01,DIS,buy_call,3.3259,6,5.1341,1.8082,0.108492,True
2015-07-01,ELV,buy_call,2.9729,6,-5.6509,-2.9729,-0.178374,True
2015-07-01,EOG,buy_call,3.2317,6,-11.8333,-3.2317,-0.193902,True
2015-07-01,F,buy_call,3.2317,6,-1.1992,-3.2317,-0.193902,True
2015-07-01,FDX,buy_call,3.0196,6,0.7364,-2.2832,-0.136992,True
2015-07-01,GE,buy_call,3.2317,6,-0.9334,-3.2317,-0.193902,True
2015-07-01,GILD,buy_call,2.8264,6,1.0308,-1.7956,-0.107736,True
2015-07-01,GIS,buy_call,2.2339,6,4.4687,2.2348,0.134088,True
2015-07-01,GM,buy_call,3.2317,6,-4.4814,-3.2317,-0.193902,True
2015-07-01,GOOGL,buy_call,3.4858,6,21.7502,18.2644,1.095864,True
2015-07-01,GS,buy_call,2.7389,6,-1.7817,-2.7389,-0.164334,True
2015-07-01,HAL,buy_call,3.2317,6,-2.5857,-3.2317,-0.193902,True
2015-07-01,HD,buy_call,2.7959,6,5.8685,3.0725,0.18435,True
2015-07-01,HON,buy_call,3.0196,6,3.0205,0.0009,5.4e-05,True
2015-07-01,IBM,buy_call,3.0196,6,-0.4119,-3.0196,-0.181176,True
2015-07-01,INTC,buy_call,4.1737,6,-4.8323,-4.1737,-0.250422,True
2015-07-01,ITW,buy_call,3.0196,6,-2.016,-3.0196,-0.181176,True
2015-07-01,JNJ,buy_call,2.057,6,2.8217,0.7647,0.045882,True
2015-07-01,JPM,buy_call,2.7389,6,1.1364,-1.6025,-0.09615,True
2015-07-01,KO,buy_call,1.9747,6,5.5797,3.6049,0.216294,True
2015-07-01,LLY,buy_call,3.5202,6,1.2217,-2.2984,-0.137904,True
2015-07-01,LMT,buy_call,3.2317,6,11.404,8.1723,0.490338,True
2015-07-01,LOW,buy_call,2.7959,6,3.5688,0.7729,0.046374,True
2015-07-01,LYB,buy_call,3.2317,6,-9.3605,-3.2317,-0.193902,True
2015-07-01,MA,buy_call,2.7116,6,4.1934,1.4818,0.088908,True
2015-07-01,MCD,buy_call,1.9747,6,5.0384,3.0637,0.183822,True
2015-07-01,MDLZ,buy_call,2.2339,6,10.1006,7.8666,0.471996,True
2015-07-01,MDT,buy_call,2.4594,6,6.3262,3.8668,0.232008,True
2015-07-01,MET,buy_call,2.7389,6,-0.4465,-2.7389,-0.164334,True
2015-07-01,META,buy_call,4.3383,6,9.6071,5.2688,0.316128,True
2015-07-01,MMM,buy_call,3.0196,6,-1.9184,-3.0196,-0.181176,True
2015-07-01,MO,buy_call,2.2339,6,12.371,10.1371,0.608226,True
2015-07-01,MRK,buy_call,2.7192,6,4.3536,1.6344,0.098064,True
2015-07-01,MS,buy_call,2.7389,6,0.1289,-2.6099,-0.156594,True
2015-07-01,MSFT,buy_call,2.8745,6,5.7758,2.9013,0.174078,True
2015-07-01,NEE,buy_call,1.9747,6,7.3141,5.3393,0.320358,True
2015-07-01,NFLX,buy_call,4.4729,6,21.8026,17.3297,1.039782,True
2015-07-01,NKE,buy_call,3.5085,6,6.6654,3.1569,0.189414,True
2015-07-01,ORCL,buy_call,3.5955,6,-0.8933,-3.5955,-0.21573,True
2015-07-01,PEP,buy_call,2.2339,6,3.9858,1.7519,0.105114,True
2015-07-01,PFE,buy_call,2.8264,6,7.5455,4.7191,0.283146,True
2015-07-01,PG,buy_call,2.0993,6,-1.9682,-2.0993,-0.125958,True
2015-07-01,PM,buy_call,2.2339,6,7.9848,5.7509,0.345054,True
2015-07-01,PPL,buy_call,1.9747,6,9.257,7.2823,0.436938,True
2015-07-01,PRU,buy_call,2.7389,6,0.9598,-1.7791,-0.106746,True
2015-07-01,QCOM,buy_call,4.254,6,3.5233,-0.7307,-0.043842,True
2015-07-01,SBUX,buy_call,1.9747,6,8.0381,6.0633,0.363798,True
2015-07-01,SLB,buy_call,3.2317,6,-3.3778,-3.2317,-0.193902,True
2015-07-01,SO,buy_call,1.9747,6,6.7542,4.7794,0.286764,True
2015-07-01,SPG,buy_call,3.0196,6,8.2072,5.1876,0.311256,True
2015-07-01,T,buy_call,3.1005,6,-2.196,-3.1005,-0.18603,True
2015-07-01,TGT,buy_call,2.4474,6,0.2696,-2.1779,-0.130674,True
2015-07-01,TMO,buy_call,2.8279,6,7.6533,4.8254,0.289524,True
2015-07-01,TXN,buy_call,4.1737,6,-2.9703,-4.1737,-0.250422,True
2015-07-01,UNH,buy_call,2.9729,6,-0.0703,-2.9729,-0.178374,True
2015-07-01,UNP,buy_call,3.2317,6,2.3277,-0.904,-0.05424,True
2015-07-01,USB,buy_call,2.7389,6,4.7701,2.0312,0.121872,True
2015-07-01,V,buy_call,2.5501,6,12.1966,9.6465,0.57879,True
2015-07-01,VZ,buy_call,3.1005,6,0.3862,-2.7143,-0.162858,True
2015-07-01,WFC,buy_call,3.4824,6,2.8982,-0.5842,-0.035052,True
2015-07-01,WMT,buy_call,2.4474,6,1.4803,-0.9671,-0.058026,True
2015-07-01,XOM,buy_call,3.2317,6,-4.7957,-3.2317,-0.193902,True
2015-08-01,AAPL,buy_call,3.1456,1,-7.0404,-3.1456,-0.031456,False
2015-08-01,ABBV,buy_call,2.8264,1,-10.194,-2.8264,-0.028264,False
2015-08-01,ABT,buy_call,2.4594,1,-10.2214,-2.4594,-0.024594,False
2015-08-01,ADBE,buy_call,2.8745,1,-4.1712,-2.8745,-0.028745,False
2015-08-01,ADP,skip,0.0,0,-3.0713,0.0,0.0,False
2015-08-01,AMGN,buy_call,2.8264,1,-14.0495,-2.8264,-0.028264,False
2015-08-01,AMT,skip,0.0,0,-3.0701,0.0,0.0,False
2015-08-01,AMZN,buy_call,3.8265,1,-4.3383,-3.8265,-0.038265,False
2015-08-01,AXP,skip,0.0,0,0.8678,0.0,0.0,False
2015-08-01,BA,buy_call,3.0,1,-9.357,-3.0,-0.03,False
2015-08-01,BAC,buy_call,3.1976,1,-8.6129,-3.1976,-0.031976,False
2015-08-01,BDX,buy_call,2.4594,1,-7.3151,-2.4594,-0.024594,False
2015-08-01,BIIB,skip,0.0,0,-6.7382,0.0,0.0,False
2015-08-01,BLK,skip,0.0,0,-10.0648,0.0,0.0,False
2015-08-01,BMY,buy_call,2.8264,1,-8.8932,-2.8264,-0.028264,False
2015-08-01,BRK-B,skip,0.0,0,-6.095,0.0,0.0,False
2015-08-01,C,buy_call,3.0,1,-8.441,-3.0,-0.03,False
2015-08-01,CAT,skip,0.0,0,-1.8875,0.0,0.0,False
2015-08-01,CL,buy_call,2.0993,1,-7.139,-2.0993,-0.020993,False
2015-08-01,CMCSA,buy_call,3.1005,1,-9.742,-3.1005,-0.031005,False
2015-08-01,COST,buy_call,2.5784,1,-3.6132,-2.5784,-0.025784,False
2015-08-01,CRM,buy_call,3.8947,1,-5.3752,-3.8947,-0.038947,False
2015-08-01,CSCO,buy_call,3.0196,1,-8.2356,-3.0196,-0.030196,False
2015-08-01,CTSH,buy_call,3.0196,1,-0.2536,-3.0196,-0.030196,False
2015-08-01,CVS,buy_call,2.9729,1,-8.6654,-2.9729,-0.029729,False
2015-08-01,CVX,skip,0.0,0,-8.4652,0.0,0.0,False
2015-08-01,DD,buy_call,3.0196,1,-7.0124,-3.0196,-0.030196,False
2015-08-01,DHR,buy_call,2.4594,1,-4.9585,-2.4594,-0.024594,False
2015-08-01,DIS,buy_call,3.3259,1,-14.6062,-3.3259,-0.033259,False
2015-08-01,ELV,buy_call,2.9729,1,-8.5694,-2.9729,-0.029729,False
2015-08-01,EOG,skip,0.0,0,1.6513,0.0,0.0,False
2015-08-01,F,buy_call,3.2317,1,-5.5177,-3.2317,-0.032317,False
2015-08-01,FDX,buy_call,3.0196,1,-12.1398,-3.0196,-0.030196,False
2015-08-01,GE,buy_call,3.2317,1,-4.9042,-3.2317,-0.032317,False
2015-08-01,GILD,buy_call,2.8264,1,-10.8518,-2.8264,-0.028264,False
2015-08-01,GIS,buy_call,2.2339,1,-1.7441,-2.2339,-0.022339,False
2015-08-01,GM,skip,0.0,0,-6.5694,0.0,0.0,False
2015-08-01,GOOGL,buy_call,3.4858,1,-1.4722,-3.4858,-0.034858,False
2015-08-01,GS,buy_call,2.7389,1,-8.0314,-2.7389,-0.027389,False
2015-08-01,HAL,buy_call,3.2317,1,-5.8388,-3.2317,-0.032317,False
2015-08-01,HD,buy_call,2.7959,1,-0.4871,-2.7959,-0.027959,False
2015-08-01,HON,buy_call,3.0196,1,-5.5021,-3.0196,-0.030196,False
2015-08-01,IBM,buy_call,3.0196,1,-8.7043,-3.0196,-0.030196,False
2015-08-01,INTC,skip,0.0,0,-1.4162,0.0,0.0,False
2015-08-01,ITW,skip,0.0,0,-5.5214,0.0,0.0,False
2015-08-01,JNJ,buy_call,2.057,1,-6.2169,-2.057,-0.02057,False
2015-08-01,JPM,buy_call,2.7389,1,-5.853,-2.7389,-0.027389,False
2015-08-01,KO,buy_call,1.9747,1,-4.2843,-1.9747,-0.019747,False
2015-08-01,LLY,buy_call,3.5202,1,-2.556,-3.5202,-0.035202,False
2015-08-01,LMT,buy_call,3.2317,1,-2.8585,-3.2317,-0.032317,False
2015-08-01,LOW,buy_call,2.7959,1,0.1413,-2.6546,-0.026546,False
2015-08-01,LYB,buy_call,3.2317,1,-9.0057,-3.2317,-0.032317,False
2015-08-01,MA,buy_call,2.7116,1,-5.0035,-2.7116,-0.027116,False
2015-08-01,MCD,buy_call,1.9747,1,-4.8468,-1.9747,-0.019747,False
2015-08-01,MDLZ,buy_call,2.2339,1,-6.1378,-2.2339,-0.022339,False
2015-08-01,MDT,buy_call,2.4594,1,-7.7816,-2.4594,-0.024594,False
2015-08-01,MET,buy_call,2.7389,1,-10.1184,-2.7389,-0.027389,False
2015-08-01,META,buy_call,4.3383,1,-4.8718,-4.3383,-0.043383,False
2015-08-01,MMM,skip,0.0,0,-6.079,0.0,0.0,False
2015-08-01,MO,buy_call,2.2339,1,-1.4711,-2.2339,-0.022339,False
2015-08-01,MRK,skip,0.0,0,-8.6669,0.0,0.0,False
2015-08-01,MS,buy_call,2.7389,1,-10.9625,-2.7389,-0.027389,False
2015-08-01,MSFT,buy_call,2.8745,1,-6.8094,-2.8745,-0.028745,False
2015-08-01,NEE,skip,0.0,0,-6.4543,0.0,0.0,False
2015-08-01,NFLX,buy_call,4.4729,1,0.6299,-3.843,-0.03843,False
2015-08-01,NKE,buy_call,3.5085,1,-3.0116,-3.5085,-0.035085,False
2015-08-01,ORCL,skip,0.0,0,-6.7893,0.0,0.0,False
2015-08-01,PEP,buy_call,2.2339,1,-3.5496,-2.2339,-0.022339,False
2015-08-01,PFE,buy_call,2.8264,1,-10.6489,-2.8264,-0.028264,False
2015-08-01,PG,skip,0.0,0,-7.1073,0.0,0.0,False
2015-08-01,PM,buy_call,2.2339,1,-6.6994,-2.2339,-0.022339,False
2015-08-01,PPL,skip,0.0,0,-2.5778,0.0,0.0,False
2015-08-01,PRU,buy_call,2.7389,1,-8.6691,-2.7389,-0.027389,False
2015-08-01,QCOM,buy_call,4.254,1,-12.1292,-4.254,-0.04254,False
2015-08-01,SBUX,buy_call,1.9747,1,-5.5584,-1.9747,-0.019747,False
2015-08-01,SLB,buy_call,3.2317,1,-6.5805,-3.2317,-0.032317,False
2015-08-01,SO,skip,0.0,0,-2.951,0.0,0.0,False
2015-08-01,SPG,skip,0.0,0,-4.2196,0.0,0.0,False
2015-08-01,T,buy_call,3.1005,1,-2.7409,-3.1005,-0.031005,False
2015-08-01,TGT,buy_call,2.4474,1,-5.0581,-2.4474,-0.024474,False
2015-08-01,TMO,buy_call,2.8279,1,-10.1483,-2.8279,-0.028279,False
2015-08-01,TXN,skip,0.0,0,-3.6274,0.0,0.0,False
2015-08-01,UNH,buy_call,2.9729,1,-4.6952,-2.9729,-0.029729,False
2015-08-01,UNP,skip,0.0,0,-12.1426,0.0,0.0,False
2015-08-01,USB,buy_call,2.7389,1,-6.3261,-2.7389,-0.027389,False
2015-08-01,V,buy_call,2.5501,1,-5.3623,-2.5501,-0.025501,False
2015-08-01,VZ,buy_call,3.1005,1,-0.5089,-3.1005,-0.031005,False
2015-08-01,WFC,buy_call,3.4824,1,-7.8451,-3.4824,-0.034824,False
2015-08-01,WMT,skip,0.0,0,-10.0722,0.0,0.0,False
2015-08-01,XOM,skip,0.0,0,-5.012,0.0,0.0,False
2015-09-01,AAPL,skip,0.0,0,-1.7389,0.0,0.0,True
2015-09-01,ABBV,buy_call,2.8264,6,-12.8184,-2.8264,-0.169584,True
2015-09-01,ABT,skip,0.0,0,-11.1945,0.0,0.0,True
2015-09-01,ADBE,skip,0.0,0,4.6455,0.0,0.0,True
2015-09-01,ADP,skip,0.0,0,3.9317,0.0,0.0,True
2015-09-01,AMGN,skip,0.0,0,-8.4442,0.0,0.0,True
2015-09-01,AMT,skip,0.0,0,-4.5667,0.0,0.0,True
2015-09-01,AMZN,buy_call,3.8265,6,-0.195,-3.8265,-0.22959,True
2015-09-01,AXP,skip,0.0,0,-3.3759,0.0,0.0,True
2015-09-01,BA,skip,0.0,0,0.8459,0.0,0.0,True
2015-09-01,BAC,buy_call,3.1976,6,-4.6512,-3.1976,-0.191856,True
2015-09-01,BDX,skip,0.0,0,-5.9283,0.0,0.0,True
2015-09-01,BIIB,skip,0.0,0,-1.8466,0.0,0.0,True
2015-09-01,BLK,skip,0.0,0,-0.9593,0.0,0.0,True
2015-09-01,BMY,skip,0.0,0,-0.454,0.0,0.0,True
2015-09-01,BRK-B,skip,0.0,0,-2.7156,0.0,0.0,True
2015-09-01,C,buy_call,3.0,6,-7.2363,-3.0,-0.18,True
2015-09-01,CAT,skip,0.0,0,-14.495,0.0,0.0,True
2015-09-01,CL,skip,0.0,0,1.0349,0.0,0.0,True
2015-09-01,CMCSA,skip,0.0,0,0.9764,0.0,0.0,True
2015-09-01,COST,skip,0.0,0,3.5112,0.0,0.0,True
2015-09-01,CRM,skip,0.0,0,0.1009,0.0,0.0,True
2015-09-01,CSCO,skip,0.0,0,1.4297,0.0,0.0,True
2015-09-01,CTSH,buy_call,3.0196,6,-0.5243,-3.0196,-0.181176,True
2015-09-01,CVS,skip,0.0,0,-5.7813,0.0,0.0,True
2015-09-01,CVX,skip,0.0,0,-1.3781,0.0,0.0,True
2015-09-01,DD,skip,0.0,0,-3.1079,0.0,0.0,True
2015-09-01,DHR,buy_call,2.4594,6,-2.08,-2.4594,-0.147564,True
2015-09-01,DIS,skip,0.0,0,0.3141,0.0,0.0,True
2015-09-01,ELV,skip,0.0,0,-0.7444,0.0,0.0,True
2015-09-01,EOG,skip,0.0,0,-7.0361,0.0,0.0,True
2015-09-01,F,skip,0.0,0,-2.1629,0.0,0.0,True
2015-09-01,FDX,skip,0.0,0,-4.402,0.0,0.0,True
2015-09-01,GE,skip,0.0,0,1.6116,0.0,0.0,True
2015-09-01,GILD,buy_call,2.8264,6,-6.5481,-2.8264,-0.169584,True
2015-09-01,GIS,buy_call,2.2339,6,-1.11,-2.2339,-0.134034,True
2015-09-01,GM,skip,0.0,0,1.9701,0.0,0.0,True
2015-09-01,GOOGL,buy_call,3.4858,6,-1.4587,-3.4858,-0.209148,True
2015-09-01,GS,skip,0.0,0,-7.5509,0.0,0.0,True
2015-09-01,HAL,skip,0.0,0,-9.7442,0.0,0.0,True
2015-09-01,HD,buy_call,2.7959,6,-0.8329,-2.7959,-0.167754,True
2015-09-01,HON,skip,0.0,0,-4.1465,0.0,0.0,True
2015-09-01,IBM,skip,0.0,0,-1.1607,0.0,0.0,True
2015-09-01,INTC,skip,0.0,0,6.4835,0.0,0.0,True
2015-09-01,ITW,skip,0.0,0,-2.6263,0.0,0.0,True
2015-09-01,JNJ,skip,0.0,0,0.0895,0.0,0.0,True
2015-09-01,JPM,buy_call,2.7389,6,-4.883,-2.7389,-0.164334,True
2015-09-01,KO,skip,0.0,0,2.0346,0.0,0.0,True
2015-09-01,LLY,buy_call,3.5202,6,2.2392,-1.281,-0.07686,True
2015-09-01,LMT,buy_call,3.2317,6,3.805,0.5733,0.034398,True
2015-09-01,LOW,skip,0.0,0,-0.3614,0.0,0.0,True
2015-09-01,LYB,buy_call,3.2317,6,-1.4498,-3.2317,-0.193902,True
2015-09-01,MA,buy_call,2.7116,6,-2.4358,-2.7116,-0.162696,True
2015-09-01,MCD,skip,0.0,0,4.6075,0.0,0.0,True
2015-09-01,MDLZ,buy_call,2.2339,6,-1.1568,-2.2339,-0.134034,True
2015-09-01,MDT,skip,0.0,0,-7.4008,0.0,0.0,True
2015-09-01,MET,skip,0.0,0,-5.2529,0.0,0.0,True
2015-09-01,META,buy_call,4.3383,6,0.5256,-3.8127,-0.228762,True
2015-09-01,MMM,skip,0.0,0,0.4338,0.0,0.0,True
2015-09-01,MO,skip,0.0,0,1.5304,0.0,0.0,True
2015-09-01,MRK,skip,0.0,0,-8.2822,0.0,0.0,True
2015-09-01,MS,skip,0.0,0,-8.5631,0.0,0.0,True
2015-09-01,MSFT,buy_call,2.8745,6,2.371,-0.5035,-0.03021,True
2015-09-01,NEE,skip,0.0,0,-0.1087,0.0,0.0,True
2015-09-01,NFLX,buy_call,4.4729,6,-10.2321,-4.4729,-0.268374,True
2015-09-01,NKE,buy_call,3.5085,6,10.0403,6.5317,0.391902,True
2015-09-01,ORCL,skip,0.0,0,-2.6153,0.0,0.0,True
2015-09-01,PEP,skip,0.0,0,1.4742,0.0,0.0,True
2015-09-01,PFE,skip,0.0,0,-1.7522,0.0,0.0,True
2015-09-01,PG,skip,0.0,0,1.7971,0.0,0.0,True
2015-09-01,PM,skip,0.0,0,-0.5889,0.0,0.0,True
2015-09-01,PPL,skip,0.0,0,6.131,0.0,0.0,True
2015-09-01,PRU,buy_call,2.7389,6,-4.9141,-2.7389,-0.164334,True
2015-09-01,QCOM,skip,0.0,0,-4.237,0.0,0.0,True
2015-09-01,SBUX,buy_call,1.9747,6,4.1797,2.205,0.1323,True
2015-09-01,SLB,skip,0.0,0,-10.267,0.0,0.0,True
2015-09-01,SO,skip,0.0,0,4.1864,0.0,0.0,True
2015-09-01,SPG,skip,0.0,0,3.2874,0.0,0.0,True
2015-09-01,T,skip,0.0,0,-1.8675,0.0,0.0,True
2015-09-01,TGT,buy_call,2.4474,6,1.942,-0.5054,-0.030324,True
2015-09-01,TMO,skip,0.0,0,-2.4647,0.0,0.0,True
2015-09-01,TXN,skip,0.0,0,3.5117,0.0,0.0,True
2015-09-01,UNH,buy_call,2.9729,6,0.2679,-2.7049,-0.162294,True
2015-09-01,UNP,skip,0.0,0,3.7929,0.0,0.0,True
2015-09-01,USB,skip,0.0,0,-3.1641,0.0,0.0,True
2015-09-01,V,buy_call,2.5501,6,-2.1401,-2.5501,-0.153006,True
2015-09-01,VZ,skip,0.0,0,-5.4336,0.0,0.0,True
2015-09-01,WFC,skip,0.0,0,-3.0842,0.0,0.0,True
2015-09-01,WMT,skip,0.0,0,0.8539,0.0,0.0,True
2015-09-01,XOM,skip,0.0,0,-0.2583,0.0,0.0,True
2015-10-01,AAPL,skip,0.0,0,8.3409,0.0,0.0,True
2015-10-01,ABBV,skip,0.0,0,9.4468,0.0,0.0,True
2015-10-01,ABT,skip,0.0,0,11.3874,0.0,0.0,True
2015-10-01,ADBE,buy_call,2.8745,12,7.8326,4.9582,0.594984,True
2015-10-01,ADP,skip,0.0,0,8.933,0.0,0.0,True
2015-10-01,AMGN,skip,0.0,0,14.358,0.0,0.0,True
2015-10-01,AMT,skip,0.0,0,16.7906,0.0,0.0,True
2015-10-01,AMZN,buy_call,3.8265,12,22.2724,18.4459,2.213508,True
2015-10-01,AXP,skip,0.0,0,-1.1736,0.0,0.0,True
2015-10-01,BA,skip,0.0,0,13.0737,0.0,0.0,True
2015-10-01,BAC,buy_call,3.1976,12,8.049,4.8513,0.582156,True
2015-10-01,BDX,skip,0.0,0,7.9068,0.0,0.0,True
2015-10-01,BIIB,skip,0.0,0,-0.4455,0.0,0.0,True
2015-10-01,BLK,skip,0.0,0,18.3212,0.0,0.0,True
2015-10-01,BMY,skip,0.0,0,12.1056,0.0,0.0,True
2015-10-01,BRK-B,skip,0.0,0,4.3098,0.0,0.0,True
2015-10-01,C,skip,0.0,0,7.176,0.0,0.0,True
2015-10-01,CAT,skip,0.0,0,11.6738,0.0,0.0,True
2015-10-01,CL,skip,0.0,0,4.554,0.0,0.0,True
2015-10-01,CMCSA,buy_call,3.1005,12,10.0914,6.9909,0.838908,True
2015-10-01,COST,skip,0.0,0,9.3726,0.0,0.0,True
2015-10-01,CRM,buy_call,3.8947,12,11.9257,8.031,0.96372,True
2015-10-01,CSCO,skip,0.0,0,9.9048,0.0,0.0,True
2015-10-01,CTSH,buy_call,3.0196,12,8.7845,5.7649,0.691788,True
2015-10-01,CVS,skip,0.0,0,2.3839,0.0,0.0,True
2015-10-01,CVX,skip,0.0,0,15.2129,0.0,0.0,True
2015-10-01,DD,skip,0.0,0,23.0848,0.0,0.0,True
2015-10-01,DHR,buy_call,2.4594,12,9.6839,7.2245,0.86694,True
2015-10-01,DIS,skip,0.0,0,11.2916,0.0,0.0,True
2015-10-01,ELV,skip,0.0,0,-0.1679,0.0,0.0,True
2015-10-01,EOG,skip,0.0,0,17.9258,0.0,0.0,True
2015-10-01,F,skip,0.0,0,9.1378,0.0,0.0,True
2015-10-01,FDX,skip,0.0,0,8.5657,0.0,0.0,True
2015-10-01,GE,buy_call,3.2317,12,15.6971,12.4654,1.495848,True
2015-10-01,GILD,buy_call,2.8264,12,10.5569,7.7304,0.927648,True
2015-10-01,GIS,buy_call,2.2339,12,3.5275,1.2936,0.155232,True
2015-10-01,GM,skip,0.0,0,17.7199,0.0,0.0,True
2015-10-01,GOOGL,buy_call,3.4858,12,15.5114,12.0255,1.44306,True
2015-10-01,GS,skip,0.0,0,7.9075,0.0,0.0,True
2015-10-01,HAL,skip,0.0,0,8.5715,0.0,0.0,True
2015-10-01,HD,buy_call,2.7959,12,7.602,4.8061,0.576732,True
2015-10-01,HON,skip,0.0,0,9.0717,0.0,0.0,True
2015-10-01,IBM,skip,0.0,0,-3.3731,0.0,0.0,True
2015-10-01,INTC,skip,0.0,0,12.3424,0.0,0.0,True
2015-10-01,ITW,skip,0.0,0,12.4501,0.0,0.0,True
2015-10-01,JNJ,skip,0.0,0,8.2271,0.0,0.0,True
2015-10-01,JPM,buy_call,2.7389,12,5.3797,2.6408,0.316896,True
2015-10-01,KO,buy_call,1.9747,12,6.4729,4.4981,0.539772,True
2015-10-01,LLY,buy_call,3.5202,12,-2.5332,-3.5202,-0.422424,True
2015-10-01,LMT,buy_call,3.2317,12,6.0392,2.8075,0.3369,True
2015-10-01,LOW,skip,0.0,0,7.1242,0.0,0.0,True
2015-10-01,LYB,skip,0.0,0,11.4564,0.0,0.0,True
2015-10-01,MA,buy_call,2.7116,12,9.8424,7.1308,0.855696,True
2015-10-01,MCD,buy_call,1.9747,12,13.9247,11.95,1.434,True
2015-10-01,MDLZ,buy_call,2.2339,12,10.6857,8.4517,1.014204,True
2015-10-01,MDT,skip,0.0,0,11.0288,0.0,0.0,True
2015-10-01,MET,skip,0.0,0,6.8504,0.0,0.0,True
2015-10-01,META,buy_call,4.3383,12,13.426,9.0877,1.090524,True
2015-10-01,MMM,skip,0.0,0,10.8909,0.0,0.0,True
2015-10-01,MO,buy_call,2.2339,12,12.3498,10.1158,1.213896,True
2015-10-01,MRK,skip,0.0,0,11.6229,0.0,0.0,True
2015-10-01,MS,skip,0.0,0,4.6667,0.0,0.0,True
2015-10-01,MSFT,buy_call,2.8745,12,18.9336,16.0591,1.927092,True
2015-10-01,NEE,skip,0.0,0,5.2383,0.0,0.0,True
2015-10-01,NFLX,buy_call,4.4729,12,4.9584,0.4855,0.05826,True
2015-10-01,NKE,buy_call,3.5085,12,6.8246,3.3161,0.397932,True
2015-10-01,ORCL,skip,0.0,0,7.5304,0.0,0.0,True
2015-10-01,PEP,buy_call,2.2339,12,9.2075,6.9736,0.836832,True
2015-10-01,PFE,skip,0.0,0,7.6728,0.0,0.0,True
2015-10-01,PG,skip,0.0,0,6.1718,0.0,0.0,True
2015-10-01,PM,buy_call,2.2339,12,12.8615,10.6276,1.275312,True
2015-10-01,PPL,buy_call,1.9747,12,5.9407,3.966,0.47592,True
2015-10-01,PRU,skip,0.0,0,8.2535,0.0,0.0,True
2015-10-01,QCOM,skip,0.0,0,10.59,0.0,0.0,True
2015-10-01,SBUX,buy_call,1.9747,12,10.0809,8.1062,0.972744,True
2015-10-01,SLB,skip,0.0,0,13.3246,0.0,0.0,True
2015-10-01,SO,buy_call,1.9747,12,0.8949,-1.0799,-0.129588,True
2015-10-01,SPG,skip,0.0,0,9.656,0.0,0.0,True
2015-10-01,T,buy_call,3.1005,12,2.8545,-0.246,-0.02952,True
2015-10-01,TGT,skip,0.0,0,-1.8815,0.0,0.0,True
2015-10-01,TMO,skip,0.0,0,7.0829,0.0,0.0,True
2015-10-01,TXN,skip,0.0,0,14.5396,0.0,0.0,True
2015-10-01,UNH,skip,0.0,0,1.9649,0.0,0.0,True
2015-10-01,UNP,skip,0.0,0,1.0632,0.0,0.0,True
2015-10-01,USB,skip,0.0,0,3.4863,0.0,0.0,True
2015-10-01,V,buy_call,2.5501,12,11.3695,8.8195,1.05834,True
2015-10-01,VZ,skip,0.0,0,7.7454,0.0,0.0,True
2015-10-01,WFC,skip,0.0,0,5.4333,0.0,0.0,True
2015-10-01,WMT,skip,0.0,0,-11.7211,0.0,0.0,True
2015-10-01,XOM,skip,0.0,0,11.2845,0.0,0.0,True
2015-11-01,AAPL,skip,0.0,0,-1.0042,0.0,0.0,False
2015-11-01,ABBV,skip,0.0,0,-1.4498,0.0,0.0,False
2015-11-01,ABT,skip,0.0,0,0.8501,0.0,0.0,False
2015-11-01,ADBE,buy_call,2.8745,1,3.1581,0.2837,0.002837,False
2015-11-01,ADP,buy_call,3.0196,1,-0.8392,-3.0196,-0.030196,False
2015-11-01,AMGN,buy_call,2.8264,1,1.846,-0.9805,-0.009805,False
2015-11-01,AMT,buy_call,3.0196,1,-2.7879,-3.0196,-0.030196,False
2015-11-01,AMZN,buy_call,3.8265,1,6.2151,2.3886,0.023886,False
2015-11-01,AXP,skip,0.0,0,-1.8411,0.0,0.0,False
2015-11-01,BA,buy_call,3.0,1,-1.7694,-3.0,-0.03,False
2015-11-01,BAC,buy_call,3.1976,1,3.8736,0.676,0.00676,False
2015-11-01,BDX,buy_call,2.4594,1,5.4238,2.9644,0.029644,False
2015-11-01,BIIB,skip,0.0,0,-1.2564,0.0,0.0,False
2015-11-01,BLK,skip,0.0,0,3.3383,0.0,0.0,False
2015-11-01,BMY,buy_call,2.8264,1,1.6073,-1.2191,-0.012191,False
2015-11-01,BRK-B,skip,0.0,0,-1.4189,0.0,0.0,False
2015-11-01,C,skip,0.0,0,1.8233,0.0,0.0,False
2015-11-01,CAT,skip,0.0,0,0.6465,0.0,0.0,False
2015-11-01,CL,skip,0.0,0,-0.4456,0.0,0.0,False
2015-11-01,CMCSA,buy_call,3.1005,1,-2.3951,-3.1005,-0.031005,False
2015-11-01,COST,buy_call,2.5784,1,2.087,-0.4914,-0.004914,False
2015-11-01,CRM,buy_call,3.8947,1,2.5479,-1.3468,-0.013468,False
2015-11-01,CSCO,buy_call,3.0196,1,-4.7842,-3.0196,-0.030196,False
2015-11-01,CTSH,buy_call,3.0196,1,-5.1828,-3.0196,-0.030196,False
2015-11-01,CVS,buy_call,2.9729,1,-4.4248,-2.9729,-0.029729,False
2015-11-01,CVX,skip,0.0,0,0.4842,0.0,0.0,False
2015-11-01,DD,buy_call,3.0196,1,0.8902,-2.1293,-0.021293,False
2015-11-01,DHR,buy_call,2.4594,1,3.3008,0.8414,0.008414,False
2015-11-01,DIS,buy_call,3.3259,1,-0.2374,-3.3259,-0.033259,False
2015-11-01,ELV,skip,0.0,0,-6.3026,0.0,0.0,False
2015-11-01,EOG,skip,0.0,0,-2.627,0.0,0.0,False
2015-11-01,F,skip,0.0,0,-2.2564,0.0,0.0,False
2015-11-01,FDX,skip,0.0,0,1.5956,0.0,0.0,False
2015-11-01,GE,buy_call,3.2317,1,3.527,0.2952,0.002952,False
2015-11-01,GILD,buy_call,2.8264,1,-2.0068,-2.8264,-0.028264,False
2015-11-01,GIS,buy_call,2.2339,1,0.1891,-2.0448,-0.020448,False
2015-11-01,GM,buy_call,3.2317,1,3.6952,0.4635,0.004635,False
2015-11-01,GOOGL,buy_call,3.4858,1,3.4527,-0.0331,-0.000331,False
2015-11-01,GS,skip,0.0,0,1.3439,0.0,0.0,False
2015-11-01,HAL,skip,0.0,0,3.8301,0.0,0.0,False
2015-11-01,HD,buy_call,2.7959,1,8.2821,5.4862,0.054862,False
2015-11-01,HON,buy_call,3.0196,1,0.6487,-2.3709,-0.023709,False
2015-11-01,IBM,skip,0.0,0,-0.4711,0.0,0.0,False
2015-11-01,INTC,buy_call,4.1737,1,2.6875,-1.4862,-0.014862,False
2015-11-01,ITW,skip,0.0,0,2.2188,0.0,0.0,False
2015-11-01,JNJ,buy_call,2.057,1,0.2078,-1.8492,-0.018492,False
2015-11-01,JPM,buy_call,2.7389,1,4.531,1.7921,0.017921,False
2015-11-01,KO,buy_call,1.9747,1,0.6375,-1.3372,-0.013372,False
2015-11-01,LLY,buy_call,3.5202,1,0.5762,-2.9439,-0.029439,False
2015-11-01,LMT,buy_call,3.2317,1,-0.3048,-3.2317,-0.032317,False
2015-11-01,LOW,buy_call,2.7959,1,4.1525,1.3566,0.013566,False
2015-11-01,LYB,skip,0.0,0,3.1321,0.0,0.0,False
2015-11-01,MA,buy_call,2.7116,1,-0.9121,-2.7116,-0.027116,False
2015-11-01,MCD,buy_call,1.9747,1,1.7016,-0.2732,-0.002732,False
2015-11-01,MDLZ,buy_call,2.2339,1,-5.4159,-2.2339,-0.022339,False
2015-11-01,MDT,buy_call,2.4594,1,1.921,-0.5384,-0.005384,False
2015-11-01,MET,skip,0.0,0,1.4093,0.0,0.0,False
2015-11-01,META,buy_call,4.3383,1,2.2261,-2.1121,-0.021121,False
2015-11-01,MMM,buy_call,3.0196,1,-0.4008,-3.0196,-0.030196,False
2015-11-01,MO,buy_call,2.2339,1,-4.7461,-2.2339,-0.022339,False
2015-11-01,MRK,skip,0.0,0,-3.0186,0.0,0.0,False
2015-11-01,MS,skip,0.0,0,4.5204,0.0,0.0,False
2015-11-01,MSFT,buy_call,2.8745,1,3.2485,0.374,0.00374,False
2015-11-01,NEE,buy_call,1.9747,1,-2.7274,-1.9747,-0.019747,False
2015-11-01,NFLX,buy_call,4.4729,1,13.7941,9.3212,0.093212,False
2015-11-01,NKE,buy_call,3.5085,1,0.954,-2.5545,-0.025545,False
2015-11-01,ORCL,skip,0.0,0,0.7335,0.0,0.0,False
2015-11-01,PEP,buy_call,2.2339,1,-1.9865,-2.2339,-0.022339,False
2015-11-01,PFE,buy_call,2.8264,1,-3.1047,-2.8264,-0.028264,False
2015-11-01,PG,skip,0.0,0,-1.1356,0.0,0.0,False
2015-11-01,PM,buy_call,2.2339,1,-1.1425,-2.2339,-0.022339,False
2015-11-01,PPL,buy_call,1.9747,1,-1.0465,-1.9747,-0.019747,False
2015-11-01,PRU,buy_call,2.7389,1,4.9091,2.1702,0.021702,False
2015-11-01,QCOM,skip,0.0,0,-17.8896,0.0,0.0,False
2015-11-01,SBUX,buy_call,1.9747,1,-1.8859,-1.9747,-0.019747,False
2015-11-01,SLB,skip,0.0,0,-1.2922,0.0,0.0,False
2015-11-01,SO,buy_call,1.9747,1,-1.2417,-1.9747,-0.019747,False
2015-11-01,SPG,buy_call,3.0196,1,-7.5549,-3.0196,-0.030196,False
2015-11-01,T,buy_call,3.1005,1,2.3903,-0.7103,-0.007103,False
2015-11-01,TGT,skip,0.0,0,-6.0638,0.0,0.0,False
2015-11-01,TMO,buy_call,2.8279,1,5.8265,2.9986,0.029986,False
2015-11-01,TXN,buy_call,4.1737,1,3.1391,-1.0346,-0.010346,False
2015-11-01,UNH,buy_call,2.9729,1,-4.3046,-2.9729,-0.029729,False
2015-11-01,UNP,skip,0.0,0,-6.0436,0.0,0.0,False
2015-11-01,USB,skip,0.0,0,4.0541,0.0,0.0,False
2015-11-01,V,buy_call,2.5501,1,1.8432,-0.7068,-0.007068,False
2015-11-01,VZ,skip,0.0,0,-1.791,0.0,0.0,False
2015-11-01,WFC,skip,0.0,0,1.7732,0.0,0.0,False
2015-11-01,WMT,skip,0.0,0,2.7952,0.0,0.0,False
2015-11-01,XOM,skip,0.0,0,-1.3053,0.0,0.0,False
2015-12-01,AAPL,skip,0.0,0,-10.642,0.0,0.0,True
2015-12-01,ABBV,skip,0.0,0,1.8744,0.0,0.0,True
2015-12-01,ABT,skip,0.0,0,-0.0222,0.0,0.0,True
2015-12-01,ADBE,buy_call,2.8745,2,2.7116,-0.1629,-0.003258,True
2015-12-01,ADP,buy_call,3.0196,2,-1.7853,-3.0196,-0.060392,True
2015-12-01,AMGN,buy_call,2.8264,2,1.2736,-1.5528,-0.031056,True
2015-12-01,AMT,buy_call,3.0196,2,-2.4452,-3.0196,-0.060392,True
2015-12-01,AMZN,buy_call,3.8265,2,1.6682,-2.1583,-0.043166,True
2015-12-01,AXP,skip,0.0,0,-2.9174,0.0,0.0,True
2015-12-01,BA,buy_call,3.0,2,0.0234,-2.9766,-0.059532,True
2015-12-01,BAC,buy_call,3.1976,2,-3.4424,-3.1976,-0.063952,True
2015-12-01,BDX,buy_call,2.4594,2,2.5557,0.0964,0.001928,True
2015-12-01,BIIB,skip,0.0,0,6.7943,0.0,0.0,True
2015-12-01,BLK,buy_call,2.7389,2,-6.3785,-2.7389,-0.054778,True
2015-12-01,BMY,buy_call,2.8264,2,2.6563,-0.1701,-0.003402,True
2015-12-01,BRK-B,skip,0.0,0,-1.5288,0.0,0.0,True
2015-12-01,C,buy_call,3.0,2,-4.3262,-3.0,-0.06,True
2015-12-01,CAT,skip,0.0,0,-6.4556,0.0,0.0,True
2015-12-01,CL,skip,0.0,0,1.4312,0.0,0.0,True
2015-12-01,CMCSA,buy_call,3.1005,2,-7.279,-3.1005,-0.06201,True
2015-12-01,COST,buy_call,2.5784,2,0.3081,-2.2703,-0.045406,True
2015-12-01,CRM,buy_call,3.8947,2,-1.6188,-3.8947,-0.077894,True
2015-12-01,CSCO,skip,0.0,0,-0.3303,0.0,0.0,True
2015-12-01,CTSH,skip,0.0,0,-7.061,0.0,0.0,True
2015-12-01,CVS,skip,0.0,0,3.9111,0.0,0.0,True
2015-12-01,CVX,skip,0.0,0,-0.2861,0.0,0.0,True
2015-12-01,DD,buy_call,3.0196,2,-1.2469,-3.0196,-0.060392,True
2015-12-01,DHR,buy_call,2.4594,2,-3.6414,-2.4594,-0.049188,True
2015-12-01,DIS,buy_call,3.3259,2,-7.394,-3.3259,-0.066518,True
2015-12-01,ELV,skip,0.0,0,6.9489,0.0,0.0,True
2015-12-01,EOG,skip,0.0,0,-15.1504,0.0,0.0,True
2015-12-01,F,skip,0.0,0,-1.6748,0.0,0.0,True
2015-12-01,FDX,skip,0.0,0,-6.0237,0.0,0.0,True
2015-12-01,GE,buy_call,3.2317,2,4.0414,0.8096,0.016192,True
2015-12-01,GILD,skip,0.0,0,-4.5017,0.0,0.0,True
2015-12-01,GIS,buy_call,2.2339,2,-0.1732,-2.2339,-0.044678,True
2015-12-01,GM,buy_call,3.2317,2,-6.0497,-3.2317,-0.064634,True
2015-12-01,GOOGL,buy_call,3.4858,2,1.9873,-1.4986,-0.029972,True
2015-12-01,GS,skip,0.0,0,-4.8273,0.0,0.0,True
2015-12-01,HAL,skip,0.0,0,-14.5797,0.0,0.0,True
2015-12-01,HD,buy_call,2.7959,2,-1.2175,-2.7959,-0.055918,True
2015-12-01,HON,buy_call,3.0196,2,0.2136,-2.806,-0.05612,True
2015-12-01,IBM,skip,0.0,0,-0.3652,0.0,0.0,True
2015-12-01,INTC,buy_call,4.1737,2,-0.2224,-4.1737,-0.083474,True
2015-12-01,ITW,buy_call,3.0196,2,-1.3833,-3.0196,-0.060392,True
2015-12-01,JNJ,buy_call,2.057,2,2.2098,0.1528,0.003056,True
2015-12-01,JPM,buy_call,2.7389,2,-0.9748,-2.7389,-0.054778,True
2015-12-01,KO,buy_call,1.9747,2,1.5708,-0.404,-0.00808,True
2015-12-01,LLY,buy_call,3.5202,2,3.3572,-0.163,-0.00326,True
2015-12-01,LMT,buy_call,3.2317,2,-0.1878,-3.2317,-0.064634,True
2015-12-01,LOW,buy_call,2.7959,2,-0.7311,-2.7959,-0.055918,True
2015-12-01,LYB,skip,0.0,0,-8.5589,0.0,0.0,True
2015-12-01,MA,buy_call,2.7116,2,-0.5719,-2.7116,-0.054232,True
2015-12-01,MCD,buy_call,1.9747,2,4.2977,2.323,0.04646,True
2015-12-01,MDLZ,buy_call,2.2339,2,2.7027,0.4687,0.009374,True
2015-12-01,MDT,skip,0.0,0,2.0972,0.0,0.0,True
2015-12-01,MET,skip,0.0,0,-4.9436,0.0,0.0,True
2015-12-01,META,buy_call,4.3383,2,0.4029,-3.9354,-0.078708,True
2015-12-01,MMM,skip,0.0,0,-3.1615,0.0,0.0,True
2015-12-01,MO,buy_call,2.2339,2,1.059,-1.175,-0.0235,True
2015-12-01,MRK,skip,0.0,0,-0.3585,0.0,0.0,True
2015-12-01,MS,skip,0.0,0,-7.2595,0.0,0.0,True
2015-12-01,MSFT,buy_call,2.8745,2,2.7671,-0.1073,-0.002146,True
2015-12-01,NEE,skip,0.0,0,4.839,0.0,0.0,True
2015-12-01,NFLX,buy_call,4.4729,2,-7.257,-4.4729,-0.089458,True
2015-12-01,NKE,buy_call,3.5085,2,-5.5035,-3.5085,-0.07017,True
2015-12-01,ORCL,skip,0.0,0,-6.2612,0.0,0.0,True
2015-12-01,PEP,buy_call,2.2339,2,-0.2396,-2.2339,-0.044678,True
2015-12-01,PFE,skip,0.0,0,-0.7002,0.0,0.0,True
2015-12-01,PG,skip,0.0,0,6.1064,0.0,0.0,True
2015-12-01,PM,buy_call,2.2339,2,0.595,-1.6389,-0.032778,True
2015-12-01,PPL,buy_call,1.9747,2,0.2644,-1.7103,-0.034206,True
2015-12-01,PRU,buy_call,2.7389,2,-5.1793,-2.7389,-0.054778,True
2015-12-01,QCOM,skip,0.0,0,3.4711,0.0,0.0,True
2015-12-01,SBUX,buy_call,1.9747,2,-1.8987,-1.9747,-0.039494,True
2015-12-01,SLB,skip,0.0,0,-9.0034,0.0,0.0,True
2015-12-01,SO,buy_call,1.9747,2,6.3339,4.3591,0.087182,True
2015-12-01,SPG,buy_call,3.0196,2,5.2732,2.2536,0.045072,True
2015-12-01,T,buy_call,3.1005,2,2.1978,-0.9027,-0.018054,True
2015-12-01,TGT,skip,0.0,0,0.938,0.0,0.0,True
2015-12-01,TMO,buy_call,2.8279,2,2.4928,-0.3351,-0.006702,True
2015-12-01,TXN,buy_call,4.1737,2,-5.6951,-4.1737,-0.083474,True
2015-12-01,UNH,skip,0.0,0,4.3741,0.0,0.0,True
2015-12-01,UNP,skip,0.0,0,-6.2412,0.0,0.0,True
2015-12-01,USB,buy_call,2.7389,2,-2.7797,-2.7389,-0.054778,True
2015-12-01,V,buy_call,2.5501,2,-1.6715,-2.5501,-0.051002,True
2015-12-01,VZ,skip,0.0,0,1.6942,0.0,0.0,True
2015-12-01,WFC,skip,0.0,0,-0.6649,0.0,0.0,True
2015-12-01,WMT,skip,0.0,0,4.1808,0.0,0.0,True
2015-12-01,XOM,skip,0.0,0,-3.7111,0.0,0.0,True
2016-01-01,AAPL,skip,0.0,0,-7.5242,0.0,0.0,True
2016-01-01,ABBV,skip,0.0,0,-7.3261,0.0,0.0,True
2016-01-01,ABT,skip,0.0,0,-15.7203,0.0,0.0,True
2016-01-01,ADBE,buy_call,2.8745,4,-5.1203,-2.8745,-0.11498,True
2016-01-01,ADP,buy_call,3.0196,4,-1.3181,-3.0196,-0.120784,True
2016-01-01,AIG,buy_call,2.7389,4,-8.4555,-2.7389,-0.109556,True
2016-01-01,AMGN,buy_call,2.8264,4,-5.9139,-2.8264,-0.113056,True
2016-01-01,AMT,buy_call,3.0196,4,-2.1804,-3.0196,-0.120784,True
2016-01-01,AMZN,buy_call,3.8265,4,-13.1515,-3.8265,-0.15306,True
2016-01-01,AXP,skip,0.0,0,-23.0769,0.0,0.0,True
2016-01-01,BA,buy_call,3.0,4,-16.9168,-3.0,-0.12,True
2016-01-01,BAC,skip,0.0,0,-15.7468,0.0,0.0,True
2016-01-01,BDX,buy_call,2.4594,4,-5.252,-2.4594,-0.098376,True
2016-01-01,BIIB,skip,0.0,0,-10.8667,0.0,0.0,True
2016-01-01,BLK,skip,0.0,0,-7.1553,0.0,0.0,True
2016-01-01,BMY,buy_call,2.8264,4,-9.143,-2.8264,-0.113056,True
2016-01-01,BRK-B,skip,0.0,0,-1.7192,0.0,0.0,True
2016-01-01,C,skip,0.0,0,-17.7198,0.0,0.0,True
2016-01-01,CAT,skip,0.0,0,-8.4167,0.0,0.0,True
2016-01-01,CL,buy_call,2.0993,4,1.3659,-0.7333,-0.029332,True
2016-01-01,COST,buy_call,2.5784,4,-6.4272,-2.5784,-0.103136,True
2016-01-01,CRM,buy_call,3.8947,4,-13.1888,-3.8947,-0.155788,True
2016-01-01,CSCO,buy_call,3.0196,4,-12.408,-3.0196,-0.120784,True
2016-01-01,CTSH,skip,0.0,0,5.4815,0.0,0.0,True
2016-01-01,CVS,skip,0.0,0,-1.2069,0.0,0.0,True
2016-01-01,CVX,skip,0.0,0,-3.8795,0.0,0.0,True
2016-01-01,DHR,buy_call,2.4594,4,-6.5736,-2.4594,-0.098376,True
2016-01-01,DIS,skip,0.0,0,-8.2278,0.0,0.0,True
2016-01-01,DUK,buy_call,1.9747,4,5.4769,3.5022,0.140088,True
2016-01-01,ELV,skip,0.0,0,-5.9859,0.0,0.0,True
2016-01-01,EOG,skip,0.0,0,0.3249,0.0,0.0,True
2016-01-01,EQIX,buy_call,3.0196,4,3.2812,0.2617,0.010468,True
2016-01-01,FDX,skip,0.0,0,-10.6609,0.0,0.0,True
2016-01-01,GE,buy_call,3.2317,4,-5.8823,-3.2317,-0.129268,True
2016-01-01,GILD,skip,0.0,0,-17.6219,0.0,0.0,True
2016-01-01,GIS,buy_call,2.2339,4,-1.9945,-2.2339,-0.089356,True
2016-01-01,GM,buy_call,3.2317,4,-11.9312,-3.2317,-0.129268,True
2016-01-01,GOOGL,buy_call,3.4858,4,-2.1414,-3.4858,-0.139432,True
2016-01-01,GS,skip,0.0,0,-10.359,0.0,0.0,True
2016-01-01,HD,buy_call,2.7959,4,-4.4864,-2.7959,-0.111836,True
2016-01-01,HON,buy_call,3.0196,4,-0.3572,-3.0196,-0.120784,True
2016-01-01,IBM,skip,0.0,0,-9.3228,0.0,0.0,True
2016-01-01,INTC,buy_call,4.1737,4,-9.9565,-4.1737,-0.166948,True
2016-01-01,ITW,buy_call,3.0196,4,-2.2425,-3.0196,-0.120784,True
2016-01-01,JNJ,buy_call,2.057,4,1.6745,-0.3825,-0.0153,True
2016-01-01,JPM,skip,0.0,0,-9.8895,0.0,0.0,True
2016-01-01,KO,buy_call,1.9747,4,-0.0931,-1.9747,-0.078988,True
2016-01-01,LLY,buy_call,3.5202,4,-6.1239,-3.5202,-0.140808,True
2016-01-01,LMT,buy_call,3.2317,4,-2.8321,-3.2317,-0.129268,True
2016-01-01,LOW,buy_call,2.7959,4,-5.7601,-2.7959,-0.111836,True
2016-01-01,LYB,skip,0.0,0,-10.2762,0.0,0.0,True
2016-01-01,MA,buy_call,2.7116,4,-8.5558,-2.7116,-0.108464,True
2016-01-01,MCD,buy_call,1.9747,4,4.774,2.7993,0.111972,True
2016-01-01,MDLZ,buy_call,2.2339,4,-3.5165,-2.2339,-0.089356,True
2016-01-01,MDT,buy_call,2.4594,4,-0.8085,-2.4594,-0.098376,True
2016-01-01,MET,skip,0.0,0,-7.3843,0.0,0.0,True
2016-01-01,META,buy_call,4.3383,4,7.2138,2.8756,0.115024,True
2016-01-01,MMM,skip,0.0,0,0.239,0.0,0.0,True
2016-01-01,MO,buy_call,2.2339,4,6.0249,3.791,0.15164,True
2016-01-01,MRK,skip,0.0,0,-3.2414,0.0,0.0,True
2016-01-01,MS,skip,0.0,0,-18.6419,0.0,0.0,True
2016-01-01,MSFT,buy_call,2.8745,4,-0.7029,-2.8745,-0.11498,True
2016-01-01,NEE,buy_call,1.9747,4,7.5272,5.5524,0.222096,True
2016-01-01,NFLX,buy_call,4.4729,4,-19.7062,-4.4729,-0.178916,True
2016-01-01,NKE,buy_call,3.5085,4,-0.5435,-3.5085,-0.14034,True
2016-01-01,ORCL,skip,0.0,0,-0.6022,0.0,0.0,True
2016-01-01,PEP,buy_call,2.2339,4,0.0757,-2.1583,-0.086332,True
2016-01-01,PFE,skip,0.0,0,-5.5452,0.0,0.0,True
2016-01-01,PG,buy_call,2.0993,4,2.8711,0.7718,0.030872,True
2016-01-01,PM,buy_call,2.2339,4,3.6046,1.3707,0.054828,True
2016-01-01,PPL,buy_call,1.9747,4,3.8947,1.92,0.0768,True
2016-01-01,PRU,skip,0.0,0,-13.9172,0.0,0.0,True
2016-01-01,PYPL,buy_call,2.7116,4,-0.1658,-2.7116,-0.108464,True
2016-01-01,QCOM,skip,0.0,0,-9.3018,0.0,0.0,True
2016-01-01,SBUX,buy_call,1.9747,4,1.2327,-0.742,-0.02968,True
2016-01-01,SCHW,buy_call,2.7389,4,-22.4719,-2.7389,-0.109556,True
2016-01-01,SLB,skip,0.0,0,3.6129,0.0,0.0,True
2016-01-01,SO,buy_call,1.9747,4,4.5523,2.5775,0.1031,True
2016-01-01,SPG,buy_call,3.0196,4,-4.1967,-3.0196,-0.120784,True
2016-01-01,SYK,skip,0.0,0,7.115,0.0,0.0,True
2016-01-01,T,buy_call,3.1005,4,4.7951,1.6946,0.067784,True
2016-01-01,TGT,skip,0.0,0,-0.2617,0.0,0.0,True
2016-01-01,TMO,buy_call,2.8279,4,-6.7982,-2.8279,-0.113116,True
2016-01-01,TXN,buy_call,4.1737,4,-3.43,-4.1737,-0.166948,True
2016-01-01,UNH,skip,0.0,0,-1.6853,0.0,0.0,True
2016-01-01,UNP,skip,0.0,0,-7.9284,0.0,0.0,True
2016-01-01,USB,skip,0.0,0,-5.5573,0.0,0.0,True
2016-01-01,V,buy_call,2.5501,4,-3.9459,-2.5501,-0.102004,True
2016-01-01,VZ,buy_call,3.1005,4,8.1134,5.0128,0.200512,True
2016-01-01,WFC,skip,0.0,0,-7.5975,0.0,0.0,True
2016-01-01,WMT,skip,0.0,0,9.1613,0.0,0.0,True
2016-01-01,XOM,skip,0.0,0,-0.1283,0.0,0.0,True
2016-02-01,AAPL,skip,0.0,0,-0.6677,0.0,0.0,True
2016-02-01,ABBV,skip,0.0,0,0.5165,0.0,0.0,True
2016-02-01,ABT,skip,0.0,0,2.9973,0.0,0.0,True
2016-02-01,ADBE,buy_call,2.8745,12,-4.4654,-2.8745,-0.34494,True
2016-02-01,ADP,buy_call,3.0196,12,1.9256,-1.0939,-0.131268,True
2016-02-01,AIG,skip,0.0,0,-11.119,0.0,0.0,True
2016-02-01,AMGN,skip,0.0,0,-6.8421,0.0,0.0,True
2016-02-01,AMT,buy_call,3.0196,12,-2.2684,-3.0196,-0.362352,True
2016-02-01,AMZN,buy_call,3.8265,12,-5.8739,-3.8265,-0.45918,True
2016-02-01,AXP,skip,0.0,0,4.3425,0.0,0.0,True
2016-02-01,BA,skip,0.0,0,-1.6232,0.0,0.0,True
2016-02-01,BAC,skip,0.0,0,-11.4569,0.0,0.0,True
2016-02-01,BDX,skip,0.0,0,1.4308,0.0,0.0,True
2016-02-01,BIIB,skip,0.0,0,-4.9952,0.0,0.0,True
2016-02-01,BLK,skip,0.0,0,-0.7319,0.0,0.0,True
2016-02-01,BMY,skip,0.0,0,-0.37,0.0,0.0,True
2016-02-01,BRK-B,skip,0.0,0,3.3906,0.0,0.0,True
2016-02-01,C,skip,0.0,0,-8.6473,0.0,0.0,True
2016-02-01,CAT,skip,0.0,0,10.1344,0.0,0.0,True
2016-02-01,CL,buy_call,2.0993,12,-2.2037,-2.0993,-0.251916,True
2016-02-01,COST,buy_call,2.5784,12,-0.7213,-2.5784,-0.309408,True
2016-02-01,CRM,skip,0.0,0,-0.4555,0.0,0.0,True
2016-02-01,CSCO,skip,0.0,0,10.9038,0.0,0.0,True
2016-02-01,CTSH,buy_call,3.0196,12,-9.9984,-3.0196,-0.362352,True
2016-02-01,CVS,skip,0.0,0,1.0523,0.0,0.0,True
2016-02-01,CVX,buy_call,3.0632,12,-3.5041,-3.0632,-0.367584,True
2016-02-01,DHR,skip,0.0,0,3.0237,0.0,0.0,True
2016-02-01,DIS,skip,0.0,0,-0.3131,0.0,0.0,True
2016-02-01,DUK,buy_call,1.9747,12,-1.3545,-1.9747,-0.236964,True
2016-02-01,ELV,skip,0.0,0,0.1533,0.0,0.0,True
2016-02-01,EOG,skip,0.0,0,-8.5986,0.0,0.0,True
2016-02-01,EQIX,buy_call,3.0196,12,-2.2153,-3.0196,-0.362352,True
2016-02-01,FDX,skip,0.0,0,3.0103,0.0,0.0,True
2016-02-01,GE,buy_call,3.2317,12,0.1375,-3.0943,-0.371316,True
2016-02-01,GILD,skip,0.0,0,5.1204,0.0,0.0,True
2016-02-01,GIS,skip,0.0,0,4.9549,0.0,0.0,True
2016-02-01,GM,skip,0.0,0,-0.6748,0.0,0.0,True
2016-02-01,GOOGL,buy_call,3.4858,12,-5.7963,-3.4858,-0.418296,True
2016-02-01,GS,skip,0.0,0,-7.4462,0.0,0.0,True
2016-02-01,HD,buy_call,2.7959,12,-1.3041,-2.7959,-0.335508,True
2016-02-01,HON,skip,0.0,0,-1.7926,0.0,0.0,True
2016-02-01,IBM,skip,0.0,0,5.0004,0.0,0.0,True
2016-02-01,INTC,buy_call,4.1737,12,-4.6099,-4.1737,-0.500844,True
2016-02-01,ITW,buy_call,3.0196,12,4.6408,1.6213,0.194556,True
2016-02-01,JNJ,buy_call,2.057,12,0.7373,-1.3197,-0.158364,True
2016-02-01,JPM,skip,0.0,0,-4.7434,0.0,0.0,True
2016-02-01,KO,buy_call,1.9747,12,0.4893,-1.4854,-0.178248,True
2016-02-01,LLY,skip,0.0,0,-8.976,0.0,0.0,True
2016-02-01,LMT,buy_call,3.2317,12,2.2702,-0.9616,-0.115392,True
2016-02-01,LOW,buy_call,2.7959,12,-5.3844,-2.7959,-0.335508,True
2016-02-01,LYB,skip,0.0,0,2.8729,0.0,0.0,True
2016-02-01,MA,skip,0.0,0,-2.1743,0.0,0.0,True
2016-02-01,MCD,buy_call,1.9747,12,-5.324,-1.9747,-0.236964,True
2016-02-01,MDLZ,skip,0.0,0,-5.9629,0.0,0.0,True
2016-02-01,MDT,skip,0.0,0,1.9363,0.0,0.0,True
2016-02-01,MET,skip,0.0,0,-11.3998,0.0,0.0,True
2016-02-01,META,buy_call,4.3383,12,-4.7144,-4.3383,-0.520596,True
2016-02-01,MMM,buy_call,3.0196,12,3.8874,0.8679,0.104148,True
2016-02-01,MO,buy_call,2.2339,12,0.7527,-1.4812,-0.177744,True
2016-02-01,MRK,skip,0.0,0,-0.9078,0.0,0.0,True
2016-02-01,MS,skip,0.0,0,-3.9945,0.0,0.0,True
2016-02-01,MSFT,buy_call,2.8745,12,-7.6421,-2.8745,-0.34494,True
2016-02-01,NEE,buy_call,1.9747,12,0.9937,-0.9811,-0.117732,True
2016-02-01,NFLX,skip,0.0,0,1.7095,0.0,0.0,True
2016-02-01,NKE,buy_call,3.5085,12,-0.6773,-3.5085,-0.42102,True
2016-02-01,ORCL,skip,0.0,0,1.712,0.0,0.0,True
2016-02-01,PEP,buy_call,2.2339,12,-1.4904,-2.2339,-0.268068,True
2016-02-01,PFE,skip,0.0,0,-2.6894,0.0,0.0,True
2016-02-01,PG,buy_call,2.0993,12,-0.8571,-2.0993,-0.251916,True
2016-02-01,PM,buy_call,2.2339,12,1.1332,-1.1007,-0.132084,True
2016-02-01,PPL,buy_call,1.9747,12,-0.1997,-1.9747,-0.236964,True
2016-02-01,PRU,skip,0.0,0,-5.6935,0.0,0.0,True
2016-02-01,PYPL,skip,0.0,0,5.534,0.0,0.0,True
2016-02-01,QCOM,skip,0.0,0,12.0203,0.0,0.0,True
2016-02-01,SBUX,buy_call,1.9747,12,-4.2126,-1.9747,-0.236964,True
2016-02-01,SCHW,skip,0.0,0,-1.8802,0.0,0.0,True
2016-02-01,SLB,skip,0.0,0,-0.761,0.0,0.0,True
2016-02-01,SO,buy_call,1.9747,12,-1.5127,-1.9747,-0.236964,True
2016-02-01,SPG,buy_call,3.0196,12,1.852,-1.1676,-0.140112,True
2016-02-01,SYK,skip,0.0,0,0.7362,0.0,0.0,True
2016-02-01,T,buy_call,3.1005,12,4.3859,1.2854,0.154248,True
2016-02-01,TGT,skip,0.0,0,8.3264,0.0,0.0,True
2016-02-01,TMO,skip,0.0,0,-2.1732,0.0,0.0,True
2016-02-01,TXN,buy_call,4.1737,12,0.9269,-3.2467,-0.389604,True
2016-02-01,UNH,skip,0.0,0,3.4213,0.0,0.0,True
2016-02-01,UNP,skip,0.0,0,9.5278,0.0,0.0,True
2016-02-01,USB,skip,0.0,0,-3.8442,0.0,0.0,True
2016-02-01,V,skip,0.0,0,-2.8192,0.0,0.0,True
2016-02-01,VZ,buy_call,3.1005,12,2.7696,-0.3309,-0.039708,True
2016-02-01,WFC,skip,0.0,0,-6.5897,0.0,0.0,True
2016-02-01,WMT,skip,0.0,0,-0.0301,0.0,0.0,True
2016-02-01,XOM,buy_call,3.2317,12,2.9544,-0.2773,-0.033276,True
2016-03-01,AAPL,skip,0.0,0,13.3327,0.0,0.0,True
2016-03-01,ABBV,skip,0.0,0,4.5962,0.0,0.0,True
2016-03-01,ABT,skip,0.0,0,7.9763,0.0,0.0,True
2016-03-01,ADBE,buy_call,2.8745,22,10.1585,7.2841,1.602502,True
2016-03-01,ADP,buy_call,3.0196,22,5.9275,2.9079,0.639738,True
2016-03-01,AIG,skip,0.0,0,7.6693,0.0,0.0,True
2016-03-01,AMGN,skip,0.0,0,6.1095,0.0,0.0,True
2016-03-01,AMT,buy_call,3.0196,22,11.0304,8.0108,1.762376,True
2016-03-01,AMZN,buy_call,3.8265,22,7.4423,3.6158,0.795476,True
2016-03-01,AXP,skip,0.0,0,10.4714,0.0,0.0,True
2016-03-01,BA,skip,0.0,0,8.4064,0.0,0.0,True
2016-03-01,BAC,skip,0.0,0,7.9872,0.0,0.0,True
2016-03-01,BDX,buy_call,2.4594,22,2.9637,0.5043,0.110946,True
2016-03-01,BIIB,skip,0.0,0,0.3469,0.0,0.0,True
2016-03-01,BLK,buy_call,2.7389,22,9.1711,6.4322,1.415084,True
2016-03-01,BMY,buy_call,2.8264,22,3.1487,0.3223,0.070906,True
2016-03-01,BRK-B,buy_call,1.809,22,5.7464,3.9375,0.86625,True
2016-03-01,C,skip,0.0,0,7.4646,0.0,0.0,True
2016-03-01,CAT,skip,0.0,0,13.0576,0.0,0.0,True
2016-03-01,CL,buy_call,2.0993,22,7.6326,5.5333,1.217326,True
2016-03-01,COST,buy_call,2.5784,22,5.3171,2.7387,0.602514,True
2016-03-01,CRM,skip,0.0,0,8.9742,0.0,0.0,True
2016-03-01,CSCO,buy_call,3.0196,22,8.7471,5.7275,1.26005,True
2016-03-01,CTSH,skip,0.0,0,10.0386,0.0,0.0,True
2016-03-01,CVS,skip,0.0,0,6.7511,0.0,0.0,True
2016-03-01,CVX,buy_call,3.0632,22,15.7838,12.7206,2.798532,True
2016-03-01,DHR,buy_call,2.4594,22,6.2619,3.8025,0.83655,True
2016-03-01,DIS,skip,0.0,0,3.9678,0.0,0.0,True
2016-03-01,DUK,buy_call,1.9747,22,9.7633,7.7886,1.713492,True
2016-03-01,ELV,skip,0.0,0,6.3509,0.0,0.0,True
2016-03-01,EOG,skip,0.0,0,12.11,0.0,0.0,True
2016-03-01,EQIX,buy_call,3.0196,22,8.8972,5.8776,1.293072,True
2016-03-01,FDX,skip,0.0,0,18.8778,0.0,0.0,True
2016-03-01,GE,buy_call,3.2317,22,9.9674,6.7356,1.481832,True
2016-03-01,GILD,skip,0.0,0,5.2837,0.0,0.0,True
2016-03-01,GIS,buy_call,2.2339,22,7.6466,5.4126,1.190772,True
2016-03-01,GM,buy_call,3.2317,22,6.7595,3.5278,0.776116,True
2016-03-01,GOOGL,buy_call,3.4858,22,6.369,2.8832,0.634304,True
2016-03-01,GS,skip,0.0,0,5.4384,0.0,0.0,True
2016-03-01,HD,buy_call,2.7959,22,7.5008,4.7049,1.035078,True
2016-03-01,HON,buy_call,3.0196,22,11.1865,8.1669,1.796718,True
2016-03-01,IBM,skip,0.0,0,16.7649,0.0,0.0,True
2016-03-01,INTC,buy_call,4.1737,22,10.2897,6.116,1.34552,True
2016-03-01,ITW,buy_call,3.0196,22,8.6897,5.6701,1.247422,True
2016-03-01,JNJ,buy_call,2.057,22,3.5872,1.5302,0.336644,True
2016-03-01,JPM,skip,0.0,0,5.1865,0.0,0.0,True
2016-03-01,KO,buy_call,1.9747,22,7.5585,5.5837,1.228414,True
2016-03-01,LLY,skip,0.0,0,0.7105,0.0,0.0,True
2016-03-01,LMT,buy_call,3.2317,22,3.4216,0.1899,0.041778,True
2016-03-01,LOW,skip,0.0,0,12.1724,0.0,0.0,True
2016-03-01,LYB,skip,0.0,0,7.7692,0.0,0.0,True
2016-03-01,MA,skip,0.0,0,8.7207,0.0,0.0,True
2016-03-01,MCD,buy_call,1.9747,22,8.0571,6.0824,1.338128,True
2016-03-01,MDLZ,skip,0.0,0,-1.0116,0.0,0.0,True
2016-03-01,MDT,buy_call,2.4594,22,-3.0883,-2.4594,-0.541068,True
2016-03-01,MET,skip,0.0,0,12.0545,0.0,0.0,True
2016-03-01,META,buy_call,4.3383,22,6.7153,2.377,0.52294,True
2016-03-01,MMM,buy_call,3.0196,22,6.9892,3.9696,0.873312,True
2016-03-01,MO,buy_call,2.2339,22,1.7704,-0.4636,-0.101992,True
2016-03-01,MRK,skip,0.0,0,5.3774,0.0,0.0,True
2016-03-01,MS,skip,0.0,0,1.255,0.0,0.0,True
2016-03-01,MSFT,buy_call,2.8745,22,9.3289,6.4545,1.41999,True
2016-03-01,NEE,buy_call,1.9747,22,5.6846,3.7098,0.816156,True
2016-03-01,NFLX,skip,0.0,0,9.4422,0.0,0.0,True
2016-03-01,NKE,buy_call,3.5085,22,-0.1948,-3.5085,-0.77187,True
2016-03-01,ORCL,skip,0.0,0,11.229,0.0,0.0,True
2016-03-01,PEP,buy_call,2.2339,22,4.7639,2.5299,0.556578,True
2016-03-01,PFE,skip,0.0,0,0.9033,0.0,0.0,True
2016-03-01,PG,buy_call,2.0993,22,2.5159,0.4166,0.091652,True
2016-03-01,PM,buy_call,2.2339,22,7.7776,5.5437,1.219614,True
2016-03-01,PPL,buy_call,1.9747,22,8.8025,6.8278,1.502116,True
2016-03-01,PRU,skip,0.0,0,10.4442,0.0,0.0,True
2016-03-01,PYPL,buy_call,2.7116,22,1.2061,-1.5056,-0.331232,True
2016-03-01,QCOM,skip,0.0,0,1.6342,0.0,0.0,True
2016-03-01,SBUX,buy_call,1.9747,22,2.8948,0.9201,0.202422,True
2016-03-01,SCHW,skip,0.0,0,12.1446,0.0,0.0,True
2016-03-01,SLB,skip,0.0,0,3.5829,0.0,0.0,True
2016-03-01,SO,buy_call,1.9747,22,8.5662,6.5914,1.450108,True
2016-03-01,SPG,buy_call,3.0196,22,10.4537,7.4342,1.635524,True
2016-03-01,SYK,buy_call,2.4594,22,7.4189,4.9595,1.09109,True
2016-03-01,T,buy_call,3.1005,22,6.0081,2.9076,0.639672,True
2016-03-01,TGT,buy_call,2.4474,22,5.7523,3.3049,0.727078,True
2016-03-01,TMO,buy_call,2.8279,22,9.5982,6.7704,1.489488,True
2016-03-01,TXN,buy_call,4.1737,22,8.2988,4.1251,0.907522,True
2016-03-01,UNH,buy_call,2.9729,22,8.2284,5.2555,1.15621,True
2016-03-01,UNP,skip,0.0,0,1.5725,0.0,0.0,True
2016-03-01,USB,skip,0.0,0,5.3738,0.0,0.0,True
2016-03-01,V,buy_call,2.5501,22,5.8584,3.3083,0.727826,True
2016-03-01,VZ,buy_call,3.1005,22,6.6036,3.503,0.77066,True
2016-03-01,WFC,skip,0.0,0,3.8667,0.0,0.0,True
2016-03-01,WMT,buy_call,2.4474,22,3.2409,0.7935,0.17457,True
2016-03-01,XOM,buy_call,3.2317,22,5.2385,2.0068,0.441496,True
2016-04-01,AAPL,skip,0.0,0,-13.9921,0.0,0.0,False
2016-04-01,ABBV,buy_call,2.8264,1,6.7927,3.9663,0.039663,False
2016-04-01,ABT,buy_call,2.4594,1,-7.0045,-2.4594,-0.024594,False
2016-04-01,ADBE,buy_call,2.8745,1,0.4478,-2.4267,-0.024267,False
2016-04-01,ADP,buy_call,3.0196,1,-0.8007,-3.0196,-0.030196,False
2016-04-01,AIG,skip,0.0,0,3.9193,0.0,0.0,False
2016-04-01,AMGN,buy_call,2.8264,1,5.5827,2.7563,0.027563,False
2016-04-01,AMT,buy_call,3.0196,1,2.4519,-0.5677,-0.005677,False
2016-04-01,AMZN,buy_call,3.8265,1,11.1094,7.283,0.07283,False
2016-04-01,AXP,skip,0.0,0,6.5635,0.0,0.0,False
2016-04-01,BA,skip,0.0,0,6.1919,0.0,0.0,False
2016-04-01,BAC,skip,0.0,0,8.1021,0.0,0.0,False
2016-04-01,BDX,buy_call,2.4594,1,6.6915,4.2321,0.042321,False
2016-04-01,BIIB,skip,0.0,0,5.6354,0.0,0.0,False
2016-04-01,BLK,buy_call,2.7389,1,5.366,2.6271,0.026271,False
2016-04-01,BMY,buy_call,2.8264,1,13.666,10.8396,0.108396,False
2016-04-01,BRK-B,buy_call,1.809,1,2.5373,0.7284,0.007284,False
2016-04-01,C,skip,0.0,0,10.8503,0.0,0.0,False
2016-04-01,CAT,buy_call,3.2317,1,1.5417,-1.6901,-0.016901,False
2016-04-01,CL,buy_call,2.0993,1,0.3822,-1.7171,-0.017171,False
2016-04-01,COST,buy_call,2.5784,1,-5.997,-2.5784,-0.025784,False
2016-04-01,CRM,buy_call,3.8947,1,2.6683,-1.2264,-0.012264,False
2016-04-01,CSCO,buy_call,3.0196,1,-3.4422,-3.0196,-0.030196,False
2016-04-01,CTSH,buy_call,3.0196,1,-6.9059,-3.0196,-0.030196,False
2016-04-01,CVS,buy_call,2.9729,1,-3.1139,-2.9729,-0.029729,False
2016-04-01,CVX,buy_call,3.0632,1,7.1069,4.0437,0.040437,False
2016-04-01,DHR,buy_call,2.4594,1,2.1647,-0.2947,-0.002947,False
2016-04-01,DIS,skip,0.0,0,3.9775,0.0,0.0,False
2016-04-01,DUK,buy_call,1.9747,1,-2.355,-1.9747,-0.019747,False
2016-04-01,ELV,buy_call,2.9729,1,1.7773,-1.1956,-0.011956,False
2016-04-01,EOG,buy_call,3.2317,1,13.833,10.6013,0.106013,False
2016-04-01,EQIX,buy_call,3.0196,1,0.4588,-2.5608,-0.025608,False
2016-04-01,FDX,buy_call,3.0196,1,1.6478,-1.3718,-0.013718,False
2016-04-01,GE,buy_call,3.2317,1,-3.2714,-3.2317,-0.032317,False
2016-04-01,GILD,skip,0.0,0,-3.5107,0.0,0.0,False
2016-04-01,GIS,buy_call,2.2339,1,-3.1729,-2.2339,-0.022339,False
2016-04-01,GM,buy_call,3.2317,1,2.4461,-0.7856,-0.007856,False
2016-04-01,GOOGL,buy_call,3.4858,1,-7.2119,-3.4858,-0.034858,False
2016-04-01,GS,skip,0.0,0,4.542,0.0,0.0,False
2016-04-01,HD,buy_call,2.7959,1,0.8966,-1.8994,-0.018994,False
2016-04-01,HON,buy_call,3.0196,1,1.9813,-1.0383,-0.010383,False
2016-04-01,IBM,buy_call,3.0196,1,-3.6382,-3.0196,-0.030196,False
2016-04-01,INTC,buy_call,4.1737,1,-6.3987,-4.1737,-0.041737,False
2016-04-01,ITW,buy_call,3.0196,1,2.5869,-0.4327,-0.004327,False
2016-04-01,JNJ,buy_call,2.057,1,3.5859,1.529,0.01529,False
2016-04-01,JPM,skip,0.0,0,6.7207,0.0,0.0,False
2016-04-01,KO,buy_call,1.9747,1,-2.6743,-1.9747,-0.019747,False
2016-04-01,LLY,skip,0.0,0,4.8882,0.0,0.0,False
2016-04-01,LMT,buy_call,3.2317,1,4.912,1.6802,0.016802,False
2016-04-01,LOW,buy_call,2.7959,1,0.3565,-2.4394,-0.024394,False
2016-04-01,LYB,buy_call,3.2317,1,-3.4003,-3.2317,-0.032317,False
2016-04-01,MA,buy_call,2.7116,1,2.635,-0.0767,-0.000767,False
2016-04-01,MCD,buy_call,1.9747,1,0.6445,-1.3302,-0.013302,False
2016-04-01,MDLZ,skip,0.0,0,7.5423,0.0,0.0,False
2016-04-01,MDT,buy_call,2.4594,1,6.0693,3.6099,0.036099,False
2016-04-01,MET,skip,0.0,0,2.64,0.0,0.0,False
2016-04-01,META,buy_call,4.3383,1,3.0499,-1.2883,-0.012883,False
2016-04-01,MMM,buy_call,3.0196,1,0.4501,-2.5695,-0.025695,False
2016-04-01,MO,buy_call,2.2339,1,0.9854,-1.2485,-0.012485,False
2016-04-01,MRK,buy_call,2.7192,1,4.5545,1.8353,0.018353,False
2016-04-01,MS,skip,0.0,0,8.1967,0.0,0.0,False
2016-04-01,MSFT,buy_call,2.8745,1,-9.7049,-2.8745,-0.028745,False
2016-04-01,NEE,buy_call,1.9747,1,-0.6423,-1.9747,-0.019747,False
2016-04-01,NFLX,skip,0.0,0,-11.9339,0.0,0.0,False
2016-04-01,NKE,buy_call,3.5085,1,-3.8686,-3.5085,-0.035085,False
2016-04-01,ORCL,buy_call,3.5955,1,-2.5666,-3.5955,-0.035955,False
2016-04-01,PEP,buy_call,2.2339,1,1.1862,-1.0477,-0.010477,False
2016-04-01,PFE,skip,0.0,0,10.3576,0.0,0.0,False
2016-04-01,PG,buy_call,2.0993,1,-2.6607,-2.0993,-0.020993,False
2016-04-01,PM,buy_call,2.2339,1,1.0557,-1.1782,-0.011782,False
2016-04-01,PPL,buy_call,1.9747,1,-0.0765,-1.9747,-0.019747,False
2016-04-01,PRU,skip,0.0,0,7.5048,0.0,0.0,False
2016-04-01,PYPL,buy_call,2.7116,1,1.5026,-1.209,-0.01209,False
2016-04-01,QCOM,skip,0.0,0,-1.2124,0.0,0.0,False
2016-04-01,SBUX,buy_call,1.9747,1,-5.8124,-1.9747,-0.019747,False
2016-04-01,SCHW,skip,0.0,0,1.3918,0.0,0.0,False
2016-04-01,SLB,buy_call,3.2317,1,8.9356,5.7039,0.057039,False
2016-04-01,SO,buy_call,1.9747,1,-3.151,-1.9747,-0.019747,False
2016-04-01,SPG,buy_call,3.0196,1,-3.1393,-3.0196,-0.030196,False
2016-04-01,SYK,buy_call,2.4594,1,1.972,-0.4874,-0.004874,False
2016-04-01,T,buy_call,3.1005,1,-0.8935,-3.1005,-0.031005,False
2016-04-01,TGT,buy_call,2.4474,1,-3.3787,-2.4474,-0.024474,False
2016-04-01,TMO,buy_call,2.8279,1,1.9895,-0.8383,-0.008383,False
2016-04-01,TXN,buy_call,4.1737,1,-0.6618,-4.1737,-0.041737,False
2016-04-01,UNH,buy_call,2.9729,1,2.5783,-0.3946,-0.003946,False
2016-04-01,UNP,skip,0.0,0,9.6543,0.0,0.0,False
2016-04-01,USB,buy_call,2.7389,1,5.837,3.0981,0.030981,False
2016-04-01,V,buy_call,2.5501,1,0.9937,-1.5564,-0.015564,False
2016-04-01,VZ,buy_call,3.1005,1,-5.8062,-3.1005,-0.031005,False
2016-04-01,WFC,skip,0.0,0,3.3499,0.0,0.0,False
2016-04-01,WMT,buy_call,2.4474,1,-1.6425,-2.4474,-0.024474,False
2016-04-01,XOM,buy_call,3.2317,1,5.7543,2.5225,0.025225,False
2016-05-01,AAPL,skip,0.0,0,6.5287,0.0,0.0,True
2016-05-01,ABBV,buy_call,2.8264,2,4.1553,1.3288,0.026576,True
2016-05-01,ABT,skip,0.0,0,2.4989,0.0,0.0,True
2016-05-01,ADBE,buy_call,2.8745,2,5.5721,2.6976,0.053952,True
2016-05-01,ADP,buy_call,3.0196,2,-0.6784,-3.0196,-0.060392,True
2016-05-01,AIG,skip,0.0,0,3.6904,0.0,0.0,True
2016-05-01,AMGN,buy_call,2.8264,2,-0.2211,-2.8264,-0.056528,True
2016-05-01,AMT,buy_call,3.0196,2,1.3504,-1.6692,-0.033384,True
2016-05-01,AMZN,buy_call,3.8265,2,9.5817,5.7552,0.115104,True
2016-05-01,AXP,skip,0.0,0,0.991,0.0,0.0,True
2016-05-01,BA,skip,0.0,0,-6.4169,0.0,0.0,True
2016-05-01,BAC,skip,0.0,0,1.5797,0.0,0.0,True
2016-05-01,BDX,buy_call,2.4594,2,3.2184,0.759,0.01518,True
2016-05-01,BIIB,skip,0.0,0,5.3602,0.0,0.0,True
2016-05-01,BLK,buy_call,2.7389,2,2.1104,-0.6284,-0.012568,True
2016-05-01,BMY,buy_call,2.8264,2,-0.665,-2.8264,-0.056528,True
2016-05-01,BRK-B,buy_call,1.809,2,-3.3957,-1.809,-0.03618,True
2016-05-01,C,skip,0.0,0,0.733,0.0,0.0,True
2016-05-01,CAT,buy_call,3.2317,2,-5.7939,-3.2317,-0.064634,True
2016-05-01,CL,buy_call,2.0993,2,-0.1758,-2.0993,-0.041986,True
2016-05-01,COST,skip,0.0,0,0.7291,0.0,0.0,True
2016-05-01,CRM,skip,0.0,0,10.4353,0.0,0.0,True
2016-05-01,CSCO,skip,0.0,0,6.6412,0.0,0.0,True
2016-05-01,CTSH,skip,0.0,0,5.2596,0.0,0.0,True
2016-05-01,CVS,buy_call,2.9729,2,-3.634,-2.9729,-0.059458,True
2016-05-01,CVX,buy_call,3.0632,2,-1.1548,-3.0632,-0.061264,True
2016-05-01,DHR,buy_call,2.4594,2,1.6641,-0.7953,-0.015906,True
2016-05-01,DIS,skip,0.0,0,-3.9125,0.0,0.0,True
2016-05-01,DUK,buy_call,1.9747,2,-0.6982,-1.9747,-0.039494,True
2016-05-01,ELV,buy_call,2.9729,2,-6.1163,-2.9729,-0.059458,True
2016-05-01,EOG,skip,0.0,0,-1.3112,0.0,0.0,True
2016-05-01,EQIX,buy_call,3.0196,2,9.5808,6.5612,0.131224,True
2016-05-01,FDX,buy_call,3.0196,2,-0.0848,-3.0196,-0.060392,True
2016-05-01,GE,buy_call,3.2317,2,-1.6911,-3.2317,-0.064634,True
2016-05-01,GILD,skip,0.0,0,-1.3037,0.0,0.0,True
2016-05-01,GIS,buy_call,2.2339,2,3.0869,0.8529,0.017058,True
2016-05-01,GM,skip,0.0,0,-1.6352,0.0,0.0,True
2016-05-01,GOOGL,skip,0.0,0,5.7877,0.0,0.0,True
2016-05-01,GS,skip,0.0,0,-2.8213,0.0,0.0,True
2016-05-01,HD,buy_call,2.7959,2,-1.322,-2.7959,-0.055918,True
2016-05-01,HON,buy_call,3.0196,2,-0.3851,-3.0196,-0.060392,True
2016-05-01,IBM,buy_call,3.0196,2,5.3447,2.3251,0.046502,True
2016-05-01,INTC,skip,0.0,0,4.3263,0.0,0.0,True
2016-05-01,ITW,buy_call,3.0196,2,1.4447,-1.5749,-0.031498,True
2016-05-01,JNJ,buy_call,2.057,2,0.5443,-1.5127,-0.030254,True
2016-05-01,JPM,skip,0.0,0,4.0399,0.0,0.0,True
2016-05-01,KO,buy_call,1.9747,2,-0.4465,-1.9747,-0.039494,True
2016-05-01,LLY,skip,0.0,0,-0.662,0.0,0.0,True
2016-05-01,LMT,buy_call,3.2317,2,1.6568,-1.575,-0.0315,True
2016-05-01,LOW,buy_call,2.7959,2,5.7895,2.9936,0.059872,True
2016-05-01,LYB,skip,0.0,0,-1.5846,0.0,0.0,True
2016-05-01,MA,skip,0.0,0,-0.9243,0.0,0.0,True
2016-05-01,MCD,buy_call,1.9747,2,-3.5023,-1.9747,-0.039494,True
2016-05-01,MDLZ,skip,0.0,0,3.5614,0.0,0.0,True
2016-05-01,MDT,buy_call,2.4594,2,1.6803,-0.7791,-0.015582,True
2016-05-01,MET,skip,0.0,0,0.9978,0.0,0.0,True
2016-05-01,META,buy_call,4.3383,2,1.0461,-3.2922,-0.065844,True
2016-05-01,MMM,buy_call,3.0196,2,0.5616,-2.458,-0.04916,True
2016-05-01,MO,buy_call,2.2339,2,1.483,-0.7509,-0.015018,True
2016-05-01,MRK,buy_call,2.7192,2,2.5894,-0.1298,-0.002596,True
2016-05-01,MS,skip,0.0,0,1.6993,0.0,0.0,True
2016-05-01,MSFT,skip,0.0,0,6.2763,0.0,0.0,True
2016-05-01,NEE,buy_call,1.9747,2,2.1602,0.1855,0.00371,True
2016-05-01,NFLX,skip,0.0,0,13.9287,0.0,0.0,True
2016-05-01,NKE,skip,0.0,0,-6.3115,0.0,0.0,True
2016-05-01,ORCL,buy_call,3.5955,2,1.2289,-2.3666,-0.047332,True
2016-05-01,PEP,buy_call,2.2339,2,-1.7385,-2.2339,-0.044678,True
2016-05-01,PFE,skip,0.0,0,6.0838,0.0,0.0,True
2016-05-01,PG,buy_call,2.0993,2,1.9769,-0.1224,-0.002448,True
2016-05-01,PM,buy_call,2.2339,2,0.5707,-1.6632,-0.033264,True
2016-05-01,PPL,buy_call,1.9747,2,2.3911,0.4164,0.008328,True
2016-05-01,PRU,skip,0.0,0,2.0737,0.0,0.0,True
2016-05-01,PYPL,buy_call,2.7116,2,-3.5477,-2.7116,-0.054232,True
2016-05-01,QCOM,skip,0.0,0,8.7094,0.0,0.0,True
2016-05-01,SBUX,skip,0.0,0,-2.3831,0.0,0.0,True
2016-05-01,SCHW,skip,0.0,0,7.6382,0.0,0.0,True
2016-05-01,SLB,buy_call,3.2317,2,-5.0286,-3.2317,-0.064634,True
2016-05-01,SO,buy_call,1.9747,2,-1.3174,-1.9747,-0.039494,True
2016-05-01,SPG,buy_call,3.0196,2,-1.7547,-3.0196,-0.060392,True
2016-05-01,SYK,buy_call,2.4594,2,1.9723,-0.4871,-0.009742,True
2016-05-01,T,buy_call,3.1005,2,2.5125,-0.5881,-0.011762,True
2016-05-01,TGT,buy_call,2.4474,2,-13.4843,-2.4474,-0.048948,True
2016-05-01,TMO,buy_call,2.8279,2,5.2132,2.3853,0.047706,True
2016-05-01,TXN,buy_call,4.1737,2,6.9193,2.7456,0.054912,True
2016-05-01,UNH,buy_call,2.9729,2,1.5112,-1.4617,-0.029234,True
2016-05-01,UNP,skip,0.0,0,-3.4851,0.0,0.0,True
2016-05-01,USB,buy_call,2.7389,2,0.3045,-2.4344,-0.048688,True
2016-05-01,V,skip,0.0,0,2.2009,0.0,0.0,True
2016-05-01,VZ,buy_call,3.1005,2,0.9762,-2.1243,-0.042486,True
2016-05-01,WFC,skip,0.0,0,1.4806,0.0,0.0,True
2016-05-01,WMT,buy_call,2.4474,2,5.8471,3.3997,0.067994,True
2016-05-01,XOM,buy_call,3.2317,2,0.7013,-2.5304,-0.050608,True
2016-06-01,AAPL,skip,0.0,0,-3.6831,0.0,0.0,True
2016-06-01,ABBV,buy_call,2.8264,2,-1.6209,-2.8264,-0.056528,True
2016-06-01,ABT,skip,0.0,0,-0.8074,0.0,0.0,True
2016-06-01,ADBE,buy_call,2.8745,2,-3.6996,-2.8745,-0.05749,True
2016-06-01,ADP,buy_call,3.0196,2,4.5879,1.5683,0.031366,True
2016-06-01,AIG,skip,0.0,0,-8.6213,0.0,0.0,True
2016-06-01,AMGN,skip,0.0,0,-3.0379,0.0,0.0,True
2016-06-01,AMT,buy_call,3.0196,2,7.4022,4.3826,0.087652,True
2016-06-01,AMZN,buy_call,3.8265,2,-0.992,-3.8265,-0.07653,True
2016-06-01,AXP,skip,0.0,0,-7.6034,0.0,0.0,True
2016-06-01,BA,skip,0.0,0,3.7886,0.0,0.0,True
2016-06-01,BAC,skip,0.0,0,-10.2772,0.0,0.0,True
2016-06-01,BDX,buy_call,2.4594,2,1.8864,-0.573,-0.01146,True
2016-06-01,BIIB,buy_call,2.8264,2,-16.5361,-2.8264,-0.056528,True
2016-06-01,BLK,buy_call,2.7389,2,-5.8596,-2.7389,-0.054778,True
2016-06-01,BMY,buy_call,2.8264,2,2.5802,-0.2462,-0.004924,True
2016-06-01,BRK-B,buy_call,1.809,2,3.0241,1.2151,0.024302,True
2016-06-01,C,skip,0.0,0,-8.9757,0.0,0.0,True
2016-06-01,CAT,buy_call,3.2317,2,4.5511,1.3194,0.026388,True
2016-06-01,CL,buy_call,2.0993,2,3.9625,1.8632,0.037264,True
2016-06-01,COST,skip,0.0,0,5.5589,0.0,0.0,True
2016-06-01,CRM,buy_call,3.8947,2,-5.1368,-3.8947,-0.077894,True
2016-06-01,CSCO,buy_call,3.0196,2,-1.2393,-3.0196,-0.060392,True
2016-06-01,CTSH,skip,0.0,0,-6.836,0.0,0.0,True
2016-06-01,CVS,buy_call,2.9729,2,-0.7361,-2.9729,-0.059458,True
2016-06-01,CVX,buy_call,3.0632,2,4.8893,1.8261,0.036522,True
2016-06-01,DHR,buy_call,2.4594,2,2.6841,0.2247,0.004494,True
2016-06-01,DIS,skip,0.0,0,-1.411,0.0,0.0,True
2016-06-01,DUK,buy_call,1.9747,2,10.8137,8.8389,0.176778,True
2016-06-01,ELV,buy_call,2.9729,2,-0.6204,-2.9729,-0.059458,True
2016-06-01,EOG,skip,0.0,0,2.532,0.0,0.0,True
2016-06-01,EQIX,buy_call,3.0196,2,7.6538,4.6342,0.092684,True
2016-06-01,FDX,buy_call,3.0196,2,-7.9954,-3.0196,-0.060392,True
2016-06-01,GE,buy_call,3.2317,2,4.135,0.9032,0.018064,True
2016-06-01,GILD,skip,0.0,0,-4.181,0.0,0.0,True
2016-06-01,GIS,buy_call,2.2339,2,13.6031,11.3691,0.227382,True
2016-06-01,GM,skip,0.0,0,-9.5269,0.0,0.0,True
2016-06-01,GOOGL,skip,0.0,0,-6.0519,0.0,0.0,True
2016-06-01,GS,skip,0.0,0,-6.4528,0.0,0.0,True
2016-06-01,HD,skip,0.0,0,-2.8525,0.0,0.0,True
2016-06-01,HON,buy_call,3.0196,2,2.7197,-0.2999,-0.005998,True
2016-06-01,IBM,buy_call,3.0196,2,-0.3221,-3.0196,-0.060392,True
2016-06-01,INTC,skip,0.0,0,4.7272,0.0,0.0,True
2016-06-01,ITW,buy_call,3.0196,2,-1.7637,-3.0196,-0.060392,True
2016-06-01,JNJ,buy_call,2.057,2,8.4089,6.3519,0.127038,True
2016-06-01,JPM,skip,0.0,0,-4.7955,0.0,0.0,True
2016-06-01,KO,buy_call,1.9747,2,1.6368,-0.338,-0.00676,True
2016-06-01,LLY,skip,0.0,0,5.6589,0.0,0.0,True
2016-06-01,LMT,buy_call,3.2317,2,5.777,2.5452,0.050904,True
2016-06-01,LOW,buy_call,2.7959,2,-1.198,-2.7959,-0.055918,True
2016-06-01,LYB,skip,0.0,0,-7.5579,0.0,0.0,True
2016-06-01,MA,skip,0.0,0,-8.1752,0.0,0.0,True
2016-06-01,MCD,buy_call,1.9747,2,-1.4092,-1.9747,-0.039494,True
2016-06-01,MDLZ,buy_call,2.2339,2,2.2926,0.0587,0.001174,True
2016-06-01,MDT,buy_call,2.4594,2,7.8156,5.3562,0.107124,True
2016-06-01,MET,skip,0.0,0,-11.7543,0.0,0.0,True
2016-06-01,META,buy_call,4.3383,2,-3.8128,-4.3383,-0.086766,True
2016-06-01,MMM,buy_call,3.0196,2,4.7327,1.7131,0.034262,True
2016-06-01,MO,buy_call,2.2339,2,8.3595,6.1255,0.12251,True
2016-06-01,MRK,buy_call,2.7192,2,2.3996,-0.3196,-0.006392,True
2016-06-01,MS,skip,0.0,0,-5.0786,0.0,0.0,True
2016-06-01,MSFT,skip,0.0,0,-2.7776,0.0,0.0,True
2016-06-01,NEE,buy_call,1.9747,2,9.357,7.3822,0.147644,True
2016-06-01,NFLX,skip,0.0,0,-10.8121,0.0,0.0,True
2016-06-01,NKE,skip,0.0,0,-0.0362,0.0,0.0,True
2016-06-01,ORCL,buy_call,3.5955,2,1.8159,-1.7796,-0.035592,True
2016-06-01,PEP,buy_call,2.2339,2,4.7148,2.4809,0.049618,True
2016-06-01,PFE,buy_call,2.8264,2,2.3784,-0.448,-0.00896,True
2016-06-01,PG,buy_call,2.0993,2,4.4793,2.38,0.0476,True
2016-06-01,PM,buy_call,2.2339,2,3.0807,0.8467,0.016934,True
2016-06-01,PPL,buy_call,1.9747,2,-2.0498,-1.9747,-0.039494,True
2016-06-01,PRU,skip,0.0,0,-9.1638,0.0,0.0,True
2016-06-01,PYPL,buy_call,2.7116,2,-3.3872,-2.7116,-0.054232,True
2016-06-01,QCOM,buy_call,4.254,2,-1.5218,-4.254,-0.08508,True
2016-06-01,SBUX,skip,0.0,0,4.4268,0.0,0.0,True
2016-06-01,SCHW,skip,0.0,0,-17.0261,0.0,0.0,True
2016-06-01,SLB,buy_call,3.2317,2,4.3132,1.0815,0.02163,True
2016-06-01,SO,buy_call,1.9747,2,9.6957,7.721,0.15442,True
2016-06-01,SPG,buy_call,3.0196,2,10.6124,7.5928,0.151856,True
2016-06-01,SYK,buy_call,2.4594,2,7.7996,5.3402,0.106804,True
2016-06-01,T,buy_call,3.1005,2,10.3704,7.2698,0.145396,True
2016-06-01,TGT,skip,0.0,0,2.2874,0.0,0.0,True
2016-06-01,TMO,buy_call,2.8279,2,-2.6422,-2.8279,-0.056558,True
2016-06-01,TXN,buy_call,4.1737,2,3.3829,-0.7908,-0.015816,True
2016-06-01,UNH,buy_call,2.9729,2,5.6333,2.6604,0.053208,True
2016-06-01,UNP,buy_call,3.2317,2,4.3267,1.095,0.0219,True
2016-06-01,USB,skip,0.0,0,-5.8151,0.0,0.0,True
2016-06-01,V,buy_call,2.5501,2,-5.8762,-2.5501,-0.051002,True
2016-06-01,VZ,buy_call,3.1005,2,9.7053,6.6047,0.132094,True
2016-06-01,WFC,skip,0.0,0,-5.9691,0.0,0.0,True
2016-06-01,WMT,buy_call,2.4474,2,3.9201,1.4727,0.029454,True
2016-06-01,XOM,buy_call,3.2317,2,6.1872,2.9555,0.05911,True
2016-07-01,AAPL,skip,0.0,0,9.0063,0.0,0.0,True
2016-07-01,ABBV,buy_call,2.8264,2,6.9779,4.1515,0.08303,True
2016-07-01,ABT,skip,0.0,0,13.8387,0.0,0.0,True
2016-07-01,ADBE,buy_call,2.8745,2,2.161,-0.7135,-0.01427,True
2016-07-01,ADP,buy_call,3.0196,2,-2.584,-3.0196,-0.060392,True
2016-07-01,AIG,skip,0.0,0,3.5125,0.0,0.0,True
2016-07-01,AMGN,skip,0.0,0,13.0661,0.0,0.0,True
2016-07-01,AMT,buy_call,3.0196,2,2.4056,-0.614,-0.01228,True
2016-07-01,AMZN,buy_call,3.8265,2,6.0353,2.2088,0.044176,True
2016-07-01,AXP,skip,0.0,0,6.6235,0.0,0.0,True
2016-07-01,BA,skip,0.0,0,2.9183,0.0,0.0,True
2016-07-01,BAC,skip,0.0,0,9.5641,0.0,0.0,True
2016-07-01,BDX,buy_call,2.4594,2,4.1843,1.7249,0.034498,True
2016-07-01,BIIB,skip,0.0,0,19.895,0.0,0.0,True
2016-07-01,BLK,buy_call,2.7389,2,7.6008,4.8619,0.097238,True
2016-07-01,BMY,buy_call,2.8264,2,2.2527,-0.5737,-0.011474,True
2016-07-01,BRK-B,buy_call,1.809,2,-0.3591,-1.809,-0.03618,True
2016-07-01,C,skip,0.0,0,3.3498,0.0,0.0,True
2016-07-01,CAT,buy_call,3.2317,2,9.1676,5.9359,0.118718,True
2016-07-01,CL,buy_call,2.0993,2,1.6803,-0.419,-0.00838,True
2016-07-01,COST,skip,0.0,0,6.4824,0.0,0.0,True
2016-07-01,CRM,buy_call,3.8947,2,3.0097,-0.885,-0.0177,True
2016-07-01,CSCO,buy_call,3.0196,2,6.4134,3.3938,0.067876,True
2016-07-01,CTSH,skip,0.0,0,0.4368,0.0,0.0,True
2016-07-01,CVS,skip,0.0,0,-3.1544,0.0,0.0,True
2016-07-01,CVX,buy_call,3.0632,2,-2.2417,-3.0632,-0.061264,True
2016-07-01,DHR,buy_call,2.4594,2,6.529,4.0697,0.081394,True
2016-07-01,DIS,skip,0.0,0,-1.9117,0.0,0.0,True
2016-07-01,DUK,buy_call,1.9747,2,-0.2332,-1.9747,-0.039494,True
2016-07-01,ELV,skip,0.0,0,0.4915,0.0,0.0,True
2016-07-01,EOG,buy_call,3.2317,2,-2.0619,-3.2317,-0.064634,True
2016-07-01,EQIX,buy_call,3.0196,2,-3.8325,-3.0196,-0.060392,True
2016-07-01,FDX,buy_call,3.0196,2,6.9342,3.9146,0.078292,True
2016-07-01,GE,buy_call,3.2317,2,-0.3306,-3.2317,-0.064634,True
2016-07-01,GILD,skip,0.0,0,-4.1989,0.0,0.0,True
2016-07-01,GIS,buy_call,2.2339,2,0.7992,-1.4347,-0.028694,True
2016-07-01,GM,skip,0.0,0,12.8675,0.0,0.0,True
2016-07-01,GOOGL,skip,0.0,0,12.4813,0.0,0.0,True
2016-07-01,GS,skip,0.0,0,6.8852,0.0,0.0,True
2016-07-01,HD,skip,0.0,0,8.2622,0.0,0.0,True
2016-07-01,HON,buy_call,3.0196,2,0.0086,-3.011,-0.06022,True
2016-07-01,IBM,buy_call,3.0196,2,5.8242,2.8046,0.056092,True
2016-07-01,INTC,skip,0.0,0,6.2805,0.0,0.0,True
2016-07-01,ITW,buy_call,3.0196,2,11.4119,8.3923,0.167846,True
2016-07-01,JNJ,buy_call,2.057,2,3.2399,1.1829,0.023658,True
2016-07-01,JPM,skip,0.0,0,2.9449,0.0,0.0,True
2016-07-01,KO,buy_call,1.9747,2,-3.0121,-1.9747,-0.039494,True
2016-07-01,LLY,skip,0.0,0,5.2572,0.0,0.0,True
2016-07-01,LMT,buy_call,3.2317,2,1.8374,-1.3943,-0.027886,True
2016-07-01,LOW,buy_call,2.7959,2,3.9282,1.1323,0.022646,True
2016-07-01,LYB,skip,0.0,0,1.1287,0.0,0.0,True
2016-07-01,MA,skip,0.0,0,8.1536,0.0,0.0,True
2016-07-01,MCD,buy_call,1.9747,2,-1.5167,-1.9747,-0.039494,True
2016-07-01,MDLZ,buy_call,2.2339,2,-2.9632,-2.2339,-0.044678,True
2016-07-01,MDT,buy_call,2.4594,2,0.9912,-1.4682,-0.029364,True
2016-07-01,MET,skip,0.0,0,7.3061,0.0,0.0,True
2016-07-01,META,buy_call,4.3383,2,8.4529,4.1147,0.082294,True
2016-07-01,MMM,buy_call,3.0196,2,1.8502,-1.1694,-0.023388,True
2016-07-01,MO,buy_call,2.2339,2,-0.9811,-2.2339,-0.044678,True
2016-07-01,MRK,buy_call,2.7192,2,2.6538,-0.0654,-0.001308,True
2016-07-01,MS,skip,0.0,0,10.5851,0.0,0.0,True
2016-07-01,MSFT,skip,0.0,0,10.7681,0.0,0.0,True
2016-07-01,NEE,buy_call,1.9747,2,-1.6181,-1.9747,-0.039494,True
2016-07-01,NFLX,skip,0.0,0,-0.2514,0.0,0.0,True
2016-07-01,NKE,skip,0.0,0,0.8372,0.0,0.0,True
2016-07-01,ORCL,buy_call,3.5955,2,0.2687,-3.3268,-0.066536,True
2016-07-01,PEP,buy_call,2.2339,2,3.5839,1.3499,0.026998,True
2016-07-01,PFE,buy_call,2.8264,2,4.7714,1.945,0.0389,True
2016-07-01,PG,buy_call,2.0993,2,1.0866,-1.0127,-0.020254,True
2016-07-01,PM,buy_call,2.2339,2,-0.4353,-2.2339,-0.044678,True
2016-07-01,PPL,buy_call,1.9747,2,0.8708,-1.1039,-0.022078,True
2016-07-01,PRU,skip,0.0,0,5.5369,0.0,0.0,True
2016-07-01,PYPL,buy_call,2.7116,2,1.9995,-0.7122,-0.014244,True
2016-07-01,QCOM,buy_call,4.254,2,16.8191,12.5651,0.251302,True
2016-07-01,SBUX,skip,0.0,0,1.6282,0.0,0.0,True
2016-07-01,SCHW,skip,0.0,0,12.2876,0.0,0.0,True
2016-07-01,SLB,buy_call,3.2317,2,1.8209,-1.4108,-0.028216,True
2016-07-01,SO,buy_call,1.9747,2,-0.2424,-1.9747,-0.039494,True
2016-07-01,SPG,buy_call,3.0196,2,4.6749,1.6554,0.033108,True
2016-07-01,SYK,buy_call,2.4594,2,-2.6402,-2.4594,-0.049188,True
2016-07-01,T,buy_call,3.1005,2,0.1852,-2.9154,-0.058308,True
2016-07-01,TGT,skip,0.0,0,7.8917,0.0,0.0,True
2016-07-01,TMO,buy_call,2.8279,2,7.605,4.7772,0.095544,True
2016-07-01,TXN,buy_call,4.1737,2,11.3328,7.1591,0.143182,True
2016-07-01,UNH,buy_call,2.9729,2,1.8783,-1.0946,-0.021892,True
2016-07-01,UNP,buy_call,3.2317,2,6.6476,3.4158,0.068316,True
2016-07-01,USB,skip,0.0,0,5.2561,0.0,0.0,True
2016-07-01,V,skip,0.0,0,5.2312,0.0,0.0,True
2016-07-01,VZ,buy_call,3.1005,2,-0.77,-3.1005,-0.06201,True
2016-07-01,WFC,skip,0.0,0,1.3522,0.0,0.0,True
2016-07-01,WMT,buy_call,2.4474,2,-0.0685,-2.4474,-0.048948,True
2016-07-01,XOM,buy_call,3.2317,2,-5.1099,-3.2317,-0.064634,True
2016-08-01,AAPL,buy_call,3.1456,2,1.8136,-1.3319,-0.026638,True
2016-08-01,ABBV,buy_call,2.8264,2,-2.3664,-2.8264,-0.056528,True
2016-08-01,ABT,buy_call,2.4594,2,-5.5222,-2.4594,-0.049188,True
2016-08-01,ADBE,buy_call,2.8745,2,4.5473,1.6728,0.033456,True
2016-08-01,ADP,buy_call,3.0196,2,0.9668,-2.0527,-0.041054,True
2016-08-01,AIG,skip,0.0,0,9.9008,0.0,0.0,True
2016-08-01,AMGN,buy_call,2.8264,2,-1.1452,-2.8264,-0.056528,True
2016-08-01,AMT,buy_call,3.0196,2,-2.0644,-3.0196,-0.060392,True
2016-08-01,AMZN,buy_call,3.8265,2,1.364,-2.4625,-0.04925,True
2016-08-01,AXP,buy_call,2.7116,2,1.7376,-0.9741,-0.019482,True
2016-08-01,BA,buy_call,3.0,2,-3.1498,-3.0,-0.06,True
2016-08-01,BAC,buy_call,3.1976,2,11.3871,8.1895,0.16379,True
2016-08-01,BDX,buy_call,2.4594,2,0.6875,-1.7719,-0.035438,True
2016-08-01,BIIB,buy_call,2.8264,2,5.4151,2.5887,0.051774,True
2016-08-01,BLK,buy_call,2.7389,2,1.7911,-0.9478,-0.018956,True
2016-08-01,BMY,buy_call,2.8264,2,-23.2856,-2.8264,-0.056528,True
2016-08-01,BRK-B,buy_call,1.809,2,4.3114,2.5024,0.050048,True
2016-08-01,C,buy_call,3.0,2,9.3657,6.3657,0.127314,True
2016-08-01,CAT,buy_call,3.2317,2,-0.0248,-3.2317,-0.064634,True
2016-08-01,CL,buy_call,2.0993,2,0.4043,-1.695,-0.0339,True
2016-08-01,COST,buy_call,2.5784,2,-3.0678,-2.5784,-0.051568,True
2016-08-01,CRM,buy_call,3.8947,2,-2.9095,-3.8947,-0.077894,True
2016-08-01,CSCO,buy_call,3.0196,2,3.9189,0.8993,0.017986,True
2016-08-01,CTSH,skip,0.0,0,-0.087,0.0,0.0,True
2016-08-01,CVS,skip,0.0,0,1.1773,0.0,0.0,True
2016-08-01,CVX,buy_call,3.0632,2,-1.854,-3.0632,-0.061264,True
2016-08-01,DHR,buy_call,2.4594,2,55.4942,53.0348,1.060696,True
2016-08-01,DIS,buy_call,3.3259,2,-0.8378,-3.3259,-0.066518,True
2016-08-01,DUK,buy_call,1.9747,2,-6.9284,-1.9747,-0.039494,True
2016-08-01,ELV,buy_call,2.9729,2,-4.7663,-2.9729,-0.059458,True
2016-08-01,EOG,buy_call,3.2317,2,8.525,5.2933,0.105866,True
2016-08-01,EQIX,buy_call,3.0196,2,-1.1318,-3.0196,-0.060392,True
2016-08-01,FDX,buy_call,3.0196,2,1.8715,-1.1481,-0.022962,True
2016-08-01,GE,buy_call,3.2317,2,0.3211,-2.9106,-0.058212,True
2016-08-01,GILD,skip,0.0,0,-1.3716,0.0,0.0,True
2016-08-01,GIS,buy_call,2.2339,2,-0.8324,-2.2339,-0.044678,True
2016-08-01,GM,buy_call,3.2317,2,1.2048,-2.0269,-0.040538,True
2016-08-01,GOOGL,buy_call,3.4858,2,-0.1883,-3.4858,-0.069716,True
2016-08-01,GS,skip,0.0,0,6.7062,0.0,0.0,True
2016-08-01,HD,buy_call,2.7959,2,-2.9803,-2.7959,-0.055918,True
2016-08-01,HON,buy_call,3.0196,2,0.3267,-2.6929,-0.053858,True
2016-08-01,IBM,buy_call,3.0196,2,-1.0833,-3.0196,-0.060392,True
2016-08-01,INTC,buy_call,4.1737,2,2.9547,-1.219,-0.02438,True
2016-08-01,ITW,buy_call,3.0196,2,2.9896,-0.03,-0.0006,True
2016-08-01,JNJ,buy_call,2.057,2,-4.7034,-2.057,-0.04114,True
2016-08-01,JPM,buy_call,2.7389,2,6.3396,3.6008,0.072016,True
2016-08-01,KO,buy_call,1.9747,2,-0.4584,-1.9747,-0.039494,True
2016-08-01,LLY,buy_call,3.5202,2,-6.201,-3.5202,-0.070404,True
2016-08-01,LMT,buy_call,3.2317,2,-3.8618,-3.2317,-0.064634,True
2016-08-01,LOW,buy_call,2.7959,2,-6.5514,-2.7959,-0.055918,True
2016-08-01,LYB,skip,0.0,0,4.8233,0.0,0.0,True
2016-08-01,MA,buy_call,2.7116,2,1.6784,-1.0332,-0.020664,True
2016-08-01,MCD,skip,0.0,0,-1.6914,0.0,0.0,True
2016-08-01,MDLZ,buy_call,2.2339,2,2.3647,0.1308,0.002616,True
2016-08-01,MDT,buy_call,2.4594,2,-0.1917,-2.4594,-0.049188,True
2016-08-01,MET,skip,0.0,0,1.5442,0.0,0.0,True
2016-08-01,META,buy_call,4.3383,2,1.7589,-2.5794,-0.051588,True
2016-08-01,MMM,buy_call,3.0196,2,0.4934,-2.5262,-0.050524,True
2016-08-01,MO,buy_call,2.2339,2,-2.3782,-2.2339,-0.044678,True
2016-08-01,MRK,buy_call,2.7192,2,7.0406,4.3214,0.086428,True
2016-08-01,MS,buy_call,2.7389,2,12.3595,9.6206,0.192412,True
2016-08-01,MSFT,buy_call,2.8745,2,1.3762,-1.4983,-0.029966,True
2016-08-01,NEE,buy_call,1.9747,2,-5.7292,-1.9747,-0.039494,True
2016-08-01,NFLX,skip,0.0,0,6.7945,0.0,0.0,True
2016-08-01,NKE,skip,0.0,0,3.8559,0.0,0.0,True
2016-08-01,ORCL,buy_call,3.5955,2,0.808,-2.7874,-0.055748,True
2016-08-01,PEP,buy_call,2.2339,2,-1.9923,-2.2339,-0.044678,True
2016-08-01,PFE,buy_call,2.8264,2,-5.6655,-2.8264,-0.056528,True
2016-08-01,PG,buy_call,2.0993,2,2.8089,0.7096,0.014192,True
2016-08-01,PM,buy_call,2.2339,2,-0.3291,-2.2339,-0.044678,True
2016-08-01,PPL,buy_call,1.9747,2,-7.7698,-1.9747,-0.039494,True
2016-08-01,PRU,buy_call,2.7389,2,5.4323,2.6934,0.053868,True
2016-08-01,PYPL,buy_call,2.7116,2,-0.2417,-2.7116,-0.054232,True
2016-08-01,QCOM,buy_call,4.254,2,0.783,-3.471,-0.06942,True
2016-08-01,SBUX,skip,0.0,0,-3.1353,0.0,0.0,True
2016-08-01,SCHW,buy_call,2.7389,2,10.6967,7.9578,0.159156,True
2016-08-01,SLB,buy_call,3.2317,2,-1.8877,-3.2317,-0.064634,True
2016-08-01,SO,buy_call,1.9747,2,-4.0561,-1.9747,-0.039494,True
2016-08-01,SPG,buy_call,3.0196,2,-5.096,-3.0196,-0.060392,True
2016-08-01,SYK,buy_call,2.4594,2,-0.5332,-2.4594,-0.049188,True
2016-08-01,T,buy_call,3.1005,2,-4.1621,-3.1005,-0.06201,True
2016-08-01,TGT,buy_call,2.4474,2,-6.8233,-2.4474,-0.048948,True
2016-08-01,TMO,buy_call,2.8279,2,-4.1866,-2.8279,-0.056558,True
2016-08-01,TXN,buy_call,4.1737,2,0.2333,-3.9403,-0.078806,True
2016-08-01,UNH,buy_call,2.9729,2,-4.993,-2.9729,-0.059458,True
2016-08-01,UNP,buy_call,3.2317,2,2.6652,-0.5665,-0.01133,True
2016-08-01,USB,buy_call,2.7389,2,4.6953,1.9564,0.039128,True
2016-08-01,V,buy_call,2.5501,2,3.6515,1.1014,0.022028,True
2016-08-01,VZ,buy_call,3.1005,2,-4.6051,-3.1005,-0.06201,True
2016-08-01,WFC,skip,0.0,0,5.8995,0.0,0.0,True
2016-08-01,WMT,buy_call,2.4474,2,-2.0968,-2.4474,-0.048948,True
2016-08-01,XOM,buy_call,3.2317,2,-2.0349,-3.2317,-0.064634,True
2016-09-01,AAPL,buy_call,3.1456,2,7.1276,3.9821,0.079642,True
2016-09-01,ABBV,buy_call,2.8264,2,-1.6069,-2.8264,-0.056528,True
2016-09-01,ABT,buy_call,2.4594,2,0.6426,-1.8168,-0.036336,True
2016-09-01,ADBE,buy_call,2.8745,2,6.0893,3.2149,0.064298,True
2016-09-01,ADP,buy_call,3.0196,2,-1.7927,-3.0196,-0.060392,True
2016-09-01,AIG,buy_call,2.7389,2,-0.819,-2.7389,-0.054778,True
2016-09-01,AMGN,buy_call,2.8264,2,-1.3409,-2.8264,-0.056528,True
2016-09-01,AMT,buy_call,3.0196,2,-0.0441,-3.0196,-0.060392,True
2016-09-01,AMZN,buy_call,3.8265,2,8.8603,5.0338,0.100676,True
2016-09-01,AXP,buy_call,2.7116,2,-2.3483,-2.7116,-0.054232,True
2016-09-01,BA,buy_call,3.0,2,2.6124,-0.3876,-0.007752,True
2016-09-01,BAC,buy_call,3.1976,2,-2.5847,-3.1976,-0.063952,True
2016-09-01,BDX,buy_call,2.4594,2,1.422,-1.0373,-0.020746,True
2016-09-01,BIIB,buy_call,2.8264,2,2.4212,-0.4052,-0.008104,True
2016-09-01,BLK,buy_call,2.7389,2,-2.1805,-2.7389,-0.054778,True
2016-09-01,BMY,skip,0.0,0,-6.0463,0.0,0.0,True
2016-09-01,BRK-B,buy_call,1.809,2,-4.0003,-1.809,-0.03618,True
2016-09-01,C,buy_call,3.0,2,-1.0683,-3.0,-0.06,True
2016-09-01,CAT,buy_call,3.2317,2,8.3222,5.0904,0.101808,True
2016-09-01,CL,buy_call,2.0993,2,-0.269,-2.0993,-0.041986,True
2016-09-01,COST,buy_call,2.5784,2,-5.6574,-2.5784,-0.051568,True
2016-09-01,CRM,buy_call,3.8947,2,-10.1864,-3.8947,-0.077894,True
2016-09-01,CSCO,buy_call,3.0196,2,0.8906,-2.129,-0.04258,True
2016-09-01,CTSH,buy_call,3.0196,2,-16.9394,-3.0196,-0.060392,True
2016-09-01,CVS,skip,0.0,0,-4.7217,0.0,0.0,True
2016-09-01,CVX,buy_call,3.0632,2,3.4047,0.3415,0.00683,True
2016-09-01,DHR,buy_call,2.4594,2,-3.7096,-2.4594,-0.049188,True
2016-09-01,DIS,skip,0.0,0,-1.6938,0.0,0.0,True
2016-09-01,DUK,buy_call,1.9747,2,1.5013,-0.4735,-0.00947,True
2016-09-01,ELV,skip,0.0,0,0.1839,0.0,0.0,True
2016-09-01,EOG,buy_call,3.2317,2,9.2892,6.0574,0.121148,True
2016-09-01,EQIX,buy_call,3.0196,2,-1.8095,-3.0196,-0.060392,True
2016-09-01,FDX,buy_call,3.0196,2,5.9116,2.892,0.05784,True
2016-09-01,GE,buy_call,3.2317,2,-5.1857,-3.2317,-0.064634,True
2016-09-01,GILD,skip,0.0,0,0.9442,0.0,0.0,True
2016-09-01,GIS,buy_call,2.2339,2,-9.7995,-2.2339,-0.044678,True
2016-09-01,GM,buy_call,3.2317,2,-0.4699,-3.2317,-0.064634,True
2016-09-01,GOOGL,buy_call,3.4858,2,1.7991,-1.6867,-0.033734,True
2016-09-01,GS,buy_call,2.7389,2,-4.4609,-2.7389,-0.054778,True
2016-09-01,HD,buy_call,2.7959,2,-3.5641,-2.7959,-0.055918,True
2016-09-01,HON,buy_call,3.0196,2,0.4112,-2.6084,-0.052168,True
2016-09-01,IBM,buy_call,3.0196,2,0.8446,-2.175,-0.0435,True
2016-09-01,INTC,buy_call,4.1737,2,5.9798,1.8061,0.036122,True
2016-09-01,ITW,buy_call,3.0196,2,0.833,-2.1866,-0.043732,True
2016-09-01,JNJ,buy_call,2.057,2,-0.3536,-2.057,-0.04114,True
2016-09-01,JPM,buy_call,2.7389,2,-1.3481,-2.7389,-0.054778,True
2016-09-01,KO,buy_call,1.9747,2,-2.5558,-1.9747,-0.039494,True
2016-09-01,LLY,buy_call,3.5202,2,3.8861,0.3659,0.007318,True
2016-09-01,LMT,buy_call,3.2317,2,-0.6667,-3.2317,-0.064634,True
2016-09-01,LOW,buy_call,2.7959,2,-5.6818,-2.7959,-0.055918,True
2016-09-01,LYB,buy_call,3.2317,2,3.3904,0.1587,0.003174,True
2016-09-01,MA,buy_call,2.7116,2,5.3192,2.6076,0.052152,True
2016-09-01,MCD,buy_call,1.9747,2,0.5158,-1.459,-0.02918,True
2016-09-01,MDLZ,buy_call,2.2339,2,-2.4878,-2.2339,-0.044678,True
2016-09-01,MDT,buy_call,2.4594,2,-0.7239,-2.4594,-0.049188,True
2016-09-01,MET,buy_call,2.7389,2,3.319,0.5801,0.011602,True
2016-09-01,META,buy_call,4.3383,2,1.7047,-2.6336,-0.052672,True
2016-09-01,MMM,buy_call,3.0196,2,-1.0667,-3.0196,-0.060392,True
2016-09-01,MO,buy_call,2.2339,2,-4.3274,-2.2339,-0.044678,True
2016-09-01,MRK,buy_call,2.7192,2,-0.6052,-2.7192,-0.054384,True
2016-09-01,MS,buy_call,2.7389,2,0.0,-2.7389,-0.054778,True
2016-09-01,MSFT,buy_call,2.8745,2,0.8684,-2.006,-0.04012,True
2016-09-01,NEE,buy_call,1.9747,2,1.8528,-0.122,-0.00244,True
2016-09-01,NFLX,buy_call,4.4729,2,1.1288,-3.3441,-0.066882,True
2016-09-01,NKE,skip,0.0,0,-8.6571,0.0,0.0,True
2016-09-01,ORCL,buy_call,3.5955,2,-4.7064,-3.5955,-0.07191,True
2016-09-01,PEP,buy_call,2.2339,2,2.613,0.3791,0.007582,True
2016-09-01,PFE,buy_call,2.8264,2,-1.8634,-2.8264,-0.056528,True
2016-09-01,PG,buy_call,2.0993,2,2.7946,0.6953,0.013906,True
2016-09-01,PM,buy_call,2.2339,2,-2.7119,-2.2339,-0.044678,True
2016-09-01,PPL,buy_call,1.9747,2,-0.6038,-1.9747,-0.039494,True
2016-09-01,PRU,buy_call,2.7389,2,3.8093,1.0704,0.021408,True
2016-09-01,PYPL,skip,0.0,0,10.2826,0.0,0.0,True
2016-09-01,QCOM,buy_call,4.254,2,9.5314,5.2774,0.105548,True
2016-09-01,SBUX,skip,0.0,0,-3.3815,0.0,0.0,True
2016-09-01,SCHW,buy_call,2.7389,2,0.5836,-2.1552,-0.043104,True
2016-09-01,SLB,buy_call,3.2317,2,-0.4557,-3.2317,-0.064634,True
2016-09-01,SO,buy_call,1.9747,2,1.0112,-0.9635,-0.01927,True
2016-09-01,SPG,buy_call,3.0196,2,-3.1841,-3.0196,-0.060392,True
2016-09-01,SYK,buy_call,2.4594,2,0.6484,-1.8109,-0.036218,True
2016-09-01,T,buy_call,3.1005,2,-0.6605,-3.1005,-0.06201,True
2016-09-01,TGT,skip,0.0,0,-1.3707,0.0,0.0,True
2016-09-01,TMO,buy_call,2.8279,2,4.5141,1.6862,0.033724,True
2016-09-01,TXN,buy_call,4.1737,2,0.9203,-3.2534,-0.065068,True
2016-09-01,UNH,buy_call,2.9729,2,2.9034,-0.0695,-0.00139,True
2016-09-01,UNP,buy_call,3.2317,2,2.6874,-0.5444,-0.010888,True
2016-09-01,USB,buy_call,2.7389,2,-2.8539,-2.7389,-0.054778,True
2016-09-01,V,buy_call,2.5501,2,2.4024,-0.1477,-0.002954,True
2016-09-01,VZ,buy_call,3.1005,2,-0.6689,-3.1005,-0.06201,True
2016-09-01,WFC,buy_call,3.4824,2,-12.1347,-3.4824,-0.069648,True
2016-09-01,WMT,buy_call,2.4474,2,1.643,-0.8044,-0.016088,True
2016-09-01,XOM,buy_call,3.2317,2,1.0147,-2.217,-0.04434,True
2016-10-01,AAPL,buy_call,3.1456,4,0.4335,-2.7121,-0.108484,True
2016-10-01,ABBV,buy_call,2.8264,4,-11.5586,-2.8264,-0.113056,True
2016-10-01,ABT,buy_call,2.4594,4,-7.2121,-2.4594,-0.098376,True
2016-10-01,ADBE,buy_call,2.8745,4,-0.949,-2.8745,-0.11498,True
2016-10-01,ADP,skip,0.0,0,-0.7069,0.0,0.0,True
2016-10-01,AIG,buy_call,2.7389,4,4.5442,1.8053,0.072212,True
2016-10-01,AMGN,buy_call,2.8264,4,-15.3767,-2.8264,-0.113056,True
2016-10-01,AMT,buy_call,3.0196,4,3.9137,0.8941,0.035764,True
2016-10-01,AMZN,buy_call,3.8265,4,-5.6717,-3.8265,-0.15306,True
2016-10-01,AXP,buy_call,2.7116,4,3.7164,1.0048,0.040192,True
2016-10-01,BA,buy_call,3.0,4,8.1145,5.1145,0.20458,True
2016-10-01,BAC,buy_call,3.1976,4,5.4313,2.2337,0.089348,True
2016-10-01,BDX,buy_call,2.4594,4,-6.2286,-2.4594,-0.098376,True
2016-10-01,BIIB,buy_call,2.8264,4,-10.4942,-2.8264,-0.113056,True
2016-10-01,BLK,buy_call,2.7389,4,-5.8544,-2.7389,-0.109556,True
2016-10-01,BMY,skip,0.0,0,-5.5823,0.0,0.0,True
2016-10-01,BRK-B,buy_call,1.809,4,-0.1177,-1.809,-0.07236,True
2016-10-01,C,buy_call,3.0,4,4.0652,1.0652,0.042608,True
2016-10-01,CAT,buy_call,3.2317,4,-5.9817,-3.2317,-0.129268,True
2016-10-01,CL,buy_call,2.0993,4,-3.7497,-2.0993,-0.083972,True
2016-10-01,COST,skip,0.0,0,-3.0424,0.0,0.0,True
2016-10-01,CRM,skip,0.0,0,5.3694,0.0,0.0,True
2016-10-01,CSCO,buy_call,3.0196,4,-3.2787,-3.0196,-0.120784,True
2016-10-01,CTSH,skip,0.0,0,7.6294,0.0,0.0,True
2016-10-01,CVS,skip,0.0,0,-5.495,0.0,0.0,True
2016-10-01,CVX,buy_call,3.0632,4,1.7781,-1.2852,-0.051408,True
2016-10-01,DHR,buy_call,2.4594,4,0.3657,-2.0937,-0.083748,True
2016-10-01,DIS,skip,0.0,0,-0.1831,0.0,0.0,True
2016-10-01,DUK,buy_call,1.9747,4,-0.025,-1.9747,-0.078988,True
2016-10-01,ELV,skip,0.0,0,-2.2419,0.0,0.0,True
2016-10-01,EOG,buy_call,3.2317,4,-6.504,-3.2317,-0.129268,True
2016-10-01,EQIX,buy_call,3.0196,4,-0.8244,-3.0196,-0.120784,True
2016-10-01,FDX,buy_call,3.0196,4,0.0361,-2.9835,-0.11934,True
2016-10-01,GE,skip,0.0,0,-0.9887,0.0,0.0,True
2016-10-01,GILD,skip,0.0,0,-6.3752,0.0,0.0,True
2016-10-01,GIS,buy_call,2.2339,4,-2.9743,-2.2339,-0.089356,True
2016-10-01,GM,buy_call,3.2317,4,0.6557,-2.576,-0.10304,True
2016-10-01,GOOGL,buy_call,3.4858,4,0.7263,-2.7595,-0.11038,True
2016-10-01,GS,buy_call,2.7389,4,10.5227,7.7839,0.311356,True
2016-10-01,HD,skip,0.0,0,-5.1834,0.0,0.0,True
2016-10-01,HON,buy_call,3.0196,4,-5.4255,-3.0196,-0.120784,True
2016-10-01,IBM,buy_call,3.0196,4,-3.2484,-3.0196,-0.120784,True
2016-10-01,INTC,buy_call,4.1737,4,-7.6291,-4.1737,-0.166948,True
2016-10-01,ITW,buy_call,3.0196,4,-4.7115,-3.0196,-0.120784,True
2016-10-01,JNJ,buy_call,2.057,4,-1.8116,-2.057,-0.08228,True
2016-10-01,JPM,buy_call,2.7389,4,4.0096,1.2707,0.050828,True
2016-10-01,KO,skip,0.0,0,1.0076,0.0,0.0,True
2016-10-01,LLY,buy_call,3.5202,4,-7.999,-3.5202,-0.140808,True
2016-10-01,LMT,buy_call,3.2317,4,2.7782,-0.4535,-0.01814,True
2016-10-01,LOW,skip,0.0,0,-7.6997,0.0,0.0,True
2016-10-01,LYB,skip,0.0,0,-1.3761,0.0,0.0,True
2016-10-01,MA,buy_call,2.7116,4,5.1587,2.4471,0.097884,True
2016-10-01,MCD,skip,0.0,0,-2.4185,0.0,0.0,True
2016-10-01,MDLZ,buy_call,2.2339,4,2.8216,0.5877,0.023508,True
2016-10-01,MDT,buy_call,2.4594,4,-4.5955,-2.4594,-0.098376,True
2016-10-01,MET,buy_call,2.7389,4,5.6944,2.9555,0.11822,True
2016-10-01,META,buy_call,4.3383,4,2.1205,-2.2177,-0.088708,True
2016-10-01,MMM,buy_call,3.0196,4,-6.2021,-3.0196,-0.120784,True
2016-10-01,MO,buy_call,2.2339,4,5.5664,3.3325,0.1333,True
2016-10-01,MRK,buy_call,2.7192,4,-5.2226,-2.7192,-0.108768,True
2016-10-01,MS,buy_call,2.7389,4,4.7099,1.971,0.07884,True
2016-10-01,MSFT,buy_call,2.8745,4,4.0278,1.1533,0.046132,True
2016-10-01,NEE,buy_call,1.9747,4,4.6435,2.6688,0.106752,True
2016-10-01,NFLX,skip,0.0,0,26.7073,0.0,0.0,True
2016-10-01,NKE,skip,0.0,0,-4.4261,0.0,0.0,True
2016-10-01,ORCL,skip,0.0,0,-2.1894,0.0,0.0,True
2016-10-01,PEP,buy_call,2.2339,4,-1.4434,-2.2339,-0.089356,True
2016-10-01,PFE,buy_call,2.8264,4,-6.3773,-2.8264,-0.113056,True
2016-10-01,PG,buy_call,2.0993,4,-3.2868,-2.0993,-0.083972,True
2016-10-01,PM,buy_call,2.2339,4,0.2244,-2.0096,-0.080384,True
2016-10-01,PPL,skip,0.0,0,0.4153,0.0,0.0,True
2016-10-01,PRU,buy_call,2.7389,4,3.8457,1.1068,0.044272,True
2016-10-01,PYPL,buy_call,2.7116,4,1.6842,-1.0275,-0.0411,True
2016-10-01,QCOM,buy_call,4.254,4,0.3212,-3.9328,-0.157312,True
2016-10-01,SBUX,skip,0.0,0,-1.9764,0.0,0.0,True
2016-10-01,SCHW,buy_call,2.7389,4,0.4118,-2.3271,-0.093084,True
2016-10-01,SLB,buy_call,3.2317,4,0.1126,-3.1192,-0.124768,True
2016-10-01,SO,buy_call,1.9747,4,0.5263,-1.4484,-0.057936,True
2016-10-01,SPG,buy_call,3.0196,4,-10.1686,-3.0196,-0.120784,True
2016-10-01,SYK,buy_call,2.4594,4,-0.5899,-2.4594,-0.098376,True
2016-10-01,T,buy_call,3.1005,4,-9.4066,-3.1005,-0.12402,True
2016-10-01,TGT,skip,0.0,0,0.0728,0.0,0.0,True
2016-10-01,TMO,buy_call,2.8279,4,-7.4684,-2.8279,-0.113116,True
2016-10-01,TXN,buy_call,4.1737,4,0.9547,-3.219,-0.12876,True
2016-10-01,UNH,buy_call,2.9729,4,1.4161,-1.5567,-0.062268,True
2016-10-01,UNP,buy_call,3.2317,4,-9.5868,-3.2317,-0.129268,True
2016-10-01,USB,buy_call,2.7389,4,5.0456,2.3067,0.092268,True
2016-10-01,V,buy_call,2.5501,4,-0.2298,-2.5501,-0.102004,True
2016-10-01,VZ,skip,0.0,0,-7.4644,0.0,0.0,True
2016-10-01,WFC,skip,0.0,0,3.907,0.0,0.0,True
2016-10-01,WMT,buy_call,2.4474,4,-2.9118,-2.4474,-0.097896,True
2016-10-01,XOM,buy_call,3.2317,4,-4.5371,-3.2317,-0.129268,True
2016-11-01,AAPL,buy_call,3.1456,10,-2.6599,-3.1456,-0.31456,True
2016-11-01,ABBV,skip,0.0,0,10.0047,0.0,0.0,True
2016-11-01,ABT,buy_call,2.4594,10,-2.3649,-2.4594,-0.24594,True
2016-11-01,ADBE,buy_call,2.8745,10,-4.3717,-2.8745,-0.28745,True
2016-11-01,ADP,skip,0.0,0,10.2917,0.0,0.0,True
2016-11-01,AIG,buy_call,2.7389,10,2.6418,-0.0971,-0.00971,True
2016-11-01,AMGN,skip,0.0,0,2.0615,0.0,0.0,True
2016-11-01,AMT,buy_call,3.0196,10,-12.7315,-3.0196,-0.30196,True
2016-11-01,AMZN,buy_call,3.8265,10,-4.9695,-3.8265,-0.38265,True
2016-11-01,AXP,buy_call,2.7116,10,9.0072,6.2955,0.62955,True
2016-11-01,BA,buy_call,3.0,10,5.7081,2.7081,0.27081,True
2016-11-01,BAC,buy_call,3.1976,10,28.0,24.8023,2.48023,True
2016-11-01,BDX,buy_call,2.4594,10,0.7087,-1.7507,-0.17507,True
2016-11-01,BIIB,buy_call,2.8264,10,4.9575,2.1311,0.21311,True
2016-11-01,BLK,skip,0.0,0,8.6596,0.0,0.0,True
2016-11-01,BMY,skip,0.0,0,11.6306,0.0,0.0,True
2016-11-01,BRK-B,skip,0.0,0,9.106,0.0,0.0,True
2016-11-01,C,buy_call,3.0,10,14.7304,11.7304,1.17304,True
2016-11-01,CAT,buy_call,3.2317,10,15.5087,12.2769,1.22769,True
2016-11-01,CL,buy_call,2.0993,10,-8.0903,-2.0993,-0.20993,True
2016-11-01,COST,buy_call,2.5784,10,1.5148,-1.0636,-0.10636,True
2016-11-01,CRM,skip,0.0,0,-4.2044,0.0,0.0,True
2016-11-01,CSCO,buy_call,3.0196,10,-1.9999,-3.0196,-0.30196,True
2016-11-01,CTSH,skip,0.0,0,7.2639,0.0,0.0,True
2016-11-01,CVS,skip,0.0,0,-8.1212,0.0,0.0,True
2016-11-01,CVX,buy_call,3.0632,10,6.5012,3.438,0.3438,True
2016-11-01,DHR,buy_call,2.4594,10,-0.4838,-2.4594,-0.24594,True
2016-11-01,DIS,skip,0.0,0,6.9371,0.0,0.0,True
2016-11-01,DUK,buy_call,1.9747,10,-7.8105,-1.9747,-0.19747,True
2016-11-01,ELV,skip,0.0,0,16.9621,0.0,0.0,True
2016-11-01,EOG,buy_call,3.2317,10,13.5802,10.3484,1.03484,True
2016-11-01,EQIX,buy_call,3.0196,10,-5.1836,-3.0196,-0.30196,True
2016-11-01,FDX,buy_call,3.0196,10,9.9529,6.9334,0.69334,True
2016-11-01,GE,skip,0.0,0,5.7044,0.0,0.0,True
2016-11-01,GILD,skip,0.0,0,0.0951,0.0,0.0,True
2016-11-01,GIS,buy_call,2.2339,10,-0.9237,-2.2339,-0.22339,True
2016-11-01,GM,buy_call,3.2317,10,9.2721,6.0404,0.60404,True
2016-11-01,GOOGL,buy_call,3.4858,10,-4.2005,-3.4858,-0.34858,True
2016-11-01,GS,buy_call,2.7389,10,23.0307,20.2919,2.02919,True
2016-11-01,HD,skip,0.0,0,6.0569,0.0,0.0,True
2016-11-01,HON,skip,0.0,0,3.884,0.0,0.0,True
2016-11-01,IBM,buy_call,3.0196,10,5.5501,2.5306,0.25306,True
2016-11-01,INTC,buy_call,4.1737,10,-0.4875,-4.1737,-0.41737,True
2016-11-01,ITW,buy_call,3.0196,10,10.2228,7.2032,0.72032,True
2016-11-01,JNJ,buy_call,2.057,10,-4.0434,-2.057,-0.2057,True
2016-11-01,JPM,buy_call,2.7389,10,16.5937,13.8548,1.38548,True
2016-11-01,KO,skip,0.0,0,-4.8349,0.0,0.0,True
2016-11-01,LLY,skip,0.0,0,-9.1007,0.0,0.0,True
2016-11-01,LMT,buy_call,3.2317,10,7.6589,4.4272,0.44272,True
2016-11-01,LOW,skip,0.0,0,6.3733,0.0,0.0,True
2016-11-01,LYB,skip,0.0,0,13.5386,0.0,0.0,True
2016-11-01,MA,buy_call,2.7116,10,-4.3242,-2.7116,-0.27116,True
2016-11-01,MCD,skip,0.0,0,5.9519,0.0,0.0,True
2016-11-01,MDLZ,buy_call,2.2339,10,-8.2332,-2.2339,-0.22339,True
2016-11-01,MDT,buy_call,2.4594,10,-10.9851,-2.4594,-0.24594,True
2016-11-01,MET,buy_call,2.7389,10,17.1422,14.4034,1.44034,True
2016-11-01,META,buy_call,4.3383,10,-9.5962,-4.3383,-0.43383,True
2016-11-01,MMM,buy_call,3.0196,10,3.896,0.8764,0.08764,True
2016-11-01,MO,buy_call,2.2339,10,-3.3122,-2.2339,-0.22339,True
2016-11-01,MRK,buy_call,2.7192,10,4.2064,1.4872,0.14872,True
2016-11-01,MS,buy_call,2.7389,10,23.9432,21.2044,2.12044,True
2016-11-01,MSFT,buy_call,2.8745,10,0.5674,-2.307,-0.2307,True
2016-11-01,NEE,buy_call,1.9747,10,-10.7578,-1.9747,-0.19747,True
2016-11-01,NFLX,buy_call,4.4729,10,-6.3026,-4.4729,-0.44729,True
2016-11-01,NKE,skip,0.0,0,-0.2192,0.0,0.0,True
2016-11-01,ORCL,skip,0.0,0,5.0122,0.0,0.0,True
2016-11-01,PEP,buy_call,2.2339,10,-6.6231,-2.2339,-0.22339,True
2016-11-01,PFE,skip,0.0,0,1.356,0.0,0.0,True
2016-11-01,PG,buy_call,2.0993,10,-4.2666,-2.0993,-0.20993,True
2016-11-01,PM,buy_call,2.2339,10,-8.4612,-2.2339,-0.22339,True
2016-11-01,PPL,skip,0.0,0,-2.5626,0.0,0.0,True
2016-11-01,PRU,buy_call,2.7389,10,18.6461,15.9072,1.59072,True
2016-11-01,PYPL,buy_call,2.7116,10,-5.7129,-2.7116,-0.27116,True
2016-11-01,QCOM,buy_call,4.254,10,-0.8586,-4.254,-0.4254,True
2016-11-01,SBUX,skip,0.0,0,9.2331,0.0,0.0,True
2016-11-01,SCHW,buy_call,2.7389,10,21.9558,19.217,1.9217,True
2016-11-01,SLB,skip,0.0,0,7.4396,0.0,0.0,True
2016-11-01,SO,buy_call,1.9747,10,-9.2108,-1.9747,-0.19747,True
2016-11-01,SPG,skip,0.0,0,-3.3932,0.0,0.0,True
2016-11-01,SYK,buy_call,2.4594,10,-1.4651,-2.4594,-0.24594,True
2016-11-01,T,skip,0.0,0,6.7009,0.0,0.0,True
2016-11-01,TGT,skip,0.0,0,12.3818,0.0,0.0,True
2016-11-01,TMO,buy_call,2.8279,10,-4.7066,-2.8279,-0.28279,True
2016-11-01,TXN,buy_call,4.1737,10,4.3472,0.1736,0.01736,True
2016-11-01,UNH,buy_call,2.9729,10,12.0215,9.0486,0.90486,True
2016-11-01,UNP,buy_call,3.2317,10,14.9126,11.6809,1.16809,True
2016-11-01,USB,buy_call,2.7389,10,10.8579,8.119,0.8119,True
2016-11-01,V,buy_call,2.5501,10,-6.2901,-2.5501,-0.25501,True
2016-11-01,VZ,skip,0.0,0,4.9253,0.0,0.0,True
2016-11-01,WFC,skip,0.0,0,15.0185,0.0,0.0,True
2016-11-01,WMT,buy_call,2.4474,10,0.5856,-1.8618,-0.18618,True
2016-11-01,XOM,skip,0.0,0,4.7767,0.0,0.0,True
2016-12-01,AAPL,buy_call,3.1456,1,5.3335,2.188,0.02188,False
2016-12-01,ABBV,skip,0.0,0,2.9934,0.0,0.0,False
2016-12-01,ABT,skip,0.0,0,0.8931,0.0,0.0,False
2016-12-01,ADBE,buy_call,2.8745,1,0.1362,-2.7383,-0.027383,False
2016-12-01,ADP,buy_call,3.0196,1,7.0402,4.0207,0.040207,False
2016-12-01,AIG,buy_call,2.7389,1,3.1265,0.3876,0.003876,False
2016-12-01,AMGN,skip,0.0,0,2.1709,0.0,0.0,False
2016-12-01,AMT,skip,0.0,0,3.3343,0.0,0.0,False
2016-12-01,AMZN,buy_call,3.8265,1,-0.0933,-3.8265,-0.038265,False
2016-12-01,AXP,buy_call,2.7116,1,2.8317,0.1201,0.001201,False
2016-12-01,BA,buy_call,3.0,1,4.1947,1.1947,0.011947,False
2016-12-01,BAC,buy_call,3.1976,1,5.0283,1.8307,0.018307,False
2016-12-01,BDX,buy_call,2.4594,1,-2.0994,-2.4594,-0.024594,False
2016-12-01,BIIB,buy_call,2.8264,1,-3.5672,-2.8264,-0.028264,False
2016-12-01,BLK,buy_call,2.7389,1,2.6296,-0.1093,-0.001093,False
2016-12-01,BMY,skip,0.0,0,3.5436,0.0,0.0,False
2016-12-01,BRK-B,buy_call,1.809,1,3.5188,1.7098,0.017098,False
2016-12-01,C,buy_call,3.0,1,5.7396,2.7396,0.027396,False
2016-12-01,CAT,buy_call,3.2317,1,-2.9511,-3.2317,-0.032317,False
2016-12-01,CL,skip,0.0,0,0.3219,0.0,0.0,False
2016-12-01,COST,buy_call,2.5784,1,6.9901,4.4116,0.044116,False
2016-12-01,CRM,skip,0.0,0,-4.9167,0.0,0.0,False
2016-12-01,CSCO,buy_call,3.0196,1,1.3414,-1.6782,-0.016782,False
2016-12-01,CTSH,skip,0.0,0,1.7248,0.0,0.0,False
2016-12-01,CVS,skip,0.0,0,2.6272,0.0,0.0,False
2016-12-01,CVX,buy_call,3.0632,1,6.56,3.4968,0.034968,False
2016-12-01,DHR,buy_call,2.4594,1,-0.4221,-2.4594,-0.024594,False
2016-12-01,DIS,buy_call,3.3259,1,5.1453,1.8194,0.018194,False
2016-12-01,DUK,skip,0.0,0,6.4172,0.0,0.0,False
2016-12-01,ELV,buy_call,2.9729,1,0.87,-2.1029,-0.021029,False
2016-12-01,EOG,buy_call,3.2317,1,-1.3851,-3.2317,-0.032317,False
2016-12-01,EQIX,skip,0.0,0,6.0765,0.0,0.0,False
2016-12-01,FDX,buy_call,3.0196,1,-2.8538,-3.0196,-0.030196,False
2016-12-01,GE,buy_call,3.2317,1,2.7308,-0.5009,-0.005009,False
2016-12-01,GILD,skip,0.0,0,-2.8358,0.0,0.0,False
2016-12-01,GIS,skip,0.0,0,1.362,0.0,0.0,False
2016-12-01,GM,buy_call,3.2317,1,0.8978,-2.3339,-0.023339,False
2016-12-01,GOOGL,buy_call,3.4858,1,2.1357,-1.3502,-0.013502,False
2016-12-01,GS,buy_call,2.7389,1,9.5318,6.7929,0.067929,False
2016-12-01,HD,skip,0.0,0,4.1669,0.0,0.0,False
2016-12-01,HON,buy_call,3.0196,1,2.2776,-0.742,-0.00742,False
2016-12-01,IBM,buy_call,3.0196,1,3.2523,0.2327,0.002327,False
2016-12-01,INTC,buy_call,4.1737,1,5.3158,1.1422,0.011422,False
2016-12-01,ITW,buy_call,3.0196,1,-2.1729,-3.0196,-0.030196,False
2016-12-01,JNJ,buy_call,2.057,1,4.2283,2.1713,0.021713,False
2016-12-01,JPM,buy_call,2.7389,1,7.6338,4.8949,0.048949,False
2016-12-01,KO,skip,0.0,0,3.6196,0.0,0.0,False
2016-12-01,LLY,skip,0.0,0,10.2975,0.0,0.0,False
2016-12-01,LMT,buy_call,3.2317,1,-5.1226,-3.2317,-0.032317,False
2016-12-01,LOW,skip,0.0,0,0.8079,0.0,0.0,False
2016-12-01,LYB,buy_call,3.2317,1,-4.0856,-3.2317,-0.032317,False
2016-12-01,MA,buy_call,2.7116,1,1.0274,-1.6842,-0.016842,False
2016-12-01,MCD,skip,0.0,0,2.8478,0.0,0.0,False
2016-12-01,MDLZ,skip,0.0,0,7.4928,0.0,0.0,False
2016-12-01,MDT,skip,0.0,0,-2.438,0.0,0.0,False
2016-12-01,MET,buy_call,2.7389,1,-1.183,-2.7389,-0.027389,False
2016-12-01,META,skip,0.0,0,-2.8458,0.0,0.0,False
2016-12-01,MMM,buy_call,3.0196,1,4.6436,1.624,0.01624,False
2016-12-01,MO,buy_call,2.2339,1,5.772,3.538,0.03538,False
2016-12-01,MRK,buy_call,2.7192,1,-3.7915,-2.7192,-0.027192,False
2016-12-01,MS,buy_call,2.7389,1,2.1518,-0.5871,-0.005871,False
2016-12-01,MSFT,buy_call,2.8745,1,3.8164,0.942,0.00942,False
2016-12-01,NEE,skip,0.0,0,5.3802,0.0,0.0,False
2016-12-01,NFLX,buy_call,4.4729,1,5.812,1.3391,0.013391,False
2016-12-01,NKE,skip,0.0,0,1.5179,0.0,0.0,False
2016-12-01,ORCL,buy_call,3.5955,1,-4.3294,-3.5955,-0.035955,False
2016-12-01,PEP,buy_call,2.2339,1,5.2987,3.0648,0.030648,False
2016-12-01,PFE,skip,0.0,0,2.0658,0.0,0.0,False
2016-12-01,PG,buy_call,2.0993,1,1.9646,-0.1347,-0.001347,False
2016-12-01,PM,skip,0.0,0,3.6361,0.0,0.0,False
2016-12-01,PPL,skip,0.0,0,1.7633,0.0,0.0,False
2016-12-01,PRU,buy_call,2.7389,1,4.1748,1.4359,0.014359,False
2016-12-01,PYPL,buy_call,2.7116,1,0.4837,-2.2279,-0.022279,False
2016-12-01,QCOM,buy_call,4.254,1,-3.5521,-4.254,-0.04254,False
2016-12-01,SBUX,buy_call,1.9747,1,-3.7827,-1.9747,-0.019747,False
2016-12-01,SCHW,buy_call,2.7389,1,2.3161,-0.4227,-0.004227,False
2016-12-01,SLB,buy_call,3.2317,1,-0.119,-3.2317,-0.032317,False
2016-12-01,SO,skip,0.0,0,6.291,0.0,0.0,False
2016-12-01,SPG,skip,0.0,0,-0.2004,0.0,0.0,False
2016-12-01,SYK,buy_call,2.4594,1,5.4109,2.9515,0.029515,False
2016-12-01,T,buy_call,3.1005,1,10.0957,6.9952,0.069952,False
2016-12-01,TGT,buy_call,2.4474,1,-5.6932,-2.4474,-0.024474,False
2016-12-01,TMO,skip,0.0,0,0.7066,0.0,0.0,False
2016-12-01,TXN,buy_call,4.1737,1,-0.5764,-4.1737,-0.041737,False
2016-12-01,UNH,buy_call,2.9729,1,1.4889,-1.4839,-0.014839,False
2016-12-01,UNP,buy_call,3.2317,1,2.9291,-0.3027,-0.003027,False
2016-12-01,USB,buy_call,2.7389,1,3.5268,0.7879,0.007879,False
2016-12-01,V,skip,0.0,0,1.1176,0.0,0.0,False
2016-12-01,VZ,buy_call,3.1005,1,6.9739,3.8734,0.038734,False
2016-12-01,WFC,buy_call,3.4824,1,5.006,1.5235,0.015235,False
2016-12-01,WMT,buy_call,2.4474,1,-1.86,-2.4474,-0.024474,False
2016-12-01,XOM,skip,0.0,0,4.3061,0.0,0.0,False
2017-01-01,AAPL,buy_call,3.1456,2,4.7747,1.6291,0.032582,True
2017-01-01,ABBV,buy_call,2.8264,2,-2.4113,-2.8264,-0.056528,True
2017-01-01,ABT,skip,0.0,0,8.7478,0.0,0.0,True
2017-01-01,ADBE,buy_call,2.8745,2,10.1311,7.2567,0.145134,True
2017-01-01,ADP,buy_call,3.0196,2,-1.1547,-3.0196,-0.060392,True
2017-01-01,AMAT,buy_call,4.1737,2,6.1357,1.9621,0.039242,True
2017-01-01,AMGN,skip,0.0,0,7.1609,0.0,0.0,True
2017-01-01,AMT,skip,0.0,0,-1.527,0.0,0.0,True
2017-01-01,AMZN,buy_call,3.8265,2,9.8164,5.9899,0.119798,True
2017-01-01,AVGO,buy_call,4.1737,2,13.5037,9.33,0.1866,True
2017-01-01,AXP,buy_call,2.7116,2,3.1047,0.3931,0.007862,True
2017-01-01,BA,buy_call,3.0,2,4.9717,1.9717,0.039434,True
2017-01-01,BAC,buy_call,3.1976,2,2.4435,-0.7542,-0.015084,True
2017-01-01,BDX,skip,0.0,0,7.5681,0.0,0.0,True
2017-01-01,BLK,buy_call,2.7389,2,-1.1278,-2.7389,-0.054778,True
2017-01-01,BMY,skip,0.0,0,-15.8795,0.0,0.0,True
2017-01-01,BRK-B,buy_call,1.809,2,0.7117,-1.0972,-0.021944,True
2017-01-01,C,buy_call,3.0,2,-6.0576,-3.0,-0.06,True
2017-01-01,CAT,buy_call,3.2317,2,3.1486,-0.0831,-0.001662,True
2017-01-01,CHTR,buy_call,3.1005,2,12.5139,9.4134,0.188268,True
2017-01-01,CL,skip,0.0,0,-1.3142,0.0,0.0,True
2017-01-01,CMCSA,buy_call,3.1005,2,9.6555,6.5549,0.131098,True
2017-01-01,COST,buy_call,2.5784,2,2.3983,-0.1801,-0.003602,True
2017-01-01,CRM,skip,0.0,0,15.5419,0.0,0.0,True
2017-01-01,CSCO,buy_call,3.0196,2,1.6545,-1.3651,-0.027302,True
2017-01-01,CTSH,skip,0.0,0,-6.1396,0.0,0.0,True
2017-01-01,CVS,skip,0.0,0,-0.1267,0.0,0.0,True
2017-01-01,CVX,buy_call,3.0632,2,-5.3951,-3.0632,-0.061264,True
2017-01-01,DHR,buy_call,2.4594,2,7.9821,5.5227,0.110454,True
2017-01-01,DIS,buy_call,3.3259,2,6.9879,3.662,0.07324,True
2017-01-01,DUK,skip,0.0,0,1.1852,0.0,0.0,True
2017-01-01,ELV,buy_call,2.9729,2,7.7041,4.7312,0.094624,True
2017-01-01,EOG,buy_call,3.2317,2,0.4748,-2.757,-0.05514,True
2017-01-01,EQIX,skip,0.0,0,7.7138,0.0,0.0,True
2017-01-01,FDX,buy_call,3.0196,2,1.77,-1.2496,-0.024992,True
2017-01-01,GE,buy_call,3.2317,2,-5.3053,-3.2317,-0.064634,True
2017-01-01,GILD,skip,0.0,0,1.8244,0.0,0.0,True
2017-01-01,GM,buy_call,3.2317,2,6.2202,2.9885,0.05977,True
2017-01-01,GOOGL,buy_call,3.4858,2,3.5005,0.0147,0.000294,True
2017-01-01,GS,buy_call,2.7389,2,-4.2305,-2.7389,-0.054778,True
2017-01-01,HD,buy_call,2.7959,2,2.6104,-0.1855,-0.00371,True
2017-01-01,HON,buy_call,3.0196,2,2.1321,-0.8875,-0.01775,True
2017-01-01,IBM,buy_call,3.0196,2,5.1389,2.1193,0.042386,True
2017-01-01,INTC,buy_call,4.1737,2,1.5164,-2.6573,-0.053146,True
2017-01-01,ISRG,skip,0.0,0,9.2278,0.0,0.0,True
2017-01-01,ITW,buy_call,3.0196,2,4.4127,1.3931,0.027862,True
2017-01-01,JNJ,skip,0.0,0,-1.7012,0.0,0.0,True
2017-01-01,JPM,buy_call,2.7389,2,-1.9237,-2.7389,-0.054778,True
2017-01-01,KO,skip,0.0,0,0.2653,0.0,0.0,True
2017-01-01,LLY,skip,0.0,0,4.7314,0.0,0.0,True
2017-01-01,LMT,buy_call,3.2317,2,0.5561,-2.6756,-0.053512,True
2017-01-01,LOW,skip,0.0,0,2.7559,0.0,0.0,True
2017-01-01,MA,buy_call,2.7116,2,2.983,0.2714,0.005428,True
2017-01-01,MCD,buy_call,1.9747,2,0.6983,-1.2764,-0.025528,True
2017-01-01,MDLZ,skip,0.0,0,0.3103,0.0,0.0,True
2017-01-01,MDT,skip,0.0,0,7.3619,0.0,0.0,True
2017-01-01,MET,buy_call,2.7389,2,0.9649,-1.774,-0.03548,True
2017-01-01,META,buy_call,4.3383,2,13.2725,8.9342,0.178684,True
2017-01-01,MMM,buy_call,3.0196,2,-2.1,-3.0196,-0.060392,True
2017-01-01,MO,skip,0.0,0,6.221,0.0,0.0,True
2017-01-01,MRK,buy_call,2.7192,2,6.1078,3.3886,0.067772,True
2017-01-01,MS,buy_call,2.7389,2,0.5681,-2.1708,-0.043416,True
2017-01-01,MSFT,buy_call,2.8745,2,4.0393,1.1648,0.023296,True
2017-01-01,NEE,skip,0.0,0,3.5661,0.0,0.0,True
2017-01-01,NFLX,buy_call,4.4729,2,13.6591,9.1862,0.183724,True
2017-01-01,NKE,skip,0.0,0,4.4479,0.0,0.0,True
2017-01-01,NVDA,buy_call,5.3919,2,2.2859,-3.106,-0.06212,True
2017-01-01,ORCL,skip,0.0,0,4.3173,0.0,0.0,True
2017-01-01,PEP,buy_call,2.2339,2,-0.8124,-2.2339,-0.044678,True
2017-01-01,PFE,skip,0.0,0,-2.3091,0.0,0.0,True
2017-01-01,PG,buy_call,2.0993,2,4.1865,2.0872,0.041744,True
2017-01-01,PM,skip,0.0,0,6.2801,0.0,0.0,True
2017-01-01,PYPL,buy_call,2.7116,2,0.7854,-1.9262,-0.038524,True
2017-01-01,QCOM,buy_call,4.254,2,-18.0521,-4.254,-0.08508,True
2017-01-01,SBUX,skip,0.0,0,-0.5403,0.0,0.0,True
2017-01-01,SCHW,buy_call,2.7389,2,4.4845,1.7456,0.034912,True
2017-01-01,SLB,buy_call,3.2317,2,0.3041,-2.9277,-0.058554,True
2017-01-01,SO,skip,0.0,0,0.4879,0.0,0.0,True
2017-01-01,SPG,skip,0.0,0,3.4334,0.0,0.0,True
2017-01-01,SYK,buy_call,2.4594,2,3.4688,1.0094,0.020188,True
2017-01-01,T,buy_call,3.1005,2,-0.87,-3.1005,-0.06201,True
2017-01-01,TGT,buy_call,2.4474,2,-10.7296,-2.4474,-0.048948,True
2017-01-01,TMO,skip,0.0,0,8.1131,0.0,0.0,True
2017-01-01,TMUS,buy_call,3.1005,2,8.2768,5.1763,0.103526,True
2017-01-01,TXN,buy_call,4.1737,2,3.522,-0.6517,-0.013034,True
2017-01-01,UNH,buy_call,2.9729,2,1.2872,-1.6857,-0.033714,True
2017-01-01,UNP,buy_call,3.2317,2,2.7971,-0.4346,-0.008692,True
2017-01-01,USB,buy_call,2.7389,2,3.0433,0.3044,0.006088,True
2017-01-01,V,buy_call,2.5501,2,6.0113,3.4613,0.069226,True
2017-01-01,VZ,skip,0.0,0,-8.1866,0.0,0.0,True
2017-01-01,WFC,buy_call,3.4824,2,2.2137,-1.2687,-0.025374,True
2017-01-01,WMT,skip,0.0,0,-2.7522,0.0,0.0,True
2017-01-01,XOM,skip,0.0,0,-7.0574,0.0,0.0,True
2017-02-01,AAPL,buy_call,3.1456,1,12.8884,9.7429,0.097429,False
2017-02-01,ABBV,skip,0.0,0,2.2156,0.0,0.0,False
2017-02-01,ABT,skip,0.0,0,8.6215,0.0,0.0,False
2017-02-01,ADBE,buy_call,2.8745,1,4.3747,1.5002,0.015002,False
2017-02-01,ADP,buy_call,3.0196,1,1.614,-1.4056,-0.014056,False
2017-02-01,AMAT,buy_call,4.1737,1,5.7518,1.5781,0.015781,False
2017-02-01,AMGN,skip,0.0,0,12.6692,0.0,0.0,False
2017-02-01,AMT,skip,0.0,0,10.9082,0.0,0.0,False
2017-02-01,AMZN,buy_call,3.8265,1,2.6182,-1.2083,-0.012083,False
2017-02-01,AVGO,buy_call,4.1737,1,5.7293,1.5556,0.015556,False
2017-02-01,AXP,buy_call,2.7116,1,5.265,2.5534,0.025534,False
2017-02-01,BA,buy_call,3.0,1,10.2864,7.2864,0.072864,False
2017-02-01,BAC,buy_call,3.1976,1,9.0106,5.8129,0.058129,False
2017-02-01,BDX,buy_call,2.4594,1,3.2489,0.7895,0.007895,False
2017-02-01,BLK,buy_call,2.7389,1,3.6045,0.8656,0.008656,False
2017-02-01,BMY,skip,0.0,0,16.1198,0.0,0.0,False
2017-02-01,BRK-B,buy_call,1.809,1,4.4352,2.6262,0.026262,False
2017-02-01,C,buy_call,3.0,1,7.1288,4.1288,0.041288,False
2017-02-01,CAT,buy_call,3.2317,1,1.8838,-1.348,-0.01348,False
2017-02-01,CHTR,buy_call,3.1005,1,-0.2747,-3.1005,-0.031005,False
2017-02-01,CL,skip,0.0,0,13.6603,0.0,0.0,False
2017-02-01,CMCSA,buy_call,3.1005,1,-0.7691,-3.1005,-0.031005,False
2017-02-01,COST,skip,0.0,0,8.0695,0.0,0.0,False
2017-02-01,CRM,skip,0.0,0,2.8445,0.0,0.0,False
2017-02-01,CSCO,buy_call,3.0196,1,12.2184,9.1988,0.091988,False
2017-02-01,CTSH,skip,0.0,0,12.702,0.0,0.0,False
2017-02-01,CVS,skip,0.0,0,2.8641,0.0,0.0,False
2017-02-01,CVX,buy_call,3.0632,1,1.0328,-2.0304,-0.020304,False
2017-02-01,DHR,buy_call,2.4594,1,1.9423,-0.5171,-0.005171,False
2017-02-01,DIS,buy_call,3.3259,1,-0.5061,-3.3259,-0.033259,False
2017-02-01,DUK,skip,0.0,0,5.1057,0.0,0.0,False
2017-02-01,ELV,buy_call,2.9729,1,6.9288,3.9559,0.039559,False
2017-02-01,EOG,buy_call,3.2317,1,-4.3655,-3.2317,-0.032317,False
2017-02-01,EQIX,buy_call,3.0196,1,-2.3144,-3.0196,-0.030196,False
2017-02-01,FDX,buy_call,3.0196,1,2.0464,-0.9731,-0.009731,False
2017-02-01,GE,skip,0.0,0,0.3703,0.0,0.0,False
2017-02-01,GILD,skip,0.0,0,-2.7191,0.0,0.0,False
2017-02-01,GM,buy_call,3.2317,1,0.6283,-2.6034,-0.026034,False
2017-02-01,GOOGL,buy_call,3.4858,1,3.0164,-0.4695,-0.004695,False
2017-02-01,GS,buy_call,2.7389,1,8.172,5.4331,0.054331,False
2017-02-01,HD,buy_call,2.7959,1,5.3278,2.5319,0.025319,False
2017-02-01,HON,buy_call,3.0196,1,5.2231,2.2035,0.022035,False
2017-02-01,IBM,buy_call,3.0196,1,3.0369,0.0173,0.000173,False
2017-02-01,INTC,buy_call,4.1737,1,-1.6838,-4.1737,-0.041737,False
2017-02-01,ISRG,skip,0.0,0,6.3968,0.0,0.0,False
2017-02-01,ITW,buy_call,3.0196,1,3.7815,0.7619,0.007619,False
2017-02-01,JNJ,skip,0.0,0,7.9117,0.0,0.0,False
2017-02-01,JPM,buy_call,2.7389,1,7.6703,4.9315,0.049315,False
2017-02-01,KO,skip,0.0,0,0.9382,0.0,0.0,False
2017-02-01,LLY,skip,0.0,0,7.5036,0.0,0.0,False
2017-02-01,LMT,buy_call,3.2317,1,6.0677,2.836,0.02836,False
2017-02-01,LOW,skip,0.0,0,2.264,0.0,0.0,False
2017-02-01,MA,buy_call,2.7116,1,4.0994,1.3878,0.013878,False
2017-02-01,MCD,buy_call,1.9747,1,4.1445,2.1698,0.021698,False
2017-02-01,MDLZ,buy_call,2.2339,1,-0.813,-2.2339,-0.022339,False
2017-02-01,MDT,skip,0.0,0,6.4326,0.0,0.0,False
2017-02-01,MET,buy_call,2.7389,1,-3.6206,-2.7389,-0.027389,False
2017-02-01,META,buy_call,4.3383,1,4.0055,-0.3328,-0.003328,False
2017-02-01,MMM,skip,0.0,0,6.5953,0.0,0.0,False
2017-02-01,MO,buy_call,2.2339,1,5.2543,3.0203,0.030203,False
2017-02-01,MRK,buy_call,2.7192,1,6.2591,3.5399,0.035399,False
2017-02-01,MS,buy_call,2.7389,1,7.9747,5.2358,0.052358,False
2017-02-01,MSFT,buy_call,2.8745,1,-1.0363,-2.8745,-0.028745,False
2017-02-01,NEE,skip,0.0,0,5.8842,0.0,0.0,False
2017-02-01,NFLX,buy_call,4.4729,1,1.0092,-3.4637,-0.034637,False
2017-02-01,NKE,skip,0.0,0,8.0529,0.0,0.0,False
2017-02-01,NVDA,buy_call,5.3919,1,-7.0526,-5.3919,-0.053919,False
2017-02-01,ORCL,skip,0.0,0,6.5988,0.0,0.0,False
2017-02-01,PEP,skip,0.0,0,6.3596,0.0,0.0,False
2017-02-01,PFE,skip,0.0,0,7.5323,0.0,0.0,False
2017-02-01,PG,buy_call,2.0993,1,4.7851,2.6858,0.026858,False
2017-02-01,PM,skip,0.0,0,13.7522,0.0,0.0,False
2017-02-01,PYPL,buy_call,2.7116,1,5.5807,2.869,0.02869,False
2017-02-01,QCOM,skip,0.0,0,5.7084,0.0,0.0,False
2017-02-01,SBUX,skip,0.0,0,2.988,0.0,0.0,False
2017-02-01,SCHW,buy_call,2.7389,1,-2.0126,-2.7389,-0.027389,False
2017-02-01,SLB,buy_call,3.2317,1,-4.0019,-3.2317,-0.032317,False
2017-02-01,SO,skip,0.0,0,2.812,0.0,0.0,False
2017-02-01,SPG,skip,0.0,0,0.3428,0.0,0.0,False
2017-02-01,SYK,buy_call,2.4594,1,4.0719,1.6125,0.016125,False
2017-02-01,T,buy_call,3.1005,1,0.6535,-2.4471,-0.024471,False
2017-02-01,TGT,skip,0.0,0,-8.8555,0.0,0.0,False
2017-02-01,TMO,skip,0.0,0,3.4714,0.0,0.0,False
2017-02-01,TMUS,buy_call,3.1005,1,0.4175,-2.683,-0.02683,False
2017-02-01,TXN,buy_call,4.1737,1,2.0736,-2.1001,-0.021001,False
2017-02-01,UNH,buy_call,2.9729,1,2.0235,-0.9494,-0.009494,False
2017-02-01,UNP,buy_call,3.2317,1,1.276,-1.9558,-0.019558,False
2017-02-01,USB,buy_call,2.7389,1,4.4634,1.7246,0.017246,False
2017-02-01,V,buy_call,2.5501,1,6.3233,3.7733,0.037733,False
2017-02-01,VZ,skip,0.0,0,2.3477,0.0,0.0,False
2017-02-01,WFC,buy_call,3.4824,1,2.7517,-0.7307,-0.007307,False
2017-02-01,WMT,skip,0.0,0,6.2781,0.0,0.0,False
2017-02-01,XOM,skip,0.0,0,-3.0635,0.0,0.0,False
2017-03-01,AAPL,buy_call,3.1456,1,5.3236,2.1781,0.021781,False
2017-03-01,ABBV,skip,0.0,0,5.3687,0.0,0.0,False
2017-03-01,ABT,buy_call,2.4594,1,-1.4862,-2.4594,-0.024594,False
2017-03-01,ADBE,buy_call,2.8745,1,9.9628,7.0884,0.070884,False
2017-03-01,ADP,buy_call,3.0196,1,-0.2241,-3.0196,-0.030196,False
2017-03-01,AMAT,buy_call,4.1737,1,7.7054,3.5317,0.035317,False
2017-03-01,AMGN,buy_call,2.8264,1,-6.4173,-2.8264,-0.028264,False
2017-03-01,AMT,buy_call,3.0196,1,5.8803,2.8607,0.028607,False
2017-03-01,AMZN,buy_call,3.8265,1,4.911,1.0845,0.010845,False
2017-03-01,AVGO,buy_call,4.1737,1,3.8069,-0.3668,-0.003668,False
2017-03-01,AXP,buy_call,2.7116,1,-1.1866,-2.7116,-0.027116,False
2017-03-01,BA,buy_call,3.0,1,-1.0257,-3.0,-0.03,False
2017-03-01,BAC,buy_call,3.1976,1,-4.4165,-3.1976,-0.031976,False
2017-03-01,BDX,buy_call,2.4594,1,0.213,-2.2464,-0.022464,False
2017-03-01,BLK,buy_call,2.7389,1,-1.0194,-2.7389,-0.027389,False
2017-03-01,BMY,buy_call,2.8264,1,-4.1086,-2.8264,-0.028264,False
2017-03-01,BRK-B,buy_call,1.809,1,-2.7651,-1.809,-0.01809,False
2017-03-01,C,buy_call,3.0,1,0.303,-2.697,-0.02697,False
2017-03-01,CAT,buy_call,3.2317,1,-4.0348,-3.2317,-0.032317,False
2017-03-01,CHTR,buy_call,3.1005,1,1.3186,-1.7819,-0.017819,False
2017-03-01,CL,skip,0.0,0,0.2878,0.0,0.0,False
2017-03-01,CMCSA,buy_call,3.1005,1,0.4543,-2.6462,-0.026462,False
2017-03-01,COST,buy_call,2.5784,1,-5.1012,-2.5784,-0.025784,False
2017-03-01,CRM,buy_call,3.8947,1,1.4013,-2.4934,-0.024934,False
2017-03-01,CSCO,buy_call,3.0196,1,-1.1118,-3.0196,-0.030196,False
2017-03-01,CTSH,buy_call,3.0196,1,0.4218,-2.5978,-0.025978,False
2017-03-01,CVS,skip,0.0,0,-2.5813,0.0,0.0,False
2017-03-01,CVX,buy_call,3.0632,1,-3.6465,-3.0632,-0.030632,False
2017-03-01,DHR,buy_call,2.4594,1,-0.0233,-2.4594,-0.024594,False
2017-03-01,DIS,buy_call,3.3259,1,2.9976,-0.3283,-0.003283,False
2017-03-01,DUK,buy_call,1.9747,1,0.4463,-1.5284,-0.015284,False
2017-03-01,ELV,buy_call,2.9729,1,0.3397,-2.6332,-0.026332,False
2017-03-01,EOG,buy_call,3.2317,1,0.5774,-2.6544,-0.026544,False
2017-03-01,EQIX,buy_call,3.0196,1,7.0349,4.0154,0.040154,False
2017-03-01,FDX,buy_call,3.0196,1,1.1245,-1.8951,-0.018951,False
2017-03-01,GE,skip,0.0,0,0.7638,0.0,0.0,False
2017-03-01,GILD,skip,0.0,0,-3.6322,0.0,0.0,False
2017-03-01,GM,buy_call,3.2317,1,-4.0174,-3.2317,-0.032317,False
2017-03-01,GOOGL,buy_call,3.4858,1,0.3397,-3.1462,-0.031462,False
2017-03-01,GS,buy_call,2.7389,1,-7.1513,-2.7389,-0.027389,False
2017-03-01,HD,buy_call,2.7959,1,1.3249,-1.471,-0.01471,False
2017-03-01,HON,buy_call,3.0196,1,0.8349,-2.1847,-0.021847,False
2017-03-01,IBM,buy_call,3.0196,1,-2.393,-3.0196,-0.030196,False
2017-03-01,INTC,buy_call,4.1737,1,0.3522,-3.8215,-0.038215,False
2017-03-01,ISRG,buy_call,2.4594,1,3.9986,1.5392,0.015392,False
2017-03-01,ITW,buy_call,3.0196,1,0.3484,-2.6711,-0.026711,False
2017-03-01,JNJ,buy_call,2.057,1,2.5891,0.5321,0.005321,False
2017-03-01,JPM,buy_call,2.7389,1,-3.0678,-2.7389,-0.027389,False
2017-03-01,KO,skip,0.0,0,1.1439,0.0,0.0,False
2017-03-01,LLY,buy_call,3.5202,1,2.2534,-1.2668,-0.012668,False
2017-03-01,LMT,buy_call,3.2317,1,1.0742,-2.1575,-0.021575,False
2017-03-01,LOW,skip,0.0,0,10.5419,0.0,0.0,False
2017-03-01,MA,buy_call,2.7116,1,1.8197,-0.892,-0.00892,False
2017-03-01,MCD,buy_call,1.9747,1,2.2828,0.308,0.00308,False
2017-03-01,MDLZ,skip,0.0,0,-1.9126,0.0,0.0,False
2017-03-01,MDT,skip,0.0,0,-0.4326,0.0,0.0,False
2017-03-01,MET,buy_call,2.7389,1,1.4719,-1.267,-0.01267,False
2017-03-01,META,buy_call,4.3383,1,4.803,0.4647,0.004647,False
2017-03-01,MMM,buy_call,3.0196,1,3.341,0.3215,0.003215,False
2017-03-01,MO,buy_call,2.2339,1,-4.6716,-2.2339,-0.022339,False
2017-03-01,MRK,buy_call,2.7192,1,-3.5372,-2.7192,-0.027192,False
2017-03-01,MS,buy_call,2.7389,1,-6.1966,-2.7389,-0.027389,False
2017-03-01,MSFT,buy_call,2.8745,1,3.5625,0.688,0.00688,False
2017-03-01,NEE,buy_call,1.9747,1,-1.2562,-1.9747,-0.019747,False
2017-03-01,NFLX,buy_call,4.4729,1,3.9963,-0.4766,-0.004766,False
2017-03-01,NKE,skip,0.0,0,-2.5018,0.0,0.0,False
2017-03-01,NVDA,buy_call,5.3919,1,7.4768,2.0849,0.020849,False
2017-03-01,ORCL,buy_call,3.5955,1,4.7429,1.1474,0.011474,False
2017-03-01,PEP,buy_call,2.2339,1,1.3408,-0.8931,-0.008931,False
2017-03-01,PFE,skip,0.0,0,1.2853,0.0,0.0,False
2017-03-01,PG,buy_call,2.0993,1,-1.3396,-2.0993,-0.020993,False
2017-03-01,PM,buy_call,2.2339,1,3.2465,1.0125,0.010125,False
2017-03-01,PYPL,buy_call,2.7116,1,2.4286,-0.2831,-0.002831,False
2017-03-01,QCOM,skip,0.0,0,2.4718,0.0,0.0,False
2017-03-01,SBUX,buy_call,1.9747,1,3.1354,1.1607,0.011607,False
2017-03-01,SCHW,buy_call,2.7389,1,1.1939,-1.545,-0.01545,False
2017-03-01,SLB,buy_call,3.2317,1,-2.2173,-3.2317,-0.032317,False
2017-03-01,SO,buy_call,1.9747,1,-0.8986,-1.9747,-0.019747,False
2017-03-01,SPG,skip,0.0,0,-5.8025,0.0,0.0,False
2017-03-01,SYK,buy_call,2.4594,1,2.4035,-0.0559,-0.000559,False
2017-03-01,T,buy_call,3.1005,1,-0.5743,-3.1005,-0.031005,False
2017-03-01,TGT,skip,0.0,0,-5.2264,0.0,0.0,False
2017-03-01,TMO,buy_call,2.8279,1,-2.5875,-2.8279,-0.028279,False
2017-03-01,TMUS,buy_call,3.1005,1,3.2944,0.1939,0.001939,False
2017-03-01,TXN,buy_call,4.1737,1,5.1423,0.9686,0.009686,False
2017-03-01,UNH,buy_call,2.9729,1,-0.8284,-2.9729,-0.029729,False
2017-03-01,UNP,buy_call,3.2317,1,-1.3118,-3.2317,-0.032317,False
2017-03-01,USB,buy_call,2.7389,1,-6.3636,-2.7389,-0.027389,False
2017-03-01,V,buy_call,2.5501,1,1.2499,-1.3002,-0.013002,False
2017-03-01,VZ,skip,0.0,0,-1.7731,0.0,0.0,False
2017-03-01,WFC,buy_call,3.4824,1,-3.1824,-3.4824,-0.034824,False
2017-03-01,WMT,buy_call,2.4474,1,1.6213,-0.8262,-0.008262,False
2017-03-01,XOM,skip,0.0,0,1.7707,0.0,0.0,False
2017-04-01,AAPL,buy_call,3.1456,2,-0.007,-3.1456,-0.062912,True
2017-04-01,ABBV,buy_call,2.8264,2,1.1971,-1.6294,-0.032588,True
2017-04-01,ABT,buy_call,2.4594,2,-1.7338,-2.4594,-0.049188,True
2017-04-01,ADBE,buy_call,2.8745,2,2.7741,-0.1003,-0.002006,True
2017-04-01,ADP,buy_call,3.0196,2,2.6119,-0.4076,-0.008152,True
2017-04-01,AMAT,buy_call,4.1737,2,4.3959,0.2222,0.004444,True
2017-04-01,AMGN,skip,0.0,0,-0.4571,0.0,0.0,True
2017-04-01,AMT,buy_call,3.0196,2,3.6202,0.6006,0.012012,True
2017-04-01,AMZN,buy_call,3.8265,2,4.3371,0.5106,0.010212,True
2017-04-01,AVGO,buy_call,4.1737,2,1.3023,-2.8714,-0.057428,True
2017-04-01,AXP,buy_call,2.7116,2,0.177,-2.5347,-0.050694,True
2017-04-01,BA,buy_call,3.0,2,4.5064,1.5064,0.030128,True
2017-04-01,BAC,buy_call,3.1976,2,-0.7582,-3.1976,-0.063952,True
2017-04-01,BDX,buy_call,2.4594,2,2.3305,-0.1289,-0.002578,True
2017-04-01,BLK,buy_call,2.7389,2,0.9105,-1.8283,-0.036566,True
2017-04-01,BMY,buy_call,2.8264,2,3.071,0.2446,0.004892,True
2017-04-01,BRK-B,buy_call,1.809,2,-0.8819,-1.809,-0.03618,True
2017-04-01,C,buy_call,3.0,2,-1.1702,-3.0,-0.06,True
2017-04-01,CAT,buy_call,3.2317,2,10.2415,7.0098,0.140196,True
2017-04-01,CHTR,buy_call,3.1005,2,5.4503,2.3498,0.046996,True
2017-04-01,CL,skip,0.0,0,-1.5713,0.0,0.0,True
2017-04-01,CMCSA,buy_call,3.1005,2,4.2564,1.1559,0.023118,True
2017-04-01,COST,buy_call,2.5784,2,5.862,3.2835,0.06567,True
2017-04-01,CRM,buy_call,3.8947,2,4.4005,0.5058,0.010116,True
2017-04-01,CSCO,buy_call,3.0196,2,0.7988,-2.2208,-0.044416,True
2017-04-01,CTSH,buy_call,3.0196,2,1.1929,-1.8267,-0.036534,True
2017-04-01,CVS,skip,0.0,0,5.0191,0.0,0.0,True
2017-04-01,CVX,buy_call,3.0632,2,-0.624,-3.0632,-0.061264,True
2017-04-01,DHR,buy_call,2.4594,2,-2.4132,-2.4594,-0.049188,True
2017-04-01,DIS,buy_call,3.3259,2,1.949,-1.3769,-0.027538,True
2017-04-01,DUK,buy_call,1.9747,2,0.5975,-1.3773,-0.027546,True
2017-04-01,ELV,buy_call,2.9729,2,7.9872,5.0143,0.100286,True
2017-04-01,EOG,buy_call,3.2317,2,-5.1768,-3.2317,-0.064634,True
2017-04-01,EQIX,buy_call,3.0196,2,4.3285,1.3089,0.026178,True
2017-04-01,FDX,buy_call,3.0196,2,-2.5908,-3.0196,-0.060392,True
2017-04-01,GE,buy_call,3.2317,2,-2.7182,-3.2317,-0.064634,True
2017-04-01,GILD,skip,0.0,0,1.7041,0.0,0.0,True
2017-04-01,GM,buy_call,3.2317,2,-1.0339,-3.2317,-0.064634,True
2017-04-01,GOOGL,buy_call,3.4858,2,9.0493,5.5635,0.11127,True
2017-04-01,GS,buy_call,2.7389,2,-2.577,-2.7389,-0.054778,True
2017-04-01,HD,buy_call,2.7959,2,6.9605,4.1646,0.083292,True
2017-04-01,HON,buy_call,3.0196,2,5.0212,2.0016,0.040032,True
2017-04-01,IBM,buy_call,3.0196,2,-7.9533,-3.0196,-0.060392,True
2017-04-01,INTC,skip,0.0,0,0.2218,0.0,0.0,True
2017-04-01,ISRG,buy_call,2.4594,2,9.0545,6.5951,0.131902,True
2017-04-01,ITW,buy_call,3.0196,2,4.7548,1.7352,0.034704,True
2017-04-01,JNJ,buy_call,2.057,2,-0.8671,-2.057,-0.04114,True
2017-04-01,JPM,buy_call,2.7389,2,-0.9563,-2.7389,-0.054778,True
2017-04-01,KO,buy_call,1.9747,2,2.5704,0.5956,0.011912,True
2017-04-01,LLY,buy_call,3.5202,2,-2.4373,-3.5202,-0.070404,True
2017-04-01,LMT,buy_call,3.2317,2,0.6913,-2.5404,-0.050808,True
2017-04-01,LOW,buy_call,2.7959,2,3.2478,0.4519,0.009038,True
2017-04-01,MA,buy_call,2.7116,2,3.4231,0.7115,0.01423,True
2017-04-01,MCD,buy_call,1.9747,2,7.9624,5.9876,0.119752,True
2017-04-01,MDLZ,skip,0.0,0,4.9829,0.0,0.0,True
2017-04-01,MDT,skip,0.0,0,3.6902,0.0,0.0,True
2017-04-01,MET,buy_call,2.7389,2,-1.9122,-2.7389,-0.054778,True
2017-04-01,META,buy_call,4.3383,2,5.7726,1.4344,0.028688,True
2017-04-01,MMM,buy_call,3.0196,2,2.3519,-0.6676,-0.013352,True
2017-04-01,MO,buy_call,2.2339,2,1.3124,-0.9215,-0.01843,True
2017-04-01,MRK,buy_call,2.7192,2,-1.1964,-2.7192,-0.054384,True
2017-04-01,MS,buy_call,2.7389,2,1.2372,-1.5017,-0.030034,True
2017-04-01,MSFT,buy_call,2.8745,2,3.9478,1.0733,0.021466,True
2017-04-01,NEE,buy_call,1.9747,2,4.043,2.0683,0.041366,True
2017-04-01,NFLX,buy_call,4.4729,2,2.97,-1.5029,-0.030058,True
2017-04-01,NKE,buy_call,3.5085,2,-0.2644,-3.5085,-0.07017,True
2017-04-01,NVDA,buy_call,5.3919,2,-4.2504,-5.3919,-0.107838,True
2017-04-01,ORCL,buy_call,3.5955,2,0.7846,-2.8109,-0.056218,True
2017-04-01,PEP,buy_call,2.2339,2,1.965,-0.2689,-0.005378,True
2017-04-01,PFE,buy_call,2.8264,2,-0.8477,-2.8264,-0.056528,True
2017-04-01,PG,buy_call,2.0993,2,-2.8047,-2.0993,-0.041986,True
2017-04-01,PM,buy_call,2.2339,2,-0.9208,-2.2339,-0.044678,True
2017-04-01,PYPL,buy_call,2.7116,2,10.9251,8.2135,0.16427,True
2017-04-01,QCOM,skip,0.0,0,-6.2783,0.0,0.0,True
2017-04-01,SBUX,buy_call,1.9747,2,2.8601,0.8853,0.017706,True
2017-04-01,SCHW,buy_call,2.7389,2,-4.8027,-2.7389,-0.054778,True
2017-04-01,SLB,buy_call,3.2317,2,-7.055,-3.2317,-0.064634,True
2017-04-01,SO,skip,0.0,0,0.0402,0.0,0.0,True
2017-04-01,SPG,skip,0.0,0,-3.9354,0.0,0.0,True
2017-04-01,SYK,buy_call,2.4594,2,3.9181,1.4587,0.029174,True
2017-04-01,T,buy_call,3.1005,2,-4.621,-3.1005,-0.06201,True
2017-04-01,TGT,skip,0.0,0,1.1959,0.0,0.0,True
2017-04-01,TMO,skip,0.0,0,7.7382,0.0,0.0,True
2017-04-01,TMUS,buy_call,3.1005,2,4.1493,1.0487,0.020974,True
2017-04-01,TXN,buy_call,4.1737,2,-1.713,-4.1737,-0.083474,True
2017-04-01,UNH,buy_call,2.9729,2,7.0251,4.0522,0.081044,True
2017-04-01,UNP,buy_call,3.2317,2,5.7024,2.4707,0.049414,True
2017-04-01,USB,buy_call,2.7389,2,0.1046,-2.6343,-0.052686,True
2017-04-01,V,buy_call,2.5501,2,2.6443,0.0942,0.001884,True
2017-04-01,VZ,skip,0.0,0,-5.8257,0.0,0.0,True
2017-04-01,WFC,buy_call,3.4824,2,-3.2698,-3.4824,-0.069648,True
2017-04-01,WMT,buy_call,2.4474,2,5.0677,2.6203,0.052406,True
2017-04-01,XOM,skip,0.0,0,-0.439,0.0,0.0,True
2017-05-01,AAPL,buy_call,3.1456,2,6.3418,3.1962,0.063924,True
2017-05-01,ABBV,buy_call,2.8264,2,1.1174,-1.709,-0.03418,True
2017-05-01,ABT,buy_call,2.4594,2,5.2687,2.8093,0.056186,True
2017-05-01,ADBE,buy_call,2.8745,2,6.0715,3.197,0.06394,True
2017-05-01,ADP,buy_call,3.0196,2,-2.0289,-3.0196,-0.060392,True
2017-05-01,AMAT,buy_call,4.1737,2,12.9771,8.8034,0.176068,True
2017-05-01,AMGN,buy_call,2.8264,2,-4.9474,-2.8264,-0.056528,True
2017-05-01,AMT,buy_call,3.0196,2,4.7002,1.6806,0.033612,True
2017-05-01,AMZN,buy_call,3.8265,2,7.5276,3.7012,0.074024,True
2017-05-01,AVGO,buy_call,4.1737,2,8.4552,4.2815,0.08563,True
2017-05-01,AXP,buy_call,2.7116,2,-2.5162,-2.7116,-0.054232,True
2017-05-01,BA,buy_call,3.0,2,1.5149,-1.4851,-0.029702,True
2017-05-01,BAC,buy_call,3.1976,2,-3.9846,-3.1976,-0.063952,True
2017-05-01,BDX,buy_call,2.4594,2,1.2087,-1.2507,-0.025014,True
2017-05-01,BLK,buy_call,2.7389,2,6.415,3.6761,0.073522,True
2017-05-01,BMY,buy_call,2.8264,2,-3.0483,-2.8264,-0.056528,True
2017-05-01,BRK-B,buy_call,1.809,2,0.0424,-1.7666,-0.035332,True
2017-05-01,C,buy_call,3.0,2,2.6753,-0.3247,-0.006494,True
2017-05-01,CAT,buy_call,3.2317,2,3.9563,0.7246,0.014492,True
2017-05-01,CHTR,buy_call,3.1005,2,0.113,-2.9876,-0.059752,True
2017-05-01,CL,buy_call,2.0993,2,6.5699,4.4706,0.089412,True
2017-05-01,CMCSA,buy_call,3.1005,2,6.8282,3.7277,0.074554,True
2017-05-01,COST,buy_call,2.5784,2,1.6393,-0.9392,-0.018784,True
2017-05-01,CRM,buy_call,3.8947,2,4.0873,0.1926,0.003852,True
2017-05-01,CSCO,buy_call,3.0196,2,-6.649,-3.0196,-0.060392,True
2017-05-01,CTSH,buy_call,3.0196,2,11.0908,8.0713,0.161426,True
2017-05-01,CVS,skip,0.0,0,-6.2056,0.0,0.0,True
2017-05-01,CVX,buy_call,3.0632,2,-3.0178,-3.0632,-0.061264,True
2017-05-01,DHR,buy_call,2.4594,2,1.9321,-0.5273,-0.010546,True
2017-05-01,DIS,buy_call,3.3259,2,-6.6263,-3.3259,-0.066518,True
2017-05-01,DUK,buy_call,1.9747,2,3.8546,1.8798,0.037596,True
2017-05-01,ELV,buy_call,2.9729,2,2.5072,-0.4657,-0.009314,True
2017-05-01,EOG,buy_call,3.2317,2,-2.2009,-3.2317,-0.064634,True
2017-05-01,EQIX,buy_call,3.0196,2,5.5806,2.561,0.05122,True
2017-05-01,FDX,buy_call,3.0196,2,2.1824,-0.8372,-0.016744,True
2017-05-01,GE,buy_call,3.2317,2,-5.5536,-3.2317,-0.064634,True
2017-05-01,GILD,skip,0.0,0,-5.3392,0.0,0.0,True
2017-05-01,GM,buy_call,3.2317,2,-2.0496,-3.2317,-0.064634,True
2017-05-01,GOOGL,buy_call,3.4858,2,6.7678,3.282,0.06564,True
2017-05-01,GS,buy_call,2.7389,2,-5.6032,-2.7389,-0.054778,True
2017-05-01,HD,buy_call,2.7959,2,-1.6592,-2.7959,-0.055918,True
2017-05-01,HON,buy_call,3.0196,2,1.4107,-1.6089,-0.032178,True
2017-05-01,IBM,buy_call,3.0196,2,-4.7789,-3.0196,-0.060392,True
2017-05-01,INTC,buy_call,4.1737,2,-0.1107,-4.1737,-0.083474,True
2017-05-01,ISRG,buy_call,2.4594,2,9.4285,6.9691,0.139382,True
2017-05-01,ITW,buy_call,3.0196,2,2.2666,-0.7529,-0.015058,True
2017-05-01,JNJ,buy_call,2.057,2,3.8714,1.8144,0.036288,True
2017-05-01,JPM,buy_call,2.7389,2,-5.0321,-2.7389,-0.054778,True
2017-05-01,KO,buy_call,1.9747,2,5.3766,3.4018,0.068036,True
2017-05-01,LLY,buy_call,3.5202,2,-3.0344,-3.5202,-0.070404,True
2017-05-01,LMT,buy_call,3.2317,2,4.3348,1.103,0.02206,True
2017-05-01,LOW,buy_call,2.7959,2,-6.8076,-2.7959,-0.055918,True
2017-05-01,MA,buy_call,2.7116,2,5.8474,3.1357,0.062714,True
2017-05-01,MCD,buy_call,1.9747,2,7.8325,5.8578,0.117156,True
2017-05-01,MDLZ,buy_call,2.2339,2,3.4643,1.2304,0.024608,True
2017-05-01,MDT,buy_call,2.4594,2,1.4322,-1.0272,-0.020544,True
2017-05-01,MET,buy_call,2.7389,2,-2.3548,-2.7389,-0.054778,True
2017-05-01,META,buy_call,4.3383,2,0.8053,-3.5329,-0.070658,True
2017-05-01,MMM,buy_call,3.0196,2,4.412,1.3924,0.027848,True
2017-05-01,MO,buy_call,2.2339,2,5.0989,2.865,0.0573,True
2017-05-01,MRK,buy_call,2.7192,2,4.4601,1.7409,0.034818,True
2017-05-01,MS,buy_call,2.7389,2,-3.3226,-2.7389,-0.054778,True
2017-05-01,MSFT,buy_call,2.8745,2,2.0158,-0.8586,-0.017172,True
2017-05-01,NEE,buy_call,1.9747,2,5.8999,3.9252,0.078504,True
2017-05-01,NFLX,buy_call,4.4729,2,7.1419,2.669,0.05338,True
2017-05-01,NKE,buy_call,3.5085,2,-4.3675,-3.5085,-0.07017,True
2017-05-01,NVDA,buy_call,5.3919,2,38.3988,33.0069,0.660138,True
2017-05-01,ORCL,buy_call,3.5955,2,1.3914,-2.2041,-0.044082,True
2017-05-01,PEP,buy_call,2.2339,2,3.1691,0.9352,0.018704,True
2017-05-01,PFE,buy_call,2.8264,2,-3.7441,-2.8264,-0.056528,True
2017-05-01,PG,buy_call,2.0993,2,1.6426,-0.4567,-0.009134,True
2017-05-01,PM,buy_call,2.2339,2,8.0837,5.8498,0.116996,True
2017-05-01,PYPL,buy_call,2.7116,2,9.4091,6.6974,0.133948,True
2017-05-01,QCOM,skip,0.0,0,6.5687,0.0,0.0,True
2017-05-01,SBUX,buy_call,1.9747,2,5.9108,3.936,0.07872,True
2017-05-01,SCHW,buy_call,2.7389,2,-0.2574,-2.7389,-0.054778,True
2017-05-01,SLB,skip,0.0,0,-4.1328,0.0,0.0,True
2017-05-01,SO,skip,0.0,0,1.6265,0.0,0.0,True
2017-05-01,SPG,skip,0.0,0,-6.6622,0.0,0.0,True
2017-05-01,SYK,buy_call,2.4594,2,4.8324,2.373,0.04746,True
2017-05-01,T,buy_call,3.1005,2,-1.232,-3.1005,-0.06201,True
2017-05-01,TGT,skip,0.0,0,-1.2534,0.0,0.0,True
2017-05-01,TMO,buy_call,2.8279,2,4.5121,1.6843,0.033686,True
2017-05-01,TMUS,buy_call,3.1005,2,0.223,-2.8776,-0.057552,True
2017-05-01,TXN,buy_call,4.1737,2,4.8266,0.6529,0.013058,True
2017-05-01,UNH,buy_call,2.9729,2,0.1715,-2.8014,-0.056028,True
2017-05-01,UNP,buy_call,3.2317,2,-1.4827,-3.2317,-0.064634,True
2017-05-01,USB,buy_call,2.7389,2,-0.7605,-2.7389,-0.054778,True
2017-05-01,V,buy_call,2.5501,2,4.396,1.8459,0.036918,True
2017-05-01,VZ,skip,0.0,0,2.8022,0.0,0.0,True
2017-05-01,WFC,buy_call,3.4824,2,-5.0149,-3.4824,-0.069648,True
2017-05-01,WMT,buy_call,2.4474,2,4.5491,2.1017,0.042034,True
2017-05-01,XOM,skip,0.0,0,-1.4085,0.0,0.0,True
2017-06-01,AAPL,buy_call,3.1456,2,-5.3322,-3.1456,-0.062912,True
2017-06-01,ABBV,buy_call,2.8264,2,9.8304,7.004,0.14008,True
2017-06-01,ABT,buy_call,2.4594,2,6.4608,4.0014,0.080028,True
2017-06-01,ADBE,buy_call,2.8745,2,-0.2961,-2.8745,-0.05749,True
2017-06-01,ADP,buy_call,3.0196,2,0.0879,-2.9317,-0.058634,True
2017-06-01,AMAT,buy_call,4.1737,2,-9.759,-4.1737,-0.083474,True
2017-06-01,AMGN,buy_call,2.8264,2,11.7464,8.92,0.1784,True
2017-06-01,AMT,buy_call,3.0196,2,0.8614,-2.1582,-0.043164,True
2017-06-01,AMZN,buy_call,3.8265,2,-2.6764,-3.8265,-0.07653,True
2017-06-01,AVGO,buy_call,4.1737,2,-2.685,-4.1737,-0.083474,True
2017-06-01,AXP,buy_call,2.7116,2,9.4879,6.7763,0.135526,True
2017-06-01,BA,buy_call,3.0,2,6.2004,3.2004,0.064008,True
2017-06-01,BAC,buy_call,3.1976,2,8.6108,5.4132,0.108264,True
2017-06-01,BDX,buy_call,2.4594,2,3.1073,0.6479,0.012958,True
2017-06-01,BLK,buy_call,2.7389,2,3.2182,0.4793,0.009586,True
2017-06-01,BMY,skip,0.0,0,3.2808,0.0,0.0,True
2017-06-01,BRK-B,buy_call,1.809,2,2.4746,0.6656,0.013312,True
2017-06-01,C,buy_call,3.0,2,10.4724,7.4724,0.149448,True
2017-06-01,CAT,buy_call,3.2317,2,1.9254,-1.3063,-0.026126,True
2017-06-01,CHTR,buy_call,3.1005,2,-2.5177,-3.1005,-0.06201,True
2017-06-01,CL,buy_call,2.0993,2,-2.9204,-2.0993,-0.041986,True
2017-06-01,CMCSA,buy_call,3.1005,2,-6.6443,-3.1005,-0.06201,True
2017-06-01,COST,buy_call,2.5784,2,-7.5116,-2.5784,-0.051568,True
2017-06-01,CRM,buy_call,3.8947,2,-3.3913,-3.8947,-0.077894,True
2017-06-01,CSCO,buy_call,3.0196,2,-0.7295,-3.0196,-0.060392,True
2017-06-01,CTSH,buy_call,3.0196,2,-0.5309,-3.0196,-0.060392,True
2017-06-01,CVS,buy_call,2.9729,2,4.7247,1.7518,0.035036,True
2017-06-01,CVX,skip,0.0,0,1.847,0.0,0.0,True
2017-06-01,DHR,buy_call,2.4594,2,-0.6475,-2.4594,-0.049188,True
2017-06-01,DIS,buy_call,3.3259,2,-1.5657,-3.3259,-0.066518,True
2017-06-01,DUK,buy_call,1.9747,2,-1.4253,-1.9747,-0.039494,True
2017-06-01,ELV,buy_call,2.9729,2,3.1697,0.1968,0.003936,True
2017-06-01,EOG,skip,0.0,0,0.2326,0.0,0.0,True
2017-06-01,EQIX,buy_call,3.0196,2,-2.2288,-3.0196,-0.060392,True
2017-06-01,FDX,buy_call,3.0196,2,12.1182,9.0986,0.181972,True
2017-06-01,GE,skip,0.0,0,-1.3514,0.0,0.0,True
2017-06-01,GILD,skip,0.0,0,9.0769,0.0,0.0,True
2017-06-01,GM,buy_call,3.2317,2,2.9473,-0.2845,-0.00569,True
2017-06-01,GOOGL,buy_call,3.4858,2,-5.8161,-3.4858,-0.069716,True
2017-06-01,GS,skip,0.0,0,5.3901,0.0,0.0,True
2017-06-01,HD,buy_call,2.7959,2,0.5058,-2.2901,-0.045802,True
2017-06-01,HON,buy_call,3.0196,2,0.733,-2.2865,-0.04573,True
2017-06-01,IBM,skip,0.0,0,1.7708,0.0,0.0,True
2017-06-01,INTC,buy_call,4.1737,2,-5.8682,-4.1737,-0.083474,True
2017-06-01,ISRG,buy_call,2.4594,2,2.262,-0.1974,-0.003948,True
2017-06-01,ITW,buy_call,3.0196,2,1.4375,-1.5821,-0.031642,True
2017-06-01,JNJ,buy_call,2.057,2,3.8341,1.7771,0.035542,True
2017-06-01,JPM,buy_call,2.7389,2,11.2599,8.521,0.17042,True
2017-06-01,KO,buy_call,1.9747,2,-1.3635,-1.9747,-0.039494,True
2017-06-01,LLY,buy_call,3.5202,2,4.0988,0.5786,0.011572,True
2017-06-01,LMT,buy_call,3.2317,2,-0.6144,-3.2317,-0.064634,True
2017-06-01,LOW,buy_call,2.7959,2,-1.5742,-2.7959,-0.055918,True
2017-06-01,MA,buy_call,2.7116,2,-1.1637,-2.7116,-0.054232,True
2017-06-01,MCD,buy_call,1.9747,2,1.5044,-0.4703,-0.009406,True
2017-06-01,MDLZ,buy_call,2.2339,2,-7.2977,-2.2339,-0.044678,True
2017-06-01,MDT,buy_call,2.4594,2,5.3037,2.8443,0.056886,True
2017-06-01,MET,skip,0.0,0,9.4388,0.0,0.0,True
2017-06-01,META,buy_call,4.3383,2,-0.3169,-4.3383,-0.086766,True
2017-06-01,MMM,buy_call,3.0196,2,2.4274,-0.5921,-0.011842,True
2017-06-01,MO,buy_call,2.2339,2,-1.2858,-2.2339,-0.044678,True
2017-06-01,MRK,buy_call,2.7192,2,-1.5666,-2.7192,-0.054384,True
2017-06-01,MS,buy_call,2.7389,2,6.7561,4.0172,0.080344,True
2017-06-01,MSFT,buy_call,2.8745,2,-0.7373,-2.8745,-0.05749,True
2017-06-01,NEE,buy_call,1.9747,2,-0.2263,-1.9747,-0.039494,True
2017-06-01,NFLX,buy_call,4.4729,2,-8.3768,-4.4729,-0.089458,True
2017-06-01,NKE,buy_call,3.5085,2,11.3418,7.8332,0.156664,True
2017-06-01,NVDA,buy_call,5.3919,2,0.251,-5.1409,-0.102818,True
2017-06-01,ORCL,buy_call,3.5955,2,10.4648,6.8694,0.137388,True
2017-06-01,PEP,buy_call,2.2339,2,-0.5021,-2.2339,-0.044678,True
2017-06-01,PFE,buy_call,2.8264,2,3.8748,1.0484,0.020968,True
2017-06-01,PG,buy_call,2.0993,2,-1.0671,-2.0993,-0.041986,True
2017-06-01,PM,buy_call,2.2339,2,-1.9616,-2.2339,-0.044678,True
2017-06-01,PYPL,buy_call,2.7116,2,2.7964,0.0848,0.001696,True
2017-06-01,QCOM,skip,0.0,0,-2.63,0.0,0.0,True
2017-06-01,SBUX,buy_call,1.9747,2,-7.9544,-1.9747,-0.039494,True
2017-06-01,SCHW,buy_call,2.7389,2,11.0839,8.345,0.1669,True
2017-06-01,SLB,skip,0.0,0,-4.7089,0.0,0.0,True
2017-06-01,SO,buy_call,1.9747,2,-4.2809,-1.9747,-0.039494,True
2017-06-01,SPG,skip,0.0,0,6.0471,0.0,0.0,True
2017-06-01,SYK,buy_call,2.4594,2,-2.9239,-2.4594,-0.049188,True
2017-06-01,T,buy_call,3.1005,2,-2.0763,-3.1005,-0.06201,True
2017-06-01,TGT,skip,0.0,0,-4.1553,0.0,0.0,True
2017-06-01,TMO,buy_call,2.8279,2,0.9723,-1.8556,-0.037112,True
2017-06-01,TMUS,buy_call,3.1005,2,-10.086,-3.1005,-0.06201,True
2017-06-01,TXN,buy_call,4.1737,2,-6.7402,-4.1737,-0.083474,True
2017-06-01,UNH,buy_call,2.9729,2,5.8454,2.8726,0.057452,True
2017-06-01,UNP,buy_call,3.2317,2,-0.7126,-3.2317,-0.064634,True
2017-06-01,USB,buy_call,2.7389,2,2.024,-0.7149,-0.014298,True
2017-06-01,V,buy_call,2.5501,2,-1.3479,-2.5501,-0.051002,True
2017-06-01,VZ,skip,0.0,0,-4.2453,0.0,0.0,True
2017-06-01,WFC,skip,0.0,0,9.1098,0.0,0.0,True
2017-06-01,WMT,buy_call,2.4474,2,-3.0707,-2.4474,-0.048948,True
2017-06-01,XOM,skip,0.0,0,1.2328,0.0,0.0,True
2017-07-01,AAPL,buy_call,3.1456,2,3.2704,0.1248,0.002496,True
2017-07-01,ABBV,buy_call,2.8264,2,-3.5857,-2.8264,-0.056528,True
2017-07-01,ABT,buy_call,2.4594,2,1.1726,-1.2867,-0.025734,True
2017-07-01,ADBE,buy_call,2.8745,2,3.5704,0.696,0.01392,True
2017-07-01,ADP,buy_call,3.0196,2,16.7124,13.6928,0.273856,True
2017-07-01,AMAT,buy_call,4.1737,2,7.2622,3.0885,0.06177,True
2017-07-01,AMGN,buy_call,2.8264,2,1.3238,-1.5026,-0.030052,True
2017-07-01,AMT,buy_call,3.0196,2,3.5383,0.5187,0.010374,True
2017-07-01,AMZN,buy_call,3.8265,2,2.0434,-1.7831,-0.035662,True
2017-07-01,AVGO,buy_call,4.1737,2,6.2907,2.117,0.04234,True
2017-07-01,AXP,buy_call,2.7116,2,1.1752,-1.5364,-0.030728,True
2017-07-01,BA,buy_call,3.0,2,22.6094,19.6094,0.392188,True
2017-07-01,BAC,buy_call,3.1976,2,-0.5771,-3.1976,-0.063952,True
2017-07-01,BDX,buy_call,2.4594,2,3.618,1.1586,0.023172,True
2017-07-01,BLK,buy_call,2.7389,2,1.596,-1.1429,-0.022858,True
2017-07-01,BMY,skip,0.0,0,2.1177,0.0,0.0,True
2017-07-01,BRK-B,buy_call,1.809,2,3.3064,1.4974,0.029948,True
2017-07-01,C,buy_call,3.0,2,2.3474,-0.6526,-0.013052,True
2017-07-01,CAT,buy_call,3.2317,2,6.0395,2.8077,0.056154,True
2017-07-01,CHTR,buy_call,3.1005,2,16.3634,13.2628,0.265256,True
2017-07-01,CL,buy_call,2.0993,2,-2.6035,-2.0993,-0.041986,True
2017-07-01,CMCSA,buy_call,3.1005,2,4.3553,1.2548,0.025096,True
2017-07-01,COST,buy_call,2.5784,2,-0.8879,-2.5784,-0.051568,True
2017-07-01,CRM,buy_call,3.8947,2,4.8499,0.9552,0.019104,True
2017-07-01,CSCO,buy_call,3.0196,2,0.4792,-2.5403,-0.050806,True
2017-07-01,CTSH,buy_call,3.0196,2,4.3976,1.378,0.02756,True
2017-07-01,CVS,buy_call,2.9729,2,-0.6587,-2.9729,-0.059458,True
2017-07-01,CVX,skip,0.0,0,4.6583,0.0,0.0,True
2017-07-01,DHR,buy_call,2.4594,2,-3.2764,-2.4594,-0.049188,True
2017-07-01,DIS,buy_call,3.3259,2,3.4635,0.1377,0.002754,True
2017-07-01,DUK,buy_call,1.9747,2,1.8304,-0.1444,-0.002888,True
2017-07-01,ELV,buy_call,2.9729,2,-0.6765,-2.9729,-0.059458,True
2017-07-01,EOG,skip,0.0,0,5.1039,0.0,0.0,True
2017-07-01,EQIX,buy_call,3.0196,2,5.0261,2.0065,0.04013,True
2017-07-01,FDX,buy_call,3.0196,2,-4.0518,-3.0196,-0.060392,True
2017-07-01,GE,skip,0.0,0,-4.3834,0.0,0.0,True
2017-07-01,GILD,buy_call,2.8264,2,8.3671,5.5407,0.110814,True
2017-07-01,GM,buy_call,3.2317,2,4.1555,0.9238,0.018476,True
2017-07-01,GOOGL,buy_call,3.4858,2,1.7017,-1.7842,-0.035684,True
2017-07-01,GS,skip,0.0,0,1.5457,0.0,0.0,True
2017-07-01,HD,buy_call,2.7959,2,-2.4772,-2.7959,-0.055918,True
2017-07-01,HON,buy_call,3.0196,2,2.1232,-0.8964,-0.017928,True
2017-07-01,IBM,skip,0.0,0,-5.9546,0.0,0.0,True
2017-07-01,INTC,skip,0.0,0,5.1274,0.0,0.0,True
2017-07-01,ISRG,buy_call,2.4594,2,0.309,-2.1504,-0.043008,True
2017-07-01,ITW,buy_call,3.0196,2,-1.3223,-3.0196,-0.060392,True
2017-07-01,JNJ,buy_call,2.057,2,0.3251,-1.7319,-0.034638,True
2017-07-01,JPM,buy_call,2.7389,2,0.4377,-2.3012,-0.046024,True
2017-07-01,KO,buy_call,1.9747,2,3.0485,1.0737,0.021474,True
2017-07-01,LLY,buy_call,3.5202,2,0.4375,-3.0827,-0.061654,True
2017-07-01,LMT,buy_call,3.2317,2,5.2304,1.9987,0.039974,True
2017-07-01,LOW,buy_call,2.7959,2,-0.1677,-2.7959,-0.055918,True
2017-07-01,MA,buy_call,2.7116,2,5.2285,2.5168,0.050336,True
2017-07-01,MCD,buy_call,1.9747,2,1.9277,-0.047,-0.00094,True
2017-07-01,MDLZ,skip,0.0,0,2.3641,0.0,0.0,True
2017-07-01,MDT,buy_call,2.4594,2,-5.3859,-2.4594,-0.049188,True
2017-07-01,MET,buy_call,2.7389,2,0.1092,-2.6297,-0.052594,True
2017-07-01,META,buy_call,4.3383,2,12.1009,7.7627,0.155254,True
2017-07-01,MMM,buy_call,3.0196,2,-3.3719,-3.0196,-0.060392,True
2017-07-01,MO,buy_call,2.2339,2,-12.0452,-2.2339,-0.044678,True
2017-07-01,MRK,buy_call,2.7192,2,0.4052,-2.314,-0.04628,True
2017-07-01,MS,buy_call,2.7389,2,5.2513,2.5124,0.050248,True
2017-07-01,MSFT,buy_call,2.8745,2,5.4693,2.5949,0.051898,True
2017-07-01,NEE,buy_call,1.9747,2,4.2532,2.2784,0.045568,True
2017-07-01,NFLX,buy_call,4.4729,2,21.5849,17.112,0.34224,True
2017-07-01,NKE,buy_call,3.5085,2,0.4258,-3.0827,-0.061654,True
2017-07-01,NVDA,buy_call,5.3919,2,12.417,7.0251,0.140502,True
2017-07-01,ORCL,buy_call,3.5955,2,-0.4189,-3.5955,-0.07191,True
2017-07-01,PEP,buy_call,2.2339,2,0.9698,-1.2641,-0.025282,True
2017-07-01,PFE,buy_call,2.8264,2,-1.2802,-2.8264,-0.056528,True
2017-07-01,PG,buy_call,2.0993,2,4.2111,2.1118,0.042236,True
2017-07-01,PM,buy_call,2.2339,2,0.2236,-2.0104,-0.040208,True
2017-07-01,PYPL,buy_call,2.7116,2,9.0926,6.381,0.12762,True
2017-07-01,QCOM,skip,0.0,0,-3.6762,0.0,0.0,True
2017-07-01,SBUX,buy_call,1.9747,2,-7.4258,-1.9747,-0.039494,True
2017-07-01,SCHW,buy_call,2.7389,2,-0.1397,-2.7389,-0.054778,True
2017-07-01,SLB,skip,0.0,0,4.192,0.0,0.0,True
2017-07-01,SO,skip,0.0,0,0.1044,0.0,0.0,True
2017-07-01,SPG,skip,0.0,0,-2.0153,0.0,0.0,True
2017-07-01,SYK,buy_call,2.4594,2,6.3188,3.8594,0.077188,True
2017-07-01,T,skip,0.0,0,3.3661,0.0,0.0,True
2017-07-01,TGT,skip,0.0,0,8.3764,0.0,0.0,True
2017-07-01,TMO,buy_call,2.8279,2,0.6947,-2.1332,-0.042664,True
2017-07-01,TMUS,buy_call,3.1005,2,1.7156,-1.3849,-0.027698,True
2017-07-01,TXN,buy_call,4.1737,2,5.7845,1.6108,0.032216,True
2017-07-01,UNH,buy_call,2.9729,2,3.8734,0.9005,0.01801,True
2017-07-01,UNP,buy_call,3.2317,2,-5.4632,-3.2317,-0.064634,True
2017-07-01,USB,buy_call,2.7389,2,2.2129,-0.5259,-0.010518,True
2017-07-01,V,buy_call,2.5501,2,6.1633,3.6133,0.072266,True
2017-07-01,VZ,skip,0.0,0,8.3744,0.0,0.0,True
2017-07-01,WFC,buy_call,3.4824,2,-2.6529,-3.4824,-0.069648,True
2017-07-01,WMT,buy_call,2.4474,2,5.695,3.2476,0.064952,True
2017-07-01,XOM,skip,0.0,0,-0.8547,0.0,0.0,True
2017-08-01,AAPL,buy_call,3.1456,2,10.2669,7.1214,0.142428,True
2017-08-01,ABBV,buy_call,2.8264,2,8.6781,5.8517,0.117034,True
2017-08-01,ABT,buy_call,2.4594,2,4.1519,1.6925,0.03385,True
2017-08-01,ADBE,buy_call,2.8745,2,5.9185,3.044,0.06088,True
2017-08-01,ADP,buy_call,3.0196,2,-10.4617,-3.0196,-0.060392,True
2017-08-01,AMAT,buy_call,4.1737,2,1.828,-2.3457,-0.046914,True
2017-08-01,AMGN,buy_call,2.8264,2,1.8681,-0.9583,-0.019166,True
2017-08-01,AMT,buy_call,3.0196,2,8.5968,5.5772,0.111544,True
2017-08-01,AMZN,buy_call,3.8265,2,-0.7269,-3.8265,-0.07653,True
2017-08-01,AVGO,buy_call,4.1737,2,2.1933,-1.9804,-0.039608,True
2017-08-01,AXP,buy_call,2.7116,2,1.4021,-1.3096,-0.026192,True
2017-08-01,BA,buy_call,3.0,2,-1.1548,-3.0,-0.06,True
2017-08-01,BAC,buy_call,3.1976,2,-0.9536,-3.1976,-0.063952,True
2017-08-01,BDX,buy_call,2.4594,2,-0.9732,-2.4594,-0.049188,True
2017-08-01,BLK,buy_call,2.7389,2,-1.7631,-2.7389,-0.054778,True
2017-08-01,BMY,buy_call,2.8264,2,7.0336,4.2072,0.084144,True
2017-08-01,BRK-B,buy_call,1.809,2,3.5378,1.7288,0.034576,True
2017-08-01,C,buy_call,3.0,2,-0.6136,-3.0,-0.06,True
2017-08-01,CAT,buy_call,3.2317,2,3.8509,0.6191,0.012382,True
2017-08-01,CHTR,buy_call,3.1005,2,1.6762,-1.4244,-0.028488,True
2017-08-01,CL,buy_call,2.0993,2,-0.2231,-2.0993,-0.041986,True
2017-08-01,CMCSA,buy_call,3.1005,2,0.3955,-2.705,-0.0541,True
2017-08-01,COST,buy_call,2.5784,2,-1.1167,-2.5784,-0.051568,True
2017-08-01,CRM,buy_call,3.8947,2,5.1652,1.2705,0.02541,True
2017-08-01,CSCO,buy_call,3.0196,2,3.3734,0.3538,0.007076,True
2017-08-01,CTSH,buy_call,3.0196,2,2.0918,-0.9278,-0.018556,True
2017-08-01,CVS,buy_call,2.9729,2,-2.6111,-2.9729,-0.059458,True
2017-08-01,CVX,buy_call,3.0632,2,-1.4378,-3.0632,-0.061264,True
2017-08-01,DHR,skip,0.0,0,2.3684,0.0,0.0,True
2017-08-01,DIS,skip,0.0,0,-7.2566,0.0,0.0,True
2017-08-01,DUK,buy_call,1.9747,2,2.5611,0.5863,0.011726,True
2017-08-01,ELV,buy_call,2.9729,2,5.279,2.3061,0.046122,True
2017-08-01,EOG,skip,0.0,0,-10.5025,0.0,0.0,True
2017-08-01,EQIX,buy_call,3.0196,2,3.9225,0.903,0.01806,True
2017-08-01,FDX,buy_call,3.0196,2,3.0524,0.0329,0.000658,True
2017-08-01,GE,skip,0.0,0,-4.139,0.0,0.0,True
2017-08-01,GILD,buy_call,2.8264,2,10.0144,7.188,0.14376,True
2017-08-01,GM,buy_call,3.2317,2,1.5564,-1.6753,-0.033506,True
2017-08-01,GOOGL,buy_call,3.4858,2,1.0301,-2.4557,-0.049114,True
2017-08-01,GS,skip,0.0,0,-0.7056,0.0,0.0,True
2017-08-01,HD,buy_call,2.7959,2,0.1804,-2.6155,-0.05231,True
2017-08-01,HON,buy_call,3.0196,2,1.5795,-1.4401,-0.028802,True
2017-08-01,IBM,skip,0.0,0,-1.1336,0.0,0.0,True
2017-08-01,INTC,skip,0.0,0,-1.1277,0.0,0.0,True
2017-08-01,ISRG,buy_call,2.4594,2,7.078,4.6186,0.092372,True
2017-08-01,ITW,buy_call,3.0196,2,-2.2742,-3.0196,-0.060392,True
2017-08-01,JNJ,buy_call,2.057,2,-0.2637,-2.057,-0.04114,True
2017-08-01,JPM,buy_call,2.7389,2,-0.4467,-2.7389,-0.054778,True
2017-08-01,KO,buy_call,1.9747,2,-0.6326,-1.9747,-0.039494,True
2017-08-01,LLY,buy_call,3.5202,2,-1.6574,-3.5202,-0.070404,True
2017-08-01,LMT,buy_call,3.2317,2,4.5391,1.3073,0.026146,True
2017-08-01,LOW,buy_call,2.7959,2,-4.0019,-2.7959,-0.055918,True
2017-08-01,MA,buy_call,2.7116,2,4.494,1.7823,0.035646,True
2017-08-01,MCD,buy_call,1.9747,2,3.1133,1.1386,0.022772,True
2017-08-01,MDLZ,buy_call,2.2339,2,-7.6329,-2.2339,-0.044678,True
2017-08-01,MDT,buy_call,2.4594,2,-3.4897,-2.4594,-0.049188,True
2017-08-01,MET,buy_call,2.7389,2,-4.4668,-2.7389,-0.054778,True
2017-08-01,META,buy_call,4.3383,2,1.6071,-2.7312,-0.054624,True
2017-08-01,MMM,buy_call,3.0196,2,1.5658,-1.4538,-0.029076,True
2017-08-01,MO,skip,0.0,0,-2.4165,0.0,0.0,True
2017-08-01,MRK,buy_call,2.7192,2,-0.0313,-2.7192,-0.054384,True
2017-08-01,MS,buy_call,2.7389,2,-2.4686,-2.7389,-0.054778,True
2017-08-01,MSFT,buy_call,2.8745,2,2.8473,-0.0271,-0.000542,True
2017-08-01,NEE,buy_call,1.9747,2,3.0255,1.0507,0.021014,True
2017-08-01,NFLX,buy_call,4.4729,2,-3.8258,-4.4729,-0.089458,True
2017-08-01,NKE,buy_call,3.5085,2,-10.5673,-3.5085,-0.07017,True
2017-08-01,NVDA,buy_call,5.3919,2,4.2644,-1.1275,-0.02255,True
2017-08-01,ORCL,buy_call,3.5955,2,1.1814,-2.4141,-0.048282,True
2017-08-01,PEP,buy_call,2.2339,2,-0.7546,-2.2339,-0.044678,True
2017-08-01,PFE,buy_call,2.8264,2,2.2919,-0.5345,-0.01069,True
2017-08-01,PG,buy_call,2.0993,2,2.3936,0.2943,0.005886,True
2017-08-01,PM,buy_call,2.2339,2,0.1885,-2.0455,-0.04091,True
2017-08-01,PYPL,buy_call,2.7116,2,5.3459,2.6342,0.052684,True
2017-08-01,QCOM,buy_call,4.254,2,-1.7296,-4.254,-0.08508,True
2017-08-01,SBUX,skip,0.0,0,1.6303,0.0,0.0,True
2017-08-01,SCHW,buy_call,2.7389,2,-6.993,-2.7389,-0.054778,True
2017-08-01,SLB,skip,0.0,0,-7.4198,0.0,0.0,True
2017-08-01,SO,skip,0.0,0,0.6885,0.0,0.0,True
2017-08-01,SPG,skip,0.0,0,-1.0411,0.0,0.0,True
2017-08-01,SYK,buy_call,2.4594,2,-3.8953,-2.4594,-0.049188,True
2017-08-01,T,skip,0.0,0,-2.2857,0.0,0.0,True
2017-08-01,TGT,skip,0.0,0,-3.7763,0.0,0.0,True
2017-08-01,TMO,buy_call,2.8279,2,6.6143,3.7864,0.075728,True
2017-08-01,TMUS,skip,0.0,0,4.9465,0.0,0.0,True
2017-08-01,TXN,buy_call,4.1737,2,2.3898,-1.7839,-0.035678,True
2017-08-01,UNH,buy_call,2.9729,2,3.6964,0.7235,0.01447,True
2017-08-01,UNP,skip,0.0,0,2.2727,0.0,0.0,True
2017-08-01,USB,buy_call,2.7389,2,-2.8988,-2.7389,-0.054778,True
2017-08-01,V,buy_call,2.5501,2,3.9775,1.4274,0.028548,True
2017-08-01,VZ,buy_call,3.1005,2,0.4114,-2.6891,-0.053782,True
2017-08-01,WFC,skip,0.0,0,-5.3207,0.0,0.0,True
2017-08-01,WMT,buy_call,2.4474,2,-2.4003,-2.4474,-0.048948,True
2017-08-01,XOM,skip,0.0,0,-4.6352,0.0,0.0,True
2017-09-01,AAPL,buy_call,3.1456,4,-5.6553,-3.1456,-0.125824,True
2017-09-01,ABBV,buy_call,2.8264,4,18.008,15.1816,0.607264,True
2017-09-01,ABT,buy_call,2.4594,4,4.7507,2.2913,0.091652,True
2017-09-01,ADBE,buy_call,2.8745,4,-3.8541,-2.8745,-0.11498,True
2017-09-01,ADP,buy_call,3.0196,4,2.6768,-0.3428,-0.013712,True
2017-09-01,AMAT,buy_call,4.1737,4,15.7149,11.5412,0.461648,True
2017-09-01,AMGN,buy_call,2.8264,4,5.5901,2.7636,0.110544,True
2017-09-01,AMT,buy_call,3.0196,4,-7.6798,-3.0196,-0.120784,True
2017-09-01,AMZN,buy_call,3.8265,4,-1.9631,-3.8265,-0.15306,True
2017-09-01,AVGO,buy_call,4.1737,4,-3.7807,-4.1737,-0.166948,True
2017-09-01,AXP,buy_call,2.7116,4,5.0639,2.3522,0.094088,True
2017-09-01,BA,buy_call,3.0,4,6.7037,3.7037,0.148148,True
2017-09-01,BAC,skip,0.0,0,6.6121,0.0,0.0,True
2017-09-01,BDX,buy_call,2.4594,4,-1.7499,-2.4594,-0.098376,True
2017-09-01,BLK,buy_call,2.7389,4,7.3463,4.6074,0.184296,True
2017-09-01,BMY,buy_call,2.8264,4,5.3902,2.5638,0.102552,True
2017-09-01,BRK-B,buy_call,1.809,4,1.1923,-0.6167,-0.024668,True
2017-09-01,C,buy_call,3.0,4,7.4186,4.4186,0.176744,True
2017-09-01,CAT,buy_call,3.2317,4,6.1452,2.9135,0.11654,True
2017-09-01,CHTR,buy_call,3.1005,4,-8.8122,-3.1005,-0.12402,True
2017-09-01,CL,skip,0.0,0,1.689,0.0,0.0,True
2017-09-01,CMCSA,buy_call,3.1005,4,-5.245,-3.1005,-0.12402,True
2017-09-01,COST,skip,0.0,0,5.152,0.0,0.0,True
2017-09-01,CRM,buy_call,3.8947,4,-2.1678,-3.8947,-0.155788,True
2017-09-01,CSCO,skip,0.0,0,4.4086,0.0,0.0,True
2017-09-01,CTSH,buy_call,3.0196,4,2.72,-0.2996,-0.011984,True
2017-09-01,CVS,skip,0.0,0,5.1461,0.0,0.0,True
2017-09-01,CVX,skip,0.0,0,10.2774,0.0,0.0,True
2017-09-01,DHR,skip,0.0,0,2.829,0.0,0.0,True
2017-09-01,DIS,skip,0.0,0,-2.5988,0.0,0.0,True
2017-09-01,DUK,buy_call,1.9747,4,-2.8769,-1.9747,-0.078988,True
2017-09-01,ELV,buy_call,2.9729,4,-3.1422,-2.9729,-0.118916,True
2017-09-01,EOG,skip,0.0,0,13.8252,0.0,0.0,True
2017-09-01,EQIX,buy_call,3.0196,4,-4.2949,-3.0196,-0.120784,True
2017-09-01,FDX,buy_call,3.0196,4,5.2244,2.2048,0.088192,True
2017-09-01,GE,skip,0.0,0,-1.5071,0.0,0.0,True
2017-09-01,GILD,buy_call,2.8264,4,-3.2135,-2.8264,-0.113056,True
2017-09-01,GM,buy_call,3.2317,4,10.509,7.2773,0.291092,True
2017-09-01,GOOGL,buy_call,3.4858,4,1.9346,-1.5512,-0.062048,True
2017-09-01,GS,skip,0.0,0,6.3735,0.0,0.0,True
2017-09-01,HD,buy_call,2.7959,4,9.7799,6.984,0.27936,True
2017-09-01,HON,buy_call,3.0196,4,3.0081,-0.0115,-0.00046,True
2017-09-01,IBM,skip,0.0,0,2.505,0.0,0.0,True
2017-09-01,INTC,skip,0.0,0,9.3979,0.0,0.0,True
2017-09-01,ISRG,buy_call,2.4594,4,4.1018,1.6424,0.065696,True
2017-09-01,ITW,buy_call,3.0196,4,7.5995,4.5799,0.183196,True
2017-09-01,JNJ,buy_call,2.057,4,-1.1581,-2.057,-0.08228,True
2017-09-01,JPM,buy_call,2.7389,4,5.0831,2.3442,0.093768,True
2017-09-01,KO,buy_call,1.9747,4,-1.1855,-1.9747,-0.078988,True
2017-09-01,LLY,skip,0.0,0,5.8994,0.0,0.0,True
2017-09-01,LMT,buy_call,3.2317,4,2.2082,-1.0236,-0.040944,True
2017-09-01,LOW,buy_call,2.7959,4,8.1878,5.3919,0.215676,True
2017-09-01,MA,buy_call,2.7116,4,5.9264,3.2148,0.128592,True
2017-09-01,MCD,buy_call,1.9747,4,-1.4755,-1.9747,-0.078988,True
2017-09-01,MDLZ,skip,0.0,0,0.0,0.0,0.0,True
2017-09-01,MDT,buy_call,2.4594,4,-3.5351,-2.4594,-0.098376,True
2017-09-01,MET,buy_call,2.7389,4,11.7387,8.9998,0.359992,True
2017-09-01,META,buy_call,4.3383,4,-0.6397,-4.3383,-0.173532,True
2017-09-01,MMM,buy_call,3.0196,4,3.3219,0.3023,0.012092,True
2017-09-01,MO,skip,0.0,0,0.0315,0.0,0.0,True
2017-09-01,MRK,skip,0.0,0,0.2662,0.0,0.0,True
2017-09-01,MS,buy_call,2.7389,4,5.8682,3.1293,0.125172,True
2017-09-01,MSFT,buy_call,2.8745,4,0.1563,-2.7182,-0.108728,True
2017-09-01,NEE,buy_call,1.9747,4,-1.9924,-1.9747,-0.078988,True
2017-09-01,NFLX,buy_call,4.4729,4,3.8006,-0.6723,-0.026892,True
2017-09-01,NKE,skip,0.0,0,-1.4805,0.0,0.0,True
2017-09-01,NVDA,buy_call,5.3919,4,5.5992,0.2074,0.008296,True
2017-09-01,ORCL,buy_call,3.5955,4,-3.934,-3.5955,-0.14382,True
2017-09-01,PEP,buy_call,2.2339,4,-3.0418,-2.2339,-0.089356,True
2017-09-01,PFE,buy_call,2.8264,4,6.2757,3.4493,0.137972,True
2017-09-01,PG,buy_call,2.0993,4,-1.3981,-2.0993,-0.083972,True
2017-09-01,PM,buy_call,2.2339,4,-5.0629,-2.2339,-0.089356,True
2017-09-01,PYPL,buy_call,2.7116,4,3.81,1.0983,0.043932,True
2017-09-01,QCOM,skip,0.0,0,0.2759,0.0,0.0,True
2017-09-01,SBUX,skip,0.0,0,-1.6543,0.0,0.0,True
2017-09-01,SCHW,skip,0.0,0,9.8297,0.0,0.0,True
2017-09-01,SLB,skip,0.0,0,9.841,0.0,0.0,True
2017-09-01,SO,skip,0.0,0,3.0434,0.0,0.0,True
2017-09-01,SPG,skip,0.0,0,3.8177,0.0,0.0,True
2017-09-01,SYK,buy_call,2.4594,4,0.4598,-1.9996,-0.079984,True
2017-09-01,T,skip,0.0,0,4.5648,0.0,0.0,True
2017-09-01,TGT,skip,0.0,0,9.4349,0.0,0.0,True
2017-09-01,TMO,buy_call,2.8279,4,1.1008,-1.7271,-0.069084,True
2017-09-01,TMUS,buy_call,3.1005,4,-4.7133,-3.1005,-0.12402,True
2017-09-01,TXN,buy_call,4.1737,4,8.2348,4.0611,0.162444,True
2017-09-01,UNH,buy_call,2.9729,4,-1.5334,-2.9729,-0.118916,True
2017-09-01,UNP,skip,0.0,0,10.774,0.0,0.0,True
2017-09-01,USB,skip,0.0,0,4.5659,0.0,0.0,True
2017-09-01,V,buy_call,2.5501,4,1.8252,-0.7248,-0.028992,True
2017-09-01,VZ,skip,0.0,0,3.1686,0.0,0.0,True
2017-09-01,WFC,skip,0.0,0,8.7735,0.0,0.0,True
2017-09-01,WMT,buy_call,2.4474,4,0.7192,-1.7282,-0.069128,True
2017-09-01,XOM,skip,0.0,0,8.4431,0.0,0.0,True
2017-10-01,AAPL,buy_call,3.1456,2,9.6808,6.5352,0.130704,True
2017-10-01,ABBV,buy_call,2.8264,2,1.5642,-1.2622,-0.025244,True
2017-10-01,ABT,buy_call,2.4594,2,1.6304,-0.829,-0.01658,True
2017-10-01,ADBE,buy_call,2.8745,2,17.4152,14.5407,0.290814,True
2017-10-01,ADP,buy_call,3.0196,2,6.9124,3.8928,0.077856,True
2017-10-01,AMAT,buy_call,4.1737,2,8.3317,4.1581,0.083162,True
2017-10-01,AMGN,buy_call,2.8264,2,-6.0231,-2.8264,-0.056528,True
2017-10-01,AMT,buy_call,3.0196,2,5.6316,2.612,0.05224,True
2017-10-01,AMZN,buy_call,3.8265,2,14.9717,11.1452,0.222904,True
2017-10-01,AVGO,buy_call,4.1737,2,9.2557,5.082,0.10164,True
2017-10-01,AXP,buy_call,2.7116,2,5.5936,2.882,0.05764,True
2017-10-01,BA,buy_call,3.0,2,1.483,-1.517,-0.03034,True
2017-10-01,BAC,buy_call,3.1976,2,8.09,4.8923,0.097846,True
2017-10-01,BDX,buy_call,2.4594,2,6.8831,4.4237,0.088474,True
2017-10-01,BLK,buy_call,2.7389,2,5.3099,2.571,0.05142,True
2017-10-01,BMY,buy_call,2.8264,2,-3.2633,-2.8264,-0.056528,True
2017-10-01,BRK-B,buy_call,1.809,2,1.9747,0.1657,0.003314,True
2017-10-01,C,buy_call,3.0,2,1.0448,-1.9552,-0.039104,True
2017-10-01,CAT,buy_call,3.2317,2,8.8926,5.6609,0.113218,True
2017-10-01,CHTR,buy_call,3.1005,2,-8.0485,-3.1005,-0.06201,True
2017-10-01,CL,buy_call,2.0993,2,-3.2944,-2.0993,-0.041986,True
2017-10-01,CMCSA,buy_call,3.1005,2,-6.3669,-3.1005,-0.06201,True
2017-10-01,COST,buy_call,2.5784,2,-1.9539,-2.5784,-0.051568,True
2017-10-01,CRM,buy_call,3.8947,2,9.5483,5.6535,0.11307,True
2017-10-01,CSCO,buy_call,3.0196,2,1.5462,-1.4734,-0.029468,True
2017-10-01,CTSH,buy_call,3.0196,2,4.3148,1.2952,0.025904,True
2017-10-01,CVS,buy_call,2.9729,2,-15.728,-2.9729,-0.059458,True
2017-10-01,CVX,buy_call,3.0632,2,-1.3702,-3.0632,-0.061264,True
2017-10-01,DHR,buy_call,2.4594,2,7.7423,5.283,0.10566,True
2017-10-01,DIS,skip,0.0,0,-0.771,0.0,0.0,True
2017-10-01,DUK,buy_call,1.9747,2,5.2312,3.2564,0.065128,True
2017-10-01,ELV,buy_call,2.9729,2,10.5798,7.607,0.15214,True
2017-10-01,EOG,skip,0.0,0,3.2355,0.0,0.0,True
2017-10-01,EQIX,buy_call,3.0196,2,3.8539,0.8344,0.016688,True
2017-10-01,FDX,buy_call,3.0196,2,0.3367,-2.6829,-0.053658,True
2017-10-01,GE,skip,0.0,0,-15.7922,0.0,0.0,True
2017-10-01,GILD,buy_call,2.8264,2,-6.9011,-2.8264,-0.056528,True
2017-10-01,GM,buy_call,3.2317,2,7.5235,4.2917,0.085834,True
2017-10-01,GOOGL,buy_call,3.4858,2,6.0921,2.6063,0.052126,True
2017-10-01,GS,buy_call,2.7389,2,2.2303,-0.5086,-0.010172,True
2017-10-01,HD,buy_call,2.7959,2,1.3573,-1.4386,-0.028772,True
2017-10-01,HON,buy_call,3.0196,2,1.7074,-1.3122,-0.026244,True
2017-10-01,IBM,skip,0.0,0,6.1897,0.0,0.0,True
2017-10-01,INTC,buy_call,4.1737,2,19.459,15.2853,0.305706,True
2017-10-01,ISRG,buy_call,2.4594,2,7.6682,5.2088,0.104176,True
2017-10-01,ITW,buy_call,3.0196,2,6.3467,3.3272,0.066544,True
2017-10-01,JNJ,buy_call,2.057,2,7.2302,5.1732,0.103464,True
2017-10-01,JPM,buy_call,2.7389,2,5.3397,2.6009,0.052018,True
2017-10-01,KO,buy_call,1.9747,2,2.968,0.9932,0.019864,True
2017-10-01,LLY,buy_call,3.5202,2,-4.2085,-3.5202,-0.070404,True
2017-10-01,LMT,buy_call,3.2317,2,-0.6864,-3.2317,-0.064634,True
2017-10-01,LOW,skip,0.0,0,0.0125,0.0,0.0,True
2017-10-01,MA,buy_call,2.7116,2,5.3612,2.6496,0.052992,True
2017-10-01,MCD,buy_call,1.9747,2,6.5292,4.5545,0.09109,True
2017-10-01,MDLZ,skip,0.0,0,2.4493,0.0,0.0,True
2017-10-01,MDT,skip,0.0,0,4.1516,0.0,0.0,True
2017-10-01,MET,buy_call,2.7389,2,3.1376,0.3988,0.007976,True
2017-10-01,META,buy_call,4.3383,2,5.3784,1.0401,0.020802,True
2017-10-01,MMM,buy_call,3.0196,2,9.6665,6.6469,0.132938,True
2017-10-01,MO,skip,0.0,0,2.342,0.0,0.0,True
2017-10-01,MRK,buy_call,2.7192,2,-13.3399,-2.7192,-0.054384,True
2017-10-01,MS,buy_call,2.7389,2,3.799,1.0601,0.021202,True
2017-10-01,MSFT,buy_call,2.8745,2,11.666,8.7915,0.17583,True
2017-10-01,NEE,buy_call,1.9747,2,5.8137,3.839,0.07678,True
2017-10-01,NFLX,buy_call,4.4729,2,8.3154,3.8425,0.07685,True
2017-10-01,NKE,skip,0.0,0,6.056,0.0,0.0,True
2017-10-01,NVDA,buy_call,5.3919,2,15.685,10.2931,0.205862,True
2017-10-01,ORCL,buy_call,3.5955,2,5.2741,1.6786,0.033572,True
2017-10-01,PEP,buy_call,2.2339,2,-1.0769,-2.2339,-0.044678,True
2017-10-01,PFE,buy_call,2.8264,2,-1.7927,-2.8264,-0.056528,True
2017-10-01,PG,buy_call,2.0993,2,-5.1,-2.0993,-0.041986,True
2017-10-01,PM,buy_call,2.2339,2,-4.8391,-2.2339,-0.044678,True
2017-10-01,PYPL,buy_call,2.7116,2,13.3219,10.6102,0.212204,True
2017-10-01,QCOM,skip,0.0,0,-1.6011,0.0,0.0,True
2017-10-01,SBUX,skip,0.0,0,2.1039,0.0,0.0,True
2017-10-01,SCHW,buy_call,2.7389,2,2.5149,-0.224,-0.00448,True
2017-10-01,SLB,skip,0.0,0,-7.5289,0.0,0.0,True
2017-10-01,SO,buy_call,1.9747,2,6.2271,4.2524,0.085048,True
2017-10-01,SPG,skip,0.0,0,-3.5277,0.0,0.0,True
2017-10-01,SYK,buy_call,2.4594,2,9.3778,6.9184,0.138368,True
2017-10-01,T,skip,0.0,0,-14.0924,0.0,0.0,True
2017-10-01,TGT,buy_call,2.4474,2,0.0508,-2.3966,-0.047932,True
2017-10-01,TMO,buy_call,2.8279,2,2.5275,-0.3004,-0.006008,True
2017-10-01,TMUS,skip,0.0,0,-3.0652,0.0,0.0,True
2017-10-01,TXN,buy_call,4.1737,2,7.8648,3.6911,0.073822,True
2017-10-01,UNH,buy_call,2.9729,2,7.7446,4.7717,0.095434,True
2017-10-01,UNP,buy_call,3.2317,2,-0.1552,-3.2317,-0.064634,True
2017-10-01,USB,buy_call,2.7389,2,2.0395,-0.6994,-0.013988,True
2017-10-01,V,buy_call,2.5501,2,4.504,1.9539,0.039078,True
2017-10-01,VZ,buy_call,3.1005,2,-3.2734,-3.1005,-0.06201,True
2017-10-01,WFC,buy_call,3.4824,2,1.7951,-1.6873,-0.033746,True
2017-10-01,WMT,buy_call,2.4474,2,11.7354,9.2879,0.185758,True
2017-10-01,XOM,buy_call,3.2317,2,1.6711,-1.5606,-0.031212,True
2017-11-01,AAPL,buy_call,3.1456,1,1.6623,-1.4832,-0.014832,False
2017-11-01,ABBV,buy_call,2.8264,1,8.1397,5.3133,0.053133,False
2017-11-01,ABT,buy_call,2.4594,1,4.4546,1.9952,0.019952,False
2017-11-01,ADBE,buy_call,2.8745,1,3.6024,0.728,0.00728,False
2017-11-01,ADP,buy_call,3.0196,1,-1.5483,-3.0196,-0.030196,False
2017-11-01,AMAT,buy_call,4.1737,1,-6.4859,-4.1737,-0.041737,False
2017-11-01,AMGN,buy_call,2.8264,1,0.2511,-2.5753,-0.025753,False
2017-11-01,AMT,buy_call,3.0196,1,0.181,-2.8386,-0.028386,False
2017-11-01,AMZN,buy_call,3.8265,1,6.4662,2.6398,0.026398,False
2017-11-01,AVGO,buy_call,4.1737,1,5.3162,1.1425,0.011425,False
2017-11-01,AXP,buy_call,2.7116,1,2.6876,-0.024,-0.00024,False
2017-11-01,BA,buy_call,3.0,1,7.2951,4.2951,0.042951,False
2017-11-01,BAC,buy_call,3.1976,1,2.8477,-0.3499,-0.003499,False
2017-11-01,BDX,buy_call,2.4594,1,9.3641,6.9047,0.069047,False
2017-11-01,BLK,buy_call,2.7389,1,6.4482,3.7093,0.037093,False
2017-11-01,BMY,buy_call,2.8264,1,3.1025,0.276,0.00276,False
2017-11-01,BRK-B,buy_call,1.809,1,3.247,1.438,0.01438,False
2017-11-01,C,buy_call,3.0,1,2.7211,-0.2789,-0.002789,False
2017-11-01,CAT,buy_call,3.2317,1,4.5596,1.3278,0.013278,False
2017-11-01,CHTR,skip,0.0,0,-2.382,0.0,0.0,False
2017-11-01,CL,skip,0.0,0,3.4044,0.0,0.0,False
2017-11-01,CMCSA,skip,0.0,0,4.6263,0.0,0.0,False
2017-11-01,COST,skip,0.0,0,14.4959,0.0,0.0,False
2017-11-01,CRM,buy_call,3.8947,1,1.9347,-1.96,-0.0196,False
2017-11-01,CSCO,buy_call,3.0196,1,10.1679,7.1483,0.071483,False
2017-11-01,CTSH,buy_call,3.0196,1,-4.48,-3.0196,-0.030196,False
2017-11-01,CVS,skip,0.0,0,12.5113,0.0,0.0,False
2017-11-01,CVX,buy_call,3.0632,1,2.6749,-0.3883,-0.003883,False
2017-11-01,DHR,buy_call,2.4594,1,2.2651,-0.1943,-0.001943,False
2017-11-01,DIS,skip,0.0,0,7.167,0.0,0.0,False
2017-11-01,DUK,buy_call,1.9747,1,0.9852,-0.9896,-0.009896,False
2017-11-01,ELV,buy_call,2.9729,1,12.3082,9.3353,0.093353,False
2017-11-01,EOG,buy_call,3.2317,1,2.6316,-0.6001,-0.006001,False
2017-11-01,EQIX,buy_call,3.0196,1,0.2136,-2.806,-0.02806,False
2017-11-01,FDX,buy_call,3.0196,1,2.5021,-0.5174,-0.005174,False
2017-11-01,GE,skip,0.0,0,-9.2758,0.0,0.0,False
2017-11-01,GILD,buy_call,2.8264,1,-0.2401,-2.8264,-0.028264,False
2017-11-01,GM,buy_call,3.2317,1,0.2559,-2.9758,-0.029758,False
2017-11-01,GOOGL,buy_call,3.4858,1,0.303,-3.1829,-0.031829,False
2017-11-01,GS,buy_call,2.7389,1,2.128,-0.6109,-0.006109,False
2017-11-01,HD,buy_call,2.7959,1,8.4691,5.6732,0.056732,False
2017-11-01,HON,buy_call,3.0196,1,8.1854,5.1658,0.051658,False
2017-11-01,IBM,skip,0.0,0,-0.0584,0.0,0.0,False
2017-11-01,INTC,buy_call,4.1737,1,-1.4288,-4.1737,-0.041737,False
2017-11-01,ISRG,buy_call,2.4594,1,6.5057,4.0464,0.040464,False
2017-11-01,ITW,buy_call,3.0196,1,8.1331,5.1135,0.051135,False
2017-11-01,JNJ,buy_call,2.057,1,-0.0574,-2.057,-0.02057,False
2017-11-01,JPM,buy_call,2.7389,1,4.4936,1.7547,0.017547,False
2017-11-01,KO,buy_call,1.9747,1,-0.4568,-1.9747,-0.019747,False
2017-11-01,LLY,buy_call,3.5202,1,3.2951,-0.2251,-0.002251,False
2017-11-01,LMT,buy_call,3.2317,1,3.5566,0.3248,0.003248,False
2017-11-01,LOW,skip,0.0,0,4.8121,0.0,0.0,False
2017-11-01,MA,buy_call,2.7116,1,1.2996,-1.4121,-0.014121,False
2017-11-01,MCD,buy_call,1.9747,1,3.0315,1.0568,0.010568,False
2017-11-01,MDLZ,skip,0.0,0,3.6447,0.0,0.0,False
2017-11-01,MDT,skip,0.0,0,1.9995,0.0,0.0,False
2017-11-01,MET,buy_call,2.7389,1,0.1866,-2.5522,-0.025522,False
2017-11-01,META,buy_call,4.3383,1,-1.5995,-4.3383,-0.043383,False
2017-11-01,MMM,buy_call,3.0196,1,5.6258,2.6062,0.026062,False
2017-11-01,MO,skip,0.0,0,5.6213,0.0,0.0,False
2017-11-01,MRK,skip,0.0,0,0.3267,0.0,0.0,False
2017-11-01,MS,buy_call,2.7389,1,3.7269,0.988,0.00988,False
2017-11-01,MSFT,buy_call,2.8745,1,1.1902,-1.6843,-0.016843,False
2017-11-01,NEE,buy_call,1.9747,1,1.9152,-0.0595,-0.000595,False
2017-11-01,NFLX,buy_call,4.4729,1,-4.5054,-4.4729,-0.044729,False
2017-11-01,NKE,skip,0.0,0,9.8745,0.0,0.0,False
2017-11-01,NVDA,buy_call,5.3919,1,-2.9496,-5.3919,-0.053919,False
2017-11-01,ORCL,buy_call,3.5955,1,-3.2348,-3.5955,-0.035955,False
2017-11-01,PEP,skip,0.0,0,5.7062,0.0,0.0,False
2017-11-01,PFE,buy_call,2.8264,1,3.4227,0.5963,0.005963,False
2017-11-01,PG,buy_call,2.0993,1,5.0085,2.9092,0.029092,False
2017-11-01,PM,skip,0.0,0,-1.8062,0.0,0.0,False
2017-11-01,PYPL,buy_call,2.7116,1,4.3688,1.6572,0.016572,False
2017-11-01,QCOM,skip,0.0,0,30.053,0.0,0.0,False
2017-11-01,SBUX,skip,0.0,0,5.434,0.0,0.0,False
2017-11-01,SCHW,buy_call,2.7389,1,8.8091,6.0702,0.060702,False
2017-11-01,SLB,skip,0.0,0,-1.7969,0.0,0.0,False
2017-11-01,SO,buy_call,1.9747,1,-1.9157,-1.9747,-0.019747,False
2017-11-01,SPG,skip,0.0,0,4.1331,0.0,0.0,False
2017-11-01,SYK,buy_call,2.4594,1,0.7297,-1.7297,-0.017297,False
2017-11-01,T,skip,0.0,0,9.9178,0.0,0.0,False
2017-11-01,TGT,buy_call,2.4474,1,1.4566,-0.9908,-0.009908,False
2017-11-01,TMO,buy_call,2.8279,1,-0.552,-2.8279,-0.028279,False
2017-11-01,TMUS,skip,0.0,0,2.175,0.0,0.0,False
2017-11-01,TXN,buy_call,4.1737,1,1.2645,-2.9092,-0.029092,False
2017-11-01,UNH,buy_call,2.9729,1,8.5387,5.5658,0.055658,False
2017-11-01,UNP,buy_call,3.2317,1,9.2495,6.0177,0.060177,False
2017-11-01,USB,buy_call,2.7389,1,1.416,-1.3229,-0.013229,False
2017-11-01,V,buy_call,2.5501,1,2.3732,-0.1769,-0.001769,False
2017-11-01,VZ,buy_call,3.1005,1,7.5841,4.4836,0.044836,False
2017-11-01,WFC,buy_call,3.4824,1,0.5878,-2.8946,-0.028946,False
2017-11-01,WMT,buy_call,2.4474,1,11.3618,8.9144,0.089144,False
2017-11-01,XOM,buy_call,3.2317,1,-0.072,-3.2317,-0.032317,False
2017-12-01,AAPL,buy_call,3.1456,1,-1.1705,-3.1456,-0.031456,False
2017-12-01,ABBV,buy_call,2.8264,1,-0.2166,-2.8264,-0.028264,False
2017-12-01,ABT,buy_call,2.4594,1,1.2418,-1.2176,-0.012176,False
2017-12-01,ADBE,buy_call,2.8745,1,-3.4331,-2.8745,-0.028745,False
2017-12-01,ADP,buy_call,3.0196,1,2.3851,-0.6345,-0.006345,False
2017-12-01,AMAT,buy_call,4.1737,1,-2.9618,-4.1737,-0.041737,False
2017-12-01,AMGN,buy_call,2.8264,1,-0.3252,-2.8264,-0.028264,False
2017-12-01,AMT,buy_call,3.0196,1,-0.8754,-3.0196,-0.030196,False
2017-12-01,AMZN,buy_call,3.8265,1,-0.6187,-3.8265,-0.038265,False
2017-12-01,AVGO,buy_call,4.1737,1,-7.57,-4.1737,-0.041737,False
2017-12-01,AXP,buy_call,2.7116,1,1.6375,-1.0742,-0.010742,False
2017-12-01,BA,buy_call,3.0,1,7.1154,4.1154,0.041154,False
2017-12-01,BAC,buy_call,3.1976,1,5.2389,2.0413,0.020413,False
2017-12-01,BDX,buy_call,2.4594,1,-6.2004,-2.4594,-0.024594,False
2017-12-01,BLK,buy_call,2.7389,1,2.4981,-0.2408,-0.002408,False
2017-12-01,BMY,buy_call,2.8264,1,-3.0226,-2.8264,-0.028264,False
2017-12-01,BRK-B,buy_call,1.809,1,2.6993,0.8904,0.008904,False
2017-12-01,C,buy_call,3.0,1,-1.0199,-3.0,-0.03,False
2017-12-01,CAT,buy_call,3.2317,1,11.6401,8.4083,0.084083,False
2017-12-01,CHTR,skip,0.0,0,2.9889,0.0,0.0,False
2017-12-01,CL,skip,0.0,0,4.1408,0.0,0.0,False
2017-12-01,CMCSA,skip,0.0,0,6.6862,0.0,0.0,False
2017-12-01,COST,buy_call,2.5784,1,1.2158,-1.3627,-0.013627,False
2017-12-01,CRM,buy_call,3.8947,1,-2.0034,-3.8947,-0.038947,False
2017-12-01,CSCO,buy_call,3.0196,1,2.681,-0.3386,-0.003386,False
2017-12-01,CTSH,buy_call,3.0196,1,-1.5473,-3.0196,-0.030196,False
2017-12-01,CVS,buy_call,2.9729,1,-5.3525,-2.9729,-0.029729,False
2017-12-01,CVX,buy_call,3.0632,1,6.1954,3.1322,0.031322,False
2017-12-01,DHR,buy_call,2.4594,1,-1.6321,-2.4594,-0.024594,False
2017-12-01,DIS,skip,0.0,0,2.5663,0.0,0.0,False
2017-12-01,DUK,buy_call,1.9747,1,-4.7492,-1.9747,-0.019747,False
2017-12-01,ELV,buy_call,2.9729,1,-4.2347,-2.9729,-0.029729,False
2017-12-01,EOG,buy_call,3.2317,1,5.4633,2.2315,0.022315,False
2017-12-01,EQIX,buy_call,3.0196,1,-2.0216,-3.0196,-0.030196,False
2017-12-01,FDX,buy_call,3.0196,1,7.8113,4.7917,0.047917,False
2017-12-01,GE,skip,0.0,0,-4.5927,0.0,0.0,False
2017-12-01,GILD,buy_call,2.8264,1,-4.199,-2.8264,-0.028264,False
2017-12-01,GM,buy_call,3.2317,1,-4.8735,-3.2317,-0.032317,False
2017-12-01,GOOGL,buy_call,3.4858,1,1.6629,-1.823,-0.01823,False
2017-12-01,GS,buy_call,2.7389,1,3.1984,0.4595,0.004595,False
2017-12-01,HD,buy_call,2.7959,1,5.9338,3.1378,0.031378,False
2017-12-01,HON,buy_call,3.0196,1,-1.164,-3.0196,-0.030196,False
2017-12-01,IBM,buy_call,3.0196,1,0.6388,-2.3808,-0.023808,False
2017-12-01,INTC,buy_call,4.1737,1,3.5538,-0.6199,-0.006199,False
2017-12-01,ISRG,buy_call,2.4594,1,-8.7148,-2.4594,-0.024594,False
2017-12-01,ITW,buy_call,3.0196,1,-1.418,-3.0196,-0.030196,False
2017-12-01,JNJ,buy_call,2.057,1,0.894,-1.163,-0.01163,False
2017-12-01,JPM,buy_call,2.7389,1,2.3154,-0.4235,-0.004235,False
2017-12-01,KO,buy_call,1.9747,1,1.0622,-0.9126,-0.009126,False
2017-12-01,LLY,buy_call,3.5202,1,0.4175,-3.1027,-0.031027,False
2017-12-01,LMT,buy_call,3.2317,1,1.236,-1.9957,-0.019957,False
2017-12-01,LOW,buy_call,2.7959,1,11.4789,8.683,0.08683,False
2017-12-01,MA,buy_call,2.7116,1,0.5915,-2.1202,-0.021202,False
2017-12-01,MCD,buy_call,1.9747,1,0.6839,-1.2909,-0.012909,False
2017-12-01,MDLZ,skip,0.0,0,-0.326,0.0,0.0,False
2017-12-01,MDT,skip,0.0,0,-1.6803,0.0,0.0,False
2017-12-01,MET,buy_call,2.7389,1,-5.1313,-2.7389,-0.027389,False
2017-12-01,META,buy_call,4.3383,1,-0.4064,-4.3383,-0.043383,False
2017-12-01,MMM,buy_call,3.0196,1,-2.7073,-3.0196,-0.030196,False
2017-12-01,MO,skip,0.0,0,5.2779,0.0,0.0,False
2017-12-01,MRK,skip,0.0,0,1.8093,0.0,0.0,False
2017-12-01,MS,buy_call,2.7389,1,1.6663,-1.0725,-0.010725,False
2017-12-01,MSFT,buy_call,2.8745,1,2.1381,-0.7364,-0.007364,False
2017-12-01,NEE,buy_call,1.9747,1,-0.5447,-1.9747,-0.019747,False
2017-12-01,NFLX,buy_call,4.4729,1,2.335,-2.1379,-0.021379,False
2017-12-01,NKE,buy_call,3.5085,1,3.5253,0.0168,0.000168,False
2017-12-01,NVDA,buy_call,5.3919,1,-3.5253,-5.3919,-0.053919,False
2017-12-01,ORCL,buy_call,3.5955,1,-3.6282,-3.5955,-0.035955,False
2017-12-01,PEP,buy_call,2.2339,1,3.632,1.398,0.01398,False
2017-12-01,PFE,buy_call,2.8264,1,0.8024,-2.024,-0.02024,False
2017-12-01,PG,buy_call,2.0993,1,2.1002,0.0009,9e-06,False
2017-12-01,PM,skip,0.0,0,2.8224,0.0,0.0,False
2017-12-01,PYPL,buy_call,2.7116,1,-2.7862,-2.7116,-0.027116,False
2017-12-01,QCOM,buy_call,4.254,1,-2.6831,-4.254,-0.04254,False
2017-12-01,SBUX,skip,0.0,0,-0.1483,0.0,0.0,False
2017-12-01,SCHW,buy_call,2.7389,1,5.4785,2.7397,0.027397,False
2017-12-01,SLB,skip,0.0,0,7.2236,0.0,0.0,False
2017-12-01,SO,buy_call,1.9747,1,-5.0135,-1.9747,-0.019747,False
2017-12-01,SPG,buy_call,3.0196,1,7.4143,4.3947,0.043947,False
2017-12-01,SYK,buy_call,2.4594,1,-0.7436,-2.4594,-0.024594,False
2017-12-01,T,skip,0.0,0,6.8719,0.0,0.0,False
2017-12-01,TGT,buy_call,2.4474,1,10.0613,7.6139,0.076139,False
2017-12-01,TMO,buy_call,2.8279,1,-1.4941,-2.8279,-0.028279,False
2017-12-01,TMUS,skip,0.0,0,3.9954,0.0,0.0,False
2017-12-01,TXN,buy_call,4.1737,1,7.3492,3.1755,0.031755,False
2017-12-01,UNH,buy_call,2.9729,1,-3.0528,-2.9729,-0.029729,False
2017-12-01,UNP,buy_call,3.2317,1,6.6046,3.3729,0.033729,False
2017-12-01,USB,buy_call,2.7389,1,-2.8468,-2.7389,-0.027389,False
2017-12-01,V,buy_call,2.5501,1,1.4495,-1.1005,-0.011005,False
2017-12-01,VZ,buy_call,3.1005,1,4.0086,0.9081,0.009081,False
2017-12-01,WFC,buy_call,3.4824,1,8.1882,4.7058,0.047058,False
2017-12-01,WMT,buy_call,2.4474,1,1.5633,-0.8841,-0.008841,False
2017-12-01,XOM,buy_call,3.2317,1,1.3496,-1.8822,-0.018822,False
2018-01-01,AAPL,buy_call,3.1456,2,-1.0636,-3.1456,-0.062912,True
2018-01-01,ABBV,buy_call,2.8264,2,16.0376,13.2112,0.264224,True
2018-01-01,ABT,buy_call,2.4594,2,8.9189,6.4595,0.12919,True
2018-01-01,ADBE,buy_call,2.8745,2,13.9922,11.1178,0.222356,True
2018-01-01,ADP,buy_call,3.0196,2,6.0719,3.0523,0.061046,True
2018-01-01,AMAT,buy_call,4.1737,2,4.91,0.7363,0.014726,True
2018-01-01,AMGN,buy_call,2.8264,2,6.9868,4.1604,0.083208,True
2018-01-01,AMT,buy_call,3.0196,2,4.0424,1.0228,0.020456,True
2018-01-01,AMZN,buy_call,3.8265,2,24.0639,20.2374,0.404748,True
2018-01-01,AVGO,buy_call,4.1737,2,-2.8127,-4.1737,-0.083474,True
2018-01-01,AXP,buy_call,2.7116,2,0.0906,-2.621,-0.05242,True
2018-01-01,BA,buy_call,3.0,2,20.1621,17.1621,0.343242,True
2018-01-01,BAC,buy_call,3.1976,2,8.4011,5.2035,0.10407,True
2018-01-01,BDX,buy_call,2.4594,2,13.8817,11.4223,0.228446,True
2018-01-01,BKNG,skip,0.0,0,10.0308,0.0,0.0,True
2018-01-01,BLK,buy_call,2.7389,2,9.9095,7.1707,0.143414,True
2018-01-01,BMY,buy_call,2.8264,2,2.154,-0.6724,-0.013448,True
2018-01-01,BRK-B,buy_call,1.809,2,8.1526,6.3436,0.126872,True
2018-01-01,C,buy_call,3.0,2,5.4697,2.4697,0.049394,True
2018-01-01,CAT,buy_call,3.2317,2,3.2999,0.0682,0.001364,True
2018-01-01,CHTR,skip,0.0,0,12.2902,0.0,0.0,True
2018-01-01,CL,buy_call,2.0993,2,-1.6037,-2.0993,-0.041986,True
2018-01-01,CMCSA,buy_call,3.1005,2,6.1923,3.0917,0.061834,True
2018-01-01,CME,buy_call,2.7389,2,8.0833,5.3444,0.106888,True
2018-01-01,COST,buy_call,2.5784,2,4.7013,2.1228,0.042456,True
2018-01-01,CRM,buy_call,3.8947,2,11.4252,7.5305,0.15061,True
2018-01-01,CSCO,buy_call,3.0196,2,8.4595,5.4399,0.108798,True
2018-01-01,CSX,buy_call,3.0,2,3.1995,0.1995,0.00399,True
2018-01-01,CVS,skip,0.0,0,8.5379,0.0,0.0,True
2018-01-01,CVX,buy_call,3.0632,2,0.1278,-2.9354,-0.058708,True
2018-01-01,DHR,buy_call,2.4594,2,9.278,6.8186,0.136372,True
2018-01-01,DIS,buy_call,3.3259,2,1.8921,-1.4338,-0.028676,True
2018-01-01,DUK,buy_call,1.9747,2,-6.6698,-1.9747,-0.039494,True
2018-01-01,ELV,buy_call,2.9729,2,10.4835,7.5107,0.150214,True
2018-01-01,EOG,buy_call,3.2317,2,6.5703,3.3385,0.06677,True
2018-01-01,EQIX,buy_call,3.0196,2,0.4347,-2.5849,-0.051698,True
2018-01-01,FDX,buy_call,3.0196,2,5.4058,2.3862,0.047724,True
2018-01-01,GE,skip,0.0,0,-6.6954,0.0,0.0,True
2018-01-01,GILD,buy_call,2.8264,2,17.7735,14.9471,0.298942,True
2018-01-01,GM,buy_call,3.2317,2,4.4055,1.1737,0.023474,True
2018-01-01,GOOGL,buy_call,3.4858,2,12.229,8.7432,0.174864,True
2018-01-01,GS,buy_call,2.7389,2,5.1539,2.415,0.0483,True
2018-01-01,HD,buy_call,2.7959,2,5.9991,3.2032,0.064064,True
2018-01-01,HON,buy_call,3.0196,2,4.1145,1.0949,0.021898,True
2018-01-01,IBM,buy_call,3.0196,2,6.7005,3.681,0.07362,True
2018-01-01,ICE,buy_call,3.0,2,4.9433,1.9433,0.038866,True
2018-01-01,INTC,buy_call,4.1737,2,4.2894,0.1157,0.002314,True
2018-01-01,ISRG,buy_call,2.4594,2,18.2852,15.8258,0.316516,True
2018-01-01,ITW,buy_call,3.0196,2,4.5755,1.556,0.03112,True
2018-01-01,JNJ,buy_call,2.057,2,-1.0951,-2.057,-0.04114,True
2018-01-01,JPM,buy_call,2.7389,2,8.1635,5.4246,0.108492,True
2018-01-01,KO,buy_call,1.9747,2,3.7271,1.7524,0.035048,True
2018-01-01,LLY,buy_call,3.5202,2,-3.5638,-3.5202,-0.070404,True
2018-01-01,LMT,buy_call,3.2317,2,10.5279,7.2962,0.145924,True
2018-01-01,LOW,buy_call,2.7959,2,12.6856,9.8897,0.197794,True
2018-01-01,MA,buy_call,2.7116,2,11.6543,8.9427,0.178854,True
2018-01-01,MCD,buy_call,1.9747,2,-0.5694,-1.9747,-0.039494,True
2018-01-01,MDLZ,buy_call,2.2339,2,4.2687,2.0347,0.040694,True
2018-01-01,MDT,skip,0.0,0,6.9671,0.0,0.0,True
2018-01-01,MET,buy_call,2.7389,2,-4.9248,-2.7389,-0.054778,True
2018-01-01,META,buy_call,4.3383,2,5.9107,1.5724,0.031448,True
2018-01-01,MMM,buy_call,3.0196,2,6.4281,3.4086,0.068172,True
2018-01-01,MO,skip,0.0,0,-0.6107,0.0,0.0,True
2018-01-01,MRK,skip,0.0,0,6.1915,0.0,0.0,True
2018-01-01,MS,buy_call,2.7389,2,7.7759,5.037,0.10074,True
2018-01-01,MSFT,buy_call,2.8745,2,11.0708,8.1964,0.163928,True
2018-01-01,MU,buy_call,5.3919,2,6.323,0.9311,0.018622,True
2018-01-01,NEE,buy_call,1.9747,2,1.4278,-0.547,-0.01094,True
2018-01-01,NFLX,buy_call,4.4729,2,40.8106,36.3377,0.726754,True
2018-01-01,NKE,buy_call,3.5085,2,9.427,5.9185,0.11837,True
2018-01-01,NVDA,buy_call,5.3919,2,27.0284,21.6366,0.432732,True
2018-01-01,ORCL,skip,0.0,0,9.1159,0.0,0.0,True
2018-01-01,PEP,buy_call,2.2339,2,0.3169,-1.917,-0.03834,True
2018-01-01,PFE,buy_call,2.8264,2,2.2639,-0.5625,-0.01125,True
2018-01-01,PG,buy_call,2.0993,2,-6.0296,-2.0993,-0.041986,True
2018-01-01,PM,skip,0.0,0,2.51,0.0,0.0,True
2018-01-01,PYPL,buy_call,2.7116,2,15.8924,13.1808,0.263616,True
2018-01-01,QCOM,buy_call,4.254,2,6.6073,2.3533,0.047066,True
2018-01-01,SBUX,skip,0.0,0,-1.0796,0.0,0.0,True
2018-01-01,SCHW,buy_call,2.7389,2,3.8349,1.096,0.02192,True
2018-01-01,SO,buy_call,1.9747,2,-6.1967,-1.9747,-0.039494,True
2018-01-01,SPGI,buy_call,2.7389,2,6.9067,4.1679,0.083358,True
2018-01-01,SYK,buy_call,2.4594,2,6.4828,4.0234,0.080468,True
2018-01-01,T,buy_call,3.1005,2,-3.678,-3.1005,-0.06201,True
2018-01-01,TJX,buy_call,2.4474,2,5.0484,2.601,0.05202,True
2018-01-01,TMO,buy_call,2.8279,2,18.1197,15.2918,0.305836,True
2018-01-01,TMUS,buy_call,3.1005,2,2.5036,-0.597,-0.01194,True
2018-01-01,TXN,buy_call,4.1737,2,5.0077,0.834,0.01668,True
2018-01-01,UNH,buy_call,2.9729,2,7.4027,4.4298,0.088596,True
2018-01-01,UNP,buy_call,3.2317,2,-0.4474,-3.2317,-0.064634,True
2018-01-01,USB,buy_call,2.7389,2,7.2393,4.5004,0.090008,True
2018-01-01,V,buy_call,2.5501,2,8.9546,6.4045,0.12809,True
2018-01-01,VZ,buy_call,3.1005,2,2.1538,-0.9467,-0.018934,True
2018-01-01,WFC,buy_call,3.4824,2,8.4226,4.9402,0.098804,True
2018-01-01,WMT,buy_call,2.4474,2,8.5183,6.0709,0.121418,True
2018-01-01,XOM,buy_call,3.2317,2,4.3759,1.1442,0.022884,True
2018-02-01,AAPL,buy_call,3.1456,1,6.3847,3.2392,0.032392,False
2018-02-01,ABBV,buy_call,2.8264,1,3.9573,1.1309,0.011309,False
2018-02-01,ABT,buy_call,2.4594,1,-2.4798,-2.4594,-0.024594,False
2018-02-01,ADBE,buy_call,2.8745,1,4.6906,1.8162,0.018162,False
2018-02-01,ADP,buy_call,3.0196,1,-6.7217,-3.0196,-0.030196,False
2018-02-01,AMAT,buy_call,4.1737,1,7.3839,3.2102,0.032102,False
2018-02-01,AMGN,buy_call,2.8264,1,-1.2255,-2.8264,-0.028264,False
2018-02-01,AMT,buy_call,3.0196,1,-5.6669,-3.0196,-0.030196,False
2018-02-01,AMZN,buy_call,3.8265,1,4.2429,0.4164,0.004164,False
2018-02-01,AVGO,buy_call,4.1737,1,-0.633,-4.1737,-0.041737,False
2018-02-01,AXP,buy_call,2.7116,1,-1.5553,-2.7116,-0.027116,False
2018-02-01,BA,buy_call,3.0,1,2.2124,-0.7876,-0.007876,False
2018-02-01,BAC,buy_call,3.1976,1,0.3125,-2.8852,-0.028852,False
2018-02-01,BDX,buy_call,2.4594,1,-8.6112,-2.4594,-0.024594,False
2018-02-01,BKNG,skip,0.0,0,6.3801,0.0,0.0,False
2018-02-01,BLK,buy_call,2.7389,1,-2.2018,-2.7389,-0.027389,False
2018-02-01,BMY,buy_call,2.8264,1,6.4447,3.6183,0.036183,False
2018-02-01,BRK-B,buy_call,1.809,1,-3.3492,-1.809,-0.01809,False
2018-02-01,C,buy_call,3.0,1,-3.8099,-3.0,-0.03,False
2018-02-01,CAT,buy_call,3.2317,1,-4.5658,-3.2317,-0.032317,False
2018-02-01,CHTR,skip,0.0,0,-9.3625,0.0,0.0,False
2018-02-01,CL,buy_call,2.0993,1,-6.6166,-2.0993,-0.020993,False
2018-02-01,CMCSA,buy_call,3.1005,1,-14.5229,-3.1005,-0.031005,False
2018-02-01,CME,buy_call,2.7389,1,8.2616,5.5228,0.055228,False
2018-02-01,COST,buy_call,2.5784,1,-2.0373,-2.5784,-0.025784,False
2018-02-01,CRM,buy_call,3.8947,1,2.0543,-1.8405,-0.018405,False
2018-02-01,CSCO,buy_call,3.0196,1,8.6038,5.5842,0.055842,False
2018-02-01,CSX,buy_call,3.0,1,-5.3726,-3.0,-0.03,False
2018-02-01,CVS,skip,0.0,0,-13.3931,0.0,0.0,False
2018-02-01,CVX,buy_call,3.0632,1,-10.714,-3.0632,-0.030632,False
2018-02-01,DHR,buy_call,2.4594,1,-3.4558,-2.4594,-0.024594,False
2018-02-01,DIS,buy_call,3.3259,1,-5.0704,-3.3259,-0.033259,False
2018-02-01,DUK,skip,0.0,0,-4.0255,0.0,0.0,False
2018-02-01,ELV,buy_call,2.9729,1,-5.0313,-2.9729,-0.029729,False
2018-02-01,EOG,buy_call,3.2317,1,-11.6805,-3.2317,-0.032317,False
2018-02-01,EQIX,buy_call,3.0196,1,-13.8601,-3.0196,-0.030196,False
2018-02-01,FDX,buy_call,3.0196,1,-6.1224,-3.0196,-0.030196,False
2018-02-01,GE,skip,0.0,0,-12.7396,0.0,0.0,False
2018-02-01,GILD,buy_call,2.8264,1,-6.0501,-2.8264,-0.028264,False
2018-02-01,GM,buy_call,3.2317,1,-7.2153,-3.2317,-0.032317,False
2018-02-01,GOOGL,buy_call,3.4858,1,-6.6231,-3.4858,-0.034858,False
2018-02-01,GS,buy_call,2.7389,1,-1.8515,-2.7389,-0.027389,False
2018-02-01,HD,buy_call,2.7959,1,-9.2733,-2.7959,-0.027959,False
2018-02-01,HON,buy_call,3.0196,1,-5.361,-3.0196,-0.030196,False
2018-02-01,IBM,buy_call,3.0196,1,-4.8076,-3.0196,-0.030196,False
2018-02-01,ICE,buy_call,3.0,1,-1.0292,-3.0,-0.03,False
2018-02-01,INTC,buy_call,4.1737,1,2.3889,-1.7848,-0.017848,False
2018-02-01,ISRG,buy_call,2.4594,1,-1.2093,-2.4594,-0.024594,False
2018-02-01,ITW,buy_call,3.0196,1,-7.0421,-3.0196,-0.030196,False
2018-02-01,JNJ,buy_call,2.057,1,-6.0135,-2.057,-0.02057,False
2018-02-01,JPM,buy_call,2.7389,1,0.3732,-2.3657,-0.023657,False
2018-02-01,KO,buy_call,1.9747,1,-9.1826,-1.9747,-0.019747,False
2018-02-01,LLY,skip,0.0,0,-5.4389,0.0,0.0,False
2018-02-01,LMT,buy_call,3.2317,1,-0.6792,-3.2317,-0.032317,False
2018-02-01,LOW,buy_call,2.7959,1,-14.1275,-2.7959,-0.027959,False
2018-02-01,MA,buy_call,2.7116,1,4.1637,1.4521,0.014521,False
2018-02-01,MCD,buy_call,1.9747,1,-7.8298,-1.9747,-0.019747,False
2018-02-01,MDLZ,buy_call,2.2339,1,-1.1261,-2.2339,-0.022339,False
2018-02-01,MDT,buy_call,2.4594,1,-6.9857,-2.4594,-0.024594,False
2018-02-01,MET,skip,0.0,0,-3.911,0.0,0.0,False
2018-02-01,META,buy_call,4.3383,1,-4.5856,-4.3383,-0.043383,False
2018-02-01,MMM,buy_call,3.0196,1,-5.984,-3.0196,-0.030196,False
2018-02-01,MO,buy_call,2.2339,1,-10.5061,-2.2339,-0.022339,False
2018-02-01,MRK,skip,0.0,0,-8.4894,0.0,0.0,False
2018-02-01,MS,buy_call,2.7389,1,-0.5043,-2.7389,-0.027389,False
2018-02-01,MSFT,buy_call,2.8745,1,-1.3051,-2.8745,-0.028745,False
2018-02-01,MU,buy_call,5.3919,1,11.6422,6.2504,0.062504,False
2018-02-01,NEE,buy_call,1.9747,1,-3.9578,-1.9747,-0.019747,False
2018-02-01,NFLX,buy_call,4.4729,1,7.7987,3.3258,0.033258,False
2018-02-01,NKE,buy_call,3.5085,1,-1.7443,-3.5085,-0.035085,False
2018-02-01,NVDA,buy_call,5.3919,1,-1.546,-5.3919,-0.053919,False
2018-02-01,ORCL,buy_call,3.5955,1,-1.4008,-3.5955,-0.035955,False
2018-02-01,PEP,buy_call,2.2339,1,-8.7864,-2.2339,-0.022339,False
2018-02-01,PFE,buy_call,2.8264,1,-1.9708,-2.8264,-0.028264,False
2018-02-01,PG,skip,0.0,0,-8.3639,0.0,0.0,False
2018-02-01,PM,skip,0.0,0,-3.4319,0.0,0.0,False
2018-02-01,PYPL,buy_call,2.7116,1,-6.9269,-2.7116,-0.027116,False
2018-02-01,QCOM,buy_call,4.254,1,-4.7619,-4.254,-0.04254,False
2018-02-01,SBUX,buy_call,1.9747,1,0.5105,-1.4643,-0.014643,False
2018-02-01,SCHW,buy_call,2.7389,1,-0.5999,-2.7389,-0.027389,False
2018-02-01,SO,skip,0.0,0,-4.5444,0.0,0.0,False
2018-02-01,SPGI,buy_call,2.7389,1,5.9083,3.1694,0.031694,False
2018-02-01,SYK,buy_call,2.4594,1,-1.3505,-2.4594,-0.024594,False
2018-02-01,T,skip,0.0,0,-1.3636,0.0,0.0,False
2018-02-01,TJX,buy_call,2.4474,1,2.9382,0.4908,0.004908,False
2018-02-01,TMO,buy_call,2.8279,1,-6.9296,-2.8279,-0.028279,False
2018-02-01,TMUS,buy_call,3.1005,1,-6.8971,-3.1005,-0.031005,False
2018-02-01,TXN,buy_call,4.1737,1,-0.6569,-4.1737,-0.041737,False
2018-02-01,UNH,buy_call,2.9729,1,-4.4852,-2.9729,-0.029729,False
2018-02-01,UNP,buy_call,3.2317,1,-2.4344,-3.2317,-0.032317,False
2018-02-01,USB,buy_call,2.7389,1,-4.8652,-2.7389,-0.027389,False
2018-02-01,V,buy_call,2.5501,1,-1.0384,-2.5501,-0.025501,False
2018-02-01,VZ,buy_call,3.1005,1,-10.7014,-3.1005,-0.031005,False
2018-02-01,WFC,buy_call,3.4824,1,-11.204,-3.4824,-0.034824,False
2018-02-01,WMT,buy_call,2.4474,1,-15.5629,-2.4474,-0.024474,False
2018-02-01,XOM,buy_call,3.2317,1,-13.2417,-3.2317,-0.032317,False
2018-03-01,AAPL,buy_call,3.1456,2,-5.421,-3.1456,-0.062912,True
2018-03-01,ABBV,buy_call,2.8264,2,-18.2854,-2.8264,-0.056528,True
2018-03-01,ABT,buy_call,2.4594,2,-0.6796,-2.4594,-0.049188,True
2018-03-01,ADBE,buy_call,2.8745,2,3.3233,0.4488,0.008976,True
2018-03-01,ADP,buy_call,3.0196,2,-1.5955,-3.0196,-0.060392,True
2018-03-01,AMAT,buy_call,4.1737,2,-3.2623,-4.1737,-0.083474,True
2018-03-01,AMGN,buy_call,2.8264,2,-6.5306,-2.8264,-0.056528,True
2018-03-01,AMT,skip,0.0,0,4.3135,0.0,0.0,True
2018-03-01,AMZN,buy_call,3.8265,2,-4.3049,-3.8265,-0.07653,True
2018-03-01,AVGO,skip,0.0,0,-4.3861,0.0,0.0,True
2018-03-01,AXP,buy_call,2.7116,2,-4.338,-2.7116,-0.054232,True
2018-03-01,BA,buy_call,3.0,2,-9.0311,-3.0,-0.06,True
2018-03-01,BAC,buy_call,3.1976,2,-6.5732,-3.1976,-0.063952,True
2018-03-01,BDX,buy_call,2.4594,2,-2.3962,-2.4594,-0.049188,True
2018-03-01,BKNG,buy_call,3.0,2,2.2787,-0.7213,-0.014426,True
2018-03-01,BLK,buy_call,2.7389,2,-1.4033,-2.7389,-0.054778,True
2018-03-01,BMY,buy_call,2.8264,2,-4.4562,-2.8264,-0.056528,True
2018-03-01,BRK-B,buy_call,1.809,2,-3.7259,-1.809,-0.03618,True
2018-03-01,C,buy_call,3.0,2,-10.2214,-3.0,-0.06,True
2018-03-01,CAT,buy_call,3.2317,2,-4.6886,-3.2317,-0.064634,True
2018-03-01,CHTR,skip,0.0,0,-8.9814,0.0,0.0,True
2018-03-01,CL,skip,0.0,0,3.9292,0.0,0.0,True
2018-03-01,CMCSA,skip,0.0,0,-5.6338,0.0,0.0,True
2018-03-01,CME,buy_call,2.7389,2,-2.6601,-2.7389,-0.054778,True
2018-03-01,COST,buy_call,2.5784,2,-1.0297,-2.5784,-0.051568,True
2018-03-01,CRM,buy_call,3.8947,2,0.043,-3.8517,-0.077034,True
2018-03-01,CSCO,buy_call,3.0196,2,-4.2206,-3.0196,-0.060392,True
2018-03-01,CSX,buy_call,3.0,2,4.1199,1.1199,0.022398,True
2018-03-01,CVS,skip,0.0,0,-8.15,0.0,0.0,True
2018-03-01,CVX,buy_call,3.0632,2,2.9085,-0.1547,-0.003094,True
2018-03-01,DHR,buy_call,2.4594,2,0.1329,-2.3264,-0.046528,True
2018-03-01,DIS,buy_call,3.3259,2,-2.6367,-3.3259,-0.066518,True
2018-03-01,DUK,skip,0.0,0,4.0541,0.0,0.0,True
2018-03-01,ELV,buy_call,2.9729,2,-6.6616,-2.9729,-0.059458,True
2018-03-01,EOG,buy_call,3.2317,2,3.7961,0.5644,0.011288,True
2018-03-01,EQIX,skip,0.0,0,7.2675,0.0,0.0,True
2018-03-01,FDX,buy_call,3.0196,2,-2.5567,-3.0196,-0.060392,True
2018-03-01,GE,skip,0.0,0,-3.6743,0.0,0.0,True
2018-03-01,GILD,skip,0.0,0,-4.2423,0.0,0.0,True
2018-03-01,GM,buy_call,3.2317,2,-7.6493,-3.2317,-0.064634,True
2018-03-01,GOOGL,buy_call,3.4858,2,-6.0494,-3.4858,-0.069716,True
2018-03-01,GS,buy_call,2.7389,2,-3.9414,-2.7389,-0.054778,True
2018-03-01,HD,buy_call,2.7959,2,-2.211,-2.7959,-0.055918,True
2018-03-01,HON,buy_call,3.0196,2,-3.9029,-3.0196,-0.060392,True
2018-03-01,IBM,buy_call,3.0196,2,-0.5707,-3.0196,-0.060392,True
2018-03-01,ICE,buy_call,3.0,2,-0.7663,-3.0,-0.06,True
2018-03-01,INTC,buy_call,4.1737,2,6.3772,2.2035,0.04407,True
2018-03-01,ISRG,buy_call,2.4594,2,-3.1938,-2.4594,-0.049188,True
2018-03-01,ITW,buy_call,3.0196,2,-2.9608,-3.0196,-0.060392,True
2018-03-01,JNJ,skip,0.0,0,-0.7002,0.0,0.0,True
2018-03-01,JPM,buy_call,2.7389,2,-4.7879,-2.7389,-0.054778,True
2018-03-01,KO,skip,0.0,0,0.4859,0.0,0.0,True
2018-03-01,LLY,skip,0.0,0,1.2021,0.0,0.0,True
2018-03-01,LMT,buy_call,3.2317,2,-3.5786,-3.2317,-0.064634,True
2018-03-01,LOW,buy_call,2.7959,2,-2.0538,-2.7959,-0.055918,True
2018-03-01,MA,buy_call,2.7116,2,-0.3413,-2.7116,-0.054232,True
2018-03-01,MCD,skip,0.0,0,-0.235,0.0,0.0,True
2018-03-01,MDLZ,buy_call,2.2339,2,-4.943,-2.2339,-0.044678,True
2018-03-01,MDT,buy_call,2.4594,2,0.4131,-2.0463,-0.040926,True
2018-03-01,MET,buy_call,2.7389,2,0.1786,-2.5603,-0.051206,True
2018-03-01,META,buy_call,4.3383,2,-10.3914,-4.3383,-0.086766,True
2018-03-01,MMM,buy_call,3.0196,2,-6.2398,-3.0196,-0.060392,True
2018-03-01,MO,buy_call,2.2339,2,-1.0008,-2.2339,-0.044678,True
2018-03-01,MRK,skip,0.0,0,0.4611,0.0,0.0,True
2018-03-01,MS,buy_call,2.7389,2,-3.6772,-2.7389,-0.054778,True
2018-03-01,MSFT,buy_call,2.8745,2,-2.2089,-2.8745,-0.05749,True
2018-03-01,MU,buy_call,5.3919,2,6.8224,1.4305,0.02861,True
2018-03-01,NEE,buy_call,1.9747,2,8.116,6.1413,0.122826,True
2018-03-01,NFLX,buy_call,4.4729,2,1.3625,-3.1104,-0.062208,True
2018-03-01,NKE,buy_call,3.5085,2,-0.8802,-3.5085,-0.07017,True
2018-03-01,NVDA,buy_call,5.3919,2,-4.2422,-5.3919,-0.107838,True
2018-03-01,ORCL,buy_call,3.5955,2,-9.7099,-3.5955,-0.07191,True
2018-03-01,PEP,skip,0.0,0,-0.5285,0.0,0.0,True
2018-03-01,PFE,buy_call,2.8264,2,-1.3529,-2.8264,-0.056528,True
2018-03-01,PG,skip,0.0,0,0.9679,0.0,0.0,True
2018-03-01,PM,skip,0.0,0,-4.0077,0.0,0.0,True
2018-03-01,PYPL,buy_call,2.7116,2,-4.4579,-2.7116,-0.054232,True
2018-03-01,QCOM,buy_call,4.254,2,-14.0222,-4.254,-0.08508,True
2018-03-01,SBUX,buy_call,1.9747,2,1.9334,-0.0413,-0.000826,True
2018-03-01,SCHW,buy_call,2.7389,2,-1.3192,-2.7389,-0.054778,True
2018-03-01,SO,skip,0.0,0,5.0835,0.0,0.0,True
2018-03-01,SPGI,buy_call,2.7389,2,-0.12,-2.7389,-0.054778,True
2018-03-01,SYK,buy_call,2.4594,2,-0.7647,-2.4594,-0.049188,True
2018-03-01,T,buy_call,3.1005,2,-1.7906,-3.1005,-0.06201,True
2018-03-01,TJX,buy_call,2.4474,2,-0.9442,-2.4474,-0.048948,True
2018-03-01,TMO,buy_call,2.8279,2,-1.0164,-2.8279,-0.056558,True
2018-03-01,TMUS,skip,0.0,0,0.7095,0.0,0.0,True
2018-03-01,TXN,buy_call,4.1737,2,-4.1163,-4.1737,-0.083474,True
2018-03-01,UNH,buy_call,2.9729,2,-5.3767,-2.9729,-0.059458,True
2018-03-01,UNP,buy_call,3.2317,2,3.7549,0.5232,0.010464,True
2018-03-01,USB,buy_call,2.7389,2,-7.1008,-2.7389,-0.054778,True
2018-03-01,V,buy_call,2.5501,2,-2.5311,-2.5501,-0.051002,True
2018-03-01,VZ,buy_call,3.1005,2,0.1676,-2.933,-0.05866,True
2018-03-01,WFC,buy_call,3.4824,2,-9.7371,-3.4824,-0.069648,True
2018-03-01,WMT,buy_call,2.4474,2,-1.1554,-2.4474,-0.048948,True
2018-03-01,XOM,buy_call,3.2317,2,-0.4846,-3.2317,-0.064634,True
2018-04-01,AAPL,buy_call,3.1456,6,-1.502,-3.1456,-0.188736,True
2018-04-01,ABBV,buy_call,2.8264,6,2.0074,-0.819,-0.04914,True
2018-04-01,ABT,buy_call,2.4594,6,-2.9873,-2.4594,-0.147564,True
2018-04-01,ADBE,buy_call,2.8745,6,2.5546,-0.3199,-0.019194,True
2018-04-01,ADP,buy_call,3.0196,6,4.6258,1.6062,0.096372,True
2018-04-01,AMAT,buy_call,4.1737,6,-10.6815,-4.1737,-0.250422,True
2018-04-01,AMGN,skip,0.0,0,2.3463,0.0,0.0,True
2018-04-01,AMT,buy_call,3.0196,6,-6.1787,-3.0196,-0.181176,True
2018-04-01,AMZN,buy_call,3.8265,6,8.2075,4.381,0.26286,True
2018-04-01,AVGO,skip,0.0,0,-1.2172,0.0,0.0,True
2018-04-01,AXP,buy_call,2.7116,6,5.8641,3.1524,0.189144,True
2018-04-01,BA,buy_call,3.0,6,1.7323,-1.2677,-0.076062,True
2018-04-01,BAC,buy_call,3.1976,6,0.1409,-3.0567,-0.183402,True
2018-04-01,BDX,buy_call,2.4594,6,7.368,4.9086,0.294516,True
2018-04-01,BKNG,buy_call,3.0,6,4.6919,1.6919,0.101514,True
2018-04-01,BLK,buy_call,2.7389,6,-3.2214,-2.7389,-0.164334,True
2018-04-01,BMY,buy_call,2.8264,6,-17.581,-2.8264,-0.169584,True
2018-04-01,BRK-B,buy_call,1.809,6,-2.8825,-1.809,-0.10854,True
2018-04-01,C,skip,0.0,0,1.1407,0.0,0.0,True
2018-04-01,CAT,buy_call,3.2317,6,-2.0492,-3.2317,-0.193902,True
2018-04-01,CHTR,skip,0.0,0,-12.8301,0.0,0.0,True
2018-04-01,CL,skip,0.0,0,-8.9983,0.0,0.0,True
2018-04-01,CMCSA,skip,0.0,0,-8.1358,0.0,0.0,True
2018-04-01,CME,buy_call,2.7389,6,-2.1037,-2.7389,-0.164334,True
2018-04-01,COST,buy_call,2.5784,6,4.633,2.0546,0.123276,True
2018-04-01,CRM,buy_call,3.8947,6,4.0327,0.1379,0.008274,True
2018-04-01,CSCO,buy_call,3.0196,6,3.2641,0.2445,0.01467,True
2018-04-01,CSX,buy_call,3.0,6,6.6057,3.6057,0.216342,True
2018-04-01,CVS,skip,0.0,0,12.2488,0.0,0.0,True
2018-04-01,CVX,skip,0.0,0,9.7071,0.0,0.0,True
2018-04-01,DHR,buy_call,2.4594,6,2.6303,0.171,0.01026,True
2018-04-01,DIS,buy_call,3.3259,6,-0.1095,-3.3259,-0.199554,True
2018-04-01,DUK,skip,0.0,0,3.4723,0.0,0.0,True
2018-04-01,ELV,buy_call,2.9729,6,7.7632,4.7904,0.287424,True
2018-04-01,EOG,buy_call,3.2317,6,12.2542,9.0225,0.54135,True
2018-04-01,EQIX,skip,0.0,0,0.6338,0.0,0.0,True
2018-04-01,FDX,buy_call,3.0196,6,3.1673,0.1477,0.008862,True
2018-04-01,GE,skip,0.0,0,4.3769,0.0,0.0,True
2018-04-01,GILD,skip,0.0,0,-3.5134,0.0,0.0,True
2018-04-01,GM,skip,0.0,0,2.129,0.0,0.0,True
2018-04-01,GOOGL,buy_call,3.4858,6,-1.7895,-3.4858,-0.209148,True
2018-04-01,GS,buy_call,2.7389,6,-5.372,-2.7389,-0.164334,True
2018-04-01,HD,buy_call,2.7959,6,4.2718,1.4758,0.088548,True
2018-04-01,HON,buy_call,3.0196,6,0.1176,-2.902,-0.17412,True
2018-04-01,IBM,buy_call,3.0196,6,-5.5205,-3.0196,-0.181176,True
2018-04-01,ICE,buy_call,3.0,6,0.2378,-2.7622,-0.165732,True
2018-04-01,INTC,buy_call,4.1737,6,-0.8833,-4.1737,-0.250422,True
2018-04-01,ISRG,buy_call,2.4594,6,6.7703,4.3109,0.258654,True
2018-04-01,ITW,buy_call,3.0196,6,-8.8885,-3.0196,-0.181176,True
2018-04-01,JNJ,skip,0.0,0,-1.2954,0.0,0.0,True
2018-04-01,JPM,buy_call,2.7389,6,-1.0821,-2.7389,-0.164334,True
2018-04-01,KO,skip,0.0,0,0.3717,0.0,0.0,True
2018-04-01,LLY,skip,0.0,0,4.7822,0.0,0.0,True
2018-04-01,LMT,buy_call,3.2317,6,-5.0572,-3.2317,-0.193902,True
2018-04-01,LOW,buy_call,2.7959,6,-6.0627,-2.7959,-0.167754,True
2018-04-01,MA,buy_call,2.7116,6,1.7755,-0.9361,-0.056166,True
2018-04-01,MCD,buy_call,1.9747,6,7.0725,5.0978,0.305868,True
2018-04-01,MDLZ,buy_call,2.2339,6,-4.8321,-2.2339,-0.134034,True
2018-04-01,MDT,buy_call,2.4594,6,0.4652,-1.9942,-0.119652,True
2018-04-01,MET,skip,0.0,0,3.8788,0.0,0.0,True
2018-04-01,META,skip,0.0,0,7.6413,0.0,0.0,True
2018-04-01,MMM,buy_call,3.0196,6,-11.4477,-3.0196,-0.181176,True
2018-04-01,MO,buy_call,2.2339,6,-9.0015,-2.2339,-0.134034,True
2018-04-01,MRK,skip,0.0,0,9.023,0.0,0.0,True
2018-04-01,MS,buy_call,2.7389,6,-4.3365,-2.7389,-0.164334,True
2018-04-01,MSFT,buy_call,2.8745,6,2.4652,-0.4093,-0.024558,True
2018-04-01,MU,buy_call,5.3919,6,-11.8143,-5.3919,-0.323514,True
2018-04-01,NEE,buy_call,1.9747,6,0.3551,-1.6197,-0.097182,True
2018-04-01,NFLX,buy_call,4.4729,6,5.7931,1.3202,0.079212,True
2018-04-01,NKE,buy_call,3.5085,6,3.2464,-0.2622,-0.015732,True
2018-04-01,NVDA,buy_call,5.3919,6,-2.8887,-5.3919,-0.323514,True
2018-04-01,ORCL,skip,0.0,0,-0.1749,0.0,0.0,True
2018-04-01,PEP,skip,0.0,0,-6.8383,0.0,0.0,True
2018-04-01,PFE,buy_call,2.8264,6,3.1558,0.3294,0.019764,True
2018-04-01,PG,skip,0.0,0,-8.7538,0.0,0.0,True
2018-04-01,PM,skip,0.0,0,-16.6152,0.0,0.0,True
2018-04-01,PYPL,buy_call,2.7116,6,-1.6607,-2.7116,-0.162696,True
2018-04-01,QCOM,buy_call,4.254,6,-7.9408,-4.254,-0.25524,True
2018-04-01,SBUX,buy_call,1.9747,6,-0.5528,-1.9747,-0.118482,True
2018-04-01,SCHW,buy_call,2.7389,6,6.6258,3.887,0.23322,True
2018-04-01,SO,skip,0.0,0,3.2691,0.0,0.0,True
2018-04-01,SPGI,buy_call,2.7389,6,-1.2875,-2.7389,-0.164334,True
2018-04-01,SYK,buy_call,2.4594,6,5.5951,3.1357,0.188142,True
2018-04-01,T,skip,0.0,0,-8.2749,0.0,0.0,True
2018-04-01,TJX,buy_call,2.4474,6,4.0339,1.5864,0.095184,True
2018-04-01,TMO,buy_call,2.8279,6,1.9647,-0.8632,-0.051792,True
2018-04-01,TMUS,skip,0.0,0,-0.8683,0.0,0.0,True
2018-04-01,TXN,buy_call,4.1737,6,-2.3679,-4.1737,-0.250422,True
2018-04-01,UNH,buy_call,2.9729,6,10.833,7.8602,0.471612,True
2018-04-01,UNP,buy_call,3.2317,6,-0.5951,-3.2317,-0.193902,True
2018-04-01,USB,skip,0.0,0,0.5057,0.0,0.0,True
2018-04-01,V,buy_call,2.5501,6,6.0692,3.5191,0.211146,True
2018-04-01,VZ,skip,0.0,0,3.1995,0.0,0.0,True
2018-04-01,WFC,skip,0.0,0,-0.8586,0.0,0.0,True
2018-04-01,WMT,buy_call,2.4474,6,0.0195,-2.4279,-0.145674,True
2018-04-01,XOM,skip,0.0,0,4.2086,0.0,0.0,True
2018-05-01,AAPL,skip,0.0,0,13.0763,0.0,0.0,True
2018-05-01,ABBV,buy_call,2.8264,10,3.5368,0.7104,0.07104,True
2018-05-01,ABT,buy_call,2.4594,10,6.3585,3.8991,0.38991,True
2018-05-01,ADBE,buy_call,2.8745,10,12.491,9.6165,0.96165,True
2018-05-01,ADP,buy_call,3.0196,10,10.1118,7.0922,0.70922,True
2018-05-01,AMAT,skip,0.0,0,2.2347,0.0,0.0,True
2018-05-01,AMGN,buy_call,2.8264,10,2.9459,0.1195,0.01195,True
2018-05-01,AMT,skip,0.0,0,2.0084,0.0,0.0,True
2018-05-01,AMZN,buy_call,3.8265,10,4.0539,0.2275,0.02275,True
2018-05-01,AVGO,skip,0.0,0,9.8727,0.0,0.0,True
2018-05-01,AXP,buy_call,2.7116,10,-0.082,-2.7116,-0.27116,True
2018-05-01,BA,buy_call,3.0,10,5.5762,2.5762,0.25762,True
2018-05-01,BAC,buy_call,3.1976,10,-2.9412,-3.1976,-0.31976,True
2018-05-01,BDX,buy_call,2.4594,10,-4.4335,-2.4594,-0.24594,True
2018-05-01,BKNG,buy_call,3.0,10,-3.1717,-3.0,-0.3,True
2018-05-01,BLK,buy_call,2.7389,10,2.441,-0.2978,-0.02978,True
2018-05-01,BMY,skip,0.0,0,1.5851,0.0,0.0,True
2018-05-01,BRK-B,buy_call,1.809,10,-1.1356,-1.809,-0.1809,True
2018-05-01,C,skip,0.0,0,-2.3143,0.0,0.0,True
2018-05-01,CAT,buy_call,3.2317,10,5.7598,2.5281,0.25281,True
2018-05-01,CHTR,skip,0.0,0,-3.7782,0.0,0.0,True
2018-05-01,CL,skip,0.0,0,-2.7138,0.0,0.0,True
2018-05-01,CMCSA,skip,0.0,0,-0.1028,0.0,0.0,True
2018-05-01,CME,buy_call,2.7389,10,3.3105,0.5716,0.05716,True
2018-05-01,COST,buy_call,2.5784,10,0.5478,-2.0307,-0.20307,True
2018-05-01,CRM,buy_call,3.8947,10,6.8931,2.9984,0.29984,True
2018-05-01,CSCO,buy_call,3.0196,10,-2.7921,-3.0196,-0.30196,True
2018-05-01,CSX,buy_call,3.0,10,8.8567,5.8567,0.58567,True
2018-05-01,CVS,buy_call,2.9729,10,-8.5279,-2.9729,-0.29729,True
2018-05-01,CVX,buy_call,3.0632,10,-0.6474,-3.0632,-0.30632,True
2018-05-01,DHR,buy_call,2.4594,10,-1.0367,-2.4594,-0.24594,True
2018-05-01,DIS,buy_call,3.3259,10,-0.8572,-3.3259,-0.33259,True
2018-05-01,DUK,skip,0.0,0,-3.7426,0.0,0.0,True
2018-05-01,ELV,buy_call,2.9729,10,-6.174,-2.9729,-0.29729,True
2018-05-01,EOG,buy_call,3.2317,10,-0.1367,-3.2317,-0.32317,True
2018-05-01,EQIX,skip,0.0,0,-5.6893,0.0,0.0,True
2018-05-01,FDX,buy_call,3.0196,10,0.7767,-2.2429,-0.22429,True
2018-05-01,GE,skip,0.0,0,0.0711,0.0,0.0,True
2018-05-01,GILD,skip,0.0,0,-6.687,0.0,0.0,True
2018-05-01,GM,skip,0.0,0,16.2221,0.0,0.0,True
2018-05-01,GOOGL,skip,0.0,0,7.9935,0.0,0.0,True
2018-05-01,GS,skip,0.0,0,-5.2238,0.0,0.0,True
2018-05-01,HD,buy_call,2.7959,10,0.9469,-1.849,-0.1849,True
2018-05-01,HON,buy_call,3.0196,10,2.2325,-0.787,-0.0787,True
2018-05-01,IBM,skip,0.0,0,-2.5179,0.0,0.0,True
2018-05-01,ICE,buy_call,3.0,10,-2.1667,-3.0,-0.3,True
2018-05-01,INTC,buy_call,4.1737,10,6.9353,2.7616,0.27616,True
2018-05-01,ISRG,buy_call,2.4594,10,4.2856,1.8262,0.18262,True
2018-05-01,ITW,skip,0.0,0,1.1829,0.0,0.0,True
2018-05-01,JNJ,skip,0.0,0,-5.4312,0.0,0.0,True
2018-05-01,JPM,buy_call,2.7389,10,-1.1283,-2.7389,-0.27389,True
2018-05-01,KO,skip,0.0,0,-0.486,0.0,0.0,True
2018-05-01,LLY,buy_call,3.5202,10,4.897,1.3768,0.13768,True
2018-05-01,LMT,buy_call,3.2317,10,-1.9636,-3.2317,-0.32317,True
2018-05-01,LOW,buy_call,2.7959,10,15.8244,13.0285,1.30285,True
2018-05-01,MA,buy_call,2.7116,10,6.7991,4.0874,0.40874,True
2018-05-01,MCD,buy_call,1.9747,10,-4.4374,-1.9747,-0.19747,True
2018-05-01,MDLZ,skip,0.0,0,-0.5823,0.0,0.0,True
2018-05-01,MDT,buy_call,2.4594,10,7.725,5.2656,0.52656,True
2018-05-01,MET,skip,0.0,0,-3.5242,0.0,0.0,True
2018-05-01,META,skip,0.0,0,11.5,0.0,0.0,True
2018-05-01,MMM,skip,0.0,0,1.461,0.0,0.0,True
2018-05-01,MO,skip,0.0,0,-0.6594,0.0,0.0,True
2018-05-01,MRK,buy_call,2.7192,10,1.1211,-1.5981,-0.15981,True
2018-05-01,MS,buy_call,2.7389,10,-2.3997,-2.7389,-0.27389,True
2018-05-01,MSFT,buy_call,2.8745,10,5.6886,2.8141,0.28141,True
2018-05-01,MU,buy_call,5.3919,10,25.2501,19.8583,1.98583,True
2018-05-01,NEE,buy_call,1.9747,10,1.1592,-0.8156,-0.08156,True
2018-05-01,NFLX,buy_call,4.4729,10,12.5264,8.0535,0.80535,True
2018-05-01,NKE,buy_call,3.5085,10,4.9861,1.4775,0.14775,True
2018-05-01,NVDA,buy_call,5.3919,10,12.1343,6.7424,0.67424,True
2018-05-01,ORCL,skip,0.0,0,2.7227,0.0,0.0,True
2018-05-01,PEP,skip,0.0,0,-0.6836,0.0,0.0,True
2018-05-01,PFE,buy_call,2.8264,10,-1.8574,-2.8264,-0.28264,True
2018-05-01,PG,skip,0.0,0,2.0833,0.0,0.0,True
2018-05-01,PM,skip,0.0,0,-3.0,0.0,0.0,True
2018-05-01,PYPL,buy_call,2.7116,10,9.9987,7.287,0.7287,True
2018-05-01,QCOM,buy_call,4.254,10,13.9384,9.6844,0.96844,True
2018-05-01,SBUX,buy_call,1.9747,10,-1.5633,-1.9747,-0.19747,True
2018-05-01,SCHW,buy_call,2.7389,10,-0.1078,-2.7389,-0.27389,True
2018-05-01,SO,skip,0.0,0,-2.6453,0.0,0.0,True
2018-05-01,SPGI,buy_call,2.7389,10,4.719,1.9801,0.19801,True
2018-05-01,SYK,buy_call,2.4594,10,2.7152,0.2558,0.02558,True
2018-05-01,T,buy_call,3.1005,10,0.7091,-2.3915,-0.23915,True
2018-05-01,TJX,buy_call,2.4474,10,6.4467,3.9992,0.39992,True
2018-05-01,TMO,buy_call,2.8279,10,-0.9888,-2.8279,-0.28279,True
2018-05-01,TMUS,buy_call,3.1005,10,-7.9491,-3.1005,-0.31005,True
2018-05-01,TXN,buy_call,4.1737,10,10.3323,6.1586,0.61586,True
2018-05-01,UNH,buy_call,2.9729,10,2.1616,-0.8113,-0.08113,True
2018-05-01,UNP,buy_call,3.2317,10,6.8323,3.6005,0.36005,True
2018-05-01,USB,skip,0.0,0,-0.9118,0.0,0.0,True
2018-05-01,V,buy_call,2.5501,10,3.0265,0.4764,0.04764,True
2018-05-01,VZ,buy_call,3.1005,10,-2.1888,-3.1005,-0.31005,True
2018-05-01,WFC,skip,0.0,0,3.9069,0.0,0.0,True
2018-05-01,WMT,buy_call,2.4474,10,-6.6923,-2.4474,-0.24474,True
2018-05-01,XOM,skip,0.0,0,4.4887,0.0,0.0,True
2018-06-01,AAPL,buy_call,3.1456,4,-0.5598,-3.1456,-0.125824,True
2018-06-01,ABBV,buy_call,2.8264,4,-6.3573,-2.8264,-0.113056,True
2018-06-01,ABT,buy_call,2.4594,4,-0.8776,-2.4594,-0.098376,True
2018-06-01,ADBE,buy_call,2.8745,4,-2.1943,-2.8745,-0.11498,True
2018-06-01,ADP,buy_call,3.0196,4,3.1688,0.1492,0.005968,True
2018-06-01,AMAT,skip,0.0,0,-8.6755,0.0,0.0,True
2018-06-01,AMGN,buy_call,2.8264,4,3.5601,0.7337,0.029348,True
2018-06-01,AMT,skip,0.0,0,4.1917,0.0,0.0,True
2018-06-01,AMZN,buy_call,3.8265,4,4.3065,0.48,0.0192,True
2018-06-01,AVGO,skip,0.0,0,-3.741,0.0,0.0,True
2018-06-01,AXP,buy_call,2.7116,4,-0.3052,-2.7116,-0.108464,True
2018-06-01,BA,buy_call,3.0,4,-4.2527,-3.0,-0.12,True
2018-06-01,BAC,buy_call,3.1976,4,-2.5304,-3.1976,-0.127904,True
2018-06-01,BDX,skip,0.0,0,8.1096,0.0,0.0,True
2018-06-01,BKNG,buy_call,3.0,4,-3.8802,-3.0,-0.12,True
2018-06-01,BLK,buy_call,2.7389,4,-6.587,-2.7389,-0.109556,True
2018-06-01,BMY,skip,0.0,0,5.1692,0.0,0.0,True
2018-06-01,BRK-B,skip,0.0,0,-2.5479,0.0,0.0,True
2018-06-01,C,skip,0.0,0,0.8197,0.0,0.0,True
2018-06-01,CAT,buy_call,3.2317,4,-10.6906,-3.2317,-0.129268,True
2018-06-01,CHTR,skip,0.0,0,12.3238,0.0,0.0,True
2018-06-01,CL,skip,0.0,0,2.7262,0.0,0.0,True
2018-06-01,CMCSA,skip,0.0,0,5.2277,0.0,0.0,True
2018-06-01,CME,buy_call,2.7389,4,0.6262,-2.1127,-0.084508,True
2018-06-01,COST,buy_call,2.5784,4,5.7251,3.1466,0.125864,True
2018-06-01,CRM,buy_call,3.8947,4,5.4666,1.5719,0.062876,True
2018-06-01,CSCO,buy_call,3.0196,4,0.7492,-2.2704,-0.090816,True
2018-06-01,CSX,buy_call,3.0,4,-1.0066,-3.0,-0.12,True
2018-06-01,CVS,skip,0.0,0,1.5144,0.0,0.0,True
2018-06-01,CVX,buy_call,3.0632,4,2.6006,-0.4627,-0.018508,True
2018-06-01,DHR,buy_call,2.4594,4,-0.6043,-2.4594,-0.098376,True
2018-06-01,DIS,skip,0.0,0,5.3684,0.0,0.0,True
2018-06-01,DUK,skip,0.0,0,3.7023,0.0,0.0,True
2018-06-01,ELV,skip,0.0,0,7.5016,0.0,0.0,True
2018-06-01,EOG,buy_call,3.2317,4,5.6192,2.3875,0.0955,True
2018-06-01,EQIX,skip,0.0,0,8.9647,0.0,0.0,True
2018-06-01,FDX,buy_call,3.0196,4,-8.8552,-3.0196,-0.120784,True
2018-06-01,GE,skip,0.0,0,-3.3381,0.0,0.0,True
2018-06-01,GILD,skip,0.0,0,5.1039,0.0,0.0,True
2018-06-01,GM,buy_call,3.2317,4,-7.7283,-3.2317,-0.129268,True
2018-06-01,GOOGL,buy_call,3.4858,4,2.6536,-0.8322,-0.033288,True
2018-06-01,GS,skip,0.0,0,-2.0055,0.0,0.0,True
2018-06-01,HD,buy_call,2.7959,4,5.1688,2.3729,0.094916,True
2018-06-01,HON,skip,0.0,0,-2.1155,0.0,0.0,True
2018-06-01,IBM,skip,0.0,0,-0.0419,0.0,0.0,True
2018-06-01,ICE,skip,0.0,0,3.7523,0.0,0.0,True
2018-06-01,INTC,buy_call,4.1737,4,-9.4259,-4.1737,-0.166948,True
2018-06-01,ISRG,buy_call,2.4594,4,4.0921,1.6327,0.065308,True
2018-06-01,ITW,skip,0.0,0,-3.5908,0.0,0.0,True
2018-06-01,JNJ,skip,0.0,0,2.1902,0.0,0.0,True
2018-06-01,JPM,buy_call,2.7389,4,-2.6259,-2.7389,-0.109556,True
2018-06-01,KO,skip,0.0,0,2.0,0.0,0.0,True
2018-06-01,LLY,buy_call,3.5202,4,1.0329,-2.4872,-0.099488,True
2018-06-01,LMT,skip,0.0,0,-5.4867,0.0,0.0,True
2018-06-01,LOW,buy_call,2.7959,4,0.5894,-2.2065,-0.08826,True
2018-06-01,MA,buy_call,2.7116,4,3.3663,0.6547,0.026188,True
2018-06-01,MCD,skip,0.0,0,-2.0748,0.0,0.0,True
2018-06-01,MDLZ,skip,0.0,0,4.4054,0.0,0.0,True
2018-06-01,MDT,buy_call,2.4594,4,-0.8225,-2.4594,-0.098376,True
2018-06-01,MET,skip,0.0,0,-4.2968,0.0,0.0,True
2018-06-01,META,buy_call,4.3383,4,1.3244,-3.0138,-0.120552,True
2018-06-01,MMM,skip,0.0,0,0.4236,0.0,0.0,True
2018-06-01,MO,skip,0.0,0,1.8838,0.0,0.0,True
2018-06-01,MRK,buy_call,2.7192,4,1.9654,-0.7538,-0.030152,True
2018-06-01,MS,skip,0.0,0,-5.4647,0.0,0.0,True
2018-06-01,MSFT,buy_call,2.8745,4,0.1997,-2.6747,-0.106988,True
2018-06-01,MU,buy_call,5.3919,4,-8.9425,-5.3919,-0.215676,True
2018-06-01,NEE,buy_call,1.9747,4,0.7358,-1.239,-0.04956,True
2018-06-01,NFLX,buy_call,4.4729,4,11.3282,6.8553,0.274212,True
2018-06-01,NKE,buy_call,3.5085,4,10.9749,7.4664,0.298656,True
2018-06-01,NVDA,buy_call,5.3919,4,-6.0048,-5.3919,-0.215676,True
2018-06-01,ORCL,skip,0.0,0,-5.6935,0.0,0.0,True
2018-06-01,PEP,skip,0.0,0,9.5973,0.0,0.0,True
2018-06-01,PFE,buy_call,2.8264,4,1.9598,-0.8666,-0.034664,True
2018-06-01,PG,skip,0.0,0,6.6831,0.0,0.0,True
2018-06-01,PM,skip,0.0,0,1.5087,0.0,0.0,True
2018-06-01,PYPL,buy_call,2.7116,4,1.4622,-1.2495,-0.04998,True
2018-06-01,QCOM,skip,0.0,0,-2.4323,0.0,0.0,True
2018-06-01,SBUX,skip,0.0,0,-13.3484,0.0,0.0,True
2018-06-01,SCHW,buy_call,2.7389,4,-7.9699,-2.7389,-0.109556,True
2018-06-01,SO,skip,0.0,0,4.5788,0.0,0.0,True
2018-06-01,SPGI,buy_call,2.7389,4,3.4944,0.7555,0.03022,True
2018-06-01,SYK,buy_call,2.4594,4,-2.9652,-2.4594,-0.098376,True
2018-06-01,T,skip,0.0,0,-0.6498,0.0,0.0,True
2018-06-01,TJX,buy_call,2.4474,4,5.8633,3.4159,0.136636,True
2018-06-01,TMO,buy_call,2.8279,4,-0.5426,-2.8279,-0.113116,True
2018-06-01,TMUS,skip,0.0,0,7.2711,0.0,0.0,True
2018-06-01,TXN,buy_call,4.1737,4,-0.8902,-4.1737,-0.166948,True
2018-06-01,UNH,buy_call,2.9729,4,1.5859,-1.387,-0.05548,True
2018-06-01,UNP,buy_call,3.2317,4,-0.251,-3.2317,-0.129268,True
2018-06-01,USB,skip,0.0,0,0.06,0.0,0.0,True
2018-06-01,V,buy_call,2.5501,4,1.4863,-1.0638,-0.042552,True
2018-06-01,VZ,skip,0.0,0,5.5381,0.0,0.0,True
2018-06-01,WFC,skip,0.0,0,3.4588,0.0,0.0,True
2018-06-01,WMT,skip,0.0,0,4.4216,0.0,0.0,True
2018-06-01,XOM,skip,0.0,0,2.8662,0.0,0.0,True
2018-07-01,AAPL,buy_call,3.1456,8,2.7983,-0.3473,-0.027784,True
2018-07-01,ABBV,skip,0.0,0,-0.4533,0.0,0.0,True
2018-07-01,ABT,buy_call,2.4594,8,7.4602,5.0008,0.400064,True
2018-07-01,ADBE,buy_call,2.8745,8,0.3568,-2.5176,-0.201408,True
2018-07-01,ADP,buy_call,3.0196,8,1.1464,-1.8731,-0.149848,True
2018-07-01,AMAT,skip,0.0,0,5.2825,0.0,0.0,True
2018-07-01,AMGN,buy_call,2.8264,8,6.4792,3.6528,0.292224,True
2018-07-01,AMT,buy_call,3.0196,8,3.3977,0.3781,0.030248,True
2018-07-01,AMZN,buy_call,3.8265,8,4.5676,0.7411,0.059288,True
2018-07-01,AVGO,skip,0.0,0,-7.3756,0.0,0.0,True
2018-07-01,AXP,skip,0.0,0,1.551,0.0,0.0,True
2018-07-01,BA,buy_call,3.0,8,6.1965,3.1965,0.25572,True
2018-07-01,BAC,skip,0.0,0,9.5424,0.0,0.0,True
2018-07-01,BDX,buy_call,2.4594,8,4.852,2.3926,0.191408,True
2018-07-01,BKNG,buy_call,3.0,8,0.0804,-2.9196,-0.233568,True
2018-07-01,BLK,skip,0.0,0,1.2913,0.0,0.0,True
2018-07-01,BMY,skip,0.0,0,6.1619,0.0,0.0,True
2018-07-01,BRK-B,skip,0.0,0,6.0113,0.0,0.0,True
2018-07-01,C,skip,0.0,0,7.4268,0.0,0.0,True
2018-07-01,CAT,skip,0.0,0,5.9925,0.0,0.0,True
2018-07-01,CHTR,skip,0.0,0,3.8778,0.0,0.0,True
2018-07-01,CL,skip,0.0,0,3.3946,0.0,0.0,True
2018-07-01,CMCSA,skip,0.0,0,9.0521,0.0,0.0,True
2018-07-01,CME,buy_call,2.7389,8,-2.5351,-2.7389,-0.219112,True
2018-07-01,COST,buy_call,2.5784,8,4.656,2.0775,0.1662,True
2018-07-01,CRM,buy_call,3.8947,8,0.5499,-3.3449,-0.267592,True
2018-07-01,CSCO,buy_call,3.0196,8,-1.7197,-3.0196,-0.241568,True
2018-07-01,CSX,buy_call,3.0,8,10.8184,7.8184,0.625472,True
2018-07-01,CVS,skip,0.0,0,0.7926,0.0,0.0,True
2018-07-01,CVX,buy_call,3.0632,8,-0.1266,-3.0632,-0.245056,True
2018-07-01,DHR,buy_call,2.4594,8,4.1219,1.6625,0.133,True
2018-07-01,DIS,skip,0.0,0,8.3485,0.0,0.0,True
2018-07-01,DUK,skip,0.0,0,3.212,0.0,0.0,True
2018-07-01,ELV,buy_call,2.9729,8,6.6401,3.6673,0.293384,True
2018-07-01,EOG,buy_call,3.2317,8,3.6245,0.3928,0.031424,True
2018-07-01,EQIX,skip,0.0,0,2.1843,0.0,0.0,True
2018-07-01,FDX,skip,0.0,0,8.5702,0.0,0.0,True
2018-07-01,GE,skip,0.0,0,1.0358,0.0,0.0,True
2018-07-01,GILD,buy_call,2.8264,8,10.7528,7.9264,0.634112,True
2018-07-01,GM,skip,0.0,0,-2.9422,0.0,0.0,True
2018-07-01,GOOGL,buy_call,3.4858,8,8.6815,5.1956,0.415648,True
2018-07-01,GS,skip,0.0,0,7.6438,0.0,0.0,True
2018-07-01,HD,buy_call,2.7959,8,1.2404,-1.5555,-0.12444,True
2018-07-01,HON,skip,0.0,0,10.8296,0.0,0.0,True
2018-07-01,IBM,skip,0.0,0,3.7437,0.0,0.0,True
2018-07-01,ICE,buy_call,3.0,8,0.8102,-2.1898,-0.175184,True
2018-07-01,INTC,buy_call,4.1737,8,-3.2388,-4.1737,-0.333896,True
2018-07-01,ISRG,buy_call,2.4594,8,6.2092,3.7499,0.299992,True
2018-07-01,ITW,skip,0.0,0,4.033,0.0,0.0,True
2018-07-01,JNJ,skip,0.0,0,9.2138,0.0,0.0,True
2018-07-01,JPM,skip,0.0,0,10.3167,0.0,0.0,True
2018-07-01,KO,skip,0.0,0,7.2624,0.0,0.0,True
2018-07-01,LLY,buy_call,3.5202,8,15.7975,12.2773,0.982184,True
2018-07-01,LMT,skip,0.0,0,10.3815,0.0,0.0,True
2018-07-01,LOW,buy_call,2.7959,8,3.9447,1.1488,0.091904,True
2018-07-01,MA,buy_call,2.7116,8,0.7531,-1.9586,-0.156688,True
2018-07-01,MCD,skip,0.0,0,1.1811,0.0,0.0,True
2018-07-01,MDLZ,skip,0.0,0,6.3758,0.0,0.0,True
2018-07-01,MDT,buy_call,2.4594,8,5.3966,2.9372,0.234976,True
2018-07-01,MET,skip,0.0,0,4.9083,0.0,0.0,True
2018-07-01,META,buy_call,4.3383,8,-11.1877,-4.3383,-0.347064,True
2018-07-01,MMM,skip,0.0,0,7.9301,0.0,0.0,True
2018-07-01,MO,skip,0.0,0,4.603,0.0,0.0,True
2018-07-01,MRK,buy_call,2.7192,8,9.3559,6.6367,0.530936,True
2018-07-01,MS,skip,0.0,0,6.6667,0.0,0.0,True
2018-07-01,MSFT,buy_call,2.8745,8,7.5753,4.7008,0.376064,True
2018-07-01,MU,buy_call,5.3919,8,0.6675,-4.7244,-0.377952,True
2018-07-01,NEE,buy_call,1.9747,8,0.9928,-0.982,-0.07856,True
2018-07-01,NFLX,buy_call,4.4729,8,-13.7905,-4.4729,-0.357832,True
2018-07-01,NKE,buy_call,3.5085,8,-3.2068,-3.5085,-0.28068,True
2018-07-01,NVDA,buy_call,5.3919,8,3.3601,-2.0318,-0.162544,True
2018-07-01,ORCL,skip,0.0,0,8.2161,0.0,0.0,True
2018-07-01,PEP,skip,0.0,0,5.6306,0.0,0.0,True
2018-07-01,PFE,buy_call,2.8264,8,10.0606,7.2342,0.578736,True
2018-07-01,PG,skip,0.0,0,3.6126,0.0,0.0,True
2018-07-01,PM,skip,0.0,0,8.3979,0.0,0.0,True
2018-07-01,PYPL,buy_call,2.7116,8,-1.357,-2.7116,-0.216928,True
2018-07-01,QCOM,skip,0.0,0,14.2017,0.0,0.0,True
2018-07-01,SBUX,skip,0.0,0,7.2467,0.0,0.0,True
2018-07-01,SCHW,skip,0.0,0,-0.0783,0.0,0.0,True
2018-07-01,SO,skip,0.0,0,4.9449,0.0,0.0,True
2018-07-01,SPGI,buy_call,2.7389,8,-1.6921,-2.7389,-0.219112,True
2018-07-01,SYK,buy_call,2.4594,8,-3.0529,-2.4594,-0.196752,True
2018-07-01,T,skip,0.0,0,-0.436,0.0,0.0,True
2018-07-01,TJX,buy_call,2.4474,8,2.1853,-0.2621,-0.020968,True
2018-07-01,TMO,buy_call,2.8279,8,13.312,10.4841,0.838728,True
2018-07-01,TMUS,skip,0.0,0,0.4184,0.0,0.0,True
2018-07-01,TXN,buy_call,4.1737,8,0.9705,-3.2031,-0.256248,True
2018-07-01,UNH,buy_call,2.9729,8,3.5769,0.6041,0.048328,True
2018-07-01,UNP,buy_call,3.2317,8,5.7948,2.563,0.20504,True
2018-07-01,USB,skip,0.0,0,6.6195,0.0,0.0,True
2018-07-01,V,buy_call,2.5501,8,3.239,0.6889,0.055112,True
2018-07-01,VZ,skip,0.0,0,2.6436,0.0,0.0,True
2018-07-01,WFC,skip,0.0,0,3.3369,0.0,0.0,True
2018-07-01,WMT,skip,0.0,0,4.1798,0.0,0.0,True
2018-07-01,XOM,buy_call,3.2317,8,-1.4747,-3.2317,-0.258536,True
2018-08-01,AAPL,buy_call,3.1456,4,19.6227,16.4772,0.659088,True
2018-08-01,ABBV,skip,0.0,0,5.1287,0.0,0.0,True
2018-08-01,ABT,buy_call,2.4594,4,2.442,-0.0174,-0.000696,True
2018-08-01,ADBE,buy_call,2.8745,4,7.6958,4.8213,0.192852,True
2018-08-01,ADP,buy_call,3.0196,4,8.7118,5.6922,0.227688,True
2018-08-01,AMAT,skip,0.0,0,-11.5361,0.0,0.0,True
2018-08-01,AMGN,buy_call,2.8264,4,1.6586,-1.1678,-0.046712,True
2018-08-01,AMT,buy_call,3.0196,4,0.5936,-2.426,-0.09704,True
2018-08-01,AMZN,buy_call,3.8265,4,13.2364,9.41,0.3764,True
2018-08-01,AVGO,skip,0.0,0,-1.2355,0.0,0.0,True
2018-08-01,AXP,buy_call,2.7116,4,6.8735,4.1619,0.166476,True
2018-08-01,BA,buy_call,3.0,4,-3.7917,-3.0,-0.12,True
2018-08-01,BAC,skip,0.0,0,0.1619,0.0,0.0,True
2018-08-01,BDX,buy_call,2.4594,4,4.5932,2.1338,0.085352,True
2018-08-01,BKNG,buy_call,3.0,4,-3.8039,-3.0,-0.12,True
2018-08-01,BLK,skip,0.0,0,-4.714,0.0,0.0,True
2018-08-01,BMY,skip,0.0,0,3.81,0.0,0.0,True
2018-08-01,BRK-B,skip,0.0,0,5.4834,0.0,0.0,True
2018-08-01,C,skip,0.0,0,-0.9042,0.0,0.0,True
2018-08-01,CAT,skip,0.0,0,-2.8502,0.0,0.0,True
2018-08-01,CHTR,skip,0.0,0,1.9108,0.0,0.0,True
2018-08-01,CL,skip,0.0,0,-0.257,0.0,0.0,True
2018-08-01,CMCSA,skip,0.0,0,3.9839,0.0,0.0,True
2018-08-01,CME,buy_call,2.7389,4,9.8102,7.0714,0.282856,True
2018-08-01,COST,buy_call,2.5784,4,6.5932,4.0148,0.160592,True
2018-08-01,CRM,buy_call,3.8947,4,11.3233,7.4286,0.297144,True
2018-08-01,CSCO,buy_call,3.0196,4,13.8386,10.819,0.43276,True
2018-08-01,CSX,buy_call,3.0,4,4.9236,1.9236,0.076944,True
2018-08-01,CVS,skip,0.0,0,16.8847,0.0,0.0,True
2018-08-01,CVX,buy_call,3.0632,4,-6.1851,-3.0632,-0.122528,True
2018-08-01,DHR,buy_call,2.4594,4,0.9358,-1.5236,-0.060944,True
2018-08-01,DIS,buy_call,3.3259,4,-0.5632,-3.3259,-0.133036,True
2018-08-01,DUK,buy_call,1.9747,4,-0.4656,-1.9747,-0.078988,True
2018-08-01,ELV,buy_call,2.9729,4,4.6364,1.6635,0.06654,True
2018-08-01,EOG,buy_call,3.2317,4,-8.1713,-3.2317,-0.129268,True
2018-08-01,EQIX,skip,0.0,0,-0.7171,0.0,0.0,True
2018-08-01,FDX,skip,0.0,0,-0.7809,0.0,0.0,True
2018-08-01,GE,skip,0.0,0,-5.0624,0.0,0.0,True
2018-08-01,GILD,skip,0.0,0,-2.6982,0.0,0.0,True
2018-08-01,GM,skip,0.0,0,-4.9064,0.0,0.0,True
2018-08-01,GOOGL,buy_call,3.4858,4,0.3732,-3.1126,-0.124504,True
2018-08-01,GS,skip,0.0,0,0.16,0.0,0.0,True
2018-08-01,HD,skip,0.0,0,1.6454,0.0,0.0,True
2018-08-01,HON,buy_call,3.0196,4,-0.3696,-3.0196,-0.120784,True
2018-08-01,IBM,skip,0.0,0,1.0695,0.0,0.0,True
2018-08-01,ICE,buy_call,3.0,4,3.1389,0.1389,0.005556,True
2018-08-01,INTC,buy_call,4.1737,4,0.6861,-3.4876,-0.139504,True
2018-08-01,ISRG,buy_call,2.4594,4,10.195,7.7356,0.309424,True
2018-08-01,ITW,skip,0.0,0,-3.1047,0.0,0.0,True
2018-08-01,JNJ,skip,0.0,0,1.6375,0.0,0.0,True
2018-08-01,JPM,buy_call,2.7389,4,0.2198,-2.5191,-0.100764,True
2018-08-01,KO,skip,0.0,0,-4.4178,0.0,0.0,True
2018-08-01,LLY,buy_call,3.5202,4,6.9224,3.4022,0.136088,True
2018-08-01,LMT,skip,0.0,0,-1.7449,0.0,0.0,True
2018-08-01,LOW,skip,0.0,0,9.9944,0.0,0.0,True
2018-08-01,MA,buy_call,2.7116,4,9.0057,6.2941,0.251764,True
2018-08-01,MCD,skip,0.0,0,2.977,0.0,0.0,True
2018-08-01,MDLZ,skip,0.0,0,-1.5214,0.0,0.0,True
2018-08-01,MDT,buy_call,2.4594,4,7.4741,5.0147,0.200588,True
2018-08-01,MET,skip,0.0,0,0.3279,0.0,0.0,True
2018-08-01,META,skip,0.0,0,1.8252,0.0,0.0,True
2018-08-01,MMM,skip,0.0,0,-0.6594,0.0,0.0,True
2018-08-01,MO,skip,0.0,0,-0.2727,0.0,0.0,True
2018-08-01,MRK,buy_call,2.7192,4,4.1294,1.4102,0.056408,True
2018-08-01,MS,skip,0.0,0,-2.8508,0.0,0.0,True
2018-08-01,MSFT,buy_call,2.8745,4,5.8918,3.0173,0.120692,True
2018-08-01,MU,buy_call,5.3919,4,-0.5115,-5.3919,-0.215676,True
2018-08-01,NEE,buy_call,1.9747,4,1.528,-0.4468,-0.017872,True
2018-08-01,NFLX,buy_call,4.4729,4,8.9584,4.4855,0.17942,True
2018-08-01,NKE,buy_call,3.5085,4,6.8781,3.3696,0.134784,True
2018-08-01,NVDA,skip,0.0,0,14.6288,0.0,0.0,True
2018-08-01,ORCL,skip,0.0,0,2.2872,0.0,0.0,True
2018-08-01,PEP,skip,0.0,0,-2.6,0.0,0.0,True
2018-08-01,PFE,buy_call,2.8264,4,3.982,1.1556,0.046224,True
2018-08-01,PG,skip,0.0,0,3.4902,0.0,0.0,True
2018-08-01,PM,skip,0.0,0,-9.7451,0.0,0.0,True
2018-08-01,PYPL,skip,0.0,0,12.4057,0.0,0.0,True
2018-08-01,QCOM,skip,0.0,0,7.2086,0.0,0.0,True
2018-08-01,SBUX,skip,0.0,0,2.0233,0.0,0.0,True
2018-08-01,SCHW,skip,0.0,0,-0.5288,0.0,0.0,True
2018-08-01,SO,buy_call,1.9747,4,-9.9177,-1.9747,-0.078988,True
2018-08-01,SPGI,buy_call,2.7389,4,3.2977,0.5588,0.022352,True
2018-08-01,SYK,skip,0.0,0,3.7856,0.0,0.0,True
2018-08-01,T,skip,0.0,0,1.9718,0.0,0.0,True
2018-08-01,TJX,buy_call,2.4474,4,13.0681,10.6207,0.424828,True
2018-08-01,TMO,buy_call,2.8279,4,1.9486,-0.8793,-0.035172,True
2018-08-01,TMUS,skip,0.0,0,10.0666,0.0,0.0,True
2018-08-01,TXN,buy_call,4.1737,4,1.5292,-2.6445,-0.10578,True
2018-08-01,UNH,buy_call,2.9729,4,6.0185,3.0456,0.121824,True
2018-08-01,UNP,buy_call,3.2317,4,0.487,-2.7447,-0.109788,True
2018-08-01,USB,skip,0.0,0,2.0751,0.0,0.0,True
2018-08-01,V,buy_call,2.5501,4,7.4228,4.8728,0.194912,True
2018-08-01,VZ,skip,0.0,0,6.5073,0.0,0.0,True
2018-08-01,WFC,skip,0.0,0,2.0772,0.0,0.0,True
2018-08-01,WMT,skip,0.0,0,7.4302,0.0,0.0,True
2018-08-01,XOM,skip,0.0,0,-1.6439,0.0,0.0,True
2018-09-01,AAPL,buy_call,3.1456,1,-0.4825,-3.1456,-0.031456,False
2018-09-01,ABBV,skip,0.0,0,-1.4586,0.0,0.0,False
2018-09-01,ABT,buy_call,2.4594,1,9.7546,7.2952,0.072952,False
2018-09-01,ADBE,buy_call,2.8745,1,2.4439,-0.4305,-0.004305,False
2018-09-01,ADP,buy_call,3.0196,1,2.6644,-0.3552,-0.003552,False
2018-09-01,AMAT,skip,0.0,0,-9.7456,0.0,0.0,False
2018-09-01,AMGN,buy_call,2.8264,1,4.4496,1.6232,0.016232,False
2018-09-01,AMT,buy_call,3.0196,1,-2.5617,-3.0196,-0.030196,False
2018-09-01,AMZN,buy_call,3.8265,1,-0.4824,-3.8265,-0.038265,False
2018-09-01,AVGO,skip,0.0,0,12.6467,0.0,0.0,False
2018-09-01,AXP,buy_call,2.7116,1,0.4812,-2.2304,-0.022304,False
2018-09-01,BA,skip,0.0,0,9.0282,0.0,0.0,False
2018-09-01,BAC,skip,0.0,0,-4.7527,0.0,0.0,False
2018-09-01,BDX,buy_call,2.4594,1,-0.3322,-2.4594,-0.024594,False
2018-09-01,BKNG,skip,0.0,0,1.6628,0.0,0.0,False
2018-09-01,BLK,skip,0.0,0,-1.6136,0.0,0.0,False
2018-09-01,BMY,skip,0.0,0,2.5269,0.0,0.0,False
2018-09-01,BRK-B,buy_call,1.809,1,2.5824,0.7734,0.007734,False
2018-09-01,C,skip,0.0,0,1.3366,0.0,0.0,False
2018-09-01,CAT,skip,0.0,0,9.8236,0.0,0.0,False
2018-09-01,CHTR,skip,0.0,0,4.9871,0.0,0.0,False
2018-09-01,CL,skip,0.0,0,0.8131,0.0,0.0,False
2018-09-01,CMCSA,buy_call,3.1005,1,-4.2714,-3.1005,-0.031005,False
2018-09-01,CME,buy_call,2.7389,1,-2.5869,-2.7389,-0.027389,False
2018-09-01,COST,buy_call,2.5784,1,1.0007,-1.5777,-0.015777,False
2018-09-01,CRM,buy_call,3.8947,1,4.159,0.2643,0.002643,False
2018-09-01,CSCO,buy_call,3.0196,1,1.8422,-1.1774,-0.011774,False
2018-09-01,CSX,buy_call,3.0,1,0.1461,-2.8539,-0.028539,False
2018-09-01,CVS,buy_call,2.9729,1,4.6252,1.6524,0.016524,False
2018-09-01,CVX,buy_call,3.0632,1,4.2143,1.1511,0.011511,False
2018-09-01,DHR,buy_call,2.4594,1,4.945,2.4856,0.024856,False
2018-09-01,DIS,buy_call,3.3259,1,4.3921,1.0662,0.010662,False
2018-09-01,DUK,buy_call,1.9747,1,-0.3723,-1.9747,-0.019747,False
2018-09-01,ELV,buy_call,2.9729,1,3.5206,0.5477,0.005477,False
2018-09-01,EOG,buy_call,3.2317,1,7.8998,4.6681,0.046681,False
2018-09-01,EQIX,buy_call,3.0196,1,-0.2239,-3.0196,-0.030196,False
2018-09-01,FDX,skip,0.0,0,-1.2953,0.0,0.0,False
2018-09-01,GE,skip,0.0,0,-12.7512,0.0,0.0,False
2018-09-01,GILD,skip,0.0,0,1.9543,0.0,0.0,False
2018-09-01,GM,skip,0.0,0,-6.6019,0.0,0.0,False
2018-09-01,GOOGL,buy_call,3.4858,1,-2.0068,-3.4858,-0.034858,False
2018-09-01,GS,skip,0.0,0,-5.394,0.0,0.0,False
2018-09-01,HD,buy_call,2.7959,1,3.7067,0.9108,0.009108,False
2018-09-01,HON,buy_call,3.0196,1,5.1259,2.1063,0.021063,False
2018-09-01,IBM,skip,0.0,0,4.3444,0.0,0.0,False
2018-09-01,ICE,buy_call,3.0,1,-1.7578,-3.0,-0.03,False
2018-09-01,INTC,skip,0.0,0,-1.7601,0.0,0.0,False
2018-09-01,ISRG,buy_call,2.4594,1,2.5,0.0406,0.000406,False
2018-09-01,ITW,skip,0.0,0,1.6129,0.0,0.0,False
2018-09-01,JNJ,buy_call,2.057,1,3.2674,1.2104,0.012104,False
2018-09-01,JPM,buy_call,2.7389,1,-1.5186,-2.7389,-0.027389,False
2018-09-01,KO,buy_call,1.9747,1,3.6347,1.66,0.0166,False
2018-09-01,LLY,buy_call,3.5202,1,2.1325,-1.3876,-0.013876,False
2018-09-01,LMT,skip,0.0,0,8.6493,0.0,0.0,False
2018-09-01,LOW,buy_call,2.7959,1,5.5816,2.7857,0.027857,False
2018-09-01,MA,buy_call,2.7116,1,3.2706,0.5589,0.005589,False
2018-09-01,MCD,buy_call,1.9747,1,3.7628,1.788,0.01788,False
2018-09-01,MDLZ,skip,0.0,0,0.5618,0.0,0.0,False
2018-09-01,MDT,buy_call,2.4594,1,2.033,-0.4264,-0.004264,False
2018-09-01,MET,buy_call,2.7389,1,2.7429,0.004,4e-05,False
2018-09-01,META,skip,0.0,0,-6.4132,0.0,0.0,False
2018-09-01,MMM,skip,0.0,0,0.5701,0.0,0.0,False
2018-09-01,MO,skip,0.0,0,3.0588,0.0,0.0,False
2018-09-01,MRK,buy_call,2.7192,1,3.4261,0.707,0.00707,False
2018-09-01,MS,skip,0.0,0,-4.6283,0.0,0.0,False
2018-09-01,MSFT,buy_call,2.8745,1,2.2079,-0.6666,-0.006666,False
2018-09-01,MU,buy_call,5.3919,1,-13.8804,-5.3919,-0.053919,False
2018-09-01,NEE,buy_call,1.9747,1,-0.8243,-1.9747,-0.019747,False
2018-09-01,NFLX,buy_call,4.4729,1,1.7542,-2.7187,-0.027187,False
2018-09-01,NKE,buy_call,3.5085,1,3.3196,-0.1889,-0.001889,False
2018-09-01,NVDA,buy_call,5.3919,1,0.1759,-5.216,-0.05216,False
2018-09-01,ORCL,skip,0.0,0,6.1342,0.0,0.0,False
2018-09-01,PEP,buy_call,2.2339,1,-0.1875,-2.2339,-0.022339,False
2018-09-01,PFE,buy_call,2.8264,1,7.0454,4.219,0.04219,False
2018-09-01,PG,buy_call,2.0993,1,0.3375,-1.7618,-0.017618,False
2018-09-01,PM,skip,0.0,0,4.6861,0.0,0.0,False
2018-09-01,PYPL,buy_call,2.7116,1,-4.863,-2.7116,-0.027116,False
2018-09-01,QCOM,buy_call,4.254,1,4.8319,0.5779,0.005779,False
2018-09-01,SBUX,skip,0.0,0,7.0827,0.0,0.0,False
2018-09-01,SCHW,skip,0.0,0,-2.9792,0.0,0.0,False
2018-09-01,SO,buy_call,1.9747,1,0.8629,-1.1118,-0.011118,False
2018-09-01,SPGI,buy_call,2.7389,1,-5.3983,-2.7389,-0.027389,False
2018-09-01,SYK,buy_call,2.4594,1,4.8693,2.4099,0.024099,False
2018-09-01,T,skip,0.0,0,5.1346,0.0,0.0,False
2018-09-01,TJX,buy_call,2.4474,1,2.259,-0.1884,-0.001884,False
2018-09-01,TMO,buy_call,2.8279,1,2.0828,-0.7451,-0.007451,False
2018-09-01,TMUS,buy_call,3.1005,1,6.2689,3.1684,0.031684,False
2018-09-01,TXN,buy_call,4.1737,1,-4.5463,-4.1737,-0.041737,False
2018-09-01,UNH,buy_call,2.9729,1,-0.9015,-2.9729,-0.029729,False
2018-09-01,UNP,buy_call,3.2317,1,8.683,5.4512,0.054512,False
2018-09-01,USB,buy_call,2.7389,1,-2.4025,-2.7389,-0.027389,False
2018-09-01,V,buy_call,2.5501,1,2.3321,-0.218,-0.00218,False
2018-09-01,VZ,buy_call,3.1005,1,-1.8025,-3.1005,-0.031005,False
2018-09-01,WFC,buy_call,3.4824,1,-9.4654,-3.4824,-0.034824,False
2018-09-01,WMT,buy_call,2.4474,1,-1.4652,-2.4474,-0.024474,False
2018-09-01,XOM,buy_call,3.2317,1,7.1435,3.9117,0.039117,False
2018-10-01,AAPL,buy_call,3.1456,2,-3.0478,-3.1456,-0.062912,True
2018-10-01,ABBV,buy_call,2.8264,2,-17.6887,-2.8264,-0.056528,True
2018-10-01,ABT,buy_call,2.4594,2,-6.0251,-2.4594,-0.049188,True
2018-10-01,ADBE,buy_call,2.8745,2,-8.9609,-2.8745,-0.05749,True
2018-10-01,ADP,buy_call,3.0196,2,-3.9169,-3.0196,-0.060392,True
2018-10-01,AMAT,skip,0.0,0,-14.9288,0.0,0.0,True
2018-10-01,AMGN,buy_call,2.8264,2,-6.995,-2.8264,-0.056528,True
2018-10-01,AMT,buy_call,3.0196,2,7.825,4.8055,0.09611,True
2018-10-01,AMZN,buy_call,3.8265,2,-20.2192,-3.8265,-0.07653,True
2018-10-01,AVGO,buy_call,4.1737,2,-8.7391,-4.1737,-0.083474,True
2018-10-01,AXP,buy_call,2.7116,2,-3.5308,-2.7116,-0.054232,True
2018-10-01,BA,buy_call,3.0,2,-4.5819,-3.0,-0.06,True
2018-10-01,BAC,skip,0.0,0,-6.2019,0.0,0.0,True
2018-10-01,BDX,buy_call,2.4594,2,-11.4279,-2.4594,-0.049188,True
2018-10-01,BKNG,skip,0.0,0,-5.5151,0.0,0.0,True
2018-10-01,BLK,skip,0.0,0,-12.1358,0.0,0.0,True
2018-10-01,BMY,skip,0.0,0,-18.589,0.0,0.0,True
2018-10-01,BRK-B,buy_call,1.809,2,-4.124,-1.809,-0.03618,True
2018-10-01,C,buy_call,3.0,2,-8.7539,-3.0,-0.06,True
2018-10-01,CAT,buy_call,3.2317,2,-20.4407,-3.2317,-0.064634,True
2018-10-01,CHTR,buy_call,3.1005,2,-1.6908,-3.1005,-0.06201,True
2018-10-01,CL,skip,0.0,0,-11.053,0.0,0.0,True
2018-10-01,CMCSA,buy_call,3.1005,2,7.7097,4.6092,0.092184,True
2018-10-01,CME,buy_call,2.7389,2,8.0914,5.3525,0.10705,True
2018-10-01,COST,buy_call,2.5784,2,-2.6609,-2.5784,-0.051568,True
2018-10-01,CRM,buy_call,3.8947,2,-13.7018,-3.8947,-0.077894,True
2018-10-01,CSCO,buy_call,3.0196,2,-5.961,-3.0196,-0.060392,True
2018-10-01,CSX,buy_call,3.0,2,-7.0088,-3.0,-0.06,True
2018-10-01,CVS,buy_call,2.9729,2,-8.0412,-2.9729,-0.059458,True
2018-10-01,CVX,buy_call,3.0632,2,-8.6932,-3.0632,-0.061264,True
2018-10-01,DHR,buy_call,2.4594,2,-8.3874,-2.4594,-0.049188,True
2018-10-01,DIS,buy_call,3.3259,2,-1.8043,-3.3259,-0.066518,True
2018-10-01,DUK,buy_call,1.9747,2,3.2617,1.2869,0.025738,True
2018-10-01,ELV,buy_call,2.9729,2,0.8338,-2.1391,-0.042782,True
2018-10-01,EOG,buy_call,3.2317,2,-17.4257,-3.2317,-0.064634,True
2018-10-01,EQIX,buy_call,3.0196,2,-12.509,-3.0196,-0.060392,True
2018-10-01,FDX,buy_call,3.0196,2,-8.2506,-3.0196,-0.060392,True
2018-10-01,GE,skip,0.0,0,-9.6876,0.0,0.0,True
2018-10-01,GILD,buy_call,2.8264,2,-11.0096,-2.8264,-0.056528,True
2018-10-01,GM,skip,0.0,0,9.8553,0.0,0.0,True
2018-10-01,GOOGL,buy_call,3.4858,2,-9.6514,-3.4858,-0.069716,True
2018-10-01,GS,skip,0.0,0,0.5039,0.0,0.0,True
2018-10-01,HD,buy_call,2.7959,2,-15.0953,-2.7959,-0.055918,True
2018-10-01,HON,buy_call,3.0196,2,-9.1957,-3.0196,-0.060392,True
2018-10-01,IBM,buy_call,3.0196,2,-23.6625,-3.0196,-0.060392,True
2018-10-01,ICE,buy_call,3.0,2,3.1879,0.1879,0.003758,True
2018-10-01,INTC,skip,0.0,0,-0.867,0.0,0.0,True
2018-10-01,ISRG,buy_call,2.4594,2,-9.2021,-2.4594,-0.049188,True
2018-10-01,ITW,skip,0.0,0,-8.9648,0.0,0.0,True
2018-10-01,JNJ,buy_call,2.057,2,1.3172,-0.7398,-0.014796,True
2018-10-01,JPM,buy_call,2.7389,2,-3.3853,-2.7389,-0.054778,True
2018-10-01,KO,buy_call,1.9747,2,4.5405,2.5658,0.051316,True
2018-10-01,LLY,buy_call,3.5202,2,1.053,-2.4671,-0.049342,True
2018-10-01,LMT,buy_call,3.2317,2,-15.0625,-3.2317,-0.064634,True
2018-10-01,LOW,buy_call,2.7959,2,-17.0702,-2.7959,-0.055918,True
2018-10-01,MA,buy_call,2.7116,2,-11.2035,-2.7116,-0.054232,True
2018-10-01,MCD,buy_call,1.9747,2,5.7445,3.7697,0.075394,True
2018-10-01,MDLZ,buy_call,2.2339,2,-1.6901,-2.2339,-0.044678,True
2018-10-01,MDT,buy_call,2.4594,2,-8.6917,-2.4594,-0.049188,True
2018-10-01,MET,buy_call,2.7389,2,-11.8365,-2.7389,-0.054778,True
2018-10-01,META,buy_call,4.3383,2,-7.704,-4.3383,-0.086766,True
2018-10-01,MMM,skip,0.0,0,-9.7053,0.0,0.0,True
2018-10-01,MO,skip,0.0,0,9.2203,0.0,0.0,True
2018-10-01,MRK,buy_call,2.7192,2,4.4717,1.7525,0.03505,True
2018-10-01,MS,skip,0.0,0,-1.9541,0.0,0.0,True
2018-10-01,MSFT,buy_call,2.8745,2,-6.6101,-2.8745,-0.05749,True
2018-10-01,MU,skip,0.0,0,-16.604,0.0,0.0,True
2018-10-01,NEE,buy_call,1.9747,2,2.9236,0.9489,0.018978,True
2018-10-01,NFLX,buy_call,4.4729,2,-19.3382,-4.4729,-0.089458,True
2018-10-01,NKE,buy_call,3.5085,2,-11.4259,-3.5085,-0.07017,True
2018-10-01,NVDA,buy_call,5.3919,2,-24.9769,-5.3919,-0.107838,True
2018-10-01,ORCL,buy_call,3.5955,2,-5.2754,-3.5955,-0.07191,True
2018-10-01,PEP,buy_call,2.2339,2,1.3502,-0.8837,-0.017674,True
2018-10-01,PFE,buy_call,2.8264,2,-2.2918,-2.8264,-0.056528,True
2018-10-01,PG,buy_call,2.0993,2,6.5481,4.4488,0.088976,True
2018-10-01,PM,skip,0.0,0,9.5385,0.0,0.0,True
2018-10-01,PYPL,buy_call,2.7116,2,-4.1553,-2.7116,-0.054232,True
2018-10-01,QCOM,buy_call,4.254,2,-11.8941,-4.254,-0.08508,True
2018-10-01,SBUX,skip,0.0,0,2.5158,0.0,0.0,True
2018-10-01,SCHW,skip,0.0,0,-5.9207,0.0,0.0,True
2018-10-01,SO,buy_call,1.9747,2,3.2798,1.3051,0.026102,True
2018-10-01,SPGI,buy_call,2.7389,2,-6.6892,-2.7389,-0.054778,True
2018-10-01,SYK,buy_call,2.4594,2,-8.4563,-2.4594,-0.049188,True
2018-10-01,T,skip,0.0,0,-8.6361,0.0,0.0,True
2018-10-01,TJX,buy_call,2.4474,2,-1.9104,-2.4474,-0.048948,True
2018-10-01,TMO,buy_call,2.8279,2,-4.2064,-2.8279,-0.056558,True
2018-10-01,TMUS,buy_call,3.1005,2,-2.3226,-3.1005,-0.06201,True
2018-10-01,TXN,buy_call,4.1737,2,-13.4775,-4.1737,-0.083474,True
2018-10-01,UNH,buy_call,2.9729,2,-1.4314,-2.9729,-0.059458,True
2018-10-01,UNP,buy_call,3.2317,2,-10.2008,-3.2317,-0.064634,True
2018-10-01,USB,buy_call,2.7389,2,-0.3347,-2.7389,-0.054778,True
2018-10-01,V,buy_call,2.5501,2,-8.1551,-2.5501,-0.051002,True
2018-10-01,VZ,buy_call,3.1005,2,6.9301,3.8296,0.076592,True
2018-10-01,WFC,buy_call,3.4824,2,1.2747,-2.2077,-0.044154,True
2018-10-01,WMT,buy_call,2.4474,2,6.783,4.3356,0.086712,True
2018-10-01,XOM,buy_call,3.2317,2,-6.2809,-3.2317,-0.064634,True
2018-11-01,AAPL,buy_call,3.1456,4,-18.4044,-3.1456,-0.125824,True
2018-11-01,ABBV,skip,0.0,0,22.3872,0.0,0.0,True
2018-11-01,ABT,buy_call,2.4594,4,7.8539,5.3945,0.21578,True
2018-11-01,ADBE,buy_call,2.8745,4,2.0874,-0.7871,-0.031484,True
2018-11-01,ADP,buy_call,3.0196,4,2.3181,-0.7015,-0.02806,True
2018-11-01,AMAT,skip,0.0,0,13.3819,0.0,0.0,True
2018-11-01,AMGN,buy_call,2.8264,4,8.0191,5.1927,0.207708,True
2018-11-01,AMT,buy_call,3.0196,4,5.5709,2.5513,0.102052,True
2018-11-01,AMZN,buy_call,3.8265,4,5.7672,1.9407,0.077628,True
2018-11-01,AVGO,skip,0.0,0,6.2284,0.0,0.0,True
2018-11-01,AXP,buy_call,2.7116,4,9.6809,6.9692,0.278768,True
2018-11-01,BA,buy_call,3.0,4,-2.2826,-3.0,-0.12,True
2018-11-01,BAC,skip,0.0,0,3.2727,0.0,0.0,True
2018-11-01,BDX,buy_call,2.4594,4,9.6529,7.1935,0.28774,True
2018-11-01,BKNG,skip,0.0,0,0.9229,0.0,0.0,True
2018-11-01,BLK,skip,0.0,0,4.0324,0.0,0.0,True
2018-11-01,BMY,skip,0.0,0,6.4573,0.0,0.0,True
2018-11-01,BRK-B,buy_call,1.809,4,6.3133,4.5043,0.180172,True
2018-11-01,C,skip,0.0,0,-1.0235,0.0,0.0,True
2018-11-01,CAT,skip,0.0,0,12.5409,0.0,0.0,True
2018-11-01,CHTR,buy_call,3.1005,4,2.7562,-0.3443,-0.013772,True
2018-11-01,CL,skip,0.0,0,7.3763,0.0,0.0,True
2018-11-01,CMCSA,buy_call,3.1005,4,2.8311,-0.2695,-0.01078,True
2018-11-01,CME,buy_call,2.7389,4,3.7328,0.9939,0.039756,True
2018-11-01,COST,buy_call,2.5784,4,1.1591,-1.4194,-0.056776,True
2018-11-01,CRM,buy_call,3.8947,4,4.0222,0.1274,0.005096,True
2018-11-01,CSCO,buy_call,3.0196,4,5.3413,2.3217,0.092868,True
2018-11-01,CSX,buy_call,3.0,4,5.4749,2.4749,0.098996,True
2018-11-01,CVS,buy_call,2.9729,4,11.5546,8.5817,0.343268,True
2018-11-01,CVX,skip,0.0,0,6.5294,0.0,0.0,True
2018-11-01,DHR,skip,0.0,0,10.2012,0.0,0.0,True
2018-11-01,DIS,buy_call,3.3259,4,0.5748,-2.7511,-0.110044,True
2018-11-01,DUK,buy_call,1.9747,4,7.1887,5.2139,0.208556,True
2018-11-01,ELV,buy_call,2.9729,4,5.2618,2.2889,0.091556,True
2018-11-01,EOG,skip,0.0,0,-1.7508,0.0,0.0,True
2018-11-01,EQIX,skip,0.0,0,1.7268,0.0,0.0,True
2018-11-01,FDX,skip,0.0,0,3.9303,0.0,0.0,True
2018-11-01,GE,skip,0.0,0,-25.7426,0.0,0.0,True
2018-11-01,GILD,skip,0.0,0,5.5148,0.0,0.0,True
2018-11-01,GM,buy_call,3.2317,4,3.7169,0.4851,0.019404,True
2018-11-01,GOOGL,buy_call,3.4858,4,1.7486,-1.7372,-0.069488,True
2018-11-01,GS,skip,0.0,0,-15.388,0.0,0.0,True
2018-11-01,HD,skip,0.0,0,2.5245,0.0,0.0,True
2018-11-01,HON,buy_call,3.0196,4,1.3327,-1.6869,-0.067476,True
2018-11-01,IBM,skip,0.0,0,7.6583,0.0,0.0,True
2018-11-01,ICE,buy_call,3.0,4,6.0747,3.0747,0.122988,True
2018-11-01,INTC,skip,0.0,0,5.1834,0.0,0.0,True
2018-11-01,ISRG,buy_call,2.4594,4,1.8592,-0.6002,-0.024008,True
2018-11-01,ITW,skip,0.0,0,8.999,0.0,0.0,True
2018-11-01,JNJ,buy_call,2.057,4,4.9361,2.8791,0.115164,True
2018-11-01,JPM,buy_call,2.7389,4,2.7047,-0.0342,-0.001368,True
2018-11-01,KO,buy_call,1.9747,4,5.2632,3.2884,0.131536,True
2018-11-01,LLY,buy_call,3.5202,4,9.4061,5.886,0.23544,True
2018-11-01,LMT,skip,0.0,0,2.2393,0.0,0.0,True
2018-11-01,LOW,buy_call,2.7959,4,-0.4068,-2.7959,-0.111836,True
2018-11-01,MA,buy_call,2.7116,4,1.8379,-0.8738,-0.034952,True
2018-11-01,MCD,buy_call,1.9747,4,6.5631,4.5883,0.183532,True
2018-11-01,MDLZ,buy_call,2.2339,4,7.1462,4.9123,0.196492,True
2018-11-01,MDT,buy_call,2.4594,4,8.5838,6.1244,0.244976,True
2018-11-01,MET,skip,0.0,0,8.3516,0.0,0.0,True
2018-11-01,META,skip,0.0,0,-7.3655,0.0,0.0,True
2018-11-01,MMM,skip,0.0,0,9.282,0.0,0.0,True
2018-11-01,MO,buy_call,2.2339,4,-15.698,-2.2339,-0.089356,True
2018-11-01,MRK,buy_call,2.7192,4,7.7843,5.0651,0.202604,True
2018-11-01,MS,skip,0.0,0,-2.1132,0.0,0.0,True
2018-11-01,MSFT,buy_call,2.8745,4,3.8199,0.9454,0.037816,True
2018-11-01,MU,skip,0.0,0,2.2269,0.0,0.0,True
2018-11-01,NEE,buy_call,1.9747,4,5.3391,3.3644,0.134576,True
2018-11-01,NFLX,skip,0.0,0,-5.1859,0.0,0.0,True
2018-11-01,NKE,buy_call,3.5085,4,0.1066,-3.4019,-0.136076,True
2018-11-01,NVDA,skip,0.0,0,-22.4826,0.0,0.0,True
2018-11-01,ORCL,buy_call,3.5955,4,0.2382,-3.3573,-0.134292,True
2018-11-01,PEP,buy_call,2.2339,4,8.5069,6.2729,0.250916,True
2018-11-01,PFE,buy_call,2.8264,4,7.3618,4.5354,0.181416,True
2018-11-01,PG,buy_call,2.0993,4,7.5159,5.4166,0.216664,True
2018-11-01,PM,buy_call,2.2339,4,-1.7486,-2.2339,-0.089356,True
2018-11-01,PYPL,buy_call,2.7116,4,1.9242,-0.7874,-0.031496,True
2018-11-01,QCOM,buy_call,4.254,4,-7.3621,-4.254,-0.17016,True
2018-11-01,SBUX,buy_call,1.9747,4,14.5014,12.5267,0.501068,True
2018-11-01,SCHW,skip,0.0,0,-3.1142,0.0,0.0,True
2018-11-01,SO,buy_call,1.9747,4,5.1077,3.133,0.12532,True
2018-11-01,SPGI,skip,0.0,0,0.2962,0.0,0.0,True
2018-11-01,SYK,skip,0.0,0,8.1617,0.0,0.0,True
2018-11-01,T,skip,0.0,0,3.8406,0.0,0.0,True
2018-11-01,TJX,buy_call,2.4474,4,-11.0848,-2.4474,-0.097896,True
2018-11-01,TMO,buy_call,2.8279,4,6.805,3.9772,0.159088,True
2018-11-01,TMUS,buy_call,3.1005,4,-0.1459,-3.1005,-0.12402,True
2018-11-01,TXN,skip,0.0,0,8.4885,0.0,0.0,True
2018-11-01,UNH,buy_call,2.9729,4,7.6564,4.6835,0.18734,True
2018-11-01,UNP,buy_call,3.2317,4,5.1703,1.9385,0.07754,True
2018-11-01,USB,buy_call,2.7389,4,4.1898,1.4509,0.058036,True
2018-11-01,V,buy_call,2.5501,4,2.8001,0.2501,0.010004,True
2018-11-01,VZ,buy_call,3.1005,4,6.7931,3.6926,0.147704,True
2018-11-01,WFC,buy_call,3.4824,4,1.9726,-1.5098,-0.060392,True
2018-11-01,WMT,buy_call,2.4474,4,-2.6226,-2.4474,-0.097896,True
2018-11-01,XOM,buy_call,3.2317,4,-0.2259,-3.2317,-0.129268,True
2018-12-01,AAPL,skip,0.0,0,-11.3616,0.0,0.0,False
2018-12-01,ABBV,skip,0.0,0,-2.2064,0.0,0.0,False
2018-12-01,ABT,buy_call,2.4594,1,-2.3227,-2.4594,-0.024594,False
2018-12-01,ADBE,buy_call,2.8745,1,-9.825,-2.8745,-0.028745,False
2018-12-01,ADP,buy_call,3.0196,1,-11.0568,-3.0196,-0.030196,False
2018-12-01,AMAT,skip,0.0,0,-11.6843,0.0,0.0,False
2018-12-01,AMGN,buy_call,2.8264,1,-5.8683,-2.8264,-0.028264,False
2018-12-01,AMT,buy_call,3.0196,1,-3.83,-3.0196,-0.030196,False
2018-12-01,AMZN,buy_call,3.8265,1,-11.135,-3.8265,-0.038265,False
2018-12-01,AVGO,skip,0.0,0,7.1059,0.0,0.0,False
2018-12-01,AXP,buy_call,2.7116,1,-15.0976,-2.7116,-0.027116,False
2018-12-01,BA,skip,0.0,0,-6.5667,0.0,0.0,False
2018-12-01,BAC,skip,0.0,0,-13.2394,0.0,0.0,False
2018-12-01,BDX,buy_call,2.4594,1,-10.8526,-2.4594,-0.024594,False
2018-12-01,BKNG,skip,0.0,0,-8.9572,0.0,0.0,False
2018-12-01,BLK,skip,0.0,0,-8.2218,0.0,0.0,False
2018-12-01,BMY,buy_call,2.8264,1,-2.7684,-2.8264,-0.028264,False
2018-12-01,BRK-B,buy_call,1.809,1,-6.4425,-1.809,-0.01809,False
2018-12-01,C,skip,0.0,0,-19.0951,0.0,0.0,False
2018-12-01,CAT,skip,0.0,0,-6.3389,0.0,0.0,False
2018-12-01,CHTR,buy_call,3.1005,1,-13.4356,-3.1005,-0.031005,False
2018-12-01,CL,buy_call,2.0993,1,-6.2972,-2.0993,-0.020993,False
2018-12-01,CMCSA,buy_call,3.1005,1,-12.7147,-3.1005,-0.031005,False
2018-12-01,CME,buy_call,2.7389,1,-1.0312,-2.7389,-0.027389,False
2018-12-01,COST,buy_call,2.5784,1,-11.7112,-2.5784,-0.025784,False
2018-12-01,CRM,buy_call,3.8947,1,-4.0558,-3.8947,-0.038947,False
2018-12-01,CSCO,buy_call,3.0196,1,-9.484,-3.0196,-0.030196,False
2018-12-01,CSX,buy_call,3.0,1,-14.1974,-3.0,-0.03,False
2018-12-01,CVS,buy_call,2.9729,1,-18.3043,-2.9729,-0.029729,False
2018-12-01,CVX,skip,0.0,0,-7.6398,0.0,0.0,False
2018-12-01,DHR,buy_call,2.4594,1,-5.8609,-2.4594,-0.024594,False
2018-12-01,DIS,buy_call,3.3259,1,-5.0567,-3.3259,-0.033259,False
2018-12-01,DUK,buy_call,1.9747,1,-1.5053,-1.9747,-0.019747,False
2018-12-01,ELV,buy_call,2.9729,1,-9.4598,-2.9729,-0.029729,False
2018-12-01,EOG,skip,0.0,0,-15.5842,0.0,0.0,False
2018-12-01,EQIX,skip,0.0,0,-7.9536,0.0,0.0,False
2018-12-01,FDX,skip,0.0,0,-29.5502,0.0,0.0,False
2018-12-01,GE,skip,0.0,0,0.9333,0.0,0.0,False
2018-12-01,GILD,buy_call,2.8264,1,-13.0526,-2.8264,-0.028264,False
2018-12-01,GM,skip,0.0,0,-11.8577,0.0,0.0,False
2018-12-01,GOOGL,buy_call,3.4858,1,-5.8298,-3.4858,-0.034858,False
2018-12-01,GS,skip,0.0,0,-12.0424,0.0,0.0,False
2018-12-01,HD,skip,0.0,0,-4.1439,0.0,0.0,False
2018-12-01,HON,buy_call,3.0196,1,-9.4661,-3.0196,-0.030196,False
2018-12-01,IBM,skip,0.0,0,-7.3648,0.0,0.0,False
2018-12-01,ICE,buy_call,3.0,1,-7.8193,-3.0,-0.03,False
2018-12-01,INTC,skip,0.0,0,-4.2276,0.0,0.0,False
2018-12-01,ISRG,buy_call,2.4594,1,-9.7858,-2.4594,-0.024594,False
2018-12-01,ITW,skip,0.0,0,-8.8889,0.0,0.0,False
2018-12-01,JNJ,buy_call,2.057,1,-11.5917,-2.057,-0.02057,False
2018-12-01,JPM,buy_call,2.7389,1,-12.2043,-2.7389,-0.027389,False
2018-12-01,KO,buy_call,1.9747,1,-5.3087,-1.9747,-0.019747,False
2018-12-01,LLY,buy_call,3.5202,1,-1.9702,-3.5202,-0.035202,False
2018-12-01,LMT,skip,0.0,0,-12.2063,0.0,0.0,False
2018-12-01,LOW,buy_call,2.7959,1,-2.1299,-2.7959,-0.027959,False
2018-12-01,MA,buy_call,2.7116,1,-6.177,-2.7116,-0.027116,False
2018-12-01,MCD,buy_call,1.9747,1,-5.2225,-1.9747,-0.019747,False
2018-12-01,MDLZ,buy_call,2.2339,1,-11.0049,-2.2339,-0.022339,False
2018-12-01,MDT,buy_call,2.4594,1,-6.7364,-2.4594,-0.024594,False
2018-12-01,MET,skip,0.0,0,-7.1042,0.0,0.0,False
2018-12-01,META,skip,0.0,0,-6.7705,0.0,0.0,False
2018-12-01,MMM,buy_call,3.0196,1,-7.7332,-3.0196,-0.030196,False
2018-12-01,MO,buy_call,2.2339,1,-9.9216,-2.2339,-0.022339,False
2018-12-01,MRK,buy_call,2.7192,1,-3.693,-2.7192,-0.027192,False
2018-12-01,MS,skip,0.0,0,-10.6781,0.0,0.0,False
2018-12-01,MSFT,buy_call,2.8745,1,-8.009,-2.8745,-0.028745,False
2018-12-01,MU,skip,0.0,0,-17.7127,0.0,0.0,False
2018-12-01,NEE,buy_call,1.9747,1,-3.742,-1.9747,-0.019747,False
2018-12-01,NFLX,skip,0.0,0,-6.4551,0.0,0.0,False
2018-12-01,NKE,buy_call,3.5085,1,-1.0116,-3.5085,-0.035085,False
2018-12-01,NVDA,skip,0.0,0,-18.2319,0.0,0.0,False
2018-12-01,ORCL,buy_call,3.5955,1,-7.4036,-3.5955,-0.035955,False
2018-12-01,PEP,buy_call,2.2339,1,-9.3981,-2.2339,-0.022339,False
2018-12-01,PFE,buy_call,2.8264,1,-4.8522,-2.8264,-0.028264,False
2018-12-01,PG,buy_call,2.0993,1,-2.7404,-2.0993,-0.020993,False
2018-12-01,PM,buy_call,2.2339,1,-22.8476,-2.2339,-0.022339,False
2018-12-01,PYPL,buy_call,2.7116,1,-2.0044,-2.7116,-0.027116,False
2018-12-01,QCOM,buy_call,4.254,1,-2.3172,-4.254,-0.04254,False
2018-12-01,SBUX,buy_call,1.9747,1,-2.959,-1.9747,-0.019747,False
2018-12-01,SCHW,skip,0.0,0,-7.0504,0.0,0.0,False
2018-12-01,SO,buy_call,1.9747,1,-6.0095,-1.9747,-0.019747,False
2018-12-01,SPGI,skip,0.0,0,-6.8028,0.0,0.0,False
2018-12-01,SYK,buy_call,2.4594,1,-10.6634,-2.4594,-0.024594,False
2018-12-01,T,buy_call,3.1005,1,-8.6428,-3.1005,-0.031005,False
2018-12-01,TJX,buy_call,2.4474,1,-8.08,-2.4474,-0.024474,False
2018-12-01,TMO,buy_call,2.8279,1,-10.3226,-2.8279,-0.028279,False
2018-12-01,TMUS,buy_call,3.1005,1,-7.0708,-3.1005,-0.031005,False
2018-12-01,TXN,skip,0.0,0,-5.358,0.0,0.0,False
2018-12-01,UNH,buy_call,2.9729,1,-11.1757,-2.9729,-0.029729,False
2018-12-01,UNP,buy_call,3.2317,1,-9.6362,-3.2317,-0.032317,False
2018-12-01,USB,buy_call,2.7389,1,-16.0852,-2.7389,-0.027389,False
2018-12-01,V,buy_call,2.5501,1,-6.7272,-2.5501,-0.025501,False
2018-12-01,VZ,buy_call,3.1005,1,-6.7662,-3.1005,-0.031005,False
2018-12-01,WFC,buy_call,3.4824,1,-14.4201,-3.4824,-0.034824,False
2018-12-01,WMT,buy_call,2.4474,1,-4.6083,-2.4474,-0.024474,False
2018-12-01,XOM,skip,0.0,0,-13.357,0.0,0.0,False
2019-01-01,AAPL,skip,0.0,0,5.5154,0.0,0.0,True
2019-01-01,ABBV,buy_call,2.8264,4,-12.9082,-2.8264,-0.113056,True
2019-01-01,ABT,buy_call,2.4594,4,0.8987,-1.5607,-0.062428,True
2019-01-01,ADBE,skip,0.0,0,9.5385,0.0,0.0,True
2019-01-01,ADP,skip,0.0,0,7.2575,0.0,0.0,True
2019-01-01,AMAT,skip,0.0,0,19.3647,0.0,0.0,True
2019-01-01,AMGN,buy_call,2.8264,4,-3.8835,-2.8264,-0.113056,True
2019-01-01,AMT,buy_call,3.0196,4,9.8619,6.8423,0.273692,True
2019-01-01,AMZN,skip,0.0,0,14.4317,0.0,0.0,True
2019-01-01,AVGO,buy_call,4.1737,4,6.6056,2.4319,0.097276,True
2019-01-01,AXP,skip,0.0,0,7.7424,0.0,0.0,True
2019-01-01,BA,skip,0.0,0,19.5721,0.0,0.0,True
2019-01-01,BAC,skip,0.0,0,16.1896,0.0,0.0,True
2019-01-01,BDX,skip,0.0,0,11.0682,0.0,0.0,True
2019-01-01,BKNG,skip,0.0,0,6.409,0.0,0.0,True
2019-01-01,BLK,skip,0.0,0,6.4821,0.0,0.0,True
2019-01-01,BMY,skip,0.0,0,-5.0211,0.0,0.0,True
2019-01-01,BRK-B,buy_call,1.809,4,0.6661,-1.1429,-0.045716,True
2019-01-01,C,skip,0.0,0,23.8187,0.0,0.0,True
2019-01-01,CAT,skip,0.0,0,4.7927,0.0,0.0,True
2019-01-01,CHTR,skip,0.0,0,16.1701,0.0,0.0,True
2019-01-01,CL,skip,0.0,0,8.6693,0.0,0.0,True
2019-01-01,CME,buy_call,2.7389,4,-1.8016,-2.7389,-0.109556,True
2019-01-01,COST,skip,0.0,0,5.3606,0.0,0.0,True
2019-01-01,CRM,buy_call,3.8947,4,10.9513,7.0566,0.282264,True
2019-01-01,CSCO,buy_call,3.0196,4,9.1392,6.1196,0.244784,True
2019-01-01,CSX,skip,0.0,0,5.746,0.0,0.0,True
2019-01-01,CVS,buy_call,2.9729,4,0.0458,-2.9271,-0.117084,True
2019-01-01,CVX,skip,0.0,0,5.3865,0.0,0.0,True
2019-01-01,DHR,buy_call,2.4594,4,7.7364,5.277,0.21108,True
2019-01-01,DIS,buy_call,3.3259,4,2.4943,-0.8315,-0.03326,True
2019-01-01,DUK,buy_call,1.9747,4,1.715,-0.2598,-0.010392,True
2019-01-01,EL,skip,0.0,0,4.8578,0.0,0.0,True
2019-01-01,ELV,buy_call,2.9729,4,15.6642,12.6914,0.507656,True
2019-01-01,EOG,skip,0.0,0,13.7484,0.0,0.0,True
2019-01-01,FDX,skip,0.0,0,10.4,0.0,0.0,True
2019-01-01,GE,skip,0.0,0,34.3986,0.0,0.0,True
2019-01-01,GILD,skip,0.0,0,12.8706,0.0,0.0,True
2019-01-01,GM,skip,0.0,0,17.8782,0.0,0.0,True
2019-01-01,GOOGL,skip,0.0,0,7.7448,0.0,0.0,True
2019-01-01,GS,skip,0.0,0,18.5334,0.0,0.0,True
2019-01-01,HD,skip,0.0,0,6.8152,0.0,0.0,True
2019-01-01,HON,skip,0.0,0,8.7118,0.0,0.0,True
2019-01-01,IBM,skip,0.0,0,18.2546,0.0,0.0,True
2019-01-01,ICE,buy_call,3.0,4,2.2128,-0.7872,-0.031488,True
2019-01-01,INTC,skip,0.0,0,0.4048,0.0,0.0,True
2019-01-01,INTU,skip,0.0,0,9.6368,0.0,0.0,True
2019-01-01,ISRG,buy_call,2.4594,4,9.3377,6.8783,0.275132,True
2019-01-01,ITW,skip,0.0,0,9.2502,0.0,0.0,True
2019-01-01,JNJ,buy_call,2.057,4,3.1228,1.0658,0.042632,True
2019-01-01,JPM,skip,0.0,0,6.0234,0.0,0.0,True
2019-01-01,KO,buy_call,1.9747,4,1.6473,-0.3274,-0.013096,True
2019-01-01,LLY,buy_call,3.5202,4,3.5776,0.0574,0.002296,True
2019-01-01,LMT,skip,0.0,0,10.6363,0.0,0.0,True
2019-01-01,LOW,skip,0.0,0,4.1143,0.0,0.0,True
2019-01-01,MA,skip,0.0,0,11.9162,0.0,0.0,True
2019-01-01,MCD,buy_call,1.9747,4,0.6814,-1.2933,-0.051732,True
2019-01-01,MDLZ,skip,0.0,0,16.315,0.0,0.0,True
2019-01-01,MDT,buy_call,2.4594,4,-2.2742,-2.4594,-0.098376,True
2019-01-01,META,skip,0.0,0,27.1569,0.0,0.0,True
2019-01-01,MMM,skip,0.0,0,5.1223,0.0,0.0,True
2019-01-01,MO,skip,0.0,0,1.5743,0.0,0.0,True
2019-01-01,MRK,buy_call,2.7192,4,-1.9084,-2.7192,-0.108768,True
2019-01-01,MS,skip,0.0,0,6.6835,0.0,0.0,True
2019-01-01,MSFT,buy_call,2.8745,4,2.8158,-0.0587,-0.002348,True
2019-01-01,MU,skip,0.0,0,20.4538,0.0,0.0,True
2019-01-01,NEE,buy_call,1.9747,4,2.9686,0.9938,0.039752,True
2019-01-01,NFLX,skip,0.0,0,26.84,0.0,0.0,True
2019-01-01,NKE,skip,0.0,0,10.4397,0.0,0.0,True
2019-01-01,NVDA,skip,0.0,0,7.6779,0.0,0.0,True
2019-01-01,ORCL,buy_call,3.5955,4,11.2514,7.6559,0.306236,True
2019-01-01,PEP,buy_call,2.2339,4,2.792,0.5581,0.022324,True
2019-01-01,PFE,buy_call,2.8264,4,-2.7491,-2.8264,-0.113056,True
2019-01-01,PG,buy_call,2.0993,4,4.9499,2.8506,0.114024,True
2019-01-01,PM,skip,0.0,0,16.6888,0.0,0.0,True
2019-01-01,PYPL,buy_call,2.7116,4,5.5536,2.8419,0.113676,True
2019-01-01,QCOM,buy_call,4.254,4,-12.0408,-4.254,-0.17016,True
2019-01-01,SBUX,buy_call,1.9747,4,5.8074,3.8327,0.153308,True
2019-01-01,SCHW,skip,0.0,0,12.6174,0.0,0.0,True
2019-01-01,SO,skip,0.0,0,10.6558,0.0,0.0,True
2019-01-01,SPGI,skip,0.0,0,12.7751,0.0,0.0,True
2019-01-01,SYK,skip,0.0,0,13.6646,0.0,0.0,True
2019-01-01,T,skip,0.0,0,5.3259,0.0,0.0,True
2019-01-01,TJX,skip,0.0,0,11.1533,0.0,0.0,True
2019-01-01,TMO,buy_call,2.8279,4,9.8544,7.0265,0.28106,True
2019-01-01,TMUS,buy_call,3.1005,4,9.4482,6.3477,0.253908,True
2019-01-01,TXN,skip,0.0,0,6.5397,0.0,0.0,True
2019-01-01,UNH,buy_call,2.9729,4,8.4618,5.4889,0.219556,True
2019-01-01,UNP,skip,0.0,0,15.0763,0.0,0.0,True
2019-01-01,USB,skip,0.0,0,12.8622,0.0,0.0,True
2019-01-01,V,skip,0.0,0,2.3268,0.0,0.0,True
2019-01-01,VRTX,skip,0.0,0,15.2073,0.0,0.0,True
2019-01-01,VZ,buy_call,3.1005,4,-2.0633,-3.1005,-0.12402,True
2019-01-01,WFC,skip,0.0,0,6.1415,0.0,0.0,True
2019-01-01,WMT,buy_call,2.4474,4,3.4385,0.991,0.03964,True
2019-01-01,XOM,skip,0.0,0,7.4644,0.0,0.0,True
2019-01-01,ZTS,buy_call,2.8264,4,0.7248,-2.1016,-0.084064,True
2019-02-01,AAPL,skip,0.0,0,4.0314,0.0,0.0,False
2019-02-01,ABBV,skip,0.0,0,-0.0973,0.0,0.0,False
2019-02-01,ABT,buy_call,2.4594,1,6.851,4.3916,0.043916,False
2019-02-01,ADBE,buy_call,2.8745,1,5.9237,3.0492,0.030492,False
2019-02-01,ADP,buy_call,3.0196,1,9.4323,6.4127,0.064127,False
2019-02-01,AMAT,skip,0.0,0,-1.8935,0.0,0.0,False
2019-02-01,AMGN,skip,0.0,0,1.5873,0.0,0.0,False
2019-02-01,AMT,buy_call,3.0196,1,1.9151,-1.1045,-0.011045,False
2019-02-01,AMZN,skip,0.0,0,-4.5906,0.0,0.0,False
2019-02-01,AVGO,buy_call,4.1737,1,2.6505,-1.5232,-0.015232,False
2019-02-01,AXP,buy_call,2.7116,1,5.3368,2.6252,0.026252,False
2019-02-01,BA,buy_call,3.0,1,14.0916,11.0916,0.110916,False
2019-02-01,BAC,skip,0.0,0,2.1426,0.0,0.0,False
2019-02-01,BDX,buy_call,2.4594,1,-0.2686,-2.4594,-0.024594,False
2019-02-01,BKNG,skip,0.0,0,-7.4077,0.0,0.0,False
2019-02-01,BLK,skip,0.0,0,6.7794,0.0,0.0,False
2019-02-01,BMY,skip,0.0,0,5.4631,0.0,0.0,False
2019-02-01,BRK-B,buy_call,1.809,1,-2.0629,-1.809,-0.01809,False
2019-02-01,C,skip,0.0,0,-0.7446,0.0,0.0,False
2019-02-01,CAT,skip,0.0,0,3.8026,0.0,0.0,False
2019-02-01,CHTR,buy_call,3.1005,1,4.1867,1.0861,0.010861,False
2019-02-01,CL,skip,0.0,0,2.5274,0.0,0.0,False
2019-02-01,CME,buy_call,2.7389,1,-0.203,-2.7389,-0.027389,False
2019-02-01,COST,skip,0.0,0,1.9149,0.0,0.0,False
2019-02-01,CRM,buy_call,3.8947,1,7.6857,3.791,0.03791,False
2019-02-01,CSCO,buy_call,3.0196,1,10.3211,7.3015,0.073015,False
2019-02-01,CSX,skip,0.0,0,10.6088,0.0,0.0,False
2019-02-01,CVS,buy_call,2.9729,1,-11.105,-2.9729,-0.029729,False
2019-02-01,CVX,skip,0.0,0,4.3,0.0,0.0,False
2019-02-01,DHR,buy_call,2.4594,1,14.515,12.0556,0.120556,False
2019-02-01,DIS,skip,0.0,0,1.1836,0.0,0.0,False
2019-02-01,DUK,buy_call,1.9747,1,2.1417,0.167,0.00167,False
2019-02-01,EL,buy_call,3.0,1,15.0418,12.0418,0.120418,False
2019-02-01,ELV,buy_call,2.9729,1,-0.7491,-2.9729,-0.029729,False
2019-02-01,EOG,skip,0.0,0,-5.03,0.0,0.0,False
2019-02-01,FDX,skip,0.0,0,1.9316,0.0,0.0,False
2019-02-01,GE,skip,0.0,0,6.3543,0.0,0.0,False
2019-02-01,GILD,skip,0.0,0,-7.1275,0.0,0.0,False
2019-02-01,GM,buy_call,3.2317,1,1.1789,-2.0528,-0.020528,False
2019-02-01,GOOGL,skip,0.0,0,0.0586,0.0,0.0,False
2019-02-01,GS,skip,0.0,0,-0.6616,0.0,0.0,False
2019-02-01,HD,skip,0.0,0,0.8772,0.0,0.0,False
2019-02-01,HON,skip,0.0,0,7.2687,0.0,0.0,False
2019-02-01,IBM,skip,0.0,0,2.76,0.0,0.0,False
2019-02-01,ICE,buy_call,3.0,1,0.5081,-2.4919,-0.024919,False
2019-02-01,INTC,skip,0.0,0,12.3939,0.0,0.0,False
2019-02-01,INTU,buy_call,3.5689,1,14.7722,11.2033,0.112033,False
2019-02-01,ISRG,buy_call,2.4594,1,4.5776,2.1182,0.021182,False
2019-02-01,ITW,skip,0.0,0,4.9304,0.0,0.0,False
2019-02-01,JNJ,buy_call,2.057,1,2.6751,0.6181,0.006181,False
2019-02-01,JPM,skip,0.0,0,1.6497,0.0,0.0,False
2019-02-01,KO,buy_call,1.9747,1,-5.7968,-1.9747,-0.019747,False
2019-02-01,LLY,buy_call,3.5202,1,5.3646,1.8444,0.018444,False
2019-02-01,LMT,skip,0.0,0,6.8072,0.0,0.0,False
2019-02-01,LOW,skip,0.0,0,9.8417,0.0,0.0,False
2019-02-01,MA,buy_call,2.7116,1,6.6445,3.9329,0.039329,False
2019-02-01,MCD,buy_call,1.9747,1,2.8303,0.8556,0.008556,False
2019-02-01,MDLZ,buy_call,2.2339,1,1.9456,-0.2884,-0.002884,False
2019-02-01,MDT,skip,0.0,0,2.3871,0.0,0.0,False
2019-02-01,META,skip,0.0,0,-3.1436,0.0,0.0,False
2019-02-01,MMM,skip,0.0,0,3.5397,0.0,0.0,False
2019-02-01,MO,skip,0.0,0,6.2006,0.0,0.0,False
2019-02-01,MRK,buy_call,2.7192,1,9.2167,6.4975,0.064975,False
2019-02-01,MS,skip,0.0,0,-0.0508,0.0,0.0,False
2019-02-01,MSFT,skip,0.0,0,7.2776,0.0,0.0,False
2019-02-01,MU,skip,0.0,0,6.9597,0.0,0.0,False
2019-02-01,NEE,buy_call,1.9747,1,4.8832,2.9085,0.029085,False
2019-02-01,NFLX,buy_call,4.4729,1,5.4786,1.0057,0.010057,False
2019-02-01,NKE,buy_call,3.5085,1,4.702,1.1935,0.011935,False
2019-02-01,NVDA,skip,0.0,0,7.3113,0.0,0.0,False
2019-02-01,ORCL,buy_call,3.5955,1,4.1935,0.598,0.00598,False
2019-02-01,PEP,skip,0.0,0,2.636,0.0,0.0,False
2019-02-01,PFE,buy_call,2.8264,1,3.012,0.1856,0.001856,False
2019-02-01,PG,buy_call,2.0993,1,2.9641,0.8648,0.008648,False
2019-02-01,PM,skip,0.0,0,13.3212,0.0,0.0,False
2019-02-01,PYPL,buy_call,2.7116,1,10.489,7.7773,0.077773,False
2019-02-01,QCOM,skip,0.0,0,7.815,0.0,0.0,False
2019-02-01,SBUX,buy_call,1.9747,1,3.1112,1.1365,0.011365,False
2019-02-01,SCHW,skip,0.0,0,-1.625,0.0,0.0,False
2019-02-01,SO,buy_call,1.9747,1,2.2428,0.268,0.00268,False
2019-02-01,SPGI,skip,0.0,0,4.5499,0.0,0.0,False
2019-02-01,SYK,buy_call,2.4594,1,6.161,3.7016,0.037016,False
2019-02-01,T,skip,0.0,0,5.8104,0.0,0.0,False
2019-02-01,TJX,buy_call,2.4474,1,3.137,0.6896,0.006896,False
2019-02-01,TMO,buy_call,2.8279,1,5.658,2.8301,0.028301,False
2019-02-01,TMUS,buy_call,3.1005,1,3.7202,0.6196,0.006196,False
2019-02-01,TXN,skip,0.0,0,5.8699,0.0,0.0,False
2019-02-01,UNH,buy_call,2.9729,1,-10.3553,-2.9729,-0.029729,False
2019-02-01,UNP,buy_call,3.2317,1,5.4253,2.1935,0.021935,False
2019-02-01,USB,skip,0.0,0,1.0359,0.0,0.0,False
2019-02-01,V,skip,0.0,0,9.7104,0.0,0.0,False
2019-02-01,VRTX,buy_call,2.8264,1,-1.1314,-2.8264,-0.028264,False
2019-02-01,VZ,buy_call,3.1005,1,4.4571,1.3565,0.013565,False
2019-02-01,WFC,skip,0.0,0,2.9283,0.0,0.0,False
2019-02-01,WMT,buy_call,2.4474,1,3.2975,0.8501,0.008501,False
2019-02-01,XOM,skip,0.0,0,7.8466,0.0,0.0,False
2019-02-01,ZTS,skip,0.0,0,9.5823,0.0,0.0,False
2019-03-01,AAPL,skip,0.0,0,10.1731,0.0,0.0,False
2019-03-01,ABBV,skip,0.0,0,1.7037,0.0,0.0,False
2019-03-01,ABT,buy_call,2.4594,1,2.9889,0.5295,0.005295,False
2019-03-01,ADBE,skip,0.0,0,1.52,0.0,0.0,False
2019-03-01,ADP,buy_call,3.0196,1,4.3847,1.3652,0.013652,False
2019-03-01,AMAT,skip,0.0,0,3.972,0.0,0.0,False
2019-03-01,AMGN,skip,0.0,0,0.7202,0.0,0.0,False
2019-03-01,AMT,buy_call,3.0196,1,11.8706,8.851,0.08851,False
2019-03-01,AMZN,skip,0.0,0,8.5936,0.0,0.0,False
2019-03-01,AVGO,buy_call,4.1737,1,9.2061,5.0324,0.050324,False
2019-03-01,AXP,buy_call,2.7116,1,1.4479,-1.2637,-0.012637,False
2019-03-01,BA,buy_call,3.0,1,-12.8702,-3.0,-0.03,False
2019-03-01,BAC,skip,0.0,0,-4.6394,0.0,0.0,False
2019-03-01,BDX,skip,0.0,0,0.3778,0.0,0.0,False
2019-03-01,BKNG,skip,0.0,0,2.8208,0.0,0.0,False
2019-03-01,BLK,skip,0.0,0,-3.5761,0.0,0.0,False
2019-03-01,BMY,skip,0.0,0,-7.6461,0.0,0.0,False
2019-03-01,BRK-B,skip,0.0,0,-0.2037,0.0,0.0,False
2019-03-01,C,skip,0.0,0,-2.0672,0.0,0.0,False
2019-03-01,CAT,buy_call,3.2317,1,-1.347,-3.2317,-0.032317,False
2019-03-01,CHTR,buy_call,3.1005,1,0.5799,-2.5207,-0.025207,False
2019-03-01,CL,buy_call,2.0993,1,4.0534,1.9541,0.019541,False
2019-03-01,CME,buy_call,2.7389,1,-9.5267,-2.7389,-0.027389,False
2019-03-01,COST,skip,0.0,0,10.9967,0.0,0.0,False
2019-03-01,CRM,buy_call,3.8947,1,-3.2264,-3.8947,-0.038947,False
2019-03-01,CSCO,buy_call,3.0196,1,4.2882,1.2687,0.012687,False
2019-03-01,CSX,skip,0.0,0,3.2993,0.0,0.0,False
2019-03-01,CVS,skip,0.0,0,-6.7439,0.0,0.0,False
2019-03-01,CVX,buy_call,3.0632,1,4.046,0.9828,0.009828,False
2019-03-01,DHR,buy_call,2.4594,1,3.9364,1.477,0.01477,False
2019-03-01,DIS,buy_call,3.3259,1,-1.604,-3.3259,-0.033259,False
2019-03-01,DUK,buy_call,1.9747,1,1.4298,-0.5449,-0.005449,False
2019-03-01,EL,buy_call,3.0,1,5.777,2.777,0.02777,False
2019-03-01,ELV,buy_call,2.9729,1,-4.5722,-2.9729,-0.029729,False
2019-03-01,EOG,skip,0.0,0,1.2553,0.0,0.0,False
2019-03-01,FDX,skip,0.0,0,0.2265,0.0,0.0,False
2019-03-01,GE,skip,0.0,0,-3.8498,0.0,0.0,False
2019-03-01,GILD,skip,0.0,0,-0.0154,0.0,0.0,False
2019-03-01,GM,buy_call,3.2317,1,-6.0284,-3.2317,-0.032317,False
2019-03-01,GOOGL,skip,0.0,0,4.4685,0.0,0.0,False
2019-03-01,GS,skip,0.0,0,-2.0003,0.0,0.0,False
2019-03-01,HD,skip,0.0,0,3.6459,0.0,0.0,False
2019-03-01,HON,buy_call,3.0196,1,3.698,0.6784,0.006784,False
2019-03-01,IBM,skip,0.0,0,3.3403,0.0,0.0,False
2019-03-01,ICE,buy_call,3.0,1,-1.3091,-3.0,-0.03,False
2019-03-01,INTC,buy_call,4.1737,1,2.04,-2.1337,-0.021337,False
2019-03-01,INTU,buy_call,3.5689,1,5.7784,2.2095,0.022095,False
2019-03-01,ISRG,skip,0.0,0,4.1946,0.0,0.0,False
2019-03-01,ITW,buy_call,3.0196,1,-0.3817,-3.0196,-0.030196,False
2019-03-01,JNJ,buy_call,2.057,1,2.9838,0.9269,0.009269,False
2019-03-01,JPM,skip,0.0,0,-2.9992,0.0,0.0,False
2019-03-01,KO,buy_call,1.9747,1,3.3524,1.3777,0.013777,False
2019-03-01,LLY,buy_call,3.5202,1,3.3045,-0.2156,-0.002156,False
2019-03-01,LMT,skip,0.0,0,-2.2907,0.0,0.0,False
2019-03-01,LOW,skip,0.0,0,4.1679,0.0,0.0,False
2019-03-01,MA,buy_call,2.7116,1,4.7515,2.0399,0.020399,False
2019-03-01,MCD,buy_call,1.9747,1,3.954,1.9793,0.019793,False
2019-03-01,MDLZ,buy_call,2.2339,1,5.8524,3.6185,0.036185,False
2019-03-01,MDT,skip,0.0,0,0.6409,0.0,0.0,False
2019-03-01,META,skip,0.0,0,3.2456,0.0,0.0,False
2019-03-01,MMM,skip,0.0,0,0.8808,0.0,0.0,False
2019-03-01,MO,skip,0.0,0,9.5783,0.0,0.0,False
2019-03-01,MRK,buy_call,2.7192,1,2.3128,-0.4064,-0.004064,False
2019-03-01,MS,skip,0.0,0,0.5241,0.0,0.0,False
2019-03-01,MSFT,buy_call,2.8745,1,5.725,2.8505,0.028505,False
2019-03-01,MU,skip,0.0,0,1.1008,0.0,0.0,False
2019-03-01,NEE,buy_call,1.9747,1,3.6717,1.6969,0.016969,False
2019-03-01,NFLX,skip,0.0,0,-0.4301,0.0,0.0,False
2019-03-01,NKE,buy_call,3.5085,1,-1.773,-3.5085,-0.035085,False
2019-03-01,NVDA,skip,0.0,0,16.5208,0.0,0.0,False
2019-03-01,ORCL,buy_call,3.5955,1,3.0309,-0.5646,-0.005646,False
2019-03-01,PEP,buy_call,2.2339,1,6.8348,4.6009,0.046009,False
2019-03-01,PFE,buy_call,2.8264,1,-2.03,-2.8264,-0.028264,False
2019-03-01,PG,buy_call,2.0993,1,5.5809,3.4816,0.034816,False
2019-03-01,PM,buy_call,2.2339,1,1.6678,-0.5661,-0.005661,False
2019-03-01,PYPL,buy_call,2.7116,1,5.8836,3.1719,0.031719,False
2019-03-01,QCOM,skip,0.0,0,6.8178,0.0,0.0,False
2019-03-01,SBUX,buy_call,1.9747,1,6.3592,4.3845,0.043845,False
2019-03-01,SCHW,skip,0.0,0,-6.7181,0.0,0.0,False
2019-03-01,SO,buy_call,1.9747,1,5.2889,3.3141,0.033141,False
2019-03-01,SPGI,skip,0.0,0,5.3781,0.0,0.0,False
2019-03-01,SYK,buy_call,2.4594,1,4.7796,2.3202,0.023202,False
2019-03-01,T,buy_call,3.1005,1,0.7712,-2.3293,-0.023293,False
2019-03-01,TJX,skip,0.0,0,4.1516,0.0,0.0,False
2019-03-01,TMO,buy_call,2.8279,1,5.4514,2.6235,0.026235,False
2019-03-01,TMUS,buy_call,3.1005,1,-4.3069,-3.1005,-0.031005,False
2019-03-01,TXN,skip,0.0,0,0.2742,0.0,0.0,False
2019-03-01,UNH,skip,0.0,0,2.0808,0.0,0.0,False
2019-03-01,UNP,buy_call,3.2317,1,0.2202,-3.0115,-0.030115,False
2019-03-01,USB,skip,0.0,0,-6.7711,0.0,0.0,False
2019-03-01,V,buy_call,2.5501,1,5.6323,3.0822,0.030822,False
2019-03-01,VRTX,buy_call,2.8264,1,-2.543,-2.8264,-0.028264,False
2019-03-01,VZ,buy_call,3.1005,1,3.8826,0.7821,0.007821,False
2019-03-01,WFC,skip,0.0,0,-3.1469,0.0,0.0,False
2019-03-01,WMT,buy_call,2.4474,1,-1.4749,-2.4474,-0.024474,False
2019-03-01,XOM,buy_call,3.2317,1,3.3747,0.143,0.00143,False
2019-03-01,ZTS,buy_call,2.8264,1,6.8344,4.0079,0.040079,False
2019-04-01,AAPL,skip,0.0,0,5.6436,0.0,0.0,False
2019-04-01,ABBV,skip,0.0,0,-1.489,0.0,0.0,False
2019-04-01,ABT,buy_call,2.4594,1,-0.4754,-2.4594,-0.024594,False
2019-04-01,ADBE,skip,0.0,0,8.5407,0.0,0.0,False
2019-04-01,ADP,buy_call,3.0196,1,3.4468,0.4272,0.004272,False
2019-04-01,AMAT,buy_call,4.1737,1,11.1195,6.9459,0.069459,False
2019-04-01,AMGN,skip,0.0,0,-5.6111,0.0,0.0,False
2019-04-01,AMT,buy_call,3.0196,1,-0.8931,-3.0196,-0.030196,False
2019-04-01,AMZN,skip,0.0,0,8.1859,0.0,0.0,False
2019-04-01,AVGO,buy_call,4.1737,1,6.8286,2.6549,0.026549,False
2019-04-01,AXP,buy_call,2.7116,1,7.2553,4.5436,0.045436,False
2019-04-01,BA,buy_call,3.0,1,-0.9779,-3.0,-0.03,False
2019-04-01,BAC,skip,0.0,0,10.8372,0.0,0.0,False
2019-04-01,BDX,skip,0.0,0,-3.3004,0.0,0.0,False
2019-04-01,BKNG,skip,0.0,0,6.3086,0.0,0.0,False
2019-04-01,BLK,skip,0.0,0,14.4042,0.0,0.0,False
2019-04-01,BMY,skip,0.0,0,-2.6829,0.0,0.0,False
2019-04-01,BRK-B,skip,0.0,0,7.875,0.0,0.0,False
2019-04-01,C,skip,0.0,0,13.629,0.0,0.0,False
2019-04-01,CAT,skip,0.0,0,2.9006,0.0,0.0,False
2019-04-01,CHTR,buy_call,3.1005,1,6.9989,3.8984,0.038984,False
2019-04-01,CL,buy_call,2.0993,1,6.2008,4.1015,0.041015,False
2019-04-01,CME,skip,0.0,0,9.1708,0.0,0.0,False
2019-04-01,COST,buy_call,2.5784,1,1.4,-1.1784,-0.011784,False
2019-04-01,CRM,skip,0.0,0,4.4074,0.0,0.0,False
2019-04-01,CSCO,buy_call,3.0196,1,3.6303,0.6107,0.006107,False
2019-04-01,CSX,buy_call,3.0,1,6.4288,3.4288,0.034288,False
2019-04-01,CVS,skip,0.0,0,0.8344,0.0,0.0,False
2019-04-01,CVX,buy_call,3.0632,1,-2.5329,-3.0632,-0.030632,False
2019-04-01,DHR,buy_call,2.4594,1,0.4498,-2.0096,-0.020096,False
2019-04-01,DIS,skip,0.0,0,23.363,0.0,0.0,False
2019-04-01,DUK,buy_call,1.9747,1,1.2445,-0.7303,-0.007303,False
2019-04-01,EL,buy_call,3.0,1,3.7813,0.7813,0.007813,False
2019-04-01,ELV,buy_call,2.9729,1,-8.1049,-2.9729,-0.029729,False
2019-04-01,EOG,skip,0.0,0,0.9141,0.0,0.0,False
2019-04-01,FDX,skip,0.0,0,4.8317,0.0,0.0,False
2019-04-01,GE,skip,0.0,0,1.9096,0.0,0.0,False
2019-04-01,GILD,skip,0.0,0,1.014,0.0,0.0,False
2019-04-01,GM,buy_call,3.2317,1,6.0284,2.7967,0.027967,False
2019-04-01,GOOGL,skip,0.0,0,1.8753,0.0,0.0,False
2019-04-01,GS,skip,0.0,0,7.2556,0.0,0.0,False
2019-04-01,HD,skip,0.0,0,6.945,0.0,0.0,False
2019-04-01,HON,buy_call,3.0196,1,9.2562,6.2366,0.062366,False
2019-04-01,IBM,skip,0.0,0,-0.5883,0.0,0.0,False
2019-04-01,ICE,buy_call,3.0,1,7.2409,4.2409,0.042409,False
2019-04-01,INTC,buy_call,4.1737,1,-4.9535,-4.1737,-0.041737,False
2019-04-01,INTU,buy_call,3.5689,1,-3.9593,-3.5689,-0.035689,False
2019-04-01,ISRG,skip,0.0,0,-10.5068,0.0,0.0,False
2019-04-01,ITW,buy_call,3.0196,1,9.1959,6.1763,0.061763,False
2019-04-01,JNJ,buy_call,2.057,1,1.0087,-1.0483,-0.010483,False
2019-04-01,JPM,skip,0.0,0,14.6399,0.0,0.0,False
2019-04-01,KO,buy_call,1.9747,1,5.6088,3.6341,0.036341,False
2019-04-01,LLY,buy_call,3.5202,1,-9.8027,-3.5202,-0.035202,False
2019-04-01,LMT,skip,0.0,0,11.0508,0.0,0.0,False
2019-04-01,LOW,skip,0.0,0,3.3525,0.0,0.0,False
2019-04-01,MA,buy_call,2.7116,1,7.9805,5.2688,0.052688,False
2019-04-01,MCD,buy_call,1.9747,1,4.039,2.0642,0.020642,False
2019-04-01,MDLZ,buy_call,2.2339,1,2.3994,0.1655,0.001655,False
2019-04-01,MDT,skip,0.0,0,-1.9579,0.0,0.0,False
2019-04-01,META,buy_call,4.3383,1,16.0237,11.6854,0.116854,False
2019-04-01,MMM,skip,0.0,0,-8.793,0.0,0.0,False
2019-04-01,MO,skip,0.0,0,-4.0495,0.0,0.0,False
2019-04-01,MRK,buy_call,2.7192,1,-4.7203,-2.7192,-0.027192,False
2019-04-01,MS,skip,0.0,0,14.3365,0.0,0.0,False
2019-04-01,MSFT,buy_call,2.8745,1,10.7343,7.8598,0.078598,False
2019-04-01,MU,skip,0.0,0,1.7663,0.0,0.0,False
2019-04-01,NEE,buy_call,1.9747,1,0.5793,-1.3954,-0.013954,False
2019-04-01,NFLX,skip,0.0,0,3.9208,0.0,0.0,False
2019-04-01,NKE,skip,0.0,0,4.5671,0.0,0.0,False
2019-04-01,NVDA,skip,0.0,0,0.802,0.0,0.0,False
2019-04-01,ORCL,buy_call,3.5955,1,3.0162,-0.5793,-0.005793,False
2019-04-01,PEP,buy_call,2.2339,1,4.488,2.254,0.02254,False
2019-04-01,PFE,skip,0.0,0,-4.3795,0.0,0.0,False
2019-04-01,PG,buy_call,2.0993,1,2.3355,0.2362,0.002362,False
2019-04-01,PM,buy_call,2.2339,1,-0.8303,-2.2339,-0.022339,False
2019-04-01,PYPL,buy_call,2.7116,1,8.5998,5.8881,0.058881,False
2019-04-01,QCOM,skip,0.0,0,52.7819,0.0,0.0,False
2019-04-01,SBUX,buy_call,1.9747,1,4.4929,2.5181,0.025181,False
2019-04-01,SCHW,skip,0.0,0,7.0627,0.0,0.0,False
2019-04-01,SO,buy_call,1.9747,1,2.9799,1.0052,0.010052,False
2019-04-01,SPGI,buy_call,2.7389,1,4.8017,2.0629,0.020629,False
2019-04-01,SYK,buy_call,2.4594,1,-4.1049,-2.4594,-0.024594,False
2019-04-01,T,skip,0.0,0,-1.2755,0.0,0.0,False
2019-04-01,TJX,skip,0.0,0,3.1385,0.0,0.0,False
2019-04-01,TMO,buy_call,2.8279,1,1.4371,-1.3908,-0.013908,False
2019-04-01,TMUS,skip,0.0,0,5.6295,0.0,0.0,False
2019-04-01,TXN,buy_call,4.1737,1,11.087,6.9133,0.069133,False
2019-04-01,UNH,skip,0.0,0,-5.3791,0.0,0.0,False
2019-04-01,UNP,buy_call,3.2317,1,5.8852,2.6534,0.026534,False
2019-04-01,USB,skip,0.0,0,11.5025,0.0,0.0,False
2019-04-01,V,buy_call,2.5501,1,5.2756,2.7255,0.027255,False
2019-04-01,VRTX,skip,0.0,0,-8.1381,0.0,0.0,False
2019-04-01,VZ,buy_call,3.1005,1,-3.2809,-3.1005,-0.031005,False
2019-04-01,WFC,skip,0.0,0,0.1863,0.0,0.0,False
2019-04-01,WMT,buy_call,2.4474,1,6.0118,3.5644,0.035644,False
2019-04-01,XOM,skip,0.0,0,-0.6435,0.0,0.0,False
2019-04-01,ZTS,buy_call,2.8264,1,1.1622,-1.6642,-0.016642,False
2019-05-01,AAPL,skip,0.0,0,-12.7573,0.0,0.0,False
2019-05-01,ABBV,buy_call,2.8264,1,-2.0946,-2.8264,-0.028264,False
2019-05-01,ABT,buy_call,2.4594,1,-3.9196,-2.4594,-0.024594,False
2019-05-01,ADBE,buy_call,2.8745,1,-6.344,-2.8745,-0.028745,False
2019-05-01,ADP,buy_call,3.0196,1,-2.5975,-3.0196,-0.030196,False
2019-05-01,AMAT,buy_call,4.1737,1,-12.2079,-4.1737,-0.041737,False
2019-05-01,AMGN,skip,0.0,0,-7.0377,0.0,0.0,False
2019-05-01,AMT,buy_call,3.0196,1,7.3884,4.3688,0.043688,False
2019-05-01,AMZN,buy_call,3.8265,1,-7.8613,-3.8265,-0.038265,False
2019-05-01,AVGO,buy_call,4.1737,1,-20.9673,-4.1737,-0.041737,False
2019-05-01,AXP,buy_call,2.7116,1,-1.8032,-2.7116,-0.027116,False
2019-05-01,BA,buy_call,3.0,1,-9.5528,-3.0,-0.03,False
2019-05-01,BAC,buy_call,3.1976,1,-13.015,-3.1976,-0.031976,False
2019-05-01,BDX,buy_call,2.4594,1,-3.0323,-2.4594,-0.024594,False
2019-05-01,BKNG,skip,0.0,0,-10.7154,0.0,0.0,False
2019-05-01,BLK,buy_call,2.7389,1,-14.3599,-2.7389,-0.027389,False
2019-05-01,BMY,skip,0.0,0,-1.4209,0.0,0.0,False
2019-05-01,BRK-B,buy_call,1.809,1,-8.9013,-1.809,-0.01809,False
2019-05-01,C,buy_call,3.0,1,-12.0933,-3.0,-0.03,False
2019-05-01,CAT,buy_call,3.2317,1,-13.5445,-3.2317,-0.032317,False
2019-05-01,CHTR,buy_call,3.1005,1,1.5114,-1.5892,-0.015892,False
2019-05-01,CL,buy_call,2.0993,1,-3.7555,-2.0993,-0.020993,False
2019-05-01,CME,skip,0.0,0,7.3896,0.0,0.0,False
2019-05-01,COST,buy_call,2.5784,1,-2.4233,-2.5784,-0.025784,False
2019-05-01,CRM,buy_call,3.8947,1,-8.4306,-3.8947,-0.038947,False
2019-05-01,CSCO,buy_call,3.0196,1,-6.4175,-3.0196,-0.030196,False
2019-05-01,CSX,buy_call,3.0,1,-6.48,-3.0,-0.03,False
2019-05-01,CVS,skip,0.0,0,-2.7725,0.0,0.0,False
2019-05-01,CVX,buy_call,3.0632,1,-5.1724,-3.0632,-0.030632,False
2019-05-01,DHR,buy_call,2.4594,1,-0.3247,-2.4594,-0.024594,False
2019-05-01,DIS,buy_call,3.3259,1,-3.5993,-3.3259,-0.033259,False
2019-05-01,DUK,buy_call,1.9747,1,-6.047,-1.9747,-0.019747,False
2019-05-01,EL,buy_call,3.0,1,-6.2744,-3.0,-0.03,False
2019-05-01,ELV,skip,0.0,0,5.6837,0.0,0.0,False
2019-05-01,EOG,skip,0.0,0,-14.5743,0.0,0.0,False
2019-05-01,FDX,skip,0.0,0,-18.5686,0.0,0.0,False
2019-05-01,GE,buy_call,3.2317,1,-7.178,-3.2317,-0.032317,False
2019-05-01,GILD,skip,0.0,0,-4.2897,0.0,0.0,False
2019-05-01,GM,buy_call,3.2317,1,-14.4031,-3.2317,-0.032317,False
2019-05-01,GOOGL,buy_call,3.4858,1,-7.7117,-3.4858,-0.034858,False
2019-05-01,GS,skip,0.0,0,-11.3782,0.0,0.0,False
2019-05-01,HD,buy_call,2.7959,1,-6.7992,-2.7959,-0.027959,False
2019-05-01,HON,buy_call,3.0196,1,-5.3677,-3.0196,-0.030196,False
2019-05-01,IBM,buy_call,3.0196,1,-9.4674,-3.0196,-0.030196,False
2019-05-01,ICE,buy_call,3.0,1,1.0572,-1.9428,-0.019428,False
2019-05-01,INTC,buy_call,4.1737,1,-13.7147,-4.1737,-0.041737,False
2019-05-01,INTU,buy_call,3.5689,1,-2.2974,-3.5689,-0.035689,False
2019-05-01,ISRG,skip,0.0,0,-8.9654,0.0,0.0,False
2019-05-01,ITW,buy_call,3.0196,1,-10.2744,-3.0196,-0.030196,False
2019-05-01,JNJ,buy_call,2.057,1,-7.1176,-2.057,-0.02057,False
2019-05-01,JPM,buy_call,2.7389,1,-7.9959,-2.7389,-0.027389,False
2019-05-01,KO,buy_call,1.9747,1,0.1427,-1.8321,-0.018321,False
2019-05-01,LLY,buy_call,3.5202,1,-0.9399,-3.5202,-0.035202,False
2019-05-01,LMT,buy_call,3.2317,1,1.563,-1.6687,-0.016687,False
2019-05-01,LOW,buy_call,2.7959,1,-17.2031,-2.7959,-0.027959,False
2019-05-01,MA,buy_call,2.7116,1,-0.9435,-2.7116,-0.027116,False
2019-05-01,MCD,buy_call,1.9747,1,0.3543,-1.6205,-0.016205,False
2019-05-01,MDLZ,buy_call,2.2339,1,0.0,-2.2339,-0.022339,False
2019-05-01,MDT,skip,0.0,0,4.245,0.0,0.0,False
2019-05-01,META,buy_call,4.3383,1,-8.2368,-4.3383,-0.043383,False
2019-05-01,MMM,buy_call,3.0196,1,-15.7036,-3.0196,-0.030196,False
2019-05-01,MO,skip,0.0,0,-9.7,0.0,0.0,False
2019-05-01,MRK,buy_call,2.7192,1,0.6352,-2.0839,-0.020839,False
2019-05-01,MS,buy_call,2.7389,1,-15.1368,-2.7389,-0.027389,False
2019-05-01,MSFT,buy_call,2.8745,1,-5.2986,-2.8745,-0.028745,False
2019-05-01,MU,buy_call,5.3919,1,-22.4679,-5.3919,-0.053919,False
2019-05-01,NEE,buy_call,1.9747,1,1.9389,-0.0358,-0.000358,False
2019-05-01,NFLX,buy_call,4.4729,1,-7.3568,-4.4729,-0.044729,False
2019-05-01,NKE,buy_call,3.5085,1,-12.1712,-3.5085,-0.035085,False
2019-05-01,NVDA,skip,0.0,0,-25.1602,0.0,0.0,False
2019-05-01,ORCL,buy_call,3.5955,1,-8.1392,-3.5955,-0.035955,False
2019-05-01,PEP,buy_call,2.2339,1,-0.0391,-2.2339,-0.022339,False
2019-05-01,PFE,skip,0.0,0,2.2409,0.0,0.0,False
2019-05-01,PG,buy_call,2.0993,1,-2.6705,-2.0993,-0.020993,False
2019-05-01,PM,buy_call,2.2339,1,-10.8942,-2.2339,-0.022339,False
2019-05-01,PYPL,buy_call,2.7116,1,-2.678,-2.7116,-0.027116,False
2019-05-01,QCOM,buy_call,4.254,1,-22.4196,-4.254,-0.04254,False
2019-05-01,SBUX,buy_call,1.9747,1,-2.0855,-1.9747,-0.019747,False
2019-05-01,SCHW,skip,0.0,0,-9.1088,0.0,0.0,False
2019-05-01,SO,buy_call,1.9747,1,0.5261,-1.4487,-0.014487,False
2019-05-01,SPGI,buy_call,2.7389,1,-3.0726,-2.7389,-0.027389,False
2019-05-01,SYK,buy_call,2.4594,1,-3.0014,-2.4594,-0.024594,False
2019-05-01,T,buy_call,3.1005,1,0.8756,-2.225,-0.02225,False
2019-05-01,TJX,buy_call,2.4474,1,-8.3637,-2.4474,-0.024474,False
2019-05-01,TMO,buy_call,2.8279,1,-3.7736,-2.8279,-0.028279,False
2019-05-01,TMUS,buy_call,3.1005,1,0.6165,-2.484,-0.02484,False
2019-05-01,TXN,buy_call,4.1737,1,-11.4741,-4.1737,-0.041737,False
2019-05-01,UNH,skip,0.0,0,3.7457,0.0,0.0,False
2019-05-01,UNP,buy_call,3.2317,1,-5.7953,-3.2317,-0.032317,False
2019-05-01,USB,buy_call,2.7389,1,-5.8514,-2.7389,-0.027389,False
2019-05-01,V,buy_call,2.5501,1,-1.8853,-2.5501,-0.025501,False
2019-05-01,VRTX,skip,0.0,0,-1.657,0.0,0.0,False
2019-05-01,VZ,buy_call,3.1005,1,-3.9868,-3.1005,-0.031005,False
2019-05-01,WFC,skip,0.0,0,-8.3454,0.0,0.0,False
2019-05-01,WMT,buy_call,2.4474,1,-1.3613,-2.4474,-0.024474,False
2019-05-01,XOM,buy_call,3.2317,1,-11.8461,-3.2317,-0.032317,False
2019-05-01,ZTS,buy_call,2.8264,1,-0.6114,-2.8264,-0.028264,False
2019-06-01,AAPL,skip,0.0,0,13.4873,0.0,0.0,True
2019-06-01,ABBV,skip,0.0,0,-5.2014,0.0,0.0,True
2019-06-01,ABT,buy_call,2.4594,4,10.469,8.0096,0.320384,True
2019-06-01,ADBE,buy_call,2.8745,4,8.7671,5.8926,0.235704,True
2019-06-01,ADP,buy_call,3.0196,4,3.2538,0.2343,0.009372,True
2019-06-01,AMAT,buy_call,4.1737,4,16.6702,12.4965,0.49986,True
2019-06-01,AMGN,skip,0.0,0,11.4976,0.0,0.0,True
2019-06-01,AMT,buy_call,3.0196,4,-2.0693,-3.0196,-0.120784,True
2019-06-01,AMZN,buy_call,3.8265,4,6.6792,2.8527,0.114108,True
2019-06-01,AVGO,buy_call,4.1737,4,14.3936,10.2199,0.408796,True
2019-06-01,AXP,buy_call,2.7116,4,7.6105,4.8988,0.195952,True
2019-06-01,BA,skip,0.0,0,7.1694,0.0,0.0,True
2019-06-01,BAC,skip,0.0,0,9.0226,0.0,0.0,True
2019-06-01,BDX,skip,0.0,0,7.9549,0.0,0.0,True
2019-06-01,BKNG,skip,0.0,0,13.1921,0.0,0.0,True
2019-06-01,BLK,skip,0.0,0,12.9319,0.0,0.0,True
2019-06-01,BMY,skip,0.0,0,-0.0441,0.0,0.0,True
2019-06-01,BRK-B,skip,0.0,0,7.9779,0.0,0.0,True
2019-06-01,C,skip,0.0,0,13.4043,0.0,0.0,True
2019-06-01,CAT,skip,0.0,0,13.7551,0.0,0.0,True
2019-06-01,CHTR,buy_call,3.1005,4,4.8779,1.7774,0.071096,True
2019-06-01,CL,buy_call,2.0993,4,2.9445,0.8452,0.033808,True
2019-06-01,CME,buy_call,2.7389,4,1.0358,-1.7031,-0.068124,True
2019-06-01,COST,buy_call,2.5784,4,10.5992,8.0208,0.320832,True
2019-06-01,CRM,buy_call,3.8947,4,0.2113,-3.6834,-0.147336,True
2019-06-01,CSCO,buy_call,3.0196,4,5.1893,2.1697,0.086788,True
2019-06-01,CSX,buy_call,3.0,4,4.2325,1.2325,0.0493,True
2019-06-01,CVS,skip,0.0,0,4.0481,0.0,0.0,True
2019-06-01,CVX,skip,0.0,0,10.3771,0.0,0.0,True
2019-06-01,DHR,buy_call,2.4594,4,8.2645,5.8051,0.232204,True
2019-06-01,DIS,buy_call,3.3259,4,5.7558,2.43,0.0972,True
2019-06-01,DUK,skip,0.0,0,4.1861,0.0,0.0,True
2019-06-01,EL,buy_call,3.0,4,14.0106,11.0106,0.440424,True
2019-06-01,ELV,skip,0.0,0,1.5217,0.0,0.0,True
2019-06-01,EOG,skip,0.0,0,13.7763,0.0,0.0,True
2019-06-01,FDX,skip,0.0,0,6.4234,0.0,0.0,True
2019-06-01,GE,buy_call,3.2317,4,11.2288,7.997,0.31988,True
2019-06-01,GILD,skip,0.0,0,8.5301,0.0,0.0,True
2019-06-01,GM,skip,0.0,0,15.5669,0.0,0.0,True
2019-06-01,GOOGL,skip,0.0,0,-2.1419,0.0,0.0,True
2019-06-01,GS,skip,0.0,0,12.621,0.0,0.0,True
2019-06-01,HD,buy_call,2.7959,4,9.5444,6.7485,0.26994,True
2019-06-01,HON,buy_call,3.0196,4,6.7736,3.754,0.15016,True
2019-06-01,IBM,buy_call,3.0196,4,9.8811,6.8615,0.27446,True
2019-06-01,ICE,buy_call,3.0,4,4.5371,1.5371,0.061484,True
2019-06-01,INTC,skip,0.0,0,9.3623,0.0,0.0,True
2019-06-01,INTU,buy_call,3.5689,4,6.7307,3.1617,0.126468,True
2019-06-01,ISRG,skip,0.0,0,12.8429,0.0,0.0,True
2019-06-01,ITW,buy_call,3.0196,4,7.9992,4.9796,0.199184,True
2019-06-01,JNJ,skip,0.0,0,6.9257,0.0,0.0,True
2019-06-01,JPM,skip,0.0,0,5.5115,0.0,0.0,True
2019-06-01,KO,skip,0.0,0,3.6434,0.0,0.0,True
2019-06-01,LLY,skip,0.0,0,-3.9059,0.0,0.0,True
2019-06-01,LMT,buy_call,3.2317,4,8.08,4.8482,0.193928,True
2019-06-01,LOW,skip,0.0,0,8.1797,0.0,0.0,True
2019-06-01,MA,buy_call,2.7116,4,5.1851,2.4734,0.098936,True
2019-06-01,MCD,buy_call,1.9747,4,5.3493,3.3746,0.134984,True
2019-06-01,MDLZ,buy_call,2.2339,4,5.998,3.7641,0.150564,True
2019-06-01,MDT,skip,0.0,0,5.1955,0.0,0.0,True
2019-06-01,META,buy_call,4.3383,4,8.7508,4.4125,0.1765,True
2019-06-01,MMM,skip,0.0,0,9.4354,0.0,0.0,True
2019-06-01,MO,skip,0.0,0,-3.4856,0.0,0.0,True
2019-06-01,MRK,buy_call,2.7192,4,5.8578,3.1386,0.125544,True
2019-06-01,MS,skip,0.0,0,7.6678,0.0,0.0,True
2019-06-01,MSFT,buy_call,2.8745,4,8.7127,5.8383,0.233532,True
2019-06-01,MU,skip,0.0,0,18.3379,0.0,0.0,True
2019-06-01,NEE,buy_call,1.9747,4,4.0085,2.0338,0.081352,True
2019-06-01,NFLX,buy_call,4.4729,4,7.003,2.5301,0.101204,True
2019-06-01,NKE,buy_call,3.5085,4,9.131,5.6225,0.2249,True
2019-06-01,NVDA,skip,0.0,0,21.3771,0.0,0.0,True
2019-06-01,ORCL,buy_call,3.5955,4,12.5889,8.9935,0.35974,True
2019-06-01,PEP,buy_call,2.2339,4,2.4453,0.2114,0.008456,True
2019-06-01,PFE,skip,0.0,0,5.2606,0.0,0.0,True
2019-06-01,PG,buy_call,2.0993,4,6.5494,4.4501,0.178004,True
2019-06-01,PM,skip,0.0,0,1.8151,0.0,0.0,True
2019-06-01,PYPL,buy_call,2.7116,4,4.2916,1.5799,0.063196,True
2019-06-01,QCOM,buy_call,4.254,4,13.8432,9.5891,0.383564,True
2019-06-01,SBUX,buy_call,1.9747,4,10.727,8.7522,0.350088,True
2019-06-01,SCHW,skip,0.0,0,-3.0364,0.0,0.0,True
2019-06-01,SO,buy_call,1.9747,4,4.5259,2.5512,0.102048,True
2019-06-01,SPGI,buy_call,2.7389,4,6.7877,4.0488,0.161952,True
2019-06-01,SYK,buy_call,2.4594,4,12.1917,9.7323,0.389292,True
2019-06-01,T,buy_call,3.1005,4,9.5814,6.4809,0.259236,True
2019-06-01,TJX,buy_call,2.4474,4,5.6121,3.1647,0.126588,True
2019-06-01,TMO,buy_call,2.8279,4,10.0007,7.1729,0.286916,True
2019-06-01,TMUS,buy_call,3.1005,4,0.9532,-2.1474,-0.085896,True
2019-06-01,TXN,buy_call,4.1737,4,10.7442,6.5705,0.26282,True
2019-06-01,UNH,skip,0.0,0,0.914,0.0,0.0,True
2019-06-01,UNP,buy_call,3.2317,4,1.9278,-1.304,-0.05216,True
2019-06-01,USB,skip,0.0,0,4.3825,0.0,0.0,True
2019-06-01,V,buy_call,2.5501,4,7.74,5.1899,0.207596,True
2019-06-01,VRTX,skip,0.0,0,10.3502,0.0,0.0,True
2019-06-01,VZ,skip,0.0,0,5.115,0.0,0.0,True
2019-06-01,WFC,skip,0.0,0,7.6796,0.0,0.0,True
2019-06-01,WMT,buy_call,2.4474,4,9.5002,7.0528,0.282112,True
2019-06-01,XOM,skip,0.0,0,9.5215,0.0,0.0,True
2019-06-01,ZTS,buy_call,2.8264,4,12.3107,9.4843,0.379372,True
2019-07-01,AAPL,buy_call,3.1456,1,7.6394,4.4939,0.044939,False
2019-07-01,ABBV,skip,0.0,0,-8.3883,0.0,0.0,False
2019-07-01,ABT,buy_call,2.4594,1,3.5672,1.1078,0.011078,False
2019-07-01,ADBE,buy_call,2.8745,1,1.4288,-1.4457,-0.014457,False
2019-07-01,ADP,buy_call,3.0196,1,1.2036,-1.8159,-0.018159,False
2019-07-01,AMAT,buy_call,4.1737,1,9.931,5.7573,0.057573,False
2019-07-01,AMGN,skip,0.0,0,1.2481,0.0,0.0,False
2019-07-01,AMT,buy_call,3.0196,1,3.9537,0.9341,0.009341,False
2019-07-01,AMZN,buy_call,3.8265,1,-1.4179,-3.8265,-0.038265,False
2019-07-01,AVGO,buy_call,4.1737,1,1.7058,-2.4679,-0.024679,False
2019-07-01,AXP,buy_call,2.7116,1,0.7534,-1.9582,-0.019582,False
2019-07-01,BA,buy_call,3.0,1,-6.2718,-3.0,-0.03,False
2019-07-01,BAC,buy_call,3.1976,1,6.3647,3.1671,0.031671,False
2019-07-01,BDX,buy_call,2.4594,1,0.6372,-1.8222,-0.018222,False
2019-07-01,BKNG,buy_call,3.0,1,0.6348,-2.3652,-0.023652,False
2019-07-01,BLK,buy_call,2.7389,1,0.4174,-2.3215,-0.023215,False
2019-07-01,BMY,skip,0.0,0,-2.0728,0.0,0.0,False
2019-07-01,BRK-B,buy_call,1.809,1,-3.6309,-1.809,-0.01809,False
2019-07-01,C,buy_call,3.0,1,1.6136,-1.3864,-0.013864,False
2019-07-01,CAT,buy_call,3.2317,1,-3.3898,-3.2317,-0.032317,False
2019-07-01,CHTR,buy_call,3.1005,1,-2.4799,-3.1005,-0.031005,False
2019-07-01,CL,buy_call,2.0993,1,0.0977,-2.0016,-0.020016,False
2019-07-01,CME,buy_call,2.7389,1,0.535,-2.2038,-0.022038,False
2019-07-01,COST,buy_call,2.5784,1,4.3026,1.7242,0.017242,False
2019-07-01,CRM,buy_call,3.8947,1,1.8256,-2.0691,-0.020691,False
2019-07-01,CSCO,buy_call,3.0196,1,1.2242,-1.7954,-0.017954,False
2019-07-01,CSX,buy_call,3.0,1,-9.0087,-3.0,-0.03,False
2019-07-01,CVS,skip,0.0,0,2.5326,0.0,0.0,False
2019-07-01,CVX,buy_call,3.0632,1,-1.0688,-3.0632,-0.030632,False
2019-07-01,DHR,buy_call,2.4594,1,-1.5745,-2.4594,-0.024594,False
2019-07-01,DIS,buy_call,3.3259,1,2.4134,-0.9125,-0.009125,False
2019-07-01,DUK,buy_call,1.9747,1,-1.7226,-1.9747,-0.019747,False
2019-07-01,EL,buy_call,3.0,1,0.5898,-2.4102,-0.024102,False
2019-07-01,ELV,buy_call,2.9729,1,4.6957,1.7228,0.017228,False
2019-07-01,EOG,buy_call,3.2317,1,-7.8468,-3.2317,-0.032317,False
2019-07-01,FDX,buy_call,3.0196,1,4.2636,1.244,0.01244,False
2019-07-01,GE,buy_call,3.2317,1,-0.3804,-3.2317,-0.032317,False
2019-07-01,GILD,buy_call,2.8264,1,-2.0959,-2.8264,-0.028264,False
2019-07-01,GM,buy_call,3.2317,1,5.8196,2.5879,0.025879,False
2019-07-01,GOOGL,buy_call,3.4858,1,12.5046,9.0188,0.090188,False
2019-07-01,GS,buy_call,2.7389,1,7.5904,4.8516,0.048516,False
2019-07-01,HD,buy_call,2.7959,1,3.4711,0.6752,0.006752,False
2019-07-01,HON,buy_call,3.0196,1,-1.22,-3.0196,-0.030196,False
2019-07-01,IBM,buy_call,3.0196,1,7.4982,4.4786,0.044786,False
2019-07-01,ICE,buy_call,3.0,1,2.5641,-0.4359,-0.004359,False
2019-07-01,INTC,buy_call,4.1737,1,5.5985,1.4248,0.014248,False
2019-07-01,INTU,buy_call,3.5689,1,6.1149,2.546,0.02546,False
2019-07-01,ISRG,buy_call,2.4594,1,-0.9608,-2.4594,-0.024594,False
2019-07-01,ITW,buy_call,3.0196,1,2.9538,-0.0658,-0.000658,False
2019-07-01,JNJ,buy_call,2.057,1,-6.5049,-2.057,-0.02057,False
2019-07-01,JPM,buy_call,2.7389,1,3.7567,1.0178,0.010178,False
2019-07-01,KO,buy_call,1.9747,1,4.1651,2.1903,0.021903,False
2019-07-01,LLY,skip,0.0,0,-1.6608,0.0,0.0,False
2019-07-01,LMT,buy_call,3.2317,1,-0.3769,-3.2317,-0.032317,False
2019-07-01,LOW,buy_call,2.7959,1,0.4856,-2.3103,-0.023103,False
2019-07-01,MA,buy_call,2.7116,1,2.926,0.2143,0.002143,False
2019-07-01,MCD,buy_call,1.9747,1,1.4736,-0.5012,-0.005012,False
2019-07-01,MDLZ,buy_call,2.2339,1,-0.2846,-2.2339,-0.022339,False
2019-07-01,MDT,buy_call,2.4594,1,4.672,2.2126,0.022126,False
2019-07-01,META,buy_call,4.3383,1,0.6373,-3.701,-0.03701,False
2019-07-01,MMM,skip,0.0,0,0.7962,0.0,0.0,False
2019-07-01,MO,skip,0.0,0,0.9745,0.0,0.0,False
2019-07-01,MRK,buy_call,2.7192,1,-0.3646,-2.7192,-0.027192,False
2019-07-01,MS,buy_call,2.7389,1,1.7119,-1.027,-0.01027,False
2019-07-01,MSFT,buy_call,2.8745,1,1.7243,-1.1501,-0.011501,False
2019-07-01,MU,buy_call,5.3919,1,16.3255,10.9336,0.109336,False
2019-07-01,NEE,buy_call,1.9747,1,1.1276,-0.8471,-0.008471,False
2019-07-01,NFLX,buy_call,4.4729,1,-12.0685,-4.4729,-0.044729,False
2019-07-01,NKE,buy_call,3.5085,1,2.4776,-1.0309,-0.010309,False
2019-07-01,NVDA,buy_call,5.3919,1,2.734,-2.6579,-0.026579,False
2019-07-01,ORCL,buy_call,3.5955,1,-1.176,-3.5955,-0.035955,False
2019-07-01,PEP,buy_call,2.2339,1,-1.8182,-2.2339,-0.022339,False
2019-07-01,PFE,buy_call,2.8264,1,-10.3417,-2.8264,-0.028264,False
2019-07-01,PG,buy_call,2.0993,1,7.6516,5.5523,0.055523,False
2019-07-01,PM,buy_call,2.2339,1,8.0763,5.8424,0.058424,False
2019-07-01,PYPL,buy_call,2.7116,1,-3.5471,-2.7116,-0.027116,False
2019-07-01,QCOM,buy_call,4.254,1,-2.9463,-4.254,-0.04254,False
2019-07-01,SBUX,buy_call,1.9747,1,12.9548,10.98,0.1098,False
2019-07-01,SCHW,skip,0.0,0,7.5392,0.0,0.0,False
2019-07-01,SO,buy_call,1.9747,1,1.6643,-0.3105,-0.003105,False
2019-07-01,SPGI,buy_call,2.7389,1,7.5333,4.7944,0.047944,False
2019-07-01,SYK,buy_call,2.4594,1,2.3059,-0.1535,-0.001535,False
2019-07-01,T,buy_call,3.1005,1,1.6115,-1.4891,-0.014891,False
2019-07-01,TJX,buy_call,2.4474,1,3.177,0.7296,0.007296,False
2019-07-01,TMO,buy_call,2.8279,1,-5.3851,-2.8279,-0.028279,False
2019-07-01,TMUS,buy_call,3.1005,1,7.5398,4.4393,0.044393,False
2019-07-01,TXN,buy_call,4.1737,1,8.9317,4.758,0.04758,False
2019-07-01,UNH,skip,0.0,0,2.501,0.0,0.0,False
2019-07-01,UNP,buy_call,3.2317,1,6.41,3.1783,0.031783,False
2019-07-01,USB,buy_call,2.7389,1,9.8468,7.1079,0.071079,False
2019-07-01,V,buy_call,2.5501,1,2.5641,0.014,0.00014,False
2019-07-01,VRTX,buy_call,2.8264,1,-9.1395,-2.8264,-0.028264,False
2019-07-01,VZ,buy_call,3.1005,1,-3.2557,-3.1005,-0.031005,False
2019-07-01,WFC,buy_call,3.4824,1,2.3035,-1.1789,-0.011789,False
2019-07-01,WMT,buy_call,2.4474,1,-0.0996,-2.4474,-0.024474,False
2019-07-01,XOM,buy_call,3.2317,1,-2.9623,-3.2317,-0.032317,False
2019-07-01,ZTS,buy_call,2.8264,1,1.2336,-1.5928,-0.015928,False
2019-08-01,AAPL,buy_call,3.1456,2,-2.0184,-3.1456,-0.062912,True
2019-08-01,ABBV,skip,0.0,0,0.1838,0.0,0.0,True
2019-08-01,ABT,buy_call,2.4594,2,-1.6768,-2.4594,-0.049188,True
2019-08-01,ADBE,buy_call,2.8745,2,-4.8016,-2.8745,-0.05749,True
2019-08-01,ADP,buy_call,3.0196,2,1.9938,-1.0258,-0.020516,True
2019-08-01,AMAT,buy_call,4.1737,2,-2.7345,-4.1737,-0.083474,True
2019-08-01,AMGN,buy_call,2.8264,2,11.8126,8.9862,0.179724,True
2019-08-01,AMT,buy_call,3.0196,2,8.7752,5.7556,0.115112,True
2019-08-01,AMZN,buy_call,3.8265,2,-4.8474,-3.8265,-0.07653,True
2019-08-01,AVGO,buy_call,4.1737,2,-2.5346,-4.1737,-0.083474,True
2019-08-01,AXP,buy_call,2.7116,2,-2.9136,-2.7116,-0.054232,True
2019-08-01,BA,skip,0.0,0,6.7149,0.0,0.0,True
2019-08-01,BAC,buy_call,3.1976,2,-10.3325,-3.1976,-0.063952,True
2019-08-01,BDX,buy_call,2.4594,2,0.443,-2.0164,-0.040328,True
2019-08-01,BKNG,buy_call,3.0,2,4.2298,1.2298,0.024596,True
2019-08-01,BLK,buy_call,2.7389,2,-9.6476,-2.7389,-0.054778,True
2019-08-01,BMY,skip,0.0,0,9.2005,0.0,0.0,True
2019-08-01,BRK-B,skip,0.0,0,-0.9833,0.0,0.0,True
2019-08-01,C,buy_call,3.0,2,-9.57,-3.0,-0.06,True
2019-08-01,CAT,buy_call,3.2317,2,-8.9271,-3.2317,-0.064634,True
2019-08-01,CHTR,buy_call,3.1005,2,6.2821,3.1816,0.063632,True
2019-08-01,CL,buy_call,2.0993,2,3.9594,1.8601,0.037202,True
2019-08-01,CME,buy_call,2.7389,2,11.7632,9.0243,0.180486,True
2019-08-01,COST,buy_call,2.5784,2,6.9404,4.362,0.08724,True
2019-08-01,CRM,buy_call,3.8947,2,1.0162,-2.8785,-0.05757,True
2019-08-01,CSCO,buy_call,3.0196,2,-14.9722,-3.0196,-0.060392,True
2019-08-01,CSX,buy_call,3.0,2,-4.8012,-3.0,-0.06,True
2019-08-01,CVS,skip,0.0,0,10.0164,0.0,0.0,True
2019-08-01,CVX,buy_call,3.0632,2,-4.3782,-3.0632,-0.061264,True
2019-08-01,DHR,buy_call,2.4594,2,1.1317,-1.3277,-0.026554,True
2019-08-01,DIS,buy_call,3.3259,2,-3.4263,-3.3259,-0.066518,True
2019-08-01,DUK,buy_call,1.9747,2,6.9419,4.9671,0.099342,True
2019-08-01,EL,buy_call,3.0,2,7.4923,4.4923,0.089846,True
2019-08-01,ELV,skip,0.0,0,-11.2318,0.0,0.0,True
2019-08-01,EOG,skip,0.0,0,-13.3005,0.0,0.0,True
2019-08-01,FDX,skip,0.0,0,-6.99,0.0,0.0,True
2019-08-01,GE,buy_call,3.2317,2,-21.0526,-3.2317,-0.064634,True
2019-08-01,GILD,skip,0.0,0,-3.022,0.0,0.0,True
2019-08-01,GM,buy_call,3.2317,2,-8.0565,-3.2317,-0.064634,True
2019-08-01,GOOGL,buy_call,3.4858,2,-2.2714,-3.4858,-0.069716,True
2019-08-01,GS,buy_call,2.7389,2,-7.3684,-2.7389,-0.054778,True
2019-08-01,HD,buy_call,2.7959,2,6.6545,3.8586,0.077172,True
2019-08-01,HON,buy_call,3.0196,2,-4.546,-3.0196,-0.060392,True
2019-08-01,IBM,buy_call,3.0196,2,-8.5739,-3.0196,-0.060392,True
2019-08-01,ICE,buy_call,3.0,2,6.3966,3.3966,0.067932,True
2019-08-01,INTC,buy_call,4.1737,2,-6.2117,-4.1737,-0.083474,True
2019-08-01,INTU,buy_call,3.5689,2,4.1652,0.5963,0.011926,True
2019-08-01,ISRG,skip,0.0,0,-1.5726,0.0,0.0,True
2019-08-01,ITW,buy_call,3.0196,2,-2.8335,-3.0196,-0.060392,True
2019-08-01,JNJ,skip,0.0,0,-1.4284,0.0,0.0,True
2019-08-01,JPM,buy_call,2.7389,2,-4.6226,-2.7389,-0.054778,True
2019-08-01,KO,buy_call,1.9747,2,4.5791,2.6044,0.052088,True
2019-08-01,LLY,skip,0.0,0,3.6897,0.0,0.0,True
2019-08-01,LMT,buy_call,3.2317,2,6.0579,2.8262,0.056524,True
2019-08-01,LOW,buy_call,2.7959,2,11.2475,8.4516,0.169032,True
2019-08-01,MA,buy_call,2.7116,2,3.4677,0.7561,0.015122,True
2019-08-01,MCD,buy_call,1.9747,2,3.4406,1.4658,0.029316,True
2019-08-01,MDLZ,buy_call,2.2339,2,3.2342,1.0003,0.020006,True
2019-08-01,MDT,buy_call,2.4594,2,6.4183,3.9589,0.079178,True
2019-08-01,META,buy_call,4.3383,2,-4.4071,-4.3383,-0.086766,True
2019-08-01,MMM,skip,0.0,0,-7.4405,0.0,0.0,True
2019-08-01,MO,skip,0.0,0,-7.0746,0.0,0.0,True
2019-08-01,MRK,buy_call,2.7192,2,4.1933,1.4741,0.029482,True
2019-08-01,MS,buy_call,2.7389,2,-6.1634,-2.7389,-0.054778,True
2019-08-01,MSFT,buy_call,2.8745,2,1.1668,-1.7076,-0.034152,True
2019-08-01,MU,buy_call,5.3919,2,0.8465,-4.5454,-0.090908,True
2019-08-01,NEE,buy_call,1.9747,2,5.7489,3.7741,0.075482,True
2019-08-01,NFLX,skip,0.0,0,-9.0529,0.0,0.0,True
2019-08-01,NKE,buy_call,3.5085,2,-1.7785,-3.5085,-0.07017,True
2019-08-01,NVDA,buy_call,5.3919,2,-0.7171,-5.3919,-0.107838,True
2019-08-01,ORCL,buy_call,3.5955,2,-7.1568,-3.5955,-0.07191,True
2019-08-01,PEP,buy_call,2.2339,2,6.9791,4.7452,0.094904,True
2019-08-01,PFE,skip,0.0,0,-8.4706,0.0,0.0,True
2019-08-01,PG,buy_call,2.0993,2,2.5149,0.4156,0.008312,True
2019-08-01,PM,buy_call,2.2339,2,-13.7783,-2.2339,-0.044678,True
2019-08-01,PYPL,buy_call,2.7116,2,-1.2228,-2.7116,-0.054232,True
2019-08-01,QCOM,buy_call,4.254,2,6.3012,2.0472,0.040944,True
2019-08-01,SBUX,buy_call,1.9747,2,1.9749,0.0001,2e-06,True
2019-08-01,SCHW,skip,0.0,0,-11.453,0.0,0.0,True
2019-08-01,SO,buy_call,1.9747,2,3.6655,1.6907,0.033814,True
2019-08-01,SPGI,buy_call,2.7389,2,6.2217,3.4828,0.069656,True
2019-08-01,SYK,buy_call,2.4594,2,5.1864,2.727,0.05454,True
2019-08-01,T,buy_call,3.1005,2,5.6362,2.5357,0.050714,True
2019-08-01,TJX,buy_call,2.4474,2,0.7515,-1.696,-0.03392,True
2019-08-01,TMO,buy_call,2.8279,2,3.378,0.5501,0.011002,True
2019-08-01,TMUS,buy_call,3.1005,2,-2.1071,-3.1005,-0.06201,True
2019-08-01,TXN,buy_call,4.1737,2,-0.418,-4.1737,-0.083474,True
2019-08-01,UNH,skip,0.0,0,-6.0279,0.0,0.0,True
2019-08-01,UNP,buy_call,3.2317,2,-9.9972,-3.2317,-0.064634,True
2019-08-01,USB,buy_call,2.7389,2,-7.804,-2.7389,-0.054778,True
2019-08-01,V,buy_call,2.5501,2,1.5842,-0.9658,-0.019316,True
2019-08-01,VRTX,skip,0.0,0,8.0423,0.0,0.0,True
2019-08-01,VZ,buy_call,3.1005,2,6.3365,3.236,0.06472,True
2019-08-01,WFC,buy_call,3.4824,2,-3.8009,-3.4824,-0.069648,True
2019-08-01,WMT,buy_call,2.4474,2,3.5151,1.0677,0.021354,True
2019-08-01,XOM,buy_call,3.2317,2,-7.9075,-3.2317,-0.064634,True
2019-08-01,ZTS,buy_call,2.8264,2,10.1947,7.3682,0.147364,True
2019-09-01,AAPL,buy_call,3.1456,2,7.7038,4.5583,0.091166,True
2019-09-01,ABBV,skip,0.0,0,15.181,0.0,0.0,True
2019-09-01,ABT,buy_call,2.4594,2,-1.9339,-2.4594,-0.049188,True
2019-09-01,ADBE,buy_call,2.8745,2,-2.9032,-2.8745,-0.05749,True
2019-09-01,ADP,buy_call,3.0196,2,-4.9576,-3.0196,-0.060392,True
2019-09-01,AMAT,buy_call,4.1737,2,4.3841,0.2105,0.00421,True
2019-09-01,AMGN,buy_call,2.8264,2,-6.5857,-2.8264,-0.056528,True
2019-09-01,AMT,buy_call,3.0196,2,-3.9359,-3.0196,-0.060392,True
2019-09-01,AMZN,buy_call,3.8265,2,-2.2733,-3.8265,-0.07653,True
2019-09-01,AVGO,buy_call,4.1737,2,-2.3245,-4.1737,-0.083474,True
2019-09-01,AXP,buy_call,2.7116,2,-1.7363,-2.7116,-0.054232,True
2019-09-01,BA,skip,0.0,0,5.151,0.0,0.0,True
2019-09-01,BAC,skip,0.0,0,6.0342,0.0,0.0,True
2019-09-01,BDX,buy_call,2.4594,2,-0.378,-2.4594,-0.049188,True
2019-09-01,BKNG,buy_call,3.0,2,-0.1933,-3.0,-0.06,True
2019-09-01,BLK,skip,0.0,0,5.4619,0.0,0.0,True
2019-09-01,BMY,skip,0.0,0,5.492,0.0,0.0,True
2019-09-01,BRK-B,buy_call,1.809,2,2.2664,0.4574,0.009148,True
2019-09-01,C,buy_call,3.0,2,8.1575,5.1575,0.10315,True
2019-09-01,CAT,skip,0.0,0,6.1429,0.0,0.0,True
2019-09-01,CHTR,buy_call,3.1005,2,0.6177,-2.4829,-0.049658,True
2019-09-01,CL,buy_call,2.0993,2,-0.8631,-2.0993,-0.041986,True
2019-09-01,CME,buy_call,2.7389,2,-2.7383,-2.7389,-0.054778,True
2019-09-01,COST,buy_call,2.5784,2,-2.0399,-2.5784,-0.051568,True
2019-09-01,CRM,skip,0.0,0,-4.8888,0.0,0.0,True
2019-09-01,CSCO,skip,0.0,0,5.5544,0.0,0.0,True
2019-09-01,CSX,skip,0.0,0,3.738,0.0,0.0,True
2019-09-01,CVS,buy_call,2.9729,2,3.5292,0.5563,0.011126,True
2019-09-01,CVX,buy_call,3.0632,2,1.7832,-1.28,-0.0256,True
2019-09-01,DHR,buy_call,2.4594,2,1.6469,-0.8125,-0.01625,True
2019-09-01,DIS,buy_call,3.3259,2,-5.0561,-3.3259,-0.066518,True
2019-09-01,DUK,buy_call,1.9747,2,4.4759,2.5011,0.050022,True
2019-09-01,EL,buy_call,3.0,2,0.6987,-2.3013,-0.046026,True
2019-09-01,ELV,skip,0.0,0,-8.1906,0.0,0.0,True
2019-09-01,EOG,skip,0.0,0,0.0404,0.0,0.0,True
2019-09-01,FDX,skip,0.0,0,-8.2214,0.0,0.0,True
2019-09-01,GE,skip,0.0,0,8.3636,0.0,0.0,True
2019-09-01,GILD,skip,0.0,0,-0.2518,0.0,0.0,True
2019-09-01,GM,skip,0.0,0,1.0515,0.0,0.0,True
2019-09-01,GOOGL,buy_call,3.4858,2,2.5711,-0.9147,-0.018294,True
2019-09-01,GS,buy_call,2.7389,2,2.266,-0.4729,-0.009458,True
2019-09-01,HD,buy_call,2.7959,2,1.8033,-0.9926,-0.019852,True
2019-09-01,HON,buy_call,3.0196,2,3.2986,0.279,0.00558,True
2019-09-01,IBM,buy_call,3.0196,2,8.5615,5.5419,0.110838,True
2019-09-01,ICE,buy_call,3.0,2,-1.2944,-3.0,-0.06,True
2019-09-01,INTC,skip,0.0,0,9.424,0.0,0.0,True
2019-09-01,INTU,buy_call,3.5689,2,-7.775,-3.5689,-0.071378,True
2019-09-01,ISRG,skip,0.0,0,5.5912,0.0,0.0,True
2019-09-01,ITW,buy_call,3.0196,2,4.4241,1.4045,0.02809,True
2019-09-01,JNJ,skip,0.0,0,1.5499,0.0,0.0,True
2019-09-01,JPM,buy_call,2.7389,2,7.1273,4.3884,0.087768,True
2019-09-01,KO,buy_call,1.9747,2,-1.0901,-1.9747,-0.039494,True
2019-09-01,LLY,skip,0.0,0,-0.4542,0.0,0.0,True
2019-09-01,LMT,buy_call,3.2317,2,2.1335,-1.0982,-0.021964,True
2019-09-01,LOW,buy_call,2.7959,2,-1.9964,-2.7959,-0.055918,True
2019-09-01,MA,buy_call,2.7116,2,-3.483,-2.7116,-0.054232,True
2019-09-01,MCD,buy_call,1.9747,2,-0.9747,-1.9747,-0.039494,True
2019-09-01,MDLZ,buy_call,2.2339,2,0.1811,-2.0528,-0.041056,True
2019-09-01,MDT,buy_call,2.4594,2,0.6766,-1.7828,-0.035656,True
2019-09-01,META,buy_call,4.3383,2,-4.0879,-4.3383,-0.086766,True
2019-09-01,MMM,skip,0.0,0,2.5874,0.0,0.0,True
2019-09-01,MO,skip,0.0,0,-6.4929,0.0,0.0,True
2019-09-01,MRK,buy_call,2.7192,2,-2.6483,-2.7192,-0.054384,True
2019-09-01,MS,buy_call,2.7389,2,2.844,0.1052,0.002104,True
2019-09-01,MSFT,buy_call,2.8745,2,1.1845,-1.69,-0.0338,True
2019-09-01,MU,buy_call,5.3919,2,-5.3457,-5.3919,-0.107838,True
2019-09-01,NEE,buy_call,1.9747,2,6.9461,4.9713,0.099426,True
2019-09-01,NFLX,skip,0.0,0,-8.8953,0.0,0.0,True
2019-09-01,NKE,skip,0.0,0,11.4351,0.0,0.0,True
2019-09-01,NVDA,buy_call,5.3919,2,4.019,-1.3728,-0.027456,True
2019-09-01,ORCL,buy_call,3.5955,2,5.705,2.1095,0.04219,True
2019-09-01,PEP,buy_call,2.2339,2,0.2706,-1.9634,-0.039268,True
2019-09-01,PFE,skip,0.0,0,2.0145,0.0,0.0,True
2019-09-01,PG,buy_call,2.0993,2,3.4517,1.3524,0.027048,True
2019-09-01,PM,skip,0.0,0,5.3267,0.0,0.0,True
2019-09-01,PYPL,buy_call,2.7116,2,-5.0069,-2.7116,-0.054232,True
2019-09-01,QCOM,buy_call,4.254,2,-1.9159,-4.254,-0.08508,True
2019-09-01,SBUX,buy_call,1.9747,2,-8.0829,-1.9747,-0.039494,True
2019-09-01,SCHW,skip,0.0,0,9.799,0.0,0.0,True
2019-09-01,SO,buy_call,1.9747,2,7.1778,5.203,0.10406,True
2019-09-01,SPGI,buy_call,2.7389,2,-5.6365,-2.7389,-0.054778,True
2019-09-01,SYK,buy_call,2.4594,2,-1.9759,-2.4594,-0.049188,True
2019-09-01,T,buy_call,3.1005,2,7.3171,4.2165,0.08433,True
2019-09-01,TJX,buy_call,2.4474,2,1.8383,-0.6092,-0.012184,True
2019-09-01,TMO,buy_call,2.8279,2,1.4666,-1.3613,-0.027226,True
2019-09-01,TMUS,buy_call,3.1005,2,0.9225,-2.1781,-0.043562,True
2019-09-01,TXN,buy_call,4.1737,2,4.4364,0.2627,0.005254,True
2019-09-01,UNH,skip,0.0,0,-7.1282,0.0,0.0,True
2019-09-01,UNP,skip,0.0,0,0.6286,0.0,0.0,True
2019-09-01,USB,buy_call,2.7389,2,5.0294,2.2905,0.04581,True
2019-09-01,V,buy_call,2.5501,2,-4.735,-2.5501,-0.051002,True
2019-09-01,VRTX,skip,0.0,0,-5.8882,0.0,0.0,True
2019-09-01,VZ,buy_call,3.1005,2,3.7827,0.6821,0.013642,True
2019-09-01,WFC,skip,0.0,0,9.5295,0.0,0.0,True
2019-09-01,WMT,buy_call,2.4474,2,4.3797,1.9323,0.038646,True
2019-09-01,XOM,skip,0.0,0,4.3925,0.0,0.0,True
2019-09-01,ZTS,buy_call,2.8264,2,-1.4476,-2.8264,-0.056528,True
2019-10-01,AAPL,buy_call,3.1456,4,11.0685,7.9229,0.316916,True
2019-10-01,ABBV,skip,0.0,0,5.0581,0.0,0.0,True
2019-10-01,ABT,buy_call,2.4594,4,-0.0717,-2.4594,-0.098376,True
2019-10-01,ADBE,buy_call,2.8745,4,0.6081,-2.2663,-0.090652,True
2019-10-01,ADP,buy_call,3.0196,4,0.9969,-2.0227,-0.080908,True
2019-10-01,AMAT,buy_call,4.1737,4,8.7375,4.5638,0.182552,True
2019-10-01,AMGN,buy_call,2.8264,4,10.201,7.3746,0.294984,True
2019-10-01,AMT,buy_call,3.0196,4,-0.9555,-3.0196,-0.120784,True
2019-10-01,AMZN,skip,0.0,0,2.3475,0.0,0.0,True
2019-10-01,AVGO,skip,0.0,0,7.0543,0.0,0.0,True
2019-10-01,AXP,buy_call,2.7116,4,-0.8454,-2.7116,-0.108464,True
2019-10-01,BA,buy_call,3.0,4,-10.6605,-3.0,-0.12,True
2019-10-01,BAC,buy_call,3.1976,4,7.9057,4.7081,0.188324,True
2019-10-01,BDX,buy_call,2.4594,4,1.5041,-0.9553,-0.038212,True
2019-10-01,BKNG,buy_call,3.0,4,4.3901,1.3901,0.055604,True
2019-10-01,BLK,buy_call,2.7389,4,4.4326,1.6937,0.067748,True
2019-10-01,BMY,buy_call,2.8264,4,13.1335,10.307,0.41228,True
2019-10-01,BRK-B,buy_call,1.809,4,2.1921,0.3831,0.015324,True
2019-10-01,C,buy_call,3.0,4,4.0243,1.0243,0.040972,True
2019-10-01,CAT,skip,0.0,0,9.0967,0.0,0.0,True
2019-10-01,CHTR,buy_call,3.1005,4,13.5252,10.4246,0.416984,True
2019-10-01,CL,buy_call,2.0993,4,-6.6794,-2.0993,-0.083972,True
2019-10-01,CME,buy_call,2.7389,4,-2.3166,-2.7389,-0.109556,True
2019-10-01,COST,buy_call,2.5784,4,3.1238,0.5454,0.021816,True
2019-10-01,CRM,skip,0.0,0,5.4231,0.0,0.0,True
2019-10-01,CSCO,skip,0.0,0,-3.8454,0.0,0.0,True
2019-10-01,CSX,skip,0.0,0,1.4436,0.0,0.0,True
2019-10-01,CVS,buy_call,2.9729,4,5.264,2.2911,0.091644,True
2019-10-01,CVX,skip,0.0,0,-2.0742,0.0,0.0,True
2019-10-01,DHR,buy_call,2.4594,4,-4.4638,-2.4594,-0.098376,True
2019-10-01,DIS,buy_call,3.3259,4,-0.307,-3.3259,-0.133036,True
2019-10-01,DUK,buy_call,1.9747,4,-1.6691,-1.9747,-0.078988,True
2019-10-01,EL,buy_call,3.0,4,-6.3735,-3.0,-0.12,True
2019-10-01,ELV,skip,0.0,0,12.4307,0.0,0.0,True
2019-10-01,EOG,skip,0.0,0,-6.6154,0.0,0.0,True
2019-10-01,FDX,skip,0.0,0,5.2868,0.0,0.0,True
2019-10-01,GE,skip,0.0,0,11.7538,0.0,0.0,True
2019-10-01,GILD,skip,0.0,0,1.4595,0.0,0.0,True
2019-10-01,GM,buy_call,3.2317,4,0.1413,-3.0904,-0.123616,True
2019-10-01,GOOGL,buy_call,3.4858,4,3.084,-0.4018,-0.016072,True
2019-10-01,GS,buy_call,2.7389,4,2.9677,0.2288,0.009152,True
2019-10-01,HD,buy_call,2.7959,4,1.7208,-1.0751,-0.043004,True
2019-10-01,HON,buy_call,3.0196,4,2.0863,-0.9333,-0.037332,True
2019-10-01,IBM,buy_call,3.0196,4,-8.0388,-3.0196,-0.120784,True
2019-10-01,ICE,buy_call,3.0,4,2.534,-0.466,-0.01864,True
2019-10-01,INTC,skip,0.0,0,9.7031,0.0,0.0,True
2019-10-01,INTU,buy_call,3.5689,4,-3.1737,-3.5689,-0.142756,True
2019-10-01,ISRG,skip,0.0,0,2.4114,0.0,0.0,True
2019-10-01,ITW,buy_call,3.0196,4,8.473,5.4535,0.21814,True
2019-10-01,JNJ,skip,0.0,0,2.0559,0.0,0.0,True
2019-10-01,JPM,buy_call,2.7389,4,6.1433,3.4044,0.136176,True
2019-10-01,KO,buy_call,1.9747,4,0.7126,-1.2621,-0.050484,True
2019-10-01,LLY,skip,0.0,0,1.8957,0.0,0.0,True
2019-10-01,LMT,buy_call,3.2317,4,-3.4302,-3.2317,-0.129268,True
2019-10-01,LOW,buy_call,2.7959,4,1.5005,-1.2954,-0.051816,True
2019-10-01,MA,buy_call,2.7116,4,1.9295,-0.7821,-0.031284,True
2019-10-01,MCD,buy_call,1.9747,4,-8.3881,-1.9747,-0.078988,True
2019-10-01,MDLZ,buy_call,2.2339,4,-4.7003,-2.2339,-0.089356,True
2019-10-01,MDT,buy_call,2.4594,4,0.7634,-1.696,-0.06784,True
2019-10-01,META,buy_call,4.3383,4,7.6202,3.2819,0.131276,True
2019-10-01,MMM,skip,0.0,0,0.3589,0.0,0.0,True
2019-10-01,MO,skip,0.0,0,11.6199,0.0,0.0,True
2019-10-01,MRK,buy_call,2.7192,4,3.6302,0.911,0.03644,True
2019-10-01,MS,buy_call,2.7389,4,7.9212,5.1824,0.207296,True
2019-10-01,MSFT,buy_call,2.8745,4,3.1217,0.2472,0.009888,True
2019-10-01,MU,buy_call,5.3919,4,10.9685,5.5766,0.223064,True
2019-10-01,NEE,buy_call,1.9747,4,2.2962,0.3215,0.01286,True
2019-10-01,NFLX,skip,0.0,0,7.3948,0.0,0.0,True
2019-10-01,NKE,buy_call,3.5085,4,-4.6529,-3.5085,-0.14034,True
2019-10-01,NVDA,skip,0.0,0,15.4823,0.0,0.0,True
2019-10-01,ORCL,buy_call,3.5955,4,-0.9813,-3.5955,-0.14382,True
2019-10-01,PEP,buy_call,2.2339,4,0.7425,-1.4915,-0.05966,True
2019-10-01,PFE,skip,0.0,0,6.791,0.0,0.0,True
2019-10-01,PG,buy_call,2.0993,4,0.1045,-1.9948,-0.079792,True
2019-10-01,PM,skip,0.0,0,9.0284,0.0,0.0,True
2019-10-01,PYPL,skip,0.0,0,0.4923,0.0,0.0,True
2019-10-01,QCOM,buy_call,4.254,4,6.2909,2.0369,0.081476,True
2019-10-01,SBUX,buy_call,1.9747,4,-4.3655,-1.9747,-0.078988,True
2019-10-01,SCHW,skip,0.0,0,-2.6775,0.0,0.0,True
2019-10-01,SO,buy_call,1.9747,4,1.4408,-0.5339,-0.021356,True
2019-10-01,SPGI,buy_call,2.7389,4,5.3106,2.5717,0.102868,True
2019-10-01,SYK,buy_call,2.4594,4,0.227,-2.2324,-0.089296,True
2019-10-01,T,buy_call,3.1005,4,1.7178,-1.3828,-0.055312,True
2019-10-01,TJX,buy_call,2.4474,4,3.4266,0.9792,0.039168,True
2019-10-01,TMO,buy_call,2.8279,4,3.7433,0.9154,0.036616,True
2019-10-01,TMUS,buy_call,3.1005,4,4.9384,1.8379,0.073516,True
2019-10-01,TXN,buy_call,4.1737,4,-8.7047,-4.1737,-0.166948,True
2019-10-01,UNH,skip,0.0,0,16.8285,0.0,0.0,True
2019-10-01,UNP,skip,0.0,0,2.1484,0.0,0.0,True
2019-10-01,USB,buy_call,2.7389,4,3.8205,1.0816,0.043264,True
2019-10-01,V,buy_call,2.5501,4,3.9824,1.4323,0.057292,True
2019-10-01,VRTX,skip,0.0,0,15.3819,0.0,0.0,True
2019-10-01,VZ,buy_call,3.1005,4,0.1822,-2.9183,-0.116732,True
2019-10-01,WFC,buy_call,3.4824,4,2.3592,-1.1232,-0.044928,True
2019-10-01,WMT,buy_call,2.4474,4,-1.1965,-2.4474,-0.097896,True
2019-10-01,XOM,skip,0.0,0,-4.3053,0.0,0.0,True
2019-10-01,ZTS,buy_call,2.8264,4,2.6728,-0.1536,-0.006144,True
2019-11-01,AAPL,buy_call,3.1456,4,7.4329,4.2873,0.171492,True
2019-11-01,ABBV,buy_call,2.8264,4,11.8909,9.0645,0.36258,True
2019-11-01,ABT,buy_call,2.4594,4,2.6104,0.151,0.00604,True
2019-11-01,ADBE,skip,0.0,0,11.3698,0.0,0.0,True
2019-11-01,ADP,skip,0.0,0,5.2703,0.0,0.0,True
2019-11-01,AMAT,buy_call,4.1737,4,6.7085,2.5348,0.101392,True
2019-11-01,AMGN,buy_call,2.8264,4,10.068,7.2416,0.289664,True
2019-11-01,AMT,buy_call,3.0196,4,-1.8571,-3.0196,-0.120784,True
2019-11-01,AMZN,skip,0.0,0,1.3587,0.0,0.0,True
2019-11-01,AVGO,skip,0.0,0,7.9768,0.0,0.0,True
2019-11-01,AXP,buy_call,2.7116,4,2.8133,0.1016,0.004064,True
2019-11-01,BA,skip,0.0,0,7.7285,0.0,0.0,True
2019-11-01,BAC,buy_call,3.1976,4,6.5558,3.3582,0.134328,True
2019-11-01,BDX,buy_call,2.4594,4,0.9765,-1.4829,-0.059316,True
2019-11-01,BKNG,buy_call,3.0,4,-7.0647,-3.0,-0.12,True
2019-11-01,BLK,skip,0.0,0,7.193,0.0,0.0,True
2019-11-01,BMY,buy_call,2.8264,4,0.0844,-2.742,-0.10968,True
2019-11-01,BRK-B,skip,0.0,0,3.6316,0.0,0.0,True
2019-11-01,C,buy_call,3.0,4,4.5366,1.5366,0.061464,True
2019-11-01,CAT,buy_call,3.2317,4,5.8546,2.6229,0.104916,True
2019-11-01,CHTR,buy_call,3.1005,4,0.4595,-2.641,-0.10564,True
2019-11-01,CL,skip,0.0,0,-0.5107,0.0,0.0,True
2019-11-01,CME,buy_call,2.7389,4,-1.4678,-2.7389,-0.109556,True
2019-11-01,COST,buy_call,2.5784,4,1.128,-1.4505,-0.05802,True
2019-11-01,CRM,skip,0.0,0,4.0897,0.0,0.0,True
2019-11-01,CSCO,skip,0.0,0,-3.9083,0.0,0.0,True
2019-11-01,CSX,skip,0.0,0,1.8073,0.0,0.0,True
2019-11-01,CVS,buy_call,2.9729,4,14.2336,11.2607,0.450428,True
2019-11-01,CVX,skip,0.0,0,0.8524,0.0,0.0,True
2019-11-01,DHR,buy_call,2.4594,4,5.9208,3.4614,0.138456,True
2019-11-01,DIS,skip,0.0,0,16.6718,0.0,0.0,True
2019-11-01,DUK,buy_call,1.9747,4,-6.4609,-1.9747,-0.078988,True
2019-11-01,EL,buy_call,3.0,4,4.939,1.939,0.07756,True
2019-11-01,ELV,buy_call,2.9729,4,7.2766,4.3038,0.172152,True
2019-11-01,EOG,skip,0.0,0,2.7212,0.0,0.0,True
2019-11-01,FDX,skip,0.0,0,4.8408,0.0,0.0,True
2019-11-01,GE,skip,0.0,0,12.9258,0.0,0.0,True
2019-11-01,GILD,skip,0.0,0,5.5407,0.0,0.0,True
2019-11-01,GM,skip,0.0,0,-3.1216,0.0,0.0,True
2019-11-01,GOOGL,buy_call,3.4858,4,3.5979,0.112,0.00448,True
2019-11-01,GS,buy_call,2.7389,4,3.7351,0.9963,0.039852,True
2019-11-01,HD,buy_call,2.7959,4,-5.998,-2.7959,-0.111836,True
2019-11-01,HON,buy_call,3.0196,4,3.3694,0.3498,0.013992,True
2019-11-01,IBM,skip,0.0,0,0.5384,0.0,0.0,True
2019-11-01,ICE,buy_call,3.0,4,-0.159,-3.0,-0.12,True
2019-11-01,INTC,buy_call,4.1737,4,2.6888,-1.4849,-0.059396,True
2019-11-01,INTU,buy_call,3.5689,4,0.7444,-2.8245,-0.11298,True
2019-11-01,ISRG,buy_call,2.4594,4,7.2249,4.7655,0.19062,True
2019-11-01,ITW,buy_call,3.0196,4,3.4108,0.3912,0.015648,True
2019-11-01,JNJ,skip,0.0,0,4.1276,0.0,0.0,True
2019-11-01,JPM,buy_call,2.7389,4,6.3204,3.5815,0.14326,True
2019-11-01,KO,buy_call,1.9747,4,-1.8923,-1.9747,-0.078988,True
2019-11-01,LLY,skip,0.0,0,2.9838,0.0,0.0,True
2019-11-01,LMT,buy_call,3.2317,4,3.8096,0.5778,0.023112,True
2019-11-01,LOW,skip,0.0,0,5.626,0.0,0.0,True
2019-11-01,MA,buy_call,2.7116,4,5.6988,2.9871,0.119484,True
2019-11-01,MCD,buy_call,1.9747,4,-1.1286,-1.9747,-0.078988,True
2019-11-01,MDLZ,buy_call,2.2339,4,0.1716,-2.0624,-0.082496,True
2019-11-01,MDT,buy_call,2.4594,4,2.2865,-0.1729,-0.006916,True
2019-11-01,META,skip,0.0,0,5.2126,0.0,0.0,True
2019-11-01,MMM,skip,0.0,0,2.8972,0.0,0.0,True
2019-11-01,MO,skip,0.0,0,10.9623,0.0,0.0,True
2019-11-01,MRK,buy_call,2.7192,4,0.6001,-2.1191,-0.084764,True
2019-11-01,MS,skip,0.0,0,8.2575,0.0,0.0,True
2019-11-01,MSFT,buy_call,2.8745,4,5.5869,2.7125,0.1085,True
2019-11-01,MU,buy_call,5.3919,4,-0.0841,-5.3919,-0.215676,True
2019-11-01,NEE,buy_call,1.9747,4,-1.8965,-1.9747,-0.078988,True
2019-11-01,NFLX,skip,0.0,0,9.4812,0.0,0.0,True
2019-11-01,NKE,buy_call,3.5085,4,4.3998,0.8912,0.035648,True
2019-11-01,NVDA,buy_call,5.3919,4,7.8201,2.4283,0.097132,True
2019-11-01,ORCL,skip,0.0,0,3.4876,0.0,0.0,True
2019-11-01,PEP,buy_call,2.2339,4,-0.9769,-2.2339,-0.089356,True
2019-11-01,PFE,skip,0.0,0,0.3909,0.0,0.0,True
2019-11-01,PG,buy_call,2.0993,4,-1.3415,-2.0993,-0.083972,True
2019-11-01,PM,skip,0.0,0,1.8296,0.0,0.0,True
2019-11-01,PYPL,skip,0.0,0,3.756,0.0,0.0,True
2019-11-01,QCOM,skip,0.0,0,3.8662,0.0,0.0,True
2019-11-01,SBUX,buy_call,1.9747,4,1.0289,-0.9459,-0.037836,True
2019-11-01,SCHW,skip,0.0,0,21.5917,0.0,0.0,True
2019-11-01,SO,buy_call,1.9747,4,-1.0693,-1.9747,-0.078988,True
2019-11-01,SPGI,buy_call,2.7389,4,2.5815,-0.1574,-0.006296,True
2019-11-01,SYK,buy_call,2.4594,4,-5.2758,-2.4594,-0.098376,True
2019-11-01,T,buy_call,3.1005,4,-1.1021,-3.1005,-0.12402,True
2019-11-01,TJX,buy_call,2.4474,4,6.0364,3.589,0.14356,True
2019-11-01,TMO,buy_call,2.8279,4,3.9638,1.1359,0.045436,True
2019-11-01,TMUS,buy_call,3.1005,4,-4.9722,-3.1005,-0.12402,True
2019-11-01,TXN,buy_call,4.1737,4,2.6496,-1.5241,-0.060964,True
2019-11-01,UNH,buy_call,2.9729,4,10.7519,7.779,0.31116,True
2019-11-01,UNP,skip,0.0,0,6.3641,0.0,0.0,True
2019-11-01,USB,buy_call,2.7389,4,5.2788,2.54,0.1016,True
2019-11-01,V,buy_call,2.5501,4,3.1589,0.6088,0.024352,True
2019-11-01,VRTX,buy_call,2.8264,4,13.4387,10.6123,0.424492,True
2019-11-01,VZ,buy_call,3.1005,4,0.6562,-2.4443,-0.097772,True
2019-11-01,WFC,buy_call,3.4824,4,5.4813,1.9989,0.079956,True
2019-11-01,WMT,buy_call,2.4474,4,1.5606,-0.8868,-0.035472,True
2019-11-01,XOM,skip,0.0,0,0.8287,0.0,0.0,True
2019-11-01,ZTS,buy_call,2.8264,4,-5.6641,-2.8264,-0.113056,True
2019-12-01,AAPL,buy_call,3.1456,2,10.2083,7.0627,0.141254,True
2019-12-01,ABBV,buy_call,2.8264,2,0.9233,-1.9031,-0.038062,True
2019-12-01,ABT,buy_call,2.4594,2,1.6501,-0.8093,-0.016186,True
2019-12-01,ADBE,buy_call,2.8745,2,6.5519,3.6774,0.073548,True
2019-12-01,ADP,buy_call,3.0196,2,-0.1639,-3.0196,-0.060392,True
2019-12-01,AMAT,buy_call,4.1737,2,5.7877,1.614,0.03228,True
2019-12-01,AMGN,buy_call,2.8264,2,3.3878,0.5614,0.011228,True
2019-12-01,AMT,buy_call,3.0196,2,7.3775,4.3579,0.087158,True
2019-12-01,AMZN,buy_call,3.8265,2,2.6122,-1.2143,-0.024286,True
2019-12-01,AVGO,buy_call,4.1737,2,-0.0601,-4.1737,-0.083474,True
2019-12-01,AXP,buy_call,2.7116,2,3.638,0.9264,0.018528,True
2019-12-01,BA,buy_call,3.0,2,-10.5191,-3.0,-0.06,True
2019-12-01,BAC,buy_call,3.1976,2,5.7023,2.5047,0.050094,True
2019-12-01,BDX,buy_call,2.4594,2,5.2109,2.7515,0.05503,True
2019-12-01,BKNG,buy_call,3.0,2,7.8623,4.8623,0.097246,True
2019-12-01,BLK,buy_call,2.7389,2,1.574,-1.1648,-0.023296,True
2019-12-01,BMY,buy_call,2.8264,2,12.7327,9.9063,0.198126,True
2019-12-01,BRK-B,buy_call,1.809,2,2.8143,1.0054,0.020108,True
2019-12-01,C,buy_call,3.0,2,7.11,4.11,0.0822,True
2019-12-01,CAT,buy_call,3.2317,2,2.0383,-1.1935,-0.02387,True
2019-12-01,CHTR,buy_call,3.1005,2,3.2063,0.1058,0.002116,True
2019-12-01,CL,skip,0.0,0,1.5039,0.0,0.0,True
2019-12-01,CME,buy_call,2.7389,2,-0.9915,-2.7389,-0.054778,True
2019-12-01,COST,buy_call,2.5784,2,-1.9646,-2.5784,-0.051568,True
2019-12-01,CRM,buy_call,3.8947,2,-0.1535,-3.8947,-0.077894,True
2019-12-01,CSCO,skip,0.0,0,5.8486,0.0,0.0,True
2019-12-01,CSX,skip,0.0,0,1.4847,0.0,0.0,True
2019-12-01,CVS,buy_call,2.9729,2,-1.3019,-2.9729,-0.059458,True
2019-12-01,CVX,buy_call,3.0632,2,3.8994,0.8362,0.016724,True
2019-12-01,DHR,buy_call,2.4594,2,5.1377,2.6783,0.053566,True
2019-12-01,DIS,buy_call,3.3259,2,-4.585,-3.3259,-0.066518,True
2019-12-01,DUK,buy_call,1.9747,2,4.564,2.5893,0.051786,True
2019-12-01,EL,buy_call,3.0,2,5.9234,2.9234,0.058468,True
2019-12-01,ELV,buy_call,2.9729,2,4.6318,1.6589,0.033178,True
2019-12-01,EOG,skip,0.0,0,18.1382,0.0,0.0,True
2019-12-01,FDX,buy_call,3.0196,2,-5.5233,-3.0196,-0.060392,True
2019-12-01,GE,buy_call,3.2317,2,-0.976,-3.2317,-0.064634,True
2019-12-01,GILD,buy_call,2.8264,2,-3.3611,-2.8264,-0.056528,True
2019-12-01,GM,buy_call,3.2317,2,1.6667,-1.5651,-0.031302,True
2019-12-01,GOOGL,buy_call,3.4858,2,2.7069,-0.779,-0.01558,True
2019-12-01,GS,buy_call,2.7389,2,4.4619,1.723,0.03446,True
2019-12-01,HD,buy_call,2.7959,2,-0.9659,-2.7959,-0.055918,True
2019-12-01,HON,buy_call,3.0196,2,-0.3753,-3.0196,-0.060392,True
2019-12-01,IBM,buy_call,3.0196,2,0.8725,-2.1471,-0.042942,True
2019-12-01,ICE,buy_call,3.0,2,-1.7203,-3.0,-0.06,True
2019-12-01,INTC,buy_call,4.1737,2,3.6682,-0.5055,-0.01011,True
2019-12-01,INTU,buy_call,3.5689,2,1.1742,-2.3947,-0.047894,True
2019-12-01,ISRG,buy_call,2.4594,2,-0.2952,-2.4594,-0.049188,True
2019-12-01,ITW,buy_call,3.0196,2,3.0402,0.0206,0.000412,True
2019-12-01,JNJ,buy_call,2.057,2,6.83,4.773,0.09546,True
2019-12-01,JPM,buy_call,2.7389,2,5.7984,3.0596,0.061192,True
2019-12-01,KO,buy_call,1.9747,2,4.4259,2.4512,0.049024,True
2019-12-01,LLY,buy_call,3.5202,2,12.6425,9.1223,0.182446,True
2019-12-01,LMT,buy_call,3.2317,2,0.188,-3.0438,-0.060876,True
2019-12-01,LOW,buy_call,2.7959,2,2.0885,-0.7075,-0.01415,True
2019-12-01,MA,buy_call,2.7116,2,2.1763,-0.5353,-0.010706,True
2019-12-01,MCD,skip,0.0,0,2.2606,0.0,0.0,True
2019-12-01,MDLZ,buy_call,2.2339,2,4.8344,2.6005,0.05201,True
2019-12-01,MDT,buy_call,2.4594,2,1.8494,-0.61,-0.0122,True
2019-12-01,META,buy_call,4.3383,2,1.7903,-2.548,-0.05096,True
2019-12-01,MMM,buy_call,3.0196,2,4.8167,1.7971,0.035942,True
2019-12-01,MO,buy_call,2.2339,2,0.4225,-1.8114,-0.036228,True
2019-12-01,MRK,buy_call,2.7192,2,4.3244,1.6052,0.032104,True
2019-12-01,MS,buy_call,2.7389,2,3.3145,0.5756,0.011512,True
2019-12-01,MSFT,buy_call,2.8745,2,4.5294,1.6549,0.033098,True
2019-12-01,MU,buy_call,5.3919,2,13.1972,7.8053,0.156106,True
2019-12-01,NEE,buy_call,1.9747,2,4.1209,2.1461,0.042922,True
2019-12-01,NFLX,skip,0.0,0,2.8316,0.0,0.0,True
2019-12-01,NKE,buy_call,3.5085,2,8.6473,5.1388,0.102776,True
2019-12-01,NVDA,buy_call,5.3919,2,8.6433,3.2515,0.06503,True
2019-12-01,ORCL,buy_call,3.5955,2,-5.6288,-3.5955,-0.07191,True
2019-12-01,PEP,buy_call,2.2339,2,0.6184,-1.6155,-0.03231,True
2019-12-01,PFE,skip,0.0,0,2.6964,0.0,0.0,True
2019-12-01,PG,buy_call,2.0993,2,2.3267,0.2274,0.004548,True
2019-12-01,PM,buy_call,2.2339,2,2.6046,0.3707,0.007414,True
2019-12-01,PYPL,skip,0.0,0,0.1481,0.0,0.0,True
2019-12-01,QCOM,buy_call,4.254,2,5.6015,1.3475,0.02695,True
2019-12-01,SBUX,buy_call,1.9747,2,3.4291,1.4544,0.029088,True
2019-12-01,SCHW,buy_call,2.7389,2,-3.5385,-2.7389,-0.054778,True
2019-12-01,SO,buy_call,1.9747,2,3.7899,1.8152,0.036304,True
2019-12-01,SPGI,buy_call,2.7389,2,3.3962,0.6574,0.013148,True
2019-12-01,SYK,buy_call,2.4594,2,2.4798,0.0204,0.000408,True
2019-12-01,T,buy_call,3.1005,2,4.5479,1.4473,0.028946,True
2019-12-01,TJX,buy_call,2.4474,2,0.2804,-2.167,-0.04334,True
2019-12-01,TMO,buy_call,2.8279,2,3.4782,0.6504,0.013008,True
2019-12-01,TMUS,buy_call,3.1005,2,-0.1655,-3.1005,-0.06201,True
2019-12-01,TXN,buy_call,4.1737,2,6.7216,2.5479,0.050958,True
2019-12-01,UNH,buy_call,2.9729,2,5.0416,2.0687,0.041374,True
2019-12-01,UNP,buy_call,3.2317,2,3.29,0.0582,0.001164,True
2019-12-01,USB,buy_call,2.7389,2,-1.2327,-2.7389,-0.054778,True
2019-12-01,V,buy_call,2.5501,2,2.0079,-0.5422,-0.010844,True
2019-12-01,VRTX,buy_call,2.8264,2,-1.2627,-2.8264,-0.056528,True
2019-12-01,VZ,buy_call,3.1005,2,1.9256,-1.1749,-0.023498,True
2019-12-01,WFC,buy_call,3.4824,2,-0.2665,-3.4824,-0.069648,True
2019-12-01,WMT,buy_call,2.4474,2,-0.2099,-2.4474,-0.048948,True
2019-12-01,XOM,skip,0.0,0,3.6571,0.0,0.0,True
2019-12-01,ZTS,buy_call,2.8264,2,9.8158,6.9894,0.139788,True
2020-01-01,AAPL,buy_call,3.1456,2,5.401,2.2555,0.04511,True
2020-01-01,ABBV,buy_call,2.8264,2,-8.4933,-2.8264,-0.056528,True
2020-01-01,ABT,buy_call,2.4594,2,0.3224,-2.137,-0.04274,True
2020-01-01,ADBE,buy_call,2.8745,2,6.4674,3.5929,0.071858,True
2020-01-01,ADP,buy_call,3.0196,2,1.0719,-1.9477,-0.038954,True
2020-01-01,AMAT,buy_call,4.1737,2,-4.9967,-4.1737,-0.083474,True
2020-01-01,AMGN,buy_call,2.8264,2,-10.3787,-2.8264,-0.056528,True
2020-01-01,AMT,buy_call,3.0196,2,1.2859,-1.7336,-0.034672,True
2020-01-01,AMZN,skip,0.0,0,8.7064,0.0,0.0,True
2020-01-01,AVGO,buy_call,4.1737,2,-2.4584,-4.1737,-0.083474,True
2020-01-01,AXP,buy_call,2.7116,2,4.3217,1.61,0.0322,True
2020-01-01,BA,skip,0.0,0,-2.2993,0.0,0.0,True
2020-01-01,BAC,buy_call,3.1976,2,-6.277,-3.1976,-0.063952,True
2020-01-01,BDX,buy_call,2.4594,2,1.4878,-0.9716,-0.019432,True
2020-01-01,BKNG,buy_call,3.0,2,-10.867,-3.0,-0.06,True
2020-01-01,BLK,buy_call,2.7389,2,5.6196,2.8808,0.057616,True
2020-01-01,BMY,buy_call,2.8264,2,-1.9318,-2.8264,-0.056528,True
2020-01-01,BRK-B,buy_call,1.809,2,-0.9139,-1.809,-0.03618,True
2020-01-01,C,buy_call,3.0,2,-6.8594,-3.0,-0.06,True
2020-01-01,CAT,buy_call,3.2317,2,-11.0577,-3.2317,-0.064634,True
2020-01-01,CHTR,buy_call,3.1005,2,6.6752,3.5747,0.071494,True
2020-01-01,CMCSA,buy_call,3.1005,2,-3.9582,-3.1005,-0.06201,True
2020-01-01,COST,buy_call,2.5784,2,3.9466,1.3682,0.027364,True
2020-01-01,CRM,buy_call,3.8947,2,12.0942,8.1995,0.16399,True
2020-01-01,CSCO,skip,0.0,0,-4.1493,0.0,0.0,True
2020-01-01,CSX,skip,0.0,0,5.5003,0.0,0.0,True
2020-01-01,CVS,buy_call,2.9729,2,-8.7091,-2.9729,-0.059458,True
2020-01-01,CVX,skip,0.0,0,-11.0945,0.0,0.0,True
2020-01-01,DHR,buy_call,2.4594,2,4.9313,2.4719,0.049438,True
2020-01-01,DIS,buy_call,3.3259,2,-3.7968,-3.3259,-0.066518,True
2020-01-01,DUK,buy_call,1.9747,2,7.0387,5.064,0.10128,True
2020-01-01,EL,buy_call,3.0,2,-5.5098,-3.0,-0.06,True
2020-01-01,ELV,buy_call,2.9729,2,-11.9215,-2.9729,-0.059458,True
2020-01-01,EOG,skip,0.0,0,-12.9537,0.0,0.0,True
2020-01-01,GILD,skip,0.0,0,-1.8268,0.0,0.0,True
2020-01-01,GM,skip,0.0,0,-7.7918,0.0,0.0,True
2020-01-01,GOOGL,buy_call,3.4858,2,6.9726,3.4868,0.069736,True
2020-01-01,GS,buy_call,2.7389,2,3.401,0.6622,0.013244,True
2020-01-01,HD,buy_call,2.7959,2,5.119,2.3231,0.046462,True
2020-01-01,HON,buy_call,3.0196,2,-2.1356,-3.0196,-0.060392,True
2020-01-01,IBM,skip,0.0,0,7.2292,0.0,0.0,True
2020-01-01,ICE,buy_call,3.0,2,8.0964,5.0964,0.101928,True
2020-01-01,INTC,buy_call,4.1737,2,6.8171,2.6434,0.052868,True
2020-01-01,INTU,buy_call,3.5689,2,7.0439,3.475,0.0695,True
2020-01-01,ISRG,buy_call,2.4594,2,-5.3066,-2.4594,-0.049188,True
2020-01-01,ITW,buy_call,3.0196,2,-2.0098,-3.0196,-0.060392,True
2020-01-01,JNJ,buy_call,2.057,2,2.0566,-0.0003,-6e-06,True
2020-01-01,JPM,buy_call,2.7389,2,-5.0502,-2.7389,-0.054778,True
2020-01-01,KO,buy_call,1.9747,2,5.5104,3.5356,0.070712,True
2020-01-01,LLY,buy_call,3.5202,2,6.2467,2.7265,0.05453,True
2020-01-01,LMT,buy_call,3.2317,2,9.9491,6.7174,0.134348,True
2020-01-01,LOW,buy_call,2.7959,2,-2.9392,-2.7959,-0.055918,True
2020-01-01,MA,buy_call,2.7116,2,5.8107,3.099,0.06198,True
2020-01-01,MCD,skip,0.0,0,8.2789,0.0,0.0,True
2020-01-01,MDLZ,buy_call,2.2339,2,4.7156,2.4817,0.049634,True
2020-01-01,MDT,buy_call,2.4594,2,2.2393,-0.2201,-0.004402,True
2020-01-01,META,buy_call,4.3383,2,-1.6273,-4.3383,-0.086766,True
2020-01-01,MMM,buy_call,3.0196,2,-10.0669,-3.0196,-0.060392,True
2020-01-01,MRK,buy_call,2.7192,2,-5.4141,-2.7192,-0.054384,True
2020-01-01,MS,buy_call,2.7389,2,2.23,-0.5089,-0.010178,True
2020-01-01,MSFT,buy_call,2.8745,2,7.9454,5.071,0.10142,True
2020-01-01,MU,buy_call,5.3919,2,-1.283,-5.3919,-0.107838,True
2020-01-01,NEE,buy_call,1.9747,2,10.7532,8.7785,0.17557,True
2020-01-01,NFLX,skip,0.0,0,6.6508,0.0,0.0,True
2020-01-01,NKE,buy_call,3.5085,2,-4.9452,-3.5085,-0.07017,True
2020-01-01,NOW,buy_call,4.0949,2,19.8038,15.7089,0.314178,True
2020-01-01,NVDA,buy_call,5.3919,2,0.4803,-4.9116,-0.098232,True
2020-01-01,ORCL,skip,0.0,0,-1.0004,0.0,0.0,True
2020-01-01,PEP,buy_call,2.2339,2,4.6424,2.4084,0.048168,True
2020-01-01,PFE,skip,0.0,0,-4.9515,0.0,0.0,True
2020-01-01,PG,buy_call,2.0993,2,-0.2242,-2.0993,-0.041986,True
2020-01-01,PLD,buy_call,3.0196,2,4.832,1.8124,0.036248,True
2020-01-01,PM,buy_call,2.2339,2,-1.4675,-2.2339,-0.044678,True
2020-01-01,PYPL,skip,0.0,0,5.288,0.0,0.0,True
2020-01-01,REGN,buy_call,2.8264,2,-9.9979,-2.8264,-0.056528,True
2020-01-01,SBUX,buy_call,1.9747,2,-3.5146,-1.9747,-0.039494,True
2020-01-01,SCHW,buy_call,2.7389,2,-4.2262,-2.7389,-0.054778,True
2020-01-01,SO,buy_call,1.9747,2,10.518,8.5433,0.170866,True
2020-01-01,SPGI,buy_call,2.7389,2,7.5738,4.8349,0.096698,True
2020-01-01,SYK,buy_call,2.4594,2,0.6368,-1.8226,-0.036452,True
2020-01-01,T,buy_call,3.1005,2,-3.7359,-3.1005,-0.06201,True
2020-01-01,TGT,buy_call,2.4474,2,-13.6261,-2.4474,-0.048948,True
2020-01-01,TJX,buy_call,2.4474,2,-3.3082,-2.4474,-0.048948,True
2020-01-01,TMO,buy_call,2.8279,2,-3.5381,-2.8279,-0.056558,True
2020-01-01,TMUS,buy_call,3.1005,2,0.9819,-2.1186,-0.042372,True
2020-01-01,TXN,buy_call,4.1737,2,-5.9552,-4.1737,-0.083474,True
2020-01-01,UNH,buy_call,2.9729,2,-6.9673,-2.9729,-0.059458,True
2020-01-01,UNP,buy_call,3.2317,2,-0.7578,-3.2317,-0.064634,True
2020-01-01,V,buy_call,2.5501,2,5.8914,3.3413,0.066826,True
2020-01-01,VRTX,buy_call,2.8264,2,3.6995,0.8731,0.017462,True
2020-01-01,VZ,buy_call,3.1005,2,-3.1922,-3.1005,-0.06201,True
2020-01-01,WFC,buy_call,3.4824,2,-12.7509,-3.4824,-0.069648,True
2020-01-01,WM,skip,0.0,0,7.2795,0.0,0.0,True
2020-01-01,WMT,buy_call,2.4474,2,-3.2282,-2.4474,-0.048948,True
2020-01-01,XOM,skip,0.0,0,-10.9774,0.0,0.0,True
2020-01-01,ZTS,buy_call,2.8264,2,1.4054,-1.421,-0.02842,True
2020-02-01,AAPL,buy_call,3.1456,2,-11.6798,-3.1456,-0.062912,True
2020-02-01,ABBV,buy_call,2.8264,2,7.2179,4.3915,0.08783,True
2020-02-01,ABT,buy_call,2.4594,2,-11.2266,-2.4594,-0.049188,True
2020-02-01,ADBE,buy_call,2.8745,2,-1.7144,-2.8745,-0.05749,True
2020-02-01,ADP,buy_call,3.0196,2,-9.7147,-3.0196,-0.060392,True
2020-02-01,AMAT,buy_call,4.1737,2,0.2242,-3.9495,-0.07899,True
2020-02-01,AMGN,buy_call,2.8264,2,-7.5538,-2.8264,-0.056528,True
2020-02-01,AMT,buy_call,3.0196,2,-2.1317,-3.0196,-0.060392,True
2020-02-01,AMZN,buy_call,3.8265,2,-6.2214,-3.8265,-0.07653,True
2020-02-01,AVGO,buy_call,4.1737,2,-10.6633,-4.1737,-0.083474,True
2020-02-01,AXP,buy_call,2.7116,2,-15.0604,-2.7116,-0.054232,True
2020-02-01,BA,skip,0.0,0,-13.5608,0.0,0.0,True
2020-02-01,BAC,buy_call,3.1976,2,-13.1892,-3.1976,-0.063952,True
2020-02-01,BDX,buy_call,2.4594,2,-13.5766,-2.4594,-0.049188,True
2020-02-01,BKNG,skip,0.0,0,-7.3688,0.0,0.0,True
2020-02-01,BLK,buy_call,2.7389,2,-12.2006,-2.7389,-0.054778,True
2020-02-01,BMY,buy_call,2.8264,2,-5.5171,-2.8264,-0.056528,True
2020-02-01,BRK-B,buy_call,1.809,2,-8.0604,-1.809,-0.03618,True
2020-02-01,C,buy_call,3.0,2,-14.1503,-3.0,-0.06,True
2020-02-01,CAT,buy_call,3.2317,2,-4.7496,-3.2317,-0.064634,True
2020-02-01,CHTR,buy_call,3.1005,2,-4.6941,-3.1005,-0.06201,True
2020-02-01,CMCSA,buy_call,3.1005,2,-5.9482,-3.1005,-0.06201,True
2020-02-01,COST,buy_call,2.5784,2,-7.9798,-2.5784,-0.051568,True
2020-02-01,CRM,buy_call,3.8947,2,-6.5328,-3.8947,-0.077894,True
2020-02-01,CSCO,skip,0.0,0,-12.5004,0.0,0.0,True
2020-02-01,CSX,buy_call,3.0,2,-7.7155,-3.0,-0.06,True
2020-02-01,CVS,buy_call,2.9729,2,-12.1507,-2.9729,-0.059458,True
2020-02-01,CVX,skip,0.0,0,-12.8803,0.0,0.0,True
2020-02-01,DHR,buy_call,2.4594,2,-10.1262,-2.4594,-0.049188,True
2020-02-01,DIS,skip,0.0,0,-14.9375,0.0,0.0,True
2020-02-01,DUK,buy_call,1.9747,2,-6.074,-1.9747,-0.039494,True
2020-02-01,EL,buy_call,3.0,2,-5.9233,-3.0,-0.06,True
2020-02-01,ELV,skip,0.0,0,-3.0873,0.0,0.0,True
2020-02-01,EOG,skip,0.0,0,-12.9465,0.0,0.0,True
2020-02-01,GILD,skip,0.0,0,9.7468,0.0,0.0,True
2020-02-01,GM,skip,0.0,0,-8.6553,0.0,0.0,True
2020-02-01,GOOGL,buy_call,3.4858,2,-6.5279,-3.4858,-0.069716,True
2020-02-01,GS,buy_call,2.7389,2,-15.5542,-2.7389,-0.054778,True
2020-02-01,HD,buy_call,2.7959,2,-4.498,-2.7959,-0.055918,True
2020-02-01,HON,buy_call,3.0196,2,-6.3792,-3.0196,-0.060392,True
2020-02-01,IBM,skip,0.0,0,-9.4483,0.0,0.0,True
2020-02-01,ICE,buy_call,3.0,2,-10.5474,-3.0,-0.06,True
2020-02-01,INTC,buy_call,4.1737,2,-13.155,-4.1737,-0.083474,True
2020-02-01,INTU,buy_call,3.5689,2,-4.9977,-3.5689,-0.071378,True
2020-02-01,ISRG,buy_call,2.4594,2,-4.6125,-2.4594,-0.049188,True
2020-02-01,ITW,buy_call,3.0196,2,-4.1147,-3.0196,-0.060392,True
2020-02-01,JNJ,buy_call,2.057,2,-9.6661,-2.057,-0.04114,True
2020-02-01,JPM,buy_call,2.7389,2,-11.7139,-2.7389,-0.054778,True
2020-02-01,KO,buy_call,1.9747,2,-8.4075,-1.9747,-0.039494,True
2020-02-01,LLY,buy_call,3.5202,2,-9.6749,-3.5202,-0.070404,True
2020-02-01,LMT,buy_call,3.2317,2,-13.606,-3.2317,-0.064634,True
2020-02-01,LOW,buy_call,2.7959,2,-7.905,-2.7959,-0.055918,True
2020-02-01,MA,buy_call,2.7116,2,-8.0087,-2.7116,-0.054232,True
2020-02-01,MCD,buy_call,1.9747,2,-9.2536,-1.9747,-0.039494,True
2020-02-01,MDLZ,buy_call,2.2339,2,-7.9819,-2.2339,-0.044678,True
2020-02-01,MDT,buy_call,2.4594,2,-12.7945,-2.4594,-0.049188,True
2020-02-01,META,buy_call,4.3383,2,-4.6754,-4.3383,-0.086766,True
2020-02-01,MMM,skip,0.0,0,-5.9372,0.0,0.0,True
2020-02-01,MRK,buy_call,2.7192,2,-10.3933,-2.7192,-0.054384,True
2020-02-01,MS,buy_call,2.7389,2,-13.2692,-2.7389,-0.054778,True
2020-02-01,MSFT,buy_call,2.8745,2,-4.8288,-2.8745,-0.05749,True
2020-02-01,MU,buy_call,5.3919,2,-0.9983,-5.3919,-0.107838,True
2020-02-01,NEE,buy_call,1.9747,2,-5.7569,-1.9747,-0.039494,True
2020-02-01,NFLX,buy_call,4.4729,2,6.9373,2.4644,0.049288,True
2020-02-01,NKE,buy_call,3.5085,2,-7.1859,-3.5085,-0.07017,True
2020-02-01,NOW,buy_call,4.0949,2,-3.5893,-4.0949,-0.081898,True
2020-02-01,NVDA,buy_call,5.3919,2,14.2283,8.8364,0.176728,True
2020-02-01,ORCL,skip,0.0,0,-5.281,0.0,0.0,True
2020-02-01,PEP,buy_call,2.2339,2,-7.0342,-2.2339,-0.044678,True
2020-02-01,PFE,skip,0.0,0,-9.341,0.0,0.0,True
2020-02-01,PG,buy_call,2.0993,2,-8.6,-2.0993,-0.041986,True
2020-02-01,PLD,buy_call,3.0196,2,-9.2593,-3.0196,-0.060392,True
2020-02-01,PM,buy_call,2.2339,2,-1.0036,-2.2339,-0.044678,True
2020-02-01,PYPL,buy_call,2.7116,2,-5.1804,-2.7116,-0.054232,True
2020-02-01,REGN,buy_call,2.8264,2,31.5529,28.7265,0.57453,True
2020-02-01,SBUX,skip,0.0,0,-7.5445,0.0,0.0,True
2020-02-01,SCHW,buy_call,2.7389,2,-10.5379,-2.7389,-0.054778,True
2020-02-01,SO,buy_call,1.9747,2,-14.2614,-1.9747,-0.039494,True
2020-02-01,SPGI,buy_call,2.7389,2,-9.4713,-2.7389,-0.054778,True
2020-02-01,SYK,buy_call,2.4594,2,-9.5444,-2.4594,-0.049188,True
2020-02-01,T,buy_call,3.1005,2,-4.7133,-3.1005,-0.06201,True
2020-02-01,TGT,buy_call,2.4474,2,-6.9894,-2.4474,-0.048948,True
2020-02-01,TJX,buy_call,2.4474,2,1.2873,-1.1602,-0.023204,True
2020-02-01,TMO,buy_call,2.8279,2,-7.149,-2.8279,-0.056558,True
2020-02-01,TMUS,skip,0.0,0,13.8528,0.0,0.0,True
2020-02-01,TXN,skip,0.0,0,-4.7124,0.0,0.0,True
2020-02-01,UNH,buy_call,2.9729,2,-6.4195,-2.9729,-0.059458,True
2020-02-01,UNP,buy_call,3.2317,2,-10.9297,-3.2317,-0.064634,True
2020-02-01,V,buy_call,2.5501,2,-8.6495,-2.5501,-0.051002,True
2020-02-01,VRTX,buy_call,2.8264,2,-1.3301,-2.8264,-0.056528,True
2020-02-01,VZ,buy_call,3.1005,2,-7.9347,-3.1005,-0.06201,True
2020-02-01,WFC,skip,0.0,0,-12.974,0.0,0.0,True
2020-02-01,WM,buy_call,3.0,2,-8.9482,-3.0,-0.06,True
2020-02-01,WMT,buy_call,2.4474,2,-5.9481,-2.4474,-0.048948,True
2020-02-01,XOM,skip,0.0,0,-17.1925,0.0,0.0,True
2020-02-01,ZTS,buy_call,2.8264,2,-0.5867,-2.8264,-0.056528,True
2020-03-01,AAPL,buy_call,3.1456,6,-6.7554,-3.1456,-0.188736,True
2020-03-01,ABBV,buy_call,2.8264,6,-11.1072,-2.8264,-0.169584,True
2020-03-01,ABT,skip,0.0,0,2.4406,0.0,0.0,True
2020-03-01,ADBE,buy_call,2.8745,6,-7.7886,-2.8745,-0.17247,True
2020-03-01,ADP,skip,0.0,0,-11.6712,0.0,0.0,True
2020-03-01,AMAT,buy_call,4.1737,6,-20.9147,-4.1737,-0.250422,True
2020-03-01,AMGN,skip,0.0,0,2.2225,0.0,0.0,True
2020-03-01,AMT,skip,0.0,0,-3.9903,0.0,0.0,True
2020-03-01,AMZN,buy_call,3.8265,6,3.5021,-0.3244,-0.019464,True
2020-03-01,AVGO,skip,0.0,0,-13.0291,0.0,0.0,True
2020-03-01,AXP,skip,0.0,0,-22.1232,0.0,0.0,True
2020-03-01,BA,skip,0.0,0,-45.4664,0.0,0.0,True
2020-03-01,BAC,buy_call,3.1976,6,-25.5088,-3.1976,-0.191856,True
2020-03-01,BDX,skip,0.0,0,-3.3849,0.0,0.0,True
2020-03-01,BKNG,skip,0.0,0,-20.661,0.0,0.0,True
2020-03-01,BLK,buy_call,2.7389,6,-4.9761,-2.7389,-0.164334,True
2020-03-01,BMY,buy_call,2.8264,6,-5.6214,-2.8264,-0.169584,True
2020-03-01,BRK-B,buy_call,1.809,6,-11.3938,-1.809,-0.10854,True
2020-03-01,C,buy_call,3.0,6,-33.6275,-3.0,-0.18,True
2020-03-01,CAT,buy_call,3.2317,6,-6.6001,-3.2317,-0.193902,True
2020-03-01,CHTR,buy_call,3.1005,6,-11.5295,-3.1005,-0.18603,True
2020-03-01,CMCSA,skip,0.0,0,-14.9641,0.0,0.0,True
2020-03-01,COST,skip,0.0,0,1.633,0.0,0.0,True
2020-03-01,CRM,buy_call,3.8947,6,-15.5047,-3.8947,-0.233682,True
2020-03-01,CSCO,skip,0.0,0,-1.5527,0.0,0.0,True
2020-03-01,CSX,buy_call,3.0,6,-18.384,-3.0,-0.18,True
2020-03-01,CVS,skip,0.0,0,0.2534,0.0,0.0,True
2020-03-01,CVX,skip,0.0,0,-21.4625,0.0,0.0,True
2020-03-01,DHR,buy_call,2.4594,6,-4.2675,-2.4594,-0.147564,True
2020-03-01,DIS,skip,0.0,0,-17.8921,0.0,0.0,True
2020-03-01,DUK,buy_call,1.9747,6,-10.9399,-1.9747,-0.118482,True
2020-03-01,EL,skip,0.0,0,-12.9929,0.0,0.0,True
2020-03-01,ELV,skip,0.0,0,-11.6885,0.0,0.0,True
2020-03-01,EOG,skip,0.0,0,-43.2185,0.0,0.0,True
2020-03-01,GILD,buy_call,2.8264,6,7.7855,4.9591,0.297546,True
2020-03-01,GM,skip,0.0,0,-31.8689,0.0,0.0,True
2020-03-01,GOOGL,buy_call,3.4858,6,-13.2388,-3.4858,-0.209148,True
2020-03-01,GS,skip,0.0,0,-22.5306,0.0,0.0,True
2020-03-01,HD,skip,0.0,0,-14.2903,0.0,0.0,True
2020-03-01,HON,skip,0.0,0,-17.0536,0.0,0.0,True
2020-03-01,IBM,skip,0.0,0,-13.8776,0.0,0.0,True
2020-03-01,ICE,skip,0.0,0,-9.4934,0.0,0.0,True
2020-03-01,INTC,buy_call,4.1737,6,-2.0416,-4.1737,-0.250422,True
2020-03-01,INTU,skip,0.0,0,-13.485,0.0,0.0,True
2020-03-01,ISRG,buy_call,2.4594,6,-7.2571,-2.4594,-0.147564,True
2020-03-01,ITW,buy_call,3.0196,6,-15.2938,-3.0196,-0.181176,True
2020-03-01,JNJ,buy_call,2.057,6,-1.8693,-2.057,-0.12342,True
2020-03-01,JPM,buy_call,2.7389,6,-22.4615,-2.7389,-0.164334,True
2020-03-01,KO,skip,0.0,0,-17.2743,0.0,0.0,True
2020-03-01,LLY,buy_call,3.5202,6,10.5518,7.0317,0.421902,True
2020-03-01,LMT,skip,0.0,0,-7.7842,0.0,0.0,True
2020-03-01,LOW,skip,0.0,0,-19.2549,0.0,0.0,True
2020-03-01,MA,buy_call,2.7116,6,-16.7752,-2.7116,-0.162696,True
2020-03-01,MCD,skip,0.0,0,-14.3098,0.0,0.0,True
2020-03-01,MDLZ,skip,0.0,0,-5.1515,0.0,0.0,True
2020-03-01,MDT,skip,0.0,0,-10.4202,0.0,0.0,True
2020-03-01,META,buy_call,4.3383,6,-13.3372,-4.3383,-0.260298,True
2020-03-01,MMM,skip,0.0,0,-7.7016,0.0,0.0,True
2020-03-01,MRK,skip,0.0,0,0.4964,0.0,0.0,True
2020-03-01,MS,buy_call,2.7389,6,-24.4948,-2.7389,-0.164334,True
2020-03-01,MSFT,buy_call,2.8745,6,-2.3883,-2.8745,-0.17247,True
2020-03-01,MU,buy_call,5.3919,6,-19.9772,-5.3919,-0.323514,True
2020-03-01,NEE,buy_call,1.9747,6,-4.3058,-1.9747,-0.118482,True
2020-03-01,NFLX,buy_call,4.4729,6,1.7532,-2.7197,-0.163182,True
2020-03-01,NKE,buy_call,3.5085,6,-7.1721,-3.5085,-0.21051,True
2020-03-01,NOW,buy_call,4.0949,6,-12.1163,-4.0949,-0.245694,True
2020-03-01,NVDA,buy_call,5.3919,6,-2.3373,-5.3919,-0.323514,True
2020-03-01,ORCL,skip,0.0,0,-2.2846,0.0,0.0,True
2020-03-01,PEP,skip,0.0,0,-9.0358,0.0,0.0,True
2020-03-01,PFE,skip,0.0,0,-2.3339,0.0,0.0,True
2020-03-01,PG,skip,0.0,0,-2.8526,0.0,0.0,True
2020-03-01,PLD,buy_call,3.0196,6,-4.6393,-3.0196,-0.181176,True
2020-03-01,PM,buy_call,2.2339,6,-10.8831,-2.2339,-0.134034,True
2020-03-01,PYPL,skip,0.0,0,-11.3436,0.0,0.0,True
2020-03-01,REGN,buy_call,2.8264,6,9.8342,7.0078,0.420468,True
2020-03-01,SBUX,skip,0.0,0,-15.7894,0.0,0.0,True
2020-03-01,SCHW,buy_call,2.7389,6,-17.185,-2.7389,-0.164334,True
2020-03-01,SO,buy_call,1.9747,6,-9.4979,-1.9747,-0.118482,True
2020-03-01,SPGI,buy_call,2.7389,6,-7.632,-2.7389,-0.164334,True
2020-03-01,SYK,skip,0.0,0,-12.6449,0.0,0.0,True
2020-03-01,T,buy_call,3.1005,6,-17.2345,-3.1005,-0.18603,True
2020-03-01,TGT,skip,0.0,0,-9.2242,0.0,0.0,True
2020-03-01,TJX,buy_call,2.4474,6,-19.7547,-2.4474,-0.146844,True
2020-03-01,TMO,buy_call,2.8279,6,-2.4759,-2.8279,-0.169674,True
2020-03-01,TMUS,buy_call,3.1005,6,-6.9432,-3.1005,-0.18603,True
2020-03-01,TXN,skip,0.0,0,-12.4496,0.0,0.0,True
2020-03-01,UNH,buy_call,2.9729,6,-2.1886,-2.9729,-0.178374,True
2020-03-01,UNP,skip,0.0,0,-11.2257,0.0,0.0,True
2020-03-01,V,buy_call,2.5501,6,-11.2273,-2.5501,-0.153006,True
2020-03-01,VRTX,buy_call,2.8264,6,6.2135,3.387,0.20322,True
2020-03-01,VZ,skip,0.0,0,-0.7939,0.0,0.0,True
2020-03-01,WFC,skip,0.0,0,-28.9934,0.0,0.0,True
2020-03-01,WM,skip,0.0,0,-16.4696,0.0,0.0,True
2020-03-01,WMT,skip,0.0,0,5.5163,0.0,0.0,True
2020-03-01,XOM,skip,0.0,0,-25.1262,0.0,0.0,True
2020-03-01,ZTS,buy_call,2.8264,6,-11.664,-2.8264,-0.169584,True
2020-04-01,AAPL,buy_call,3.1456,30,15.5374,12.3918,3.71754,True
2020-04-01,ABBV,buy_call,2.8264,30,7.8881,5.0617,1.51851,True
2020-04-01,ABT,skip,0.0,0,16.7026,0.0,0.0,True
2020-04-01,ADBE,buy_call,2.8745,30,11.1237,8.2492,2.47476,True
2020-04-01,ADP,skip,0.0,0,7.9876,0.0,0.0,True
2020-04-01,AMAT,skip,0.0,0,8.4243,0.0,0.0,True
2020-04-01,AMGN,buy_call,2.8264,30,17.9993,15.1729,4.55187,True
2020-04-01,AMT,skip,0.0,0,9.2996,0.0,0.0,True
2020-04-01,AMZN,buy_call,3.8265,30,26.89,23.0635,6.91905,True
2020-04-01,AVGO,skip,0.0,0,16.5065,0.0,0.0,True
2020-04-01,AXP,skip,0.0,0,6.588,0.0,0.0,True
2020-04-01,BA,skip,0.0,0,-5.4445,0.0,0.0,True
2020-04-01,BAC,skip,0.0,0,14.0059,0.0,0.0,True
2020-04-01,BDX,skip,0.0,0,10.2699,0.0,0.0,True
2020-04-01,BKNG,skip,0.0,0,10.0534,0.0,0.0,True
2020-04-01,BLK,buy_call,2.7389,30,14.9735,12.2347,3.67041,True
2020-04-01,BMY,buy_call,2.8264,30,9.0958,6.2694,1.88082,True
2020-04-01,BRK-B,skip,0.0,0,2.4777,0.0,0.0,True
2020-04-01,C,skip,0.0,0,15.2896,0.0,0.0,True
2020-04-01,CAT,skip,0.0,0,0.293,0.0,0.0,True
2020-04-01,CHTR,buy_call,3.1005,30,13.5042,10.4036,3.12108,True
2020-04-01,CMCSA,skip,0.0,0,10.1671,0.0,0.0,True
2020-04-01,COST,skip,0.0,0,6.2673,0.0,0.0,True
2020-04-01,CRM,skip,0.0,0,12.4809,0.0,0.0,True
2020-04-01,CSCO,skip,0.0,0,7.8097,0.0,0.0,True
2020-04-01,CSX,skip,0.0,0,15.5847,0.0,0.0,True
2020-04-01,CVS,skip,0.0,0,3.7418,0.0,0.0,True
2020-04-01,CVX,skip,0.0,0,26.9666,0.0,0.0,True
2020-04-01,DHR,skip,0.0,0,18.263,0.0,0.0,True
2020-04-01,DIS,skip,0.0,0,11.9565,0.0,0.0,True
2020-04-01,DUK,skip,0.0,0,4.6736,0.0,0.0,True
2020-04-01,EL,skip,0.0,0,10.7067,0.0,0.0,True
2020-04-01,ELV,skip,0.0,0,24.108,0.0,0.0,True
2020-04-01,EOG,skip,0.0,0,32.2661,0.0,0.0,True
2020-04-01,GILD,buy_call,2.8264,30,13.4059,10.5795,3.17385,True
2020-04-01,GM,skip,0.0,0,8.5752,0.0,0.0,True
2020-04-01,GOOGL,skip,0.0,0,15.9,0.0,0.0,True
2020-04-01,GS,skip,0.0,0,18.6493,0.0,0.0,True
2020-04-01,HD,skip,0.0,0,18.5265,0.0,0.0,True
2020-04-01,HON,skip,0.0,0,6.0617,0.0,0.0,True
2020-04-01,IBM,skip,0.0,0,13.1885,0.0,0.0,True
2020-04-01,ICE,skip,0.0,0,11.1752,0.0,0.0,True
2020-04-01,INTC,buy_call,4.1737,30,10.8278,6.6541,1.99623,True
2020-04-01,INTU,skip,0.0,0,17.3087,0.0,0.0,True
2020-04-01,ISRG,skip,0.0,0,3.1643,0.0,0.0,True
2020-04-01,ITW,skip,0.0,0,15.2002,0.0,0.0,True
2020-04-01,JNJ,buy_call,2.057,30,14.4208,12.3638,3.70914,True
2020-04-01,JPM,skip,0.0,0,6.3646,0.0,0.0,True
2020-04-01,KO,skip,0.0,0,4.6157,0.0,0.0,True
2020-04-01,LLY,buy_call,3.5202,30,11.4764,7.9562,2.38686,True
2020-04-01,LMT,skip,0.0,0,14.7839,0.0,0.0,True
2020-04-01,LOW,skip,0.0,0,21.7316,0.0,0.0,True
2020-04-01,MA,skip,0.0,0,13.8309,0.0,0.0,True
2020-04-01,MCD,skip,0.0,0,13.4321,0.0,0.0,True
2020-04-01,MDLZ,skip,0.0,0,3.3306,0.0,0.0,True
2020-04-01,MDT,skip,0.0,0,8.9388,0.0,0.0,True
2020-04-01,META,skip,0.0,0,22.7278,0.0,0.0,True
2020-04-01,MMM,skip,0.0,0,11.2886,0.0,0.0,True
2020-04-01,MRK,skip,0.0,0,3.9712,0.0,0.0,True
2020-04-01,MS,skip,0.0,0,15.9706,0.0,0.0,True
2020-04-01,MSFT,buy_call,2.8745,30,13.6326,10.7582,3.22746,True
2020-04-01,MU,skip,0.0,0,13.8612,0.0,0.0,True
2020-04-01,NEE,buy_call,1.9747,30,-3.9482,-1.9747,-0.59241,True
2020-04-01,NFLX,buy_call,4.4729,30,11.8109,7.338,2.2014,True
2020-04-01,NKE,skip,0.0,0,5.3662,0.0,0.0,True
2020-04-01,NOW,buy_call,4.0949,30,22.6673,18.5724,5.57172,True
2020-04-01,NVDA,buy_call,5.3919,30,10.8801,5.4883,1.64649,True
2020-04-01,ORCL,skip,0.0,0,9.6007,0.0,0.0,True
2020-04-01,PEP,skip,0.0,0,10.8936,0.0,0.0,True
2020-04-01,PFE,skip,0.0,0,17.5245,0.0,0.0,True
2020-04-01,PG,skip,0.0,0,7.1545,0.0,0.0,True
2020-04-01,PLD,skip,0.0,0,11.9492,0.0,0.0,True
2020-04-01,PM,skip,0.0,0,4.0809,0.0,0.0,True
2020-04-01,PYPL,skip,0.0,0,28.473,0.0,0.0,True
2020-04-01,REGN,buy_call,2.8264,30,7.6983,4.8719,1.46157,True
2020-04-01,SBUX,skip,0.0,0,16.7174,0.0,0.0,True
2020-04-01,SCHW,skip,0.0,0,12.1951,0.0,0.0,True
2020-04-01,SO,skip,0.0,0,4.7839,0.0,0.0,True
2020-04-01,SPGI,buy_call,2.7389,30,19.5185,16.7796,5.03388,True
2020-04-01,SYK,skip,0.0,0,12.3825,0.0,0.0,True
2020-04-01,T,skip,0.0,0,4.5283,0.0,0.0,True
2020-04-01,TGT,skip,0.0,0,18.0381,0.0,0.0,True
2020-04-01,TJX,skip,0.0,0,2.5936,0.0,0.0,True
2020-04-01,TMO,skip,0.0,0,18.1027,0.0,0.0,True
2020-04-01,TMUS,buy_call,3.1005,30,4.6484,1.5479,0.46437,True
2020-04-01,TXN,skip,0.0,0,16.1513,0.0,0.0,True
2020-04-01,UNH,buy_call,2.9729,30,17.7869,14.814,4.4442,True
2020-04-01,UNP,skip,0.0,0,13.2941,0.0,0.0,True
2020-04-01,V,skip,0.0,0,10.9235,0.0,0.0,True
2020-04-01,VRTX,buy_call,2.8264,30,5.5684,2.742,0.8226,True
2020-04-01,VZ,skip,0.0,0,6.9235,0.0,0.0,True
2020-04-01,WFC,skip,0.0,0,1.2195,0.0,0.0,True
2020-04-01,WM,skip,0.0,0,8.5514,0.0,0.0,True
2020-04-01,WMT,skip,0.0,0,7.4528,0.0,0.0,True
2020-04-01,XOM,skip,0.0,0,22.3861,0.0,0.0,True
2020-04-01,ZTS,skip,0.0,0,9.8734,0.0,0.0,True
2020-05-01,AAPL,buy_call,3.1456,1,8.2165,5.0709,0.050709,False
2020-05-01,ABBV,buy_call,2.8264,1,14.4186,11.5922,0.115922,False
2020-05-01,ABT,buy_call,2.4594,1,3.5071,1.0477,0.010477,False
2020-05-01,ADBE,buy_call,2.8745,1,9.3202,6.4457,0.064457,False
2020-05-01,ADP,skip,0.0,0,-0.1363,0.0,0.0,False
2020-05-01,AMAT,skip,0.0,0,13.0838,0.0,0.0,False
2020-05-01,AMGN,buy_call,2.8264,1,-3.9796,-2.8264,-0.028264,False
2020-05-01,AMT,buy_call,3.0196,1,8.928,5.9084,0.059084,False
2020-05-01,AMZN,buy_call,3.8265,1,-1.2785,-3.8265,-0.038265,False
2020-05-01,AVGO,skip,0.0,0,7.2344,0.0,0.0,False
2020-05-01,AXP,skip,0.0,0,4.765,0.0,0.0,False
2020-05-01,BA,skip,0.0,0,3.425,0.0,0.0,False
2020-05-01,BAC,skip,0.0,0,0.2911,0.0,0.0,False
2020-05-01,BDX,skip,0.0,0,-2.2176,0.0,0.0,False
2020-05-01,BKNG,skip,0.0,0,10.729,0.0,0.0,False
2020-05-01,BLK,buy_call,2.7389,1,5.2984,2.5595,0.025595,False
2020-05-01,BMY,buy_call,2.8264,1,-0.9796,-2.8264,-0.028264,False
2020-05-01,BRK-B,skip,0.0,0,-0.95,0.0,0.0,False
2020-05-01,C,skip,0.0,0,-1.3386,0.0,0.0,False
2020-05-01,CAT,skip,0.0,0,4.1699,0.0,0.0,False
2020-05-01,CHTR,buy_call,3.1005,1,9.8479,6.7474,0.067474,False
2020-05-01,CMCSA,skip,0.0,0,5.2352,0.0,0.0,False
2020-05-01,COST,buy_call,2.5784,1,2.0378,-0.5406,-0.005406,False
2020-05-01,CRM,buy_call,3.8947,1,7.9284,4.0337,0.040337,False
2020-05-01,CSCO,skip,0.0,0,13.9061,0.0,0.0,False
2020-05-01,CSX,skip,0.0,0,8.0779,0.0,0.0,False
2020-05-01,CVS,skip,0.0,0,7.4228,0.0,0.0,False
2020-05-01,CVX,skip,0.0,0,-0.3261,0.0,0.0,False
2020-05-01,DHR,buy_call,2.4594,1,1.9271,-0.5323,-0.005323,False
2020-05-01,DIS,skip,0.0,0,8.4605,0.0,0.0,False
2020-05-01,DUK,skip,0.0,0,1.1458,0.0,0.0,False
2020-05-01,EL,skip,0.0,0,11.9445,0.0,0.0,False
2020-05-01,ELV,buy_call,2.9729,1,4.7661,1.7933,0.017933,False
2020-05-01,EOG,skip,0.0,0,8.2439,0.0,0.0,False
2020-05-01,GILD,buy_call,2.8264,1,-7.3452,-2.8264,-0.028264,False
2020-05-01,GM,skip,0.0,0,16.1059,0.0,0.0,False
2020-05-01,GOOGL,buy_call,3.4858,1,6.4469,2.961,0.02961,False
2020-05-01,GS,skip,0.0,0,7.1258,0.0,0.0,False
2020-05-01,HD,skip,0.0,0,13.0328,0.0,0.0,False
2020-05-01,HON,skip,0.0,0,2.7837,0.0,0.0,False
2020-05-01,IBM,skip,0.0,0,-0.5256,0.0,0.0,False
2020-05-01,ICE,skip,0.0,0,8.72,0.0,0.0,False
2020-05-01,INTC,buy_call,4.1737,1,4.9183,0.7446,0.007446,False
2020-05-01,INTU,buy_call,3.5689,1,7.834,4.2651,0.042651,False
2020-05-01,ISRG,skip,0.0,0,13.5355,0.0,0.0,False
2020-05-01,ITW,skip,0.0,0,6.1292,0.0,0.0,False
2020-05-01,JNJ,buy_call,2.057,1,-0.8597,-2.057,-0.02057,False
2020-05-01,JPM,skip,0.0,0,2.6746,0.0,0.0,False
2020-05-01,KO,skip,0.0,0,1.7215,0.0,0.0,False
2020-05-01,LLY,buy_call,3.5202,1,-1.0929,-3.5202,-0.035202,False
2020-05-01,LMT,buy_call,3.2317,1,-0.1593,-3.2317,-0.032317,False
2020-05-01,LOW,skip,0.0,0,25.1628,0.0,0.0,False
2020-05-01,MA,skip,0.0,0,9.5957,0.0,0.0,False
2020-05-01,MCD,skip,0.0,0,-0.6611,0.0,0.0,False
2020-05-01,MDLZ,skip,0.0,0,1.3219,0.0,0.0,False
2020-05-01,MDT,skip,0.0,0,0.973,0.0,0.0,False
2020-05-01,META,buy_call,4.3383,1,9.9556,5.6173,0.056173,False
2020-05-01,MMM,skip,0.0,0,2.9753,0.0,0.0,False
2020-05-01,MRK,skip,0.0,0,1.7393,0.0,0.0,False
2020-05-01,MS,skip,0.0,0,13.0837,0.0,0.0,False
2020-05-01,MSFT,buy_call,2.8745,1,2.2543,-0.6201,-0.006201,False
2020-05-01,MU,buy_call,5.3919,1,0.0418,-5.3501,-0.053501,False
2020-05-01,NEE,skip,0.0,0,10.5746,0.0,0.0,False
2020-05-01,NFLX,buy_call,4.4729,1,-0.0286,-4.4729,-0.044729,False
2020-05-01,NKE,skip,0.0,0,13.0764,0.0,0.0,False
2020-05-01,NOW,buy_call,4.0949,1,10.3516,6.2567,0.062567,False
2020-05-01,NVDA,buy_call,5.3919,1,21.4657,16.0738,0.160738,False
2020-05-01,ORCL,skip,0.0,0,1.9925,0.0,0.0,False
2020-05-01,PEP,skip,0.0,0,-0.5594,0.0,0.0,False
2020-05-01,PFE,buy_call,2.8264,1,-0.4432,-2.8264,-0.028264,False
2020-05-01,PG,skip,0.0,0,-0.9985,0.0,0.0,False
2020-05-01,PLD,buy_call,3.0196,1,2.544,-0.4756,-0.004756,False
2020-05-01,PM,skip,0.0,0,-1.6622,0.0,0.0,False
2020-05-01,PYPL,buy_call,2.7116,1,26.0244,23.3128,0.233128,False
2020-05-01,REGN,buy_call,2.8264,1,16.5304,13.704,0.13704,False
2020-05-01,SBUX,skip,0.0,0,1.6421,0.0,0.0,False
2020-05-01,SCHW,skip,0.0,0,-4.7985,0.0,0.0,False
2020-05-01,SO,skip,0.0,0,0.5993,0.0,0.0,False
2020-05-01,SPGI,buy_call,2.7389,1,10.9738,8.2349,0.082349,False
2020-05-01,SYK,skip,0.0,0,4.9885,0.0,0.0,False
2020-05-01,T,skip,0.0,0,3.6524,0.0,0.0,False
2020-05-01,TGT,buy_call,2.4474,1,11.4726,9.0251,0.090251,False
2020-05-01,TJX,skip,0.0,0,7.5637,0.0,0.0,False
2020-05-01,TMO,buy_call,2.8279,1,4.3355,1.5076,0.015076,False
2020-05-01,TMUS,buy_call,3.1005,1,13.9408,10.8402,0.108402,False
2020-05-01,TXN,skip,0.0,0,2.3003,0.0,0.0,False
2020-05-01,UNH,buy_call,2.9729,1,4.2329,1.26,0.0126,False
2020-05-01,UNP,skip,0.0,0,6.302,0.0,0.0,False
2020-05-01,V,buy_call,2.5501,1,9.2435,6.6934,0.066934,False
2020-05-01,VRTX,buy_call,2.8264,1,14.6338,11.8073,0.118073,False
2020-05-01,VZ,skip,0.0,0,0.9523,0.0,0.0,False
2020-05-01,WFC,skip,0.0,0,-8.8812,0.0,0.0,False
2020-05-01,WM,skip,0.0,0,6.7287,0.0,0.0,False
2020-05-01,WMT,buy_call,2.4474,1,2.065,-0.3824,-0.003824,False
2020-05-01,XOM,skip,0.0,0,-2.1519,0.0,0.0,False
2020-05-01,ZTS,buy_call,2.8264,1,7.9696,5.1432,0.051432,False
2020-06-01,AAPL,buy_call,3.1456,1,15.0492,11.9037,0.119037,False
2020-06-01,ABBV,buy_call,2.8264,1,5.9459,3.1194,0.031194,False
2020-06-01,ABT,buy_call,2.4594,1,-3.6768,-2.4594,-0.024594,False
2020-06-01,ADBE,buy_call,2.8745,1,12.5996,9.7251,0.097251,False
2020-06-01,ADP,skip,0.0,0,1.6383,0.0,0.0,False
2020-06-01,AMAT,skip,0.0,0,8.029,0.0,0.0,False
2020-06-01,AMGN,skip,0.0,0,3.3768,0.0,0.0,False
2020-06-01,AMT,buy_call,3.0196,1,0.1433,-2.8762,-0.028762,False
2020-06-01,AMZN,buy_call,3.8265,1,12.9567,9.1302,0.091302,False
2020-06-01,AVGO,skip,0.0,0,8.3565,0.0,0.0,False
2020-06-01,AXP,skip,0.0,0,0.1367,0.0,0.0,False
2020-06-01,BA,skip,0.0,0,25.6771,0.0,0.0,False
2020-06-01,BAC,skip,0.0,0,-1.534,0.0,0.0,False
2020-06-01,BDX,skip,0.0,0,-3.1021,0.0,0.0,False
2020-06-01,BKNG,skip,0.0,0,-2.8718,0.0,0.0,False
2020-06-01,BLK,buy_call,2.7389,1,2.9226,0.1837,0.001837,False
2020-06-01,BMY,buy_call,2.8264,1,-1.5405,-2.8264,-0.028264,False
2020-06-01,BRK-B,skip,0.0,0,-3.8097,0.0,0.0,False
2020-06-01,C,skip,0.0,0,7.7904,0.0,0.0,False
2020-06-01,CAT,skip,0.0,0,5.3026,0.0,0.0,False
2020-06-01,CHTR,buy_call,3.1005,1,-6.2426,-3.1005,-0.031005,False
2020-06-01,CMCSA,skip,0.0,0,-1.5657,0.0,0.0,False
2020-06-01,COST,buy_call,2.5784,1,-1.7052,-2.5784,-0.025784,False
2020-06-01,CRM,buy_call,3.8947,1,7.1743,3.2796,0.032796,False
2020-06-01,CSCO,buy_call,3.0196,1,-2.4676,-3.0196,-0.030196,False
2020-06-01,CSX,buy_call,3.0,1,-2.2252,-3.0,-0.03,False
2020-06-01,CVS,skip,0.0,0,-0.9151,0.0,0.0,False
2020-06-01,CVX,skip,0.0,0,-1.265,0.0,0.0,False
2020-06-01,DHR,buy_call,2.4594,1,6.1341,3.6747,0.036747,False
2020-06-01,DIS,skip,0.0,0,-4.9361,0.0,0.0,False
2020-06-01,DUK,skip,0.0,0,-5.6141,0.0,0.0,False
2020-06-01,EL,buy_call,3.0,1,-4.4513,-3.0,-0.03,False
2020-06-01,ELV,buy_call,2.9729,1,-10.5845,-2.9729,-0.029729,False
2020-06-01,EOG,skip,0.0,0,-0.6082,0.0,0.0,False
2020-06-01,GILD,buy_call,2.8264,1,-1.1435,-2.8264,-0.028264,False
2020-06-01,GM,skip,0.0,0,-2.2411,0.0,0.0,False
2020-06-01,GOOGL,buy_call,3.4858,1,-1.0792,-3.4858,-0.034858,False
2020-06-01,GS,skip,0.0,0,1.2038,0.0,0.0,False
2020-06-01,HD,buy_call,2.7959,1,0.817,-1.9789,-0.019789,False
2020-06-01,HON,skip,0.0,0,-0.133,0.0,0.0,False
2020-06-01,IBM,skip,0.0,0,-2.0099,0.0,0.0,False
2020-06-01,ICE,buy_call,3.0,1,-5.8097,-3.0,-0.03,False
2020-06-01,INTC,buy_call,4.1737,1,-4.3891,-4.1737,-0.041737,False
2020-06-01,INTU,buy_call,3.5689,1,2.0219,-1.547,-0.01547,False
2020-06-01,ISRG,skip,0.0,0,-1.7585,0.0,0.0,False
2020-06-01,ITW,buy_call,3.0196,1,1.3858,-1.6337,-0.016337,False
2020-06-01,JNJ,buy_call,2.057,1,-4.8035,-2.057,-0.02057,False
2020-06-01,JPM,skip,0.0,0,-3.3399,0.0,0.0,False
2020-06-01,KO,skip,0.0,0,-4.2845,0.0,0.0,False
2020-06-01,LLY,buy_call,3.5202,1,7.8476,4.3274,0.043274,False
2020-06-01,LMT,buy_call,3.2317,1,-5.4857,-3.2317,-0.032317,False
2020-06-01,LOW,buy_call,2.7959,1,3.6593,0.8634,0.008634,False
2020-06-01,MA,buy_call,2.7116,1,-1.7249,-2.7116,-0.027116,False
2020-06-01,MCD,skip,0.0,0,-0.3328,0.0,0.0,False
2020-06-01,MDLZ,buy_call,2.2339,1,-1.8995,-2.2339,-0.022339,False
2020-06-01,MDT,skip,0.0,0,-6.9791,0.0,0.0,False
2020-06-01,META,buy_call,4.3383,1,0.8796,-3.4586,-0.034586,False
2020-06-01,MMM,skip,0.0,0,0.7013,0.0,0.0,False
2020-06-01,MRK,skip,0.0,0,-4.1997,0.0,0.0,False
2020-06-01,MS,skip,0.0,0,9.276,0.0,0.0,False
2020-06-01,MSFT,buy_call,2.8745,1,11.3652,8.4908,0.084908,False
2020-06-01,MU,buy_call,5.3919,1,7.5349,2.1431,0.021431,False
2020-06-01,NEE,buy_call,1.9747,1,-6.0221,-1.9747,-0.019747,False
2020-06-01,NFLX,buy_call,4.4729,1,8.4126,3.9397,0.039397,False
2020-06-01,NKE,buy_call,3.5085,1,-0.2895,-3.5085,-0.035085,False
2020-06-01,NOW,buy_call,4.0949,1,4.4157,0.3209,0.003209,False
2020-06-01,NVDA,buy_call,5.3919,1,7.0109,1.619,0.01619,False
2020-06-01,ORCL,skip,0.0,0,2.7897,0.0,0.0,False
2020-06-01,PEP,skip,0.0,0,0.5397,0.0,0.0,False
2020-06-01,PFE,buy_call,2.8264,1,-13.5222,-2.8264,-0.028264,False
2020-06-01,PG,skip,0.0,0,3.1487,0.0,0.0,False
2020-06-01,PLD,buy_call,3.0196,1,2.0,-1.0196,-0.010196,False
2020-06-01,PM,skip,0.0,0,-4.4984,0.0,0.0,False
2020-06-01,PYPL,buy_call,2.7116,1,12.3992,9.6876,0.096876,False
2020-06-01,REGN,buy_call,2.8264,1,1.7689,-1.0575,-0.010575,False
2020-06-01,SBUX,skip,0.0,0,-5.1085,0.0,0.0,False
2020-06-01,SCHW,skip,0.0,0,-5.5511,0.0,0.0,False
2020-06-01,SO,skip,0.0,0,-8.0721,0.0,0.0,False
2020-06-01,SPGI,buy_call,2.7389,1,1.5905,-1.1484,-0.011484,False
2020-06-01,SYK,skip,0.0,0,-7.9395,0.0,0.0,False
2020-06-01,T,skip,0.0,0,-2.0415,0.0,0.0,False
2020-06-01,TGT,skip,0.0,0,-1.4423,0.0,0.0,False
2020-06-01,TJX,skip,0.0,0,-4.1698,0.0,0.0,False
2020-06-01,TMO,buy_call,2.8279,1,3.7658,0.9379,0.009379,False
2020-06-01,TMUS,buy_call,3.1005,1,4.1084,1.0078,0.010078,False
2020-06-01,TXN,skip,0.0,0,7.7667,0.0,0.0,False
2020-06-01,UNH,buy_call,2.9729,1,-3.2475,-2.9729,-0.029729,False
2020-06-01,UNP,skip,0.0,0,0.0934,0.0,0.0,False
2020-06-01,V,buy_call,2.5501,1,-0.8945,-2.5501,-0.025501,False
2020-06-01,VRTX,buy_call,2.8264,1,0.8161,-2.0103,-0.020103,False
2020-06-01,VZ,skip,0.0,0,-3.9212,0.0,0.0,False
2020-06-01,WFC,skip,0.0,0,-1.3217,0.0,0.0,False
2020-06-01,WM,skip,0.0,0,-0.7869,0.0,0.0,False
2020-06-01,WMT,buy_call,2.4474,1,-3.0252,-2.4474,-0.024474,False
2020-06-01,XOM,skip,0.0,0,0.2575,0.0,0.0,False
2020-06-01,ZTS,buy_call,2.8264,1,-1.6859,-2.8264,-0.028264,False
2020-07-01,AAPL,buy_call,3.1456,2,16.5132,13.3676,0.267352,True
2020-07-01,ABBV,buy_call,2.8264,2,-3.3306,-2.8264,-0.056528,True
2020-07-01,ABT,buy_call,2.4594,2,10.0733,7.6139,0.152278,True
2020-07-01,ADBE,buy_call,2.8745,2,2.0698,-0.8047,-0.016094,True
2020-07-01,ADP,skip,0.0,0,-10.2091,0.0,0.0,True
2020-07-01,AMAT,skip,0.0,0,6.4185,0.0,0.0,True
2020-07-01,AMGN,skip,0.0,0,3.7353,0.0,0.0,True
2020-07-01,AMT,buy_call,3.0196,2,1.5254,-1.4942,-0.029884,True
2020-07-01,AMZN,buy_call,3.8265,2,14.7114,10.8849,0.217698,True
2020-07-01,AVGO,buy_call,4.1737,2,1.3951,-2.7785,-0.05557,True
2020-07-01,AXP,skip,0.0,0,-1.9748,0.0,0.0,True
2020-07-01,BA,skip,0.0,0,-13.8025,0.0,0.0,True
2020-07-01,BAC,skip,0.0,0,5.4885,0.0,0.0,True
2020-07-01,BDX,skip,0.0,0,17.9677,0.0,0.0,True
2020-07-01,BKNG,skip,0.0,0,4.3828,0.0,0.0,True
2020-07-01,BLK,buy_call,2.7389,2,6.388,3.6491,0.072982,True
2020-07-01,BMY,skip,0.0,0,-0.2381,0.0,0.0,True
2020-07-01,BRK-B,skip,0.0,0,9.6745,0.0,0.0,True
2020-07-01,C,skip,0.0,0,-2.1331,0.0,0.0,True
2020-07-01,CAT,skip,0.0,0,5.0435,0.0,0.0,True
2020-07-01,CHTR,buy_call,3.1005,2,13.7166,10.616,0.21232,True
2020-07-01,CMCSA,skip,0.0,0,10.4523,0.0,0.0,True
2020-07-01,COST,buy_call,2.5784,2,7.3613,4.7828,0.095656,True
2020-07-01,CRM,buy_call,3.8947,2,4.0143,0.1196,0.002392,True
2020-07-01,CSCO,skip,0.0,0,0.9863,0.0,0.0,True
2020-07-01,CSX,skip,0.0,0,2.2942,0.0,0.0,True
2020-07-01,CVS,skip,0.0,0,-3.1245,0.0,0.0,True
2020-07-01,CVX,skip,0.0,0,-5.9285,0.0,0.0,True
2020-07-01,DHR,buy_call,2.4594,2,15.373,12.9137,0.258274,True
2020-07-01,DIS,skip,0.0,0,4.8695,0.0,0.0,True
2020-07-01,DUK,skip,0.0,0,6.0709,0.0,0.0,True
2020-07-01,EL,skip,0.0,0,4.6958,0.0,0.0,True
2020-07-01,ELV,skip,0.0,0,4.4445,0.0,0.0,True
2020-07-01,EOG,skip,0.0,0,-7.5207,0.0,0.0,True
2020-07-01,GILD,buy_call,2.8264,2,-8.8265,-2.8264,-0.056528,True
2020-07-01,GM,skip,0.0,0,-1.6206,0.0,0.0,True
2020-07-01,GOOGL,buy_call,3.4858,2,4.9293,1.4435,0.02887,True
2020-07-01,GS,skip,0.0,0,0.1721,0.0,0.0,True
2020-07-01,HD,buy_call,2.7959,2,6.6126,3.8167,0.076334,True
2020-07-01,HON,skip,0.0,0,3.3059,0.0,0.0,True
2020-07-01,IBM,skip,0.0,0,1.7968,0.0,0.0,True
2020-07-01,ICE,skip,0.0,0,5.996,0.0,0.0,True
2020-07-01,INTC,buy_call,4.1737,2,-20.224,-4.1737,-0.083474,True
2020-07-01,INTU,buy_call,3.5689,2,3.437,-0.132,-0.00264,True
2020-07-01,ISRG,skip,0.0,0,20.2885,0.0,0.0,True
2020-07-01,ITW,skip,0.0,0,6.4781,0.0,0.0,True
2020-07-01,JNJ,skip,0.0,0,3.6479,0.0,0.0,True
2020-07-01,JPM,skip,0.0,0,2.7429,0.0,0.0,True
2020-07-01,KO,skip,0.0,0,6.6902,0.0,0.0,True
2020-07-01,LLY,buy_call,3.5202,2,-8.4602,-3.5202,-0.070404,True
2020-07-01,LMT,skip,0.0,0,3.8502,0.0,0.0,True
2020-07-01,LOW,buy_call,2.7959,2,10.2058,7.4099,0.148198,True
2020-07-01,MA,skip,0.0,0,4.3389,0.0,0.0,True
2020-07-01,MCD,skip,0.0,0,5.318,0.0,0.0,True
2020-07-01,MDLZ,skip,0.0,0,9.1485,0.0,0.0,True
2020-07-01,MDT,skip,0.0,0,5.9034,0.0,0.0,True
2020-07-01,META,buy_call,4.3383,2,11.7144,7.3762,0.147524,True
2020-07-01,MMM,skip,0.0,0,-3.5387,0.0,0.0,True
2020-07-01,MRK,skip,0.0,0,4.5879,0.0,0.0,True
2020-07-01,MS,skip,0.0,0,1.2008,0.0,0.0,True
2020-07-01,MSFT,buy_call,2.8745,2,0.7371,-2.1374,-0.042748,True
2020-07-01,MU,skip,0.0,0,-2.8339,0.0,0.0,True
2020-07-01,NEE,skip,0.0,0,17.5193,0.0,0.0,True
2020-07-01,NFLX,buy_call,4.4729,2,7.4367,2.9638,0.059276,True
2020-07-01,NKE,skip,0.0,0,-0.4488,0.0,0.0,True
2020-07-01,NOW,buy_call,4.0949,2,8.4284,4.3335,0.08667,True
2020-07-01,NVDA,buy_call,5.3919,2,11.8117,6.4198,0.128396,True
2020-07-01,ORCL,buy_call,3.5955,2,0.3257,-3.2698,-0.065396,True
2020-07-01,PEP,skip,0.0,0,4.8908,0.0,0.0,True
2020-07-01,PFE,skip,0.0,0,17.6758,0.0,0.0,True
2020-07-01,PG,skip,0.0,0,9.6596,0.0,0.0,True
2020-07-01,PLD,buy_call,3.0196,2,13.6519,10.6323,0.212646,True
2020-07-01,PM,skip,0.0,0,11.3815,0.0,0.0,True
2020-07-01,PYPL,buy_call,2.7116,2,12.5352,9.8235,0.19647,True
2020-07-01,REGN,buy_call,2.8264,2,1.3501,-1.4763,-0.029526,True
2020-07-01,SBUX,skip,0.0,0,3.9951,0.0,0.0,True
2020-07-01,SCHW,skip,0.0,0,-1.7487,0.0,0.0,True
2020-07-01,SO,skip,0.0,0,5.3231,0.0,0.0,True
2020-07-01,SPGI,buy_call,2.7389,2,6.3039,3.565,0.0713,True
2020-07-01,SYK,skip,0.0,0,7.6318,0.0,0.0,True
2020-07-01,T,skip,0.0,0,-2.1502,0.0,0.0,True
2020-07-01,TGT,skip,0.0,0,4.9612,0.0,0.0,True
2020-07-01,TJX,skip,0.0,0,2.8283,0.0,0.0,True
2020-07-01,TMO,buy_call,2.8279,2,14.3183,11.4904,0.229808,True
2020-07-01,TMUS,buy_call,3.1005,2,3.1013,0.0007,1.4e-05,True
2020-07-01,TXN,buy_call,4.1737,2,0.4568,-3.7169,-0.074338,True
2020-07-01,UNH,buy_call,2.9729,2,3.0968,0.124,0.00248,True
2020-07-01,UNP,skip,0.0,0,2.5315,0.0,0.0,True
2020-07-01,V,buy_call,2.5501,2,-1.434,-2.5501,-0.051002,True
2020-07-01,VRTX,buy_call,2.8264,2,-6.3071,-2.8264,-0.056528,True
2020-07-01,VZ,skip,0.0,0,4.2626,0.0,0.0,True
2020-07-01,WFC,skip,0.0,0,-5.2344,0.0,0.0,True
2020-07-01,WM,skip,0.0,0,3.9983,0.0,0.0,True
2020-07-01,WMT,buy_call,2.4474,2,8.0314,5.584,0.11168,True
2020-07-01,XOM,skip,0.0,0,-5.9034,0.0,0.0,True
2020-07-01,ZTS,buy_call,2.8264,2,10.683,7.8566,0.157132,True
2020-08-01,AAPL,buy_call,3.1456,1,21.438,18.2924,0.182924,False
2020-08-01,ABBV,buy_call,2.8264,1,2.1377,-0.6887,-0.006887,False
2020-08-01,ABT,buy_call,2.4594,1,9.1961,6.7367,0.067367,False
2020-08-01,ADBE,buy_call,2.8745,1,15.5451,12.6706,0.126706,False
2020-08-01,ADP,skip,0.0,0,4.6497,0.0,0.0,False
2020-08-01,AMAT,buy_call,4.1737,1,-4.2438,-4.1737,-0.041737,False
2020-08-01,AMGN,buy_call,2.8264,1,3.5354,0.709,0.00709,False
2020-08-01,AMT,buy_call,3.0196,1,-4.6827,-3.0196,-0.030196,False
2020-08-01,AMZN,buy_call,3.8265,1,9.0461,5.2196,0.052196,False
2020-08-01,AVGO,buy_call,4.1737,1,9.5975,5.4238,0.054238,False
2020-08-01,AXP,skip,0.0,0,9.3559,0.0,0.0,False
2020-08-01,BA,skip,0.0,0,8.7468,0.0,0.0,False
2020-08-01,BAC,skip,0.0,0,3.4566,0.0,0.0,False
2020-08-01,BDX,buy_call,2.4594,1,-13.7094,-2.4594,-0.024594,False
2020-08-01,BKNG,skip,0.0,0,14.9399,0.0,0.0,False
2020-08-01,BLK,buy_call,2.7389,1,3.3356,0.5967,0.005967,False
2020-08-01,BMY,skip,0.0,0,6.8438,0.0,0.0,False
2020-08-01,BRK-B,skip,0.0,0,11.3699,0.0,0.0,False
2020-08-01,C,skip,0.0,0,3.2547,0.0,0.0,False
2020-08-01,CAT,buy_call,3.2317,1,7.8987,4.667,0.04667,False
2020-08-01,CHTR,buy_call,3.1005,1,6.1397,3.0391,0.030391,False
2020-08-01,CMCSA,buy_call,3.1005,1,4.6962,1.5957,0.015957,False
2020-08-01,COST,buy_call,2.5784,1,7.0278,4.4494,0.044494,False
2020-08-01,CRM,buy_call,3.8947,1,39.9281,36.0334,0.360334,False
2020-08-01,CSCO,buy_call,3.0196,1,-9.6548,-3.0196,-0.030196,False
2020-08-01,CSX,skip,0.0,0,7.1769,0.0,0.0,False
2020-08-01,CVS,skip,0.0,0,-0.532,0.0,0.0,False
2020-08-01,CVX,skip,0.0,0,-0.0119,0.0,0.0,False
2020-08-01,DHR,buy_call,2.4594,1,1.3101,-1.1493,-0.011493,False
2020-08-01,DIS,skip,0.0,0,12.7672,0.0,0.0,False
2020-08-01,DUK,skip,0.0,0,-5.1924,0.0,0.0,False
2020-08-01,EL,buy_call,3.0,1,12.2406,9.2406,0.092406,False
2020-08-01,ELV,buy_call,2.9729,1,2.8196,-0.1533,-0.001533,False
2020-08-01,EOG,skip,0.0,0,-2.4523,0.0,0.0,False
2020-08-01,GILD,buy_call,2.8264,1,-3.9983,-2.8264,-0.028264,False
2020-08-01,GM,skip,0.0,0,19.0438,0.0,0.0,False
2020-08-01,GOOGL,buy_call,3.4858,1,9.5151,6.0293,0.060293,False
2020-08-01,GS,skip,0.0,0,3.4906,0.0,0.0,False
2020-08-01,HD,buy_call,2.7959,1,7.3638,4.5679,0.045679,False
2020-08-01,HON,skip,0.0,0,10.8321,0.0,0.0,False
2020-08-01,IBM,skip,0.0,0,0.301,0.0,0.0,False
2020-08-01,ICE,skip,0.0,0,9.7644,0.0,0.0,False
2020-08-01,INTC,skip,0.0,0,6.7463,0.0,0.0,False
2020-08-01,INTU,buy_call,3.5689,1,12.9291,9.3602,0.093602,False
2020-08-01,ISRG,buy_call,2.4594,1,6.6235,4.1641,0.041641,False
2020-08-01,ITW,buy_call,3.0196,1,6.7896,3.77,0.0377,False
2020-08-01,JNJ,skip,0.0,0,5.2484,0.0,0.0,False
2020-08-01,JPM,skip,0.0,0,4.6837,0.0,0.0,False
2020-08-01,KO,skip,0.0,0,4.8476,0.0,0.0,False
2020-08-01,LLY,buy_call,3.5202,1,-1.2642,-3.5202,-0.035202,False
2020-08-01,LMT,skip,0.0,0,2.9792,0.0,0.0,False
2020-08-01,LOW,buy_call,2.7959,1,11.0208,8.2249,0.082249,False
2020-08-01,MA,skip,0.0,0,16.2507,0.0,0.0,False
2020-08-01,MCD,skip,0.0,0,9.9032,0.0,0.0,False
2020-08-01,MDLZ,skip,0.0,0,5.2802,0.0,0.0,False
2020-08-01,MDT,skip,0.0,0,11.3909,0.0,0.0,False
2020-08-01,META,buy_call,4.3383,1,15.5833,11.245,0.11245,False
2020-08-01,MMM,skip,0.0,0,8.3405,0.0,0.0,False
2020-08-01,MRK,skip,0.0,0,6.2687,0.0,0.0,False
2020-08-01,MS,skip,0.0,0,7.6597,0.0,0.0,False
2020-08-01,MSFT,buy_call,2.8745,1,10.0093,7.1348,0.071348,False
2020-08-01,MU,skip,0.0,0,-9.0891,0.0,0.0,False
2020-08-01,NEE,buy_call,1.9747,1,-0.5451,-1.9747,-0.019747,False
2020-08-01,NFLX,buy_call,4.4729,1,8.3211,3.8482,0.038482,False
2020-08-01,NKE,buy_call,3.5085,1,14.6297,11.1211,0.111211,False
2020-08-01,NOW,buy_call,4.0949,1,9.7495,5.6547,0.056547,False
2020-08-01,NVDA,buy_call,5.3919,1,25.9992,20.6073,0.206073,False
2020-08-01,ORCL,buy_call,3.5955,1,3.6283,0.0328,0.000328,False
2020-08-01,PEP,skip,0.0,0,1.7434,0.0,0.0,False
2020-08-01,PFE,buy_call,2.8264,1,-0.8333,-2.8264,-0.028264,False
2020-08-01,PG,buy_call,2.0993,1,6.1645,4.0652,0.040652,False
2020-08-01,PLD,buy_call,3.0196,1,-3.377,-3.0196,-0.030196,False
2020-08-01,PM,skip,0.0,0,3.8797,0.0,0.0,False
2020-08-01,PYPL,buy_call,2.7116,1,4.1159,1.4042,0.014042,False
2020-08-01,REGN,buy_call,2.8264,1,-1.9207,-2.8264,-0.028264,False
2020-08-01,SBUX,skip,0.0,0,10.375,0.0,0.0,False
2020-08-01,SCHW,skip,0.0,0,7.1795,0.0,0.0,False
2020-08-01,SO,skip,0.0,0,-4.4498,0.0,0.0,False
2020-08-01,SPGI,buy_call,2.7389,1,4.6167,1.8778,0.018778,False
2020-08-01,SYK,skip,0.0,0,2.5142,0.0,0.0,False
2020-08-01,T,skip,0.0,0,3.1081,0.0,0.0,False
2020-08-01,TGT,buy_call,2.4474,1,20.1223,17.6749,0.176749,False
2020-08-01,TJX,skip,0.0,0,5.3856,0.0,0.0,False
2020-08-01,TMO,buy_call,2.8279,1,3.6309,0.803,0.00803,False
2020-08-01,TMUS,buy_call,3.1005,1,8.6608,5.5603,0.055603,False
2020-08-01,TXN,buy_call,4.1737,1,12.2137,8.04,0.0804,False
2020-08-01,UNH,buy_call,2.9729,1,3.2268,0.2539,0.002539,False
2020-08-01,UNP,skip,0.0,0,11.0124,0.0,0.0,False
2020-08-01,V,skip,0.0,0,11.3393,0.0,0.0,False
2020-08-01,VRTX,buy_call,2.8264,1,2.6176,-0.2088,-0.002088,False
2020-08-01,VZ,skip,0.0,0,4.2721,0.0,0.0,False
2020-08-01,WFC,skip,0.0,0,-0.4534,0.0,0.0,False
2020-08-01,WM,skip,0.0,0,4.0146,0.0,0.0,False
2020-08-01,WMT,buy_call,2.4474,1,7.3029,4.8555,0.048555,False
2020-08-01,XOM,skip,0.0,0,-5.0856,0.0,0.0,False
2020-08-01,ZTS,buy_call,2.8264,1,5.6991,2.8727,0.028727,False
2020-09-01,AAPL,buy_call,6.0691,1,-10.0908,-6.0691,-0.060691,False
2020-09-01,ABBV,buy_call,2.8359,1,-8.5413,-2.8359,-0.028359,False
2020-09-01,ABT,buy_call,3.4463,1,-0.5846,-3.4463,-0.034463,False
2020-09-01,ADBE,buy_call,4.669,1,-4.4722,-4.669,-0.04669,False
2020-09-01,ADP,skip,0.0,0,0.2876,0.0,0.0,False
2020-09-01,AMAT,buy_call,5.3783,1,-3.1696,-5.3783,-0.053783,False
2020-09-01,AMGN,buy_call,2.8359,1,1.0037,-1.8322,-0.018322,False
2020-09-01,AMT,buy_call,2.8397,1,-2.9781,-2.8397,-0.028397,False
2020-09-01,AMZN,buy_call,4.5703,1,-8.7579,-4.5703,-0.045703,False
2020-09-01,AVGO,buy_call,5.3783,1,4.946,-0.4323,-0.004323,False
2020-09-01,AXP,skip,0.0,0,-1.319,0.0,0.0,False
2020-09-01,BA,skip,0.0,0,-3.818,0.0,0.0,False
2020-09-01,BAC,skip,0.0,0,-6.4102,0.0,0.0,False
2020-09-01,BDX,buy_call,3.4463,1,-4.1562,-3.4463,-0.034463,False
2020-09-01,BKNG,buy_call,3.0,1,-10.4567,-3.0,-0.03,False
2020-09-01,BLK,buy_call,4.1104,1,-5.1566,-4.1104,-0.041104,False
2020-09-01,BMY,buy_call,2.8359,1,-3.0707,-2.8359,-0.028359,False
2020-09-01,BRK-B,buy_call,2.4579,1,-2.339,-2.4579,-0.024579,False
2020-09-01,C,skip,0.0,0,-15.669,0.0,0.0,False
2020-09-01,CAT,buy_call,4.2808,1,4.8064,0.5255,0.005255,False
2020-09-01,CHTR,buy_call,3.3743,1,1.4181,-1.9562,-0.019562,False
2020-09-01,CMCSA,buy_call,3.3743,1,3.2359,-0.1384,-0.001384,False
2020-09-01,COST,buy_call,4.461,1,2.1113,-2.3497,-0.023497,False
2020-09-01,CRM,buy_call,5.5979,1,-7.8232,-5.5979,-0.055979,False
2020-09-01,CSCO,buy_call,2.8397,1,-6.703,-2.8397,-0.028397,False
2020-09-01,CSX,buy_call,3.0,1,1.9304,-1.0696,-0.010696,False
2020-09-01,CVS,buy_call,3.7549,1,-5.9884,-3.7549,-0.037549,False
2020-09-01,CVX,skip,0.0,0,-12.9775,0.0,0.0,False
2020-09-01,DHR,buy_call,3.4463,1,4.2912,0.8449,0.008449,False
2020-09-01,DIS,buy_call,4.1391,1,-5.9073,-4.1391,-0.041391,False
2020-09-01,DUK,skip,0.0,0,11.5076,0.0,0.0,False
2020-09-01,EL,buy_call,3.0,1,-1.3462,-3.0,-0.03,False
2020-09-01,ELV,buy_call,3.7549,1,-4.5929,-3.7549,-0.037549,False
2020-09-01,EOG,skip,0.0,0,-20.7323,0.0,0.0,False
2020-09-01,GILD,skip,0.0,0,-5.3333,0.0,0.0,False
2020-09-01,GM,skip,0.0,0,-0.135,0.0,0.0,False
2020-09-01,GOOGL,buy_call,3.4858,1,-10.06,-3.4858,-0.034858,False
2020-09-01,GS,buy_call,4.1104,1,-1.3097,-4.1104,-0.041104,False
2020-09-01,HD,buy_call,3.1898,1,-2.5716,-3.1898,-0.031898,False
2020-09-01,HON,buy_call,2.8397,1,-0.0056,-2.8397,-0.028397,False
2020-09-01,IBM,skip,0.0,0,-0.0381,0.0,0.0,False
2020-09-01,ICE,buy_call,3.0,1,-5.8175,-3.0,-0.03,False
2020-09-01,INTC,skip,0.0,0,2.3192,0.0,0.0,False
2020-09-01,INTU,buy_call,4.2221,1,-5.5532,-4.2221,-0.042221,False
2020-09-01,ISRG,buy_call,3.4463,1,-2.9145,-3.4463,-0.034463,False
2020-09-01,ITW,buy_call,2.8397,1,-2.1969,-2.8397,-0.028397,False
2020-09-01,JNJ,buy_call,2.8013,1,-2.307,-2.8013,-0.028013,False
2020-09-01,JPM,skip,0.0,0,-3.9125,0.0,0.0,False
2020-09-01,KO,skip,0.0,0,-0.323,0.0,0.0,False
2020-09-01,LLY,buy_call,2.7609,1,0.2369,-2.524,-0.02524,False
2020-09-01,LMT,buy_call,4.2808,1,-1.1891,-4.2808,-0.042808,False
2020-09-01,LOW,buy_call,3.1898,1,0.7104,-2.4793,-0.024793,False
2020-09-01,MA,buy_call,3.8997,1,-5.5892,-3.8997,-0.038997,False
2020-09-01,MCD,buy_call,2.8536,1,3.3974,0.5438,0.005438,False
2020-09-01,MDLZ,buy_call,3.0849,1,-1.6604,-3.0849,-0.030849,False
2020-09-01,MDT,buy_call,3.4463,1,-3.3033,-3.4463,-0.034463,False
2020-09-01,META,buy_call,4.3383,1,-10.6753,-4.3383,-0.043383,False
2020-09-01,MMM,buy_call,2.8397,1,-0.8478,-2.8397,-0.028397,False
2020-09-01,MRK,buy_call,2.8293,1,-2.7208,-2.8293,-0.028293,False
2020-09-01,MS,buy_call,4.1104,1,-7.4818,-4.1104,-0.041104,False
2020-09-01,MSFT,buy_call,4.669,1,-6.5142,-4.669,-0.04669,False
2020-09-01,MU,skip,0.0,0,3.1861,0.0,0.0,False
2020-09-01,NEE,buy_call,2.8536,1,-0.0753,-2.8536,-0.028536,False
2020-09-01,NFLX,buy_call,6.2661,1,-5.5763,-6.2661,-0.062661,False
2020-09-01,NKE,buy_call,4.7705,1,12.448,7.6776,0.076776,False
2020-09-01,NOW,buy_call,5.7575,1,0.6182,-5.1393,-0.051393,False
2020-09-01,NVDA,buy_call,6.4903,1,1.1664,-5.3239,-0.053239,False
2020-09-01,ORCL,buy_call,4.1942,1,4.3341,0.1399,0.001399,False
2020-09-01,PEP,buy_call,3.0849,1,-1.0424,-3.0849,-0.030849,False
2020-09-01,PFE,buy_call,2.8359,1,-2.8844,-2.8359,-0.028359,False
2020-09-01,PG,buy_call,2.4288,1,0.4771,-1.9517,-0.019517,False
2020-09-01,PLD,buy_call,2.8397,1,-1.2174,-2.8397,-0.028397,False
2020-09-01,PM,buy_call,3.0849,1,-6.0158,-3.0849,-0.030849,False
2020-09-01,PYPL,buy_call,3.8997,1,-3.4829,-3.8997,-0.038997,False
2020-09-01,REGN,buy_call,2.8359,1,-9.7027,-2.8359,-0.028359,False
2020-09-01,SBUX,buy_call,2.8536,1,2.2699,-0.5837,-0.005837,False
2020-09-01,SCHW,skip,0.0,0,2.5097,0.0,0.0,False
2020-09-01,SO,skip,0.0,0,5.1327,0.0,0.0,False
2020-09-01,SPGI,buy_call,4.1104,1,-1.4048,-4.1104,-0.041104,False
2020-09-01,SYK,buy_call,3.4463,1,5.1524,1.7061,0.017061,False
2020-09-01,T,skip,0.0,0,-4.361,0.0,0.0,False
2020-09-01,TGT,buy_call,5.6849,1,4.6215,-1.0634,-0.010634,False
2020-09-01,TJX,skip,0.0,0,1.5696,0.0,0.0,False
2020-09-01,TMO,buy_call,2.8279,1,2.9232,0.0953,0.000953,False
2020-09-01,TMUS,buy_call,3.3743,1,-1.9883,-3.3743,-0.033743,False
2020-09-01,TXN,buy_call,5.3783,1,0.4502,-4.9281,-0.049281,False
2020-09-01,UNH,buy_call,3.7549,1,-0.2496,-3.7549,-0.037549,False
2020-09-01,UNP,buy_call,4.2808,1,2.8149,-1.4659,-0.014659,False
2020-09-01,V,buy_call,2.9148,1,-5.5275,-2.9148,-0.029148,False
2020-09-01,VRTX,buy_call,2.8359,1,-2.5079,-2.8359,-0.028359,False
2020-09-01,VZ,buy_call,3.3743,1,0.3712,-3.0032,-0.030032,False
2020-09-01,WFC,skip,0.0,0,-2.2495,0.0,0.0,False
2020-09-01,WM,buy_call,3.0,1,-0.7281,-3.0,-0.03,False
2020-09-01,WMT,buy_call,5.6849,1,1.1776,-4.5072,-0.045072,False
2020-09-01,XOM,skip,0.0,0,-12.3503,0.0,0.0,False
2020-09-01,ZTS,buy_call,2.8359,1,3.2917,0.4558,0.004558,False
2020-10-01,AAPL,buy_call,5.14,2,-6.0012,-5.14,-0.1028,True
2020-10-01,ABBV,buy_call,4.913,2,-2.8428,-4.913,-0.09826,True
2020-10-01,ABT,buy_call,3.6809,2,-3.4182,-3.6809,-0.073618,True
2020-10-01,ADBE,buy_call,3.804,2,-8.8351,-3.804,-0.07608,True
2020-10-01,ADP,buy_call,3.762,2,13.9968,10.2349,0.204698,True
2020-10-01,AMAT,buy_call,3.481,2,-0.37,-3.481,-0.06962,True
2020-10-01,AMGN,buy_call,4.913,2,-14.6443,-4.913,-0.09826,True
2020-10-01,AMT,buy_call,3.762,2,-4.5365,-3.762,-0.07524,True
2020-10-01,AMZN,buy_call,5.6545,2,-3.5754,-5.6545,-0.11309,True
2020-10-01,AVGO,buy_call,3.481,2,-3.1572,-3.481,-0.06962,True
2020-10-01,AXP,buy_call,3.8701,2,-8.9875,-3.8701,-0.077402,True
2020-10-01,BA,buy_call,3.0,2,-12.6286,-3.0,-0.06,True
2020-10-01,BAC,buy_call,3.9041,2,-0.9336,-3.9041,-0.078082,True
2020-10-01,BDX,buy_call,3.6809,2,-0.3298,-3.6809,-0.073618,True
2020-10-01,BKNG,buy_call,3.0,2,-5.1547,-3.0,-0.06,True
2020-10-01,BLK,buy_call,4.0347,2,6.9663,2.9316,0.058632,True
2020-10-01,BMY,buy_call,4.913,2,-3.0519,-4.913,-0.09826,True
2020-10-01,BRK-B,buy_call,2.5938,2,-5.1846,-2.5938,-0.051876,True
2020-10-01,C,buy_call,3.0,2,-3.9202,-3.0,-0.06,True
2020-10-01,CAT,buy_call,4.3853,2,5.2967,0.9114,0.018228,True
2020-10-01,CHTR,buy_call,4.6444,2,-3.2867,-4.6444,-0.092888,True
2020-10-01,CMCSA,buy_call,4.6444,2,-8.69,-4.6444,-0.092888,True
2020-10-01,COST,buy_call,2.6565,2,0.738,-1.9185,-0.03837,True
2020-10-01,CRM,buy_call,4.9378,2,-7.58,-4.9378,-0.098756,True
2020-10-01,CSCO,buy_call,3.762,2,-8.8601,-3.762,-0.07524,True
2020-10-01,CSX,buy_call,3.0,2,1.6351,-1.3649,-0.027298,True
2020-10-01,CVS,buy_call,3.3946,2,-3.9555,-3.3946,-0.067892,True
2020-10-01,CVX,buy_call,5.2886,2,-3.4722,-5.2886,-0.105772,True
2020-10-01,DHR,buy_call,3.6809,2,6.6935,3.0125,0.06025,True
2020-10-01,DIS,buy_call,3.1515,2,-2.2808,-3.1515,-0.06303,True
2020-10-01,DUK,buy_call,2.9089,2,4.0086,1.0998,0.021996,True
2020-10-01,EL,buy_call,3.0,2,0.646,-2.354,-0.04708,True
2020-10-01,ELV,buy_call,3.3946,2,1.9298,-1.4648,-0.029296,True
2020-10-01,EOG,buy_call,4.3853,2,-4.7301,-4.3853,-0.087706,True
2020-10-01,GILD,skip,0.0,0,-7.0118,0.0,0.0,True
2020-10-01,GM,buy_call,4.3853,2,16.6948,12.3095,0.24619,True
2020-10-01,GOOGL,buy_call,5.5572,2,10.2695,4.7123,0.094246,True
2020-10-01,GS,buy_call,4.0347,2,-5.9362,-4.0347,-0.080694,True
2020-10-01,HD,buy_call,2.9287,2,-3.4545,-2.9287,-0.058574,True
2020-10-01,HON,buy_call,3.762,2,0.2066,-3.5554,-0.071108,True
2020-10-01,IBM,buy_call,3.762,2,-8.2272,-3.762,-0.07524,True
2020-10-01,ICE,buy_call,3.0,2,-5.3646,-3.0,-0.06,True
2020-10-01,INTC,skip,0.0,0,-14.4844,0.0,0.0,True
2020-10-01,INTU,buy_call,4.0741,2,-3.5345,-4.0741,-0.081482,True
2020-10-01,ISRG,buy_call,3.6809,2,-5.9842,-3.6809,-0.073618,True
2020-10-01,ITW,buy_call,3.762,2,1.976,-1.786,-0.03572,True
2020-10-01,JNJ,buy_call,2.4772,2,-7.9057,-2.4772,-0.049544,True
2020-10-01,JPM,buy_call,4.0347,2,1.8386,-2.1962,-0.043924,True
2020-10-01,KO,buy_call,2.9089,2,-1.8655,-2.9089,-0.058178,True
2020-10-01,LLY,buy_call,4.1615,2,-11.8633,-4.1615,-0.08323,True
2020-10-01,LMT,buy_call,4.3853,2,-8.649,-4.3853,-0.087706,True
2020-10-01,LOW,buy_call,2.9287,2,-4.6787,-2.9287,-0.058574,True
2020-10-01,MA,buy_call,3.8701,2,-14.6465,-3.8701,-0.077402,True
2020-10-01,MCD,buy_call,2.9089,2,-2.9568,-2.9089,-0.058178,True
2020-10-01,MDLZ,buy_call,2.6466,2,-7.0233,-2.6466,-0.052932,True
2020-10-01,MDT,buy_call,3.6809,2,-2.6755,-3.6809,-0.073618,True
2020-10-01,META,buy_call,4.3383,2,0.462,-3.8762,-0.077524,True
2020-10-01,MMM,buy_call,3.762,2,-0.1373,-3.762,-0.07524,True
2020-10-01,MRK,buy_call,3.1108,2,-8.6715,-3.1108,-0.062216,True
2020-10-01,MS,buy_call,4.0347,2,-0.4136,-4.0347,-0.080694,True
2020-10-01,MSFT,buy_call,3.804,2,-3.737,-3.804,-0.07608,True
2020-10-01,MU,buy_call,5.2051,2,7.1976,1.9926,0.039852,True
2020-10-01,NEE,buy_call,2.9089,2,5.5051,2.5962,0.051924,True
2020-10-01,NFLX,buy_call,6.6897,2,-4.8577,-6.6897,-0.133794,True
2020-10-01,NKE,buy_call,3.4449,2,-4.3492,-3.4449,-0.068898,True
2020-10-01,NOW,buy_call,6.8658,2,2.5918,-4.2741,-0.085482,True
2020-10-01,NVDA,buy_call,5.2051,2,-7.3371,-5.2051,-0.104102,True
2020-10-01,ORCL,buy_call,3.3002,2,-6.0134,-3.3002,-0.066004,True
2020-10-01,PEP,buy_call,2.6466,2,-3.1396,-2.6466,-0.052932,True
2020-10-01,PFE,buy_call,4.913,2,-3.3242,-4.913,-0.09826,True
2020-10-01,PG,buy_call,2.9443,2,-1.3598,-2.9443,-0.058886,True
2020-10-01,PLD,buy_call,3.762,2,-0.8515,-3.762,-0.07524,True
2020-10-01,PM,buy_call,2.6466,2,-3.7949,-2.6466,-0.052932,True
2020-10-01,PYPL,buy_call,3.8701,2,-5.5321,-3.8701,-0.077402,True
2020-10-01,REGN,buy_call,4.913,2,-2.8976,-4.913,-0.09826,True
2020-10-01,SBUX,buy_call,2.9089,2,1.2104,-1.6985,-0.03397,True
2020-10-01,SCHW,buy_call,4.0347,2,13.4695,9.4348,0.188696,True
2020-10-01,SO,buy_call,2.9089,2,5.9572,3.0483,0.060966,True
2020-10-01,SPGI,buy_call,4.0347,2,-10.5019,-4.0347,-0.080694,True
2020-10-01,SYK,buy_call,3.6809,2,-2.7825,-3.6809,-0.073618,True
2020-10-01,T,buy_call,4.6444,2,-5.2262,-4.6444,-0.092888,True
2020-10-01,TGT,buy_call,2.9323,2,-3.3033,-2.9323,-0.058646,True
2020-10-01,TJX,buy_call,2.9323,2,-8.7152,-2.9323,-0.058646,True
2020-10-01,TMO,buy_call,2.8279,2,7.2118,4.3839,0.087678,True
2020-10-01,TMUS,buy_call,4.6444,2,-4.1885,-4.6444,-0.092888,True
2020-10-01,TXN,buy_call,3.481,2,1.2606,-2.2204,-0.044408,True
2020-10-01,UNH,buy_call,3.3946,2,-1.7233,-3.3946,-0.067892,True
2020-10-01,UNP,buy_call,4.3853,2,-9.9964,-4.3853,-0.087706,True
2020-10-01,V,buy_call,3.1041,2,-9.1314,-3.1041,-0.062082,True
2020-10-01,VRTX,buy_call,4.913,2,-23.4308,-4.913,-0.09826,True
2020-10-01,VZ,buy_call,4.6444,2,-4.2024,-4.6444,-0.092888,True
2020-10-01,WFC,skip,0.0,0,-8.7622,0.0,0.0,True
2020-10-01,WM,buy_call,3.0,2,-4.1904,-3.0,-0.06,True
2020-10-01,WMT,buy_call,2.9323,2,-0.8291,-2.9323,-0.058646,True
2020-10-01,XOM,skip,0.0,0,-4.9811,0.0,0.0,True
2020-10-01,ZTS,buy_call,4.913,2,-4.124,-4.913,-0.09826,True
2020-11-01,AAPL,buy_call,3.1456,6,9.3606,6.2151,0.372906,True
2020-11-01,ABBV,buy_call,3.8427,6,24.5642,20.7215,1.24329,True
2020-11-01,ABT,buy_call,3.5069,6,3.302,-0.2049,-0.012294,True
2020-11-01,ADBE,buy_call,4.6973,6,7.0163,2.319,0.13914,True
2020-11-01,ADP,buy_call,4.3521,6,10.0785,5.7264,0.343584,True
2020-11-01,AMAT,buy_call,5.0825,6,39.2538,34.1712,2.050272,True
2020-11-01,AMGN,skip,0.0,0,2.3509,0.0,0.0,True
2020-11-01,AMT,skip,0.0,0,0.6749,0.0,0.0,True
2020-11-01,AMZN,buy_call,5.7277,6,4.344,-1.3837,-0.083022,True
2020-11-01,AVGO,buy_call,5.0825,6,14.8585,9.776,0.58656,True
2020-11-01,AXP,buy_call,4.1975,6,30.5188,26.3212,1.579272,True
2020-11-01,BA,buy_call,3.0,6,45.9312,42.9312,2.575872,True
2020-11-01,BAC,skip,0.0,0,18.8186,0.0,0.0,True
2020-11-01,BDX,skip,0.0,0,1.6052,0.0,0.0,True
2020-11-01,BKNG,buy_call,3.0,6,25.02,22.02,1.3212,True
2020-11-01,BLK,buy_call,4.417,6,16.5452,12.1282,0.727692,True
2020-11-01,BMY,skip,0.0,0,7.5607,0.0,0.0,True
2020-11-01,BRK-B,buy_call,3.5324,6,13.3779,9.8455,0.59073,True
2020-11-01,C,skip,0.0,0,34.6029,0.0,0.0,True
2020-11-01,CAT,buy_call,6.7996,6,11.2068,4.4072,0.264432,True
2020-11-01,CHTR,buy_call,3.8348,6,7.9775,4.1428,0.248568,True
2020-11-01,CMCSA,buy_call,3.8348,6,19.5396,15.7048,0.942288,True
2020-11-01,COST,buy_call,3.8827,6,9.7598,5.8771,0.352626,True
2020-11-01,CRM,buy_call,4.6369,6,5.8251,1.1882,0.071292,True
2020-11-01,CSCO,skip,0.0,0,20.9381,0.0,0.0,True
2020-11-01,CSX,buy_call,3.0,6,14.074,11.074,0.66444,True
2020-11-01,CVS,skip,0.0,0,21.8848,0.0,0.0,True
2020-11-01,CVX,skip,0.0,0,25.4389,0.0,0.0,True
2020-11-01,DHR,buy_call,3.5069,6,-2.139,-3.5069,-0.210414,True
2020-11-01,DIS,buy_call,3.3259,6,22.0701,18.7442,1.124652,True
2020-11-01,DUK,buy_call,3.9539,6,0.5971,-3.3568,-0.201408,True
2020-11-01,EL,buy_call,3.0,6,11.6817,8.6817,0.520902,True
2020-11-01,ELV,skip,0.0,0,14.1936,0.0,0.0,True
2020-11-01,EOG,skip,0.0,0,38.2944,0.0,0.0,True
2020-11-01,GILD,skip,0.0,0,4.3336,0.0,0.0,True
2020-11-01,GM,buy_call,6.7996,6,26.9621,20.1624,1.209744,True
2020-11-01,GOOGL,buy_call,5.1795,6,8.557,3.3774,0.202644,True
2020-11-01,GS,buy_call,4.417,6,21.9742,17.5573,1.053438,True
2020-11-01,HD,buy_call,4.1008,6,4.0119,-0.0889,-0.005334,True
2020-11-01,HON,buy_call,4.3521,6,23.6253,19.2732,1.156392,True
2020-11-01,IBM,skip,0.0,0,10.6215,0.0,0.0,True
2020-11-01,ICE,buy_call,3.0,6,11.7691,8.7691,0.526146,True
2020-11-01,INTC,skip,0.0,0,9.1915,0.0,0.0,True
2020-11-01,INTU,buy_call,4.8501,6,12.0635,7.2133,0.432798,True
2020-11-01,ISRG,buy_call,3.5069,6,8.84,5.3331,0.319986,True
2020-11-01,ITW,buy_call,4.3521,6,7.765,3.4129,0.204774,True
2020-11-01,JNJ,skip,0.0,0,5.5211,0.0,0.0,True
2020-11-01,JPM,buy_call,4.417,6,21.3523,16.9354,1.016124,True
2020-11-01,KO,buy_call,3.9539,6,7.3658,3.4119,0.204714,True
2020-11-01,LLY,skip,0.0,0,11.6434,0.0,0.0,True
2020-11-01,LMT,skip,0.0,0,4.247,0.0,0.0,True
2020-11-01,LOW,buy_call,4.1008,6,-1.1033,-4.1008,-0.246048,True
2020-11-01,MA,buy_call,4.1975,6,16.7205,12.5229,0.751374,True
2020-11-01,MCD,buy_call,3.9539,6,2.0845,-1.8694,-0.112164,True
2020-11-01,MDLZ,buy_call,4.2353,6,8.1514,3.9161,0.234966,True
2020-11-01,MDT,buy_call,3.5069,6,13.0556,9.5487,0.572922,True
2020-11-01,META,buy_call,4.3383,6,5.2678,0.9295,0.05577,True
2020-11-01,MMM,buy_call,4.3521,6,7.9832,3.6311,0.217866,True
2020-11-01,MRK,skip,0.0,0,6.8874,0.0,0.0,True
2020-11-01,MS,buy_call,4.417,6,29.363,24.946,1.49676,True
2020-11-01,MSFT,buy_call,4.6973,6,5.7292,1.032,0.06192,True
2020-11-01,MU,buy_call,5.9984,6,27.3142,21.3158,1.278948,True
2020-11-01,NEE,buy_call,3.9539,6,0.5191,-3.4349,-0.206094,True
2020-11-01,NFLX,buy_call,6.3133,6,3.1446,-3.1687,-0.190122,True
2020-11-01,NKE,buy_call,4.1033,6,12.1752,8.0719,0.484314,True
2020-11-01,NOW,buy_call,3.5849,6,7.4321,3.8472,0.230832,True
2020-11-01,NVDA,buy_call,5.9984,6,6.9212,0.9227,0.055362,True
2020-11-01,ORCL,buy_call,4.4386,6,3.2859,-1.1527,-0.069162,True
2020-11-01,PEP,buy_call,4.2353,6,8.2077,3.9724,0.238344,True
2020-11-01,PFE,skip,0.0,0,13.807,0.0,0.0,True
2020-11-01,PG,buy_call,4.3512,6,1.8534,-2.4978,-0.149868,True
2020-11-01,PLD,buy_call,4.3521,6,0.8569,-3.4953,-0.209718,True
2020-11-01,PM,skip,0.0,0,6.6601,0.0,0.0,True
2020-11-01,PYPL,buy_call,4.1975,6,15.0379,10.8403,0.650418,True
2020-11-01,REGN,buy_call,3.8427,6,-5.0647,-3.8427,-0.230562,True
2020-11-01,SBUX,buy_call,3.9539,6,12.7185,8.7646,0.525876,True
2020-11-01,SCHW,buy_call,4.417,6,18.6572,14.2403,0.854418,True
2020-11-01,SO,buy_call,3.9539,6,4.1775,0.2236,0.013416,True
2020-11-01,SPGI,buy_call,4.417,6,9.0013,4.5844,0.275064,True
2020-11-01,SYK,buy_call,3.5069,6,15.5389,12.032,0.72192,True
2020-11-01,T,skip,0.0,0,9.0086,0.0,0.0,True
2020-11-01,TGT,buy_call,3.9231,6,17.9411,14.018,0.84108,True
2020-11-01,TJX,buy_call,3.9231,6,25.0197,21.0966,1.265796,True
2020-11-01,TMO,buy_call,2.8279,6,-1.7205,-2.8279,-0.169674,True
2020-11-01,TMUS,buy_call,3.8348,6,21.3289,17.4941,1.049646,True
2020-11-01,TXN,buy_call,5.0825,6,12.3234,7.2409,0.434454,True
2020-11-01,UNH,buy_call,6.6682,6,10.2248,3.5566,0.213396,True
2020-11-01,UNP,buy_call,6.7996,6,15.1758,8.3761,0.502566,True
2020-11-01,V,buy_call,4.0747,6,15.7614,11.6867,0.701202,True
2020-11-01,VRTX,skip,0.0,0,9.306,0.0,0.0,True
2020-11-01,VZ,buy_call,3.8348,6,7.1297,3.2949,0.197694,True
2020-11-01,WFC,skip,0.0,0,27.5058,0.0,0.0,True
2020-11-01,WM,buy_call,3.0,6,10.3975,7.3975,0.44385,True
2020-11-01,WMT,buy_call,3.9231,6,10.1189,6.1958,0.371748,True
2020-11-01,XOM,skip,0.0,0,16.8915,0.0,0.0,True
2020-11-01,ZTS,buy_call,3.8427,6,1.2808,-2.5619,-0.153714,True
2020-12-01,AAPL,buy_call,4.1086,1,11.6497,7.5411,0.075411,False
2020-12-01,ABBV,buy_call,3.2155,1,2.4574,-0.758,-0.00758,False
2020-12-01,ABT,buy_call,3.3064,1,1.1735,-2.1329,-0.021329,False
2020-12-01,ADBE,buy_call,2.7365,1,4.5248,1.7884,0.017884,False
2020-12-01,ADP,buy_call,3.5475,1,1.3342,-2.2133,-0.022133,False
2020-12-01,AMAT,buy_call,2.6757,1,4.9418,2.2661,0.022661,False
2020-12-01,AMGN,skip,0.0,0,4.2523,0.0,0.0,False
2020-12-01,AMT,skip,0.0,0,-2.9152,0.0,0.0,False
2020-12-01,AMZN,buy_call,3.3216,1,2.8058,-0.5158,-0.005158,False
2020-12-01,AVGO,buy_call,2.6757,1,9.0318,6.3561,0.063561,False
2020-12-01,AXP,buy_call,3.198,1,1.9563,-1.2416,-0.012416,False
2020-12-01,BA,buy_call,3.0,1,1.5899,-1.4101,-0.014101,False
2020-12-01,BAC,buy_call,3.4052,1,7.6349,4.2297,0.042297,False
2020-12-01,BDX,skip,0.0,0,6.5491,0.0,0.0,False
2020-12-01,BKNG,buy_call,3.0,1,9.8016,6.8016,0.068016,False
2020-12-01,BLK,buy_call,3.5328,1,3.3207,-0.2121,-0.002121,False
2020-12-01,BMY,buy_call,3.2155,1,-0.5929,-3.2155,-0.032155,False
2020-12-01,BRK-B,buy_call,1.8021,1,1.2931,-0.509,-0.00509,False
2020-12-01,C,buy_call,3.0,1,11.9666,8.9666,0.089666,False
2020-12-01,CAT,buy_call,3.9329,1,4.8563,0.9233,0.009233,False
2020-12-01,CHTR,buy_call,4.0571,1,1.4663,-2.5909,-0.025909,False
2020-12-01,CMCSA,buy_call,4.0571,1,4.2994,0.2422,0.002422,False
2020-12-01,COST,buy_call,2.0898,1,-3.8262,-2.0898,-0.020898,False
2020-12-01,CRM,buy_call,3.75,1,-9.467,-3.75,-0.0375,False
2020-12-01,CSCO,skip,0.0,0,4.0214,0.0,0.0,False
2020-12-01,CSX,buy_call,3.0,1,1.0622,-1.9378,-0.019378,False
2020-12-01,CVS,buy_call,4.6984,1,0.7523,-3.9461,-0.039461,False
2020-12-01,CVX,skip,0.0,0,-1.7061,0.0,0.0,False
2020-12-01,DHR,buy_call,3.3064,1,-1.1085,-3.3064,-0.033064,False
2020-12-01,DIS,buy_call,3.3259,1,22.4107,19.0848,0.190848,False
2020-12-01,DUK,buy_call,2.2533,1,-0.1974,-2.2533,-0.022533,False
2020-12-01,EL,buy_call,3.0,1,8.7407,5.7407,0.057407,False
2020-12-01,ELV,buy_call,4.6984,1,3.072,-1.6263,-0.016263,False
2020-12-01,EOG,skip,0.0,0,6.378,0.0,0.0,False
2020-12-01,GILD,skip,0.0,0,-3.9723,0.0,0.0,False
2020-12-01,GM,buy_call,3.9329,1,-5.0182,-3.9329,-0.039329,False
2020-12-01,GOOGL,buy_call,4.56,1,-0.1003,-4.56,-0.0456,False
2020-12-01,GS,buy_call,3.5328,1,14.3681,10.8353,0.108353,False
2020-12-01,HD,buy_call,2.4067,1,-4.25,-2.4067,-0.024067,False
2020-12-01,HON,buy_call,3.5475,1,4.7946,1.2471,0.012471,False
2020-12-01,IBM,buy_call,3.5475,1,3.3884,-0.1591,-0.001591,False
2020-12-01,ICE,buy_call,3.0,1,9.2693,6.2693,0.062693,False
2020-12-01,INTC,skip,0.0,0,3.7898,0.0,0.0,False
2020-12-01,INTU,buy_call,3.5847,1,7.9058,4.3211,0.043211,False
2020-12-01,ISRG,buy_call,3.3064,1,12.6782,9.3718,0.093718,False
2020-12-01,ITW,buy_call,3.5475,1,-3.4156,-3.5475,-0.035475,False
2020-12-01,JNJ,skip,0.0,0,9.5339,0.0,0.0,False
2020-12-01,JPM,buy_call,3.5328,1,7.7961,4.2633,0.042633,False
2020-12-01,KO,buy_call,2.2533,1,7.1124,4.8591,0.048591,False
2020-12-01,LLY,skip,0.0,0,16.5173,0.0,0.0,False
2020-12-01,LMT,skip,0.0,0,-2.065,0.0,0.0,False
2020-12-01,LOW,buy_call,2.4067,1,3.0099,0.6032,0.006032,False
2020-12-01,MA,buy_call,3.198,1,6.0711,2.8732,0.028732,False
2020-12-01,MCD,buy_call,2.2533,1,-0.7288,-2.2533,-0.022533,False
2020-12-01,MDLZ,buy_call,1.9996,1,1.7755,-0.2241,-0.002241,False
2020-12-01,MDT,buy_call,3.3064,1,3.0255,-0.2809,-0.002809,False
2020-12-01,META,buy_call,4.3383,1,-1.3756,-4.3383,-0.043383,False
2020-12-01,MMM,buy_call,3.5475,1,2.068,-1.4795,-0.014795,False
2020-12-01,MRK,buy_call,2.8863,1,1.7539,-1.1323,-0.011323,False
2020-12-01,MS,buy_call,3.5328,1,10.8362,7.3034,0.073034,False
2020-12-01,MSFT,buy_call,2.7365,1,4.1726,1.4361,0.014361,False
2020-12-01,MU,buy_call,4.0542,1,17.3038,13.2496,0.132496,False
2020-12-01,NEE,buy_call,2.2533,1,5.3293,3.076,0.03076,False
2020-12-01,NFLX,buy_call,5.0971,1,10.1956,5.0986,0.050986,False
2020-12-01,NKE,buy_call,2.5023,1,5.026,2.5237,0.025237,False
2020-12-01,NOW,buy_call,4.0261,1,2.9707,-1.0554,-0.010554,False
2020-12-01,NVDA,buy_call,4.0542,1,-2.5855,-4.0542,-0.040542,False
2020-12-01,ORCL,buy_call,2.4141,1,12.0755,9.6615,0.096615,False
2020-12-01,PEP,buy_call,1.9996,1,2.8219,0.8223,0.008223,False
2020-12-01,PFE,buy_call,3.2155,1,-2.9273,-3.2155,-0.032155,False
2020-12-01,PG,buy_call,3.8939,1,0.1944,-3.6994,-0.036994,False
2020-12-01,PLD,buy_call,3.5475,1,-0.3898,-3.5475,-0.035475,False
2020-12-01,PM,buy_call,1.9996,1,9.2938,7.2942,0.072942,False
2020-12-01,PYPL,buy_call,3.198,1,9.3779,6.18,0.0618,False
2020-12-01,REGN,skip,0.0,0,-6.3795,0.0,0.0,False
2020-12-01,SBUX,buy_call,2.2533,1,9.6557,7.4023,0.074023,False
2020-12-01,SCHW,buy_call,3.5328,1,9.1581,5.6253,0.056253,False
2020-12-01,SO,buy_call,2.2533,1,3.6846,1.4313,0.014313,False
2020-12-01,SPGI,buy_call,3.5328,1,-6.3663,-3.5328,-0.035328,False
2020-12-01,SYK,buy_call,3.3064,1,4.9872,1.6807,0.016807,False
2020-12-01,T,skip,0.0,0,0.0348,0.0,0.0,False
2020-12-01,TGT,buy_call,2.417,1,-1.2646,-2.417,-0.02417,False
2020-12-01,TJX,buy_call,2.417,1,7.5264,5.1093,0.051093,False
2020-12-01,TMO,buy_call,2.8279,1,0.172,-2.6558,-0.026558,False
2020-12-01,TMUS,buy_call,4.0571,1,1.4367,-2.6204,-0.026204,False
2020-12-01,TXN,buy_call,2.6757,1,1.786,-0.8897,-0.008897,False
2020-12-01,UNH,buy_call,4.6984,1,4.2635,-0.4349,-0.004349,False
2020-12-01,UNP,buy_call,3.9329,1,2.5084,-1.4245,-0.014245,False
2020-12-01,V,buy_call,2.565,1,4.1405,1.5755,0.015755,False
2020-12-01,VRTX,skip,0.0,0,3.7717,0.0,0.0,False
2020-12-01,VZ,buy_call,4.0571,1,-2.7479,-4.0571,-0.040571,False
2020-12-01,WFC,buy_call,4.6549,1,10.854,6.1991,0.061991,False
2020-12-01,WM,buy_call,3.0,1,-1.0073,-3.0,-0.03,False
2020-12-01,WMT,buy_call,2.417,1,-5.6548,-2.417,-0.02417,False
2020-12-01,XOM,skip,0.0,0,10.712,0.0,0.0,False
2020-12-01,ZTS,buy_call,3.2155,1,3.1924,-0.0231,-0.000231,False
2021-01-01,AAPL,buy_call,5.5919,1,-0.5502,-5.5919,-0.055919,False
2021-01-01,ABBV,buy_call,3.1765,1,-4.3584,-3.1765,-0.031765,False
2021-01-01,ABT,buy_call,3.6151,1,12.8779,9.2628,0.092628,False
2021-01-01,ACN,buy_call,3.0424,1,-7.3849,-3.0424,-0.030424,False
2021-01-01,ADBE,buy_call,3.9524,1,-8.268,-3.9524,-0.039524,False
2021-01-01,AMAT,buy_call,3.1741,1,12.0278,8.8537,0.088537,False
2021-01-01,AMD,buy_call,4.7857,1,-6.6187,-4.7857,-0.047857,False
2021-01-01,AMGN,skip,0.0,0,5.0061,0.0,0.0,False
2021-01-01,AMT,skip,0.0,0,1.8589,0.0,0.0,False
2021-01-01,AMZN,buy_call,4.5475,1,-1.5576,-4.5475,-0.045475,False
2021-01-01,AVGO,buy_call,3.1741,1,3.7658,0.5917,0.005917,False
2021-01-01,AXP,buy_call,3.9796,1,-3.8458,-3.9796,-0.039796,False
2021-01-01,BA,buy_call,3.0,1,-9.2824,-3.0,-0.03,False
2021-01-01,BAC,buy_call,3.3967,1,-1.5678,-3.3967,-0.033967,False
2021-01-01,BKNG,buy_call,3.0,1,-12.7034,-3.0,-0.03,False
2021-01-01,BLK,buy_call,3.1226,1,-2.3171,-3.1226,-0.031226,False
2021-01-01,BMY,buy_call,3.1765,1,-0.1773,-3.1765,-0.031765,False
2021-01-01,BRK-B,buy_call,1.9106,1,-1.7251,-1.9106,-0.019106,False
2021-01-01,C,buy_call,3.0,1,-5.952,-3.0,-0.03,False
2021-01-01,CAT,buy_call,5.7339,1,0.4505,-5.2834,-0.052834,False
2021-01-01,CHTR,buy_call,3.639,1,-8.1611,-3.639,-0.03639,False
2021-01-01,CI,buy_call,3.3225,1,4.2607,0.9382,0.009382,False
2021-01-01,CMCSA,buy_call,3.639,1,-5.4008,-3.639,-0.03639,False
2021-01-01,COST,buy_call,2.9098,1,-4.0126,-2.9098,-0.029098,False
2021-01-01,CRM,buy_call,3.5806,1,1.3616,-2.219,-0.02219,False
2021-01-01,CSCO,skip,0.0,0,-0.3799,0.0,0.0,False
2021-01-01,CSX,buy_call,3.0,1,-5.4986,-3.0,-0.03,False
2021-01-01,CVS,buy_call,3.3225,1,4.9048,1.5823,0.015823,False
2021-01-01,CVX,skip,0.0,0,0.8881,0.0,0.0,False
2021-01-01,DE,buy_call,5.7339,1,7.649,1.9151,0.019151,False
2021-01-01,DHR,buy_call,3.6151,1,7.1551,3.54,0.0354,False
2021-01-01,DIS,buy_call,4.7123,1,-7.1807,-4.7123,-0.047123,False
2021-01-01,DUK,buy_call,3.1439,1,2.6649,-0.479,-0.00479,False
2021-01-01,EL,buy_call,3.0,1,-11.0973,-3.0,-0.03,False
2021-01-01,ELV,buy_call,3.3225,1,-7.2359,-3.3225,-0.033225,False
2021-01-01,EW,buy_call,3.6151,1,-9.4815,-3.6151,-0.036151,False
2021-01-01,GE,buy_call,5.7339,1,-1.0201,-5.7339,-0.057339,False
2021-01-01,GOOGL,buy_call,3.4858,1,4.2633,0.7774,0.007774,False
2021-01-01,GS,buy_call,3.1226,1,3.3894,0.2668,0.002668,False
2021-01-01,HD,buy_call,2.7314,1,2.5136,-0.2178,-0.002178,False
2021-01-01,HON,buy_call,4.0074,1,-8.1476,-4.0074,-0.040074,False
2021-01-01,HUM,buy_call,3.3225,1,-6.4768,-3.3225,-0.033225,False
2021-01-01,INTC,skip,0.0,0,11.4211,0.0,0.0,False
2021-01-01,INTU,buy_call,3.2594,1,-4.9019,-3.2594,-0.032594,False
2021-01-01,ISRG,buy_call,3.6151,1,-8.6126,-3.6151,-0.036151,False
2021-01-01,ITW,buy_call,4.0074,1,-4.198,-4.0074,-0.040074,False
2021-01-01,JNJ,buy_call,3.1623,1,3.6536,0.4913,0.004913,False
2021-01-01,JPM,buy_call,3.1226,1,1.2591,-1.8635,-0.018635,False
2021-01-01,KO,buy_call,3.1439,1,-12.1991,-3.1439,-0.031439,False
2021-01-01,LLY,buy_call,3.5347,1,23.1758,19.6411,0.196411,False
2021-01-01,LMT,skip,0.0,0,-9.3414,0.0,0.0,False
2021-01-01,LOW,buy_call,2.7314,1,3.9499,1.2185,0.012185,False
2021-01-01,LRCX,buy_call,3.1741,1,2.7357,-0.4384,-0.004384,False
2021-01-01,MA,buy_call,3.9796,1,-11.3885,-3.9796,-0.039796,False
2021-01-01,MCD,buy_call,3.1439,1,-3.141,-3.1439,-0.031439,False
2021-01-01,MDLZ,buy_call,2.4962,1,-4.6684,-2.4962,-0.024962,False
2021-01-01,MDT,buy_call,3.6151,1,-4.4852,-3.6151,-0.036151,False
2021-01-01,META,buy_call,4.3383,1,-5.4291,-4.3383,-0.043383,False
2021-01-01,MMM,buy_call,4.0074,1,0.4977,-3.5097,-0.035097,False
2021-01-01,MRK,buy_call,2.715,1,-5.0383,-2.715,-0.02715,False
2021-01-01,MS,buy_call,3.1226,1,-2.1596,-3.1226,-0.031226,False
2021-01-01,MSFT,buy_call,3.9524,1,4.2892,0.3367,0.003367,False
2021-01-01,MU,buy_call,4.7857,1,4.1102,-0.6755,-0.006755,False
2021-01-01,NEE,buy_call,3.1439,1,4.8218,1.6778,0.016778,False
2021-01-01,NFLX,buy_call,3.9861,1,-1.5424,-3.9861,-0.039861,False
2021-01-01,NKE,buy_call,3.2585,1,-5.3801,-3.2585,-0.032585,False
2021-01-01,NOW,buy_call,5.5016,1,-1.3208,-5.5016,-0.055016,False
2021-01-01,NVDA,buy_call,4.7857,1,-0.4704,-4.7857,-0.047857,False
2021-01-01,ORCL,buy_call,3.1744,1,-6.5853,-3.1744,-0.031744,False
2021-01-01,PEP,buy_call,2.4962,1,-7.2536,-2.4962,-0.024962,False
2021-01-01,PFE,buy_call,3.1765,1,-2.4722,-3.1765,-0.031765,False
2021-01-01,PG,buy_call,2.2541,1,-7.8554,-2.2541,-0.022541,False
2021-01-01,PLD,buy_call,4.0074,1,4.1571,0.1497,0.001497,False
2021-01-01,PYPL,buy_call,3.9796,1,0.047,-3.9326,-0.039326,False
2021-01-01,QCOM,buy_call,5.6825,1,3.0291,-2.6534,-0.026534,False
2021-01-01,SBUX,buy_call,3.1439,1,-9.5065,-3.1439,-0.031439,False
2021-01-01,SCHW,buy_call,3.1226,1,-2.828,-3.1226,-0.031226,False
2021-01-01,SO,buy_call,3.1439,1,-4.086,-3.1439,-0.031439,False
2021-01-01,SPGI,buy_call,3.1226,1,-3.5683,-3.1226,-0.031226,False
2021-01-01,SYK,buy_call,3.6151,1,-9.57,-3.6151,-0.036151,False
2021-01-01,T,skip,0.0,0,-0.452,0.0,0.0,False
2021-01-01,TGT,buy_call,3.3094,1,2.6284,-0.681,-0.00681,False
2021-01-01,TJX,buy_call,3.3094,1,-6.2235,-3.3094,-0.033094,False
2021-01-01,TMO,buy_call,3.4763,1,9.4804,6.0042,0.060042,False
2021-01-01,TMUS,buy_call,3.639,1,-6.5035,-3.639,-0.03639,False
2021-01-01,TSLA,buy_call,9.3495,1,12.4506,3.1011,0.031011,False
2021-01-01,TXN,buy_call,3.1741,1,0.9504,-2.2236,-0.022236,False
2021-01-01,UNH,buy_call,3.3225,1,-4.534,-3.3225,-0.033225,False
2021-01-01,UNP,buy_call,5.7339,1,-5.1628,-5.7339,-0.057339,False
2021-01-01,UPS,buy_call,4.0074,1,-7.9573,-4.0074,-0.040074,False
2021-01-01,V,buy_call,3.1651,1,-11.6491,-3.1651,-0.031651,False
2021-01-01,VRTX,skip,0.0,0,-3.0718,0.0,0.0,False
2021-01-01,VZ,buy_call,3.639,1,-6.8085,-3.639,-0.03639,False
2021-01-01,WMT,buy_call,3.3094,1,-2.1828,-3.3094,-0.033094,False
2021-01-01,XOM,skip,0.0,0,8.7822,0.0,0.0,False
2021-01-01,ZTS,buy_call,3.1765,1,-6.7976,-3.1765,-0.031765,False
2021-02-01,AAPL,buy_call,3.3429,2,-8.1085,-3.3429,-0.066858,True
2021-02-01,ABBV,buy_call,2.6027,2,6.3623,3.7597,0.075194,True
2021-02-01,ABT,buy_call,3.0845,2,-2.6923,-3.0845,-0.06169,True
2021-02-01,ACN,buy_call,3.2063,2,4.0664,0.8601,0.017202,True
2021-02-01,ADBE,buy_call,2.8599,2,0.1962,-2.6637,-0.053274,True
2021-02-01,AMAT,buy_call,5.0332,2,22.2487,17.2155,0.34431,True
2021-02-01,AMD,buy_call,6.0448,2,-1.3195,-6.0448,-0.120896,True
2021-02-01,AMGN,buy_call,2.6027,2,-6.8384,-2.6027,-0.052054,True
2021-02-01,AMT,skip,0.0,0,-4.9393,0.0,0.0,True
2021-02-01,AMZN,buy_call,3.3099,2,-3.5328,-3.3099,-0.066198,True
2021-02-01,AVGO,buy_call,5.0332,2,4.2997,-0.7335,-0.01467,True
2021-02-01,AXP,buy_call,2.6948,2,16.7506,14.0558,0.281116,True
2021-02-01,BA,buy_call,3.0,2,9.1766,6.1766,0.123532,True
2021-02-01,BAC,buy_call,3.5334,2,17.0658,13.5323,0.270646,True
2021-02-01,BKNG,buy_call,3.0,2,19.759,16.759,0.33518,True
2021-02-01,BLK,buy_call,2.8914,2,-0.9639,-2.8914,-0.057828,True
2021-02-01,BMY,buy_call,2.6027,2,-0.1628,-2.6027,-0.052054,True
2021-02-01,BRK-B,buy_call,2.1738,2,5.547,3.3732,0.067464,True
2021-02-01,C,buy_call,3.0,2,14.5742,11.5742,0.231484,True
2021-02-01,CAT,buy_call,4.2166,2,18.6987,14.4821,0.289642,True
2021-02-01,CHTR,buy_call,2.736,2,0.9645,-1.7715,-0.03543,True
2021-02-01,CI,buy_call,3.4282,2,-3.2942,-3.4282,-0.068564,True
2021-02-01,CMCSA,buy_call,2.736,2,6.8412,4.1052,0.082104,True
2021-02-01,COST,buy_call,2.7909,2,-6.0806,-2.7909,-0.055818,True
2021-02-01,CRM,buy_call,4.3926,2,-4.0167,-4.3926,-0.087852,True
2021-02-01,CSCO,skip,0.0,0,1.4668,0.0,0.0,True
2021-02-01,CSX,buy_call,3.0,2,6.7514,3.7514,0.075028,True
2021-02-01,CVS,buy_call,3.4282,2,-4.2767,-3.4282,-0.068564,True
2021-02-01,CVX,buy_call,3.5674,2,17.3709,13.8035,0.27607,True
2021-02-01,DE,buy_call,4.2166,2,20.8864,16.6698,0.333396,True
2021-02-01,DHR,buy_call,3.0845,2,-7.6396,-3.0845,-0.06169,True
2021-02-01,DIS,buy_call,3.5426,2,12.4101,8.8675,0.17735,True
2021-02-01,DUK,buy_call,2.7944,2,-8.9468,-2.7944,-0.055888,True
2021-02-01,EL,buy_call,3.0,2,20.7944,17.7944,0.355888,True
2021-02-01,ELV,buy_call,3.4282,2,2.091,-1.3372,-0.026744,True
2021-02-01,EW,buy_call,3.0845,2,0.6297,-2.4548,-0.049096,True
2021-02-01,GE,buy_call,4.2166,2,17.4158,13.1992,0.263984,True
2021-02-01,GOOGL,buy_call,3.4858,2,10.6465,7.1607,0.143214,True
2021-02-01,GS,buy_call,2.8914,2,17.8154,14.924,0.29848,True
2021-02-01,HD,buy_call,3.2887,2,-4.6082,-3.2887,-0.065774,True
2021-02-01,HON,buy_call,3.3063,2,3.5727,0.2664,0.005328,True
2021-02-01,HUM,skip,0.0,0,-0.9031,0.0,0.0,True
2021-02-01,INTC,buy_call,5.0332,2,9.4938,4.4606,0.089212,True
2021-02-01,INTU,buy_call,3.093,2,8.1763,5.0833,0.101666,True
2021-02-01,ISRG,buy_call,3.0845,2,-1.4499,-3.0845,-0.06169,True
2021-02-01,ITW,buy_call,3.3063,2,4.1038,0.7975,0.01595,True
2021-02-01,JNJ,buy_call,2.8356,2,-2.8628,-2.8356,-0.056712,True
2021-02-01,JPM,buy_call,2.8914,2,15.2016,12.3102,0.246204,True
2021-02-01,KO,buy_call,2.7944,2,1.7446,-1.0498,-0.020996,True
2021-02-01,LLY,buy_call,4.2246,2,-1.481,-4.2246,-0.084492,True
2021-02-01,LMT,skip,0.0,0,2.6195,0.0,0.0,True
2021-02-01,LOW,buy_call,3.2887,2,-3.9189,-3.2887,-0.065774,True
2021-02-01,LRCX,buy_call,5.0332,2,17.2001,12.1669,0.243338,True
2021-02-01,MA,buy_call,2.6948,2,12.017,9.3223,0.186446,True
2021-02-01,MCD,buy_call,2.7944,2,-0.8179,-2.7944,-0.055888,True
2021-02-01,MDLZ,buy_call,2.7002,2,-4.1125,-2.7002,-0.054004,True
2021-02-01,MDT,buy_call,3.0845,2,5.066,1.9816,0.039632,True
2021-02-01,META,buy_call,4.3383,2,-0.2748,-4.3383,-0.086766,True
2021-02-01,MMM,buy_call,3.3063,2,-0.3416,-3.3063,-0.066126,True
2021-02-01,MRK,skip,0.0,0,-5.774,0.0,0.0,True
2021-02-01,MS,buy_call,2.8914,2,15.2353,12.3439,0.246878,True
2021-02-01,MSFT,buy_call,2.8599,2,0.1811,-2.6789,-0.053578,True
2021-02-01,MU,buy_call,6.0448,2,16.9414,10.8965,0.21793,True
2021-02-01,NEE,buy_call,2.7944,2,-9.1381,-2.7944,-0.055888,True
2021-02-01,NFLX,buy_call,3.9151,2,1.2134,-2.7017,-0.054034,True
2021-02-01,NKE,buy_call,4.3067,2,0.8908,-3.416,-0.06832,True
2021-02-01,NOW,buy_call,3.945,2,-1.7858,-3.945,-0.0789,True
2021-02-01,NVDA,buy_call,6.0448,2,5.5794,-0.4654,-0.009308,True
2021-02-01,ORCL,buy_call,4.1223,2,7.1601,3.0378,0.060756,True
2021-02-01,PEP,buy_call,2.7002,2,-5.4038,-2.7002,-0.054004,True
2021-02-01,PFE,buy_call,2.6027,2,-5.6983,-2.6027,-0.052054,True
2021-02-01,PG,skip,0.0,0,-3.0691,0.0,0.0,True
2021-02-01,PLD,skip,0.0,0,-4.0019,0.0,0.0,True
2021-02-01,PYPL,buy_call,2.6948,2,10.9001,8.2053,0.164106,True
2021-02-01,QCOM,buy_call,3.8721,2,-12.8551,-3.8721,-0.077442,True
2021-02-01,SBUX,buy_call,2.7944,2,11.5897,8.7953,0.175906,True
2021-02-01,SCHW,buy_call,2.8914,2,19.7516,16.8603,0.337206,True
2021-02-01,SO,buy_call,2.7944,2,-3.7339,-2.7944,-0.055888,True
2021-02-01,SPGI,skip,0.0,0,3.8991,0.0,0.0,True
2021-02-01,SYK,buy_call,3.0845,2,9.8095,6.725,0.1345,True
2021-02-01,T,buy_call,2.736,2,-0.2895,-2.736,-0.05472,True
2021-02-01,TGT,buy_call,3.0983,2,1.253,-1.8453,-0.036906,True
2021-02-01,TJX,buy_call,3.0983,2,3.045,-0.0533,-0.001066,True
2021-02-01,TMO,buy_call,2.7974,2,-11.6971,-2.7974,-0.055948,True
2021-02-01,TMUS,buy_call,2.736,2,-4.8461,-2.736,-0.05472,True
2021-02-01,TSLA,buy_call,6.7056,2,-14.874,-6.7056,-0.134112,True
2021-02-01,TXN,buy_call,5.0332,2,4.6018,-0.4314,-0.008628,True
2021-02-01,UNH,buy_call,3.4282,2,-0.4077,-3.4282,-0.068564,True
2021-02-01,UNP,buy_call,4.2166,2,4.2994,0.0828,0.001656,True
2021-02-01,UPS,buy_call,3.3063,2,1.8258,-1.4805,-0.02961,True
2021-02-01,V,buy_call,2.5351,2,9.9043,7.3692,0.147384,True
2021-02-01,VRTX,skip,0.0,0,-7.2158,0.0,0.0,True
2021-02-01,VZ,skip,0.0,0,2.0859,0.0,0.0,True
2021-02-01,WMT,buy_call,3.0983,2,-7.5237,-3.0983,-0.061966,True
2021-02-01,XOM,buy_call,4.2166,2,21.2533,17.0368,0.340736,True
2021-02-01,ZTS,buy_call,2.6027,2,0.7978,-1.8048,-0.036096,True
2021-03-01,AAPL,skip,0.0,0,0.8845,0.0,0.0,False
2021-03-01,ABBV,buy_call,2.8453,1,0.4455,-2.3998,-0.023998,False
2021-03-01,ABT,buy_call,2.1961,1,0.0501,-2.146,-0.02146,False
2021-03-01,ACN,buy_call,2.362,1,10.1036,7.7417,0.077417,False
2021-03-01,ADBE,skip,0.0,0,3.4155,0.0,0.0,False
2021-03-01,AMAT,buy_call,3.5449,1,13.2528,9.708,0.09708,False
2021-03-01,AMD,skip,0.0,0,-7.1116,0.0,0.0,False
2021-03-01,AMGN,skip,0.0,0,11.4441,0.0,0.0,False
2021-03-01,AMT,skip,0.0,0,10.6094,0.0,0.0,False
2021-03-01,AMZN,skip,0.0,0,0.0372,0.0,0.0,False
2021-03-01,AVGO,buy_call,3.5449,1,-1.3216,-3.5449,-0.035449,False
2021-03-01,AXP,buy_call,2.923,1,4.569,1.6461,0.016461,False
2021-03-01,BA,buy_call,3.0,1,20.1453,17.1453,0.171453,False
2021-03-01,BAC,buy_call,3.2119,1,11.4664,8.2545,0.082545,False
2021-03-01,BKNG,buy_call,3.0,1,0.0571,-2.9429,-0.029429,False
2021-03-01,BLK,buy_call,2.9688,1,8.5615,5.5927,0.055927,False
2021-03-01,BMY,buy_call,2.8453,1,2.9349,0.0896,0.000896,False
2021-03-01,BRK-B,buy_call,1.6313,1,6.2201,4.5888,0.045888,False
2021-03-01,C,buy_call,3.0,1,10.428,7.428,0.07428,False
2021-03-01,CAT,buy_call,3.535,1,7.4069,3.8719,0.038719,False
2021-03-01,CHTR,skip,0.0,0,0.5869,0.0,0.0,False
2021-03-01,CI,buy_call,2.7849,1,15.1691,12.3842,0.123842,False
2021-03-01,CMCSA,buy_call,3.2379,1,2.6366,-0.6013,-0.006013,False
2021-03-01,COST,skip,0.0,0,6.6997,0.0,0.0,False
2021-03-01,CRM,skip,0.0,0,-2.1386,0.0,0.0,False
2021-03-01,CSCO,buy_call,2.2833,1,15.2441,12.9608,0.129608,False
2021-03-01,CSX,buy_call,3.0,1,5.6363,2.6363,0.026363,False
2021-03-01,CVS,buy_call,2.7849,1,10.4213,7.6363,0.076363,False
2021-03-01,CVX,buy_call,3.2651,1,6.2713,3.0062,0.030062,False
2021-03-01,DE,buy_call,3.535,1,7.1666,3.6316,0.036316,False
2021-03-01,DHR,buy_call,2.1961,1,2.4628,0.2667,0.002667,False
2021-03-01,DIS,buy_call,3.248,1,-2.391,-3.248,-0.03248,False
2021-03-01,DUK,buy_call,2.1176,1,13.9555,11.8378,0.118378,False
2021-03-01,EL,buy_call,3.0,1,1.9291,-1.0709,-0.010709,False
2021-03-01,ELV,buy_call,2.7849,1,18.3911,15.6062,0.156062,False
2021-03-01,EW,skip,0.0,0,0.6498,0.0,0.0,False
2021-03-01,GE,buy_call,3.535,1,4.7049,1.1699,0.011699,False
2021-03-01,GOOGL,buy_call,2.7725,1,2.0085,-0.764,-0.00764,False
2021-03-01,GS,buy_call,2.9688,1,2.3538,-0.615,-0.00615,False
2021-03-01,HD,skip,0.0,0,18.1582,0.0,0.0,False
2021-03-01,HON,buy_call,2.2833,1,7.7493,5.466,0.05466,False
2021-03-01,HUM,skip,0.0,0,10.4307,0.0,0.0,False
2021-03-01,INTC,buy_call,3.5449,1,5.9369,2.3921,0.023921,False
2021-03-01,INTU,buy_call,2.9889,1,-1.8147,-2.9889,-0.029889,False
2021-03-01,ISRG,buy_call,2.1961,1,0.2904,-1.9057,-0.019057,False
2021-03-01,ITW,buy_call,2.2833,1,9.5657,7.2825,0.072825,False
2021-03-01,JNJ,buy_call,1.6015,1,4.3638,2.7623,0.027623,False
2021-03-01,JPM,buy_call,2.9688,1,3.4382,0.4694,0.004694,False
2021-03-01,KO,buy_call,2.1176,1,7.5934,5.4757,0.054757,False
2021-03-01,LLY,buy_call,2.3711,1,-8.4386,-2.3711,-0.023711,False
2021-03-01,LMT,skip,0.0,0,12.7428,0.0,0.0,False
2021-03-01,LOW,skip,0.0,0,19.0485,0.0,0.0,False
2021-03-01,LRCX,buy_call,3.5449,1,4.9454,1.4006,0.014006,False
2021-03-01,MA,skip,0.0,0,0.6217,0.0,0.0,False
2021-03-01,MCD,skip,0.0,0,9.4009,0.0,0.0,False
2021-03-01,MDLZ,skip,0.0,0,10.1016,0.0,0.0,False
2021-03-01,MDT,buy_call,2.1961,1,0.9917,-1.2044,-0.012044,False
2021-03-01,META,skip,0.0,0,14.3273,0.0,0.0,False
2021-03-01,MMM,buy_call,2.2833,1,10.9721,8.6889,0.086889,False
2021-03-01,MRK,skip,0.0,0,6.1553,0.0,0.0,False
2021-03-01,MS,buy_call,2.9688,1,1.0277,-1.9411,-0.019411,False
2021-03-01,MSFT,buy_call,2.2425,1,1.6925,-0.55,-0.0055,False
2021-03-01,MU,buy_call,3.9539,1,-3.6272,-3.9539,-0.039539,False
2021-03-01,NEE,buy_call,2.1176,1,3.4387,1.321,0.01321,False
2021-03-01,NFLX,buy_call,3.5366,1,-3.1901,-3.5366,-0.035366,False
2021-03-01,NKE,buy_call,2.4682,1,-1.2018,-2.4682,-0.024682,False
2021-03-01,NOW,buy_call,3.3897,1,-6.2516,-3.3897,-0.033897,False
2021-03-01,NVDA,buy_call,3.9539,1,-2.6706,-3.9539,-0.039539,False
2021-03-01,ORCL,buy_call,2.687,1,8.7738,6.0869,0.060869,False
2021-03-01,PEP,skip,0.0,0,9.4899,0.0,0.0,False
2021-03-01,PFE,skip,0.0,0,8.1816,0.0,0.0,False
2021-03-01,PG,skip,0.0,0,9.6333,0.0,0.0,False
2021-03-01,PLD,skip,0.0,0,6.995,0.0,0.0,False
2021-03-01,PYPL,buy_call,2.923,1,-6.5461,-2.923,-0.02923,False
2021-03-01,QCOM,buy_call,3.3023,1,-2.6434,-3.3023,-0.033023,False
2021-03-01,SBUX,buy_call,2.1176,1,1.5784,-0.5392,-0.005392,False
2021-03-01,SCHW,buy_call,2.9688,1,5.9483,2.9795,0.029795,False
2021-03-01,SO,buy_call,2.1176,1,10.7474,8.6298,0.086298,False
2021-03-01,SPGI,skip,0.0,0,7.3862,0.0,0.0,False
2021-03-01,SYK,buy_call,2.1961,1,0.3668,-1.8293,-0.018293,False
2021-03-01,T,skip,0.0,0,8.5335,0.0,0.0,False
2021-03-01,TGT,buy_call,1.9663,1,8.3603,6.394,0.06394,False
2021-03-01,TJX,buy_call,1.9663,1,0.6216,-1.3447,-0.013447,False
2021-03-01,TMO,buy_call,2.8279,1,1.3998,-1.4281,-0.014281,False
2021-03-01,TMUS,buy_call,3.2379,1,4.4344,1.1965,0.011965,False
2021-03-01,TSLA,buy_call,7.5761,1,-1.1207,-7.5761,-0.075761,False
2021-03-01,TXN,buy_call,3.5449,1,9.7057,6.1608,0.061608,False
2021-03-01,UNH,buy_call,2.7849,1,11.9951,9.2101,0.092101,False
2021-03-01,UNP,buy_call,3.535,1,7.5098,3.9748,0.039748,False
2021-03-01,UPS,skip,0.0,0,8.3864,0.0,0.0,False
2021-03-01,V,buy_call,2.5858,1,-0.156,-2.5858,-0.025858,False
2021-03-01,VRTX,skip,0.0,0,1.1009,0.0,0.0,False
2021-03-01,VZ,skip,0.0,0,5.1537,0.0,0.0,False
2021-03-01,WMT,skip,0.0,0,4.549,0.0,0.0,False
2021-03-01,XOM,buy_call,3.535,1,4.4291,0.8942,0.008942,False
2021-03-01,ZTS,skip,0.0,0,1.4429,0.0,0.0,False
2021-04-01,AAPL,buy_call,4.0047,1,7.6218,3.617,0.03617,False
2021-04-01,ABBV,buy_call,3.54,1,3.0308,-0.5092,-0.005092,False
2021-04-01,ABT,buy_call,5.403,1,0.2003,-5.2028,-0.052028,False
2021-04-01,ACN,buy_call,2.2615,1,4.9665,2.705,0.02705,False
2021-04-01,ADBE,skip,0.0,0,6.9357,0.0,0.0,False
2021-04-01,AMAT,buy_call,1.3792,1,-0.6662,-1.3792,-0.013792,False
2021-04-01,AMD,skip,0.0,0,3.9745,0.0,0.0,False
2021-04-01,AMGN,skip,0.0,0,-3.6855,0.0,0.0,False
2021-04-01,AMT,skip,0.0,0,6.5716,0.0,0.0,False
2021-04-01,AMZN,skip,0.0,0,12.0663,0.0,0.0,False
2021-04-01,AVGO,buy_call,1.3792,1,-0.8398,-1.3792,-0.013792,False
2021-04-01,AXP,buy_call,3.0663,1,8.7464,5.6801,0.056801,False
2021-04-01,BA,buy_call,3.0,1,-8.0127,-3.0,-0.03,False
2021-04-01,BAC,buy_call,2.7021,1,5.2761,2.574,0.02574,False
2021-04-01,BKNG,buy_call,3.0,1,5.8476,2.8476,0.028476,False
2021-04-01,BLK,buy_call,2.3206,1,9.3098,6.9892,0.069892,False
2021-04-01,BMY,buy_call,3.54,1,-0.3534,-3.54,-0.0354,False
2021-04-01,BRK-B,buy_call,1.5294,1,7.6252,6.0957,0.060957,False
2021-04-01,C,buy_call,3.0,1,-2.0756,-3.0,-0.03,False
2021-04-01,CAT,buy_call,4.0538,1,-1.6216,-4.0538,-0.040538,False
2021-04-01,CHTR,skip,0.0,0,9.1456,0.0,0.0,False
2021-04-01,CI,buy_call,2.0778,1,3.446,1.3682,0.013682,False
2021-04-01,CMCSA,buy_call,2.6132,1,3.7701,1.1569,0.011569,False
2021-04-01,COST,buy_call,1.8412,1,5.5634,3.7223,0.037223,False
2021-04-01,CRM,skip,0.0,0,8.7082,0.0,0.0,False
2021-04-01,CSCO,buy_call,3.732,1,-1.5471,-3.732,-0.03732,False
2021-04-01,CSX,buy_call,3.0,1,4.4908,1.4908,0.014908,False
2021-04-01,CVS,buy_call,2.0778,1,1.5552,-0.5225,-0.005225,False
2021-04-01,CVX,buy_call,3.1377,1,-1.6414,-3.1377,-0.031377,False
2021-04-01,DE,buy_call,4.0538,1,-0.6363,-4.0538,-0.040538,False
2021-04-01,DHR,buy_call,5.403,1,12.9301,7.5271,0.075271,False
2021-04-01,DIS,buy_call,3.3259,1,0.8129,-2.513,-0.02513,False
2021-04-01,DUK,buy_call,1.8,1,4.3095,2.5095,0.025095,False
2021-04-01,EL,buy_call,3.0,1,7.8907,4.8907,0.048907,False
2021-04-01,ELV,buy_call,2.0778,1,6.0473,3.9695,0.039695,False
2021-04-01,EW,buy_call,5.403,1,14.2037,8.8007,0.088007,False
2021-04-01,GE,buy_call,4.0538,1,-0.0024,-4.0538,-0.040538,False
2021-04-01,GOOGL,buy_call,3.4858,1,14.108,10.6222,0.106222,False
2021-04-01,GS,buy_call,2.3206,1,6.9783,4.6577,0.046577,False
2021-04-01,HD,buy_call,2.0321,1,6.6989,4.6667,0.046667,False
2021-04-01,HON,buy_call,3.732,1,2.7503,-0.9817,-0.009817,False
2021-04-01,HUM,buy_call,2.0778,1,6.3742,4.2965,0.042965,False
2021-04-01,INTC,buy_call,1.3792,1,-10.1094,-1.3792,-0.013792,False
2021-04-01,INTU,buy_call,1.5839,1,7.5967,6.0128,0.060128,False
2021-04-01,ISRG,buy_call,5.403,1,17.0596,11.6565,0.116565,False
2021-04-01,ITW,buy_call,3.732,1,4.5614,0.8294,0.008294,False
2021-04-01,JNJ,buy_call,1.8123,1,-0.9857,-1.8123,-0.018123,False
2021-04-01,JPM,buy_call,2.3206,1,1.0379,-1.2827,-0.012827,False
2021-04-01,KO,buy_call,1.8,1,3.2618,1.4618,0.014618,False
2021-04-01,LLY,buy_call,3.5537,1,-2.1679,-3.5537,-0.035537,False
2021-04-01,LMT,skip,0.0,0,2.9932,0.0,0.0,False
2021-04-01,LOW,buy_call,2.0321,1,3.1917,1.1596,0.011596,False
2021-04-01,LRCX,buy_call,1.3792,1,4.4883,3.1091,0.031091,False
2021-04-01,MA,buy_call,3.0663,1,7.3052,4.2389,0.042389,False
2021-04-01,MCD,buy_call,1.8,1,5.327,3.527,0.03527,False
2021-04-01,MDLZ,buy_call,1.7384,1,4.4421,2.7037,0.027037,False
2021-04-01,MDT,buy_call,5.403,1,11.3842,5.9811,0.059811,False
2021-04-01,META,buy_call,4.3383,1,10.3724,6.0342,0.060342,False
2021-04-01,MMM,buy_call,3.732,1,2.3147,-1.4173,-0.014173,False
2021-04-01,MRK,skip,0.0,0,-2.5106,0.0,0.0,False
2021-04-01,MS,buy_call,2.3206,1,6.2967,3.9761,0.039761,False
2021-04-01,MSFT,buy_call,2.6505,1,6.9601,4.3096,0.043096,False
2021-04-01,MU,buy_call,4.2183,1,-2.426,-4.2183,-0.042183,False
2021-04-01,NEE,buy_call,1.8,1,2.5128,0.7128,0.007128,False
2021-04-01,NFLX,buy_call,5.312,1,-1.57,-5.312,-0.05312,False
2021-04-01,NKE,buy_call,2.3788,1,-0.2032,-2.3788,-0.023788,False
2021-04-01,NOW,buy_call,5.2784,1,1.2517,-4.0267,-0.040267,False
2021-04-01,NVDA,skip,0.0,0,12.4843,0.0,0.0,False
2021-04-01,ORCL,buy_call,2.3314,1,8.0091,5.6777,0.056777,False
2021-04-01,PEP,buy_call,1.7384,1,2.7296,0.9912,0.009912,False
2021-04-01,PFE,buy_call,3.54,1,6.6795,3.1395,0.031395,False
2021-04-01,PG,skip,0.0,0,-1.4842,0.0,0.0,False
2021-04-01,PLD,buy_call,3.732,1,10.6165,6.8846,0.068846,False
2021-04-01,PYPL,buy_call,3.0663,1,8.0094,4.9431,0.049431,False
2021-04-01,QCOM,buy_call,4.4318,1,5.1825,0.7507,0.007507,False
2021-04-01,SBUX,buy_call,1.8,1,4.7772,2.9772,0.029772,False
2021-04-01,SCHW,buy_call,2.3206,1,8.0086,5.688,0.05688,False
2021-04-01,SO,buy_call,1.8,1,6.4511,4.6511,0.046511,False
2021-04-01,SPGI,skip,0.0,0,10.6328,0.0,0.0,False
2021-04-01,SYK,buy_call,5.403,1,8.1022,2.6992,0.026992,False
2021-04-01,T,buy_call,2.6132,1,3.7661,1.1529,0.011529,False
2021-04-01,TGT,buy_call,2.1258,1,4.6398,2.5139,0.025139,False
2021-04-01,TJX,buy_call,2.1258,1,7.3318,5.206,0.05206,False
2021-04-01,TMO,buy_call,2.8279,1,3.0943,0.2664,0.002664,False
2021-04-01,TMUS,buy_call,2.6132,1,5.4593,2.8461,0.028461,False
2021-04-01,TSLA,buy_call,7.904,1,6.2147,-1.6892,-0.016892,False
2021-04-01,TXN,buy_call,1.3792,1,-4.487,-1.3792,-0.013792,False
2021-04-01,UNH,buy_call,2.0778,1,7.5649,5.4871,0.054871,False
2021-04-01,UNP,buy_call,4.0538,1,0.7622,-3.2916,-0.032916,False
2021-04-01,UPS,buy_call,3.732,1,19.9247,16.1927,0.161927,False
2021-04-01,V,buy_call,2.5016,1,10.3103,7.8087,0.078087,False
2021-04-01,VRTX,skip,0.0,0,1.5403,0.0,0.0,False
2021-04-01,VZ,skip,0.0,0,-0.6191,0.0,0.0,False
2021-04-01,WMT,skip,0.0,0,3.4338,0.0,0.0,False
2021-04-01,XOM,buy_call,4.0538,1,2.5255,-1.5283,-0.015283,False
2021-04-01,ZTS,skip,0.0,0,9.8743,0.0,0.0,False
2021-05-01,AAPL,buy_call,2.8482,1,-5.2107,-2.8482,-0.028482,False
2021-05-01,ABBV,buy_call,2.0234,1,2.7591,0.7356,0.007356,False
2021-05-01,ABT,buy_call,2.2758,1,-2.4998,-2.2758,-0.022758,False
2021-05-01,ACN,buy_call,1.9568,1,-2.3923,-1.9568,-0.019568,False
2021-05-01,ADBE,buy_call,2.709,1,-0.7397,-2.709,-0.02709,False
2021-05-01,AMAT,buy_call,4.4679,1,4.0841,-0.3838,-0.003838,False
2021-05-01,AMD,buy_call,5.6038,1,-1.8868,-5.6038,-0.056038,False
2021-05-01,AMGN,buy_call,2.0234,1,-0.7094,-2.0234,-0.020234,False
2021-05-01,AMT,buy_call,1.95,1,0.7907,-1.1592,-0.011592,False
2021-05-01,AMZN,buy_call,2.915,1,-7.047,-2.915,-0.02915,False
2021-05-01,AVGO,buy_call,4.4679,1,3.5357,-0.9321,-0.009321,False
2021-05-01,AXP,buy_call,2.6695,1,4.4212,1.7517,0.017517,False
2021-05-01,BA,buy_call,3.0,1,5.4244,2.4244,0.024244,False
2021-05-01,BAC,buy_call,2.8807,1,4.5892,1.7085,0.017085,False
2021-05-01,BKNG,buy_call,3.0,1,-4.2387,-3.0,-0.03,False
2021-05-01,BLK,buy_call,2.7218,1,7.0475,4.3257,0.043257,False
2021-05-01,BMY,buy_call,2.0234,1,5.2868,3.2633,0.032633,False
2021-05-01,BRK-B,buy_call,1.757,1,5.27,3.513,0.03513,False
2021-05-01,C,buy_call,3.0,1,11.2541,8.2541,0.082541,False
2021-05-01,CAT,buy_call,3.4385,1,6.1636,2.7251,0.027251,False
2021-05-01,CHTR,buy_call,0.8374,1,3.1302,2.2928,0.022928,False
2021-05-01,CI,buy_call,2.1937,1,3.9517,1.758,0.01758,False
2021-05-01,CMCSA,buy_call,0.8374,1,2.5873,1.7499,0.017499,False
2021-05-01,COST,buy_call,2.5174,1,1.8787,-0.6388,-0.006388,False
2021-05-01,CRM,skip,0.0,0,3.3779,0.0,0.0,False
2021-05-01,CSCO,buy_call,1.95,1,4.6538,2.7038,0.027038,False
2021-05-01,CSX,buy_call,3.0,1,-0.6253,-3.0,-0.03,False
2021-05-01,CVS,buy_call,2.1937,1,13.8838,11.6901,0.116901,False
2021-05-01,CVX,buy_call,6.6276,1,0.6986,-5.929,-0.05929,False
2021-05-01,DE,buy_call,3.4385,1,-2.6291,-3.4385,-0.034385,False
2021-05-01,DHR,buy_call,2.2758,1,0.8663,-1.4095,-0.014095,False
2021-05-01,DIS,buy_call,3.3259,1,-3.962,-3.3259,-0.033259,False
2021-05-01,DUK,buy_call,1.5813,1,-0.4668,-1.5813,-0.015813,False
2021-05-01,EL,buy_call,3.0,1,-2.3199,-3.0,-0.03,False
2021-05-01,ELV,buy_call,2.1937,1,4.9632,2.7695,0.027695,False
2021-05-01,EW,buy_call,2.2758,1,0.3978,-1.878,-0.01878,False
2021-05-01,GE,buy_call,3.4385,1,7.1646,3.7261,0.037261,False
2021-05-01,GOOGL,buy_call,2.6706,1,0.1423,-2.5283,-0.025283,False
2021-05-01,GS,buy_call,2.7218,1,6.7642,4.0424,0.040424,False
2021-05-01,HD,buy_call,3.2365,1,-1.4706,-3.2365,-0.032365,False
2021-05-01,HON,buy_call,1.95,1,3.5285,1.5785,0.015785,False
2021-05-01,HUM,buy_call,2.1937,1,-1.6935,-2.1937,-0.021937,False
2021-05-01,INTC,buy_call,4.4679,1,-0.7127,-4.4679,-0.044679,False
2021-05-01,INTU,buy_call,5.0727,1,6.6869,1.6142,0.016142,False
2021-05-01,ISRG,buy_call,2.2758,1,-2.6382,-2.2758,-0.022758,False
2021-05-01,ITW,buy_call,1.95,1,0.5641,-1.3859,-0.013859,False
2021-05-01,JNJ,buy_call,1.9649,1,4.0066,2.0417,0.020417,False
2021-05-01,JPM,buy_call,2.7218,1,7.41,4.6882,0.046882,False
2021-05-01,KO,buy_call,1.5813,1,2.4268,0.8455,0.008455,False
2021-05-01,LLY,buy_call,3.0213,1,9.2849,6.2635,0.062635,False
2021-05-01,LMT,buy_call,3.4385,1,0.4309,-3.0076,-0.030076,False
2021-05-01,LOW,buy_call,3.2365,1,-0.4307,-3.2365,-0.032365,False
2021-05-01,LRCX,buy_call,4.4679,1,4.7385,0.2706,0.002706,False
2021-05-01,MA,buy_call,2.6695,1,-5.5101,-2.6695,-0.026695,False
2021-05-01,MCD,buy_call,1.5813,1,-0.9276,-1.5813,-0.015813,False
2021-05-01,MDLZ,buy_call,2.054,1,4.4729,2.4189,0.024189,False
2021-05-01,MDT,buy_call,2.2758,1,-3.3074,-2.2758,-0.022758,False
2021-05-01,META,buy_call,4.3383,1,1.1228,-3.2155,-0.032155,False
2021-05-01,MMM,buy_call,1.95,1,2.9928,1.0428,0.010428,False
2021-05-01,MRK,buy_call,2.2041,1,1.8658,-0.3383,-0.003383,False
2021-05-01,MS,buy_call,2.7218,1,10.6437,7.9219,0.079219,False
2021-05-01,MSFT,buy_call,2.709,1,-0.9914,-2.709,-0.02709,False
2021-05-01,MU,buy_call,5.6038,1,-2.2424,-5.6038,-0.056038,False
2021-05-01,NEE,buy_call,1.5813,1,-5.5348,-1.5813,-0.015813,False
2021-05-01,NFLX,buy_call,3.4569,1,-2.0761,-3.4569,-0.034569,False
2021-05-01,NKE,buy_call,2.7156,1,2.8955,0.1799,0.001799,False
2021-05-01,NOW,buy_call,3.9644,1,-6.4163,-3.9644,-0.039644,False
2021-05-01,NVDA,buy_call,5.6038,1,8.2281,2.6243,0.026243,False
2021-05-01,ORCL,buy_call,2.5675,1,4.3418,1.7743,0.017743,False
2021-05-01,PEP,buy_call,2.054,1,2.6221,0.5681,0.005681,False
2021-05-01,PFE,buy_call,2.0234,1,0.207,-1.8164,-0.018164,False
2021-05-01,PG,skip,0.0,0,1.7185,0.0,0.0,False
2021-05-01,PLD,buy_call,1.95,1,1.1242,-0.8258,-0.008258,False
2021-05-01,PYPL,buy_call,2.6695,1,-0.8655,-2.6695,-0.026695,False
2021-05-01,QCOM,buy_call,3.9356,1,-3.0692,-3.9356,-0.039356,False
2021-05-01,SBUX,buy_call,1.5813,1,-0.5328,-1.5813,-0.015813,False
2021-05-01,SCHW,buy_call,2.7218,1,4.9005,2.1787,0.021787,False
2021-05-01,SO,buy_call,1.5813,1,-3.4003,-1.5813,-0.015813,False
2021-05-01,SPGI,buy_call,2.7218,1,-2.7972,-2.7218,-0.027218,False
2021-05-01,SYK,buy_call,2.2758,1,-2.8024,-2.2758,-0.022758,False
2021-05-01,T,buy_call,0.8374,1,-4.1706,-0.8374,-0.008374,False
2021-05-01,TGT,buy_call,2.9238,1,9.4857,6.5619,0.065619,False
2021-05-01,TJX,buy_call,2.9238,1,-4.8732,-2.9238,-0.029238,False
2021-05-01,TMO,skip,0.0,0,-0.1553,0.0,0.0,False
2021-05-01,TMUS,buy_call,0.8374,1,7.0537,6.2163,0.062163,False
2021-05-01,TSLA,buy_call,7.3862,1,-11.8713,-7.3862,-0.073862,False
2021-05-01,TXN,buy_call,4.4679,1,5.738,1.2702,0.012702,False
2021-05-01,UNH,buy_call,2.1937,1,3.2899,1.0962,0.010962,False
2021-05-01,UNP,buy_call,3.4385,1,1.1887,-2.2498,-0.022498,False
2021-05-01,UPS,buy_call,1.95,1,5.2683,3.3183,0.033183,False
2021-05-01,V,buy_call,2.5994,1,-2.6803,-2.5994,-0.025994,False
2021-05-01,VRTX,buy_call,2.0234,1,-4.3859,-2.0234,-0.020234,False
2021-05-01,VZ,buy_call,0.8374,1,-1.1979,-0.8374,-0.008374,False
2021-05-01,WMT,buy_call,2.9238,1,1.5153,-1.4085,-0.014085,False
2021-05-01,XOM,buy_call,3.4385,1,1.9742,-1.4643,-0.014643,False
2021-05-01,ZTS,buy_call,2.0234,1,2.2616,0.2382,0.002382,False
2021-06-01,AAPL,buy_call,2.0858,2,10.0976,8.0118,0.160236,True
2021-06-01,ABBV,buy_call,2.1806,2,-0.4947,-2.1806,-0.043612,True
2021-06-01,ABT,buy_call,1.7791,2,-0.6172,-1.7791,-0.035582,True
2021-06-01,ACN,buy_call,2.6838,2,4.4762,1.7924,0.035848,True
2021-06-01,ADBE,buy_call,1.9365,2,16.0649,14.1283,0.282566,True
2021-06-01,AMAT,buy_call,3.6315,2,3.2715,-0.36,-0.0072,True
2021-06-01,AMD,skip,0.0,0,17.2952,0.0,0.0,True
2021-06-01,AMGN,buy_call,2.1806,2,3.1621,0.9815,0.01963,True
2021-06-01,AMT,buy_call,1.8788,2,5.7465,3.8677,0.077354,True
2021-06-01,AMZN,buy_call,3.8265,2,6.7355,2.909,0.05818,True
2021-06-01,AVGO,buy_call,3.6315,2,0.9548,-2.6767,-0.053534,True
2021-06-01,AXP,buy_call,2.652,2,3.1849,0.5329,0.010658,True
2021-06-01,BA,buy_call,3.0,2,-3.02,-3.0,-0.06,True
2021-06-01,BAC,buy_call,3.0551,2,-2.7365,-3.0551,-0.061102,True
2021-06-01,BKNG,buy_call,3.0,2,-7.3452,-3.0,-0.06,True
2021-06-01,BLK,buy_call,2.6046,2,-0.236,-2.6046,-0.052092,True
2021-06-01,BMY,buy_call,2.1806,2,1.6738,-0.5068,-0.010136,True
2021-06-01,BRK-B,buy_call,1.3968,2,-3.9801,-1.3968,-0.027936,True
2021-06-01,C,buy_call,3.0,2,-10.1131,-3.0,-0.06,True
2021-06-01,CAT,buy_call,2.9754,2,-9.7271,-2.9754,-0.059508,True
2021-06-01,CHTR,buy_call,2.6208,2,3.876,1.2552,0.025104,True
2021-06-01,CI,buy_call,2.1916,2,-8.4142,-2.1916,-0.043832,True
2021-06-01,CMCSA,buy_call,2.6208,2,-0.5581,-2.6208,-0.052416,True
2021-06-01,COST,skip,0.0,0,4.5999,0.0,0.0,True
2021-06-01,CRM,skip,0.0,0,2.5914,0.0,0.0,True
2021-06-01,CSCO,buy_call,1.8788,2,0.189,-1.6898,-0.033796,True
2021-06-01,CSX,buy_call,3.0,2,-3.6066,-3.0,-0.06,True
2021-06-01,CVS,buy_call,2.1916,2,-3.4706,-2.1916,-0.043832,True
2021-06-01,CVX,buy_call,2.8808,2,2.1506,-0.7302,-0.014604,True
2021-06-01,DE,buy_call,2.9754,2,-2.3235,-2.9754,-0.059508,True
2021-06-01,DHR,buy_call,1.7791,2,4.7708,2.9917,0.059834,True
2021-06-01,DIS,buy_call,3.3259,2,-1.6121,-3.3259,-0.066518,True
2021-06-01,DUK,buy_call,1.7692,2,-0.5486,-1.7692,-0.035384,True
2021-06-01,EL,buy_call,3.0,2,3.9515,0.9515,0.01903,True
2021-06-01,ELV,buy_call,2.1916,2,-4.1234,-2.1916,-0.043832,True
2021-06-01,EW,buy_call,1.7791,2,7.9979,6.2188,0.124376,True
2021-06-01,GE,buy_call,2.9754,2,-4.2674,-2.9754,-0.059508,True
2021-06-01,GOOGL,buy_call,3.5616,2,3.604,0.0424,0.000848,True
2021-06-01,GS,buy_call,2.6046,2,2.3633,-0.2413,-0.004826,True
2021-06-01,HD,buy_call,2.3568,2,-0.0063,-2.3568,-0.047136,True
2021-06-01,HON,buy_call,1.8788,2,-4.6031,-1.8788,-0.037576,True
2021-06-01,HUM,buy_call,2.1916,2,1.1469,-1.0447,-0.020894,True
2021-06-01,INTC,buy_call,3.6315,2,-1.1103,-3.6315,-0.07263,True
2021-06-01,INTU,buy_call,3.4553,2,11.6332,8.1778,0.163556,True
2021-06-01,ISRG,buy_call,1.7791,2,9.1976,7.4184,0.148368,True
2021-06-01,ITW,buy_call,1.8788,2,-3.5381,-1.8788,-0.037576,True
2021-06-01,JNJ,buy_call,1.6719,2,-2.0574,-1.6719,-0.033438,True
2021-06-01,JPM,buy_call,2.6046,2,-5.2972,-2.6046,-0.052092,True
2021-06-01,KO,buy_call,1.7692,2,-2.1342,-1.7692,-0.035384,True
2021-06-01,LLY,buy_call,2.5555,2,15.4172,12.8617,0.257234,True
2021-06-01,LMT,buy_call,2.9754,2,-0.3384,-2.9754,-0.059508,True
2021-06-01,LOW,buy_call,2.3568,2,-0.4414,-2.3568,-0.047136,True
2021-06-01,LRCX,buy_call,3.6315,2,0.1308,-3.5007,-0.070014,True
2021-06-01,MA,buy_call,2.652,2,1.2508,-1.4012,-0.028024,True
2021-06-01,MCD,buy_call,1.7692,2,-0.6944,-1.7692,-0.035384,True
2021-06-01,MDLZ,buy_call,1.97,2,-1.7157,-1.97,-0.0394,True
2021-06-01,MDT,buy_call,1.7791,2,-1.9433,-1.7791,-0.035582,True
2021-06-01,META,buy_call,4.3383,2,5.7738,1.4355,0.02871,True
2021-06-01,MMM,buy_call,1.8788,2,-1.4521,-1.8788,-0.037576,True
2021-06-01,MRK,skip,0.0,0,7.3961,0.0,0.0,True
2021-06-01,MS,buy_call,2.6046,2,0.8136,-1.7909,-0.035818,True
2021-06-01,MSFT,buy_call,1.9365,2,8.7494,6.8129,0.136258,True
2021-06-01,MU,buy_call,3.4989,2,0.9983,-2.5005,-0.05001,True
2021-06-01,NEE,buy_call,1.7692,2,0.0819,-1.6873,-0.033746,True
2021-06-01,NFLX,buy_call,2.3441,2,5.0516,2.7075,0.05415,True
2021-06-01,NKE,buy_call,3.5764,2,13.4411,9.8647,0.197294,True
2021-06-01,NOW,skip,0.0,0,15.9682,0.0,0.0,True
2021-06-01,NVDA,buy_call,3.4989,2,23.134,19.6352,0.392704,True
2021-06-01,ORCL,buy_call,3.1373,2,-1.143,-3.1373,-0.062746,True
2021-06-01,PEP,buy_call,1.97,2,0.1555,-1.8145,-0.03629,True
2021-06-01,PFE,buy_call,2.1806,2,2.1065,-0.0741,-0.001482,True
2021-06-01,PG,skip,0.0,0,0.0593,0.0,0.0,True
2021-06-01,PLD,buy_call,1.8788,2,1.4342,-0.4447,-0.008894,True
2021-06-01,PYPL,buy_call,2.652,2,12.0991,9.4471,0.188942,True
2021-06-01,QCOM,skip,0.0,0,6.2361,0.0,0.0,True
2021-06-01,SBUX,buy_call,1.7692,2,-1.427,-1.7692,-0.035384,True
2021-06-01,SCHW,buy_call,2.6046,2,-1.1508,-2.6046,-0.052092,True
2021-06-01,SO,buy_call,1.7692,2,-4.3746,-1.7692,-0.035384,True
2021-06-01,SPGI,buy_call,2.6046,2,8.3842,5.7796,0.115592,True
2021-06-01,SYK,buy_call,1.7791,2,1.7472,-0.032,-0.00064,True
2021-06-01,T,buy_call,2.6208,2,-2.2087,-2.6208,-0.052416,True
2021-06-01,TGT,buy_call,2.1437,2,6.877,4.7333,0.094666,True
2021-06-01,TJX,buy_call,2.1437,2,0.184,-1.9597,-0.039194,True
2021-06-01,TMO,buy_call,2.8279,2,7.4483,4.6205,0.09241,True
2021-06-01,TMUS,buy_call,2.6208,2,2.3895,-0.2313,-0.004626,True
2021-06-01,TSLA,buy_call,5.7017,2,8.7137,3.012,0.06024,True
2021-06-01,TXN,buy_call,3.6315,2,1.3065,-2.325,-0.0465,True
2021-06-01,UNH,buy_call,2.1916,2,-2.787,-2.1916,-0.043832,True
2021-06-01,UNP,buy_call,2.9754,2,-1.6659,-2.9754,-0.059508,True
2021-06-01,UPS,buy_call,1.8788,2,-2.6252,-1.8788,-0.037576,True
2021-06-01,V,buy_call,2.33,2,3.0179,0.6879,0.013758,True
2021-06-01,VRTX,skip,0.0,0,-3.3552,0.0,0.0,True
2021-06-01,VZ,skip,0.0,0,-0.8143,0.0,0.0,True
2021-06-01,WMT,skip,0.0,0,-0.3212,0.0,0.0,True
2021-06-01,XOM,buy_call,2.9754,2,9.6435,6.6682,0.133364,True
2021-06-01,ZTS,buy_call,2.1806,2,5.4788,3.2982,0.065964,True
2021-07-01,AAPL,buy_call,3.0494,1,6.4982,3.4488,0.034488,False
2021-07-01,ABBV,buy_call,4.5631,1,3.2493,-1.3138,-0.013138,False
2021-07-01,ABT,buy_call,2.4998,1,4.3561,1.8563,0.018563,False
2021-07-01,ACN,buy_call,2.1491,1,7.7648,5.6157,0.056157,False
2021-07-01,ADBE,buy_call,2.434,1,6.1454,3.7114,0.037114,False
2021-07-01,AMAT,buy_call,2.8237,1,-1.7346,-2.8237,-0.028237,False
2021-07-01,AMD,buy_call,4.5411,1,13.0523,8.5111,0.085111,False
2021-07-01,AMGN,buy_call,4.5631,1,-0.9067,-4.5631,-0.045631,False
2021-07-01,AMT,buy_call,3.0349,1,5.1877,2.1527,0.021527,False
2021-07-01,AMZN,buy_call,3.8047,1,-3.2722,-3.8047,-0.038047,False
2021-07-01,AVGO,buy_call,2.8237,1,2.592,-0.2317,-0.002317,False
2021-07-01,AXP,buy_call,2.5306,1,3.2077,0.6771,0.006771,False
2021-07-01,BA,buy_call,3.0,1,-5.46,-3.0,-0.03,False
2021-07-01,BAC,buy_call,2.9239,1,-6.5693,-2.9239,-0.029239,False
2021-07-01,BKNG,skip,0.0,0,-0.4493,0.0,0.0,False
2021-07-01,BLK,buy_call,2.2967,1,-0.4281,-2.2967,-0.022967,False
2021-07-01,BMY,buy_call,4.5631,1,1.5714,-2.9918,-0.029918,False
2021-07-01,BRK-B,buy_call,1.2948,1,0.1331,-1.1616,-0.011616,False
2021-07-01,C,buy_call,3.0,1,-4.424,-3.0,-0.03,False
2021-07-01,CAT,buy_call,3.0721,1,-4.9993,-3.0721,-0.030721,False
2021-07-01,CHTR,buy_call,3.2997,1,3.1326,-0.1671,-0.001671,False
2021-07-01,CI,buy_call,2.9983,1,-2.8131,-2.9983,-0.029983,False
2021-07-01,CMCSA,buy_call,3.2997,1,3.1743,-0.1254,-0.001254,False
2021-07-01,COST,buy_call,1.6523,1,8.6056,6.9534,0.069534,False
2021-07-01,CRM,buy_call,2.5343,1,-0.958,-2.5343,-0.025343,False
2021-07-01,CSCO,buy_call,3.0349,1,4.4717,1.4368,0.014368,False
2021-07-01,CSX,buy_call,3.0,1,0.7481,-2.2519,-0.022519,False
2021-07-01,CVS,buy_call,2.9983,1,-1.2943,-2.9983,-0.029983,False
2021-07-01,CVX,buy_call,2.8999,1,-2.7974,-2.8999,-0.028999,False
2021-07-01,DE,buy_call,3.0721,1,2.782,-0.2901,-0.002901,False
2021-07-01,DHR,buy_call,2.4998,1,10.9415,8.4417,0.084417,False
2021-07-01,DIS,skip,0.0,0,0.1422,0.0,0.0,False
2021-07-01,DUK,buy_call,2.0022,1,6.4729,4.4707,0.044707,False
2021-07-01,EL,buy_call,3.0,1,4.9516,1.9516,0.019516,False
2021-07-01,ELV,buy_call,2.9983,1,0.8697,-2.1285,-0.021285,False
2021-07-01,EW,buy_call,2.4998,1,8.4001,5.9003,0.059003,False
2021-07-01,GE,buy_call,3.0721,1,-3.7158,-3.0721,-0.030721,False
2021-07-01,GOOGL,buy_call,3.4858,1,10.3506,6.8648,0.068648,False
2021-07-01,GS,buy_call,2.2967,1,-1.2252,-2.2967,-0.022967,False
2021-07-01,HD,buy_call,2.3833,1,3.456,1.0727,0.010727,False
2021-07-01,HON,buy_call,3.0349,1,6.5831,3.5482,0.035482,False
2021-07-01,HUM,buy_call,2.9983,1,-3.6567,-2.9983,-0.029983,False
2021-07-01,INTC,buy_call,2.8237,1,-4.3107,-2.8237,-0.028237,False
2021-07-01,INTU,buy_call,2.6193,1,8.1196,5.5003,0.055003,False
2021-07-01,ISRG,buy_call,2.4998,1,7.8096,5.3098,0.053098,False
2021-07-01,ITW,buy_call,3.0349,1,1.9083,-1.1266,-0.011266,False
2021-07-01,JNJ,buy_call,2.0073,1,4.5284,2.521,0.02521,False
2021-07-01,JPM,buy_call,2.2967,1,-2.4174,-2.2967,-0.022967,False
2021-07-01,KO,skip,0.0,0,6.1906,0.0,0.0,False
2021-07-01,LLY,buy_call,3.638,1,6.091,2.453,0.02453,False
2021-07-01,LMT,buy_call,3.0721,1,-1.7655,-3.0721,-0.030721,False
2021-07-01,LOW,buy_call,2.3833,1,-0.6599,-2.3833,-0.023833,False
2021-07-01,LRCX,buy_call,2.8237,1,-1.8462,-2.8237,-0.028237,False
2021-07-01,MA,buy_call,2.5306,1,5.711,3.1803,0.031803,False
2021-07-01,MCD,buy_call,2.0022,1,5.0738,3.0716,0.030716,False
2021-07-01,MDLZ,buy_call,2.2032,1,1.8208,-0.3824,-0.003824,False
2021-07-01,MDT,buy_call,2.4998,1,6.318,3.8182,0.038182,False
2021-07-01,META,buy_call,4.3383,1,2.4704,-1.8678,-0.018678,False
2021-07-01,MMM,buy_call,3.0349,1,-0.3474,-3.0349,-0.030349,False
2021-07-01,MRK,buy_call,2.089,1,-0.3076,-2.089,-0.02089,False
2021-07-01,MS,buy_call,2.2967,1,4.6788,2.3821,0.023821,False
2021-07-01,MSFT,buy_call,2.434,1,5.1717,2.7377,0.027377,False
2021-07-01,MU,buy_call,4.5411,1,-8.7079,-4.5411,-0.045411,False
2021-07-01,NEE,skip,0.0,0,6.8665,0.0,0.0,False
2021-07-01,NFLX,skip,0.0,0,-2.0143,0.0,0.0,False
2021-07-01,NKE,buy_call,2.4093,1,8.4277,6.0184,0.060184,False
2021-07-01,NOW,skip,0.0,0,6.9766,0.0,0.0,False
2021-07-01,NVDA,buy_call,4.5411,1,-2.4949,-4.5411,-0.045411,False
2021-07-01,ORCL,buy_call,2.5177,1,11.9476,9.4299,0.094299,False
2021-07-01,PEP,buy_call,2.2032,1,6.6995,4.4963,0.044963,False
2021-07-01,PFE,buy_call,4.5631,1,9.3208,4.7576,0.047576,False
2021-07-01,PG,skip,0.0,0,5.4102,0.0,0.0,False
2021-07-01,PLD,buy_call,3.0349,1,7.6572,4.6222,0.046222,False
2021-07-01,PYPL,buy_call,2.5306,1,-5.4721,-2.5306,-0.025306,False
2021-07-01,QCOM,skip,0.0,0,5.3413,0.0,0.0,False
2021-07-01,SBUX,buy_call,2.0022,1,8.6039,6.6017,0.066017,False
2021-07-01,SCHW,buy_call,2.2967,1,-6.6749,-2.2967,-0.022967,False
2021-07-01,SO,buy_call,2.0022,1,5.5528,3.5506,0.035506,False
2021-07-01,SPGI,buy_call,2.2967,1,4.4512,2.1545,0.021545,False
2021-07-01,SYK,buy_call,2.4998,1,4.5691,2.0693,0.020693,False
2021-07-01,T,buy_call,3.2997,1,-2.5365,-3.2997,-0.032997,False
2021-07-01,TGT,buy_call,1.6194,1,7.9879,6.3685,0.063685,False
2021-07-01,TJX,skip,0.0,0,2.0617,0.0,0.0,False
2021-07-01,TMO,buy_call,2.8279,1,7.1049,4.277,0.04277,False
2021-07-01,TMUS,buy_call,3.2997,1,-0.5593,-3.2997,-0.032997,False
2021-07-01,TSLA,skip,0.0,0,1.1034,0.0,0.0,False
2021-07-01,TXN,buy_call,2.8237,1,-0.8736,-2.8237,-0.028237,False
2021-07-01,UNH,buy_call,2.9983,1,3.3188,0.3205,0.003205,False
2021-07-01,UNP,buy_call,3.0721,1,-0.532,-3.0721,-0.030721,False
2021-07-01,UPS,buy_call,3.0349,1,-7.9867,-3.0349,-0.030349,False
2021-07-01,V,buy_call,2.2202,1,5.3759,3.1557,0.031557,False
2021-07-01,VRTX,skip,0.0,0,-0.0248,0.0,0.0,False
2021-07-01,VZ,skip,0.0,0,-0.4462,0.0,0.0,False
2021-07-01,WMT,skip,0.0,0,1.0849,0.0,0.0,False
2021-07-01,XOM,buy_call,3.0721,1,-8.7349,-3.0721,-0.030721,False
2021-07-01,ZTS,buy_call,4.5631,1,8.768,4.2049,0.042049,False
2021-08-01,AAPL,buy_call,2.1365,1,4.093,1.9565,0.019565,False
2021-08-01,ABBV,buy_call,2.0358,1,5.0099,2.9741,0.029741,False
2021-08-01,ABT,skip,0.0,0,4.853,0.0,0.0,False
2021-08-01,ACN,buy_call,1.8252,1,6.2421,4.4169,0.044169,False
2021-08-01,ADBE,buy_call,2.2886,1,6.7677,4.4791,0.044791,False
2021-08-01,AMAT,buy_call,3.1196,1,-3.4303,-3.1196,-0.031196,False
2021-08-01,AMD,buy_call,5.1086,1,4.2659,-0.8427,-0.008427,False
2021-08-01,AMGN,buy_call,2.0358,1,-6.6283,-2.0358,-0.020358,False
2021-08-01,AMT,buy_call,1.835,1,3.3133,1.4783,0.014783,False
2021-08-01,AMZN,buy_call,2.2499,1,4.3034,2.0535,0.020535,False
2021-08-01,AVGO,buy_call,3.1196,1,2.4331,-0.6865,-0.006865,False
2021-08-01,AXP,buy_call,2.3746,1,-2.4259,-2.3746,-0.023746,False
2021-08-01,BA,buy_call,3.0,1,-3.0819,-3.0,-0.03,False
2021-08-01,BAC,buy_call,3.3991,1,8.8373,5.4383,0.054383,False
2021-08-01,BKNG,buy_call,3.0,1,5.5737,2.5737,0.025737,False
2021-08-01,BLK,buy_call,1.8054,1,8.778,6.9726,0.069726,False
2021-08-01,BMY,buy_call,2.0358,1,-0.7604,-2.0358,-0.020358,False
2021-08-01,BRK-B,buy_call,1.3435,1,2.6878,1.3443,0.013443,False
2021-08-01,C,buy_call,3.0,1,7.1384,4.1384,0.041384,False
2021-08-01,CAT,buy_call,3.4175,1,2.5401,-0.8774,-0.008774,False
2021-08-01,CHTR,buy_call,1.8902,1,9.7588,7.8686,0.078686,False
2021-08-01,CI,buy_call,1.9662,1,-7.7738,-1.9662,-0.019662,False
2021-08-01,CMCSA,buy_call,1.8902,1,3.588,1.6978,0.016978,False
2021-08-01,COST,buy_call,1.7899,1,6.1956,4.4057,0.044057,False
2021-08-01,CRM,buy_call,3.7903,1,9.6474,5.8571,0.058571,False
2021-08-01,CSCO,buy_call,1.835,1,7.3352,5.5001,0.055001,False
2021-08-01,CSX,buy_call,3.0,1,0.6498,-2.3502,-0.023502,False
2021-08-01,CVS,buy_call,1.9662,1,5.5284,3.5622,0.035622,False
2021-08-01,CVX,buy_call,3.2858,1,-4.9504,-3.2858,-0.032858,False
2021-08-01,DE,buy_call,3.4175,1,4.5466,1.1291,0.011291,False
2021-08-01,DHR,buy_call,2.0783,1,8.965,6.8868,0.068868,False
2021-08-01,DIS,buy_call,2.5057,1,2.9997,0.494,0.00494,False
2021-08-01,DUK,buy_call,1.9827,1,-0.4281,-1.9827,-0.019827,False
2021-08-01,EL,buy_call,3.0,1,1.995,-1.005,-0.01005,False
2021-08-01,ELV,buy_call,1.9662,1,-2.3125,-1.9662,-0.019662,False
2021-08-01,EW,buy_call,2.0783,1,4.3734,2.2951,0.022951,False
2021-08-01,GE,buy_call,3.4175,1,1.7471,-1.6704,-0.016704,False
2021-08-01,GOOGL,buy_call,2.5313,1,7.4009,4.8696,0.048696,False
2021-08-01,GS,buy_call,1.8054,1,10.3047,8.4993,0.084993,False
2021-08-01,HD,buy_call,2.9566,1,-0.6125,-2.9566,-0.029566,False
2021-08-01,HON,buy_call,1.835,1,-0.8041,-1.835,-0.01835,False
2021-08-01,HUM,buy_call,1.9662,1,-4.7997,-1.9662,-0.019662,False
2021-08-01,INTC,skip,0.0,0,0.6329,0.0,0.0,False
2021-08-01,INTU,buy_call,2.946,1,6.944,3.9979,0.039979,False
2021-08-01,ISRG,buy_call,2.0783,1,6.2635,4.1852,0.041852,False
2021-08-01,ITW,buy_call,1.835,1,2.7309,0.8958,0.008958,False
2021-08-01,JNJ,buy_call,2.4869,1,0.5401,-1.9468,-0.019468,False
2021-08-01,JPM,buy_call,1.8054,1,5.9901,4.1847,0.041847,False
2021-08-01,KO,buy_call,1.9827,1,-1.2625,-1.9827,-0.019827,False
2021-08-01,LLY,buy_call,4.1274,1,6.0739,1.9465,0.019465,False
2021-08-01,LMT,buy_call,3.4175,1,-3.1937,-3.4175,-0.034175,False
2021-08-01,LOW,buy_call,2.9566,1,6.2531,3.2965,0.032965,False
2021-08-01,LRCX,buy_call,3.1196,1,-5.1129,-3.1196,-0.031196,False
2021-08-01,MA,buy_call,2.3746,1,-10.1835,-2.3746,-0.023746,False
2021-08-01,MCD,buy_call,1.9827,1,-2.1631,-1.9827,-0.019827,False
2021-08-01,MDLZ,buy_call,2.414,1,-1.8811,-2.414,-0.02414,False
2021-08-01,MDT,buy_call,2.0783,1,1.6526,-0.4257,-0.004257,False
2021-08-01,META,buy_call,4.3383,1,6.4777,2.1394,0.021394,False
2021-08-01,MMM,buy_call,1.835,1,-1.6167,-1.835,-0.01835,False
2021-08-01,MRK,buy_call,1.7493,1,-0.7546,-1.7493,-0.017493,False
2021-08-01,MS,buy_call,1.8054,1,9.6025,7.7971,0.077971,False
2021-08-01,MSFT,buy_call,2.2886,1,5.9563,3.6676,0.036676,False
2021-08-01,MU,skip,0.0,0,-5.0013,0.0,0.0,False
2021-08-01,NEE,skip,0.0,0,7.8177,0.0,0.0,False
2021-08-01,NFLX,skip,0.0,0,9.9735,0.0,0.0,False
2021-08-01,NKE,buy_call,1.7291,1,-1.6536,-1.7291,-0.017291,False
2021-08-01,NOW,buy_call,2.9335,1,9.4831,6.5496,0.065496,False
2021-08-01,NVDA,buy_call,5.1086,1,14.8008,9.6921,0.096921,False
2021-08-01,ORCL,buy_call,2.8472,1,2.661,-0.1862,-0.001862,False
2021-08-01,PEP,buy_call,2.414,1,-0.3568,-2.414,-0.02414,False
2021-08-01,PFE,buy_call,2.0358,1,8.5897,6.5539,0.065539,False
2021-08-01,PG,buy_call,1.7775,1,0.7421,-1.0353,-0.010353,False
2021-08-01,PLD,buy_call,1.835,1,5.1703,3.3352,0.033352,False
2021-08-01,PYPL,buy_call,2.3746,1,4.7654,2.3908,0.023908,False
2021-08-01,QCOM,skip,0.0,0,-2.0761,0.0,0.0,False
2021-08-01,SBUX,buy_call,1.9827,1,-3.2447,-1.9827,-0.019827,False
2021-08-01,SCHW,buy_call,1.8054,1,7.2112,5.4058,0.054058,False
2021-08-01,SO,buy_call,1.9827,1,2.9121,0.9294,0.009294,False
2021-08-01,SPGI,buy_call,1.8054,1,3.5221,1.7167,0.017167,False
2021-08-01,SYK,buy_call,2.0783,1,2.2736,0.1953,0.001953,False
2021-08-01,T,buy_call,1.8902,1,0.1371,-1.7531,-0.017531,False
2021-08-01,TGT,buy_call,2.7449,1,-5.3898,-2.7449,-0.027449,False
2021-08-01,TJX,buy_call,2.7449,1,5.6823,2.9375,0.029375,False
2021-08-01,TMO,buy_call,2.8279,1,2.7666,-0.0613,-0.000613,False
2021-08-01,TMUS,buy_call,1.8902,1,-4.8604,-1.8902,-0.018902,False
2021-08-01,TSLA,skip,0.0,0,7.0605,0.0,0.0,False
2021-08-01,TXN,buy_call,3.1196,1,0.7107,-2.4089,-0.024089,False
2021-08-01,UNH,buy_call,1.9662,1,0.9825,-0.9837,-0.009837,False
2021-08-01,UNP,buy_call,3.4175,1,-0.8777,-3.4175,-0.034175,False
2021-08-01,UPS,buy_call,1.835,1,2.2314,0.3963,0.003963,False
2021-08-01,V,buy_call,2.2545,1,-7.0173,-2.2545,-0.022545,False
2021-08-01,VRTX,skip,0.0,0,-0.6399,0.0,0.0,False
2021-08-01,VZ,buy_call,1.8902,1,-0.2907,-1.8902,-0.018902,False
2021-08-01,WMT,buy_call,2.7449,1,3.8934,1.1485,0.011485,False
2021-08-01,XOM,buy_call,3.4175,1,-5.2979,-3.4175,-0.034175,False
2021-08-01,ZTS,buy_call,2.0358,1,1.0453,-0.9905,-0.009905,False
2021-09-01,AAPL,buy_call,2.6931,1,-6.664,-2.6931,-0.026931,False
2021-09-01,ABBV,buy_call,2.3037,1,-10.6888,-2.3037,-0.023037,False
2021-09-01,ABT,buy_call,1.7949,1,-6.5206,-1.7949,-0.017949,False
2021-09-01,ACN,buy_call,2.3667,1,-4.9441,-2.3667,-0.023667,False
2021-09-01,ADBE,buy_call,1.6327,1,-13.256,-1.6327,-0.016327,False
2021-09-01,AMAT,buy_call,4.2864,1,-4.5619,-4.2864,-0.042864,False
2021-09-01,AMD,buy_call,3.9625,1,-7.0629,-3.9625,-0.039625,False
2021-09-01,AMGN,buy_call,2.3037,1,-4.9829,-2.3037,-0.023037,False
2021-09-01,AMT,buy_call,2.0117,1,-9.1591,-2.0117,-0.020117,False
2021-09-01,AMZN,buy_call,2.3525,1,-5.3518,-2.3525,-0.023525,False
2021-09-01,AVGO,buy_call,4.2864,1,-2.4698,-4.2864,-0.042864,False
2021-09-01,AXP,buy_call,2.7116,1,0.946,-1.7656,-0.017656,False
2021-09-01,BA,buy_call,3.0,1,0.2005,-2.7995,-0.027995,False
2021-09-01,BAC,buy_call,2.5558,1,1.6766,-0.8791,-0.008791,False
2021-09-01,BKNG,skip,0.0,0,3.2266,0.0,0.0,False
2021-09-01,BLK,buy_call,2.3088,1,-11.092,-2.3088,-0.023088,False
2021-09-01,BMY,buy_call,2.3037,1,-11.5017,-2.3037,-0.023037,False
2021-09-01,BRK-B,buy_call,1.3735,1,-4.4896,-1.3735,-0.013735,False
2021-09-01,C,buy_call,3.0,1,-2.4058,-3.0,-0.03,False
2021-09-01,CAT,skip,0.0,0,-8.9629,0.0,0.0,False
2021-09-01,CHTR,buy_call,2.2831,1,-10.9103,-2.2831,-0.022831,False
2021-09-01,CI,buy_call,2.6221,1,-5.4288,-2.6221,-0.026221,False
2021-09-01,CMCSA,buy_call,2.2831,1,-7.828,-2.2831,-0.022831,False
2021-09-01,COST,buy_call,2.5906,1,-1.348,-2.5906,-0.025906,False
2021-09-01,CRM,buy_call,2.3877,1,2.243,-0.1447,-0.001447,False
2021-09-01,CSCO,buy_call,2.0117,1,-7.777,-2.0117,-0.020117,False
2021-09-01,CSX,buy_call,3.0,1,-8.3218,-3.0,-0.03,False
2021-09-01,CVS,buy_call,2.6221,1,-1.771,-2.6221,-0.026221,False
2021-09-01,CVX,skip,0.0,0,6.2496,0.0,0.0,False
2021-09-01,DE,buy_call,2.8493,1,-11.3642,-2.8493,-0.028493,False
2021-09-01,DHR,buy_call,1.7949,1,-6.0834,-1.7949,-0.017949,False
2021-09-01,DIS,skip,0.0,0,-6.6906,0.0,0.0,False
2021-09-01,DUK,buy_call,2.0307,1,-5.89,-2.0307,-0.020307,False
2021-09-01,EL,buy_call,3.0,1,-11.775,-3.0,-0.03,False
2021-09-01,ELV,buy_call,2.6221,1,-0.6211,-2.6221,-0.026221,False
2021-09-01,EW,buy_call,1.7949,1,-3.388,-1.7949,-0.017949,False
2021-09-01,GE,buy_call,2.8493,1,-2.2579,-2.8493,-0.028493,False
2021-09-01,GOOGL,buy_call,1.9865,1,-7.6169,-1.9865,-0.019865,False
2021-09-01,GS,buy_call,2.3088,1,-8.136,-2.3088,-0.023088,False
2021-09-01,HD,buy_call,1.8526,1,0.6377,-1.2149,-0.012149,False
2021-09-01,HON,buy_call,2.0117,1,-8.0995,-2.0117,-0.020117,False
2021-09-01,HUM,buy_call,2.6221,1,-4.0132,-2.6221,-0.026221,False
2021-09-01,INTC,skip,0.0,0,-0.8024,0.0,0.0,False
2021-09-01,INTU,buy_call,2.2644,1,-4.6987,-2.2644,-0.022644,False
2021-09-01,ISRG,buy_call,1.7949,1,-5.639,-1.7949,-0.017949,False
2021-09-01,ITW,buy_call,2.0117,1,-11.2643,-2.0117,-0.020117,False
2021-09-01,JNJ,buy_call,1.4162,1,-6.1632,-1.4162,-0.014162,False
2021-09-01,JPM,buy_call,2.3088,1,2.3382,0.0294,0.000294,False
2021-09-01,KO,buy_call,2.0307,1,-6.8194,-2.0307,-0.020307,False
2021-09-01,LLY,buy_call,2.7941,1,-10.2575,-2.7941,-0.027941,False
2021-09-01,LMT,buy_call,2.8493,1,-3.3918,-2.8493,-0.028493,False
2021-09-01,LOW,buy_call,1.8526,1,-0.5052,-1.8526,-0.018526,False
2021-09-01,LRCX,buy_call,4.2864,1,-5.8976,-4.2864,-0.042864,False
2021-09-01,MA,skip,0.0,0,0.4188,0.0,0.0,False
2021-09-01,MCD,buy_call,2.0307,1,2.0938,0.0631,0.000631,False
2021-09-01,MDLZ,buy_call,0.8905,1,-6.2671,-0.8905,-0.008905,False
2021-09-01,MDT,buy_call,1.7949,1,-6.0908,-1.7949,-0.017949,False
2021-09-01,META,buy_call,4.3383,1,-10.5409,-4.3383,-0.043383,False
2021-09-01,MMM,buy_call,2.0117,1,-9.2333,-2.0117,-0.020117,False
2021-09-01,MRK,buy_call,1.9437,1,-1.5467,-1.9437,-0.019437,False
2021-09-01,MS,buy_call,2.3088,1,-6.818,-2.3088,-0.023088,False
2021-09-01,MSFT,buy_call,1.6327,1,-6.4331,-1.6327,-0.016327,False
2021-09-01,MU,skip,0.0,0,-3.6906,0.0,0.0,False
2021-09-01,NEE,buy_call,2.0307,1,-6.0849,-2.0307,-0.020307,False
2021-09-01,NFLX,buy_call,2.604,1,7.2296,4.6256,0.046256,False
2021-09-01,NKE,buy_call,4.2204,1,-11.6974,-4.2204,-0.042204,False
2021-09-01,NOW,buy_call,2.86,1,-3.3202,-2.86,-0.0286,False
2021-09-01,NVDA,buy_call,3.9625,1,-7.4396,-3.9625,-0.039625,False
2021-09-01,ORCL,buy_call,3.3714,1,-2.2439,-3.3714,-0.033714,False
2021-09-01,PEP,buy_call,0.8905,1,-3.8238,-0.8905,-0.008905,False
2021-09-01,PFE,buy_call,2.3037,1,-6.6421,-2.3037,-0.023037,False
2021-09-01,PG,buy_call,1.4709,1,-1.8189,-1.4709,-0.014709,False
2021-09-01,PLD,buy_call,2.0117,1,-6.8543,-2.0117,-0.020117,False
2021-09-01,PYPL,buy_call,2.7116,1,-9.8559,-2.7116,-0.027116,False
2021-09-01,QCOM,buy_call,2.5958,1,-12.0731,-2.5958,-0.025958,False
2021-09-01,SBUX,buy_call,2.0307,1,-5.7467,-2.0307,-0.020307,False
2021-09-01,SCHW,buy_call,2.3088,1,0.2274,-2.0813,-0.020813,False
2021-09-01,SO,buy_call,2.0307,1,-4.764,-2.0307,-0.020307,False
2021-09-01,SPGI,buy_call,2.3088,1,-4.0965,-2.3088,-0.023088,False
2021-09-01,SYK,buy_call,1.7949,1,-4.8286,-1.7949,-0.017949,False
2021-09-01,T,buy_call,2.2831,1,-1.4953,-2.2831,-0.022831,False
2021-09-01,TGT,buy_call,1.4197,1,-7.0552,-1.4197,-0.014197,False
2021-09-01,TJX,buy_call,1.4197,1,-8.937,-1.4197,-0.014197,False
2021-09-01,TMO,buy_call,2.8279,1,2.9517,0.1238,0.001238,False
2021-09-01,TMUS,buy_call,2.2831,1,-6.7581,-2.2831,-0.022831,False
2021-09-01,TSLA,buy_call,4.1433,1,5.4042,1.2609,0.012609,False
2021-09-01,TXN,buy_call,4.2864,1,0.681,-3.6054,-0.036054,False
2021-09-01,UNH,buy_call,2.6221,1,-6.1331,-2.6221,-0.026221,False
2021-09-01,UNP,buy_call,2.8493,1,-9.1672,-2.8493,-0.028493,False
2021-09-01,UPS,buy_call,2.0117,1,-6.4243,-2.0117,-0.020117,False
2021-09-01,V,buy_call,2.0059,1,-2.6392,-2.0059,-0.020059,False
2021-09-01,VRTX,skip,0.0,0,-9.4363,0.0,0.0,False
2021-09-01,VZ,buy_call,2.2831,1,-1.8,-2.2831,-0.022831,False
2021-09-01,WMT,buy_call,1.4197,1,-5.5416,-1.4197,-0.014197,False
2021-09-01,XOM,buy_call,2.8493,1,9.52,6.6706,0.066706,False
2021-09-01,ZTS,buy_call,2.3037,1,-5.0939,-2.3037,-0.023037,False
2021-10-01,AAPL,buy_call,3.555,2,5.8657,2.3107,0.046214,True
2021-10-01,ABBV,buy_call,4.1718,2,6.3039,2.1321,0.042642,True
2021-10-01,ABT,skip,0.0,0,9.1086,0.0,0.0,True
2021-10-01,ACN,buy_call,2.7381,2,12.1499,9.4118,0.188236,True
2021-10-01,ADBE,buy_call,3.5668,2,12.9646,9.3978,0.187956,True
2021-10-01,AMAT,skip,0.0,0,6.1524,0.0,0.0,True
2021-10-01,AMD,buy_call,2.162,2,16.8416,14.6796,0.293592,True
2021-10-01,AMGN,skip,0.0,0,-2.671,0.0,0.0,True
2021-10-01,AMT,buy_call,3.6347,2,6.7349,3.1002,0.062004,True
2021-10-01,AMZN,buy_call,3.8265,2,2.6602,-1.1662,-0.023324,True
2021-10-01,AVGO,buy_call,2.959,2,10.4421,7.4831,0.149662,True
2021-10-01,AXP,buy_call,3.8468,2,3.7307,-0.1162,-0.002324,True
2021-10-01,BA,skip,0.0,0,-5.8698,0.0,0.0,True
2021-10-01,BAC,buy_call,3.2395,2,13.1327,9.8932,0.197864,True
2021-10-01,BKNG,buy_call,3.0,2,1.9761,-1.0239,-0.020478,True
2021-10-01,BLK,buy_call,2.7389,2,12.987,10.2481,0.204962,True
2021-10-01,BMY,skip,0.0,0,-0.497,0.0,0.0,True
2021-10-01,BRK-B,buy_call,1.7763,2,5.155,3.3787,0.067574,True
2021-10-01,C,skip,0.0,0,-1.4534,0.0,0.0,True
2021-10-01,CAT,skip,0.0,0,6.2718,0.0,0.0,True
2021-10-01,CHTR,buy_call,3.0433,2,-7.2393,-3.0433,-0.060866,True
2021-10-01,CI,skip,0.0,0,7.2139,0.0,0.0,True
2021-10-01,CMCSA,buy_call,3.0433,2,-8.0458,-3.0433,-0.060866,True
2021-10-01,COST,buy_call,1.5042,2,9.3891,7.885,0.1577,True
2021-10-01,CRM,buy_call,2.3924,2,10.497,8.1046,0.162092,True
2021-10-01,CSCO,buy_call,3.6347,2,2.8293,-0.8054,-0.016108,True
2021-10-01,CSX,skip,0.0,0,21.6207,0.0,0.0,True
2021-10-01,CVS,buy_call,2.4055,2,5.2086,2.803,0.05606,True
2021-10-01,CVX,skip,0.0,0,12.8536,0.0,0.0,True
2021-10-01,DE,skip,0.0,0,2.4647,0.0,0.0,True
2021-10-01,DHR,buy_call,1.6172,2,2.4785,0.8613,0.017226,True
2021-10-01,DIS,skip,0.0,0,-0.0591,0.0,0.0,True
2021-10-01,DUK,buy_call,2.2827,2,4.5292,2.2465,0.04493,True
2021-10-01,EL,buy_call,3.0,2,8.1353,5.1353,0.102706,True
2021-10-01,ELV,buy_call,2.4055,2,17.0761,14.6705,0.29341,True
2021-10-01,EW,buy_call,1.6172,2,5.8387,4.2215,0.08443,True
2021-10-01,GE,skip,0.0,0,1.865,0.0,0.0,True
2021-10-01,GOOGL,buy_call,3.6987,2,10.7499,7.0512,0.141024,True
2021-10-01,GS,buy_call,2.7389,2,9.3432,6.6043,0.132086,True
2021-10-01,HD,buy_call,1.8029,2,13.8213,12.0184,0.240368,True
2021-10-01,HON,skip,0.0,0,2.9866,0.0,0.0,True
2021-10-01,HUM,skip,0.0,0,19.2297,0.0,0.0,True
2021-10-01,INTC,skip,0.0,0,-8.033,0.0,0.0,True
2021-10-01,INTU,buy_call,1.9633,2,16.0293,14.0661,0.281322,True
2021-10-01,ISRG,buy_call,1.6172,2,8.9765,7.3593,0.147186,True
2021-10-01,ITW,skip,0.0,0,10.9119,0.0,0.0,True
2021-10-01,JNJ,skip,0.0,0,0.8545,0.0,0.0,True
2021-10-01,JPM,buy_call,2.7389,2,3.7876,1.0488,0.020976,True
2021-10-01,KO,buy_call,2.2827,2,8.2436,5.9609,0.119218,True
2021-10-01,LLY,buy_call,3.4823,2,10.2618,6.7795,0.13559,True
2021-10-01,LMT,skip,0.0,0,-3.7033,0.0,0.0,True
2021-10-01,LOW,buy_call,1.8029,2,15.2618,13.4588,0.269176,True
2021-10-01,LRCX,skip,0.0,0,-0.7373,0.0,0.0,True
2021-10-01,MA,skip,0.0,0,-3.4975,0.0,0.0,True
2021-10-01,MCD,buy_call,2.2827,2,1.8415,-0.4412,-0.008824,True
2021-10-01,MDLZ,buy_call,1.7401,2,5.0264,3.2863,0.065726,True
2021-10-01,MDT,buy_call,1.6172,2,-3.9101,-1.6172,-0.032344,True
2021-10-01,META,buy_call,4.3383,2,-4.6613,-4.3383,-0.086766,True
2021-10-01,MMM,skip,0.0,0,1.8584,0.0,0.0,True
2021-10-01,MRK,buy_call,3.3531,2,18.2787,14.9256,0.298512,True
2021-10-01,MS,buy_call,2.7389,2,5.6212,2.8823,0.057646,True
2021-10-01,MSFT,buy_call,3.5668,2,17.6291,14.0623,0.281246,True
2021-10-01,MU,skip,0.0,0,-2.5125,0.0,0.0,True
2021-10-01,NEE,buy_call,2.2827,2,8.6729,6.3903,0.127806,True
2021-10-01,NFLX,buy_call,4.5735,2,13.1025,8.5291,0.170582,True
2021-10-01,NKE,buy_call,3.5085,2,15.1897,11.6811,0.233622,True
2021-10-01,NOW,buy_call,4.5789,2,12.1314,7.5525,0.15105,True
2021-10-01,NVDA,buy_call,2.162,2,23.4167,21.2547,0.425094,True
2021-10-01,ORCL,buy_call,2.6619,2,10.1114,7.4495,0.14899,True
2021-10-01,PEP,buy_call,1.7401,2,8.1761,6.436,0.12872,True
2021-10-01,PFE,buy_call,4.1718,2,1.6973,-2.4745,-0.04949,True
2021-10-01,PG,buy_call,2.0543,2,2.2818,0.2275,0.00455,True
2021-10-01,PLD,buy_call,3.6347,2,16.1193,12.4846,0.249692,True
2021-10-01,PYPL,buy_call,3.8468,2,-10.6145,-3.8468,-0.076936,True
2021-10-01,QCOM,skip,0.0,0,3.6282,0.0,0.0,True
2021-10-01,SBUX,buy_call,2.2827,2,-3.8437,-2.2827,-0.045654,True
2021-10-01,SCHW,buy_call,2.7389,2,12.6167,9.8778,0.197556,True
2021-10-01,SO,buy_call,2.2827,2,0.5648,-1.7179,-0.034358,True
2021-10-01,SPGI,buy_call,2.7389,2,11.5959,8.8571,0.177142,True
2021-10-01,SYK,buy_call,1.6172,2,1.129,-0.4883,-0.009766,True
2021-10-01,T,skip,0.0,0,-6.4791,0.0,0.0,True
2021-10-01,TGT,buy_call,1.6312,2,13.4852,11.854,0.23708,True
2021-10-01,TJX,buy_call,1.6312,2,-0.7426,-1.6312,-0.032624,True
2021-10-01,TMO,buy_call,2.8279,2,10.8579,8.03,0.1606,True
2021-10-01,TMUS,buy_call,3.0433,2,-9.964,-3.0433,-0.060866,True
2021-10-01,TSLA,buy_call,6.3803,2,43.653,37.2727,0.745454,True
2021-10-01,TXN,buy_call,2.959,2,-2.4608,-2.959,-0.05918,True
2021-10-01,UNH,buy_call,2.4055,2,18.2593,15.8538,0.317076,True
2021-10-01,UNP,skip,0.0,0,23.157,0.0,0.0,True
2021-10-01,UPS,buy_call,3.6347,2,17.2268,13.5921,0.271842,True
2021-10-01,V,buy_call,1.9704,2,-4.9293,-1.9704,-0.039408,True
2021-10-01,VRTX,skip,0.0,0,1.9516,0.0,0.0,True
2021-10-01,VZ,skip,0.0,0,-1.8885,0.0,0.0,True
2021-10-01,WMT,buy_call,1.6312,2,7.2033,5.5722,0.111444,True
2021-10-01,XOM,buy_call,5.722,2,9.6056,3.8836,0.077672,True
2021-10-01,ZTS,buy_call,4.1718,2,11.3629,7.1911,0.143822,True
2021-11-01,AAPL,buy_call,2.4288,1,10.3471,7.9183,0.079183,False
2021-11-01,ABBV,buy_call,2.22,1,1.7508,-0.4693,-0.004693,False
2021-11-01,ABT,buy_call,1.8762,1,-2.0439,-1.8762,-0.018762,False
2021-11-01,ACN,buy_call,2.2462,1,-0.0917,-2.2462,-0.022462,False
2021-11-01,ADBE,buy_call,2.4396,1,2.9968,0.5572,0.005572,False
2021-11-01,AMAT,buy_call,2.6323,1,7.7132,5.0809,0.050809,False
2021-11-01,AMD,buy_call,5.3316,1,31.7225,26.3909,0.263909,False
2021-11-01,AMGN,skip,0.0,0,-3.9088,0.0,0.0,False
2021-11-01,AMT,buy_call,3.6262,1,-6.912,-3.6262,-0.036262,False
2021-11-01,AMZN,skip,0.0,0,3.9924,0.0,0.0,False
2021-11-01,AVGO,buy_call,2.6323,1,4.1398,1.5075,0.015075,False
2021-11-01,AXP,buy_call,3.1361,1,-12.1426,-3.1361,-0.031361,False
2021-11-01,BA,skip,0.0,0,-4.4341,0.0,0.0,False
2021-11-01,BAC,buy_call,2.7085,1,-6.9276,-2.7085,-0.027085,False
2021-11-01,BKNG,skip,0.0,0,-13.1747,0.0,0.0,False
2021-11-01,BLK,buy_call,2.3852,1,-4.1178,-2.3852,-0.023852,False
2021-11-01,BMY,skip,0.0,0,-8.1678,0.0,0.0,False
2021-11-01,BRK-B,buy_call,1.3616,1,-3.5957,-1.3616,-0.013616,False
2021-11-01,C,skip,0.0,0,-7.2272,0.0,0.0,False
2021-11-01,CAT,skip,0.0,0,-4.7019,0.0,0.0,False
2021-11-01,CHTR,buy_call,2.0666,1,-4.2392,-2.0666,-0.020666,False
2021-11-01,CI,skip,0.0,0,-10.1634,0.0,0.0,False
2021-11-01,CMCSA,skip,0.0,0,-2.3896,0.0,0.0,False
2021-11-01,COST,buy_call,2.1847,1,9.9102,7.7255,0.077255,False
2021-11-01,CRM,buy_call,3.2996,1,-4.9151,-3.2996,-0.032996,False
2021-11-01,CSCO,buy_call,3.6262,1,-1.357,-3.6262,-0.036262,False
2021-11-01,CSX,buy_call,3.0,1,-4.1747,-3.0,-0.03,False
2021-11-01,CVS,buy_call,1.8194,1,0.3332,-1.4862,-0.014862,False
2021-11-01,CVX,buy_call,3.159,1,-1.415,-3.159,-0.03159,False
2021-11-01,DE,skip,0.0,0,0.9436,0.0,0.0,False
2021-11-01,DHR,buy_call,1.8762,1,3.1658,1.2896,0.012896,False
2021-11-01,DIS,skip,0.0,0,-14.2959,0.0,0.0,False
2021-11-01,DUK,buy_call,1.269,1,-4.9015,-1.269,-0.01269,False
2021-11-01,EL,buy_call,3.0,1,2.3864,-0.6136,-0.006136,False
2021-11-01,ELV,buy_call,1.8194,1,-6.6417,-1.8194,-0.018194,False
2021-11-01,EW,buy_call,1.8762,1,-10.4407,-1.8762,-0.018762,False
2021-11-01,GE,buy_call,3.6203,1,-9.4212,-3.6203,-0.036203,False
2021-11-01,GOOGL,buy_call,2.3934,1,-4.1531,-2.3934,-0.023934,False
2021-11-01,GS,buy_call,2.3852,1,-7.8287,-2.3852,-0.023852,False
2021-11-01,HD,buy_call,2.1807,1,7.7662,5.5854,0.055854,False
2021-11-01,HON,skip,0.0,0,-7.4925,0.0,0.0,False
2021-11-01,HUM,buy_call,1.8194,1,-9.3812,-1.8194,-0.018194,False
2021-11-01,INTC,skip,0.0,0,0.4082,0.0,0.0,False
2021-11-01,INTU,buy_call,3.6561,1,4.3356,0.6795,0.006795,False
2021-11-01,ISRG,buy_call,1.8762,1,-10.1875,-1.8762,-0.018762,False
2021-11-01,ITW,skip,0.0,0,1.8783,0.0,0.0,False
2021-11-01,JNJ,buy_call,2.8819,1,-4.2669,-2.8819,-0.028819,False
2021-11-01,JPM,buy_call,2.3852,1,-5.9467,-2.3852,-0.023852,False
2021-11-01,KO,buy_call,1.269,1,-6.9541,-1.269,-0.01269,False
2021-11-01,LLY,buy_call,2.1443,1,-2.6378,-2.1443,-0.021443,False
2021-11-01,LMT,skip,0.0,0,0.3009,0.0,0.0,False
2021-11-01,LOW,buy_call,2.1807,1,4.9848,2.8041,0.028041,False
2021-11-01,LRCX,skip,0.0,0,20.6328,0.0,0.0,False
2021-11-01,MA,skip,0.0,0,-6.0211,0.0,0.0,False
2021-11-01,MCD,buy_call,1.269,1,-0.3869,-1.269,-0.01269,False
2021-11-01,MDLZ,buy_call,1.172,1,-2.9635,-1.172,-0.01172,False
2021-11-01,MDT,skip,0.0,0,-10.9795,0.0,0.0,False
2021-11-01,META,skip,0.0,0,0.275,0.0,0.0,False
2021-11-01,MMM,skip,0.0,0,-4.8355,0.0,0.0,False
2021-11-01,MRK,buy_call,2.5943,1,-14.9234,-2.5943,-0.025943,False
2021-11-01,MS,buy_call,2.3852,1,-7.1064,-2.3852,-0.023852,False
2021-11-01,MSFT,buy_call,2.4396,1,-0.3106,-2.4396,-0.024396,False
2021-11-01,MU,skip,0.0,0,21.563,0.0,0.0,False
2021-11-01,NEE,buy_call,1.269,1,1.6993,0.4303,0.004303,False
2021-11-01,NFLX,buy_call,4.4729,1,-7.0128,-4.4729,-0.044729,False
2021-11-01,NKE,buy_call,1.7856,1,1.1656,-0.62,-0.0062,False
2021-11-01,NOW,buy_call,3.0216,1,-7.1744,-3.0216,-0.030216,False
2021-11-01,NVDA,buy_call,5.3316,1,27.8054,22.4738,0.224738,False
2021-11-01,ORCL,buy_call,2.3458,1,-5.091,-2.3458,-0.023458,False
2021-11-01,PEP,buy_call,1.172,1,-1.1262,-1.172,-0.01172,False
2021-11-01,PFE,buy_call,2.22,1,22.8395,20.6195,0.206195,False
2021-11-01,PG,buy_call,1.4234,1,1.7388,0.3153,0.003153,False
2021-11-01,PLD,buy_call,3.6262,1,3.9942,0.3679,0.003679,False
2021-11-01,PYPL,skip,0.0,0,-20.5082,0.0,0.0,False
2021-11-01,QCOM,skip,0.0,0,35.7186,0.0,0.0,False
2021-11-01,SBUX,skip,0.0,0,3.3657,0.0,0.0,False
2021-11-01,SCHW,buy_call,2.3852,1,-5.6565,-2.3852,-0.023852,False
2021-11-01,SO,skip,0.0,0,-1.9576,0.0,0.0,False
2021-11-01,SPGI,buy_call,2.3852,1,-3.8869,-2.3852,-0.023852,False
2021-11-01,SYK,buy_call,1.8762,1,-11.0648,-1.8762,-0.018762,False
2021-11-01,T,skip,0.0,0,-7.2826,0.0,0.0,False
2021-11-01,TGT,buy_call,2.4154,1,-6.0781,-2.4154,-0.024154,False
2021-11-01,TJX,skip,0.0,0,5.9704,0.0,0.0,False
2021-11-01,TMO,buy_call,2.8279,1,-0.0379,-2.8279,-0.028279,False
2021-11-01,TMUS,skip,0.0,0,-5.4073,0.0,0.0,False
2021-11-01,TSLA,buy_call,6.7056,1,2.7612,-3.9444,-0.039444,False
2021-11-01,TXN,buy_call,2.6323,1,3.2402,0.6079,0.006079,False
2021-11-01,UNH,buy_call,1.8194,1,-3.529,-1.8194,-0.018194,False
2021-11-01,UNP,buy_call,3.6203,1,-2.3861,-3.6203,-0.036203,False
2021-11-01,UPS,buy_call,3.6262,1,-7.0736,-3.6262,-0.036262,False
2021-11-01,V,skip,0.0,0,-8.4998,0.0,0.0,False
2021-11-01,VRTX,skip,0.0,0,1.0869,0.0,0.0,False
2021-11-01,VZ,skip,0.0,0,-4.0064,0.0,0.0,False
2021-11-01,WMT,buy_call,2.4154,1,-5.8828,-2.4154,-0.024154,False
2021-11-01,XOM,buy_call,3.6203,1,-7.1816,-3.6203,-0.036203,False
2021-11-01,ZTS,buy_call,2.22,1,2.8239,0.6038,0.006038,False
2021-12-01,AAPL,buy_call,2.8148,2,7.5796,4.7648,0.095296,True
2021-12-01,ABBV,buy_call,2.7721,2,17.4532,14.681,0.29362,True
2021-12-01,ABT,buy_call,2.4355,2,11.9027,9.4672,0.189344,True
2021-12-01,ACN,buy_call,2.3143,2,15.9905,13.6762,0.273524,True
2021-12-01,ADBE,buy_call,2.359,2,-15.3452,-2.359,-0.04718,True
2021-12-01,AMAT,buy_call,2.835,2,7.082,4.247,0.08494,True
2021-12-01,AMD,buy_call,5.3747,2,-9.1368,-5.3747,-0.107494,True
2021-12-01,AMGN,skip,0.0,0,14.0682,0.0,0.0,True
2021-12-01,AMT,buy_call,2.3796,2,11.437,9.0574,0.181148,True
2021-12-01,AMZN,buy_call,2.9828,2,-4.9252,-2.9828,-0.059656,True
2021-12-01,AVGO,buy_call,2.835,2,20.1795,17.3445,0.34689,True
2021-12-01,AXP,skip,0.0,0,7.4196,0.0,0.0,True
2021-12-01,BA,skip,0.0,0,1.7539,0.0,0.0,True
2021-12-01,BAC,buy_call,2.9758,2,0.045,-2.9308,-0.058616,True
2021-12-01,BKNG,skip,0.0,0,14.1485,0.0,0.0,True
2021-12-01,BLK,buy_call,2.7314,2,1.2105,-1.5209,-0.030418,True
2021-12-01,BMY,skip,0.0,0,16.2595,0.0,0.0,True
2021-12-01,BRK-B,skip,0.0,0,8.0632,0.0,0.0,True
2021-12-01,C,skip,0.0,0,-5.1962,0.0,0.0,True
2021-12-01,CAT,skip,0.0,0,6.9253,0.0,0.0,True
2021-12-01,CHTR,skip,0.0,0,0.8804,0.0,0.0,True
2021-12-01,CI,skip,0.0,0,19.6613,0.0,0.0,True
2021-12-01,CMCSA,skip,0.0,0,0.7003,0.0,0.0,True
2021-12-01,COST,buy_call,2.484,2,5.2505,2.7664,0.055328,True
2021-12-01,CRM,buy_call,2.8014,2,-10.8191,-2.8014,-0.056028,True
2021-12-01,CSCO,buy_call,2.3796,2,15.5544,13.1748,0.263496,True
2021-12-01,CSX,buy_call,3.0,2,8.7668,5.7668,0.115336,True
2021-12-01,CVS,buy_call,2.6011,2,15.832,13.231,0.26462,True
2021-12-01,CVX,buy_call,3.0457,2,5.1708,2.1251,0.042502,True
2021-12-01,DE,skip,0.0,0,-0.7669,0.0,0.0,True
2021-12-01,DHR,buy_call,2.4355,2,2.2914,-0.1441,-0.002882,True
2021-12-01,DIS,skip,0.0,0,6.8944,0.0,0.0,True
2021-12-01,DUK,skip,0.0,0,9.188,0.0,0.0,True
2021-12-01,EL,buy_call,3.0,2,11.6829,8.6829,0.173658,True
2021-12-01,ELV,buy_call,2.6011,2,14.1078,11.5067,0.230134,True
2021-12-01,EW,buy_call,2.4355,2,20.725,18.2895,0.36579,True
2021-12-01,GE,skip,0.0,0,-0.5474,0.0,0.0,True
2021-12-01,GOOGL,buy_call,2.3906,2,2.0821,-0.3085,-0.00617,True
2021-12-01,GS,buy_call,2.7314,2,0.4095,-2.3219,-0.046438,True
2021-12-01,HD,buy_call,2.3439,2,3.5945,1.2506,0.025012,True
2021-12-01,HON,skip,0.0,0,3.5459,0.0,0.0,True
2021-12-01,HUM,skip,0.0,0,10.5192,0.0,0.0,True
2021-12-01,INTC,skip,0.0,0,5.4027,0.0,0.0,True
2021-12-01,INTU,buy_call,5.1802,2,-1.392,-5.1802,-0.103604,True
2021-12-01,ISRG,buy_call,2.4355,2,10.7788,8.3434,0.166868,True
2021-12-01,ITW,buy_call,2.3796,2,6.3106,3.931,0.07862,True
2021-12-01,JNJ,skip,0.0,0,10.4281,0.0,0.0,True
2021-12-01,JPM,skip,0.0,0,-0.3022,0.0,0.0,True
2021-12-01,KO,skip,0.0,0,13.7639,0.0,0.0,True
2021-12-01,LLY,buy_call,3.0839,2,11.7227,8.6387,0.172774,True
2021-12-01,LMT,skip,0.0,0,7.5094,0.0,0.0,True
2021-12-01,LOW,buy_call,2.3439,2,5.6789,3.335,0.0667,True
2021-12-01,LRCX,buy_call,2.835,2,5.7807,2.9457,0.058914,True
2021-12-01,MA,skip,0.0,0,14.0988,0.0,0.0,True
2021-12-01,MCD,buy_call,1.3995,2,10.2028,8.8033,0.176066,True
2021-12-01,MDLZ,skip,0.0,0,12.5043,0.0,0.0,True
2021-12-01,MDT,skip,0.0,0,-3.0459,0.0,0.0,True
2021-12-01,META,skip,0.0,0,3.6646,0.0,0.0,True
2021-12-01,MMM,skip,0.0,0,5.3138,0.0,0.0,True
2021-12-01,MRK,buy_call,2.8633,2,2.3095,-0.5538,-0.011076,True
2021-12-01,MS,buy_call,2.7314,2,3.5225,0.7911,0.015822,True
2021-12-01,MSFT,buy_call,2.359,2,1.9194,-0.4396,-0.008792,True
2021-12-01,MU,skip,0.0,0,10.8928,0.0,0.0,True
2021-12-01,NEE,buy_call,1.3995,2,8.0589,6.6594,0.133188,True
2021-12-01,NFLX,buy_call,4.3808,2,-6.1474,-4.3808,-0.087616,True
2021-12-01,NKE,buy_call,2.3974,2,-1.5185,-2.3974,-0.047948,True
2021-12-01,NOW,buy_call,3.9567,2,0.2177,-3.739,-0.07478,True
2021-12-01,NVDA,buy_call,5.3747,2,-9.992,-5.3747,-0.107494,True
2021-12-01,ORCL,buy_call,3.5955,2,-3.8902,-3.5955,-0.07191,True
2021-12-01,PEP,buy_call,2.0911,2,8.7182,6.6271,0.132542,True
2021-12-01,PFE,buy_call,2.7721,2,10.866,8.0939,0.161878,True
2021-12-01,PG,buy_call,2.3338,2,13.1415,10.8077,0.216154,True
2021-12-01,PLD,buy_call,2.3796,2,11.6816,9.3021,0.186042,True
2021-12-01,PYPL,skip,0.0,0,1.9958,0.0,0.0,True
2021-12-01,QCOM,buy_call,3.7675,2,1.2794,-2.4882,-0.049764,True
2021-12-01,SBUX,skip,0.0,0,7.1455,0.0,0.0,True
2021-12-01,SCHW,buy_call,2.7314,2,8.9131,6.1817,0.123634,True
2021-12-01,SO,skip,0.0,0,13.4296,0.0,0.0,True
2021-12-01,SPGI,buy_call,2.7314,2,3.729,0.9976,0.019952,True
2021-12-01,SYK,skip,0.0,0,13.0119,0.0,0.0,True
2021-12-01,T,skip,0.0,0,7.7529,0.0,0.0,True
2021-12-01,TGT,buy_call,2.0563,2,-4.761,-2.0563,-0.041126,True
2021-12-01,TJX,buy_call,2.0563,2,9.8033,7.747,0.15494,True
2021-12-01,TMO,buy_call,2.4137,2,5.4375,3.0237,0.060474,True
2021-12-01,TMUS,skip,0.0,0,6.5895,0.0,0.0,True
2021-12-01,TSLA,buy_call,6.8555,2,-7.6855,-6.8555,-0.13711,True
2021-12-01,TXN,buy_call,2.835,2,-2.0273,-2.835,-0.0567,True
2021-12-01,UNH,buy_call,2.6011,2,13.0386,10.4375,0.20875,True
2021-12-01,UNP,buy_call,2.7571,2,6.9131,4.1559,0.083118,True
2021-12-01,UPS,skip,0.0,0,8.5844,0.0,0.0,True
2021-12-01,V,skip,0.0,0,12.0356,0.0,0.0,True
2021-12-01,VRTX,skip,0.0,0,17.4708,0.0,0.0,True
2021-12-01,VZ,skip,0.0,0,3.3619,0.0,0.0,True
2021-12-01,WMT,skip,0.0,0,2.887,0.0,0.0,True
2021-12-01,XOM,buy_call,2.7571,2,3.6302,0.8731,0.017462,True
2021-12-01,ZTS,buy_call,2.7721,2,9.9036,7.1315,0.14263,True
2022-01-01,AAPL,buy_call,4.4037,1,-1.5712,-4.4037,-0.044037,False
2022-01-01,ABBV,buy_call,4.372,1,1.1004,-3.2715,-0.032715,False
2022-01-01,ABT,buy_call,4.6665,1,-9.4358,-4.6665,-0.046665,False
2022-01-01,ACN,buy_call,5.7664,1,-14.7075,-5.7664,-0.057664,False
2022-01-01,ADBE,skip,0.0,0,-5.7772,0.0,0.0,False
2022-01-01,ADI,buy_call,4.1877,1,-6.356,-4.1877,-0.041877,False
2022-01-01,ADP,buy_call,5.6171,1,-16.0154,-5.6171,-0.056171,False
2022-01-01,AMAT,buy_call,4.1877,1,-12.1886,-4.1877,-0.041877,False
2022-01-01,AMD,buy_call,7.5321,1,-20.6046,-7.5321,-0.075321,False
2022-01-01,AMT,buy_call,5.6171,1,-13.59,-5.6171,-0.056171,False
2022-01-01,AMZN,skip,0.0,0,-10.283,0.0,0.0,False
2022-01-01,AVGO,buy_call,4.1877,1,-11.3888,-4.1877,-0.041877,False
2022-01-01,AXP,skip,0.0,0,9.9144,0.0,0.0,False
2022-01-01,BA,skip,0.0,0,-0.5365,0.0,0.0,False
2022-01-01,BAC,buy_call,3.6848,1,4.2079,0.523,0.00523,False
2022-01-01,BDX,buy_call,4.6665,1,1.4158,-3.2507,-0.032507,False
2022-01-01,BKNG,buy_call,3.0,1,2.3716,-0.6284,-0.006284,False
2022-01-01,BLK,buy_call,3.3603,1,-9.7017,-3.3603,-0.033603,False
2022-01-01,BMY,skip,0.0,0,4.0738,0.0,0.0,False
2022-01-01,BRK-B,buy_call,2.9539,1,4.689,1.7351,0.017351,False
2022-01-01,C,skip,0.0,0,7.8324,0.0,0.0,False
2022-01-01,CAT,skip,0.0,0,-2.5056,0.0,0.0,False
2022-01-01,COST,buy_call,4.2745,1,-11.0216,-4.2745,-0.042745,False
2022-01-01,CRM,buy_call,4.5034,1,-8.4602,-4.5034,-0.045034,False
2022-01-01,CSCO,buy_call,5.6171,1,-12.1509,-5.6171,-0.056171,False
2022-01-01,CVS,buy_call,3.8012,1,3.2474,-0.5538,-0.005538,False
2022-01-01,CVX,buy_call,4.5856,1,11.9131,7.3274,0.073274,False
2022-01-01,DE,skip,0.0,0,10.1072,0.0,0.0,False
2022-01-01,DHR,buy_call,4.6665,1,-13.08,-4.6665,-0.046665,False
2022-01-01,DIS,skip,0.0,0,-7.6958,0.0,0.0,False
2022-01-01,DUK,buy_call,2.5217,1,0.1525,-2.3691,-0.023691,False
2022-01-01,EL,buy_call,3.0,1,-15.778,-3.0,-0.03,False
2022-01-01,ELV,buy_call,3.8012,1,-4.5983,-3.8012,-0.038012,False
2022-01-01,EQIX,buy_call,5.6171,1,-14.2982,-5.6171,-0.056171,False
2022-01-01,F,buy_call,4.5847,1,-2.2629,-4.5847,-0.045847,False
2022-01-01,GILD,buy_call,4.372,1,-4.4517,-4.372,-0.04372,False
2022-01-01,GM,skip,0.0,0,-10.0631,0.0,0.0,False
2022-01-01,GOOGL,buy_call,3.4858,1,-6.5919,-3.4858,-0.034858,False
2022-01-01,GS,buy_call,3.3603,1,-6.7961,-3.3603,-0.033603,False
2022-01-01,HD,buy_call,3.9749,1,-11.2075,-3.9749,-0.039749,False
2022-01-01,HON,skip,0.0,0,-1.9328,0.0,0.0,False
2022-01-01,HUM,buy_call,3.8012,1,-15.2575,-3.8012,-0.038012,False
2022-01-01,INTC,skip,0.0,0,-5.2039,0.0,0.0,False
2022-01-01,INTU,buy_call,3.5689,1,-13.6796,-3.5689,-0.035689,False
2022-01-01,ISRG,buy_call,4.6665,1,-20.9073,-4.6665,-0.046665,False
2022-01-01,ITW,buy_call,5.6171,1,-4.7484,-5.6171,-0.056171,False
2022-01-01,JNJ,buy_call,2.8231,1,0.7131,-2.11,-0.0211,False
2022-01-01,JPM,buy_call,3.3603,1,-6.1572,-3.3603,-0.033603,False
2022-01-01,KLAC,buy_call,4.1877,1,-9.4952,-4.1877,-0.041877,False
2022-01-01,KO,buy_call,2.5217,1,3.04,0.5184,0.005184,False
2022-01-01,LLY,buy_call,4.3933,1,-11.1614,-4.3933,-0.043933,False
2022-01-01,LMT,skip,0.0,0,9.4877,0.0,0.0,False
2022-01-01,LOW,buy_call,3.9749,1,-8.1747,-3.9749,-0.039749,False
2022-01-01,LRCX,buy_call,4.1877,1,-17.7898,-4.1877,-0.041877,False
2022-01-01,MA,skip,0.0,0,7.5309,0.0,0.0,False
2022-01-01,MDLZ,buy_call,3.5516,1,1.6217,-1.9299,-0.019299,False
2022-01-01,MDT,skip,0.0,0,0.6759,0.0,0.0,False
2022-01-01,META,skip,0.0,0,-6.8649,0.0,0.0,False
2022-01-01,MMM,skip,0.0,0,-6.536,0.0,0.0,False
2022-01-01,MRK,buy_call,4.4526,1,7.3238,2.8712,0.028712,False
2022-01-01,MS,buy_call,3.3603,1,4.4621,1.1018,0.011018,False
2022-01-01,MSFT,buy_call,5.1746,1,-7.5345,-5.1746,-0.051746,False
2022-01-01,MU,buy_call,7.5321,1,-11.5859,-7.5321,-0.075321,False
2022-01-01,NEE,buy_call,2.5217,1,-16.3239,-2.5217,-0.025217,False
2022-01-01,NFLX,buy_call,6.1372,1,-29.0983,-6.1372,-0.061372,False
2022-01-01,NKE,buy_call,4.4014,1,-11.0001,-4.4014,-0.044014,False
2022-01-01,NOW,buy_call,7.6917,1,-9.7564,-7.6917,-0.076917,False
2022-01-01,NVDA,buy_call,7.5321,1,-16.7352,-7.5321,-0.075321,False
2022-01-01,ORCL,buy_call,3.8263,1,-6.9373,-3.8263,-0.038263,False
2022-01-01,PEP,buy_call,3.5516,1,0.5656,-2.986,-0.02986,False
2022-01-01,PFE,buy_call,4.372,1,-10.7705,-4.372,-0.04372,False
2022-01-01,PG,buy_call,3.013,1,-1.9134,-3.013,-0.03013,False
2022-01-01,PLD,buy_call,5.6171,1,-6.484,-5.6171,-0.056171,False
2022-01-01,PM,skip,0.0,0,9.7375,0.0,0.0,False
2022-01-01,PYPL,skip,0.0,0,-8.8238,0.0,0.0,False
2022-01-01,QCOM,buy_call,6.6297,1,-3.5247,-6.6297,-0.066297,False
2022-01-01,REGN,buy_call,4.372,1,-3.6309,-4.372,-0.04372,False
2022-01-01,RTX,buy_call,4.5847,1,4.799,0.2143,0.002143,False
2022-01-01,SBUX,buy_call,2.5217,1,-15.9443,-2.5217,-0.025217,False
2022-01-01,SCHW,buy_call,3.3603,1,4.2806,0.9203,0.009203,False
2022-01-01,SHW,buy_call,5.6171,1,-18.6421,-5.6171,-0.056171,False
2022-01-01,SO,buy_call,2.5217,1,1.3269,-1.1948,-0.011948,False
2022-01-01,SPGI,buy_call,3.3603,1,-12.0166,-3.3603,-0.033603,False
2022-01-01,SYK,buy_call,4.6665,1,-7.0049,-4.6665,-0.046665,False
2022-01-01,T,skip,0.0,0,3.6586,0.0,0.0,False
2022-01-01,TGT,skip,0.0,0,-4.7572,0.0,0.0,False
2022-01-01,TJX,buy_call,3.0659,1,-5.2028,-3.0659,-0.030659,False
2022-01-01,TMO,buy_call,2.8279,1,-12.8449,-2.8279,-0.028279,False
2022-01-01,TMUS,skip,0.0,0,-6.7339,0.0,0.0,False
2022-01-01,TSLA,buy_call,9.8826,1,-11.3609,-9.8826,-0.098826,False
2022-01-01,TXN,skip,0.0,0,-4.7647,0.0,0.0,False
2022-01-01,UNH,buy_call,3.8012,1,-5.5818,-3.8012,-0.038012,False
2022-01-01,UNP,buy_call,4.5847,1,-2.466,-4.5847,-0.045847,False
2022-01-01,UPS,buy_call,5.6171,1,-5.6592,-5.6171,-0.056171,False
2022-01-01,V,skip,0.0,0,4.3653,0.0,0.0,False
2022-01-01,VRTX,buy_call,4.372,1,10.6785,6.3065,0.063065,False
2022-01-01,VZ,skip,0.0,0,2.4442,0.0,0.0,False
2022-01-01,WFC,buy_call,4.2131,1,12.13,7.917,0.07917,False
2022-01-01,ZTS,buy_call,4.372,1,-18.1289,-4.372,-0.04372,False
2022-02-01,AAPL,buy_call,2.822,4,-5.527,-2.822,-0.11288,True
2022-02-01,ABBV,buy_call,3.0708,4,9.0682,5.9974,0.239896,True
2022-02-01,ABT,buy_call,2.237,4,-5.0326,-2.237,-0.08948,True
2022-02-01,ACN,buy_call,4.0992,4,-10.391,-4.0992,-0.163968,True
2022-02-01,ADBE,skip,0.0,0,-12.4686,0.0,0.0,True
2022-02-01,ADI,skip,0.0,0,-2.2443,0.0,0.0,True
2022-02-01,ADP,skip,0.0,0,-0.8391,0.0,0.0,True
2022-02-01,AMAT,skip,0.0,0,-2.8803,0.0,0.0,True
2022-02-01,AMD,buy_call,6.4433,4,7.9562,1.513,0.06052,True
2022-02-01,AMT,skip,0.0,0,-9.7932,0.0,0.0,True
2022-02-01,AMZN,skip,0.0,0,2.6673,0.0,0.0,True
2022-02-01,AVGO,buy_call,4.9248,4,0.2663,-4.6586,-0.186344,True
2022-02-01,AXP,buy_call,3.6422,4,8.4575,4.8153,0.192612,True
2022-02-01,BA,skip,0.0,0,2.5469,0.0,0.0,True
2022-02-01,BAC,buy_call,3.7822,4,-4.2046,-3.7822,-0.151288,True
2022-02-01,BDX,buy_call,2.237,4,6.7444,4.5074,0.180296,True
2022-02-01,BKNG,buy_call,3.0,4,-11.558,-3.0,-0.12,True
2022-02-01,BLK,skip,0.0,0,-9.6058,0.0,0.0,True
2022-02-01,BMY,skip,0.0,0,6.7526,0.0,0.0,True
2022-02-01,BRK-B,buy_call,2.8756,4,2.6931,-0.1825,-0.0073,True
2022-02-01,C,skip,0.0,0,-9.0449,0.0,0.0,True
2022-02-01,CAT,skip,0.0,0,-6.4843,0.0,0.0,True
2022-02-01,COST,buy_call,3.6234,4,2.7953,-0.8281,-0.033124,True
2022-02-01,CRM,skip,0.0,0,-9.5001,0.0,0.0,True
2022-02-01,CSCO,buy_call,3.1846,4,0.7699,-2.4146,-0.096584,True
2022-02-01,CVS,buy_call,3.408,4,-2.165,-3.408,-0.13632,True
2022-02-01,CVX,buy_call,3.9317,4,9.6475,5.7157,0.228628,True
2022-02-01,DE,buy_call,3.7494,4,-4.3518,-3.7494,-0.149976,True
2022-02-01,DHR,skip,0.0,0,-3.9819,0.0,0.0,True
2022-02-01,DIS,skip,0.0,0,3.84,0.0,0.0,True
2022-02-01,DUK,buy_call,2.467,4,-4.426,-2.467,-0.09868,True
2022-02-01,EL,skip,0.0,0,-4.9585,0.0,0.0,True
2022-02-01,ELV,buy_call,3.408,4,2.4626,-0.9453,-0.037812,True
2022-02-01,EQIX,skip,0.0,0,-2.0927,0.0,0.0,True
2022-02-01,F,buy_call,3.7494,4,-13.0528,-3.7494,-0.149976,True
2022-02-01,GILD,buy_call,3.0708,4,-12.0559,-3.0708,-0.122832,True
2022-02-01,GM,skip,0.0,0,-11.3977,0.0,0.0,True
2022-02-01,GOOGL,buy_call,3.5652,4,-0.1822,-3.5652,-0.142608,True
2022-02-01,GS,skip,0.0,0,-3.7752,0.0,0.0,True
2022-02-01,HD,buy_call,4.012,4,-13.9381,-4.012,-0.16048,True
2022-02-01,HON,skip,0.0,0,-7.2036,0.0,0.0,True
2022-02-01,HUM,skip,0.0,0,10.6548,0.0,0.0,True
2022-02-01,INTC,skip,0.0,0,-2.2941,0.0,0.0,True
2022-02-01,INTU,buy_call,4.9377,4,-14.4641,-4.9377,-0.197508,True
2022-02-01,ISRG,skip,0.0,0,2.1641,0.0,0.0,True
2022-02-01,ITW,buy_call,3.1846,4,-7.5154,-3.1846,-0.127384,True
2022-02-01,JNJ,buy_call,2.6445,4,-4.4808,-2.6445,-0.10578,True
2022-02-01,JPM,skip,0.0,0,-4.0041,0.0,0.0,True
2022-02-01,KLAC,buy_call,4.9248,4,-10.4734,-4.9248,-0.196992,True
2022-02-01,KO,buy_call,2.467,4,2.0161,-0.4509,-0.018036,True
2022-02-01,LLY,buy_call,3.3685,4,1.8583,-1.5102,-0.060408,True
2022-02-01,LMT,buy_call,3.7494,4,11.4794,7.73,0.3092,True
2022-02-01,LOW,buy_call,4.012,4,-6.5562,-4.012,-0.16048,True
2022-02-01,LRCX,skip,0.0,0,-4.843,0.0,0.0,True
2022-02-01,MA,buy_call,3.6422,4,-6.4927,-3.6422,-0.145688,True
2022-02-01,MDLZ,buy_call,3.2566,4,-2.3124,-3.2566,-0.130264,True
2022-02-01,MDT,skip,0.0,0,1.4494,0.0,0.0,True
2022-02-01,META,skip,0.0,0,-32.6342,0.0,0.0,True
2022-02-01,MMM,skip,0.0,0,-10.4626,0.0,0.0,True
2022-02-01,MRK,buy_call,4.0135,4,-6.0137,-4.0135,-0.16054,True
2022-02-01,MS,buy_call,2.5015,4,-10.8911,-2.5015,-0.10006,True
2022-02-01,MSFT,buy_call,2.8745,4,-3.9199,-2.8745,-0.11498,True
2022-02-01,MU,buy_call,6.4433,4,8.0102,1.567,0.06268,True
2022-02-01,NEE,buy_call,2.467,4,0.192,-2.275,-0.091,True
2022-02-01,NFLX,skip,0.0,0,-7.6368,0.0,0.0,True
2022-02-01,NKE,skip,0.0,0,-7.7801,0.0,0.0,True
2022-02-01,NOW,skip,0.0,0,-1.0004,0.0,0.0,True
2022-02-01,NVDA,buy_call,6.4433,4,-0.4125,-6.4433,-0.257732,True
2022-02-01,ORCL,skip,0.0,0,-6.047,0.0,0.0,True
2022-02-01,PEP,buy_call,3.2566,4,-5.6362,-3.2566,-0.130264,True
2022-02-01,PFE,buy_call,3.0708,4,-10.2356,-3.0708,-0.122832,True
2022-02-01,PG,buy_call,2.2643,4,-2.3174,-2.2643,-0.090572,True
2022-02-01,PLD,buy_call,3.1846,4,-6.9953,-3.1846,-0.127384,True
2022-02-01,PM,buy_call,3.2566,4,-1.7307,-3.2566,-0.130264,True
2022-02-01,PYPL,skip,0.0,0,-34.9017,0.0,0.0,True
2022-02-01,QCOM,buy_call,5.8595,4,-2.145,-5.8595,-0.23438,True
2022-02-01,REGN,buy_call,3.0708,4,1.6054,-1.4654,-0.058616,True
2022-02-01,RTX,buy_call,3.7494,4,13.8707,10.1213,0.404852,True
2022-02-01,SBUX,skip,0.0,0,-6.6416,0.0,0.0,True
2022-02-01,SCHW,buy_call,2.5015,4,-3.6944,-2.5015,-0.10006,True
2022-02-01,SHW,skip,0.0,0,-8.1603,0.0,0.0,True
2022-02-01,SO,buy_call,2.467,4,-6.7924,-2.467,-0.09868,True
2022-02-01,SPGI,skip,0.0,0,-9.5178,0.0,0.0,True
2022-02-01,SYK,skip,0.0,0,6.1681,0.0,0.0,True
2022-02-01,T,skip,0.0,0,-4.582,0.0,0.0,True
2022-02-01,TGT,skip,0.0,0,-9.3726,0.0,0.0,True
2022-02-01,TJX,buy_call,3.5779,4,-8.1562,-3.5779,-0.143116,True
2022-02-01,TMO,buy_call,3.7149,4,-6.4167,-3.7149,-0.148596,True
2022-02-01,TMUS,skip,0.0,0,13.904,0.0,0.0,True
2022-02-01,TSLA,buy_call,7.0693,4,-7.0768,-7.0693,-0.282772,True
2022-02-01,TXN,skip,0.0,0,-4.6656,0.0,0.0,True
2022-02-01,UNH,buy_call,3.408,4,0.6983,-2.7097,-0.108388,True
2022-02-01,UNP,buy_call,3.7494,4,0.5725,-3.177,-0.12708,True
2022-02-01,UPS,buy_call,3.1846,4,4.0601,0.8756,0.035024,True
2022-02-01,V,skip,0.0,0,-4.4436,0.0,0.0,True
2022-02-01,VRTX,buy_call,3.0708,4,-5.361,-3.0708,-0.122832,True
2022-02-01,VZ,skip,0.0,0,2.0414,0.0,0.0,True
2022-02-01,WFC,buy_call,3.3281,4,-0.7992,-3.3281,-0.133124,True
2022-02-01,ZTS,skip,0.0,0,-2.9176,0.0,0.0,True
2022-03-01,AAPL,buy_call,3.1456,12,5.8821,2.7366,0.328392,True
2022-03-01,ABBV,buy_call,2.8264,12,9.7042,6.8778,0.825336,True
2022-03-01,ABT,skip,0.0,0,-1.8736,0.0,0.0,True
2022-03-01,ACN,skip,0.0,0,6.7116,0.0,0.0,True
2022-03-01,ADBE,skip,0.0,0,-2.5787,0.0,0.0,True
2022-03-01,ADI,skip,0.0,0,3.5536,0.0,0.0,True
2022-03-01,ADP,skip,0.0,0,11.2991,0.0,0.0,True
2022-03-01,AMAT,skip,0.0,0,-1.6113,0.0,0.0,True
2022-03-01,AMD,buy_call,5.3919,12,-11.3507,-5.3919,-0.647028,True
2022-03-01,AMT,skip,0.0,0,10.733,0.0,0.0,True
2022-03-01,AMZN,skip,0.0,0,6.1437,0.0,0.0,True
2022-03-01,AVGO,buy_call,4.1737,12,7.1905,3.0169,0.362028,True
2022-03-01,AXP,buy_call,2.7116,12,-3.8758,-2.7116,-0.325392,True
2022-03-01,BA,skip,0.0,0,-6.74,0.0,0.0,True
2022-03-01,BAC,buy_call,3.1976,12,-6.7421,-3.1976,-0.383712,True
2022-03-01,BDX,buy_call,2.4594,12,-1.9463,-2.4594,-0.295128,True
2022-03-01,BKNG,skip,0.0,0,8.1114,0.0,0.0,True
2022-03-01,BLK,skip,0.0,0,2.7262,0.0,0.0,True
2022-03-01,BMY,buy_call,2.8264,12,6.3492,3.5228,0.422736,True
2022-03-01,BRK-B,buy_call,1.809,12,9.7869,7.9779,0.957348,True
2022-03-01,C,skip,0.0,0,-9.1329,0.0,0.0,True
2022-03-01,CAT,skip,0.0,0,18.7867,0.0,0.0,True
2022-03-01,COST,buy_call,2.5784,12,11.0684,8.49,1.0188,True
2022-03-01,CRM,skip,0.0,0,0.8502,0.0,0.0,True
2022-03-01,CSCO,skip,0.0,0,-0.0179,0.0,0.0,True
2022-03-01,CVS,buy_call,2.9729,12,-2.3541,-2.9729,-0.356748,True
2022-03-01,CVX,buy_call,3.0632,12,14.2636,11.2004,1.344048,True
2022-03-01,DE,skip,0.0,0,15.3991,0.0,0.0,True
2022-03-01,DHR,skip,0.0,0,6.8948,0.0,0.0,True
2022-03-01,DIS,skip,0.0,0,-7.6115,0.0,0.0,True
2022-03-01,DUK,skip,0.0,0,12.3158,0.0,0.0,True
2022-03-01,EL,skip,0.0,0,-7.914,0.0,0.0,True
2022-03-01,ELV,buy_call,2.9729,12,8.7131,5.7402,0.688824,True
2022-03-01,EQIX,skip,0.0,0,4.4932,0.0,0.0,True
2022-03-01,F,buy_call,3.2317,12,-3.7016,-3.2317,-0.387804,True
2022-03-01,GILD,skip,0.0,0,-1.5728,0.0,0.0,True
2022-03-01,GM,skip,0.0,0,-6.3784,0.0,0.0,True
2022-03-01,GOOGL,skip,0.0,0,2.9695,0.0,0.0,True
2022-03-01,GS,skip,0.0,0,-3.2788,0.0,0.0,True
2022-03-01,HD,skip,0.0,0,-5.2243,0.0,0.0,True
2022-03-01,HON,skip,0.0,0,3.1101,0.0,0.0,True
2022-03-01,HUM,buy_call,2.9729,12,0.1957,-2.7772,-0.333264,True
2022-03-01,INTC,skip,0.0,0,4.6908,0.0,0.0,True
2022-03-01,INTU,skip,0.0,0,1.3639,0.0,0.0,True
2022-03-01,ISRG,skip,0.0,0,3.9093,0.0,0.0,True
2022-03-01,ITW,skip,0.0,0,-3.2079,0.0,0.0,True
2022-03-01,JNJ,skip,0.0,0,8.3841,0.0,0.0,True
2022-03-01,JPM,skip,0.0,0,-3.8646,0.0,0.0,True
2022-03-01,KLAC,buy_call,4.1737,12,5.3225,1.1488,0.137856,True
2022-03-01,KO,buy_call,1.9747,12,-0.3856,-1.9747,-0.236964,True
2022-03-01,LLY,skip,0.0,0,15.0492,0.0,0.0,True
2022-03-01,LMT,buy_call,3.2317,12,2.4525,-0.7792,-0.093504,True
2022-03-01,LOW,buy_call,2.7959,12,-8.5361,-2.7959,-0.335508,True
2022-03-01,LRCX,skip,0.0,0,-4.2291,0.0,0.0,True
2022-03-01,MA,buy_call,2.7116,12,-0.9534,-2.7116,-0.325392,True
2022-03-01,MDLZ,buy_call,2.2339,12,-4.1234,-2.2339,-0.268068,True
2022-03-01,MDT,skip,0.0,0,5.6768,0.0,0.0,True
2022-03-01,META,skip,0.0,0,5.3689,0.0,0.0,True
2022-03-01,MMM,skip,0.0,0,1.1229,0.0,0.0,True
2022-03-01,MRK,buy_call,2.7192,12,7.1428,4.4236,0.530832,True
2022-03-01,MS,skip,0.0,0,-3.6808,0.0,0.0,True
2022-03-01,MSFT,skip,0.0,0,3.3996,0.0,0.0,True
2022-03-01,MU,buy_call,5.3919,12,-12.3453,-5.3919,-0.647028,True
2022-03-01,NEE,skip,0.0,0,8.8274,0.0,0.0,True
2022-03-01,NFLX,skip,0.0,0,-5.0517,0.0,0.0,True
2022-03-01,NKE,skip,0.0,0,-1.4574,0.0,0.0,True
2022-03-01,NOW,skip,0.0,0,-3.9712,0.0,0.0,True
2022-03-01,NVDA,buy_call,5.3919,12,11.8967,6.5048,0.780576,True
2022-03-01,ORCL,skip,0.0,0,8.8983,0.0,0.0,True
2022-03-01,PEP,buy_call,2.2339,12,2.223,-0.0109,-0.001308,True
2022-03-01,PFE,buy_call,2.8264,12,10.2897,7.4633,0.895596,True
2022-03-01,PG,buy_call,2.0993,12,-1.9821,-2.0993,-0.251916,True
2022-03-01,PLD,buy_call,3.0196,12,10.7165,7.6969,0.923628,True
2022-03-01,PM,buy_call,2.2339,12,-7.0545,-2.2339,-0.268068,True
2022-03-01,PYPL,skip,0.0,0,3.3235,0.0,0.0,True
2022-03-01,QCOM,buy_call,4.254,12,-11.146,-4.254,-0.51048,True
2022-03-01,REGN,skip,0.0,0,12.9472,0.0,0.0,True
2022-03-01,RTX,buy_call,3.2317,12,-2.9983,-3.2317,-0.387804,True
2022-03-01,SBUX,skip,0.0,0,-0.3908,0.0,0.0,True
2022-03-01,SCHW,buy_call,2.7389,12,0.0341,-2.7048,-0.324576,True
2022-03-01,SHW,skip,0.0,0,-4.914,0.0,0.0,True
2022-03-01,SO,buy_call,1.9747,12,13.1021,11.1274,1.335288,True
2022-03-01,SPGI,skip,0.0,0,9.3882,0.0,0.0,True
2022-03-01,SYK,skip,0.0,0,1.5189,0.0,0.0,True
2022-03-01,T,skip,0.0,0,-0.2533,0.0,0.0,True
2022-03-01,TGT,skip,0.0,0,6.6925,0.0,0.0,True
2022-03-01,TJX,skip,0.0,0,-8.0114,0.0,0.0,True
2022-03-01,TMO,skip,0.0,0,8.5754,0.0,0.0,True
2022-03-01,TMUS,skip,0.0,0,4.1718,0.0,0.0,True
2022-03-01,TSLA,buy_call,6.7056,12,23.8009,17.0953,2.051436,True
2022-03-01,TXN,skip,0.0,0,7.9358,0.0,0.0,True
2022-03-01,UNH,buy_call,2.9729,12,7.1658,4.193,0.50316,True
2022-03-01,UNP,buy_call,3.2317,12,11.6276,8.3959,1.007508,True
2022-03-01,UPS,buy_call,3.0196,12,2.6605,-0.3591,-0.043092,True
2022-03-01,V,skip,0.0,0,2.7812,0.0,0.0,True
2022-03-01,VRTX,buy_call,2.8264,12,13.4554,10.6289,1.275468,True
2022-03-01,VZ,skip,0.0,0,-5.0866,0.0,0.0,True
2022-03-01,WFC,buy_call,3.4824,12,-8.7922,-3.4824,-0.417888,True
2022-03-01,ZTS,skip,0.0,0,-2.613,0.0,0.0,True
2022-04-01,AAPL,buy_call,3.6312,1,-9.7131,-3.6312,-0.036312,False
2022-04-01,ABBV,buy_call,3.3886,1,-9.3949,-3.3886,-0.033886,False
2022-04-01,ABT,buy_call,2.7954,1,-4.1061,-2.7954,-0.027954,False
2022-04-01,ACN,buy_call,2.6793,1,-10.9332,-2.6793,-0.026793,False
2022-04-01,ADBE,skip,0.0,0,-13.0964,0.0,0.0,False
2022-04-01,ADI,skip,0.0,0,-6.5383,0.0,0.0,False
2022-04-01,ADP,buy_call,4.0831,1,-3.6356,-4.0831,-0.040831,False
2022-04-01,AMAT,buy_call,3.8302,1,-16.2746,-3.8302,-0.038302,False
2022-04-01,AMD,buy_call,7.2387,1,-21.7853,-7.2387,-0.072387,False
2022-04-01,AMT,skip,0.0,0,-4.0602,0.0,0.0,False
2022-04-01,AMZN,skip,0.0,0,-23.7525,0.0,0.0,False
2022-04-01,AVGO,buy_call,3.8302,1,-11.3615,-3.8302,-0.038302,False
2022-04-01,AXP,buy_call,3.6172,1,-6.5722,-3.6172,-0.036172,False
2022-04-01,BA,skip,0.0,0,-22.2768,0.0,0.0,False
2022-04-01,BAC,skip,0.0,0,-13.0168,0.0,0.0,False
2022-04-01,BDX,buy_call,2.7954,1,-4.4346,-2.7954,-0.027954,False
2022-04-01,BKNG,skip,0.0,0,-5.8822,0.0,0.0,False
2022-04-01,BLK,skip,0.0,0,-17.7094,0.0,0.0,False
2022-04-01,BMY,buy_call,3.3886,1,3.8278,0.4392,0.004392,False
2022-04-01,BRK-B,buy_call,2.0738,1,-8.5234,-2.0738,-0.020738,False
2022-04-01,C,skip,0.0,0,-9.7191,0.0,0.0,False
2022-04-01,CAT,buy_call,3.2317,1,-5.5112,-3.2317,-0.032317,False
2022-04-01,COST,buy_call,2.4026,1,-7.6635,-2.4026,-0.024026,False
2022-04-01,CRM,skip,0.0,0,-17.1345,0.0,0.0,False
2022-04-01,CSCO,buy_call,4.0831,1,-12.1593,-4.0831,-0.040831,False
2022-04-01,CVS,buy_call,3.0575,1,-5.0193,-3.0575,-0.030575,False
2022-04-01,CVX,buy_call,3.7327,1,-3.7831,-3.7327,-0.037327,False
2022-04-01,DE,buy_call,3.2317,1,-8.8931,-3.2317,-0.032317,False
2022-04-01,DHR,skip,0.0,0,-14.3116,0.0,0.0,False
2022-04-01,DIS,skip,0.0,0,-18.6133,0.0,0.0,False
2022-04-01,DUK,buy_call,1.7598,1,-1.3433,-1.7598,-0.017598,False
2022-04-01,EL,skip,0.0,0,-3.0332,0.0,0.0,False
2022-04-01,ELV,buy_call,3.0575,1,2.4679,-0.5897,-0.005897,False
2022-04-01,EQIX,skip,0.0,0,-2.6205,0.0,0.0,False
2022-04-01,F,buy_call,3.2317,1,-16.2626,-3.2317,-0.032317,False
2022-04-01,GILD,skip,0.0,0,1.0873,0.0,0.0,False
2022-04-01,GM,skip,0.0,0,-13.3287,0.0,0.0,False
2022-04-01,GOOGL,buy_call,3.8463,1,-17.9467,-3.8463,-0.038463,False
2022-04-01,GS,skip,0.0,0,-6.9098,0.0,0.0,False
2022-04-01,HD,skip,0.0,0,0.9631,0.0,0.0,False
2022-04-01,HON,skip,0.0,0,-0.5499,0.0,0.0,False
2022-04-01,HUM,buy_call,3.0575,1,2.3415,-0.716,-0.00716,False
2022-04-01,INTC,skip,0.0,0,-12.046,0.0,0.0,False
2022-04-01,INTU,skip,0.0,0,-12.9128,0.0,0.0,False
2022-04-01,ISRG,skip,0.0,0,-20.6775,0.0,0.0,False
2022-04-01,ITW,buy_call,4.0831,1,-5.3408,-4.0831,-0.040831,False
2022-04-01,JNJ,buy_call,3.0091,1,1.8225,-1.1866,-0.011866,False
2022-04-01,JPM,skip,0.0,0,-12.4413,0.0,0.0,False
2022-04-01,KLAC,buy_call,3.8302,1,-12.7848,-3.8302,-0.038302,False
2022-04-01,KO,buy_call,1.7598,1,5.0074,3.2476,0.032476,False
2022-04-01,LLY,buy_call,3.5853,1,2.0114,-1.5739,-0.015739,False
2022-04-01,LMT,buy_call,3.2317,1,-2.1024,-3.2317,-0.032317,False
2022-04-01,LOW,buy_call,2.9679,1,-2.2058,-2.9679,-0.029679,False
2022-04-01,LRCX,skip,0.0,0,-13.0867,0.0,0.0,False
2022-04-01,MA,buy_call,3.6172,1,1.6789,-1.9383,-0.019383,False
2022-04-01,MDLZ,buy_call,2.2497,1,3.2811,1.0314,0.010314,False
2022-04-01,MDT,skip,0.0,0,-5.3781,0.0,0.0,False
2022-04-01,META,skip,0.0,0,-9.8444,0.0,0.0,False
2022-04-01,MMM,skip,0.0,0,-3.13,0.0,0.0,False
2022-04-01,MRK,buy_call,2.497,1,9.0541,6.5571,0.065571,False
2022-04-01,MS,skip,0.0,0,-7.7918,0.0,0.0,False
2022-04-01,MSFT,buy_call,3.8384,1,-9.9867,-3.8384,-0.038384,False
2022-04-01,MU,buy_call,7.2387,1,-12.4534,-7.2387,-0.072387,False
2022-04-01,NEE,buy_call,1.7598,1,-16.161,-1.7598,-0.017598,False
2022-04-01,NFLX,skip,0.0,0,-49.1818,0.0,0.0,False
2022-04-01,NKE,skip,0.0,0,-7.1161,0.0,0.0,False
2022-04-01,NOW,skip,0.0,0,-14.1482,0.0,0.0,False
2022-04-01,NVDA,buy_call,7.2387,1,-32.0158,-7.2387,-0.072387,False
2022-04-01,ORCL,skip,0.0,0,-11.2777,0.0,0.0,False
2022-04-01,PEP,buy_call,2.2497,1,3.2617,1.0119,0.010119,False
2022-04-01,PFE,buy_call,3.3886,1,-5.2154,-3.3886,-0.033886,False
2022-04-01,PG,buy_call,2.0354,1,5.072,3.0366,0.030366,False
2022-04-01,PLD,buy_call,4.0831,1,-0.227,-4.0831,-0.040831,False
2022-04-01,PM,buy_call,2.2497,1,7.891,5.6412,0.056412,False
2022-04-01,PYPL,skip,0.0,0,-23.9689,0.0,0.0,False
2022-04-01,QCOM,buy_call,6.2171,1,-8.2105,-6.2171,-0.062171,False
2022-04-01,REGN,buy_call,3.3886,1,-5.6284,-3.3886,-0.033886,False
2022-04-01,RTX,buy_call,3.2317,1,-4.199,-3.2317,-0.032317,False
2022-04-01,SBUX,skip,0.0,0,-17.951,0.0,0.0,False
2022-04-01,SCHW,buy_call,3.1107,1,-21.3261,-3.1107,-0.031107,False
2022-04-01,SHW,skip,0.0,0,10.1514,0.0,0.0,False
2022-04-01,SO,buy_call,1.7598,1,1.2136,-0.5462,-0.005462,False
2022-04-01,SPGI,skip,0.0,0,-8.211,0.0,0.0,False
2022-04-01,SYK,buy_call,2.7954,1,-9.5284,-2.7954,-0.027954,False
2022-04-01,T,skip,0.0,0,5.6734,0.0,0.0,False
2022-04-01,TGT,skip,0.0,0,7.742,0.0,0.0,False
2022-04-01,TJX,skip,0.0,0,1.1555,0.0,0.0,False
2022-04-01,TMO,buy_call,2.8279,1,-6.3355,-2.8279,-0.028279,False
2022-04-01,TMUS,buy_call,2.904,1,-4.0592,-2.904,-0.02904,False
2022-04-01,TSLA,buy_call,6.5599,1,-19.1945,-6.5599,-0.065599,False
2022-04-01,TXN,skip,0.0,0,-7.2106,0.0,0.0,False
2022-04-01,UNH,buy_call,3.0575,1,0.0167,-3.0409,-0.030409,False
2022-04-01,UNP,buy_call,3.2317,1,-14.2455,-3.2317,-0.032317,False
2022-04-01,UPS,buy_call,4.0831,1,-16.0776,-4.0831,-0.040831,False
2022-04-01,V,skip,0.0,0,-3.8959,0.0,0.0,False
2022-04-01,VRTX,buy_call,3.3886,1,4.694,1.3055,0.013055,False
2022-04-01,VZ,skip,0.0,0,-9.1088,0.0,0.0,False
2022-04-01,WFC,buy_call,3.6404,1,-9.967,-3.6404,-0.036404,False
2022-04-01,ZTS,skip,0.0,0,-6.013,0.0,0.0,False
2022-05-01,AAPL,buy_call,4.1556,4,-5.5883,-4.1556,-0.166224,True
2022-05-01,ABBV,buy_call,4.1472,4,1.1864,-2.9608,-0.118432,True
2022-05-01,ABT,skip,0.0,0,3.9015,0.0,0.0,True
2022-05-01,ACN,skip,0.0,0,-0.3367,0.0,0.0,True
2022-05-01,ADBE,skip,0.0,0,5.185,0.0,0.0,True
2022-05-01,ADI,skip,0.0,0,9.0815,0.0,0.0,True
2022-05-01,ADP,skip,0.0,0,2.1817,0.0,0.0,True
2022-05-01,AMAT,skip,0.0,0,6.2891,0.0,0.0,True
2022-05-01,AMD,skip,0.0,0,19.1066,0.0,0.0,True
2022-05-01,AMT,skip,0.0,0,6.8372,0.0,0.0,True
2022-05-01,AMZN,skip,0.0,0,-3.2764,0.0,0.0,True
2022-05-01,AVGO,buy_call,4.6524,4,4.6429,-0.0095,-0.00038,True
2022-05-01,AXP,buy_call,3.7503,4,-3.097,-3.7503,-0.150012,True
2022-05-01,BA,skip,0.0,0,-11.7173,0.0,0.0,True
2022-05-01,BAC,skip,0.0,0,4.2601,0.0,0.0,True
2022-05-01,BDX,buy_call,3.8983,4,3.4832,-0.4151,-0.016604,True
2022-05-01,BKNG,skip,0.0,0,1.5043,0.0,0.0,True
2022-05-01,BLK,skip,0.0,0,7.1077,0.0,0.0,True
2022-05-01,BMY,buy_call,4.1472,4,0.2391,-3.908,-0.15632,True
2022-05-01,BRK-B,buy_call,2.8776,4,-2.1219,-2.8776,-0.115104,True
2022-05-01,C,skip,0.0,0,11.9273,0.0,0.0,True
2022-05-01,CAT,buy_call,4.0374,4,3.0137,-1.0236,-0.040944,True
2022-05-01,COST,buy_call,4.739,4,-12.1758,-4.739,-0.18956,True
2022-05-01,CRM,skip,0.0,0,-8.9235,0.0,0.0,True
2022-05-01,CSCO,skip,0.0,0,-7.3938,0.0,0.0,True
2022-05-01,CVS,buy_call,2.9913,4,1.1667,-1.8246,-0.072984,True
2022-05-01,CVX,buy_call,4.5258,4,11.4827,6.957,0.27828,True
2022-05-01,DE,buy_call,4.0374,4,-5.2364,-4.0374,-0.161496,True
2022-05-01,DHR,skip,0.0,0,5.0532,0.0,0.0,True
2022-05-01,DIS,skip,0.0,0,-1.066,0.0,0.0,True
2022-05-01,DUK,buy_call,2.4724,4,2.1423,-0.3301,-0.013204,True
2022-05-01,EL,skip,0.0,0,-3.5636,0.0,0.0,True
2022-05-01,ELV,buy_call,2.9913,4,1.5301,-1.4612,-0.058448,True
2022-05-01,EQIX,skip,0.0,0,-4.4487,0.0,0.0,True
2022-05-01,F,skip,0.0,0,-2.747,0.0,0.0,True
2022-05-01,GILD,skip,0.0,0,9.2855,0.0,0.0,True
2022-05-01,GM,skip,0.0,0,2.0311,0.0,0.0,True
2022-05-01,GOOGL,skip,0.0,0,-0.3045,0.0,0.0,True
2022-05-01,GS,skip,0.0,0,6.992,0.0,0.0,True
2022-05-01,HD,skip,0.0,0,0.7823,0.0,0.0,True
2022-05-01,HON,skip,0.0,0,0.0568,0.0,0.0,True
2022-05-01,HUM,skip,0.0,0,2.1752,0.0,0.0,True
2022-05-01,INTC,skip,0.0,0,1.9041,0.0,0.0,True
2022-05-01,INTU,skip,0.0,0,-0.8883,0.0,0.0,True
2022-05-01,ISRG,skip,0.0,0,-4.8725,0.0,0.0,True
2022-05-01,ITW,skip,0.0,0,5.5603,0.0,0.0,True
2022-05-01,JNJ,buy_call,3.0809,4,-0.5154,-3.0809,-0.123236,True
2022-05-01,JPM,skip,0.0,0,11.6037,0.0,0.0,True
2022-05-01,KLAC,skip,0.0,0,14.2799,0.0,0.0,True
2022-05-01,KO,buy_call,2.4724,4,-1.9037,-2.4724,-0.098896,True
2022-05-01,LLY,buy_call,3.4848,4,7.2947,3.8099,0.152396,True
2022-05-01,LMT,buy_call,4.0374,4,1.849,-2.1884,-0.087536,True
2022-05-01,LOW,skip,0.0,0,-0.8293,0.0,0.0,True
2022-05-01,LRCX,skip,0.0,0,11.6519,0.0,0.0,True
2022-05-01,MA,buy_call,3.7503,4,-1.3796,-3.7503,-0.150012,True
2022-05-01,MDLZ,buy_call,2.5851,4,-1.4268,-2.5851,-0.103404,True
2022-05-01,MDT,skip,0.0,0,-4.0341,0.0,0.0,True
2022-05-01,META,skip,0.0,0,-3.407,0.0,0.0,True
2022-05-01,MMM,skip,0.0,0,3.5155,0.0,0.0,True
2022-05-01,MRK,buy_call,2.5737,4,3.7659,1.1923,0.047692,True
2022-05-01,MS,skip,0.0,0,7.8046,0.0,0.0,True
2022-05-01,MSFT,skip,0.0,0,-2.0359,0.0,0.0,True
2022-05-01,MU,skip,0.0,0,8.4336,0.0,0.0,True
2022-05-01,NEE,skip,0.0,0,6.5756,0.0,0.0,True
2022-05-01,NFLX,skip,0.0,0,3.7193,0.0,0.0,True
2022-05-01,NKE,skip,0.0,0,-4.6912,0.0,0.0,True
2022-05-01,NOW,skip,0.0,0,-2.2234,0.0,0.0,True
2022-05-01,NVDA,skip,0.0,0,0.674,0.0,0.0,True
2022-05-01,ORCL,skip,0.0,0,-1.633,0.0,0.0,True
2022-05-01,PEP,buy_call,2.5851,4,-2.3062,-2.5851,-0.103404,True
2022-05-01,PFE,buy_call,4.1472,4,8.0905,3.9433,0.157732,True
2022-05-01,PG,buy_call,2.2001,4,-7.3749,-2.2001,-0.088004,True
2022-05-01,PLD,buy_call,3.0233,4,-20.4691,-3.0233,-0.120932,True
2022-05-01,PM,buy_call,2.5851,4,6.25,3.665,0.1466,True
2022-05-01,PYPL,skip,0.0,0,-3.0934,0.0,0.0,True
2022-05-01,QCOM,buy_call,5.1859,4,2.527,-2.6589,-0.106356,True
2022-05-01,REGN,buy_call,4.1472,4,0.8542,-3.293,-0.13172,True
2022-05-01,RTX,buy_call,4.0374,4,0.2213,-3.8161,-0.152644,True
2022-05-01,SBUX,skip,0.0,0,5.1715,0.0,0.0,True
2022-05-01,SCHW,skip,0.0,0,5.6837,0.0,0.0,True
2022-05-01,SHW,skip,0.0,0,-2.5167,0.0,0.0,True
2022-05-01,SO,buy_call,2.4724,4,3.0931,0.6207,0.024828,True
2022-05-01,SPGI,skip,0.0,0,-7.1766,0.0,0.0,True
2022-05-01,SYK,skip,0.0,0,-2.802,0.0,0.0,True
2022-05-01,T,buy_call,4.0755,4,14.512,10.4365,0.41746,True
2022-05-01,TGT,skip,0.0,0,-29.2018,0.0,0.0,True
2022-05-01,TJX,skip,0.0,0,3.7369,0.0,0.0,True
2022-05-01,TMO,skip,0.0,0,2.6496,0.0,0.0,True
2022-05-01,TMUS,buy_call,4.0755,4,8.2426,4.1672,0.166688,True
2022-05-01,TSLA,skip,0.0,0,-12.9197,0.0,0.0,True
2022-05-01,TXN,skip,0.0,0,3.8238,0.0,0.0,True
2022-05-01,UNH,buy_call,2.9913,4,-2.3144,-2.9913,-0.119652,True
2022-05-01,UNP,skip,0.0,0,-6.1932,0.0,0.0,True
2022-05-01,UPS,skip,0.0,0,1.2613,0.0,0.0,True
2022-05-01,V,buy_call,4.0402,4,-0.4504,-4.0402,-0.161608,True
2022-05-01,VRTX,buy_call,4.1472,4,-1.6726,-4.1472,-0.165888,True
2022-05-01,VZ,skip,0.0,0,12.1264,0.0,0.0,True
2022-05-01,WFC,skip,0.0,0,4.9049,0.0,0.0,True
2022-05-01,ZTS,skip,0.0,0,-3.3967,0.0,0.0,True
2022-06-01,AAPL,skip,0.0,0,-8.008,0.0,0.0,True
2022-06-01,ABBV,buy_call,3.4936,6,3.9289,0.4353,0.026118,True
2022-06-01,ABT,skip,0.0,0,-7.5004,0.0,0.0,True
2022-06-01,ACN,skip,0.0,0,-6.9725,0.0,0.0,True
2022-06-01,ADBE,skip,0.0,0,-12.1062,0.0,0.0,True
2022-06-01,ADI,skip,0.0,0,-12.8443,0.0,0.0,True
2022-06-01,ADP,skip,0.0,0,-5.7863,0.0,0.0,True
2022-06-01,AMAT,skip,0.0,0,-22.2419,0.0,0.0,True
2022-06-01,AMD,skip,0.0,0,-24.9264,0.0,0.0,True
2022-06-01,AMT,skip,0.0,0,-0.2108,0.0,0.0,True
2022-06-01,AMZN,skip,0.0,0,-11.6459,0.0,0.0,True
2022-06-01,AVGO,buy_call,5.1745,6,-16.2584,-5.1745,-0.31047,True
2022-06-01,AXP,buy_call,4.4012,6,-17.8889,-4.4012,-0.264072,True
2022-06-01,BA,skip,0.0,0,4.0487,0.0,0.0,True
2022-06-01,BAC,skip,0.0,0,-16.3172,0.0,0.0,True
2022-06-01,BDX,buy_call,2.0089,6,-3.6239,-2.0089,-0.120534,True
2022-06-01,BKNG,buy_call,3.0,6,-22.044,-3.0,-0.18,True
2022-06-01,BLK,skip,0.0,0,-8.9735,0.0,0.0,True
2022-06-01,BMY,buy_call,3.4936,6,2.0543,-1.4393,-0.086358,True
2022-06-01,BRK-B,buy_call,3.6346,6,-13.5958,-3.6346,-0.218076,True
2022-06-01,C,skip,0.0,0,-13.8925,0.0,0.0,True
2022-06-01,CAT,buy_call,4.3606,6,-17.1832,-4.3606,-0.261636,True
2022-06-01,COST,skip,0.0,0,2.8013,0.0,0.0,True
2022-06-01,CRM,skip,0.0,0,2.9955,0.0,0.0,True
2022-06-01,CSCO,skip,0.0,0,-5.3496,0.0,0.0,True
2022-06-01,CVS,buy_call,3.1041,6,-4.2274,-3.1041,-0.186246,True
2022-06-01,CVX,buy_call,3.7435,6,-16.4256,-3.7435,-0.22461,True
2022-06-01,DE,buy_call,4.3606,6,-16.2977,-4.3606,-0.261636,True
2022-06-01,DHR,skip,0.0,0,-3.9042,0.0,0.0,True
2022-06-01,DIS,skip,0.0,0,-14.5237,0.0,0.0,True
2022-06-01,DUK,buy_call,3.046,6,-3.8575,-3.046,-0.18276,True
2022-06-01,EL,skip,0.0,0,0.2581,0.0,0.0,True
2022-06-01,ELV,buy_call,3.1041,6,-5.304,-3.1041,-0.186246,True
2022-06-01,EQIX,skip,0.0,0,-3.9156,0.0,0.0,True
2022-06-01,F,skip,0.0,0,-18.6404,0.0,0.0,True
2022-06-01,GILD,skip,0.0,0,-4.6877,0.0,0.0,True
2022-06-01,GM,skip,0.0,0,-17.8904,0.0,0.0,True
2022-06-01,GOOGL,skip,0.0,0,-4.2185,0.0,0.0,True
2022-06-01,GS,skip,0.0,0,-8.57,0.0,0.0,True
2022-06-01,HD,skip,0.0,0,-9.4071,0.0,0.0,True
2022-06-01,HON,skip,0.0,0,-9.7709,0.0,0.0,True
2022-06-01,HUM,buy_call,3.1041,6,3.0469,-0.0572,-0.003432,True
2022-06-01,INTC,skip,0.0,0,-15.1154,0.0,0.0,True
2022-06-01,INTU,skip,0.0,0,-7.0019,0.0,0.0,True
2022-06-01,ISRG,skip,0.0,0,-11.8301,0.0,0.0,True
2022-06-01,ITW,skip,0.0,0,-12.4093,0.0,0.0,True
2022-06-01,JNJ,buy_call,2.1181,6,-0.4898,-2.1181,-0.127086,True
2022-06-01,JPM,skip,0.0,0,-14.8378,0.0,0.0,True
2022-06-01,KLAC,skip,0.0,0,-12.253,0.0,0.0,True
2022-06-01,KO,buy_call,3.046,6,-0.7416,-3.046,-0.18276,True
2022-06-01,LLY,buy_call,2.2617,6,3.791,1.5293,0.091758,True
2022-06-01,LMT,buy_call,4.3606,6,-1.6953,-4.3606,-0.261636,True
2022-06-01,LOW,skip,0.0,0,-10.5632,0.0,0.0,True
2022-06-01,LRCX,skip,0.0,0,-18.0528,0.0,0.0,True
2022-06-01,MA,buy_call,4.4012,6,-11.8451,-4.4012,-0.264072,True
2022-06-01,MDLZ,buy_call,3.1101,6,-2.3128,-3.1101,-0.186606,True
2022-06-01,MDT,skip,0.0,0,-10.3844,0.0,0.0,True
2022-06-01,META,skip,0.0,0,-16.7269,0.0,0.0,True
2022-06-01,MMM,skip,0.0,0,-12.4404,0.0,0.0,True
2022-06-01,MRK,buy_call,3.3162,6,-0.9345,-3.3162,-0.198972,True
2022-06-01,MS,skip,0.0,0,-11.7019,0.0,0.0,True
2022-06-01,MSFT,skip,0.0,0,-5.312,0.0,0.0,True
2022-06-01,MU,skip,0.0,0,-25.1354,0.0,0.0,True
2022-06-01,NEE,skip,0.0,0,2.9214,0.0,0.0,True
2022-06-01,NFLX,skip,0.0,0,-11.4313,0.0,0.0,True
2022-06-01,NKE,skip,0.0,0,-14.0093,0.0,0.0,True
2022-06-01,NOW,skip,0.0,0,1.722,0.0,0.0,True
2022-06-01,NVDA,skip,0.0,0,-18.8143,0.0,0.0,True
2022-06-01,ORCL,skip,0.0,0,-2.8504,0.0,0.0,True
2022-06-01,PEP,buy_call,3.1101,6,-0.6498,-3.1101,-0.186606,True
2022-06-01,PFE,buy_call,3.4936,6,-0.3439,-3.4936,-0.209616,True
2022-06-01,PG,buy_call,3.0958,6,-2.7658,-3.0958,-0.185748,True
2022-06-01,PLD,skip,0.0,0,-7.711,0.0,0.0,True
2022-06-01,PM,buy_call,3.1101,6,-7.0682,-3.1101,-0.186606,True
2022-06-01,PYPL,skip,0.0,0,-18.0378,0.0,0.0,True
2022-06-01,QCOM,skip,0.0,0,-10.8086,0.0,0.0,True
2022-06-01,REGN,buy_call,3.4936,6,-11.0735,-3.4936,-0.209616,True
2022-06-01,RTX,buy_call,4.3606,6,1.6444,-2.7161,-0.162966,True
2022-06-01,SBUX,skip,0.0,0,-2.0025,0.0,0.0,True
2022-06-01,SCHW,skip,0.0,0,-9.5939,0.0,0.0,True
2022-06-01,SHW,skip,0.0,0,-16.2705,0.0,0.0,True
2022-06-01,SO,buy_call,3.046,6,-4.8763,-3.046,-0.18276,True
2022-06-01,SPGI,skip,0.0,0,-3.3175,0.0,0.0,True
2022-06-01,SYK,skip,0.0,0,-15.1684,0.0,0.0,True
2022-06-01,T,buy_call,3.6,6,-1.55,-3.6,-0.216,True
2022-06-01,TGT,skip,0.0,0,-12.3968,0.0,0.0,True
2022-06-01,TJX,skip,0.0,0,-11.6805,0.0,0.0,True
2022-06-01,TMO,skip,0.0,0,-4.2796,0.0,0.0,True
2022-06-01,TMUS,buy_call,3.6,6,0.9378,-2.6622,-0.159732,True
2022-06-01,TSLA,skip,0.0,0,-11.1888,0.0,0.0,True
2022-06-01,TXN,skip,0.0,0,-12.4832,0.0,0.0,True
2022-06-01,UNH,buy_call,3.1041,6,3.3918,0.2877,0.017262,True
2022-06-01,UNP,skip,0.0,0,-2.384,0.0,0.0,True
2022-06-01,UPS,skip,0.0,0,1.0186,0.0,0.0,True
2022-06-01,V,buy_call,3.8479,6,-7.0245,-3.8479,-0.230874,True
2022-06-01,VRTX,buy_call,3.4936,6,4.8911,1.3975,0.08385,True
2022-06-01,VZ,buy_call,3.6,6,-1.0528,-3.6,-0.216,True
2022-06-01,WFC,skip,0.0,0,-13.9521,0.0,0.0,True
2022-06-01,ZTS,skip,0.0,0,0.5616,0.0,0.0,True
2022-07-01,AAPL,skip,0.0,0,18.8634,0.0,0.0,True
2022-07-01,ABBV,buy_call,4.4404,24,-6.3006,-4.4404,-1.065696,True
2022-07-01,ABT,skip,0.0,0,0.1749,0.0,0.0,True
2022-07-01,ACN,skip,0.0,0,10.3043,0.0,0.0,True
2022-07-01,ADBE,skip,0.0,0,12.0363,0.0,0.0,True
2022-07-01,ADI,skip,0.0,0,17.7082,0.0,0.0,True
2022-07-01,ADP,skip,0.0,0,15.3425,0.0,0.0,True
2022-07-01,AMAT,skip,0.0,0,16.4871,0.0,0.0,True
2022-07-01,AMD,skip,0.0,0,23.5386,0.0,0.0,True
2022-07-01,AMT,skip,0.0,0,6.5941,0.0,0.0,True
2022-07-01,AMZN,skip,0.0,0,27.0596,0.0,0.0,True
2022-07-01,AVGO,skip,0.0,0,11.138,0.0,0.0,True
2022-07-01,AXP,skip,0.0,0,11.5254,0.0,0.0,True
2022-07-01,BA,skip,0.0,0,16.5228,0.0,0.0,True
2022-07-01,BAC,skip,0.0,0,9.2346,0.0,0.0,True
2022-07-01,BDX,buy_call,3.5706,24,-0.5651,-3.5706,-0.856944,True
2022-07-01,BKNG,skip,0.0,0,10.6747,0.0,0.0,True
2022-07-01,BLK,skip,0.0,0,10.6612,0.0,0.0,True
2022-07-01,BMY,buy_call,4.4404,24,-3.5162,-4.4404,-1.065696,True
2022-07-01,BRK-B,skip,0.0,0,10.1018,0.0,0.0,True
2022-07-01,C,skip,0.0,0,12.8506,0.0,0.0,True
2022-07-01,CAT,skip,0.0,0,10.9029,0.0,0.0,True
2022-07-01,COST,skip,0.0,0,12.9402,0.0,0.0,True
2022-07-01,CRM,skip,0.0,0,11.5002,0.0,0.0,True
2022-07-01,CSCO,skip,0.0,0,6.4024,0.0,0.0,True
2022-07-01,CVS,skip,0.0,0,3.2592,0.0,0.0,True
2022-07-01,CVX,buy_call,4.1976,24,13.1234,8.9258,2.142192,True
2022-07-01,DE,skip,0.0,0,15.0162,0.0,0.0,True
2022-07-01,DHR,skip,0.0,0,15.0862,0.0,0.0,True
2022-07-01,DIS,skip,0.0,0,12.3941,0.0,0.0,True
2022-07-01,DUK,buy_call,2.9171,24,2.5371,-0.38,-0.0912,True
2022-07-01,EL,skip,0.0,0,7.2368,0.0,0.0,True
2022-07-01,ELV,buy_call,2.9833,24,-0.881,-2.9833,-0.715992,True
2022-07-01,EQIX,skip,0.0,0,7.1109,0.0,0.0,True
2022-07-01,F,skip,0.0,0,31.9856,0.0,0.0,True
2022-07-01,GILD,skip,0.0,0,-2.1249,0.0,0.0,True
2022-07-01,GM,skip,0.0,0,14.1688,0.0,0.0,True
2022-07-01,GOOGL,skip,0.0,0,6.7518,0.0,0.0,True
2022-07-01,GS,skip,0.0,0,12.245,0.0,0.0,True
2022-07-01,HD,skip,0.0,0,10.417,0.0,0.0,True
2022-07-01,HON,skip,0.0,0,10.7301,0.0,0.0,True
2022-07-01,HUM,buy_call,2.9833,24,3.1519,0.1686,0.040464,True
2022-07-01,INTC,skip,0.0,0,-2.9404,0.0,0.0,True
2022-07-01,INTU,skip,0.0,0,18.3505,0.0,0.0,True
2022-07-01,ISRG,skip,0.0,0,14.6779,0.0,0.0,True
2022-07-01,ITW,skip,0.0,0,14.7624,0.0,0.0,True
2022-07-01,JNJ,buy_call,2.6644,24,-1.6844,-2.6644,-0.639456,True
2022-07-01,JPM,skip,0.0,0,2.4421,0.0,0.0,True
2022-07-01,KLAC,skip,0.0,0,20.2019,0.0,0.0,True
2022-07-01,KO,buy_call,2.9171,24,2.7398,-0.1772,-0.042528,True
2022-07-01,LLY,buy_call,3.9146,24,1.684,-2.2306,-0.535344,True
2022-07-01,LMT,buy_call,4.9813,24,-3.7562,-4.9813,-1.195512,True
2022-07-01,LOW,skip,0.0,0,9.6525,0.0,0.0,True
2022-07-01,LRCX,skip,0.0,0,17.8446,0.0,0.0,True
2022-07-01,MA,skip,0.0,0,12.1434,0.0,0.0,True
2022-07-01,MDLZ,skip,0.0,0,3.7288,0.0,0.0,True
2022-07-01,MDT,skip,0.0,0,3.8778,0.0,0.0,True
2022-07-01,META,skip,0.0,0,-1.3333,0.0,0.0,True
2022-07-01,MMM,skip,0.0,0,10.687,0.0,0.0,True
2022-07-01,MRK,buy_call,2.7487,24,-1.2052,-2.7487,-0.659688,True
2022-07-01,MS,skip,0.0,0,10.8335,0.0,0.0,True
2022-07-01,MSFT,skip,0.0,0,9.3096,0.0,0.0,True
2022-07-01,MU,skip,0.0,0,11.903,0.0,0.0,True
2022-07-01,NEE,skip,0.0,0,9.0756,0.0,0.0,True
2022-07-01,NFLX,skip,0.0,0,28.6098,0.0,0.0,True
2022-07-01,NKE,skip,0.0,0,12.7248,0.0,0.0,True
2022-07-01,NOW,skip,0.0,0,-6.0691,0.0,0.0,True
2022-07-01,NVDA,skip,0.0,0,19.8419,0.0,0.0,True
2022-07-01,ORCL,skip,0.0,0,11.4069,0.0,0.0,True
2022-07-01,PEP,skip,0.0,0,5.7104,0.0,0.0,True
2022-07-01,PFE,skip,0.0,0,-3.662,0.0,0.0,True
2022-07-01,PG,skip,0.0,0,-3.3938,0.0,0.0,True
2022-07-01,PLD,skip,0.0,0,13.4833,0.0,0.0,True
2022-07-01,PM,buy_call,2.6039,24,-0.3757,-2.6039,-0.624936,True
2022-07-01,PYPL,skip,0.0,0,23.8975,0.0,0.0,True
2022-07-01,QCOM,skip,0.0,0,14.1566,0.0,0.0,True
2022-07-01,REGN,skip,0.0,0,-1.597,0.0,0.0,True
2022-07-01,RTX,buy_call,4.9813,24,-3.0174,-4.9813,-1.195512,True
2022-07-01,SBUX,skip,0.0,0,10.9831,0.0,0.0,True
2022-07-01,SCHW,skip,0.0,0,9.2909,0.0,0.0,True
2022-07-01,SHW,skip,0.0,0,8.0523,0.0,0.0,True
2022-07-01,SO,buy_call,2.9171,24,7.825,4.9079,1.177896,True
2022-07-01,SPGI,skip,0.0,0,11.8288,0.0,0.0,True
2022-07-01,SYK,skip,0.0,0,8.3332,0.0,0.0,True
2022-07-01,T,buy_call,3.8601,24,-10.4008,-3.8601,-0.926424,True
2022-07-01,TGT,skip,0.0,0,15.6836,0.0,0.0,True
2022-07-01,TJX,skip,0.0,0,9.5076,0.0,0.0,True
2022-07-01,TMO,skip,0.0,0,10.2122,0.0,0.0,True
2022-07-01,TMUS,buy_call,3.8601,24,6.3327,2.4726,0.593424,True
2022-07-01,TSLA,skip,0.0,0,32.3765,0.0,0.0,True
2022-07-01,TXN,skip,0.0,0,16.427,0.0,0.0,True
2022-07-01,UNH,buy_call,2.9833,24,5.9662,2.9829,0.715896,True
2022-07-01,UNP,skip,0.0,0,6.5735,0.0,0.0,True
2022-07-01,UPS,skip,0.0,0,6.7656,0.0,0.0,True
2022-07-01,V,skip,0.0,0,7.7302,0.0,0.0,True
2022-07-01,VRTX,buy_call,4.4404,24,-0.4897,-4.4404,-1.065696,True
2022-07-01,VZ,buy_call,3.8601,24,-8.9852,-3.8601,-0.926424,True
2022-07-01,WFC,skip,0.0,0,11.999,0.0,0.0,True
2022-07-01,ZTS,skip,0.0,0,6.2017,0.0,0.0,True
2022-08-01,AAPL,skip,0.0,0,-3.2552,0.0,0.0,True
2022-08-01,ABBV,buy_call,3.5246,40,-5.4298,-3.5246,-1.40984,True
2022-08-01,ABT,skip,0.0,0,-5.268,0.0,0.0,True
2022-08-01,ACN,skip,0.0,0,-5.477,0.0,0.0,True
2022-08-01,ADBE,skip,0.0,0,-8.9437,0.0,0.0,True
2022-08-01,ADI,buy_call,4.098,40,-11.8807,-4.098,-1.6392,True
2022-08-01,ADP,buy_call,2.7609,40,1.3645,-1.3964,-0.55856,True
2022-08-01,AMAT,skip,0.0,0,-11.238,0.0,0.0,True
2022-08-01,AMD,skip,0.0,0,-10.162,0.0,0.0,True
2022-08-01,AMT,buy_call,2.7609,40,-6.1957,-2.7609,-1.10436,True
2022-08-01,AMZN,skip,0.0,0,-6.0615,0.0,0.0,True
2022-08-01,AVGO,skip,0.0,0,-6.792,0.0,0.0,True
2022-08-01,AXP,skip,0.0,0,-1.3115,0.0,0.0,True
2022-08-01,BA,skip,0.0,0,0.59,0.0,0.0,True
2022-08-01,BAC,skip,0.0,0,-0.5915,0.0,0.0,True
2022-08-01,BDX,skip,0.0,0,3.3195,0.0,0.0,True
2022-08-01,BKNG,skip,0.0,0,-3.0935,0.0,0.0,True
2022-08-01,BLK,skip,0.0,0,-0.417,0.0,0.0,True
2022-08-01,BMY,buy_call,3.5246,40,-8.6338,-3.5246,-1.40984,True
2022-08-01,BRK-B,skip,0.0,0,-6.5868,0.0,0.0,True
2022-08-01,C,skip,0.0,0,-5.0264,0.0,0.0,True
2022-08-01,CAT,skip,0.0,0,-6.1808,0.0,0.0,True
2022-08-01,COST,buy_call,2.4952,40,-3.3805,-2.4952,-0.99808,True
2022-08-01,CRM,skip,0.0,0,-15.1614,0.0,0.0,True
2022-08-01,CSCO,skip,0.0,0,-0.5455,0.0,0.0,True
2022-08-01,CVS,skip,0.0,0,3.1779,0.0,0.0,True
2022-08-01,CVX,buy_call,3.52,40,-3.4925,-3.52,-1.408,True
2022-08-01,DE,skip,0.0,0,6.431,0.0,0.0,True
2022-08-01,DHR,buy_call,2.378,40,-7.397,-2.378,-0.9512,True
2022-08-01,DIS,skip,0.0,0,5.6362,0.0,0.0,True
2022-08-01,DUK,buy_call,2.0238,40,-2.7472,-2.0238,-0.80952,True
2022-08-01,EL,skip,0.0,0,-6.8546,0.0,0.0,True
2022-08-01,ELV,buy_call,3.1297,40,1.6789,-1.4508,-0.58032,True
2022-08-01,EQIX,skip,0.0,0,-6.5891,0.0,0.0,True
2022-08-01,F,skip,0.0,0,3.744,0.0,0.0,True
2022-08-01,GILD,skip,0.0,0,6.2259,0.0,0.0,True
2022-08-01,GM,skip,0.0,0,5.3778,0.0,0.0,True
2022-08-01,GOOGL,skip,0.0,0,-6.9636,0.0,0.0,True
2022-08-01,GS,skip,0.0,0,-0.216,0.0,0.0,True
2022-08-01,HD,skip,0.0,0,-4.1603,0.0,0.0,True
2022-08-01,HON,skip,0.0,0,-1.6159,0.0,0.0,True
2022-08-01,HUM,buy_call,3.1297,40,-0.0456,-3.1297,-1.25188,True
2022-08-01,INTC,skip,0.0,0,-12.0903,0.0,0.0,True
2022-08-01,INTU,skip,0.0,0,-5.1898,0.0,0.0,True
2022-08-01,ISRG,skip,0.0,0,-10.6139,0.0,0.0,True
2022-08-01,ITW,skip,0.0,0,-6.2236,0.0,0.0,True
2022-08-01,JNJ,buy_call,1.8973,40,-7.5521,-1.8973,-0.75892,True
2022-08-01,JPM,skip,0.0,0,-0.5409,0.0,0.0,True
2022-08-01,KLAC,skip,0.0,0,-10.2753,0.0,0.0,True
2022-08-01,KO,buy_call,2.0238,40,-3.8336,-2.0238,-0.80952,True
2022-08-01,LLY,buy_call,3.481,40,-8.6323,-3.481,-1.3924,True
2022-08-01,LMT,buy_call,4.1889,40,1.5224,-2.6664,-1.06656,True
2022-08-01,LOW,skip,0.0,0,1.9388,0.0,0.0,True
2022-08-01,LRCX,skip,0.0,0,-12.5072,0.0,0.0,True
2022-08-01,MA,skip,0.0,0,-8.1751,0.0,0.0,True
2022-08-01,MDLZ,skip,0.0,0,-3.4041,0.0,0.0,True
2022-08-01,MDT,skip,0.0,0,-4.9719,0.0,0.0,True
2022-08-01,META,skip,0.0,0,2.4073,0.0,0.0,True
2022-08-01,MMM,skip,0.0,0,-13.1876,0.0,0.0,True
2022-08-01,MRK,buy_call,2.4532,40,-4.4549,-2.4532,-0.98128,True
2022-08-01,MS,skip,0.0,0,2.0499,0.0,0.0,True
2022-08-01,MSFT,skip,0.0,0,-6.864,0.0,0.0,True
2022-08-01,MU,skip,0.0,0,-8.4373,0.0,0.0,True
2022-08-01,NEE,buy_call,2.0238,40,0.6746,-1.3492,-0.53968,True
2022-08-01,NFLX,skip,0.0,0,-0.5958,0.0,0.0,True
2022-08-01,NKE,skip,0.0,0,-7.3704,0.0,0.0,True
2022-08-01,NOW,skip,0.0,0,-2.6956,0.0,0.0,True
2022-08-01,NVDA,skip,0.0,0,-16.897,0.0,0.0,True
2022-08-01,ORCL,skip,0.0,0,-4.3144,0.0,0.0,True
2022-08-01,PEP,buy_call,2.2426,40,-1.5375,-2.2426,-0.89704,True
2022-08-01,PFE,skip,0.0,0,-9.7585,0.0,0.0,True
2022-08-01,PG,skip,0.0,0,-0.0536,0.0,0.0,True
2022-08-01,PLD,skip,0.0,0,-6.0727,0.0,0.0,True
2022-08-01,PM,skip,0.0,0,-1.7087,0.0,0.0,True
2022-08-01,PYPL,skip,0.0,0,7.9857,0.0,0.0,True
2022-08-01,QCOM,skip,0.0,0,-8.817,0.0,0.0,True
2022-08-01,REGN,skip,0.0,0,-0.1083,0.0,0.0,True
2022-08-01,RTX,buy_call,4.1889,40,-3.7121,-4.1889,-1.67556,True
2022-08-01,SBUX,skip,0.0,0,-0.8374,0.0,0.0,True
2022-08-01,SCHW,skip,0.0,0,2.7516,0.0,0.0,True
2022-08-01,SHW,skip,0.0,0,-4.0671,0.0,0.0,True
2022-08-01,SO,buy_call,2.0238,40,0.2341,-1.7897,-0.71588,True
2022-08-01,SPGI,skip,0.0,0,-6.5662,0.0,0.0,True
2022-08-01,SYK,skip,0.0,0,-4.447,0.0,0.0,True
2022-08-01,T,buy_call,3.5263,40,-5.3588,-3.5263,-1.41052,True
2022-08-01,TGT,skip,0.0,0,-1.8607,0.0,0.0,True
2022-08-01,TJX,skip,0.0,0,1.9457,0.0,0.0,True
2022-08-01,TMO,buy_call,2.8279,40,-8.8718,-2.8279,-1.13116,True
2022-08-01,TMUS,buy_call,3.5263,40,0.6291,-2.8972,-1.15888,True
2022-08-01,TSLA,skip,0.0,0,-7.2489,0.0,0.0,True
2022-08-01,TXN,buy_call,4.098,40,-7.0389,-4.098,-1.6392,True
2022-08-01,UNH,buy_call,3.1297,40,-4.2427,-3.1297,-1.25188,True
2022-08-01,UNP,skip,0.0,0,-1.2275,0.0,0.0,True
2022-08-01,UPS,skip,0.0,0,-0.195,0.0,0.0,True
2022-08-01,V,skip,0.0,0,-6.3175,0.0,0.0,True
2022-08-01,VRTX,buy_call,3.5246,40,0.4814,-3.0431,-1.21724,True
2022-08-01,VZ,skip,0.0,0,-8.3438,0.0,0.0,True
2022-08-01,WFC,skip,0.0,0,-0.3647,0.0,0.0,True
2022-08-01,ZTS,skip,0.0,0,-14.0963,0.0,0.0,True
2022-09-01,AAPL,skip,0.0,0,-11.9756,0.0,0.0,True
2022-09-01,ABBV,skip,0.0,0,-0.1859,0.0,0.0,True
2022-09-01,ABT,skip,0.0,0,-5.738,0.0,0.0,True
2022-09-01,ACN,skip,0.0,0,-10.8022,0.0,0.0,True
2022-09-01,ADBE,skip,0.0,0,-26.3068,0.0,0.0,True
2022-09-01,ADI,skip,0.0,0,-7.6021,0.0,0.0,True
2022-09-01,ADP,buy_call,2.64,150,-7.4547,-2.64,-3.96,True
2022-09-01,AMAT,skip,0.0,0,-12.6825,0.0,0.0,True
2022-09-01,AMD,skip,0.0,0,-25.3446,0.0,0.0,True
2022-09-01,AMT,buy_call,2.64,150,-15.4891,-2.64,-3.96,True
2022-09-01,AMZN,skip,0.0,0,-10.8622,0.0,0.0,True
2022-09-01,AVGO,skip,0.0,0,-11.0396,0.0,0.0,True
2022-09-01,AXP,skip,0.0,0,-11.2434,0.0,0.0,True
2022-09-01,BA,skip,0.0,0,-24.4431,0.0,0.0,True
2022-09-01,BAC,skip,0.0,0,-10.1458,0.0,0.0,True
2022-09-01,BDX,skip,0.0,0,-11.7225,0.0,0.0,True
2022-09-01,BKNG,skip,0.0,0,-12.4,0.0,0.0,True
2022-09-01,BLK,skip,0.0,0,-17.4237,0.0,0.0,True
2022-09-01,BMY,skip,0.0,0,5.4591,0.0,0.0,True
2022-09-01,BRK-B,skip,0.0,0,-4.9074,0.0,0.0,True
2022-09-01,C,skip,0.0,0,-14.6281,0.0,0.0,True
2022-09-01,CAT,skip,0.0,0,-11.1689,0.0,0.0,True
2022-09-01,COST,buy_call,3.8142,150,-9.5442,-3.8142,-5.7213,True
2022-09-01,CRM,skip,0.0,0,-7.8657,0.0,0.0,True
2022-09-01,CSCO,skip,0.0,0,-10.5546,0.0,0.0,True
2022-09-01,CVS,skip,0.0,0,-2.8324,0.0,0.0,True
2022-09-01,CVX,buy_call,3.9097,150,-8.2782,-3.9097,-5.86455,True
2022-09-01,DE,buy_call,4.6269,150,-8.5859,-4.6269,-6.94035,True
2022-09-01,DHR,skip,0.0,0,-4.3052,0.0,0.0,True
2022-09-01,DIS,skip,0.0,0,-15.8369,0.0,0.0,True
2022-09-01,DUK,buy_call,2.5062,150,-12.1904,-2.5062,-3.7593,True
2022-09-01,EL,skip,0.0,0,-14.9306,0.0,0.0,True
2022-09-01,ELV,buy_call,2.1553,150,-6.3635,-2.1553,-3.23295,True
2022-09-01,EQIX,skip,0.0,0,-13.0904,0.0,0.0,True
2022-09-01,F,skip,0.0,0,-25.7762,0.0,0.0,True
2022-09-01,GILD,buy_call,2.2567,150,-2.8045,-2.2567,-3.38505,True
2022-09-01,GM,skip,0.0,0,-15.825,0.0,0.0,True
2022-09-01,GOOGL,skip,0.0,0,-11.6152,0.0,0.0,True
2022-09-01,GS,skip,0.0,0,-11.2447,0.0,0.0,True
2022-09-01,HD,skip,0.0,0,-3.7028,0.0,0.0,True
2022-09-01,HON,buy_call,2.64,150,-11.379,-2.64,-3.96,True
2022-09-01,HUM,buy_call,2.1553,150,0.7078,-1.4476,-2.1714,True
2022-09-01,INTC,skip,0.0,0,-18.4519,0.0,0.0,True
2022-09-01,INTU,skip,0.0,0,-10.2969,0.0,0.0,True
2022-09-01,ISRG,skip,0.0,0,-8.8947,0.0,0.0,True
2022-09-01,ITW,skip,0.0,0,-7.2781,0.0,0.0,True
2022-09-01,JNJ,skip,0.0,0,1.9323,0.0,0.0,True
2022-09-01,JPM,skip,0.0,0,-8.1157,0.0,0.0,True
2022-09-01,KLAC,skip,0.0,0,-11.7516,0.0,0.0,True
2022-09-01,KO,buy_call,2.5062,150,-9.2206,-2.5062,-3.7593,True
2022-09-01,LLY,buy_call,3.4476,150,7.6936,4.2461,6.36915,True
2022-09-01,LMT,skip,0.0,0,-7.4406,0.0,0.0,True
2022-09-01,LOW,skip,0.0,0,-3.2605,0.0,0.0,True
2022-09-01,LRCX,skip,0.0,0,-16.4212,0.0,0.0,True
2022-09-01,MA,skip,0.0,0,-12.3409,0.0,0.0,True
2022-09-01,MDLZ,skip,0.0,0,-11.3644,0.0,0.0,True
2022-09-01,MDT,skip,0.0,0,-8.1551,0.0,0.0,True
2022-09-01,META,skip,0.0,0,-16.725,0.0,0.0,True
2022-09-01,MMM,skip,0.0,0,-10.226,0.0,0.0,True
2022-09-01,MRK,buy_call,2.159,150,0.8904,-1.2686,-1.9029,True
2022-09-01,MS,skip,0.0,0,-7.287,0.0,0.0,True
2022-09-01,MSFT,skip,0.0,0,-10.7376,0.0,0.0,True
2022-09-01,MU,skip,0.0,0,-11.3745,0.0,0.0,True
2022-09-01,NEE,buy_call,2.5062,150,-7.3709,-2.5062,-3.7593,True
2022-09-01,NFLX,skip,0.0,0,5.314,0.0,0.0,True
2022-09-01,NKE,skip,0.0,0,-21.9164,0.0,0.0,True
2022-09-01,NOW,skip,0.0,0,-13.1172,0.0,0.0,True
2022-09-01,NVDA,skip,0.0,0,-19.5773,0.0,0.0,True
2022-09-01,ORCL,skip,0.0,0,-17.6399,0.0,0.0,True
2022-09-01,PEP,buy_call,2.0673,150,-5.2302,-2.0673,-3.10095,True
2022-09-01,PFE,skip,0.0,0,-3.2501,0.0,0.0,True
2022-09-01,PG,skip,0.0,0,-8.4747,0.0,0.0,True
2022-09-01,PLD,skip,0.0,0,-18.4001,0.0,0.0,True
2022-09-01,PM,skip,0.0,0,-13.0694,0.0,0.0,True
2022-09-01,PYPL,skip,0.0,0,-7.8874,0.0,0.0,True
2022-09-01,QCOM,skip,0.0,0,-14.1045,0.0,0.0,True
2022-09-01,REGN,skip,0.0,0,18.554,0.0,0.0,True
2022-09-01,RTX,skip,0.0,0,-8.2599,0.0,0.0,True
2022-09-01,SBUX,skip,0.0,0,0.797,0.0,0.0,True
2022-09-01,SCHW,skip,0.0,0,1.6164,0.0,0.0,True
2022-09-01,SHW,skip,0.0,0,-11.5727,0.0,0.0,True
2022-09-01,SO,buy_call,2.5062,150,-10.9915,-2.5062,-3.7593,True
2022-09-01,SPGI,skip,0.0,0,-13.1006,0.0,0.0,True
2022-09-01,SYK,skip,0.0,0,-1.2963,0.0,0.0,True
2022-09-01,T,buy_call,4.0844,150,-12.5428,-4.0844,-6.1266,True
2022-09-01,TGT,skip,0.0,0,-6.8728,0.0,0.0,True
2022-09-01,TJX,skip,0.0,0,0.1021,0.0,0.0,True
2022-09-01,TMO,buy_call,2.3219,150,-6.9922,-2.3219,-3.48285,True
2022-09-01,TMUS,buy_call,4.0844,150,-6.8005,-4.0844,-6.1266,True
2022-09-01,TSLA,skip,0.0,0,-3.7589,0.0,0.0,True
2022-09-01,TXN,skip,0.0,0,-6.3132,0.0,0.0,True
2022-09-01,UNH,buy_call,2.1553,150,-2.7516,-2.1553,-3.23295,True
2022-09-01,UNP,skip,0.0,0,-12.7362,0.0,0.0,True
2022-09-01,UPS,skip,0.0,0,-16.3282,0.0,0.0,True
2022-09-01,V,skip,0.0,0,-10.44,0.0,0.0,True
2022-09-01,VRTX,buy_call,2.2567,150,2.7612,0.5045,0.75675,True
2022-09-01,VZ,skip,0.0,0,-9.1844,0.0,0.0,True
2022-09-01,WFC,skip,0.0,0,-7.3511,0.0,0.0,True
2022-09-01,ZTS,skip,0.0,0,-5.2642,0.0,0.0,True
2022-10-01,AAPL,skip,0.0,0,10.9551,0.0,0.0,True
2022-10-01,ABBV,skip,0.0,0,9.0828,0.0,0.0,True
2022-10-01,ABT,skip,0.0,0,2.253,0.0,0.0,True
2022-10-01,ACN,skip,0.0,0,10.3381,0.0,0.0,True
2022-10-01,ADBE,skip,0.0,0,15.734,0.0,0.0,True
2022-10-01,ADI,skip,0.0,0,2.3539,0.0,0.0,True
2022-10-01,ADP,buy_call,2.9286,928,7.3188,4.3902,40.741056,True
2022-10-01,AMAT,skip,0.0,0,7.7627,0.0,0.0,True
2022-10-01,AMD,skip,0.0,0,-5.2083,0.0,0.0,True
2022-10-01,AMT,skip,0.0,0,-3.4979,0.0,0.0,True
2022-10-01,AMZN,skip,0.0,0,-9.3451,0.0,0.0,True
2022-10-01,AVGO,skip,0.0,0,6.7683,0.0,0.0,True
2022-10-01,AXP,skip,0.0,0,10.0363,0.0,0.0,True
2022-10-01,BA,skip,0.0,0,17.699,0.0,0.0,True
2022-10-01,BAC,skip,0.0,0,20.124,0.0,0.0,True
2022-10-01,BDX,skip,0.0,0,6.2538,0.0,0.0,True
2022-10-01,BKNG,skip,0.0,0,13.77,0.0,0.0,True
2022-10-01,BLK,skip,0.0,0,18.2554,0.0,0.0,True
2022-10-01,BMY,skip,0.0,0,8.9745,0.0,0.0,True
2022-10-01,BRK-B,skip,0.0,0,10.5123,0.0,0.0,True
2022-10-01,C,skip,0.0,0,10.0552,0.0,0.0,True
2022-10-01,CAT,skip,0.0,0,31.9235,0.0,0.0,True
2022-10-01,COST,skip,0.0,0,6.1893,0.0,0.0,True
2022-10-01,CRM,skip,0.0,0,13.0353,0.0,0.0,True
2022-10-01,CSCO,skip,0.0,0,13.575,0.0,0.0,True
2022-10-01,CVS,skip,0.0,0,-0.7025,0.0,0.0,True
2022-10-01,CVX,skip,0.0,0,25.9135,0.0,0.0,True
2022-10-01,DE,skip,0.0,0,18.9366,0.0,0.0,True
2022-10-01,DHR,skip,0.0,0,-2.4714,0.0,0.0,True
2022-10-01,DIS,skip,0.0,0,12.9439,0.0,0.0,True
2022-10-01,DUK,skip,0.0,0,0.172,0.0,0.0,True
2022-10-01,EL,skip,0.0,0,-7.1376,0.0,0.0,True
2022-10-01,ELV,skip,0.0,0,20.6888,0.0,0.0,True
2022-10-01,EQIX,skip,0.0,0,-0.4219,0.0,0.0,True
2022-10-01,F,skip,0.0,0,19.375,0.0,0.0,True
2022-10-01,GILD,buy_call,2.877,928,28.6267,25.7496,238.956288,True
2022-10-01,GM,skip,0.0,0,22.3123,0.0,0.0,True
2022-10-01,GOOGL,skip,0.0,0,-1.1918,0.0,0.0,True
2022-10-01,GS,skip,0.0,0,17.5602,0.0,0.0,True
2022-10-01,HD,skip,0.0,0,7.3168,0.0,0.0,True
2022-10-01,HON,skip,0.0,0,22.1896,0.0,0.0,True
2022-10-01,HUM,buy_call,2.3345,928,15.2069,12.8724,119.455872,True
2022-10-01,INTC,skip,0.0,0,10.3221,0.0,0.0,True
2022-10-01,INTU,skip,0.0,0,10.3739,0.0,0.0,True
2022-10-01,ISRG,skip,0.0,0,31.4927,0.0,0.0,True
2022-10-01,ITW,skip,0.0,0,19.0283,0.0,0.0,True
2022-10-01,JNJ,skip,0.0,0,6.4948,0.0,0.0,True
2022-10-01,JPM,skip,0.0,0,20.4593,0.0,0.0,True
2022-10-01,KLAC,skip,0.0,0,4.5666,0.0,0.0,True
2022-10-01,KO,skip,0.0,0,7.6158,0.0,0.0,True
2022-10-01,LLY,buy_call,3.5792,928,11.9808,8.4016,77.966848,True
2022-10-01,LMT,skip,0.0,0,25.9882,0.0,0.0,True
2022-10-01,LOW,skip,0.0,0,3.8017,0.0,0.0,True
2022-10-01,LRCX,skip,0.0,0,11.0238,0.0,0.0,True
2022-10-01,MA,skip,0.0,0,15.4182,0.0,0.0,True
2022-10-01,MDLZ,skip,0.0,0,12.8758,0.0,0.0,True
2022-10-01,MDT,skip,0.0,0,9.0257,0.0,0.0,True
2022-10-01,META,skip,0.0,0,-31.3384,0.0,0.0,True
2022-10-01,MMM,skip,0.0,0,13.8371,0.0,0.0,True
2022-10-01,MRK,buy_call,2.5506,928,18.4578,15.9072,147.618816,True
2022-10-01,MS,skip,0.0,0,3.9995,0.0,0.0,True
2022-10-01,MSFT,skip,0.0,0,-0.3306,0.0,0.0,True
2022-10-01,MU,skip,0.0,0,7.984,0.0,0.0,True
2022-10-01,NEE,skip,0.0,0,-1.1606,0.0,0.0,True
2022-10-01,NFLX,skip,0.0,0,23.9721,0.0,0.0,True
2022-10-01,NKE,skip,0.0,0,11.8217,0.0,0.0,True
2022-10-01,NOW,skip,0.0,0,11.4218,0.0,0.0,True
2022-10-01,NVDA,skip,0.0,0,11.2201,0.0,0.0,True
2022-10-01,ORCL,skip,0.0,0,27.8369,0.0,0.0,True
2022-10-01,PEP,skip,0.0,0,11.9688,0.0,0.0,True
2022-10-01,PFE,skip,0.0,0,6.3757,0.0,0.0,True
2022-10-01,PG,skip,0.0,0,6.6693,0.0,0.0,True
2022-10-01,PLD,skip,0.0,0,9.6987,0.0,0.0,True
2022-10-01,PM,skip,0.0,0,12.23,0.0,0.0,True
2022-10-01,PYPL,skip,0.0,0,-2.893,0.0,0.0,True
2022-10-01,QCOM,skip,0.0,0,4.1423,0.0,0.0,True
2022-10-01,REGN,skip,0.0,0,8.6925,0.0,0.0,True
2022-10-01,RTX,skip,0.0,0,15.8319,0.0,0.0,True
2022-10-01,SBUX,skip,0.0,0,2.7653,0.0,0.0,True
2022-10-01,SCHW,skip,0.0,0,10.8529,0.0,0.0,True
2022-10-01,SHW,skip,0.0,0,9.9048,0.0,0.0,True
2022-10-01,SO,skip,0.0,0,-3.7059,0.0,0.0,True
2022-10-01,SPGI,skip,0.0,0,5.2071,0.0,0.0,True
2022-10-01,SYK,skip,0.0,0,13.5661,0.0,0.0,True
2022-10-01,T,skip,0.0,0,18.8396,0.0,0.0,True
2022-10-01,TGT,skip,0.0,0,10.688,0.0,0.0,True
2022-10-01,TJX,buy_call,3.0124,928,16.0657,13.0533,121.134624,True
2022-10-01,TMO,skip,0.0,0,1.3911,0.0,0.0,True
2022-10-01,TMUS,buy_call,4.7637,928,12.9612,8.1975,76.0728,True
2022-10-01,TSLA,skip,0.0,0,-14.2168,0.0,0.0,True
2022-10-01,TXN,skip,0.0,0,3.7795,0.0,0.0,True
2022-10-01,UNH,skip,0.0,0,10.2669,0.0,0.0,True
2022-10-01,UNP,skip,0.0,0,1.1908,0.0,0.0,True
2022-10-01,UPS,skip,0.0,0,3.8566,0.0,0.0,True
2022-10-01,V,skip,0.0,0,16.6113,0.0,0.0,True
2022-10-01,VRTX,buy_call,2.877,928,7.7571,4.8801,45.287328,True
2022-10-01,VZ,skip,0.0,0,-1.5802,0.0,0.0,True
2022-10-01,WFC,skip,0.0,0,14.3461,0.0,0.0,True
2022-10-01,ZTS,skip,0.0,0,1.6792,0.0,0.0,True
2022-11-01,AAPL,skip,0.0,0,-3.4629,0.0,0.0,False
2022-11-01,ABBV,buy_call,2.0655,1,11.2159,9.1504,0.091504,False
2022-11-01,ABT,skip,0.0,0,9.2456,0.0,0.0,False
2022-11-01,ACN,skip,0.0,0,6.4699,0.0,0.0,False
2022-11-01,ADBE,skip,0.0,0,8.2983,0.0,0.0,False
2022-11-01,ADI,skip,0.0,0,20.5371,0.0,0.0,False
2022-11-01,ADP,buy_call,2.246,1,9.2843,7.0383,0.070383,False
2022-11-01,AMAT,skip,0.0,0,24.1364,0.0,0.0,False
2022-11-01,AMD,skip,0.0,0,29.2541,0.0,0.0,False
2022-11-01,AMT,skip,0.0,0,7.5647,0.0,0.0,False
2022-11-01,AMZN,skip,0.0,0,-5.7595,0.0,0.0,False
2022-11-01,AVGO,skip,0.0,0,17.2105,0.0,0.0,False
2022-11-01,AXP,skip,0.0,0,6.5622,0.0,0.0,False
2022-11-01,BA,skip,0.0,0,25.521,0.0,0.0,False
2022-11-01,BAC,buy_call,3.3695,1,5.0222,1.6527,0.016527,False
2022-11-01,BDX,skip,0.0,0,5.666,0.0,0.0,False
2022-11-01,BKNG,skip,0.0,0,11.2315,0.0,0.0,False
2022-11-01,BLK,buy_call,2.5724,1,10.8514,8.279,0.08279,False
2022-11-01,BMY,buy_call,2.0655,1,4.4164,2.3508,0.023508,False
2022-11-01,BRK-B,skip,0.0,0,7.9671,0.0,0.0,False
2022-11-01,C,skip,0.0,0,5.5604,0.0,0.0,False
2022-11-01,CAT,buy_call,3.5407,1,9.9473,6.4066,0.064066,False
2022-11-01,COST,skip,0.0,0,7.7215,0.0,0.0,False
2022-11-01,CRM,skip,0.0,0,-1.4392,0.0,0.0,False
2022-11-01,CSCO,skip,0.0,0,10.4597,0.0,0.0,False
2022-11-01,CVS,skip,0.0,0,8.2313,0.0,0.0,False
2022-11-01,CVX,buy_call,2.9973,1,1.3322,-1.6651,-0.016651,False
2022-11-01,DE,buy_call,3.5407,1,11.4143,7.8736,0.078736,False
2022-11-01,DHR,buy_call,1.4757,1,8.6383,7.1626,0.071626,False
2022-11-01,DIS,skip,0.0,0,-8.1378,0.0,0.0,False
2022-11-01,DUK,skip,0.0,0,7.244,0.0,0.0,False
2022-11-01,EL,skip,0.0,0,17.6068,0.0,0.0,False
2022-11-01,ELV,buy_call,2.0777,1,-2.5331,-2.0777,-0.020777,False
2022-11-01,EQIX,skip,0.0,0,21.9282,0.0,0.0,False
2022-11-01,F,skip,0.0,0,3.9641,0.0,0.0,False
2022-11-01,GILD,buy_call,2.0655,1,11.9424,9.8769,0.098769,False
2022-11-01,GM,buy_call,3.5407,1,3.3376,-0.2031,-0.002031,False
2022-11-01,GOOGL,skip,0.0,0,6.8564,0.0,0.0,False
2022-11-01,GS,buy_call,2.5724,1,12.0867,9.5143,0.095143,False
2022-11-01,HD,skip,0.0,0,9.408,0.0,0.0,False
2022-11-01,HON,buy_call,2.246,1,7.612,5.366,0.05366,False
2022-11-01,HUM,buy_call,2.0777,1,-1.4658,-2.0777,-0.020777,False
2022-11-01,INTC,skip,0.0,0,5.7686,0.0,0.0,False
2022-11-01,INTU,buy_call,4.9009,1,-4.4772,-4.9009,-0.049009,False
2022-11-01,ISRG,buy_call,1.4757,1,9.705,8.2294,0.082294,False
2022-11-01,ITW,buy_call,2.246,1,6.5283,4.2823,0.042823,False
2022-11-01,JNJ,skip,0.0,0,2.3165,0.0,0.0,False
2022-11-01,JPM,buy_call,2.5724,1,10.7533,8.181,0.08181,False
2022-11-01,KLAC,skip,0.0,0,24.2376,0.0,0.0,False
2022-11-01,KO,skip,0.0,0,6.2824,0.0,0.0,False
2022-11-01,LLY,buy_call,3.5202,1,2.4828,-1.0374,-0.010374,False
2022-11-01,LMT,buy_call,3.5407,1,-0.3061,-3.5407,-0.035407,False
2022-11-01,LOW,skip,0.0,0,9.621,0.0,0.0,False
2022-11-01,LRCX,skip,0.0,0,16.7004,0.0,0.0,False
2022-11-01,MA,skip,0.0,0,8.7742,0.0,0.0,False
2022-11-01,MDLZ,skip,0.0,0,9.9707,0.0,0.0,False
2022-11-01,MDT,skip,0.0,0,-9.5031,0.0,0.0,False
2022-11-01,META,skip,0.0,0,26.7711,0.0,0.0,False
2022-11-01,MMM,skip,0.0,0,0.1431,0.0,0.0,False
2022-11-01,MRK,buy_call,2.4896,1,8.8142,6.3246,0.063246,False
2022-11-01,MS,buy_call,2.5724,1,14.3636,11.7912,0.117912,False
2022-11-01,MSFT,skip,0.0,0,9.9125,0.0,0.0,False
2022-11-01,MU,skip,0.0,0,6.7868,0.0,0.0,False
2022-11-01,NEE,buy_call,2.3598,1,9.2903,6.9305,0.069305,False
2022-11-01,NFLX,buy_call,4.859,1,4.6766,-0.1824,-0.001824,False
2022-11-01,NKE,skip,0.0,0,18.3535,0.0,0.0,False
2022-11-01,NOW,skip,0.0,0,-1.0553,0.0,0.0,False
2022-11-01,NVDA,skip,0.0,0,25.3834,0.0,0.0,False
2022-11-01,ORCL,buy_call,3.3174,1,6.9,3.5826,0.035826,False
2022-11-01,PEP,buy_call,2.3903,1,2.1643,-0.226,-0.00226,False
2022-11-01,PFE,skip,0.0,0,7.6906,0.0,0.0,False
2022-11-01,PG,skip,0.0,0,11.5457,0.0,0.0,False
2022-11-01,PLD,skip,0.0,0,6.3567,0.0,0.0,False
2022-11-01,PM,skip,0.0,0,8.5139,0.0,0.0,False
2022-11-01,PYPL,skip,0.0,0,-6.1857,0.0,0.0,False
2022-11-01,QCOM,skip,0.0,0,7.5047,0.0,0.0,False
2022-11-01,REGN,buy_call,2.0655,1,0.394,-1.6715,-0.016715,False
2022-11-01,RTX,buy_call,3.5407,1,4.1131,0.5724,0.005724,False
2022-11-01,SBUX,buy_call,2.3598,1,18.0275,15.6677,0.156677,False
2022-11-01,SCHW,buy_call,2.5724,1,3.6024,1.03,0.0103,False
2022-11-01,SHW,skip,0.0,0,10.7319,0.0,0.0,False
2022-11-01,SO,skip,0.0,0,3.2987,0.0,0.0,False
2022-11-01,SPGI,skip,0.0,0,9.821,0.0,0.0,False
2022-11-01,SYK,skip,0.0,0,2.0284,0.0,0.0,False
2022-11-01,T,skip,0.0,0,7.6382,0.0,0.0,False
2022-11-01,TGT,skip,0.0,0,1.7169,0.0,0.0,False
2022-11-01,TJX,buy_call,1.8996,1,11.0263,9.1268,0.091268,False
2022-11-01,TMO,skip,0.0,0,8.9986,0.0,0.0,False
2022-11-01,TMUS,buy_call,2.6704,1,-0.066,-2.6704,-0.026704,False
2022-11-01,TSLA,skip,0.0,0,-14.4326,0.0,0.0,False
2022-11-01,TXN,skip,0.0,0,13.2409,0.0,0.0,False
2022-11-01,UNH,buy_call,2.0777,1,-1.3312,-2.0777,-0.020777,False
2022-11-01,UNP,skip,0.0,0,10.2922,0.0,0.0,False
2022-11-01,UPS,skip,0.0,0,13.0893,0.0,0.0,False
2022-11-01,V,skip,0.0,0,4.7499,0.0,0.0,False
2022-11-01,VRTX,buy_call,2.0655,1,1.4103,-0.6553,-0.006553,False
2022-11-01,VZ,skip,0.0,0,6.0662,0.0,0.0,False
2022-11-01,WFC,buy_call,2.9195,1,4.2618,1.3422,0.013422,False
2022-11-01,ZTS,skip,0.0,0,2.4456,0.0,0.0,False
2022-12-01,AAPL,skip,0.0,0,-12.0817,0.0,0.0,False
2022-12-01,ABBV,buy_call,2.5226,1,0.2668,-2.2558,-0.022558,False
2022-12-01,ABT,skip,0.0,0,2.0543,0.0,0.0,False
2022-12-01,ACN,buy_call,3.1697,1,-11.3282,-3.1697,-0.031697,False
2022-12-01,ADBE,skip,0.0,0,-2.4353,0.0,0.0,False
2022-12-01,ADI,buy_call,2.9418,1,-4.5838,-2.9418,-0.029418,False
2022-12-01,ADP,buy_call,2.723,1,-9.5707,-2.723,-0.02723,False
2022-12-01,AMAT,skip,0.0,0,-10.9333,0.0,0.0,False
2022-12-01,AMD,skip,0.0,0,-16.5658,0.0,0.0,False
2022-12-01,AMT,skip,0.0,0,-4.2441,0.0,0.0,False
2022-12-01,AMZN,skip,0.0,0,-12.9894,0.0,0.0,False
2022-12-01,AVGO,skip,0.0,0,1.47,0.0,0.0,False
2022-12-01,AXP,skip,0.0,0,-6.2441,0.0,0.0,False
2022-12-01,BA,buy_call,3.0,1,6.4904,3.4904,0.034904,False
2022-12-01,BAC,buy_call,3.3578,1,-12.4967,-3.3578,-0.033578,False
2022-12-01,BDX,skip,0.0,0,1.9893,0.0,0.0,False
2022-12-01,BKNG,skip,0.0,0,-3.0859,0.0,0.0,False
2022-12-01,BLK,buy_call,3.2515,1,-1.0293,-3.2515,-0.032515,False
2022-12-01,BMY,buy_call,2.5226,1,-10.3762,-2.5226,-0.025226,False
2022-12-01,BRK-B,buy_call,2.1651,1,-3.0446,-2.1651,-0.021651,False
2022-12-01,C,skip,0.0,0,-5.4877,0.0,0.0,False
2022-12-01,CAT,buy_call,3.1232,1,1.3324,-1.7908,-0.017908,False
2022-12-01,COST,buy_call,2.868,1,-15.3454,-2.868,-0.02868,False
2022-12-01,CRM,buy_call,3.8699,1,-17.2605,-3.8699,-0.038699,False
2022-12-01,CSCO,buy_call,2.723,1,-4.1834,-2.723,-0.02723,False
2022-12-01,CVS,buy_call,2.6716,1,-8.5296,-2.6716,-0.026716,False
2022-12-01,CVX,buy_call,3.0556,1,-1.3265,-3.0556,-0.030556,False
2022-12-01,DE,buy_call,3.1232,1,-2.7755,-3.1232,-0.031232,False
2022-12-01,DHR,buy_call,2.6337,1,-2.9223,-2.6337,-0.026337,False
2022-12-01,DIS,skip,0.0,0,-11.2292,0.0,0.0,False
2022-12-01,DUK,skip,0.0,0,4.1307,0.0,0.0,False
2022-12-01,EL,skip,0.0,0,5.5456,0.0,0.0,False
2022-12-01,ELV,buy_call,2.6716,1,-3.7435,-2.6716,-0.026716,False
2022-12-01,EQIX,buy_call,2.723,1,-4.6951,-2.723,-0.02723,False
2022-12-01,F,buy_call,3.1232,1,-15.4563,-3.1232,-0.031232,False
2022-12-01,GILD,buy_call,2.5226,1,-2.2543,-2.5226,-0.025226,False
2022-12-01,GM,buy_call,3.1232,1,-17.0612,-3.1232,-0.031232,False
2022-12-01,GOOGL,skip,0.0,0,-12.6349,0.0,0.0,False
2022-12-01,GS,buy_call,3.2515,1,-10.4928,-3.2515,-0.032515,False
2022-12-01,HD,buy_call,2.8721,1,-1.9195,-2.8721,-0.028721,False
2022-12-01,HON,buy_call,2.723,1,-1.9133,-2.723,-0.02723,False
2022-12-01,HUM,buy_call,2.6716,1,-6.8576,-2.6716,-0.026716,False
2022-12-01,INTC,skip,0.0,0,-10.918,0.0,0.0,False
2022-12-01,INTU,skip,0.0,0,-4.507,0.0,0.0,False
2022-12-01,ISRG,buy_call,2.6337,1,-1.864,-2.6337,-0.026337,False
2022-12-01,ITW,buy_call,2.723,1,-3.152,-2.723,-0.02723,False
2022-12-01,JNJ,buy_call,1.6169,1,-0.1179,-1.6169,-0.016169,False
2022-12-01,JPM,buy_call,3.2515,1,-2.9527,-3.2515,-0.032515,False
2022-12-01,KLAC,buy_call,2.9418,1,-3.7712,-2.9418,-0.029418,False
2022-12-01,KO,buy_call,1.789,1,0.7092,-1.0797,-0.010797,False
2022-12-01,LLY,buy_call,2.8489,1,-1.1371,-2.8489,-0.028489,False
2022-12-01,LMT,buy_call,3.1232,1,0.8932,-2.23,-0.0223,False
2022-12-01,LOW,buy_call,2.8721,1,-6.2621,-2.8721,-0.028721,False
2022-12-01,LRCX,skip,0.0,0,-11.025,0.0,0.0,False
2022-12-01,MA,skip,0.0,0,-2.4327,0.0,0.0,False
2022-12-01,MDLZ,buy_call,1.789,1,-1.4199,-1.789,-0.01789,False
2022-12-01,MDT,skip,0.0,0,-1.67,0.0,0.0,False
2022-12-01,META,skip,0.0,0,1.8967,0.0,0.0,False
2022-12-01,MMM,skip,0.0,0,-3.688,0.0,0.0,False
2022-12-01,MRK,buy_call,2.1241,1,0.7537,-1.3704,-0.013704,False
2022-12-01,MS,buy_call,3.2515,1,-8.6494,-3.2515,-0.032515,False
2022-12-01,MSFT,skip,0.0,0,-5.7396,0.0,0.0,False
2022-12-01,MU,skip,0.0,0,-13.3044,0.0,0.0,False
2022-12-01,NEE,buy_call,1.789,1,-0.7975,-1.789,-0.01789,False
2022-12-01,NFLX,buy_call,7.0615,1,-3.4857,-7.0615,-0.070615,False
2022-12-01,NKE,skip,0.0,0,6.6733,0.0,0.0,False
2022-12-01,NOW,skip,0.0,0,-6.7331,0.0,0.0,False
2022-12-01,NVDA,skip,0.0,0,-13.6221,0.0,0.0,False
2022-12-01,ORCL,buy_call,3.0024,1,-1.5537,-3.0024,-0.030024,False
2022-12-01,PEP,buy_call,1.789,1,-2.6144,-1.789,-0.01789,False
2022-12-01,PFE,skip,0.0,0,3.0903,0.0,0.0,False
2022-12-01,PG,buy_call,2.1903,1,1.609,-0.5813,-0.005813,False
2022-12-01,PLD,skip,0.0,0,-4.2958,0.0,0.0,False
2022-12-01,PM,skip,0.0,0,1.5451,0.0,0.0,False
2022-12-01,PYPL,skip,0.0,0,-9.1697,0.0,0.0,False
2022-12-01,QCOM,skip,0.0,0,-12.5299,0.0,0.0,False
2022-12-01,REGN,buy_call,2.5226,1,-4.0189,-2.5226,-0.025226,False
2022-12-01,RTX,buy_call,3.1232,1,2.8279,-0.2953,-0.002953,False
2022-12-01,SBUX,buy_call,1.789,1,-2.3776,-1.789,-0.01789,False
2022-12-01,SCHW,buy_call,3.2515,1,1.1518,-2.0998,-0.020998,False
2022-12-01,SHW,skip,0.0,0,-4.5177,0.0,0.0,False
2022-12-01,SO,skip,0.0,0,6.6912,0.0,0.0,False
2022-12-01,SPGI,buy_call,3.2515,1,-4.8366,-3.2515,-0.032515,False
2022-12-01,SYK,buy_call,2.6337,1,4.532,1.8983,0.018983,False
2022-12-01,T,skip,0.0,0,-4.5124,0.0,0.0,False
2022-12-01,TGT,buy_call,1.9674,1,-10.2323,-1.9674,-0.019674,False
2022-12-01,TJX,buy_call,1.9674,1,-0.1501,-1.9674,-0.019674,False
2022-12-01,TMO,skip,0.0,0,-1.7011,0.0,0.0,False
2022-12-01,TMUS,buy_call,3.4539,1,-7.5663,-3.4539,-0.034539,False
2022-12-01,TSLA,skip,0.0,0,-36.7334,0.0,0.0,False
2022-12-01,TXN,buy_call,2.9418,1,-8.4451,-2.9418,-0.029418,False
2022-12-01,UNH,buy_call,2.6716,1,-3.2095,-2.6716,-0.026716,False
2022-12-01,UNP,buy_call,3.1232,1,-4.7648,-3.1232,-0.031232,False
2022-12-01,UPS,buy_call,2.723,1,-7.518,-2.723,-0.02723,False
2022-12-01,V,buy_call,2.4986,1,-4.0441,-2.4986,-0.024986,False
2022-12-01,VRTX,buy_call,2.5226,1,-8.7295,-2.5226,-0.025226,False
2022-12-01,VZ,skip,0.0,0,1.0775,0.0,0.0,False
2022-12-01,WFC,buy_call,3.6645,1,-13.3349,-3.6645,-0.036645,False
2022-12-01,ZTS,skip,0.0,0,-4.9241,0.0,0.0,False
2023-01-01,AAPL,skip,0.0,0,11.0521,0.0,0.0,True
2023-01-01,ABBV,buy_call,3.0535,2,-8.5762,-3.0535,-0.06107,True
2023-01-01,ABT,buy_call,2.6429,2,0.6922,-1.9507,-0.039014,True
2023-01-01,ACN,skip,0.0,0,4.5758,0.0,0.0,True
2023-01-01,ADBE,skip,0.0,0,10.0467,0.0,0.0,True
2023-01-01,ADI,buy_call,3.1195,2,5.0011,1.8816,0.037632,True
2023-01-01,ADP,buy_call,3.5782,2,-5.0054,-3.5782,-0.071564,True
2023-01-01,AMAT,buy_call,3.1195,2,14.4896,11.3701,0.227402,True
2023-01-01,AMGN,buy_call,3.0535,2,-3.8989,-3.0535,-0.06107,True
2023-01-01,AMT,skip,0.0,0,6.2222,0.0,0.0,True
2023-01-01,AMZN,skip,0.0,0,22.7738,0.0,0.0,True
2023-01-01,AVGO,buy_call,3.1195,2,5.5016,2.3821,0.047642,True
2023-01-01,AXP,buy_call,2.6417,2,18.3959,15.7542,0.315084,True
2023-01-01,BAC,buy_call,2.8636,2,7.7519,4.8883,0.097766,True
2023-01-01,BDX,buy_call,2.6429,2,-0.4504,-2.6429,-0.052858,True
2023-01-01,BKNG,buy_call,3.0,2,20.7822,17.7822,0.355644,True
2023-01-01,BLK,buy_call,2.1636,2,7.8763,5.7127,0.114254,True
2023-01-01,BMY,skip,0.0,0,0.9729,0.0,0.0,True
2023-01-01,BRK-B,buy_call,2.0299,2,0.8482,-1.1817,-0.023634,True
2023-01-01,BSX,buy_call,2.6429,2,-0.0432,-2.6429,-0.052858,True
2023-01-01,CAT,buy_call,3.5917,2,5.3139,1.7222,0.034444,True
2023-01-01,CB,buy_call,2.1636,2,3.5196,1.356,0.02712,True
2023-01-01,CMCSA,skip,0.0,0,12.525,0.0,0.0,True
2023-01-01,COP,buy_call,3.5917,2,3.924,0.3323,0.006646,True
2023-01-01,COST,skip,0.0,0,11.9693,0.0,0.0,True
2023-01-01,CRM,skip,0.0,0,26.6838,0.0,0.0,True
2023-01-01,CSCO,buy_call,3.5782,2,2.162,-1.4161,-0.028322,True
2023-01-01,CVS,buy_call,2.4232,2,-5.3332,-2.4232,-0.048464,True
2023-01-01,CVX,buy_call,3.2581,2,-3.0475,-3.2581,-0.065162,True
2023-01-01,DE,buy_call,3.5917,2,-1.1049,-3.5917,-0.071834,True
2023-01-01,DHR,buy_call,2.6429,2,-0.2957,-2.6429,-0.052858,True
2023-01-01,DIS,skip,0.0,0,24.8734,0.0,0.0,True
2023-01-01,DUK,skip,0.0,0,-0.5243,0.0,0.0,True
2023-01-01,EL,skip,0.0,0,11.6763,0.0,0.0,True
2023-01-01,EOG,buy_call,3.5917,2,3.3237,-0.268,-0.00536,True
2023-01-01,EQIX,buy_call,3.5782,2,12.6864,9.1083,0.182166,True
2023-01-01,GE,buy_call,3.5917,2,23.1585,19.5668,0.391336,True
2023-01-01,GILD,buy_call,3.0535,2,-1.4139,-3.0535,-0.06107,True
2023-01-01,GOOGL,skip,0.0,0,12.0254,0.0,0.0,True
2023-01-01,GS,buy_call,2.1636,2,6.5321,4.3685,0.08737,True
2023-01-01,HD,buy_call,2.7113,2,2.6309,-0.0804,-0.001608,True
2023-01-01,HON,buy_call,3.5782,2,-2.7158,-3.5782,-0.071564,True
2023-01-01,HUM,buy_call,2.4232,2,0.0573,-2.3659,-0.047318,True
2023-01-01,IBM,buy_call,3.5782,2,-4.3722,-3.5782,-0.071564,True
2023-01-01,INTC,skip,0.0,0,6.9239,0.0,0.0,True
2023-01-01,INTU,buy_call,4.399,2,8.5941,4.1951,0.083902,True
2023-01-01,ISRG,buy_call,2.6429,2,-7.4091,-2.6429,-0.052858,True
2023-01-01,ITW,buy_call,3.5782,2,7.7854,4.2072,0.084144,True
2023-01-01,JNJ,buy_call,1.9571,2,-7.4894,-1.9571,-0.039142,True
2023-01-01,JPM,buy_call,2.1636,2,4.3699,2.2063,0.044126,True
2023-01-01,KO,buy_call,1.8469,2,-3.6001,-1.8469,-0.036938,True
2023-01-01,LLY,buy_call,2.8561,2,-5.9288,-2.8561,-0.057122,True
2023-01-01,LMT,buy_call,3.5917,2,-4.775,-3.5917,-0.071834,True
2023-01-01,LOW,buy_call,2.7113,2,4.5222,1.8109,0.036218,True
2023-01-01,LRCX,skip,0.0,0,19.4301,0.0,0.0,True
2023-01-01,MA,buy_call,2.6417,2,6.577,3.9352,0.078704,True
2023-01-01,MCD,buy_call,1.8469,2,1.4685,-0.3784,-0.007568,True
2023-01-01,MDLZ,buy_call,2.4267,2,-1.2465,-2.4267,-0.048534,True
2023-01-01,MDT,skip,0.0,0,8.6393,0.0,0.0,True
2023-01-01,META,skip,0.0,0,23.7909,0.0,0.0,True
2023-01-01,MRK,buy_call,2.4965,2,-2.5492,-2.4965,-0.04993,True
2023-01-01,MS,buy_call,2.1636,2,14.479,12.3153,0.246306,True
2023-01-01,MSFT,skip,0.0,0,3.3317,0.0,0.0,True
2023-01-01,MU,skip,0.0,0,20.9228,0.0,0.0,True
2023-01-01,NEE,buy_call,1.8469,2,-10.7297,-1.8469,-0.036938,True
2023-01-01,NFLX,buy_call,4.4388,2,20.0014,15.5625,0.31125,True
2023-01-01,NKE,buy_call,2.6518,2,9.1538,6.502,0.13004,True
2023-01-01,NOC,buy_call,3.5917,2,-17.8828,-3.5917,-0.071834,True
2023-01-01,NOW,skip,0.0,0,17.22,0.0,0.0,True
2023-01-01,NVDA,skip,0.0,0,33.6869,0.0,0.0,True
2023-01-01,ORCL,buy_call,2.7313,2,8.2212,5.4899,0.109798,True
2023-01-01,PEP,buy_call,2.4267,2,-4.7455,-2.4267,-0.048534,True
2023-01-01,PFE,skip,0.0,0,-13.8174,0.0,0.0,True
2023-01-01,PG,buy_call,1.8683,2,-6.057,-1.8683,-0.037366,True
2023-01-01,PLD,skip,0.0,0,15.4502,0.0,0.0,True
2023-01-01,PM,buy_call,2.4267,2,4.3064,1.8797,0.037594,True
2023-01-01,QCOM,skip,0.0,0,21.1661,0.0,0.0,True
2023-01-01,RTX,buy_call,3.5917,2,-1.0602,-3.5917,-0.071834,True
2023-01-01,SBUX,buy_call,1.8469,2,10.0202,8.1732,0.163464,True
2023-01-01,SCHW,buy_call,2.1636,2,-7.0142,-2.1636,-0.043272,True
2023-01-01,SO,buy_call,1.8469,2,-5.2233,-1.8469,-0.036938,True
2023-01-01,SPGI,skip,0.0,0,11.9424,0.0,0.0,True
2023-01-01,SYK,buy_call,2.6429,2,4.1352,1.4923,0.029846,True
2023-01-01,T,skip,0.0,0,10.6464,0.0,0.0,True
2023-01-01,TJX,buy_call,2.014,2,2.8392,0.8252,0.016504,True
2023-01-01,TMO,buy_call,3.0642,2,3.6208,0.5567,0.011134,True
2023-01-01,TMUS,buy_call,4.2384,2,6.65,2.4115,0.04823,True
2023-01-01,TXN,buy_call,3.1195,2,7.257,4.1375,0.08275,True
2023-01-01,UNH,buy_call,2.4232,2,-5.5549,-2.4232,-0.048464,True
2023-01-01,UNP,skip,0.0,0,-0.7833,0.0,0.0,True
2023-01-01,UPS,skip,0.0,0,6.552,0.0,0.0,True
2023-01-01,V,buy_call,3.3386,2,10.8058,7.4672,0.149344,True
2023-01-01,VRTX,buy_call,3.0535,2,11.8845,8.831,0.17662,True
2023-01-01,VZ,skip,0.0,0,5.5076,0.0,0.0,True
2023-01-01,WFC,buy_call,3.0939,2,13.5142,10.4202,0.208404,True
2023-01-01,WM,buy_call,3.0,2,-0.9868,-3.0,-0.06,True
2023-01-01,XOM,buy_call,3.5917,2,5.1768,1.5851,0.031702,True
2023-01-01,ZTS,skip,0.0,0,12.9239,0.0,0.0,True
2023-02-01,AAPL,skip,0.0,0,2.1623,0.0,0.0,False
2023-02-01,ABBV,buy_call,1.6994,1,5.1526,3.4532,0.034532,False
2023-02-01,ABT,buy_call,1.4454,1,-7.5707,-1.4454,-0.014454,False
2023-02-01,ACN,skip,0.0,0,-4.4486,0.0,0.0,False
2023-02-01,ADBE,skip,0.0,0,-12.5263,0.0,0.0,False
2023-02-01,ADI,buy_call,4.1737,1,6.9983,2.8246,0.028246,False
2023-02-01,ADP,skip,0.0,0,-2.6527,0.0,0.0,False
2023-02-01,AMAT,buy_call,4.1737,1,4.1797,0.0061,6.1e-05,False
2023-02-01,AMGN,buy_call,1.6994,1,-8.2171,-1.6994,-0.016994,False
2023-02-01,AMT,skip,0.0,0,-11.3613,0.0,0.0,False
2023-02-01,AMZN,skip,0.0,0,-8.6299,0.0,0.0,False
2023-02-01,AVGO,buy_call,4.1737,1,1.5863,-2.5874,-0.025874,False
2023-02-01,AXP,buy_call,2.364,1,-0.1926,-2.364,-0.02364,False
2023-02-01,BAC,buy_call,2.2405,1,-3.3258,-2.2405,-0.022405,False
2023-02-01,BDX,buy_call,1.4454,1,-7.0058,-1.4454,-0.014454,False
2023-02-01,BKNG,buy_call,3.0,1,3.6933,0.6933,0.006933,False
2023-02-01,BLK,buy_call,1.5909,1,-9.1911,-1.5909,-0.015909,False
2023-02-01,BMY,skip,0.0,0,-4.3282,0.0,0.0,False
2023-02-01,BRK-B,buy_call,2.0255,1,-2.0352,-2.0255,-0.020255,False
2023-02-01,BSX,buy_call,1.4454,1,1.0162,-0.4292,-0.004292,False
2023-02-01,CAT,buy_call,2.394,1,-4.5969,-2.394,-0.02394,False
2023-02-01,CB,buy_call,1.5909,1,-7.2399,-1.5909,-0.015909,False
2023-02-01,CMCSA,buy_call,3.8124,1,-4.805,-3.8124,-0.038124,False
2023-02-01,COP,buy_call,2.394,1,-15.1965,-2.394,-0.02394,False
2023-02-01,COST,skip,0.0,0,-5.2745,0.0,0.0,False
2023-02-01,CRM,skip,0.0,0,-2.5957,0.0,0.0,False
2023-02-01,CSCO,buy_call,1.8283,1,0.2812,-1.5471,-0.015471,False
2023-02-01,CVS,skip,0.0,0,-4.6509,0.0,0.0,False
2023-02-01,CVX,buy_call,3.4107,1,-7.6141,-3.4107,-0.034107,False
2023-02-01,DE,buy_call,2.394,1,-0.8514,-2.394,-0.02394,False
2023-02-01,DHR,skip,0.0,0,-6.3734,0.0,0.0,False
2023-02-01,DIS,buy_call,3.0011,1,-8.1851,-3.0011,-0.030011,False
2023-02-01,DUK,skip,0.0,0,-7.9941,0.0,0.0,False
2023-02-01,EL,buy_call,3.0,1,-12.2817,-3.0,-0.03,False
2023-02-01,EOG,buy_call,2.394,1,-13.9967,-2.394,-0.02394,False
2023-02-01,EQIX,buy_call,1.8283,1,-6.7549,-1.8283,-0.018283,False
2023-02-01,GE,buy_call,2.394,1,5.256,2.862,0.02862,False
2023-02-01,GILD,buy_call,1.6994,1,-4.0624,-1.6994,-0.016994,False
2023-02-01,GOOGL,skip,0.0,0,-8.883,0.0,0.0,False
2023-02-01,GS,buy_call,1.5909,1,-3.8708,-1.5909,-0.015909,False
2023-02-01,HD,buy_call,3.9467,1,-8.5233,-3.9467,-0.039467,False
2023-02-01,HON,buy_call,1.8283,1,-8.1543,-1.8283,-0.018283,False
2023-02-01,HUM,buy_call,2.7204,1,-3.2597,-2.7204,-0.027204,False
2023-02-01,IBM,buy_call,1.8283,1,-4.0303,-1.8283,-0.018283,False
2023-02-01,INTC,skip,0.0,0,-11.7834,0.0,0.0,False
2023-02-01,INTU,skip,0.0,0,-3.47,0.0,0.0,False
2023-02-01,ISRG,buy_call,1.4454,1,-6.6344,-1.4454,-0.014454,False
2023-02-01,ITW,buy_call,1.8283,1,-1.2201,-1.8283,-0.018283,False
2023-02-01,JNJ,skip,0.0,0,-6.2171,0.0,0.0,False
2023-02-01,JPM,buy_call,1.5909,1,3.1787,1.5878,0.015878,False
2023-02-01,KO,skip,0.0,0,-2.9517,0.0,0.0,False
2023-02-01,LLY,buy_call,2.894,1,-9.5685,-2.894,-0.02894,False
2023-02-01,LMT,buy_call,2.394,1,2.3745,-0.0195,-0.000195,False
2023-02-01,LOW,buy_call,3.9467,1,-0.6921,-3.9467,-0.039467,False
2023-02-01,LRCX,buy_call,4.1737,1,-2.8174,-4.1737,-0.041737,False
2023-02-01,MA,buy_call,2.364,1,-3.9755,-2.364,-0.02364,False
2023-02-01,MCD,buy_call,1.8648,1,-1.3052,-1.8648,-0.018648,False
2023-02-01,MDLZ,buy_call,1.5813,1,-0.3973,-1.5813,-0.015813,False
2023-02-01,MDT,skip,0.0,0,-1.0634,0.0,0.0,False
2023-02-01,META,skip,0.0,0,17.433,0.0,0.0,False
2023-02-01,MRK,buy_call,2.7611,1,-1.0893,-2.7611,-0.027611,False
2023-02-01,MS,buy_call,1.5909,1,-0.0531,-1.5909,-0.015909,False
2023-02-01,MSFT,skip,0.0,0,0.6497,0.0,0.0,False
2023-02-01,MU,skip,0.0,0,-4.1128,0.0,0.0,False
2023-02-01,NEE,skip,0.0,0,-4.8238,0.0,0.0,False
2023-02-01,NFLX,buy_call,4.3453,1,-8.9668,-4.3453,-0.043453,False
2023-02-01,NKE,buy_call,3.1309,1,-6.707,-3.1309,-0.031309,False
2023-02-01,NOC,skip,0.0,0,3.5867,0.0,0.0,False
2023-02-01,NOW,buy_call,4.4961,1,-5.0447,-4.4961,-0.044961,False
2023-02-01,NVDA,buy_call,6.5885,1,18.8309,12.2424,0.122424,False
2023-02-01,ORCL,buy_call,3.5943,1,-0.8278,-3.5943,-0.035943,False
2023-02-01,PEP,skip,0.0,0,1.4677,0.0,0.0,False
2023-02-01,PFE,skip,0.0,0,-7.2861,0.0,0.0,False
2023-02-01,PG,buy_call,1.7338,1,-2.779,-1.7338,-0.017338,False
2023-02-01,PLD,skip,0.0,0,-4.5483,0.0,0.0,False
2023-02-01,PM,buy_call,1.5813,1,-6.6577,-1.5813,-0.015813,False
2023-02-01,QCOM,skip,0.0,0,-7.2667,0.0,0.0,False
2023-02-01,RTX,buy_call,2.394,1,-1.7626,-2.394,-0.02394,False
2023-02-01,SBUX,buy_call,1.8648,1,-6.4596,-1.8648,-0.018648,False
2023-02-01,SCHW,buy_call,1.5909,1,0.6458,-0.945,-0.00945,False
2023-02-01,SO,skip,0.0,0,-6.8263,0.0,0.0,False
2023-02-01,SPGI,skip,0.0,0,-8.9988,0.0,0.0,False
2023-02-01,SYK,buy_call,1.4454,1,3.5735,2.1281,0.021281,False
2023-02-01,T,buy_call,3.8124,1,-5.8269,-3.8124,-0.038124,False
2023-02-01,TJX,buy_call,2.5286,1,-6.4256,-2.5286,-0.025286,False
2023-02-01,TMO,skip,0.0,0,-5.0094,0.0,0.0,False
2023-02-01,TMUS,buy_call,3.8124,1,-4.7753,-3.8124,-0.038124,False
2023-02-01,TXN,buy_call,4.1737,1,-2.5609,-4.1737,-0.041737,False
2023-02-01,UNH,skip,0.0,0,-4.6576,0.0,0.0,False
2023-02-01,UNP,skip,0.0,0,1.5133,0.0,0.0,False
2023-02-01,UPS,skip,0.0,0,-1.4792,0.0,0.0,False
2023-02-01,V,buy_call,2.4707,1,-4.4612,-2.4707,-0.024707,False
2023-02-01,VRTX,buy_call,1.6994,1,-10.1547,-1.6994,-0.016994,False
2023-02-01,VZ,skip,0.0,0,-5.1717,0.0,0.0,False
2023-02-01,WFC,buy_call,2.4258,1,-0.2134,-2.4258,-0.024258,False
2023-02-01,WM,skip,0.0,0,-3.2121,0.0,0.0,False
2023-02-01,XOM,buy_call,2.394,1,-5.2582,-2.394,-0.02394,False
2023-02-01,ZTS,skip,0.0,0,1.1496,0.0,0.0,False
2023-03-01,AAPL,skip,0.0,0,12.0357,0.0,0.0,True
2023-03-01,ABBV,buy_call,3.4589,2,3.5543,0.0954,0.001908,True
2023-03-01,ABT,buy_call,3.7961,2,-0.4522,-3.7961,-0.075922,True
2023-03-01,ACN,skip,0.0,0,7.6295,0.0,0.0,True
2023-03-01,ADBE,skip,0.0,0,18.9597,0.0,0.0,True
2023-03-01,ADI,buy_call,3.3807,2,7.9947,4.614,0.09228,True
2023-03-01,ADP,skip,0.0,0,1.2783,0.0,0.0,True
2023-03-01,AMAT,buy_call,3.3807,2,5.9988,2.6181,0.052362,True
2023-03-01,AMGN,skip,0.0,0,5.2758,0.0,0.0,True
2023-03-01,AMT,skip,0.0,0,3.1968,0.0,0.0,True
2023-03-01,AMZN,skip,0.0,0,9.6148,0.0,0.0,True
2023-03-01,AVGO,buy_call,3.3807,2,7.9507,4.5699,0.091398,True
2023-03-01,AXP,buy_call,2.999,2,-5.1957,-2.999,-0.05998,True
2023-03-01,BAC,buy_call,5.2151,2,-16.6181,-5.2151,-0.104302,True
2023-03-01,BDX,skip,0.0,0,5.5383,0.0,0.0,True
2023-03-01,BKNG,buy_call,3.0,2,5.0876,2.0876,0.041752,True
2023-03-01,BLK,buy_call,4.4851,2,-2.9459,-4.4851,-0.089702,True
2023-03-01,BMY,buy_call,3.4589,2,0.5075,-2.9513,-0.059026,True
2023-03-01,BRK-B,buy_call,2.326,2,1.1764,-1.1496,-0.022992,True
2023-03-01,BSX,buy_call,3.7961,2,7.0848,3.2887,0.065774,True
2023-03-01,CAT,buy_call,3.9531,2,-4.4709,-3.9531,-0.079062,True
2023-03-01,CB,buy_call,4.4851,2,-7.9803,-4.4851,-0.089702,True
2023-03-01,CMCSA,buy_call,3.2314,2,1.9908,-1.2406,-0.024812,True
2023-03-01,COP,skip,0.0,0,-3.5784,0.0,0.0,True
2023-03-01,COST,skip,0.0,0,2.7996,0.0,0.0,True
2023-03-01,CRM,buy_call,3.8186,2,22.1075,18.2889,0.365778,True
2023-03-01,CSCO,buy_call,3.6617,2,7.9719,4.3102,0.086204,True
2023-03-01,CVS,skip,0.0,0,-11.0486,0.0,0.0,True
2023-03-01,CVX,buy_call,3.9056,2,2.3838,-1.5218,-0.030436,True
2023-03-01,DE,buy_call,3.9531,2,-1.517,-3.9531,-0.079062,True
2023-03-01,DHR,skip,0.0,0,1.822,0.0,0.0,True
2023-03-01,DIS,skip,0.0,0,0.522,0.0,0.0,True
2023-03-01,DUK,skip,0.0,0,3.3914,0.0,0.0,True
2023-03-01,EL,skip,0.0,0,1.6795,0.0,0.0,True
2023-03-01,EOG,skip,0.0,0,1.4245,0.0,0.0,True
2023-03-01,EQIX,buy_call,3.6617,2,4.7612,1.0995,0.02199,True
2023-03-01,GE,buy_call,3.9531,2,12.8556,8.9025,0.17805,True
2023-03-01,GILD,buy_call,3.4589,2,3.0299,-0.4289,-0.008578,True
2023-03-01,GOOGL,skip,0.0,0,15.1788,0.0,0.0,True
2023-03-01,GS,buy_call,4.4851,2,-6.9786,-4.4851,-0.089702,True
2023-03-01,HD,buy_call,3.5283,2,-0.4789,-3.5283,-0.070566,True
2023-03-01,HON,buy_call,3.6617,2,0.3407,-3.3211,-0.066422,True
2023-03-01,HUM,buy_call,3.0342,2,-1.9312,-3.0342,-0.060684,True
2023-03-01,IBM,buy_call,3.6617,2,2.6297,-1.0321,-0.020642,True
2023-03-01,INTC,skip,0.0,0,32.6437,0.0,0.0,True
2023-03-01,INTU,skip,0.0,0,9.4921,0.0,0.0,True
2023-03-01,ISRG,buy_call,3.7961,2,11.3693,7.5732,0.151464,True
2023-03-01,ITW,buy_call,3.6617,2,4.4133,0.7515,0.01503,True
2023-03-01,JNJ,skip,0.0,0,1.8627,0.0,0.0,True
2023-03-01,JPM,buy_call,4.4851,2,-9.0966,-4.4851,-0.089702,True
2023-03-01,KO,skip,0.0,0,4.2346,0.0,0.0,True
2023-03-01,LLY,buy_call,3.6615,2,10.7034,7.0419,0.140838,True
2023-03-01,LMT,buy_call,3.9531,2,0.305,-3.6482,-0.072964,True
2023-03-01,LOW,buy_call,3.5283,2,-2.8092,-3.5283,-0.070566,True
2023-03-01,LRCX,buy_call,3.3807,2,9.076,5.6952,0.113904,True
2023-03-01,MA,buy_call,2.999,2,2.2854,-0.7135,-0.01427,True
2023-03-01,MCD,buy_call,2.9406,2,6.5607,3.6201,0.072402,True
2023-03-01,MDLZ,buy_call,3.3752,2,6.9653,3.5901,0.071802,True
2023-03-01,MDT,skip,0.0,0,-2.6328,0.0,0.0,True
2023-03-01,META,buy_call,4.5862,2,21.1501,16.5639,0.331278,True
2023-03-01,MRK,buy_call,2.5508,2,0.1412,-2.4096,-0.048192,True
2023-03-01,MS,buy_call,4.4851,2,-9.0155,-4.4851,-0.089702,True
2023-03-01,MSFT,skip,0.0,0,15.8777,0.0,0.0,True
2023-03-01,MU,buy_call,5.9087,2,4.3583,-1.5504,-0.031008,True
2023-03-01,NEE,skip,0.0,0,9.2185,0.0,0.0,True
2023-03-01,NFLX,buy_call,4.8597,2,7.2486,2.3889,0.047778,True
2023-03-01,NKE,buy_call,5.6673,2,3.241,-2.4263,-0.048526,True
2023-03-01,NOC,skip,0.0,0,-0.1523,0.0,0.0,True
2023-03-01,NOW,skip,0.0,0,7.5318,0.0,0.0,True
2023-03-01,NVDA,buy_call,5.9087,2,19.6459,13.7372,0.274744,True
2023-03-01,ORCL,buy_call,2.8689,2,6.3158,3.4469,0.068938,True
2023-03-01,PEP,buy_call,3.3752,2,5.0539,1.6787,0.033574,True
2023-03-01,PFE,skip,0.0,0,0.5669,0.0,0.0,True
2023-03-01,PG,buy_call,1.7934,2,8.091,6.2976,0.125952,True
2023-03-01,PLD,buy_call,3.6617,2,1.1102,-2.5515,-0.05103,True
2023-03-01,PM,buy_call,3.3752,2,-0.0514,-3.3752,-0.067504,True
2023-03-01,QCOM,skip,0.0,0,3.2786,0.0,0.0,True
2023-03-01,RTX,buy_call,3.9531,2,0.3862,-3.5669,-0.071338,True
2023-03-01,SBUX,buy_call,2.9406,2,2.5093,-0.4313,-0.008626,True
2023-03-01,SCHW,buy_call,4.4851,2,-32.5681,-4.4851,-0.089702,True
2023-03-01,SO,skip,0.0,0,11.4905,0.0,0.0,True
2023-03-01,SPGI,skip,0.0,0,1.3097,0.0,0.0,True
2023-03-01,SYK,buy_call,3.7961,2,8.5933,4.7972,0.095944,True
2023-03-01,T,buy_call,3.2314,2,1.798,-1.4334,-0.028668,True
2023-03-01,TJX,buy_call,2.2918,2,2.6769,0.3851,0.007702,True
2023-03-01,TMO,skip,0.0,0,6.3884,0.0,0.0,True
2023-03-01,TMUS,skip,0.0,0,1.8709,0.0,0.0,True
2023-03-01,TXN,buy_call,3.3807,2,8.4923,5.1116,0.102232,True
2023-03-01,UNH,skip,0.0,0,-0.7039,0.0,0.0,True
2023-03-01,UNP,skip,0.0,0,-2.2493,0.0,0.0,True
2023-03-01,UPS,skip,0.0,0,7.238,0.0,0.0,True
2023-03-01,V,buy_call,2.9952,2,2.7106,-0.2846,-0.005692,True
2023-03-01,VRTX,buy_call,3.4589,2,8.5363,5.0774,0.101548,True
2023-03-01,VZ,skip,0.0,0,0.2062,0.0,0.0,True
2023-03-01,WFC,buy_call,4.4088,2,-19.5672,-4.4088,-0.088176,True
2023-03-01,WM,skip,0.0,0,8.9543,0.0,0.0,True
2023-03-01,XOM,buy_call,3.9531,2,0.5403,-3.4129,-0.068258,True
2023-03-01,ZTS,buy_call,3.4589,2,-0.3353,-3.4589,-0.069178,True
2023-04-01,AAPL,buy_call,2.8433,2,2.8987,0.0554,0.001108,True
2023-04-01,ABBV,buy_call,1.8561,2,-5.1766,-1.8561,-0.037122,True
2023-04-01,ABT,buy_call,0.9506,2,9.0954,8.1448,0.162896,True
2023-04-01,ACN,buy_call,2.3106,2,-1.9313,-2.3106,-0.046212,True
2023-04-01,ADBE,buy_call,3.3283,2,-2.0266,-3.3283,-0.066566,True
2023-04-01,ADI,buy_call,1.9505,2,-8.7922,-1.9505,-0.03901,True
2023-04-01,ADP,skip,0.0,0,-0.6217,0.0,0.0,True
2023-04-01,AMAT,buy_call,1.9505,2,-7.9785,-1.9505,-0.03901,True
2023-04-01,AMGN,buy_call,1.8561,2,-0.8314,-1.8561,-0.037122,True
2023-04-01,AMT,skip,0.0,0,0.0245,0.0,0.0,True
2023-04-01,AMZN,skip,0.0,0,2.0912,0.0,0.0,True
2023-04-01,AVGO,buy_call,1.9505,2,-1.6415,-1.9505,-0.03901,True
2023-04-01,AXP,buy_call,2.2425,2,-2.1885,-2.2425,-0.04485,True
2023-04-01,BAC,skip,0.0,0,3.0416,0.0,0.0,True
2023-04-01,BDX,buy_call,0.9506,2,7.1893,6.2387,0.124774,True
2023-04-01,BKNG,buy_call,3.0,2,1.2781,-1.7219,-0.034438,True
2023-04-01,BLK,buy_call,2.3943,2,1.0375,-1.3568,-0.027136,True
2023-04-01,BMY,skip,0.0,0,-3.6647,0.0,0.0,True
2023-04-01,BRK-B,buy_call,1.5002,2,6.4061,4.9058,0.098116,True
2023-04-01,BSX,buy_call,0.9506,2,4.1775,3.2269,0.064538,True
2023-04-01,CAT,buy_call,2.9189,2,-4.3873,-2.9189,-0.058378,True
2023-04-01,CB,buy_call,2.3943,2,4.2624,1.868,0.03736,True
2023-04-01,CMCSA,buy_call,3.0055,2,9.1269,6.1214,0.122428,True
2023-04-01,COP,skip,0.0,0,4.3516,0.0,0.0,True
2023-04-01,COST,buy_call,1.9285,2,1.278,-0.6505,-0.01301,True
2023-04-01,CRM,buy_call,2.9318,2,-0.7058,-2.9318,-0.058636,True
2023-04-01,CSCO,buy_call,3.5487,2,-9.6213,-3.5487,-0.070974,True
2023-04-01,CVS,skip,0.0,0,-1.3457,0.0,0.0,True
2023-04-01,CVX,buy_call,2.2116,2,3.3219,1.1103,0.022206,True
2023-04-01,DE,buy_call,2.9189,2,-8.1567,-2.9189,-0.058378,True
2023-04-01,DHR,skip,0.0,0,-5.9003,0.0,0.0,True
2023-04-01,DIS,buy_call,3.3259,2,2.3669,-0.959,-0.01918,True
2023-04-01,DUK,buy_call,1.2253,2,2.4982,1.2729,0.025458,True
2023-04-01,EL,buy_call,3.0,2,0.1055,-2.8945,-0.05789,True
2023-04-01,EOG,buy_call,2.9189,2,5.1855,2.2666,0.045332,True
2023-04-01,EQIX,buy_call,3.5487,2,0.9094,-2.6393,-0.052786,True
2023-04-01,GE,buy_call,2.9189,2,3.6211,0.7022,0.014044,True
2023-04-01,GILD,buy_call,1.8561,2,0.0275,-1.8285,-0.03657,True
2023-04-01,GOOGL,buy_call,4.1276,2,3.4802,-0.6474,-0.012948,True
2023-04-01,GS,buy_call,2.3943,2,5.744,3.3497,0.066994,True
2023-04-01,HD,buy_call,2.4971,2,2.574,0.0769,0.001538,True
2023-04-01,HON,buy_call,3.5487,2,4.5626,1.0139,0.020278,True
2023-04-01,HUM,buy_call,1.8016,2,9.4752,7.6736,0.153472,True
2023-04-01,IBM,buy_call,3.5487,2,-3.5701,-3.5487,-0.070974,True
2023-04-01,INTC,buy_call,1.9505,2,-4.9281,-1.9505,-0.03901,True
2023-04-01,INTU,buy_call,3.5338,2,-0.4217,-3.5338,-0.070676,True
2023-04-01,ISRG,buy_call,0.9506,2,17.9082,16.9575,0.33915,True
2023-04-01,ITW,buy_call,3.5487,2,-0.0736,-3.5487,-0.070974,True
2023-04-01,JNJ,skip,0.0,0,5.6129,0.0,0.0,True
2023-04-01,JPM,buy_call,2.3943,2,6.0855,3.6912,0.073824,True
2023-04-01,KO,buy_call,1.2253,2,4.211,2.9856,0.059712,True
2023-04-01,LLY,buy_call,3.5821,2,15.2699,11.6878,0.233756,True
2023-04-01,LMT,buy_call,2.9189,2,-1.7515,-2.9189,-0.058378,True
2023-04-01,LOW,buy_call,2.4971,2,3.9306,1.4335,0.02867,True
2023-04-01,LRCX,buy_call,1.9505,2,-0.7806,-1.9505,-0.03901,True
2023-04-01,MA,buy_call,2.2425,2,4.5733,2.3308,0.046616,True
2023-04-01,MCD,buy_call,1.2253,2,5.7723,4.547,0.09094,True
2023-04-01,MDLZ,buy_call,1.5575,2,10.6455,9.088,0.18176,True
2023-04-01,MDT,buy_call,0.9506,2,13.781,12.8304,0.256608,True
2023-04-01,META,buy_call,5.9709,2,13.3906,7.4197,0.148394,True
2023-04-01,MRK,buy_call,2.4415,2,9.2892,6.8477,0.136954,True
2023-04-01,MS,buy_call,2.3943,2,2.4715,0.0772,0.001544,True
2023-04-01,MSFT,buy_call,3.3283,2,6.5765,3.2482,0.064964,True
2023-04-01,MU,buy_call,4.4997,2,6.6622,2.1626,0.043252,True
2023-04-01,NEE,skip,0.0,0,-0.5838,0.0,0.0,True
2023-04-01,NFLX,buy_call,6.9302,2,-4.501,-6.9302,-0.138604,True
2023-04-01,NKE,buy_call,2.7387,2,3.6214,0.8827,0.017654,True
2023-04-01,NOC,skip,0.0,0,-0.0975,0.0,0.0,True
2023-04-01,NOW,buy_call,4.1681,2,-1.1405,-4.1681,-0.083362,True
2023-04-01,NVDA,buy_call,4.4997,2,-0.0838,-4.4997,-0.089994,True
2023-04-01,ORCL,buy_call,2.1467,2,1.9371,-0.2095,-0.00419,True
2023-04-01,PEP,buy_call,1.5575,2,5.4196,3.8621,0.077242,True
2023-04-01,PFE,skip,0.0,0,-4.6813,0.0,0.0,True
2023-04-01,PG,buy_call,1.7303,2,5.1718,3.4416,0.068832,True
2023-04-01,PLD,buy_call,3.5487,2,1.1178,-2.431,-0.04862,True
2023-04-01,PM,buy_call,1.5575,2,4.1794,2.6219,0.052438,True
2023-04-01,QCOM,buy_call,4.3877,2,-7.8904,-4.3877,-0.087754,True
2023-04-01,RTX,buy_call,2.9189,2,2.0116,-0.9073,-0.018146,True
2023-04-01,SBUX,buy_call,1.2253,2,9.757,8.5317,0.170634,True
2023-04-01,SCHW,skip,0.0,0,-0.2673,0.0,0.0,True
2023-04-01,SO,buy_call,1.2253,2,5.7057,4.4803,0.089606,True
2023-04-01,SPGI,buy_call,2.3943,2,5.1658,2.7714,0.055428,True
2023-04-01,SYK,buy_call,0.9506,2,5.2502,4.2995,0.08599,True
2023-04-01,T,buy_call,3.0055,2,-8.2078,-3.0055,-0.06011,True
2023-04-01,TJX,buy_call,1.8419,2,0.587,-1.2549,-0.025098,True
2023-04-01,TMO,buy_call,2.8279,2,-3.6628,-2.8279,-0.056558,True
2023-04-01,TMUS,buy_call,3.0055,2,-0.649,-3.0055,-0.06011,True
2023-04-01,TXN,buy_call,1.9505,2,-10.1124,-1.9505,-0.03901,True
2023-04-01,UNH,skip,0.0,0,4.4971,0.0,0.0,True
2023-04-01,UNP,buy_call,2.9189,2,-2.7626,-2.9189,-0.058378,True
2023-04-01,UPS,buy_call,3.5487,2,-7.3096,-3.5487,-0.070974,True
2023-04-01,V,buy_call,3.0853,2,3.2245,0.1392,0.002784,True
2023-04-01,VRTX,buy_call,1.8561,2,8.1442,6.2882,0.125764,True
2023-04-01,VZ,buy_call,3.0055,2,-0.1543,-3.0055,-0.06011,True
2023-04-01,WFC,skip,0.0,0,6.3403,0.0,0.0,True
2023-04-01,WM,buy_call,3.0,2,2.2425,-0.7575,-0.01515,True
2023-04-01,XOM,buy_call,2.9189,2,7.9154,4.9965,0.09993,True
2023-04-01,ZTS,buy_call,1.8561,2,5.6116,3.7556,0.075112,True
2023-05-01,AAPL,buy_call,1.5629,1,4.4613,2.8985,0.028985,False
2023-05-01,ABBV,buy_call,2.0555,1,-7.8685,-2.0555,-0.020555,False
2023-05-01,ABT,buy_call,1.8977,1,-7.2058,-1.8977,-0.018977,False
2023-05-01,ACN,skip,0.0,0,9.5727,0.0,0.0,False
2023-05-01,ADBE,buy_call,2.8745,1,10.6553,7.7808,0.077808,False
2023-05-01,ADI,buy_call,2.819,1,-1.2175,-2.819,-0.02819,False
2023-05-01,ADP,skip,0.0,0,-5.0046,0.0,0.0,False
2023-05-01,AMAT,buy_call,2.819,1,17.9333,15.1143,0.151143,False
2023-05-01,AMGN,skip,0.0,0,-7.9628,0.0,0.0,False
2023-05-01,AMT,buy_call,1.7685,1,-9.0894,-1.7685,-0.017685,False
2023-05-01,AMZN,buy_call,2.9137,1,14.348,11.4344,0.114344,False
2023-05-01,AVGO,buy_call,2.819,1,28.9641,26.1451,0.261451,False
2023-05-01,AXP,buy_call,2.3521,1,-1.359,-2.3521,-0.023521,False
2023-05-01,BAC,skip,0.0,0,-5.0888,0.0,0.0,False
2023-05-01,BDX,buy_call,1.8977,1,-8.5317,-1.8977,-0.018977,False
2023-05-01,BKNG,buy_call,3.0,1,-6.6091,-3.0,-0.03,False
2023-05-01,BLK,buy_call,2.1324,1,-2.0337,-2.1324,-0.021324,False
2023-05-01,BMY,skip,0.0,0,-2.6952,0.0,0.0,False
2023-05-01,BRK-B,buy_call,1.3885,1,-2.2736,-1.3885,-0.013885,False
2023-05-01,BSX,buy_call,1.8977,1,-1.2279,-1.8977,-0.018977,False
2023-05-01,CAT,buy_call,2.8781,1,-5.4539,-2.8781,-0.028781,False
2023-05-01,CB,skip,0.0,0,-7.819,0.0,0.0,False
2023-05-01,CMCSA,buy_call,1.1284,1,-4.1515,-1.1284,-0.011284,False
2023-05-01,COP,skip,0.0,0,-3.4892,0.0,0.0,False
2023-05-01,COST,buy_call,2.2523,1,1.6573,-0.595,-0.00595,False
2023-05-01,CRM,buy_call,4.2758,1,12.6078,8.3319,0.083319,False
2023-05-01,CSCO,buy_call,1.7685,1,5.9113,4.1428,0.041428,False
2023-05-01,CVS,skip,0.0,0,-6.4395,0.0,0.0,False
2023-05-01,CVX,skip,0.0,0,-10.6537,0.0,0.0,False
2023-05-01,DE,skip,0.0,0,-8.4757,0.0,0.0,False
2023-05-01,DHR,skip,0.0,0,-3.0771,0.0,0.0,False
2023-05-01,DIS,skip,0.0,0,-14.1854,0.0,0.0,False
2023-05-01,DUK,buy_call,1.233,1,-9.6986,-1.233,-0.01233,False
2023-05-01,EL,buy_call,3.0,1,-25.4094,-3.0,-0.03,False
2023-05-01,EOG,skip,0.0,0,-9.5852,0.0,0.0,False
2023-05-01,EQIX,buy_call,1.7685,1,2.9651,1.1966,0.011966,False
2023-05-01,GE,buy_call,2.8781,1,2.5866,-0.2915,-0.002915,False
2023-05-01,GILD,buy_call,2.0555,1,-6.4104,-2.0555,-0.020555,False
2023-05-01,GOOGL,buy_call,2.9199,1,14.4681,11.5481,0.115481,False
2023-05-01,GS,buy_call,2.1324,1,-5.6895,-2.1324,-0.021324,False
2023-05-01,HD,buy_call,3.8777,1,-5.6864,-3.8777,-0.038777,False
2023-05-01,HON,skip,0.0,0,-4.1233,0.0,0.0,False
2023-05-01,HUM,skip,0.0,0,-5.395,0.0,0.0,False
2023-05-01,IBM,skip,0.0,0,1.7246,0.0,0.0,False
2023-05-01,INTC,buy_call,2.819,1,1.2234,-1.5956,-0.015956,False
2023-05-01,INTU,buy_call,3.5689,1,-5.425,-3.5689,-0.035689,False
2023-05-01,ISRG,buy_call,1.8977,1,2.1977,0.3001,0.003001,False
2023-05-01,ITW,buy_call,1.7685,1,-9.5933,-1.7685,-0.017685,False
2023-05-01,JNJ,skip,0.0,0,-5.278,0.0,0.0,False
2023-05-01,JPM,buy_call,2.1324,1,-1.0597,-2.1324,-0.021324,False
2023-05-01,KO,buy_call,1.233,1,-6.9992,-1.233,-0.01233,False
2023-05-01,LLY,buy_call,2.3489,1,8.4879,6.139,0.06139,False
2023-05-01,LMT,skip,0.0,0,-4.4009,0.0,0.0,False
2023-05-01,LOW,buy_call,3.8777,1,-2.7399,-3.8777,-0.038777,False
2023-05-01,LRCX,buy_call,2.819,1,17.6729,14.8539,0.148539,False
2023-05-01,MA,buy_call,2.3521,1,-3.799,-2.3521,-0.023521,False
2023-05-01,MCD,buy_call,1.233,1,-3.5977,-1.233,-0.01233,False
2023-05-01,MDLZ,buy_call,1.7234,1,-4.3144,-1.7234,-0.017234,False
2023-05-01,MDT,buy_call,1.8977,1,-9.0049,-1.8977,-0.018977,False
2023-05-01,META,buy_call,3.3414,1,10.1531,6.8117,0.068117,False
2023-05-01,MRK,buy_call,1.8561,1,-4.3821,-1.8561,-0.018561,False
2023-05-01,MS,buy_call,2.1324,1,-8.3382,-2.1324,-0.021324,False
2023-05-01,MSFT,buy_call,2.8745,1,6.8769,4.0024,0.040024,False
2023-05-01,MU,buy_call,5.3715,1,6.1806,0.8091,0.008091,False
2023-05-01,NEE,buy_call,1.233,1,-4.1367,-1.233,-0.01233,False
2023-05-01,NFLX,buy_call,3.2957,1,19.7921,16.4964,0.164964,False
2023-05-01,NKE,buy_call,2.9922,1,-16.935,-2.9922,-0.029922,False
2023-05-01,NOC,skip,0.0,0,-5.5889,0.0,0.0,False
2023-05-01,NOW,buy_call,2.3785,1,18.5799,16.2014,0.162014,False
2023-05-01,NVDA,buy_call,5.3715,1,36.3436,30.9722,0.309722,False
2023-05-01,ORCL,buy_call,1.7878,1,12.3138,10.526,0.10526,False
2023-05-01,PEP,buy_call,1.7234,1,-4.4738,-1.7234,-0.017234,False
2023-05-01,PFE,skip,0.0,0,-2.2371,0.0,0.0,False
2023-05-01,PG,buy_call,1.1422,1,-8.3053,-1.1422,-0.011422,False
2023-05-01,PLD,buy_call,1.7685,1,-0.5589,-1.7685,-0.017685,False
2023-05-01,PM,buy_call,1.7234,1,-9.963,-1.7234,-0.017234,False
2023-05-01,QCOM,buy_call,4.3899,1,-2.9024,-4.3899,-0.043899,False
2023-05-01,RTX,buy_call,2.8781,1,-7.7678,-2.8781,-0.028781,False
2023-05-01,SBUX,buy_call,1.233,1,-14.5682,-1.233,-0.01233,False
2023-05-01,SCHW,skip,0.0,0,0.8614,0.0,0.0,False
2023-05-01,SO,buy_call,1.233,1,-5.1666,-1.233,-0.01233,False
2023-05-01,SPGI,buy_call,2.1324,1,1.3376,-0.7947,-0.007947,False
2023-05-01,SYK,buy_call,1.8977,1,-8.0327,-1.8977,-0.018977,False
2023-05-01,T,buy_call,1.1284,1,-9.7165,-1.1284,-0.011284,False
2023-05-01,TJX,buy_call,2.631,1,-2.5755,-2.631,-0.02631,False
2023-05-01,TMO,buy_call,2.6687,1,-8.3691,-2.6687,-0.026687,False
2023-05-01,TMUS,skip,0.0,0,-4.6213,0.0,0.0,False
2023-05-01,TXN,buy_call,2.819,1,3.9952,1.1762,0.011762,False
2023-05-01,UNH,skip,0.0,0,-0.9856,0.0,0.0,False
2023-05-01,UNP,buy_call,2.8781,1,-1.6249,-2.8781,-0.028781,False
2023-05-01,UPS,buy_call,1.7685,1,-7.1242,-1.7685,-0.017685,False
2023-05-01,V,buy_call,2.7339,1,-5.0273,-2.7339,-0.027339,False
2023-05-01,VRTX,buy_call,2.0555,1,-5.0362,-2.0555,-0.020555,False
2023-05-01,VZ,buy_call,1.1284,1,-6.7225,-1.1284,-0.011284,False
2023-05-01,WFC,skip,0.0,0,0.1509,0.0,0.0,False
2023-05-01,WM,buy_call,3.0,1,-2.4872,-3.0,-0.03,False
2023-05-01,XOM,buy_call,2.8781,1,-13.6556,-2.8781,-0.028781,False
2023-05-01,ZTS,buy_call,2.0555,1,-7.0656,-2.0555,-0.020555,False
2023-06-01,AAPL,buy_call,2.1448,1,9.5844,7.4395,0.074395,False
2023-06-01,ABBV,skip,0.0,0,-2.3413,0.0,0.0,False
2023-06-01,ABT,skip,0.0,0,6.8823,0.0,0.0,False
2023-06-01,ACN,buy_call,3.1651,1,0.8695,-2.2956,-0.022956,False
2023-06-01,ADBE,buy_call,1.8518,1,17.042,15.1902,0.151902,False
2023-06-01,ADI,buy_call,4.1737,1,9.6347,5.4611,0.054611,False
2023-06-01,ADP,skip,0.0,0,5.1677,0.0,0.0,False
2023-06-01,AMAT,buy_call,4.1737,1,8.7115,4.5379,0.045379,False
2023-06-01,AMGN,skip,0.0,0,1.5703,0.0,0.0,False
2023-06-01,AMT,skip,0.0,0,5.1507,0.0,0.0,False
2023-06-01,AMZN,buy_call,3.2425,1,8.1108,4.8683,0.048683,False
2023-06-01,AVGO,buy_call,4.1737,1,7.3605,3.1868,0.031868,False
2023-06-01,AXP,buy_call,1.928,1,9.8638,7.9358,0.079358,False
2023-06-01,BAC,skip,0.0,0,3.2386,0.0,0.0,False
2023-06-01,BDX,skip,0.0,0,9.2034,0.0,0.0,False
2023-06-01,BKNG,buy_call,3.0,1,7.6356,4.6356,0.046356,False
2023-06-01,BLK,skip,0.0,0,5.1083,0.0,0.0,False
2023-06-01,BMY,skip,0.0,0,-0.7604,0.0,0.0,False
2023-06-01,BRK-B,buy_call,1.4066,1,6.2041,4.7974,0.047974,False
2023-06-01,BSX,buy_call,1.7467,1,5.0699,3.3232,0.033232,False
2023-06-01,CAT,skip,0.0,0,19.5869,0.0,0.0,False
2023-06-01,CB,skip,0.0,0,3.6383,0.0,0.0,False
2023-06-01,CMCSA,buy_call,2.1234,1,5.5908,3.4675,0.034675,False
2023-06-01,COP,skip,0.0,0,4.8784,0.0,0.0,False
2023-06-01,COST,skip,0.0,0,5.4623,0.0,0.0,False
2023-06-01,CRM,buy_call,3.4115,1,-5.4257,-3.4115,-0.034115,False
2023-06-01,CSCO,buy_call,1.425,1,4.1675,2.7425,0.027425,False
2023-06-01,CVS,skip,0.0,0,1.6169,0.0,0.0,False
2023-06-01,CVX,skip,0.0,0,5.4912,0.0,0.0,False
2023-06-01,DE,skip,0.0,0,17.1137,0.0,0.0,False
2023-06-01,DHR,skip,0.0,0,4.5205,0.0,0.0,False
2023-06-01,DIS,skip,0.0,0,1.5007,0.0,0.0,False
2023-06-01,DUK,skip,0.0,0,1.5332,0.0,0.0,False
2023-06-01,EL,skip,0.0,0,7.0743,0.0,0.0,False
2023-06-01,EOG,skip,0.0,0,6.6642,0.0,0.0,False
2023-06-01,EQIX,buy_call,1.425,1,5.6449,4.2199,0.042199,False
2023-06-01,GE,buy_call,2.5371,1,8.1946,5.6575,0.056575,False
2023-06-01,GILD,skip,0.0,0,0.169,0.0,0.0,False
2023-06-01,GOOGL,buy_call,2.7428,1,-2.58,-2.7428,-0.027428,False
2023-06-01,GS,skip,0.0,0,0.3383,0.0,0.0,False
2023-06-01,HD,skip,0.0,0,10.3815,0.0,0.0,False
2023-06-01,HON,skip,0.0,0,8.8668,0.0,0.0,False
2023-06-01,HUM,skip,0.0,0,-10.9072,0.0,0.0,False
2023-06-01,IBM,skip,0.0,0,5.4783,0.0,0.0,False
2023-06-01,INTC,buy_call,4.1737,1,6.7969,2.6232,0.026232,False
2023-06-01,INTU,buy_call,1.8883,1,9.3219,7.4336,0.074336,False
2023-06-01,ISRG,buy_call,1.7467,1,11.0772,9.3304,0.093304,False
2023-06-01,ITW,skip,0.0,0,14.3693,0.0,0.0,False
2023-06-01,JNJ,skip,0.0,0,7.5512,0.0,0.0,False
2023-06-01,JPM,skip,0.0,0,7.1697,0.0,0.0,False
2023-06-01,KO,skip,0.0,0,0.9387,0.0,0.0,False
2023-06-01,LLY,buy_call,2.2919,1,9.4863,7.1944,0.071944,False
2023-06-01,LMT,skip,0.0,0,4.3859,0.0,0.0,False
2023-06-01,LOW,skip,0.0,0,12.216,0.0,0.0,False
2023-06-01,LRCX,buy_call,4.1737,1,4.2419,0.0683,0.000683,False
2023-06-01,MA,buy_call,1.928,1,7.7475,5.8195,0.058195,False
2023-06-01,MCD,buy_call,1.4709,1,4.6649,3.194,0.03194,False
2023-06-01,MDLZ,buy_call,0.9915,1,-0.6402,-0.9915,-0.009915,False
2023-06-01,MDT,buy_call,1.7467,1,6.4524,4.7056,0.047056,False
2023-06-01,META,buy_call,2.8489,1,8.4089,5.56,0.0556,False
2023-06-01,MRK,buy_call,2.3495,1,4.5104,2.1609,0.021609,False
2023-06-01,MS,skip,0.0,0,4.4521,0.0,0.0,False
2023-06-01,MSFT,buy_call,1.8518,1,3.9266,2.0748,0.020748,False
2023-06-01,MU,buy_call,4.4314,1,-7.4634,-4.4314,-0.044314,False
2023-06-01,NEE,skip,0.0,0,1.6556,0.0,0.0,False
2023-06-01,NFLX,buy_call,4.3127,1,11.4516,7.1389,0.071389,False
2023-06-01,NKE,skip,0.0,0,4.8547,0.0,0.0,False
2023-06-01,NOC,skip,0.0,0,5.1172,0.0,0.0,False
2023-06-01,NOW,buy_call,2.5065,1,3.1554,0.6489,0.006489,False
2023-06-01,NVDA,buy_call,4.4314,1,11.8095,7.3781,0.073781,False
2023-06-01,ORCL,buy_call,5.3801,1,12.4127,7.0326,0.070326,False
2023-06-01,PEP,skip,0.0,0,1.5739,0.0,0.0,False
2023-06-01,PFE,skip,0.0,0,-2.4805,0.0,0.0,False
2023-06-01,PG,skip,0.0,0,6.4842,0.0,0.0,False
2023-06-01,PLD,buy_call,1.425,1,-1.5416,-1.425,-0.01425,False
2023-06-01,PM,skip,0.0,0,8.4546,0.0,0.0,False
2023-06-01,QCOM,skip,0.0,0,5.6932,0.0,0.0,False
2023-06-01,RTX,skip,0.0,0,6.97,0.0,0.0,False
2023-06-01,SBUX,skip,0.0,0,1.9595,0.0,0.0,False
2023-06-01,SCHW,skip,0.0,0,8.1412,0.0,0.0,False
2023-06-01,SO,buy_call,1.4709,1,1.6702,0.1994,0.001994,False
2023-06-01,SPGI,buy_call,2.0987,1,9.3829,7.2842,0.072842,False
2023-06-01,SYK,buy_call,1.7467,1,10.7083,8.9616,0.089616,False
2023-06-01,T,skip,0.0,0,1.3986,0.0,0.0,False
2023-06-01,TJX,skip,0.0,0,10.8879,0.0,0.0,False
2023-06-01,TMO,skip,0.0,0,2.6138,0.0,0.0,False
2023-06-01,TMUS,skip,0.0,0,1.2022,0.0,0.0,False
2023-06-01,TXN,skip,0.0,0,4.3283,0.0,0.0,False
2023-06-01,UNH,skip,0.0,0,-1.3546,0.0,0.0,False
2023-06-01,UNP,skip,0.0,0,7.0054,0.0,0.0,False
2023-06-01,UPS,skip,0.0,0,8.3666,0.0,0.0,False
2023-06-01,V,buy_call,1.5519,1,7.6519,6.1,0.061,False
2023-06-01,VRTX,buy_call,2.7837,1,8.7585,5.9748,0.059748,False
2023-06-01,VZ,skip,0.0,0,4.3783,0.0,0.0,False
2023-06-01,WFC,skip,0.0,0,8.0479,0.0,0.0,False
2023-06-01,WM,skip,0.0,0,7.1023,0.0,0.0,False
2023-06-01,XOM,skip,0.0,0,5.8726,0.0,0.0,False
2023-06-01,ZTS,buy_call,2.7837,1,5.6438,2.8601,0.028601,False
2023-07-01,AAPL,buy_call,2.9948,1,1.2785,-1.7162,-0.017162,False
2023-07-01,ABBV,skip,0.0,0,11.0221,0.0,0.0,False
2023-07-01,ABT,buy_call,2.4623,1,2.1189,-0.3435,-0.003435,False
2023-07-01,ACN,buy_call,1.5406,1,2.518,0.9774,0.009774,False
2023-07-01,ADBE,buy_call,3.3035,1,11.6935,8.39,0.0839,False
2023-07-01,ADI,buy_call,2.3625,1,2.9135,0.551,0.00551,False
2023-07-01,ADP,skip,0.0,0,13.1517,0.0,0.0,False
2023-07-01,AMAT,buy_call,2.3625,1,4.8776,2.5151,0.025151,False
2023-07-01,AMGN,skip,0.0,0,5.4635,0.0,0.0,False
2023-07-01,AMT,skip,0.0,0,-1.067,0.0,0.0,False
2023-07-01,AMZN,buy_call,4.5874,1,2.5468,-2.0406,-0.020406,False
2023-07-01,AVGO,buy_call,2.3625,1,4.1511,1.7886,0.017886,False
2023-07-01,AXP,buy_call,1.9471,1,-3.054,-1.9471,-0.019471,False
2023-07-01,BAC,skip,0.0,0,12.4271,0.0,0.0,False
2023-07-01,BDX,buy_call,2.4623,1,5.916,3.4537,0.034537,False
2023-07-01,BKNG,buy_call,3.0,1,10.0162,7.0162,0.070162,False
2023-07-01,BLK,skip,0.0,0,7.6892,0.0,0.0,False
2023-07-01,BMY,skip,0.0,0,-2.7522,0.0,0.0,False
2023-07-01,BRK-B,buy_call,1.3314,1,3.2141,1.8827,0.018827,False
2023-07-01,BSX,buy_call,2.4623,1,-4.1412,-2.4623,-0.024623,False
2023-07-01,CAT,buy_call,2.9195,1,7.7708,4.8513,0.048513,False
2023-07-01,CB,skip,0.0,0,6.6396,0.0,0.0,False
2023-07-01,CMCSA,buy_call,2.7613,1,8.929,6.1677,0.061677,False
2023-07-01,COP,skip,0.0,0,14.301,0.0,0.0,False
2023-07-01,COST,buy_call,1.5226,1,4.1402,2.6175,0.026175,False
2023-07-01,CRM,buy_call,3.6286,1,6.5086,2.88,0.0288,False
2023-07-01,CSCO,buy_call,2.5842,1,0.5798,-2.0044,-0.020044,False
2023-07-01,CVS,skip,0.0,0,8.0428,0.0,0.0,False
2023-07-01,CVX,skip,0.0,0,4.0102,0.0,0.0,False
2023-07-01,DE,skip,0.0,0,6.3524,0.0,0.0,False
2023-07-01,DHR,skip,0.0,0,6.3974,0.0,0.0,False
2023-07-01,DIS,buy_call,2.415,1,-0.4368,-2.415,-0.02415,False
2023-07-01,DUK,skip,0.0,0,4.3236,0.0,0.0,False
2023-07-01,EL,skip,0.0,0,-8.341,0.0,0.0,False
2023-07-01,EOG,skip,0.0,0,15.8074,0.0,0.0,False
2023-07-01,EQIX,buy_call,2.5842,1,3.314,0.7298,0.007298,False
2023-07-01,GE,buy_call,2.9195,1,3.9964,1.0769,0.010769,False
2023-07-01,GILD,skip,0.0,0,-0.2531,0.0,0.0,False
2023-07-01,GOOGL,buy_call,3.5799,1,10.8772,7.2973,0.072973,False
2023-07-01,GS,skip,0.0,0,10.3336,0.0,0.0,False
2023-07-01,HD,skip,0.0,0,7.4685,0.0,0.0,False
2023-07-01,HON,skip,0.0,0,-6.4434,0.0,0.0,False
2023-07-01,HUM,skip,0.0,0,2.3731,0.0,0.0,False
2023-07-01,IBM,skip,0.0,0,7.7498,0.0,0.0,False
2023-07-01,INTC,buy_call,2.3625,1,6.9677,4.6053,0.046053,False
2023-07-01,INTU,buy_call,3.0935,1,11.6786,8.5851,0.085851,False
2023-07-01,ISRG,buy_call,2.4623,1,-5.1296,-2.4623,-0.024623,False
2023-07-01,ITW,buy_call,2.5842,1,5.8195,3.2353,0.032353,False
2023-07-01,JNJ,skip,0.0,0,1.2143,0.0,0.0,False
2023-07-01,JPM,buy_call,2.2099,1,8.6084,6.3985,0.063985,False
2023-07-01,KO,skip,0.0,0,3.6228,0.0,0.0,False
2023-07-01,LLY,buy_call,3.0029,1,-3.0769,-3.0029,-0.030029,False
2023-07-01,LMT,skip,0.0,0,-3.0431,0.0,0.0,False
2023-07-01,LOW,buy_call,1.3993,1,3.7971,2.3978,0.023978,False
2023-07-01,LRCX,buy_call,2.3625,1,12.0727,9.7102,0.097102,False
2023-07-01,MA,buy_call,1.9471,1,0.2492,-1.6979,-0.016979,False
2023-07-01,MCD,buy_call,1.4385,1,-1.2243,-1.4385,-0.014385,False
2023-07-01,MDLZ,buy_call,1.7404,1,2.1687,0.4283,0.004283,False
2023-07-01,MDT,buy_call,2.4623,1,0.3984,-2.0639,-0.020639,False
2023-07-01,META,buy_call,6.3786,1,11.0182,4.6395,0.046395,False
2023-07-01,MRK,buy_call,2.3278,1,-6.9568,-2.3278,-0.023278,False
2023-07-01,MS,buy_call,2.2099,1,7.2131,5.0033,0.050033,False
2023-07-01,MSFT,buy_call,3.3035,1,-1.3567,-3.3035,-0.033035,False
2023-07-01,MU,buy_call,4.3605,1,13.1199,8.7595,0.087595,False
2023-07-01,NEE,skip,0.0,0,-1.2129,0.0,0.0,False
2023-07-01,NFLX,buy_call,5.6236,1,-0.3451,-5.6236,-0.056236,False
2023-07-01,NKE,skip,0.0,0,0.3473,0.0,0.0,False
2023-07-01,NOC,skip,0.0,0,-2.3695,0.0,0.0,False
2023-07-01,NOW,buy_call,4.2906,1,3.7422,-0.5484,-0.005484,False
2023-07-01,NVDA,buy_call,4.3605,1,10.4767,6.1162,0.061162,False
2023-07-01,ORCL,buy_call,2.5494,1,-1.5618,-2.5494,-0.025494,False
2023-07-01,PEP,buy_call,1.7404,1,1.9164,0.176,0.00176,False
2023-07-01,PFE,skip,0.0,0,-1.6903,0.0,0.0,False
2023-07-01,PG,buy_call,2.0532,1,3.0051,0.9519,0.009519,False
2023-07-01,PLD,buy_call,2.5842,1,2.4578,-0.1264,-0.001264,False
2023-07-01,PM,skip,0.0,0,3.5157,0.0,0.0,False
2023-07-01,QCOM,buy_call,4.0758,1,11.0299,6.9541,0.069541,False
2023-07-01,RTX,skip,0.0,0,-10.2389,0.0,0.0,False
2023-07-01,SBUX,buy_call,1.4385,1,2.5338,1.0953,0.010953,False
2023-07-01,SCHW,skip,0.0,0,16.6196,0.0,0.0,False
2023-07-01,SO,buy_call,1.4385,1,2.9751,1.5365,0.015365,False
2023-07-01,SPGI,buy_call,2.2099,1,-1.5915,-2.2099,-0.022099,False
2023-07-01,SYK,buy_call,2.4623,1,-6.8735,-2.4623,-0.024623,False
2023-07-01,T,skip,0.0,0,-8.9655,0.0,0.0,False
2023-07-01,TJX,buy_call,1.4504,1,2.0521,0.6017,0.006017,False
2023-07-01,TMO,skip,0.0,0,5.2276,0.0,0.0,False
2023-07-01,TMUS,skip,0.0,0,-0.8135,0.0,0.0,False
2023-07-01,TXN,buy_call,2.3625,1,-0.0111,-2.3625,-0.023625,False
2023-07-01,UNH,skip,0.0,0,5.7857,0.0,0.0,False
2023-07-01,UNP,buy_call,2.9195,1,13.3907,10.4712,0.104712,False
2023-07-01,UPS,buy_call,2.5842,1,4.3961,1.8119,0.018119,False
2023-07-01,V,buy_call,2.5621,1,0.1053,-2.4569,-0.024569,False
2023-07-01,VRTX,buy_call,3.1559,1,0.1222,-3.0337,-0.030337,False
2023-07-01,VZ,skip,0.0,0,-8.3625,0.0,0.0,False
2023-07-01,WFC,buy_call,3.0879,1,8.1537,5.0658,0.050658,False
2023-07-01,WM,buy_call,3.0,1,-5.1429,-3.0,-0.03,False
2023-07-01,XOM,skip,0.0,0,-0.0093,0.0,0.0,False
2023-07-01,ZTS,buy_call,3.1559,1,9.2213,6.0654,0.060654,False
2023-08-01,AAPL,buy_call,2.7355,1,-4.3675,-2.7355,-0.027355,False
2023-08-01,ABBV,buy_call,1.5877,1,-0.6624,-1.5877,-0.015877,False
2023-08-01,ABT,buy_call,1.8224,1,-7.1288,-1.8224,-0.018224,False
2023-08-01,ACN,buy_call,2.7011,1,2.717,0.0158,0.000158,False
2023-08-01,ADBE,buy_call,2.6042,1,2.4113,-0.1929,-0.001929,False
2023-08-01,ADI,buy_call,4.0597,1,-8.8959,-4.0597,-0.040597,False
2023-08-01,ADP,buy_call,2.113,1,2.9726,0.8596,0.008596,False
2023-08-01,AMAT,buy_call,4.0597,1,0.7718,-3.2879,-0.032879,False
2023-08-01,AMGN,skip,0.0,0,9.4768,0.0,0.0,False
2023-08-01,AMT,skip,0.0,0,-4.7239,0.0,0.0,False
2023-08-01,AMZN,buy_call,3.0755,1,3.2391,0.1636,0.001636,False
2023-08-01,AVGO,buy_call,4.0597,1,2.6974,-1.3623,-0.013623,False
2023-08-01,AXP,skip,0.0,0,-6.1275,0.0,0.0,False
2023-08-01,BAC,skip,0.0,0,-10.4062,0.0,0.0,False
2023-08-01,BDX,buy_call,1.8224,1,0.2979,-1.5245,-0.015245,False
2023-08-01,BKNG,buy_call,3.0,1,4.5183,1.5183,0.015183,False
2023-08-01,BLK,skip,0.0,0,-5.1851,0.0,0.0,False
2023-08-01,BMY,skip,0.0,0,0.0124,0.0,0.0,False
2023-08-01,BRK-B,buy_call,1.3227,1,2.3412,1.0185,0.010185,False
2023-08-01,BSX,buy_call,1.8224,1,4.0309,2.2085,0.022085,False
2023-08-01,CAT,buy_call,2.8914,1,6.5438,3.6524,0.036524,False
2023-08-01,CB,skip,0.0,0,-1.7318,0.0,0.0,False
2023-08-01,CMCSA,buy_call,1.4733,1,4.0403,2.5671,0.025671,False
2023-08-01,COP,skip,0.0,0,1.1128,0.0,0.0,False
2023-08-01,COST,buy_call,2.2919,1,-2.0315,-2.2919,-0.022919,False
2023-08-01,CRM,buy_call,3.9489,1,-1.5777,-3.9489,-0.039489,False
2023-08-01,CSCO,buy_call,2.113,1,11.0394,8.9263,0.089263,False
2023-08-01,CVS,skip,0.0,0,-12.0305,0.0,0.0,False
2023-08-01,CVX,skip,0.0,0,-1.5642,0.0,0.0,False
2023-08-01,DE,buy_call,2.8914,1,-4.3436,-2.8914,-0.028914,False
2023-08-01,DHR,skip,0.0,0,3.8971,0.0,0.0,False
2023-08-01,DIS,skip,0.0,0,-5.8612,0.0,0.0,False
2023-08-01,DUK,skip,0.0,0,-5.1485,0.0,0.0,False
2023-08-01,EL,skip,0.0,0,-10.8167,0.0,0.0,False
2023-08-01,EOG,buy_call,2.8914,1,-2.2926,-2.8914,-0.028914,False
2023-08-01,EQIX,buy_call,2.113,1,-3.5238,-2.113,-0.02113,False
2023-08-01,GE,buy_call,2.8914,1,0.2667,-2.6248,-0.026248,False
2023-08-01,GILD,skip,0.0,0,0.4465,0.0,0.0,False
2023-08-01,GOOGL,buy_call,2.956,1,2.5994,-0.3565,-0.003565,False
2023-08-01,GS,skip,0.0,0,-7.913,0.0,0.0,False
2023-08-01,HD,buy_call,3.2974,1,-1.0604,-3.2974,-0.032974,False
2023-08-01,HON,skip,0.0,0,-3.1886,0.0,0.0,False
2023-08-01,HUM,skip,0.0,0,1.0507,0.0,0.0,False
2023-08-01,IBM,buy_call,2.113,1,1.838,-0.275,-0.00275,False
2023-08-01,INTC,buy_call,4.0597,1,-1.7613,-4.0597,-0.040597,False
2023-08-01,INTU,buy_call,4.0185,1,6.0676,2.049,0.02049,False
2023-08-01,ISRG,buy_call,1.8224,1,-3.6128,-1.8224,-0.018224,False
2023-08-01,ITW,buy_call,2.113,1,-6.0649,-2.113,-0.02113,False
2023-08-01,JNJ,buy_call,3.1458,1,-3.4919,-3.1458,-0.031458,False
2023-08-01,JPM,buy_call,2.0117,1,-6.7264,-2.0117,-0.020117,False
2023-08-01,KO,buy_call,1.1119,1,-3.3909,-1.1119,-0.011119,False
2023-08-01,LLY,buy_call,3.8459,1,21.9228,18.0769,0.180769,False
2023-08-01,LMT,skip,0.0,0,0.4436,0.0,0.0,False
2023-08-01,LOW,buy_call,3.2974,1,-1.1531,-3.2974,-0.032974,False
2023-08-01,LRCX,buy_call,4.0597,1,-2.2394,-4.0597,-0.040597,False
2023-08-01,MA,buy_call,1.6464,1,4.8079,3.1616,0.031616,False
2023-08-01,MCD,buy_call,1.1119,1,-4.1098,-1.1119,-0.011119,False
2023-08-01,MDLZ,buy_call,1.2135,1,-3.8716,-1.2135,-0.012135,False
2023-08-01,MDT,buy_call,1.8224,1,-7.1331,-1.8224,-0.018224,False
2023-08-01,META,buy_call,3.2752,1,-7.1281,-3.2752,-0.032752,False
2023-08-01,MRK,buy_call,2.148,1,2.1847,0.0367,0.000367,False
2023-08-01,MS,skip,0.0,0,-6.1407,0.0,0.0,False
2023-08-01,MSFT,buy_call,2.6042,1,-2.4291,-2.6042,-0.026042,False
2023-08-01,MU,buy_call,7.7522,1,-1.8467,-7.7522,-0.077522,False
2023-08-01,NEE,skip,0.0,0,-8.8677,0.0,0.0,False
2023-08-01,NFLX,buy_call,3.4182,1,-1.2051,-3.4182,-0.034182,False
2023-08-01,NKE,skip,0.0,0,-7.863,0.0,0.0,False
2023-08-01,NOC,buy_call,2.8914,1,-2.6764,-2.8914,-0.028914,False
2023-08-01,NOW,buy_call,3.4314,1,1.0,-2.4314,-0.024314,False
2023-08-01,NVDA,buy_call,7.7522,1,5.6196,-2.1325,-0.021325,False
2023-08-01,ORCL,buy_call,2.7907,1,3.0559,0.2652,0.002652,False
2023-08-01,PEP,buy_call,1.2135,1,-5.0891,-1.2135,-0.012135,False
2023-08-01,PFE,skip,0.0,0,-0.7926,0.0,0.0,False
2023-08-01,PG,buy_call,0.8259,1,-0.6318,-0.8259,-0.008259,False
2023-08-01,PLD,skip,0.0,0,-0.4409,0.0,0.0,False
2023-08-01,PM,skip,0.0,0,-3.6703,0.0,0.0,False
2023-08-01,QCOM,buy_call,3.5294,1,-13.3464,-3.5294,-0.035294,False
2023-08-01,RTX,skip,0.0,0,-2.1494,0.0,0.0,False
2023-08-01,SBUX,skip,0.0,0,-4.0662,0.0,0.0,False
2023-08-01,SCHW,skip,0.0,0,-10.5143,0.0,0.0,False
2023-08-01,SO,buy_call,1.1119,1,-6.3727,-1.1119,-0.011119,False
2023-08-01,SPGI,buy_call,2.0117,1,-0.9252,-2.0117,-0.020117,False
2023-08-01,SYK,buy_call,1.8224,1,0.0494,-1.773,-0.01773,False
2023-08-01,T,skip,0.0,0,3.6756,0.0,0.0,False
2023-08-01,TJX,buy_call,2.1198,1,6.8762,4.7565,0.047565,False
2023-08-01,TMO,skip,0.0,0,1.5383,0.0,0.0,False
2023-08-01,TMUS,skip,0.0,0,-1.1033,0.0,0.0,False
2023-08-01,TXN,buy_call,4.0597,1,-5.9773,-4.0597,-0.040597,False
2023-08-01,UNH,buy_call,1.5965,1,-5.883,-1.5965,-0.015965,False
2023-08-01,UNP,buy_call,2.8914,1,-4.9349,-2.8914,-0.028914,False
2023-08-01,UPS,buy_call,2.113,1,-9.4747,-2.113,-0.02113,False
2023-08-01,V,buy_call,1.5115,1,3.3441,1.8326,0.018326,False
2023-08-01,VRTX,buy_call,1.5877,1,-1.1353,-1.5877,-0.015877,False
2023-08-01,VZ,skip,0.0,0,4.4783,0.0,0.0,False
2023-08-01,WFC,skip,0.0,0,-10.5503,0.0,0.0,False
2023-08-01,WM,buy_call,3.0,1,-4.2798,-3.0,-0.03,False
2023-08-01,XOM,skip,0.0,0,3.6833,0.0,0.0,False
2023-08-01,ZTS,buy_call,1.5877,1,1.5094,-0.0783,-0.000783,False
2023-09-01,AAPL,buy_call,2.0087,2,-8.7448,-2.0087,-0.040174,True
2023-09-01,ABBV,skip,0.0,0,1.4289,0.0,0.0,True
2023-09-01,ABT,buy_call,1.7401,2,-5.8795,-1.7401,-0.034802,True
2023-09-01,ACN,buy_call,2.9626,2,-5.1456,-2.9626,-0.059252,True
2023-09-01,ADBE,buy_call,2.3034,2,-8.839,-2.3034,-0.046068,True
2023-09-01,ADI,buy_call,3.124,2,-3.6803,-3.124,-0.06248,True
2023-09-01,ADP,buy_call,1.4948,2,-5.5104,-1.4948,-0.029896,True
2023-09-01,AMAT,buy_call,3.124,2,-9.171,-3.124,-0.06248,True
2023-09-01,AMGN,buy_call,2.0821,2,5.6946,3.6125,0.07225,True
2023-09-01,AMT,skip,0.0,0,-9.304,0.0,0.0,True
2023-09-01,AMZN,buy_call,2.5469,2,-7.8907,-2.5469,-0.050938,True
2023-09-01,AVGO,buy_call,3.124,2,-10.0023,-3.124,-0.06248,True
2023-09-01,AXP,skip,0.0,0,-5.57,0.0,0.0,True
2023-09-01,BAC,skip,0.0,0,-3.7036,0.0,0.0,True
2023-09-01,BDX,buy_call,1.7401,2,-7.4861,-1.7401,-0.034802,True
2023-09-01,BKNG,buy_call,3.0,2,-0.6789,-3.0,-0.06,True
2023-09-01,BLK,buy_call,1.6463,2,-7.7155,-1.6463,-0.032926,True
2023-09-01,BMY,skip,0.0,0,-5.8556,0.0,0.0,True
2023-09-01,BRK-B,buy_call,1.231,2,-2.7485,-1.231,-0.02462,True
2023-09-01,BSX,buy_call,1.7401,2,-2.1135,-1.7401,-0.034802,True
2023-09-01,CAT,buy_call,2.1655,2,-2.8919,-2.1655,-0.04331,True
2023-09-01,CB,skip,0.0,0,3.6392,0.0,0.0,True
2023-09-01,CMCSA,buy_call,2.4741,2,-5.1754,-2.4741,-0.049482,True
2023-09-01,COP,buy_call,2.1655,2,1.085,-1.0806,-0.021612,True
2023-09-01,COST,buy_call,2.0789,2,3.049,0.9701,0.019402,True
2023-09-01,CRM,buy_call,2.1358,2,-8.4349,-2.1358,-0.042716,True
2023-09-01,CSCO,buy_call,1.4948,2,-6.2598,-1.4948,-0.029896,True
2023-09-01,CVS,skip,0.0,0,7.1352,0.0,0.0,True
2023-09-01,CVX,buy_call,1.997,2,5.6738,3.6768,0.073536,True
2023-09-01,DE,skip,0.0,0,-8.1666,0.0,0.0,True
2023-09-01,DHR,buy_call,1.7401,2,-6.3773,-1.7401,-0.034802,True
2023-09-01,DIS,skip,0.0,0,-3.1429,0.0,0.0,True
2023-09-01,DUK,skip,0.0,0,0.5154,0.0,0.0,True
2023-09-01,EL,skip,0.0,0,-9.5798,0.0,0.0,True
2023-09-01,EOG,buy_call,2.1655,2,-1.4461,-2.1655,-0.04331,True
2023-09-01,EQIX,buy_call,1.4948,2,-6.6272,-1.4948,-0.029896,True
2023-09-01,GE,buy_call,2.1655,2,-3.416,-2.1655,-0.04331,True
2023-09-01,GILD,skip,0.0,0,-2.0136,0.0,0.0,True
2023-09-01,GOOGL,buy_call,2.6537,2,-3.8995,-2.6537,-0.053074,True
2023-09-01,GS,skip,0.0,0,-0.44,0.0,0.0,True
2023-09-01,HD,buy_call,2.1925,2,-7.9353,-2.1925,-0.04385,True
2023-09-01,HON,skip,0.0,0,-1.1647,0.0,0.0,True
2023-09-01,HUM,skip,0.0,0,5.3918,0.0,0.0,True
2023-09-01,IBM,buy_call,1.4948,2,-3.3477,-1.4948,-0.029896,True
2023-09-01,INTC,buy_call,3.124,2,1.5307,-1.5932,-0.031864,True
2023-09-01,INTU,buy_call,2.9476,2,-5.6976,-2.9476,-0.058952,True
2023-09-01,ISRG,buy_call,1.7401,2,-6.521,-1.7401,-0.034802,True
2023-09-01,ITW,buy_call,1.4948,2,-6.889,-1.4948,-0.029896,True
2023-09-01,JNJ,buy_call,1.4101,2,-2.9683,-1.4101,-0.028202,True
2023-09-01,JPM,buy_call,1.6463,2,-0.8953,-1.6463,-0.032926,True
2023-09-01,KO,buy_call,1.318,2,-6.4349,-1.318,-0.02636,True
2023-09-01,LLY,buy_call,1.7263,2,-2.8724,-1.7263,-0.034526,True
2023-09-01,LMT,skip,0.0,0,-8.1766,0.0,0.0,True
2023-09-01,LOW,buy_call,2.1925,2,-9.823,-2.1925,-0.04385,True
2023-09-01,LRCX,buy_call,3.124,2,-10.7674,-3.124,-0.06248,True
2023-09-01,MA,buy_call,1.5469,2,-4.0544,-1.5469,-0.030938,True
2023-09-01,MCD,buy_call,1.318,2,-5.7954,-1.318,-0.02636,True
2023-09-01,MDLZ,buy_call,1.2907,2,-2.6102,-1.2907,-0.025814,True
2023-09-01,MDT,buy_call,1.7401,2,-3.8528,-1.7401,-0.034802,True
2023-09-01,META,buy_call,3.2622,2,1.46,-1.8022,-0.036044,True
2023-09-01,MRK,buy_call,3.2307,2,-5.5331,-3.2307,-0.064614,True
2023-09-01,MS,skip,0.0,0,-4.0869,0.0,0.0,True
2023-09-01,MSFT,buy_call,2.3034,2,-3.4603,-2.3034,-0.046068,True
2023-09-01,MU,buy_call,4.1983,2,-2.7309,-4.1983,-0.083966,True
2023-09-01,NEE,skip,0.0,0,-13.6424,0.0,0.0,True
2023-09-01,NFLX,buy_call,5.3308,2,-12.9312,-5.3308,-0.106616,True
2023-09-01,NKE,skip,0.0,0,-5.9876,0.0,0.0,True
2023-09-01,NOC,skip,0.0,0,2.0811,0.0,0.0,True
2023-09-01,NOW,buy_call,4.0949,2,-5.0728,-4.0949,-0.081898,True
2023-09-01,NVDA,buy_call,4.1983,2,-11.8651,-4.1983,-0.083966,True
2023-09-01,ORCL,buy_call,2.5942,2,-12.0193,-2.5942,-0.051884,True
2023-09-01,PEP,buy_call,1.2907,2,-4.0962,-1.2907,-0.025814,True
2023-09-01,PFE,skip,0.0,0,-6.2465,0.0,0.0,True
2023-09-01,PG,buy_call,1.5311,2,-5.4944,-1.5311,-0.030622,True
2023-09-01,PLD,buy_call,1.4948,2,-9.6538,-1.4948,-0.029896,True
2023-09-01,PM,buy_call,1.2907,2,-3.6227,-1.2907,-0.025814,True
2023-09-01,QCOM,skip,0.0,0,-2.3431,0.0,0.0,True
2023-09-01,RTX,skip,0.0,0,-15.7691,0.0,0.0,True
2023-09-01,SBUX,skip,0.0,0,-5.8326,0.0,0.0,True
2023-09-01,SCHW,skip,0.0,0,-6.8284,0.0,0.0,True
2023-09-01,SO,buy_call,1.318,2,-3.4539,-1.318,-0.02636,True
2023-09-01,SPGI,buy_call,1.6463,2,-6.2934,-1.6463,-0.032926,True
2023-09-01,SYK,buy_call,1.7401,2,-3.6254,-1.7401,-0.034802,True
2023-09-01,T,skip,0.0,0,1.5551,0.0,0.0,True
2023-09-01,TJX,buy_call,0.834,2,-3.5217,-0.834,-0.01668,True
2023-09-01,TMO,buy_call,2.8279,2,-9.142,-2.8279,-0.056558,True
2023-09-01,TMUS,skip,0.0,0,2.789,0.0,0.0,True
2023-09-01,TXN,skip,0.0,0,-5.385,0.0,0.0,True
2023-09-01,UNH,buy_call,2.1123,2,5.7934,3.6811,0.073622,True
2023-09-01,UNP,buy_call,2.1655,2,-7.1398,-2.1655,-0.04331,True
2023-09-01,UPS,skip,0.0,0,-7.1531,0.0,0.0,True
2023-09-01,V,buy_call,1.8655,2,-6.2022,-1.8655,-0.03731,True
2023-09-01,VRTX,buy_call,2.0821,2,-0.1722,-2.0821,-0.041642,True
2023-09-01,VZ,skip,0.0,0,-7.3471,0.0,0.0,True
2023-09-01,WFC,skip,0.0,0,-0.2674,0.0,0.0,True
2023-09-01,WM,buy_call,3.0,2,-2.7682,-3.0,-0.06,True
2023-09-01,XOM,buy_call,2.1655,2,6.6138,4.4483,0.088966,True
2023-09-01,ZTS,buy_call,2.0821,2,-8.6767,-2.0821,-0.041642,True
2023-10-01,AAPL,buy_call,3.1457,4,-0.257,-3.1457,-0.125828,True
2023-10-01,ABBV,skip,0.0,0,-5.2865,0.0,0.0,True
2023-10-01,ABT,skip,0.0,0,-2.3748,0.0,0.0,True
2023-10-01,ACN,buy_call,1.3394,4,-3.2627,-1.3394,-0.053576,True
2023-10-01,ADBE,buy_call,2.9165,4,4.346,1.4295,0.05718,True
2023-10-01,ADI,skip,0.0,0,-9.7162,0.0,0.0,True
2023-10-01,ADP,buy_call,2.3398,4,-8.8403,-2.3398,-0.093592,True
2023-10-01,AMAT,buy_call,3.9092,4,-4.4059,-3.9092,-0.156368,True
2023-10-01,AMGN,buy_call,1.3244,4,-4.8594,-1.3244,-0.052976,True
2023-10-01,AMT,skip,0.0,0,8.3551,0.0,0.0,True
2023-10-01,AMZN,buy_call,3.4587,4,4.6963,1.2377,0.049508,True
2023-10-01,AVGO,buy_call,3.9092,4,1.8508,-2.0584,-0.082336,True
2023-10-01,AXP,skip,0.0,0,-2.1181,0.0,0.0,True
2023-10-01,BAC,skip,0.0,0,-3.7984,0.0,0.0,True
2023-10-01,BDX,buy_call,1.1497,4,-1.8893,-1.1497,-0.045988,True
2023-10-01,BKNG,buy_call,3.0,4,-9.5459,-3.0,-0.12,True
2023-10-01,BLK,skip,0.0,0,-4.6045,0.0,0.0,True
2023-10-01,BMY,skip,0.0,0,-11.2164,0.0,0.0,True
2023-10-01,BRK-B,buy_call,1.8685,4,-2.5607,-1.8685,-0.07474,True
2023-10-01,BSX,buy_call,1.1497,4,-3.0492,-1.1497,-0.045988,True
2023-10-01,CAT,buy_call,3.3049,4,-17.1978,-3.3049,-0.132196,True
2023-10-01,CB,buy_call,2.232,4,3.5177,1.2857,0.051428,True
2023-10-01,CMCSA,buy_call,1.6554,4,-6.8787,-1.6554,-0.066216,True
2023-10-01,COP,buy_call,3.3049,4,-0.337,-3.3049,-0.132196,True
2023-10-01,COST,buy_call,2.0923,4,-2.2161,-2.0923,-0.083692,True
2023-10-01,CRM,buy_call,3.2356,4,-0.9616,-3.2356,-0.129424,True
2023-10-01,CSCO,buy_call,2.3398,4,-3.032,-2.3398,-0.093592,True
2023-10-01,CVS,skip,0.0,0,-1.1601,0.0,0.0,True
2023-10-01,CVX,buy_call,2.7353,4,-13.5749,-2.7353,-0.109412,True
2023-10-01,DE,skip,0.0,0,-2.8439,0.0,0.0,True
2023-10-01,DHR,skip,0.0,0,-12.6971,0.0,0.0,True
2023-10-01,DIS,skip,0.0,0,0.6662,0.0,0.0,True
2023-10-01,DUK,skip,0.0,0,0.7138,0.0,0.0,True
2023-10-01,EL,skip,0.0,0,-10.8475,0.0,0.0,True
2023-10-01,EOG,buy_call,3.3049,4,-0.4024,-3.3049,-0.132196,True
2023-10-01,EQIX,buy_call,2.3398,4,0.4654,-1.8743,-0.074972,True
2023-10-01,GE,buy_call,3.3049,4,-1.6661,-3.3049,-0.132196,True
2023-10-01,GILD,skip,0.0,0,5.8305,0.0,0.0,True
2023-10-01,GOOGL,buy_call,2.69,4,-5.1811,-2.69,-0.1076,True
2023-10-01,GS,buy_call,2.232,4,-6.1687,-2.232,-0.08928,True
2023-10-01,HD,buy_call,2.8968,4,-5.7817,-2.8968,-0.115872,True
2023-10-01,HON,skip,0.0,0,-0.8011,0.0,0.0,True
2023-10-01,HUM,buy_call,1.8748,4,7.8333,5.9586,0.238344,True
2023-10-01,IBM,buy_call,2.3398,4,3.0934,0.7536,0.030144,True
2023-10-01,INTC,buy_call,3.9092,4,2.6723,-1.2369,-0.049476,True
2023-10-01,INTU,buy_call,1.8521,4,-3.1295,-1.8521,-0.074084,True
2023-10-01,ISRG,buy_call,1.1497,4,-10.2877,-1.1497,-0.045988,True
2023-10-01,ITW,skip,0.0,0,-2.0979,0.0,0.0,True
2023-10-01,JNJ,buy_call,1.7041,4,-4.7576,-1.7041,-0.068164,True
2023-10-01,JPM,buy_call,2.232,4,-4.1098,-2.232,-0.08928,True
2023-10-01,KO,skip,0.0,0,1.7117,0.0,0.0,True
2023-10-01,LLY,buy_call,4.5496,4,3.1277,-1.4218,-0.056872,True
2023-10-01,LMT,skip,0.0,0,11.1698,0.0,0.0,True
2023-10-01,LOW,buy_call,2.8968,4,-8.3093,-2.8968,-0.115872,True
2023-10-01,LRCX,buy_call,3.9092,4,-5.8669,-3.9092,-0.156368,True
2023-10-01,MA,buy_call,1.9691,4,-4.9405,-1.9691,-0.078764,True
2023-10-01,MCD,skip,0.0,0,-0.4821,0.0,0.0,True
2023-10-01,MDLZ,buy_call,1.1913,4,-4.0137,-1.1913,-0.047652,True
2023-10-01,MDT,skip,0.0,0,-9.185,0.0,0.0,True
2023-10-01,META,buy_call,4.1215,4,0.3531,-3.7684,-0.150736,True
2023-10-01,MRK,skip,0.0,0,0.4373,0.0,0.0,True
2023-10-01,MS,skip,0.0,0,-13.2852,0.0,0.0,True
2023-10-01,MSFT,buy_call,2.9165,4,7.0815,4.1651,0.166604,True
2023-10-01,MU,buy_call,6.1529,4,-1.7051,-6.1529,-0.246116,True
2023-10-01,NEE,skip,0.0,0,1.7629,0.0,0.0,True
2023-10-01,NFLX,buy_call,3.5291,4,9.0281,5.499,0.21996,True
2023-10-01,NKE,skip,0.0,0,7.838,0.0,0.0,True
2023-10-01,NOC,skip,0.0,0,7.097,0.0,0.0,True
2023-10-01,NOW,buy_call,2.7544,4,4.0951,1.3407,0.053628,True
2023-10-01,NVDA,buy_call,6.1529,4,-6.243,-6.1529,-0.246116,True
2023-10-01,ORCL,buy_call,2.7624,4,-2.3791,-2.7624,-0.110496,True
2023-10-01,PEP,skip,0.0,0,-3.6355,0.0,0.0,True
2023-10-01,PFE,skip,0.0,0,-7.8686,0.0,0.0,True
2023-10-01,PG,skip,0.0,0,2.8589,0.0,0.0,True
2023-10-01,PLD,skip,0.0,0,-9.5803,0.0,0.0,True
2023-10-01,PM,skip,0.0,0,-2.3394,0.0,0.0,True
2023-10-01,QCOM,skip,0.0,0,-1.8639,0.0,0.0,True
2023-10-01,RTX,skip,0.0,0,13.0888,0.0,0.0,True
2023-10-01,SBUX,skip,0.0,0,1.0628,0.0,0.0,True
2023-10-01,SCHW,buy_call,2.232,4,-5.2095,-2.232,-0.08928,True
2023-10-01,SO,skip,0.0,0,3.9864,0.0,0.0,True
2023-10-01,SPGI,buy_call,2.232,4,-4.406,-2.232,-0.08928,True
2023-10-01,SYK,skip,0.0,0,-0.8371,0.0,0.0,True
2023-10-01,T,skip,0.0,0,2.5299,0.0,0.0,True
2023-10-01,TJX,buy_call,3.0806,4,-0.9113,-3.0806,-0.123224,True
2023-10-01,TMO,skip,0.0,0,-12.0701,0.0,0.0,True
2023-10-01,TMUS,skip,0.0,0,2.7204,0.0,0.0,True
2023-10-01,TXN,skip,0.0,0,-10.6912,0.0,0.0,True
2023-10-01,UNH,buy_call,1.8748,4,6.6354,4.7606,0.190424,True
2023-10-01,UNP,buy_call,3.3049,4,1.9545,-1.3503,-0.054012,True
2023-10-01,UPS,skip,0.0,0,-9.3796,0.0,0.0,True
2023-10-01,V,buy_call,2.5346,4,2.2129,-0.3216,-0.012864,True
2023-10-01,VRTX,buy_call,1.3244,4,4.1324,2.808,0.11232,True
2023-10-01,VZ,skip,0.0,0,8.3925,0.0,0.0,True
2023-10-01,WFC,buy_call,2.8486,4,-2.6676,-2.8486,-0.113944,True
2023-10-01,WM,skip,0.0,0,8.2858,0.0,0.0,True
2023-10-01,XOM,buy_call,3.3049,4,-9.9762,-3.3049,-0.132196,True
2023-10-01,ZTS,buy_call,1.3244,4,-9.7597,-1.3244,-0.052976,True
2023-11-01,AAPL,buy_call,1.6673,14,11.2315,9.5642,1.338988,True
2023-11-01,ABBV,skip,0.0,0,1.8666,0.0,0.0,True
2023-11-01,ABT,skip,0.0,0,10.912,0.0,0.0,True
2023-11-01,ACN,buy_call,2.1767,14,12.5994,10.4227,1.459178,True
2023-11-01,ADBE,buy_call,2.0167,14,14.8386,12.8218,1.795052,True
2023-11-01,ADI,skip,0.0,0,16.5576,0.0,0.0,True
2023-11-01,ADP,buy_call,0.9858,14,5.3616,4.3758,0.612612,True
2023-11-01,AMAT,buy_call,3.5233,14,13.1696,9.6463,1.350482,True
2023-11-01,AMGN,buy_call,1.8946,14,5.4517,3.5571,0.497994,True
2023-11-01,AMT,skip,0.0,0,18.3504,0.0,0.0,True
2023-11-01,AMZN,buy_call,2.6684,14,9.7678,7.0994,0.993916,True
2023-11-01,AVGO,buy_call,3.5233,14,10.0265,6.5032,0.910448,True
2023-11-01,AXP,skip,0.0,0,17.4222,0.0,0.0,True
2023-11-01,BAC,skip,0.0,0,15.7555,0.0,0.0,True
2023-11-01,BDX,skip,0.0,0,-6.567,0.0,0.0,True
2023-11-01,BKNG,buy_call,3.0,14,12.0499,9.0499,1.266986,True
2023-11-01,BLK,skip,0.0,0,22.6939,0.0,0.0,True
2023-11-01,BMY,skip,0.0,0,-3.1997,0.0,0.0,True
2023-11-01,BRK-B,buy_call,1.1573,14,5.4698,4.3125,0.60375,True
2023-11-01,BSX,skip,0.0,0,9.1815,0.0,0.0,True
2023-11-01,CAT,buy_call,2.514,14,11.4866,8.9726,1.256164,True
2023-11-01,CB,buy_call,1.4241,14,6.9006,5.4764,0.766696,True
2023-11-01,CMCSA,buy_call,2.0527,14,2.1188,0.066,0.00924,True
2023-11-01,COP,buy_call,2.514,14,-2.7189,-2.514,-0.35196,True
2023-11-01,COST,buy_call,1.9734,14,7.2949,5.3215,0.74501,True
2023-11-01,CRM,buy_call,3.2334,14,25.4294,22.196,3.10744,True
2023-11-01,CSCO,buy_call,0.9858,14,-6.5233,-0.9858,-0.138012,True
2023-11-01,CVS,skip,0.0,0,-0.6909,0.0,0.0,True
2023-11-01,CVX,skip,0.0,0,-1.4616,0.0,0.0,True
2023-11-01,DE,skip,0.0,0,-0.26,0.0,0.0,True
2023-11-01,DHR,skip,0.0,0,16.4389,0.0,0.0,True
2023-11-01,DIS,skip,0.0,0,13.6046,0.0,0.0,True
2023-11-01,DUK,skip,0.0,0,3.8137,0.0,0.0,True
2023-11-01,EL,skip,0.0,0,-0.9156,0.0,0.0,True
2023-11-01,EOG,buy_call,2.514,14,-1.9142,-2.514,-0.35196,True
2023-11-01,EQIX,buy_call,0.9858,14,11.7003,10.7145,1.50003,True
2023-11-01,GE,buy_call,2.514,14,12.1237,9.6097,1.345358,True
2023-11-01,GILD,skip,0.0,0,-2.4701,0.0,0.0,True
2023-11-01,GOOGL,buy_call,1.8527,14,6.8101,4.9575,0.69405,True
2023-11-01,GS,skip,0.0,0,12.493,0.0,0.0,True
2023-11-01,HD,skip,0.0,0,10.1162,0.0,0.0,True
2023-11-01,HON,skip,0.0,0,6.9082,0.0,0.0,True
2023-11-01,HUM,skip,0.0,0,-7.4147,0.0,0.0,True
2023-11-01,IBM,buy_call,0.9858,14,9.6239,8.6381,1.209334,True
2023-11-01,INTC,buy_call,3.5233,14,22.4658,18.9425,2.65195,True
2023-11-01,INTU,buy_call,3.5689,14,15.6593,12.0904,1.692656,True
2023-11-01,ISRG,skip,0.0,0,18.5417,0.0,0.0,True
2023-11-01,ITW,skip,0.0,0,8.0716,0.0,0.0,True
2023-11-01,JNJ,skip,0.0,0,4.2605,0.0,0.0,True
2023-11-01,JPM,buy_call,1.4241,14,13.0675,11.6434,1.630076,True
2023-11-01,KO,skip,0.0,0,3.4519,0.0,0.0,True
2023-11-01,LLY,buy_call,2.2366,14,6.6994,4.4628,0.624792,True
2023-11-01,LMT,skip,0.0,0,-1.5111,0.0,0.0,True
2023-11-01,LOW,skip,0.0,0,4.9472,0.0,0.0,True
2023-11-01,LRCX,buy_call,3.5233,14,21.7096,18.1862,2.546068,True
2023-11-01,MA,skip,0.0,0,10.1182,0.0,0.0,True
2023-11-01,MCD,skip,0.0,0,7.5027,0.0,0.0,True
2023-11-01,MDLZ,skip,0.0,0,7.3252,0.0,0.0,True
2023-11-01,MDT,skip,0.0,0,12.3441,0.0,0.0,True
2023-11-01,META,buy_call,2.5491,14,8.5903,6.0412,0.845768,True
2023-11-01,MRK,skip,0.0,0,-0.2142,0.0,0.0,True
2023-11-01,MS,skip,0.0,0,13.3997,0.0,0.0,True
2023-11-01,MSFT,buy_call,2.0167,14,12.0671,10.0503,1.407042,True
2023-11-01,MU,buy_call,3.3469,14,14.0227,10.6758,1.494612,True
2023-11-01,NEE,skip,0.0,0,0.3602,0.0,0.0,True
2023-11-01,NFLX,buy_call,2.5244,14,15.1279,12.6035,1.76449,True
2023-11-01,NKE,skip,0.0,0,7.2979,0.0,0.0,True
2023-11-01,NOC,buy_call,2.514,14,0.7912,-1.7228,-0.241192,True
2023-11-01,NOW,buy_call,2.2951,14,17.8551,15.56,2.1784,True
2023-11-01,NVDA,buy_call,3.3469,14,14.6886,11.3417,1.587838,True
2023-11-01,ORCL,buy_call,3.2826,14,12.8,9.5175,1.33245,True
2023-11-01,PEP,skip,0.0,0,3.0683,0.0,0.0,True
2023-11-01,PFE,skip,0.0,0,-0.2945,0.0,0.0,True
2023-11-01,PG,skip,0.0,0,2.9721,0.0,0.0,True
2023-11-01,PLD,skip,0.0,0,14.0744,0.0,0.0,True
2023-11-01,PM,skip,0.0,0,4.7106,0.0,0.0,True
2023-11-01,QCOM,skip,0.0,0,18.4054,0.0,0.0,True
2023-11-01,RTX,skip,0.0,0,0.1106,0.0,0.0,True
2023-11-01,SBUX,skip,0.0,0,7.6539,0.0,0.0,True
2023-11-01,SCHW,buy_call,1.4241,14,17.8324,16.4083,2.297162,True
2023-11-01,SO,skip,0.0,0,5.4681,0.0,0.0,True
2023-11-01,SPGI,skip,0.0,0,19.0433,0.0,0.0,True
2023-11-01,SYK,skip,0.0,0,9.6625,0.0,0.0,True
2023-11-01,T,skip,0.0,0,9.6529,0.0,0.0,True
2023-11-01,TJX,buy_call,0.8956,14,0.0454,-0.8502,-0.119028,True
2023-11-01,TMO,skip,0.0,0,11.4644,0.0,0.0,True
2023-11-01,TMUS,skip,0.0,0,4.5809,0.0,0.0,True
2023-11-01,TXN,skip,0.0,0,8.5204,0.0,0.0,True
2023-11-01,UNH,buy_call,1.4901,14,3.2508,1.7607,0.246498,True
2023-11-01,UNP,buy_call,2.514,14,8.5063,5.9923,0.838922,True
2023-11-01,UPS,skip,0.0,0,7.3345,0.0,0.0,True
2023-11-01,V,buy_call,1.6446,14,9.1791,7.5345,1.05483,True
2023-11-01,VRTX,buy_call,1.8946,14,-2.016,-1.8946,-0.265244,True
2023-11-01,VZ,skip,0.0,0,11.4379,0.0,0.0,True
2023-11-01,WFC,buy_call,1.8075,14,12.1197,10.3121,1.443694,True
2023-11-01,WM,skip,0.0,0,4.0528,0.0,0.0,True
2023-11-01,XOM,skip,0.0,0,-2.9381,0.0,0.0,True
2023-11-01,ZTS,skip,0.0,0,12.7981,0.0,0.0,True
2023-12-01,AAPL,buy_call,1.4876,1,1.4918,0.0042,4.2e-05,False
2023-12-01,ABBV,buy_call,2.3235,1,8.8349,6.5114,0.065114,False
2023-12-01,ABT,buy_call,2.0188,1,5.5422,3.5234,0.035234,False
2023-12-01,ACN,buy_call,2.2054,1,5.3341,3.1287,0.031287,False
2023-12-01,ADBE,buy_call,2.0402,1,-2.3584,-2.0402,-0.020402,False
2023-12-01,ADI,buy_call,2.7567,1,8.2779,5.5212,0.055212,False
2023-12-01,ADP,buy_call,1.624,1,1.3265,-0.2975,-0.002975,False
2023-12-01,AMAT,buy_call,2.7567,1,8.4379,5.6812,0.056812,False
2023-12-01,AMGN,buy_call,2.3235,1,7.6564,5.3329,0.053329,False
2023-12-01,AMT,buy_call,1.624,1,3.4007,1.7767,0.017767,False
2023-12-01,AMZN,buy_call,2.2459,1,4.0044,1.7584,0.017584,False
2023-12-01,AVGO,buy_call,2.7567,1,20.5805,17.8239,0.178239,False
2023-12-01,AXP,buy_call,1.7341,1,9.7031,7.969,0.07969,False
2023-12-01,BAC,buy_call,2.923,1,11.311,8.3881,0.083881,False
2023-12-01,BDX,skip,0.0,0,3.239,0.0,0.0,False
2023-12-01,BKNG,buy_call,3.0,1,13.4856,10.4856,0.104856,False
2023-12-01,BLK,buy_call,2.2857,1,8.0628,5.7771,0.057771,False
2023-12-01,BMY,skip,0.0,0,3.9085,0.0,0.0,False
2023-12-01,BRK-B,buy_call,1.1553,1,-0.9278,-1.1553,-0.011553,False
2023-12-01,BSX,buy_call,2.0188,1,3.4353,1.4165,0.014165,False
2023-12-01,CAT,buy_call,2.3617,1,17.9284,15.5666,0.155666,False
2023-12-01,CB,buy_call,2.2857,1,-1.495,-2.2857,-0.022857,False
2023-12-01,CMCSA,buy_call,2.5714,1,4.6789,2.1075,0.021075,False
2023-12-01,COP,buy_call,2.3617,1,0.939,-1.4227,-0.014227,False
2023-12-01,COST,buy_call,1.6081,1,11.5652,9.9571,0.099571,False
2023-12-01,CRM,buy_call,2.3751,1,4.4621,2.0871,0.020871,False
2023-12-01,CSCO,skip,0.0,0,4.4233,0.0,0.0,False
2023-12-01,CVS,buy_call,2.0955,1,16.2031,14.1076,0.141076,False
2023-12-01,CVX,skip,0.0,0,4.9607,0.0,0.0,False
2023-12-01,DE,buy_call,2.3617,1,9.7308,7.369,0.07369,False
2023-12-01,DHR,buy_call,2.0188,1,3.5959,1.5771,0.015771,False
2023-12-01,DIS,buy_call,3.3259,1,-2.5893,-3.3259,-0.033259,False
2023-12-01,DUK,buy_call,1.1817,1,6.375,5.1933,0.051933,False
2023-12-01,EL,skip,0.0,0,15.1381,0.0,0.0,False
2023-12-01,EOG,buy_call,2.3617,1,-1.7226,-2.3617,-0.023617,False
2023-12-01,EQIX,buy_call,1.624,1,-0.6252,-1.624,-0.01624,False
2023-12-01,GE,buy_call,2.3617,1,4.7865,2.4248,0.024248,False
2023-12-01,GILD,buy_call,2.3235,1,5.7572,3.4337,0.034337,False
2023-12-01,GOOGL,buy_call,2.6534,1,5.4026,2.7492,0.027492,False
2023-12-01,GS,buy_call,2.2857,1,13.8776,11.5919,0.115919,False
2023-12-01,HD,buy_call,1.5934,1,11.2881,9.6947,0.096947,False
2023-12-01,HON,buy_call,1.624,1,7.6684,6.0444,0.060444,False
2023-12-01,HUM,skip,0.0,0,-5.5789,0.0,0.0,False
2023-12-01,IBM,buy_call,1.624,1,4.3169,2.6929,0.026929,False
2023-12-01,INTC,buy_call,2.7567,1,12.7857,10.0291,0.100291,False
2023-12-01,INTU,buy_call,3.5689,1,9.3742,5.8053,0.058053,False
2023-12-01,ISRG,buy_call,2.0188,1,8.5317,6.5129,0.065129,False
2023-12-01,ITW,buy_call,1.624,1,8.1458,6.5218,0.065218,False
2023-12-01,JNJ,buy_call,1.3828,1,2.1565,0.7737,0.007737,False
2023-12-01,JPM,buy_call,2.2857,1,8.9826,6.6969,0.066969,False
2023-12-01,KO,skip,0.0,0,1.6414,0.0,0.0,False
2023-12-01,LLY,buy_call,3.1107,1,-1.1916,-3.1107,-0.031107,False
2023-12-01,LMT,buy_call,2.3617,1,1.9432,-0.4185,-0.004185,False
2023-12-01,LOW,skip,0.0,0,11.9298,0.0,0.0,False
2023-12-01,LRCX,buy_call,2.7567,1,9.4061,6.6494,0.066494,False
2023-12-01,MA,buy_call,1.7341,1,3.0641,1.33,0.0133,False
2023-12-01,MCD,skip,0.0,0,5.8355,0.0,0.0,False
2023-12-01,MDLZ,skip,0.0,0,1.928,0.0,0.0,False
2023-12-01,MDT,skip,0.0,0,3.9233,0.0,0.0,False
2023-12-01,META,buy_call,2.6777,1,8.195,5.5173,0.055173,False
2023-12-01,MRK,skip,0.0,0,6.3817,0.0,0.0,False
2023-12-01,MS,skip,0.0,0,17.5321,0.0,0.0,False
2023-12-01,MSFT,buy_call,2.0402,1,-0.556,-2.0402,-0.020402,False
2023-12-01,MU,buy_call,3.4777,1,12.1124,8.6347,0.086347,False
2023-12-01,NEE,skip,0.0,0,4.6561,0.0,0.0,False
2023-12-01,NFLX,buy_call,2.8844,1,2.7238,-0.1606,-0.001606,False
2023-12-01,NKE,buy_call,2.2182,1,-1.5417,-2.2182,-0.022182,False
2023-12-01,NOC,buy_call,2.3617,1,-1.0851,-2.3617,-0.023617,False
2023-12-01,NOW,buy_call,2.7279,1,3.0259,0.298,0.00298,False
2023-12-01,NVDA,buy_call,3.4777,1,5.8841,2.4064,0.024064,False
2023-12-01,ORCL,buy_call,2.2857,1,-9.2763,-2.2857,-0.022857,False
2023-12-01,PEP,skip,0.0,0,1.6906,0.0,0.0,False
2023-12-01,PFE,skip,0.0,0,-4.2397,0.0,0.0,False
2023-12-01,PG,buy_call,1.5788,1,-4.5467,-1.5788,-0.015788,False
2023-12-01,PLD,skip,0.0,0,15.9837,0.0,0.0,False
2023-12-01,PM,buy_call,1.5397,1,0.7712,-0.7685,-0.007685,False
2023-12-01,QCOM,buy_call,2.1863,1,12.7856,10.5993,0.105993,False
2023-12-01,RTX,skip,0.0,0,4.0258,0.0,0.0,False
2023-12-01,SBUX,buy_call,1.1817,1,-2.7819,-1.1817,-0.011817,False
2023-12-01,SCHW,buy_call,2.2857,1,12.7116,10.4258,0.104258,False
2023-12-01,SO,buy_call,1.1817,1,-0.2176,-1.1817,-0.011817,False
2023-12-01,SPGI,buy_call,2.2857,1,6.1677,3.882,0.03882,False
2023-12-01,SYK,buy_call,2.0188,1,1.0562,-0.9626,-0.009626,False
2023-12-01,T,buy_call,2.5714,1,1.2674,-1.3041,-0.013041,False
2023-12-01,TJX,buy_call,1.6875,1,6.8612,5.1737,0.051737,False
2023-12-01,TMO,skip,0.0,0,7.0659,0.0,0.0,False
2023-12-01,TMUS,buy_call,2.5714,1,7.0322,4.4607,0.044607,False
2023-12-01,TXN,skip,0.0,0,11.6233,0.0,0.0,False
2023-12-01,UNH,buy_call,2.0955,1,-4.7923,-2.0955,-0.020955,False
2023-12-01,UNP,buy_call,2.3617,1,9.0336,6.6718,0.066718,False
2023-12-01,UPS,skip,0.0,0,4.9214,0.0,0.0,False
2023-12-01,V,buy_call,1.1582,1,1.6457,0.4875,0.004875,False
2023-12-01,VRTX,buy_call,2.3235,1,14.6783,12.3548,0.123548,False
2023-12-01,VZ,buy_call,2.5714,1,-1.6436,-2.5714,-0.025714,False
2023-12-01,WFC,buy_call,2.5306,1,11.3676,8.8369,0.088369,False
2023-12-01,WM,buy_call,3.0,1,5.1767,2.1767,0.021767,False
2023-12-01,XOM,buy_call,2.3617,1,-1.7965,-2.3617,-0.023617,False
2023-12-01,ZTS,buy_call,2.3235,1,11.7168,9.3933,0.093933,False
2024-01-01,AAPL,skip,0.0,0,-4.2227,0.0,0.0,False
2024-01-01,ABBV,buy_call,2.2855,1,6.085,3.7995,0.037995,False
2024-01-01,ABNB,buy_call,3.0,1,5.8763,2.8763,0.028763,False
2024-01-01,ABT,buy_call,1.9862,1,2.7982,0.8121,0.008121,False
2024-01-01,ACN,buy_call,1.3617,1,3.6961,2.3344,0.023344,False
2024-01-01,ADBE,buy_call,3.0779,1,3.5501,0.4723,0.004723,False
2024-01-01,ADI,buy_call,3.1413,1,-2.666,-3.1413,-0.031413,False
2024-01-01,ADP,buy_call,2.9682,1,6.1381,3.1698,0.031698,False
2024-01-01,AMAT,buy_call,3.1413,1,1.3759,-1.7654,-0.017654,False
2024-01-01,AMD,buy_call,3.7024,1,13.7575,10.0552,0.100552,False
2024-01-01,AMGN,buy_call,2.2855,1,9.1105,6.825,0.06825,False
2024-01-01,AMZN,buy_call,4.1517,1,2.1456,-2.0061,-0.020061,False
2024-01-01,ANET,buy_call,3.0,1,9.8382,6.8382,0.068382,False
2024-01-01,AVGO,buy_call,3.1413,1,6.1972,3.0558,0.030558,False
2024-01-01,AXP,buy_call,2.2103,1,7.1528,4.9424,0.049424,False
2024-01-01,BA,buy_call,3.0,1,-19.0363,-3.0,-0.03,False
2024-01-01,BAC,buy_call,2.3226,1,1.0098,-1.3128,-0.013128,False
2024-01-01,BKNG,buy_call,3.0,1,-1.1206,-3.0,-0.03,False
2024-01-01,BLK,buy_call,1.5872,1,-3.9817,-1.5872,-0.015872,False
2024-01-01,BMY,skip,0.0,0,-4.7554,0.0,0.0,False
2024-01-01,BRK-B,buy_call,1.0567,1,7.5927,6.536,0.06536,False
2024-01-01,BSX,buy_call,1.9862,1,9.4274,7.4413,0.074413,False
2024-01-01,CAT,buy_call,3.1791,1,1.5693,-1.6098,-0.016098,False
2024-01-01,CMCSA,buy_call,3.1444,1,6.1345,2.9901,0.029901,False
2024-01-01,CMG,buy_call,3.0,1,5.3263,2.3263,0.023263,False
2024-01-01,COST,buy_call,1.9884,1,7.666,5.6776,0.056776,False
2024-01-01,CRM,buy_call,2.3658,1,6.8215,4.4557,0.044557,False
2024-01-01,CSCO,skip,0.0,0,-0.673,0.0,0.0,False
2024-01-01,CVS,buy_call,1.8948,1,-5.8131,-1.8948,-0.018948,False
2024-01-01,CVX,skip,0.0,0,-1.1598,0.0,0.0,False
2024-01-01,DE,skip,0.0,0,-1.2114,0.0,0.0,False
2024-01-01,DHR,buy_call,1.9862,1,3.8115,1.8253,0.018253,False
2024-01-01,DUK,buy_call,1.8493,1,-1.2469,-1.8493,-0.018493,False
2024-01-01,ELV,buy_call,1.8948,1,4.9615,3.0667,0.030667,False
2024-01-01,EQIX,buy_call,2.9682,1,3.0271,0.0589,0.000589,False
2024-01-01,ETN,buy_call,3.1791,1,2.1842,-0.9949,-0.009949,False
2024-01-01,GE,buy_call,3.1791,1,3.8182,0.6391,0.006391,False
2024-01-01,GILD,buy_call,2.2855,1,-2.5147,-2.2855,-0.022855,False
2024-01-01,GOOGL,buy_call,2.9813,1,0.2935,-2.6878,-0.026878,False
2024-01-01,GS,buy_call,1.5872,1,-0.4562,-1.5872,-0.015872,False
2024-01-01,HD,buy_call,1.7864,1,1.8497,0.0632,0.000632,False
2024-01-01,HON,buy_call,2.9682,1,-3.5525,-2.9682,-0.029682,False
2024-01-01,IBM,buy_call,2.9682,1,12.2959,9.3277,0.093277,False
2024-01-01,ICE,buy_call,3.0,1,-0.5021,-3.0,-0.03,False
2024-01-01,INTC,buy_call,3.1413,1,-14.2686,-3.1413,-0.031413,False
2024-01-01,INTU,buy_call,2.4833,1,1.0079,-1.4754,-0.014754,False
2024-01-01,ISRG,skip,0.0,0,12.1117,0.0,0.0,False
2024-01-01,JNJ,skip,0.0,0,1.3781,0.0,0.0,False
2024-01-01,JPM,buy_call,1.5872,1,2.5044,0.9172,0.009172,False
2024-01-01,KLAC,buy_call,3.1413,1,2.1916,-0.9497,-0.009497,False
2024-01-01,KO,buy_call,1.8493,1,0.9503,-0.899,-0.00899,False
2024-01-01,LLY,buy_call,3.7405,1,10.7545,7.014,0.07014,False
2024-01-01,LMT,skip,0.0,0,-5.2577,0.0,0.0,False
2024-01-01,LOW,skip,0.0,0,-4.3631,0.0,0.0,False
2024-01-01,LRCX,buy_call,3.1413,1,5.6379,2.4966,0.024966,False
2024-01-01,MA,buy_call,2.2103,1,5.327,3.1166,0.031166,False
2024-01-01,MCD,buy_call,1.8493,1,-1.2782,-1.8493,-0.018493,False
2024-01-01,MCK,buy_call,3.0,1,7.9723,4.9723,0.049723,False
2024-01-01,MDLZ,buy_call,1.8708,1,4.5363,2.6655,0.026655,False
2024-01-01,MDT,skip,0.0,0,7.1538,0.0,0.0,False
2024-01-01,META,buy_call,4.7242,1,10.2215,5.4973,0.054973,False
2024-01-01,MRK,skip,0.0,0,11.5892,0.0,0.0,False
2024-01-01,MS,buy_call,1.5872,1,-6.445,-1.5872,-0.015872,False
2024-01-01,MSFT,buy_call,3.0779,1,5.7281,2.6503,0.026503,False
2024-01-01,MU,buy_call,3.7024,1,0.615,-3.0874,-0.030874,False
2024-01-01,NEE,skip,0.0,0,-3.4738,0.0,0.0,False
2024-01-01,NFLX,buy_call,5.0274,1,15.8622,10.8348,0.108348,False
2024-01-01,NKE,skip,0.0,0,-6.1695,0.0,0.0,False
2024-01-01,NOW,buy_call,3.373,1,8.3384,4.9654,0.049654,False
2024-01-01,NVDA,buy_call,3.7024,1,24.2527,20.5503,0.205503,False
2024-01-01,ORCL,skip,0.0,0,5.9471,0.0,0.0,False
2024-01-01,PANW,buy_call,2.3658,1,14.7959,12.4301,0.124301,False
2024-01-01,PEP,skip,0.0,0,-0.7713,0.0,0.0,False
2024-01-01,PG,skip,0.0,0,7.2335,0.0,0.0,False
2024-01-01,PGR,buy_call,1.5872,1,11.9099,10.3226,0.103226,False
2024-01-01,PLD,buy_call,2.9682,1,-4.3519,-2.9682,-0.029682,False
2024-01-01,PM,skip,0.0,0,-2.0973,0.0,0.0,False
2024-01-01,QCOM,buy_call,3.6031,1,2.6827,-0.9204,-0.009204,False
2024-01-01,SBUX,skip,0.0,0,-3.1038,0.0,0.0,False
2024-01-01,SCHW,buy_call,1.5872,1,-8.5465,-1.5872,-0.015872,False
2024-01-01,SO,buy_call,1.8493,1,-0.8557,-1.8493,-0.018493,False
2024-01-01,SPGI,buy_call,1.5872,1,1.7774,0.1902,0.001902,False
2024-01-01,SYK,skip,0.0,0,12.3289,0.0,0.0,False
2024-01-01,TJX,buy_call,1.4631,1,1.1726,-0.2905,-0.002905,False
2024-01-01,TMO,buy_call,2.4981,1,1.6116,-0.8865,-0.008865,False
2024-01-01,TMUS,buy_call,3.1444,1,0.5613,-2.5831,-0.025831,False
2024-01-01,TSLA,skip,0.0,0,-24.6257,0.0,0.0,False
2024-01-01,TXN,skip,0.0,0,-6.066,0.0,0.0,False
2024-01-01,UBER,buy_call,3.0,1,6.0094,3.0094,0.030094,False
2024-01-01,UNH,buy_call,1.8948,1,-2.4663,-1.8948,-0.018948,False
2024-01-01,UNP,buy_call,3.1791,1,-0.1308,-3.1791,-0.031791,False
2024-01-01,V,buy_call,1.8319,1,4.9587,3.1269,0.031269,False
2024-01-01,VRTX,buy_call,2.2855,1,6.5104,4.2248,0.042248,False
2024-01-01,VZ,buy_call,3.1444,1,12.3342,9.1898,0.091898,False
2024-01-01,WFC,buy_call,2.5815,1,1.9504,-0.6311,-0.006311,False
2024-01-01,WM,buy_call,3.0,1,3.646,0.646,0.00646,False
2024-01-01,XOM,skip,0.0,0,2.8306,0.0,0.0,False
2024-01-01,ZTS,buy_call,2.2855,1,-4.8437,-2.2855,-0.022855,False
2024-02-01,AAPL,skip,0.0,0,-1.9794,0.0,0.0,False
2024-02-01,ABBV,buy_call,1.0895,1,8.1095,7.02,0.0702,False
2024-02-01,ABNB,skip,0.0,0,9.248,0.0,0.0,False
2024-02-01,ABT,buy_call,2.0209,1,5.3585,3.3376,0.033376,False
2024-02-01,ACN,buy_call,1.9765,1,3.3716,1.3951,0.013951,False
2024-02-01,ADBE,buy_call,2.2274,1,-9.3075,-2.2274,-0.022274,False
2024-02-01,ADI,skip,0.0,0,-0.2807,0.0,0.0,False
2024-02-01,ADP,buy_call,2.6312,1,2.1767,-0.4544,-0.004544,False
2024-02-01,AMAT,buy_call,4.1737,1,22.7145,18.5409,0.185409,False
2024-02-01,AMD,buy_call,6.8772,1,14.813,7.9359,0.079359,False
2024-02-01,AMGN,buy_call,1.0895,1,-12.8651,-1.0895,-0.010895,False
2024-02-01,AMZN,buy_call,2.9065,1,13.8918,10.9852,0.109852,False
2024-02-01,ANET,buy_call,3.0,1,7.2909,4.2909,0.042909,False
2024-02-01,AVGO,buy_call,4.1737,1,10.211,6.0373,0.060373,False
2024-02-01,AXP,buy_call,1.7687,1,9.6587,7.89,0.0789,False
2024-02-01,BA,skip,0.0,0,-3.4685,0.0,0.0,False
2024-02-01,BAC,buy_call,2.7758,1,1.4996,-1.2763,-0.012763,False
2024-02-01,BKNG,buy_call,3.0,1,-1.1016,-3.0,-0.03,False
2024-02-01,BLK,buy_call,2.097,1,4.7823,2.6853,0.026853,False
2024-02-01,BMY,skip,0.0,0,5.0521,0.0,0.0,False
2024-02-01,BRK-B,buy_call,1.3467,1,6.6868,5.3401,0.053401,False
2024-02-01,BSX,buy_call,2.0209,1,4.6633,2.6424,0.026424,False
2024-02-01,CAT,buy_call,2.8954,1,11.7203,8.8249,0.088249,False
2024-02-01,CMCSA,buy_call,1.272,1,-7.3157,-1.272,-0.01272,False
2024-02-01,CMG,buy_call,3.0,1,11.6242,8.6242,0.086242,False
2024-02-01,COST,buy_call,2.5786,1,7.053,4.4744,0.044744,False
2024-02-01,CRM,buy_call,4.4342,1,9.8652,5.4309,0.054309,False
2024-02-01,CSCO,skip,0.0,0,-2.8569,0.0,0.0,False
2024-02-01,CVS,buy_call,1.8242,1,0.9083,-0.9159,-0.009159,False
2024-02-01,CVX,skip,0.0,0,3.1066,0.0,0.0,False
2024-02-01,DE,skip,0.0,0,-7.2488,0.0,0.0,False
2024-02-01,DHR,buy_call,2.0209,1,5.5146,3.4937,0.034937,False
2024-02-01,DUK,buy_call,2.2341,1,-4.1741,-2.2341,-0.022341,False
2024-02-01,ELV,buy_call,1.8242,1,1.5828,-0.2415,-0.002415,False
2024-02-01,EQIX,buy_call,2.6312,1,7.1164,4.4852,0.044852,False
2024-02-01,ETN,buy_call,2.8954,1,17.4415,14.546,0.14546,False
2024-02-01,GE,buy_call,2.8954,1,18.4791,15.5837,0.155837,False
2024-02-01,GILD,buy_call,1.0895,1,-7.8712,-1.0895,-0.010895,False
2024-02-01,GOOGL,buy_call,2.357,1,-1.1706,-2.357,-0.02357,False
2024-02-01,GS,buy_call,2.097,1,1.3125,-0.7845,-0.007845,False
2024-02-01,HD,buy_call,2.6683,1,7.8337,5.1654,0.051654,False
2024-02-01,HON,buy_call,2.6312,1,-1.7453,-2.6312,-0.026312,False
2024-02-01,IBM,buy_call,2.6312,1,0.746,-1.8852,-0.018852,False
2024-02-01,ICE,buy_call,3.0,1,8.7097,5.7097,0.057097,False
2024-02-01,INTC,buy_call,4.1737,1,-0.0696,-4.1737,-0.041737,False
2024-02-01,INTU,buy_call,3.5689,1,5.1571,1.5882,0.015882,False
2024-02-01,ISRG,buy_call,2.0209,1,1.9512,-0.0696,-0.000696,False
2024-02-01,JNJ,skip,0.0,0,1.5607,0.0,0.0,False
2024-02-01,JPM,buy_call,2.097,1,7.3682,5.2712,0.052712,False
2024-02-01,KLAC,buy_call,4.1737,1,14.8576,10.6839,0.106839,False
2024-02-01,KO,skip,0.0,0,0.8909,0.0,0.0,False
2024-02-01,LLY,buy_call,3.2683,1,16.7392,13.4709,0.134709,False
2024-02-01,LMT,skip,0.0,0,-0.2725,0.0,0.0,False
2024-02-01,LOW,skip,0.0,0,13.6441,0.0,0.0,False
2024-02-01,LRCX,buy_call,4.1737,1,13.7038,9.5301,0.095301,False
2024-02-01,MA,buy_call,1.7687,1,5.8496,4.0809,0.040809,False
2024-02-01,MCD,buy_call,2.2341,1,-0.1503,-2.2341,-0.022341,False
2024-02-01,MCK,buy_call,3.0,1,4.3049,1.3049,0.013049,False
2024-02-01,MDLZ,buy_call,1.4038,1,-2.9228,-1.4038,-0.014038,False
2024-02-01,MDT,buy_call,2.0209,1,-4.775,-2.0209,-0.020209,False
2024-02-01,META,buy_call,3.2922,1,25.6293,22.337,0.22337,False
2024-02-01,MRK,buy_call,3.0988,1,5.274,2.1752,0.021752,False
2024-02-01,MS,skip,0.0,0,-0.4094,0.0,0.0,False
2024-02-01,MSFT,buy_call,2.2274,1,4.0394,1.812,0.01812,False
2024-02-01,MU,buy_call,6.8772,1,5.6677,-1.2095,-0.012095,False
2024-02-01,NEE,skip,0.0,0,-5.8673,0.0,0.0,False
2024-02-01,NFLX,buy_call,3.056,1,6.8799,3.8238,0.038238,False
2024-02-01,NKE,skip,0.0,0,2.3638,0.0,0.0,False
2024-02-01,NOW,buy_call,4.0949,1,0.7761,-3.3188,-0.033188,False
2024-02-01,NVDA,buy_call,6.8772,1,28.5809,21.7038,0.217038,False
2024-02-01,ORCL,skip,0.0,0,0.3695,0.0,0.0,False
2024-02-01,PANW,buy_call,4.4342,1,-8.2597,-4.4342,-0.044342,False
2024-02-01,PEP,skip,0.0,0,-1.8928,0.0,0.0,False
2024-02-01,PG,buy_call,1.9982,1,1.7843,-0.214,-0.00214,False
2024-02-01,PGR,buy_call,2.097,1,6.8798,4.7827,0.047827,False
2024-02-01,PLD,buy_call,2.6312,1,5.1938,2.5626,0.025626,False
2024-02-01,PM,skip,0.0,0,-0.9796,0.0,0.0,False
2024-02-01,QCOM,buy_call,4.0418,1,6.2487,2.2069,0.022069,False
2024-02-01,SBUX,skip,0.0,0,2.0101,0.0,0.0,False
2024-02-01,SCHW,skip,0.0,0,6.1348,0.0,0.0,False
2024-02-01,SO,skip,0.0,0,-3.2653,0.0,0.0,False
2024-02-01,SPGI,buy_call,2.097,1,-4.4541,-2.097,-0.02097,False
2024-02-01,SYK,buy_call,2.0209,1,4.0509,2.03,0.0203,False
2024-02-01,TJX,buy_call,2.4754,1,4.4568,1.9814,0.019814,False
2024-02-01,TMO,skip,0.0,0,5.7887,0.0,0.0,False
2024-02-01,TMUS,buy_call,1.272,1,1.2839,0.0119,0.000119,False
2024-02-01,TSLA,skip,0.0,0,7.7901,0.0,0.0,False
2024-02-01,TXN,skip,0.0,0,5.3275,0.0,0.0,False
2024-02-01,UBER,buy_call,3.0,1,21.8018,18.8018,0.188018,False
2024-02-01,UNH,buy_call,1.8242,1,-3.5448,-1.8242,-0.018242,False
2024-02-01,UNP,buy_call,2.8954,1,4.0012,1.1057,0.011057,False
2024-02-01,V,buy_call,1.7908,1,3.4326,1.6418,0.016418,False
2024-02-01,VRTX,buy_call,1.0895,1,-2.9166,-1.0895,-0.010895,False
2024-02-01,VZ,buy_call,1.272,1,-3.9082,-1.272,-0.01272,False
2024-02-01,WFC,buy_call,3.3288,1,10.7812,7.4523,0.074523,False
2024-02-01,WM,buy_call,3.0,1,10.7849,7.7849,0.077849,False
2024-02-01,XOM,skip,0.0,0,1.6633,0.0,0.0,False
2024-02-01,ZTS,buy_call,1.0895,1,5.8409,4.7514,0.047514,False
2024-03-01,AAPL,skip,0.0,0,-5.0076,0.0,0.0,False
2024-03-01,ABBV,buy_call,2.6018,1,3.4365,0.8347,0.008347,False
2024-03-01,ABNB,buy_call,3.0,1,4.7565,1.7565,0.017565,False
2024-03-01,ABT,buy_call,1.6425,1,-4.1976,-1.6425,-0.016425,False
2024-03-01,ACN,buy_call,3.4196,1,-7.5164,-3.4196,-0.034196,False
2024-03-01,ADBE,buy_call,1.9021,1,-9.9379,-1.9021,-0.019021,False
2024-03-01,ADI,buy_call,3.826,1,3.1123,-0.7137,-0.007137,False
2024-03-01,ADP,skip,0.0,0,-0.5535,0.0,0.0,False
2024-03-01,AMAT,buy_call,3.826,1,2.4598,-1.3661,-0.013661,False
2024-03-01,AMD,buy_call,6.6188,1,-6.2536,-6.6188,-0.066188,False
2024-03-01,AMGN,buy_call,2.6018,1,4.6425,2.0407,0.020407,False
2024-03-01,AMZN,buy_call,2.7545,1,2.048,-0.7065,-0.007065,False
2024-03-01,ANET,buy_call,3.0,1,4.4822,1.4822,0.014822,False
2024-03-01,AVGO,buy_call,3.826,1,1.9162,-1.9098,-0.019098,False
2024-03-01,AXP,buy_call,1.714,1,3.769,2.0551,0.020551,False
2024-03-01,BA,skip,0.0,0,-5.267,0.0,0.0,False
2024-03-01,BAC,buy_call,2.2194,1,10.6232,8.4038,0.084038,False
2024-03-01,BKNG,buy_call,3.0,1,4.5851,1.5851,0.015851,False
2024-03-01,BLK,buy_call,3.2906,1,2.7559,-0.5346,-0.005346,False
2024-03-01,BMY,skip,0.0,0,6.8571,0.0,0.0,False
2024-03-01,BRK-B,buy_call,1.2235,1,2.7162,1.4927,0.014927,False
2024-03-01,BSX,buy_call,1.6425,1,3.4436,1.8011,0.018011,False
2024-03-01,CAT,buy_call,1.885,1,9.7227,7.8378,0.078378,False
2024-03-01,CMCSA,skip,0.0,0,1.1669,0.0,0.0,False
2024-03-01,CMG,buy_call,3.0,1,8.1078,5.1078,0.051078,False
2024-03-01,COST,buy_call,1.5812,1,-1.3689,-1.5812,-0.015812,False
2024-03-01,CRM,buy_call,2.8787,1,-2.4739,-2.8787,-0.028787,False
2024-03-01,CSCO,skip,0.0,0,3.1838,0.0,0.0,False
2024-03-01,CVS,buy_call,1.8072,1,7.2475,5.4403,0.054403,False
2024-03-01,CVX,skip,0.0,0,4.9018,0.0,0.0,False
2024-03-01,DE,skip,0.0,0,12.5161,0.0,0.0,False
2024-03-01,DHR,buy_call,1.6425,1,-1.351,-1.6425,-0.016425,False
2024-03-01,DUK,buy_call,1.1315,1,6.5094,5.3778,0.053778,False
2024-03-01,ELV,buy_call,1.8072,1,3.4494,1.6421,0.016421,False
2024-03-01,EQIX,buy_call,1.4367,1,-6.6902,-1.4367,-0.014367,False
2024-03-01,ETN,buy_call,1.885,1,8.1938,6.3088,0.063088,False
2024-03-01,GE,buy_call,1.885,1,11.8809,9.996,0.09996,False
2024-03-01,GILD,skip,0.0,0,1.595,0.0,0.0,False
2024-03-01,GOOGL,buy_call,2.7278,1,9.0062,6.2784,0.062784,False
2024-03-01,GS,buy_call,3.2906,1,8.1224,4.8318,0.048318,False
2024-03-01,HD,buy_call,1.4955,1,0.7856,-0.7099,-0.007099,False
2024-03-01,HON,buy_call,1.4367,1,3.8485,2.4118,0.024118,False
2024-03-01,IBM,buy_call,1.4367,1,4.1458,2.7091,0.027091,False
2024-03-01,ICE,buy_call,3.0,1,-0.7152,-3.0,-0.03,False
2024-03-01,INTC,buy_call,3.826,1,2.9024,-0.9236,-0.009236,False
2024-03-01,INTU,buy_call,2.6726,1,-1.9445,-2.6726,-0.026726,False
2024-03-01,ISRG,buy_call,1.6425,1,3.4984,1.856,0.01856,False
2024-03-01,JNJ,buy_call,1.061,1,-1.2325,-1.061,-0.01061,False
2024-03-01,JPM,buy_call,3.2906,1,7.6535,4.3629,0.043629,False
2024-03-01,KLAC,buy_call,3.826,1,2.6121,-1.2138,-0.012138,False
2024-03-01,KO,buy_call,1.1315,1,1.9327,0.8012,0.008012,False
2024-03-01,LLY,buy_call,2.9483,1,3.4025,0.4542,0.004542,False
2024-03-01,LMT,skip,0.0,0,6.9978,0.0,0.0,False
2024-03-01,LOW,buy_call,1.4955,1,5.842,4.3465,0.043465,False
2024-03-01,LRCX,buy_call,3.826,1,3.5513,-0.2747,-0.002747,False
2024-03-01,MA,buy_call,1.714,1,1.4344,-0.2796,-0.002796,False
2024-03-01,MCD,buy_call,1.1315,1,-2.9854,-1.1315,-0.011315,False
2024-03-01,MCK,buy_call,3.0,1,3.0833,0.0833,0.000833,False
2024-03-01,MDLZ,buy_call,1.1351,1,-4.2015,-1.1351,-0.011351,False
2024-03-01,MDT,buy_call,1.6425,1,4.5465,2.9041,0.029041,False
2024-03-01,META,buy_call,3.0989,1,-0.8232,-3.0989,-0.030989,False
2024-03-01,MRK,buy_call,2.1433,1,3.7751,1.6318,0.016318,False
2024-03-01,MS,buy_call,3.2906,1,9.4375,6.1469,0.061469,False
2024-03-01,MSFT,buy_call,1.9021,1,1.8997,-0.0024,-2.4e-05,False
2024-03-01,MU,buy_call,6.6188,1,30.107,23.4882,0.234882,False
2024-03-01,NEE,skip,0.0,0,16.8599,0.0,0.0,False
2024-03-01,NFLX,buy_call,2.8118,1,0.7314,-2.0804,-0.020804,False
2024-03-01,NKE,buy_call,4.5392,1,-9.5737,-4.5392,-0.045392,False
2024-03-01,NOW,buy_call,2.5435,1,-1.159,-2.5435,-0.025435,False
2024-03-01,NVDA,buy_call,6.6188,1,14.2128,7.5939,0.075939,False
2024-03-01,ORCL,skip,0.0,0,12.4732,0.0,0.0,False
2024-03-01,PANW,buy_call,2.8787,1,-8.5075,-2.8787,-0.028787,False
2024-03-01,PEP,skip,0.0,0,6.6563,0.0,0.0,False
2024-03-01,PG,buy_call,0.757,1,2.0825,1.3255,0.013255,False
2024-03-01,PGR,buy_call,3.2906,1,9.1053,5.8147,0.058147,False
2024-03-01,PLD,buy_call,1.4367,1,-2.2886,-1.4367,-0.014367,False
2024-03-01,PM,skip,0.0,0,1.8453,0.0,0.0,False
2024-03-01,QCOM,buy_call,3.0733,1,7.8395,4.7662,0.047662,False
2024-03-01,SBUX,skip,0.0,0,-3.1192,0.0,0.0,False
2024-03-01,SCHW,buy_call,3.2906,1,8.7614,5.4708,0.054708,False
2024-03-01,SO,buy_call,1.1315,1,7.8058,6.6742,0.066742,False
2024-03-01,SPGI,buy_call,3.2906,1,-0.4773,-3.2906,-0.032906,False
2024-03-01,SYK,buy_call,1.6425,1,2.521,0.8785,0.008785,False
2024-03-01,TJX,buy_call,1.5261,1,2.6487,1.1226,0.011226,False
2024-03-01,TMO,buy_call,2.0853,1,1.9345,-0.1509,-0.001509,False
2024-03-01,TMUS,buy_call,2.6549,1,0.3492,-2.3057,-0.023057,False
2024-03-01,TSLA,skip,0.0,0,-12.9235,0.0,0.0,False
2024-03-01,TXN,buy_call,3.826,1,4.1117,0.2857,0.002857,False
2024-03-01,UBER,buy_call,3.0,1,-3.1572,-3.0,-0.03,False
2024-03-01,UNH,buy_call,1.8072,1,0.2229,-1.5843,-0.015843,False
2024-03-01,UNP,buy_call,1.885,1,-2.5587,-1.885,-0.01885,False
2024-03-01,V,buy_call,1.4587,1,-1.0754,-1.4587,-0.014587,False
2024-03-01,VRTX,buy_call,2.6018,1,-0.6489,-2.6018,-0.026018,False
2024-03-01,VZ,buy_call,2.6549,1,4.8476,2.1926,0.021926,False
2024-03-01,WFC,buy_call,3.309,1,4.9957,1.6867,0.016867,False
2024-03-01,WM,buy_call,3.0,1,3.647,0.647,0.00647,False
2024-03-01,XOM,skip,0.0,0,12.2467,0.0,0.0,False
2024-03-01,ZTS,buy_call,2.6018,1,-14.6826,-2.6018,-0.026018,False
2024-04-01,AAPL,buy_call,3.7837,1,-0.6706,-3.7837,-0.037837,False
2024-04-01,ABBV,buy_call,2.3047,1,-10.6864,-2.3047,-0.023047,False
2024-04-01,ABNB,buy_call,3.0,1,-3.8737,-3.0,-0.03,False
2024-04-01,ABT,buy_call,2.2812,1,-6.7658,-2.2812,-0.022812,False
2024-04-01,ACN,buy_call,2.5512,1,-13.1848,-2.5512,-0.025512,False
2024-04-01,ADBE,skip,0.0,0,-8.2778,0.0,0.0,False
2024-04-01,ADI,buy_call,4.0334,1,1.9037,-2.1297,-0.021297,False
2024-04-01,ADP,buy_call,3.8731,1,-2.5838,-3.8731,-0.038731,False
2024-04-01,AMAT,buy_call,4.0334,1,-3.6755,-4.0334,-0.040334,False
2024-04-01,AMD,buy_call,4.6465,1,-12.25,-4.6465,-0.046465,False
2024-04-01,AMGN,buy_call,2.3047,1,-3.6508,-2.3047,-0.023047,False
2024-04-01,AMZN,buy_call,4.8348,1,-2.9826,-4.8348,-0.048348,False
2024-04-01,ANET,buy_call,3.0,1,-11.5249,-3.0,-0.03,False
2024-04-01,AVGO,buy_call,4.0334,1,-1.479,-4.0334,-0.040334,False
2024-04-01,AXP,buy_call,2.8751,1,2.7845,-0.0906,-0.000906,False
2024-04-01,BA,buy_call,3.0,1,-13.0318,-3.0,-0.03,False
2024-04-01,BAC,buy_call,3.1544,1,-2.3998,-3.1544,-0.031544,False
2024-04-01,BKNG,buy_call,3.0,1,-4.6037,-3.0,-0.03,False
2024-04-01,BLK,buy_call,2.8168,1,-8.9213,-2.8168,-0.028168,False
2024-04-01,BMY,skip,0.0,0,-18.9747,0.0,0.0,False
2024-04-01,BRK-B,buy_call,1.7192,1,-5.6573,-1.7192,-0.017192,False
2024-04-01,BSX,buy_call,2.2812,1,4.935,2.6538,0.026538,False
2024-04-01,CAT,buy_call,2.6621,1,-8.6947,-2.6621,-0.026621,False
2024-04-01,CMCSA,skip,0.0,0,-12.0877,0.0,0.0,False
2024-04-01,CMG,buy_call,3.0,1,8.698,5.698,0.05698,False
2024-04-01,COST,buy_call,2.2178,1,-1.3281,-2.2178,-0.022178,False
2024-04-01,CRM,buy_call,3.7596,1,-10.5879,-3.7596,-0.037596,False
2024-04-01,CSCO,skip,0.0,0,-5.8706,0.0,0.0,False
2024-04-01,CVS,buy_call,3.0924,1,-15.1078,-3.0924,-0.030924,False
2024-04-01,CVX,skip,0.0,0,2.2379,0.0,0.0,False
2024-04-01,DE,buy_call,2.6621,1,-4.3533,-2.6621,-0.026621,False
2024-04-01,DHR,buy_call,2.2812,1,-1.134,-2.2812,-0.022812,False
2024-04-01,DUK,buy_call,1.5232,1,1.6027,0.0795,0.000795,False
2024-04-01,ELV,buy_call,3.0924,1,2.2664,-0.826,-0.00826,False
2024-04-01,EQIX,buy_call,3.8731,1,-13.8393,-3.8731,-0.038731,False
2024-04-01,ETN,buy_call,2.6621,1,2.1033,-0.5588,-0.005588,False
2024-04-01,GE,buy_call,2.6621,1,15.5133,12.8512,0.128512,False
2024-04-01,GILD,skip,0.0,0,-10.078,0.0,0.0,False
2024-04-01,GOOGL,buy_call,4.0101,1,7.8513,3.8412,0.038412,False
2024-04-01,GS,buy_call,2.8168,1,2.1595,-0.6573,-0.006573,False
2024-04-01,HD,buy_call,2.6686,1,-12.3517,-2.6686,-0.026686,False
2024-04-01,HON,buy_call,3.8731,1,-6.0999,-3.8731,-0.038731,False
2024-04-01,IBM,buy_call,3.8731,1,-12.9661,-3.8731,-0.038731,False
2024-04-01,ICE,buy_call,3.0,1,-6.0009,-3.0,-0.03,False
2024-04-01,INTC,buy_call,4.0334,1,-31.0165,-4.0334,-0.040334,False
2024-04-01,INTU,buy_call,2.3819,1,-3.7508,-2.3819,-0.023819,False
2024-04-01,ISRG,buy_call,2.2812,1,-7.1337,-2.2812,-0.022812,False
2024-04-01,JNJ,buy_call,3.1246,1,-8.5973,-3.1246,-0.031246,False
2024-04-01,JPM,buy_call,2.8168,1,-4.2736,-2.8168,-0.028168,False
2024-04-01,KLAC,buy_call,4.0334,1,-1.3284,-4.0334,-0.040334,False
2024-04-01,KO,buy_call,1.5232,1,1.7719,0.2487,0.002487,False
2024-04-01,LLY,buy_call,3.5202,1,0.4036,-3.1165,-0.031165,False
2024-04-01,LMT,buy_call,2.6621,1,2.2116,-0.4505,-0.004505,False
2024-04-01,LOW,buy_call,2.6686,1,-10.4974,-2.6686,-0.026686,False
2024-04-01,LRCX,buy_call,4.0334,1,-7.7436,-4.0334,-0.040334,False
2024-04-01,MA,buy_call,2.8751,1,-6.3065,-2.8751,-0.028751,False
2024-04-01,MCD,buy_call,1.5232,1,-3.1601,-1.5232,-0.015232,False
2024-04-01,MCK,buy_call,3.0,1,0.067,-2.933,-0.02933,False
2024-04-01,MDLZ,buy_call,1.6302,1,3.3989,1.7687,0.017687,False
2024-04-01,MDT,buy_call,2.2812,1,-7.1667,-2.2812,-0.022812,False
2024-04-01,META,buy_call,5.5055,1,-11.4111,-5.5055,-0.055055,False
2024-04-01,MRK,buy_call,2.3279,1,-1.4478,-2.3279,-0.023279,False
2024-04-01,MS,buy_call,2.8168,1,-3.5259,-2.8168,-0.028168,False
2024-04-01,MSFT,buy_call,2.8042,1,-7.461,-2.8042,-0.028042,False
2024-04-01,MU,buy_call,4.6465,1,-4.0894,-4.6465,-0.046465,False
2024-04-01,NEE,buy_call,1.5232,1,4.788,3.2648,0.032648,False
2024-04-01,NFLX,buy_call,5.5605,1,-9.3343,-5.5605,-0.055605,False
2024-04-01,NKE,skip,0.0,0,-1.4794,0.0,0.0,False
2024-04-01,NOW,buy_call,4.6734,1,-9.0595,-4.6734,-0.046734,False
2024-04-01,NVDA,buy_call,4.6465,1,-4.3715,-4.6465,-0.046465,False
2024-04-01,ORCL,buy_call,2.5045,1,-9.4419,-2.5045,-0.025045,False
2024-04-01,PANW,buy_call,3.7596,1,2.3792,-1.3804,-0.013804,False
2024-04-01,PEP,buy_call,1.6302,1,0.5143,-1.1159,-0.011159,False
2024-04-01,PG,buy_call,1.987,1,0.5855,-1.4015,-0.014015,False
2024-04-01,PGR,buy_call,2.8168,1,0.6914,-2.1254,-0.021254,False
2024-04-01,PLD,buy_call,3.8731,1,-21.053,-3.8731,-0.038731,False
2024-04-01,PM,buy_call,1.6302,1,5.0616,3.4314,0.034314,False
2024-04-01,QCOM,buy_call,5.0236,1,-2.0378,-5.0236,-0.050236,False
2024-04-01,SBUX,buy_call,1.5232,1,-3.1732,-1.5232,-0.015232,False
2024-04-01,SCHW,buy_call,2.8168,1,2.2256,-0.5912,-0.005912,False
2024-04-01,SO,buy_call,1.5232,1,2.4533,0.9301,0.009301,False
2024-04-01,SPGI,buy_call,2.8168,1,-2.2611,-2.8168,-0.028168,False
2024-04-01,SYK,buy_call,2.2812,1,-5.7562,-2.2812,-0.022812,False
2024-04-01,TJX,buy_call,1.8021,1,-7.2274,-1.8021,-0.018021,False
2024-04-01,TMO,buy_call,3.3104,1,-2.0846,-3.3104,-0.033104,False
2024-04-01,TMUS,buy_call,3.0677,1,0.582,-2.4857,-0.024857,False
2024-04-01,TSLA,skip,0.0,0,4.2608,0.0,0.0,False
2024-04-01,TXN,buy_call,4.0334,1,1.2686,-2.7649,-0.027649,False
2024-04-01,UBER,buy_call,3.0,1,-13.9239,-3.0,-0.03,False
2024-04-01,UNH,skip,0.0,0,-1.8381,0.0,0.0,False
2024-04-01,UNP,buy_call,2.6621,1,-3.5661,-2.6621,-0.026621,False
2024-04-01,V,buy_call,2.2374,1,-3.7516,-2.2374,-0.022374,False
2024-04-01,VRTX,buy_call,2.3047,1,-6.0286,-2.3047,-0.023047,False
2024-04-01,VZ,buy_call,3.0677,1,-5.8866,-3.0677,-0.030677,False
2024-04-01,WFC,buy_call,2.9953,1,2.3465,-0.6488,-0.006488,False
2024-04-01,WM,buy_call,3.0,1,-2.0586,-3.0,-0.03,False
2024-04-01,XOM,buy_call,2.6621,1,1.7464,-0.9157,-0.009157,False
2024-04-01,ZTS,skip,0.0,0,-5.8921,0.0,0.0,False
2024-05-01,AAPL,buy_call,1.3973,2,12.8691,11.4719,0.229438,True
2024-05-01,ABBV,buy_call,1.4263,2,0.0651,-1.3613,-0.027226,True
2024-05-01,ABNB,buy_call,3.0,2,-8.6019,-3.0,-0.06,True
2024-05-01,ABT,buy_call,2.072,2,-3.0888,-2.072,-0.04144,True
2024-05-01,ACN,buy_call,1.5458,2,-5.8247,-1.5458,-0.030916,True
2024-05-01,ADBE,skip,0.0,0,-3.9042,0.0,0.0,True
2024-05-01,ADI,buy_call,3.8759,2,16.8885,13.0126,0.260252,True
2024-05-01,ADP,buy_call,2.6104,2,1.2526,-1.3578,-0.027156,True
2024-05-01,AMAT,buy_call,3.8759,2,8.2709,4.395,0.0879,True
2024-05-01,AMD,buy_call,6.5948,2,5.3795,-1.2153,-0.024306,True
2024-05-01,AMGN,buy_call,1.4263,2,11.6485,10.2222,0.204444,True
2024-05-01,AMZN,buy_call,1.9971,2,0.8229,-1.1742,-0.023484,True
2024-05-01,ANET,buy_call,3.0,2,16.0157,13.0157,0.260314,True
2024-05-01,AVGO,buy_call,3.8759,2,2.1749,-1.7009,-0.034018,True
2024-05-01,AXP,buy_call,2.7116,2,2.8687,0.1571,0.003142,True
2024-05-01,BA,skip,0.0,0,5.821,0.0,0.0,True
2024-05-01,BAC,buy_call,1.922,2,8.0519,6.1299,0.122598,True
2024-05-01,BKNG,buy_call,3.0,2,9.3951,6.3951,0.127902,True
2024-05-01,BLK,buy_call,0.9782,2,2.3044,1.3262,0.026524,True
2024-05-01,BMY,skip,0.0,0,-5.3983,0.0,0.0,True
2024-05-01,BRK-B,buy_call,1.1652,2,4.4539,3.2887,0.065774,True
2024-05-01,BSX,buy_call,2.072,2,5.1482,3.0762,0.061524,True
2024-05-01,CAT,buy_call,2.3082,2,1.5494,-0.7588,-0.015176,True
2024-05-01,CMCSA,skip,0.0,0,5.8139,0.0,0.0,True
2024-05-01,CMG,buy_call,3.0,2,-0.952,-3.0,-0.06,True
2024-05-01,COST,buy_call,2.5636,2,12.2133,9.6497,0.192994,True
2024-05-01,CRM,buy_call,4.8256,2,-12.8281,-4.8256,-0.096512,True
2024-05-01,CSCO,skip,0.0,0,-0.2131,0.0,0.0,True
2024-05-01,CVS,skip,0.0,0,-11.1258,0.0,0.0,True
2024-05-01,CVX,buy_call,2.9867,2,0.6387,-2.348,-0.04696,True
2024-05-01,DE,buy_call,2.3082,2,-4.2539,-2.3082,-0.046164,True
2024-05-01,DHR,buy_call,2.072,2,4.1278,2.0558,0.041116,True
2024-05-01,DUK,buy_call,1.274,2,5.404,4.13,0.0826,True
2024-05-01,ELV,buy_call,1.4773,2,1.873,0.3957,0.007914,True
2024-05-01,EQIX,skip,0.0,0,7.2942,0.0,0.0,True
2024-05-01,ETN,buy_call,2.3082,2,4.5843,2.2761,0.045522,True
2024-05-01,GE,buy_call,2.3082,2,2.2332,-0.075,-0.0015,True
2024-05-01,GILD,skip,0.0,0,-1.4264,0.0,0.0,True
2024-05-01,GOOGL,buy_call,3.033,2,5.9713,2.9383,0.058766,True
2024-05-01,GS,buy_call,0.9782,2,6.986,6.0078,0.120156,True
2024-05-01,HD,buy_call,2.7938,2,0.1945,-2.5993,-0.051986,True
2024-05-01,HON,buy_call,2.6104,2,4.9084,2.298,0.04596,True
2024-05-01,IBM,buy_call,2.6104,2,0.3911,-2.2193,-0.044386,True
2024-05-01,ICE,buy_call,3.0,2,3.9919,0.9919,0.019838,True
2024-05-01,INTC,skip,0.0,0,1.2471,0.0,0.0,True
2024-05-01,INTU,buy_call,3.2683,2,-7.7323,-3.2683,-0.065366,True
2024-05-01,ISRG,buy_call,2.072,2,8.4993,6.4273,0.128546,True
2024-05-01,JNJ,skip,0.0,0,1.4386,0.0,0.0,True
2024-05-01,JPM,buy_call,0.9782,2,6.296,5.3178,0.106356,True
2024-05-01,KLAC,buy_call,3.8759,2,10.1902,6.3143,0.126286,True
2024-05-01,KO,buy_call,1.274,2,1.8779,0.604,0.01208,True
2024-05-01,LLY,buy_call,2.8294,2,5.0237,2.1943,0.043886,True
2024-05-01,LMT,buy_call,2.3082,2,1.1636,-1.1446,-0.022892,True
2024-05-01,LOW,buy_call,2.7938,2,-2.4748,-2.7938,-0.055876,True
2024-05-01,LRCX,buy_call,3.8759,2,4.252,0.3761,0.007522,True
2024-05-01,MA,buy_call,2.7116,2,-0.7781,-2.7116,-0.054232,True
2024-05-01,MCD,buy_call,1.274,2,-5.1824,-1.274,-0.02548,True
2024-05-01,MCK,buy_call,3.0,2,6.0274,3.0274,0.060548,True
2024-05-01,MDLZ,buy_call,1.4806,2,-4.7401,-1.4806,-0.029612,True
2024-05-01,MDT,buy_call,2.072,2,1.4083,-0.6637,-0.013274,True
2024-05-01,META,buy_call,3.2884,2,8.5222,5.2338,0.104676,True
2024-05-01,MRK,buy_call,1.7208,2,-2.8479,-1.7208,-0.034416,True
2024-05-01,MS,buy_call,0.9782,2,8.7012,7.723,0.15446,True
2024-05-01,MSFT,buy_call,2.198,2,6.6268,4.4288,0.088576,True
2024-05-01,MU,buy_call,6.5948,2,10.6586,4.0639,0.081278,True
2024-05-01,NEE,buy_call,1.274,2,19.4864,18.2124,0.364248,True
2024-05-01,NFLX,buy_call,2.75,2,16.5226,13.7726,0.275452,True
2024-05-01,NKE,skip,0.0,0,3.0241,0.0,0.0,True
2024-05-01,NOW,buy_call,2.6034,2,-5.25,-2.6034,-0.052068,True
2024-05-01,NVDA,buy_call,6.5948,2,26.8871,20.2923,0.405846,True
2024-05-01,ORCL,buy_call,1.9954,2,3.3567,1.3613,0.027226,True
2024-05-01,PANW,buy_call,4.8256,2,1.382,-3.4436,-0.068872,True
2024-05-01,PEP,buy_call,1.4806,2,-1.7111,-1.4806,-0.029612,True
2024-05-01,PG,buy_call,0.8725,2,1.4721,0.5996,0.011992,True
2024-05-01,PGR,buy_call,0.9782,2,1.4553,0.4771,0.009542,True
2024-05-01,PLD,buy_call,2.6104,2,8.2704,5.66,0.1132,True
2024-05-01,PM,buy_call,1.4806,2,6.7832,5.3026,0.106052,True
2024-05-01,QCOM,buy_call,3.0194,2,23.0329,20.0135,0.40027,True
2024-05-01,SBUX,skip,0.0,0,-9.3457,0.0,0.0,True
2024-05-01,SCHW,buy_call,0.9782,2,-0.906,-0.9782,-0.019564,True
2024-05-01,SO,buy_call,1.274,2,9.034,7.76,0.1552,True
2024-05-01,SPGI,buy_call,0.9782,2,2.8088,1.8306,0.036612,True
2024-05-01,SYK,buy_call,2.072,2,1.364,-0.7079,-0.014158,True
2024-05-01,TJX,buy_call,2.2347,2,9.5759,7.3412,0.146824,True
2024-05-01,TMO,buy_call,2.8279,2,-0.1301,-2.8279,-0.056558,True
2024-05-01,TMUS,buy_call,2.6116,2,6.5724,3.9609,0.079218,True
2024-05-01,TSLA,skip,0.0,0,-2.8372,0.0,0.0,True
2024-05-01,TXN,buy_call,3.8759,2,10.5373,6.6615,0.13323,True
2024-05-01,UBER,buy_call,3.0,2,-2.5804,-3.0,-0.06,True
2024-05-01,UNH,skip,0.0,0,2.4126,0.0,0.0,True
2024-05-01,UNP,buy_call,2.3082,2,-1.83,-2.3082,-0.046164,True
2024-05-01,V,buy_call,1.38,2,1.4333,0.0533,0.001066,True
2024-05-01,VRTX,buy_call,1.4263,2,15.9186,14.4923,0.289846,True
2024-05-01,VZ,buy_call,2.6116,2,5.8911,3.2795,0.06559,True
2024-05-01,WFC,buy_call,1.6219,2,1.0115,-0.6105,-0.01221,True
2024-05-01,WM,buy_call,3.0,2,1.3027,-1.6973,-0.033946,True
2024-05-01,XOM,buy_call,2.3082,2,-0.854,-2.3082,-0.046164,True
2024-05-01,ZTS,buy_call,1.4263,2,6.7844,5.358,0.10716,True
2024-06-01,AAPL,buy_call,2.6284,1,9.7039,7.0754,0.070754,False
2024-06-01,ABBV,buy_call,2.3759,1,6.3756,3.9997,0.039997,False
2024-06-01,ABNB,buy_call,3.0,1,4.6229,1.6229,0.016229,False
2024-06-01,ABT,skip,0.0,0,1.6831,0.0,0.0,False
2024-06-01,ACN,skip,0.0,0,7.4817,0.0,0.0,False
2024-06-01,ADBE,skip,0.0,0,24.9078,0.0,0.0,False
2024-06-01,ADI,buy_call,5.2783,1,-2.6568,-5.2783,-0.052783,False
2024-06-01,ADP,buy_call,1.6291,1,-2.5437,-1.6291,-0.016291,False
2024-06-01,AMAT,buy_call,5.2783,1,9.922,4.6437,0.046437,False
2024-06-01,AMD,buy_call,4.5669,1,-2.8101,-4.5669,-0.045669,False
2024-06-01,AMGN,buy_call,2.3759,1,2.8835,0.5076,0.005076,False
2024-06-01,AMZN,buy_call,1.7321,1,9.5273,7.7953,0.077953,False
2024-06-01,ANET,buy_call,3.0,1,17.749,14.749,0.14749,False
2024-06-01,AVGO,buy_call,5.2783,1,20.8483,15.57,0.1557,False
2024-06-01,AXP,buy_call,1.9016,1,-3.5208,-1.9016,-0.019016,False
2024-06-01,BA,skip,0.0,0,2.4773,0.0,0.0,False
2024-06-01,BAC,buy_call,2.5863,1,-0.5501,-2.5863,-0.025863,False
2024-06-01,BKNG,buy_call,3.0,1,4.9029,1.9029,0.019029,False
2024-06-01,BLK,buy_call,2.2724,1,1.9805,-0.292,-0.00292,False
2024-06-01,BMY,skip,0.0,0,1.0708,0.0,0.0,False
2024-06-01,BRK-B,buy_call,1.2299,1,-1.834,-1.2299,-0.012299,False
2024-06-01,BSX,buy_call,1.909,1,1.9055,-0.0035,-3.5e-05,False
2024-06-01,CAT,buy_call,1.9197,1,-1.6011,-1.9197,-0.019197,False
2024-06-01,CMCSA,skip,0.0,0,-2.1734,0.0,0.0,False
2024-06-01,CMG,buy_call,3.0,1,0.0952,-2.9048,-0.029048,False
2024-06-01,COST,buy_call,1.8129,1,4.9513,3.1384,0.031384,False
2024-06-01,CRM,skip,0.0,0,9.6656,0.0,0.0,False
2024-06-01,CSCO,skip,0.0,0,2.172,0.0,0.0,False
2024-06-01,CVS,skip,0.0,0,-0.906,0.0,0.0,False
2024-06-01,CVX,buy_call,1.1507,1,-2.6497,-1.1507,-0.011507,False
2024-06-01,DE,buy_call,1.9197,1,-0.3015,-1.9197,-0.019197,False
2024-06-01,DHR,buy_call,1.909,1,-2.7064,-1.909,-0.01909,False
2024-06-01,DUK,buy_call,2.2079,1,-2.2555,-2.2079,-0.022079,False
2024-06-01,ELV,buy_call,2.7753,1,0.6277,-2.1476,-0.021476,False
2024-06-01,EQIX,skip,0.0,0,-0.3021,0.0,0.0,False
2024-06-01,ETN,buy_call,1.9197,1,-5.5167,-1.9197,-0.019197,False
2024-06-01,GE,buy_call,1.9197,1,-3.7362,-1.9197,-0.019197,False
2024-06-01,GILD,skip,0.0,0,6.7528,0.0,0.0,False
2024-06-01,GOOGL,buy_call,2.1599,1,5.5942,3.4343,0.034343,False
2024-06-01,GS,buy_call,2.2724,1,-0.3204,-2.2724,-0.022724,False
2024-06-01,HD,buy_call,2.4194,1,3.5127,1.0933,0.010933,False
2024-06-01,HON,buy_call,1.6291,1,6.1727,4.5436,0.045436,False
2024-06-01,IBM,buy_call,1.6291,1,4.6849,3.0559,0.030559,False
2024-06-01,ICE,buy_call,3.0,1,2.233,-0.767,-0.00767,False
2024-06-01,INTC,skip,0.0,0,0.7967,0.0,0.0,False
2024-06-01,INTU,buy_call,1.7326,1,14.0119,12.2793,0.122793,False
2024-06-01,ISRG,buy_call,1.909,1,10.6262,8.7172,0.087172,False
2024-06-01,JNJ,skip,0.0,0,0.4578,0.0,0.0,False
2024-06-01,JPM,buy_call,2.2724,1,-0.1826,-2.2724,-0.022724,False
2024-06-01,KLAC,buy_call,5.2783,1,8.7762,3.4979,0.034979,False
2024-06-01,KO,buy_call,2.2079,1,1.1441,-1.0638,-0.010638,False
2024-06-01,LLY,buy_call,2.8704,1,10.5546,7.6841,0.076841,False
2024-06-01,LMT,buy_call,1.9197,1,-0.6889,-1.9197,-0.019197,False
2024-06-01,LOW,buy_call,2.4194,1,-0.3751,-2.4194,-0.024194,False
2024-06-01,LRCX,buy_call,5.2783,1,14.2004,8.9221,0.089221,False
2024-06-01,MA,buy_call,1.9016,1,-1.3219,-1.9016,-0.019016,False
2024-06-01,MCD,skip,0.0,0,-1.5644,0.0,0.0,False
2024-06-01,MCK,buy_call,3.0,1,2.5369,-0.4631,-0.004631,False
2024-06-01,MDLZ,skip,0.0,0,-4.509,0.0,0.0,False
2024-06-01,MDT,buy_call,1.909,1,-3.269,-1.909,-0.01909,False
2024-06-01,META,buy_call,3.2018,1,8.0094,4.8076,0.048076,False
2024-06-01,MRK,buy_call,1.0842,1,-1.386,-1.0842,-0.010842,False
2024-06-01,MS,buy_call,2.2724,1,-0.6643,-2.2724,-0.022724,False
2024-06-01,MSFT,buy_call,2.1834,1,7.8593,5.6759,0.056759,False
2024-06-01,MU,buy_call,4.5669,1,5.224,0.6571,0.006571,False
2024-06-01,NEE,buy_call,2.2079,1,-11.5096,-2.2079,-0.022079,False
2024-06-01,NFLX,buy_call,2.6644,1,5.1837,2.5194,0.025194,False
2024-06-01,NKE,skip,0.0,0,-20.7049,0.0,0.0,False
2024-06-01,NOW,skip,0.0,0,19.7494,0.0,0.0,False
2024-06-01,NVDA,buy_call,4.5669,1,12.6851,8.1182,0.081182,False
2024-06-01,ORCL,buy_call,3.999,1,20.4881,16.4891,0.164891,False
2024-06-01,PANW,skip,0.0,0,14.9537,0.0,0.0,False
2024-06-01,PEP,buy_call,1.315,1,-4.6096,-1.315,-0.01315,False
2024-06-01,PG,buy_call,0.6002,1,0.231,-0.3692,-0.003692,False
2024-06-01,PGR,buy_call,2.2724,1,-1.6431,-2.2724,-0.022724,False
2024-06-01,PLD,skip,0.0,0,1.6472,0.0,0.0,False
2024-06-01,PM,buy_call,1.315,1,-0.0493,-1.315,-0.01315,False
2024-06-01,QCOM,buy_call,3.0179,1,-1.9867,-3.0179,-0.030179,False
2024-06-01,SBUX,skip,0.0,0,-2.2181,0.0,0.0,False
2024-06-01,SCHW,buy_call,2.2724,1,0.8896,-1.3828,-0.013828,False
2024-06-01,SO,buy_call,2.2079,1,-2.3209,-2.2079,-0.022079,False
2024-06-01,SPGI,buy_call,2.2724,1,4.5458,2.2734,0.022734,False
2024-06-01,SYK,buy_call,1.909,1,-0.2463,-1.909,-0.01909,False
2024-06-01,TJX,buy_call,1.2903,1,7.1954,5.9051,0.059051,False
2024-06-01,TMO,buy_call,2.8863,1,-2.6374,-2.8863,-0.028863,False
2024-06-01,TMUS,buy_call,4.8167,1,1.0822,-3.7345,-0.037345,False
2024-06-01,TSLA,skip,0.0,0,11.1186,0.0,0.0,False
2024-06-01,TXN,buy_call,5.2783,1,0.4728,-4.8054,-0.048054,False
2024-06-01,UBER,buy_call,3.0,1,12.5775,9.5775,0.095775,False
2024-06-01,UNH,skip,0.0,0,2.804,0.0,0.0,False
2024-06-01,UNP,buy_call,1.9197,1,-2.2634,-1.9197,-0.019197,False
2024-06-01,V,buy_call,1.5785,1,-3.4883,-1.5785,-0.015785,False
2024-06-01,VRTX,buy_call,2.3759,1,2.9385,0.5625,0.005625,False
2024-06-01,VZ,buy_call,4.8167,1,0.2187,-4.598,-0.04598,False
2024-06-01,WFC,buy_call,2.5355,1,-0.3147,-2.5355,-0.025355,False
2024-06-01,WM,buy_call,3.0,1,1.2386,-1.7614,-0.017614,False
2024-06-01,XOM,buy_call,1.9197,1,-1.0276,-1.9197,-0.019197,False
2024-06-01,ZTS,skip,0.0,0,2.2411,0.0,0.0,False
2024-07-01,AAPL,buy_call,3.3184,1,5.4411,2.1227,0.021227,False
2024-07-01,ABBV,buy_call,2.5943,1,8.0457,5.4514,0.054514,False
2024-07-01,ABNB,buy_call,3.0,1,-7.9602,-3.0,-0.03,False
2024-07-01,ABT,skip,0.0,0,1.9536,0.0,0.0,False
2024-07-01,ACN,skip,0.0,0,8.968,0.0,0.0,False
2024-07-01,ADBE,skip,0.0,0,-0.7002,0.0,0.0,False
2024-07-01,ADI,buy_call,4.1737,1,1.7701,-2.4036,-0.024036,False
2024-07-01,ADP,buy_call,4.2862,1,10.6598,6.3736,0.063736,False
2024-07-01,AMAT,buy_call,4.1737,1,-10.0809,-4.1737,-0.041737,False
2024-07-01,AMD,buy_call,5.3073,1,-10.9303,-5.3073,-0.053073,False
2024-07-01,AMGN,buy_call,2.5943,1,6.4074,3.8131,0.038131,False
2024-07-01,AMZN,buy_call,4.6226,1,-3.2445,-4.6226,-0.046226,False
2024-07-01,ANET,buy_call,3.0,1,-1.1213,-3.0,-0.03,False
2024-07-01,AVGO,buy_call,4.1737,1,0.3969,-3.7768,-0.037768,False
2024-07-01,AXP,buy_call,2.1782,1,9.2809,7.1027,0.071027,False
2024-07-01,BA,skip,0.0,0,4.7195,0.0,0.0,False
2024-07-01,BAC,buy_call,3.1905,1,1.9743,-1.2163,-0.012163,False
2024-07-01,BKNG,buy_call,3.0,1,-6.0063,-3.0,-0.03,False
2024-07-01,BLK,skip,0.0,0,12.0611,0.0,0.0,False
2024-07-01,BMY,skip,0.0,0,14.5196,0.0,0.0,False
2024-07-01,BRK-B,buy_call,0.9647,1,7.7925,6.8278,0.068278,False
2024-07-01,BSX,buy_call,1.7767,1,-4.0644,-1.7767,-0.017767,False
2024-07-01,CAT,buy_call,2.2624,1,3.9328,1.6703,0.016703,False
2024-07-01,CMCSA,skip,0.0,0,5.3882,0.0,0.0,False
2024-07-01,CMG,buy_call,3.0,1,-13.2961,-3.0,-0.03,False
2024-07-01,COST,buy_call,1.8208,1,-3.293,-1.8208,-0.018208,False
2024-07-01,CRM,skip,0.0,0,0.6612,0.0,0.0,False
2024-07-01,CSCO,skip,0.0,0,1.9785,0.0,0.0,False
2024-07-01,CVS,skip,0.0,0,2.1504,0.0,0.0,False
2024-07-01,CVX,buy_call,2.5333,1,2.5892,0.0559,0.000559,False
2024-07-01,DE,skip,0.0,0,-0.0517,0.0,0.0,False
2024-07-01,DHR,buy_call,1.7767,1,11.0176,9.2408,0.092408,False
2024-07-01,DUK,buy_call,1.5438,1,9.0193,7.4754,0.074754,False
2024-07-01,ELV,buy_call,3.2554,1,-1.5163,-3.2554,-0.032554,False
2024-07-01,EQIX,skip,0.0,0,4.4462,0.0,0.0,False
2024-07-01,ETN,buy_call,2.2624,1,-2.7938,-2.2624,-0.022624,False
2024-07-01,GE,buy_call,2.2624,1,7.0642,4.8018,0.048018,False
2024-07-01,GILD,skip,0.0,0,12.2179,0.0,0.0,False
2024-07-01,GOOGL,buy_call,3.8851,1,-5.7168,-3.8851,-0.038851,False
2024-07-01,GS,buy_call,2.4477,1,12.5376,10.0899,0.100899,False
2024-07-01,HD,buy_call,2.2739,1,6.9486,4.6748,0.046748,False
2024-07-01,HON,buy_call,4.2862,1,-4.1163,-4.2862,-0.042862,False
2024-07-01,IBM,buy_call,4.2862,1,11.0957,6.8095,0.068095,False
2024-07-01,ICE,buy_call,3.0,1,11.0841,8.0841,0.080841,False
2024-07-01,INTC,skip,0.0,0,-0.7427,0.0,0.0,False
2024-07-01,INTU,buy_call,3.5689,1,-1.5003,-3.5689,-0.035689,False
2024-07-01,ISRG,buy_call,1.7767,1,-0.054,-1.7767,-0.017767,False
2024-07-01,JNJ,skip,0.0,0,7.9981,0.0,0.0,False
2024-07-01,JPM,buy_call,2.4477,1,5.2111,2.7634,0.027634,False
2024-07-01,KLAC,buy_call,4.1737,1,-0.1747,-4.1737,-0.041737,False
2024-07-01,KO,buy_call,1.5438,1,5.6683,4.1244,0.041244,False
2024-07-01,LLY,buy_call,2.6765,1,-11.1677,-2.6765,-0.026765,False
2024-07-01,LMT,buy_call,2.2624,1,16.8002,14.5378,0.145378,False
2024-07-01,LOW,buy_call,2.2739,1,11.3626,9.0887,0.090887,False
2024-07-01,LRCX,buy_call,4.1737,1,-13.3247,-4.1737,-0.041737,False
2024-07-01,MA,buy_call,2.1782,1,5.1115,2.9333,0.029333,False
2024-07-01,MCD,skip,0.0,0,4.8199,0.0,0.0,False
2024-07-01,MCK,buy_call,3.0,1,5.762,2.762,0.02762,False
2024-07-01,MDLZ,skip,0.0,0,5.1176,0.0,0.0,False
2024-07-01,MDT,skip,0.0,0,2.9539,0.0,0.0,False
2024-07-01,META,buy_call,5.611,1,-5.7353,-5.611,-0.05611,False
2024-07-01,MRK,buy_call,1.7688,1,-8.0721,-1.7688,-0.017688,False
2024-07-01,MS,buy_call,2.4477,1,6.194,3.7463,0.037463,False
2024-07-01,MSFT,buy_call,2.6291,1,-6.3989,-2.6291,-0.026291,False
2024-07-01,MU,buy_call,5.3073,1,-16.5057,-5.3073,-0.053073,False
2024-07-01,NEE,buy_call,1.5438,1,8.579,7.0352,0.070352,False
2024-07-01,NFLX,buy_call,4.9532,1,-6.8946,-4.9532,-0.049532,False
2024-07-01,NKE,skip,0.0,0,-0.2885,0.0,0.0,False
2024-07-01,NOW,buy_call,4.2244,1,3.5237,-0.7007,-0.007007,False
2024-07-01,NVDA,buy_call,5.3073,1,-5.2699,-5.3073,-0.053073,False
2024-07-01,ORCL,buy_call,2.383,1,-1.2394,-2.383,-0.02383,False
2024-07-01,PANW,buy_call,1.9135,1,-4.2123,-1.9135,-0.019135,False
2024-07-01,PEP,skip,0.0,0,5.5184,0.0,0.0,False
2024-07-01,PG,buy_call,1.6993,1,-2.5224,-1.6993,-0.016993,False
2024-07-01,PGR,buy_call,2.4477,1,3.086,0.6383,0.006383,False
2024-07-01,PLD,skip,0.0,0,13.2018,0.0,0.0,False
2024-07-01,PM,buy_call,1.4656,1,15.1274,13.6618,0.136618,False
2024-07-01,QCOM,buy_call,5.5795,1,-9.1525,-5.5795,-0.055795,False
2024-07-01,SBUX,skip,0.0,0,0.1284,0.0,0.0,False
2024-07-01,SCHW,buy_call,2.4477,1,-11.5348,-2.4477,-0.024477,False
2024-07-01,SO,buy_call,1.5438,1,7.6705,6.1267,0.061267,False
2024-07-01,SPGI,buy_call,2.4477,1,8.6839,6.2361,0.062361,False
2024-07-01,SYK,buy_call,1.7767,1,-3.5353,-1.7767,-0.017767,False
2024-07-01,TJX,buy_call,1.8599,1,2.6521,0.7922,0.007922,False
2024-07-01,TMO,buy_call,2.6738,1,10.987,8.3132,0.083132,False
2024-07-01,TMUS,buy_call,2.7774,1,3.4624,0.685,0.00685,False
2024-07-01,TSLA,skip,0.0,0,17.2781,0.0,0.0,False
2024-07-01,TXN,buy_call,4.1737,1,4.7705,0.5968,0.005968,False
2024-07-01,UBER,buy_call,3.0,1,-11.2961,-3.0,-0.03,False
2024-07-01,UNH,skip,0.0,0,13.6167,0.0,0.0,False
2024-07-01,UNP,skip,0.0,0,9.0471,0.0,0.0,False
2024-07-01,V,buy_call,1.9257,1,1.2192,-0.7065,-0.007065,False
2024-07-01,VRTX,buy_call,2.5943,1,5.7604,3.1661,0.031661,False
2024-07-01,VZ,buy_call,2.7774,1,-1.7459,-2.7774,-0.027774,False
2024-07-01,WFC,buy_call,2.8917,1,-0.0842,-2.8917,-0.028917,False
2024-07-01,WM,buy_call,3.0,1,-4.6529,-3.0,-0.03,False
2024-07-01,XOM,buy_call,2.2624,1,3.0143,0.7518,0.007518,False
2024-07-01,ZTS,skip,0.0,0,3.8532,0.0,0.0,False
2024-08-01,AAPL,buy_call,2.6276,1,3.116,0.4884,0.004884,False
2024-08-01,ABBV,buy_call,1.9124,1,6.9034,4.991,0.04991,False
2024-08-01,ABNB,skip,0.0,0,-15.943,0.0,0.0,False
2024-08-01,ABT,skip,0.0,0,7.4862,0.0,0.0,False
2024-08-01,ACN,skip,0.0,0,3.8805,0.0,0.0,False
2024-08-01,ADBE,skip,0.0,0,4.1258,0.0,0.0,False
2024-08-01,ADI,buy_call,6.949,1,1.4954,-5.4536,-0.054536,False
2024-08-01,ADP,buy_call,1.4757,1,5.0606,3.5849,0.035849,False
2024-08-01,AMAT,buy_call,6.949,1,-7.0405,-6.949,-0.06949,False
2024-08-01,AMD,skip,0.0,0,2.8239,0.0,0.0,False
2024-08-01,AMGN,buy_call,1.9124,1,0.4091,-1.5034,-0.015034,False
2024-08-01,AMZN,buy_call,2.9561,1,-4.5352,-2.9561,-0.029561,False
2024-08-01,ANET,buy_call,3.0,1,1.9709,-1.0291,-0.010291,False
2024-08-01,AVGO,buy_call,6.949,1,1.3319,-5.6171,-0.056171,False
2024-08-01,AXP,buy_call,2.7116,1,2.5215,-0.1901,-0.001901,False
2024-08-01,BA,skip,0.0,0,-8.8458,0.0,0.0,False
2024-08-01,BAC,buy_call,2.726,1,1.0915,-1.6345,-0.016345,False
2024-08-01,BKNG,buy_call,3.0,1,5.228,2.228,0.02228,False
2024-08-01,BLK,buy_call,1.8302,1,2.8876,1.0574,0.010574,False
2024-08-01,BMY,skip,0.0,0,6.6222,0.0,0.0,False
2024-08-01,BRK-B,buy_call,1.3412,1,8.5336,7.1925,0.071925,False
2024-08-01,BSX,buy_call,1.2713,1,10.7066,9.4353,0.094353,False
2024-08-01,CAT,buy_call,2.3111,1,3.2785,0.9674,0.009674,False
2024-08-01,CMCSA,skip,0.0,0,-3.3339,0.0,0.0,False
2024-08-01,CMG,buy_call,3.0,1,3.2401,0.2401,0.002401,False
2024-08-01,COST,buy_call,2.4897,1,8.7166,6.2269,0.062269,False
2024-08-01,CRM,skip,0.0,0,-2.1276,0.0,0.0,False
2024-08-01,CSCO,skip,0.0,0,5.2074,0.0,0.0,False
2024-08-01,CVS,skip,0.0,0,-4.0507,0.0,0.0,False
2024-08-01,CVX,buy_call,3.198,1,-7.8021,-3.198,-0.03198,False
2024-08-01,DE,skip,0.0,0,3.6991,0.0,0.0,False
2024-08-01,DHR,buy_call,1.2713,1,-2.8042,-1.2713,-0.012713,False
2024-08-01,DUK,buy_call,1.2064,1,4.283,3.0765,0.030765,False
2024-08-01,ELV,buy_call,2.4573,1,4.6727,2.2154,0.022154,False
2024-08-01,EQIX,skip,0.0,0,5.5831,0.0,0.0,False
2024-08-01,ETN,buy_call,2.3111,1,0.7021,-1.609,-0.01609,False
2024-08-01,GE,buy_call,2.3111,1,2.7706,0.4595,0.004595,False
2024-08-01,GILD,skip,0.0,0,3.8654,0.0,0.0,False
2024-08-01,GOOGL,buy_call,2.8645,1,-4.7569,-2.8645,-0.028645,False
2024-08-01,GS,buy_call,1.8302,1,0.2397,-1.5905,-0.015905,False
2024-08-01,HD,buy_call,2.2832,1,0.0924,-2.1909,-0.021909,False
2024-08-01,HON,buy_call,1.4757,1,1.5433,0.0676,0.000676,False
2024-08-01,IBM,buy_call,1.4757,1,5.1994,3.7236,0.037236,False
2024-08-01,ICE,buy_call,3.0,1,6.5914,3.5914,0.035914,False
2024-08-01,INTC,skip,0.0,0,-28.3019,0.0,0.0,False
2024-08-01,INTU,buy_call,2.6928,1,-2.5051,-2.6928,-0.026928,False
2024-08-01,ISRG,buy_call,1.2713,1,10.8005,9.5292,0.095292,False
2024-08-01,JNJ,buy_call,1.0418,1,5.0744,4.0326,0.040326,False
2024-08-01,JPM,buy_call,1.8302,1,6.2245,4.3943,0.043943,False
2024-08-01,KLAC,buy_call,6.949,1,-0.4422,-6.949,-0.06949,False
2024-08-01,KO,buy_call,1.2064,1,8.5856,7.3791,0.073791,False
2024-08-01,LLY,buy_call,3.5185,1,19.3654,15.8469,0.158469,False
2024-08-01,LMT,buy_call,2.3111,1,4.831,2.5199,0.025199,False
2024-08-01,LOW,buy_call,2.2832,1,1.7087,-0.5745,-0.005745,False
2024-08-01,LRCX,buy_call,6.949,1,-10.8799,-6.949,-0.06949,False
2024-08-01,MA,buy_call,2.7116,1,4.3876,1.676,0.01676,False
2024-08-01,MCD,skip,0.0,0,8.7641,0.0,0.0,False
2024-08-01,MCK,buy_call,3.0,1,-9.0661,-3.0,-0.03,False
2024-08-01,MDLZ,skip,0.0,0,5.0622,0.0,0.0,False
2024-08-01,MDT,skip,0.0,0,10.2839,0.0,0.0,False
2024-08-01,META,buy_call,2.9024,1,9.7888,6.8864,0.068864,False
2024-08-01,MRK,skip,0.0,0,4.7026,0.0,0.0,False
2024-08-01,MS,buy_call,1.8302,1,1.2906,-0.5396,-0.005396,False
2024-08-01,MSFT,buy_call,2.4165,1,-0.2892,-2.4165,-0.024165,False
2024-08-01,MU,buy_call,4.9201,1,-12.2891,-4.9201,-0.049201,False
2024-08-01,NEE,buy_call,1.2064,1,5.3934,4.187,0.04187,False
2024-08-01,NFLX,buy_call,2.5225,1,11.6177,9.0953,0.090953,False
2024-08-01,NKE,skip,0.0,0,11.3011,0.0,0.0,False
2024-08-01,NOW,buy_call,4.5093,1,4.9866,0.4773,0.004773,False
2024-08-01,NVDA,buy_call,4.9201,1,2.0082,-2.9119,-0.029119,False
2024-08-01,ORCL,buy_call,4.5863,1,1.6055,-2.9808,-0.029808,False
2024-08-01,PANW,skip,0.0,0,11.6989,0.0,0.0,False
2024-08-01,PEP,buy_call,2.9451,1,0.1216,-2.8234,-0.028234,False
2024-08-01,PG,buy_call,1.0493,1,7.3474,6.2981,0.062981,False
2024-08-01,PGR,buy_call,1.8302,1,17.8402,16.01,0.1601,False
2024-08-01,PLD,buy_call,1.4757,1,1.4042,-0.0715,-0.000715,False
2024-08-01,PM,buy_call,2.9451,1,7.0597,4.1147,0.041147,False
2024-08-01,QCOM,buy_call,3.9899,1,-3.1224,-3.9899,-0.039899,False
2024-08-01,SBUX,skip,0.0,0,21.3214,0.0,0.0,False
2024-08-01,SCHW,buy_call,1.8302,1,-0.1381,-1.8302,-0.018302,False
2024-08-01,SO,buy_call,1.2064,1,3.4483,2.2419,0.022419,False
2024-08-01,SPGI,buy_call,1.8302,1,5.8816,4.0514,0.040514,False
2024-08-01,SYK,skip,0.0,0,10.0687,0.0,0.0,False
2024-08-01,TJX,buy_call,1.212,1,3.7604,2.5484,0.025484,False
2024-08-01,TMO,buy_call,2.8895,1,0.2821,-2.6074,-0.026074,False
2024-08-01,TMUS,buy_call,3.0673,1,9.0191,5.9518,0.059518,False
2024-08-01,TSLA,buy_call,5.0922,1,-7.739,-5.0922,-0.050922,False
2024-08-01,TXN,buy_call,6.949,1,5.8512,-1.0977,-0.010977,False
2024-08-01,UBER,skip,0.0,0,13.4326,0.0,0.0,False
2024-08-01,UNH,buy_call,2.4573,1,2.4368,-0.0204,-0.000204,False
2024-08-01,UNP,buy_call,2.3111,1,3.7936,1.4825,0.014825,False
2024-08-01,V,skip,0.0,0,4.0276,0.0,0.0,False
2024-08-01,VRTX,buy_call,1.9124,1,0.0343,-1.8781,-0.018781,False
2024-08-01,VZ,skip,0.0,0,4.797,0.0,0.0,False
2024-08-01,WFC,buy_call,1.8999,1,-1.4661,-1.8999,-0.018999,False
2024-08-01,WM,buy_call,3.0,1,4.6284,1.6284,0.016284,False
2024-08-01,XOM,buy_call,2.3111,1,-0.5481,-2.3111,-0.023111,False
2024-08-01,ZTS,skip,0.0,0,2.1587,0.0,0.0,False
2024-09-01,AAPL,buy_call,2.656,1,1.8645,-0.7915,-0.007915,False
2024-09-01,ABBV,buy_call,1.9141,1,0.596,-1.3181,-0.013181,False
2024-09-01,ABNB,skip,0.0,0,8.0982,0.0,0.0,False
2024-09-01,ABT,skip,0.0,0,0.6533,0.0,0.0,False
2024-09-01,ACN,skip,0.0,0,3.3718,0.0,0.0,False
2024-09-01,ADBE,buy_call,2.4271,1,-9.8588,-2.4271,-0.024271,False
2024-09-01,ADI,buy_call,3.9443,1,-1.9886,-3.9443,-0.039443,False
2024-09-01,ADP,buy_call,3.6883,1,0.2972,-3.3911,-0.033911,False
2024-09-01,AMAT,skip,0.0,0,2.6246,0.0,0.0,False
2024-09-01,AMD,skip,0.0,0,10.447,0.0,0.0,False
2024-09-01,AMGN,buy_call,1.9141,1,-2.8088,-1.9141,-0.019141,False
2024-09-01,AMZN,buy_call,2.7242,1,4.3866,1.6624,0.016624,False
2024-09-01,ANET,buy_call,3.0,1,8.614,5.614,0.05614,False
2024-09-01,AVGO,buy_call,3.9443,1,5.9452,2.0008,0.020008,False
2024-09-01,AXP,buy_call,2.2768,1,4.8521,2.5753,0.025753,False
2024-09-01,BA,skip,0.0,0,-12.4899,0.0,0.0,False
2024-09-01,BAC,buy_call,3.2933,1,-2.6258,-3.2933,-0.032933,False
2024-09-01,BKNG,buy_call,3.0,1,7.7481,4.7481,0.047481,False
2024-09-01,BLK,buy_call,2.9348,1,5.2894,2.3545,0.023545,False
2024-09-01,BMY,buy_call,1.9141,1,3.5836,1.6695,0.016695,False
2024-09-01,BRK-B,buy_call,1.3496,1,-3.2905,-1.3496,-0.013496,False
2024-09-01,BSX,buy_call,3.3629,1,2.4575,-0.9053,-0.009053,False
2024-09-01,CAT,buy_call,2.3218,1,9.8343,7.5125,0.075125,False
2024-09-01,CMCSA,skip,0.0,0,5.5598,0.0,0.0,False
2024-09-01,CMG,buy_call,3.0,1,2.7461,-0.2539,-0.002539,False
2024-09-01,COST,buy_call,2.0406,1,-0.6567,-2.0406,-0.020406,False
2024-09-01,CRM,skip,0.0,0,8.2285,0.0,0.0,False
2024-09-01,CSCO,buy_call,3.6883,1,5.3027,1.6145,0.016145,False
2024-09-01,CVS,skip,0.0,0,9.8532,0.0,0.0,False
2024-09-01,CVX,skip,0.0,0,0.6545,0.0,0.0,False
2024-09-01,DE,buy_call,2.3218,1,8.1895,5.8677,0.058677,False
2024-09-01,DHR,buy_call,3.3629,1,3.2342,-0.1287,-0.001287,False
2024-09-01,DUK,buy_call,1.7734,1,2.1283,0.3548,0.003548,False
2024-09-01,ELV,buy_call,3.2122,1,-6.6243,-3.2122,-0.032122,False
2024-09-01,EQIX,skip,0.0,0,6.9335,0.0,0.0,False
2024-09-01,ETN,buy_call,2.3218,1,8.3489,6.0272,0.060272,False
2024-09-01,GE,buy_call,2.3218,1,7.9945,5.6727,0.056727,False
2024-09-01,GILD,buy_call,1.9141,1,6.1266,4.2124,0.042124,False
2024-09-01,GOOGL,buy_call,3.1583,1,1.5118,-1.6465,-0.016465,False
2024-09-01,GS,buy_call,2.9348,1,-2.3931,-2.9348,-0.029348,False
2024-09-01,HD,skip,0.0,0,10.6272,0.0,0.0,False
2024-09-01,HON,buy_call,3.6883,1,-0.0332,-3.6883,-0.036883,False
2024-09-01,IBM,buy_call,3.6883,1,10.3318,6.6435,0.066435,False
2024-09-01,ICE,buy_call,3.0,1,-0.5633,-3.0,-0.03,False
2024-09-01,INTC,skip,0.0,0,7.1181,0.0,0.0,False
2024-09-01,INTU,skip,0.0,0,-1.4692,0.0,0.0,False
2024-09-01,ISRG,buy_call,3.3629,1,-0.2761,-3.3629,-0.033629,False
2024-09-01,JNJ,buy_call,2.4458,1,-1.5495,-2.4458,-0.024458,False
2024-09-01,JPM,buy_call,2.9348,1,-6.2011,-2.9348,-0.029348,False
2024-09-01,KLAC,buy_call,3.9443,1,-5.3211,-3.9443,-0.039443,False
2024-09-01,KO,buy_call,1.7734,1,-0.8417,-1.7734,-0.017734,False
2024-09-01,LLY,buy_call,3.1342,1,-7.5876,-3.1342,-0.031342,False
2024-09-01,LMT,buy_call,2.3218,1,2.8974,0.5756,0.005756,False
2024-09-01,LOW,buy_call,2.0257,1,8.994,6.9683,0.069683,False
2024-09-01,LRCX,skip,0.0,0,-0.6005,0.0,0.0,False
2024-09-01,MA,buy_call,2.2768,1,2.1641,-0.1127,-0.001127,False
2024-09-01,MCD,skip,0.0,0,5.4909,0.0,0.0,False
2024-09-01,MCK,buy_call,3.0,1,-11.768,-3.0,-0.03,False
2024-09-01,MDLZ,skip,0.0,0,2.5902,0.0,0.0,False
2024-09-01,MDT,buy_call,3.3629,1,1.6369,-1.7259,-0.017259,False
2024-09-01,META,buy_call,3.2432,1,9.808,6.5648,0.065648,False
2024-09-01,MRK,skip,0.0,0,-4.1283,0.0,0.0,False
2024-09-01,MS,buy_call,2.9348,1,0.608,-2.3268,-0.023268,False
2024-09-01,MSFT,buy_call,2.4271,1,3.3407,0.9137,0.009137,False
2024-09-01,MU,buy_call,4.6779,1,7.7619,3.084,0.03084,False
2024-09-01,NEE,buy_call,1.7734,1,5.6732,3.8997,0.038997,False
2024-09-01,NFLX,buy_call,4.4729,1,1.1293,-3.3436,-0.033436,False
2024-09-01,NKE,skip,0.0,0,6.097,0.0,0.0,False
2024-09-01,NOW,buy_call,2.3305,1,4.607,2.2765,0.022765,False
2024-09-01,NVDA,buy_call,4.6779,1,1.7341,-2.9438,-0.029438,False
2024-09-01,ORCL,buy_call,2.5986,1,20.603,18.0044,0.180044,False
2024-09-01,PANW,buy_call,3.638,1,-5.7675,-3.638,-0.03638,False
2024-09-01,PEP,buy_call,2.1721,1,-1.637,-2.1721,-0.021721,False
2024-09-01,PG,buy_call,2.806,1,0.9677,-1.8383,-0.018383,False
2024-09-01,PGR,buy_call,2.9348,1,0.6186,-2.3163,-0.023163,False
2024-09-01,PLD,skip,0.0,0,-1.2048,0.0,0.0,False
2024-09-01,PM,buy_call,2.1721,1,-1.533,-2.1721,-0.021721,False
2024-09-01,QCOM,buy_call,4.6045,1,-2.9949,-4.6045,-0.046045,False
2024-09-01,SBUX,buy_call,1.7734,1,3.7107,1.9373,0.019373,False
2024-09-01,SCHW,skip,0.0,0,-0.0474,0.0,0.0,False
2024-09-01,SO,buy_call,1.7734,1,5.2424,3.4689,0.034689,False
2024-09-01,SPGI,buy_call,2.9348,1,0.8414,-2.0935,-0.020935,False
2024-09-01,SYK,buy_call,3.3629,1,0.2331,-3.1298,-0.031298,False
2024-09-01,TJX,buy_call,2.0329,1,0.576,-1.4569,-0.014569,False
2024-09-01,TMO,buy_call,3.1253,1,0.5691,-2.5562,-0.025562,False
2024-09-01,TMUS,buy_call,3.4905,1,4.1831,0.6925,0.006925,False
2024-09-01,TSLA,buy_call,8.0619,1,22.1942,14.1323,0.141323,False
2024-09-01,TXN,buy_call,3.9443,1,-3.6251,-3.9443,-0.039443,False
2024-09-01,UBER,skip,0.0,0,2.7759,0.0,0.0,False
2024-09-01,UNH,buy_call,3.2122,1,-0.9353,-3.2122,-0.032122,False
2024-09-01,UNP,buy_call,2.3218,1,-3.2405,-2.3218,-0.023218,False
2024-09-01,V,skip,0.0,0,-0.3143,0.0,0.0,False
2024-09-01,VRTX,buy_call,1.9141,1,-6.2131,-1.9141,-0.019141,False
2024-09-01,VZ,buy_call,3.4905,1,7.4916,4.0011,0.040011,False
2024-09-01,WFC,buy_call,3.4604,1,-2.6483,-3.4604,-0.034604,False
2024-09-01,WM,buy_call,3.0,1,-2.0939,-3.0,-0.03,False
2024-09-01,XOM,buy_call,2.3218,1,0.1897,-2.1321,-0.021321,False
2024-09-01,ZTS,skip,0.0,0,6.4799,0.0,0.0,False
2024-10-01,AAPL,buy_call,3.2853,1,-3.0429,-3.2853,-0.032853,False
2024-10-01,ABBV,buy_call,4.0084,1,3.2358,-0.7727,-0.007727,False
2024-10-01,ABNB,skip,0.0,0,6.2929,0.0,0.0,False
2024-10-01,ABT,buy_call,2.5279,1,-0.5614,-2.5279,-0.025279,False
2024-10-01,ACN,buy_call,1.7576,1,-2.4499,-1.7576,-0.017576,False
2024-10-01,ADBE,buy_call,3.2026,1,-7.6674,-3.2026,-0.032026,False
2024-10-01,ADI,buy_call,4.2818,1,-2.6861,-4.2818,-0.042818,False
2024-10-01,ADP,buy_call,3.074,1,5.0489,1.975,0.01975,False
2024-10-01,AMAT,skip,0.0,0,-10.1312,0.0,0.0,False
2024-10-01,AMD,skip,0.0,0,-12.1953,0.0,0.0,False
2024-10-01,AMGN,buy_call,4.0084,1,-0.6362,-4.0084,-0.040084,False
2024-10-01,AMZN,buy_call,4.9015,1,0.0376,-4.864,-0.04864,False
2024-10-01,ANET,buy_call,3.0,1,0.6826,-2.3174,-0.023174,False
2024-10-01,AVGO,buy_call,4.2818,1,-1.2589,-4.2818,-0.042818,False
2024-10-01,AXP,buy_call,2.2526,1,-0.413,-2.2526,-0.022526,False
2024-10-01,BA,skip,0.0,0,-1.7956,0.0,0.0,False
2024-10-01,BAC,buy_call,3.2182,1,6.0803,2.8621,0.028621,False
2024-10-01,BKNG,buy_call,3.0,1,11.2764,8.2764,0.082764,False
2024-10-01,BLK,buy_call,2.4905,1,3.931,1.4406,0.014406,False
2024-10-01,BMY,skip,0.0,0,7.789,0.0,0.0,False
2024-10-01,BRK-B,buy_call,1.7571,1,-2.0293,-1.7571,-0.017571,False
2024-10-01,BSX,buy_call,2.5279,1,0.2625,-2.2654,-0.022654,False
2024-10-01,CAT,buy_call,3.1701,1,-3.8147,-3.1701,-0.031701,False
2024-10-01,CMCSA,skip,0.0,0,4.5487,0.0,0.0,False
2024-10-01,CMG,skip,0.0,0,-3.2107,0.0,0.0,False
2024-10-01,COST,buy_call,2.3286,1,-1.392,-2.3286,-0.023286,False
2024-10-01,CRM,skip,0.0,0,6.6192,0.0,0.0,False
2024-10-01,CSCO,buy_call,3.074,1,2.9124,-0.1615,-0.001615,False
2024-10-01,CVS,skip,0.0,0,-10.2099,0.0,0.0,False
2024-10-01,CVX,skip,0.0,0,1.0525,0.0,0.0,False
2024-10-01,DE,buy_call,3.1701,1,-2.6865,-3.1701,-0.031701,False
2024-10-01,DHR,buy_call,2.5279,1,-11.5532,-2.5279,-0.025279,False
2024-10-01,DUK,buy_call,1.7657,1,-0.026,-1.7657,-0.017657,False
2024-10-01,ELV,buy_call,2.383,1,-21.7346,-2.383,-0.02383,False
2024-10-01,EQIX,buy_call,3.074,1,2.3039,-0.7701,-0.007701,False
2024-10-01,ETN,buy_call,3.1701,1,0.0422,-3.1278,-0.031278,False
2024-10-01,GE,buy_call,3.1701,1,-8.7738,-3.1701,-0.031701,False
2024-10-01,GILD,buy_call,4.0084,1,6.93,2.9216,0.029216,False
2024-10-01,GOOGL,buy_call,3.971,1,3.3084,-0.6625,-0.006625,False
2024-10-01,GS,buy_call,2.4905,1,4.5808,2.0903,0.020903,False
2024-10-01,HD,buy_call,3.0934,1,-2.8258,-3.0934,-0.030934,False
2024-10-01,HON,buy_call,3.074,1,-0.4983,-3.074,-0.03074,False
2024-10-01,IBM,buy_call,3.074,1,-6.4954,-3.074,-0.03074,False
2024-10-01,ICE,buy_call,3.0,1,-2.698,-3.0,-0.03,False
2024-10-01,INTC,skip,0.0,0,-8.2694,0.0,0.0,False
2024-10-01,INTU,skip,0.0,0,-1.723,0.0,0.0,False
2024-10-01,ISRG,buy_call,2.5279,1,2.5587,0.0308,0.000308,False
2024-10-01,JNJ,buy_call,1.37,1,-1.3575,-1.37,-0.0137,False
2024-10-01,JPM,buy_call,2.4905,1,5.2452,2.7547,0.027547,False
2024-10-01,KLAC,buy_call,4.2818,1,-13.9693,-4.2818,-0.042818,False
2024-10-01,KO,buy_call,1.7657,1,-8.4919,-1.7657,-0.017657,False
2024-10-01,LLY,buy_call,4.1724,1,-6.3436,-4.1724,-0.041724,False
2024-10-01,LMT,buy_call,3.1701,1,-6.067,-3.1701,-0.031701,False
2024-10-01,LOW,buy_call,3.0934,1,-3.3303,-3.0934,-0.030934,False
2024-10-01,LRCX,skip,0.0,0,-8.6166,0.0,0.0,False
2024-10-01,MA,buy_call,2.2526,1,1.1725,-1.0801,-0.010801,False
2024-10-01,MCD,buy_call,1.7657,1,-3.5139,-1.7657,-0.017657,False
2024-10-01,MCK,skip,0.0,0,1.2479,0.0,0.0,False
2024-10-01,MDLZ,buy_call,1.7296,1,-6.4524,-1.7296,-0.017296,False
2024-10-01,MDT,buy_call,2.5279,1,-0.0845,-2.5279,-0.025279,False
2024-10-01,META,buy_call,5.6133,1,-0.7544,-5.6133,-0.056133,False
2024-10-01,MRK,skip,0.0,0,-9.295,0.0,0.0,False
2024-10-01,MS,buy_call,2.4905,1,11.5215,9.031,0.09031,False
2024-10-01,MSFT,buy_call,3.2026,1,-5.5659,-3.2026,-0.032026,False
2024-10-01,MU,skip,0.0,0,-3.9148,0.0,0.0,False
2024-10-01,NEE,buy_call,1.7657,1,-6.2463,-1.7657,-0.017657,False
2024-10-01,NFLX,buy_call,2.7392,1,6.5927,3.8535,0.038535,False
2024-10-01,NKE,skip,0.0,0,-12.3597,0.0,0.0,False
2024-10-01,NOW,buy_call,2.32,1,4.3158,1.9958,0.019958,False
2024-10-01,NVDA,buy_call,6.994,1,9.3308,2.3368,0.023368,False
2024-10-01,ORCL,buy_call,2.1172,1,-1.5024,-2.1172,-0.021172,False
2024-10-01,PANW,buy_call,3.2719,1,5.4213,2.1494,0.021494,False
2024-10-01,PEP,skip,0.0,0,-1.5909,0.0,0.0,False
2024-10-01,PG,buy_call,2.6793,1,-4.6305,-2.6793,-0.026793,False
2024-10-01,PGR,buy_call,2.4905,1,-4.3072,-2.4905,-0.024905,False
2024-10-01,PLD,skip,0.0,0,-9.8984,0.0,0.0,False
2024-10-01,PM,buy_call,1.7296,1,10.5343,8.8047,0.088047,False
2024-10-01,QCOM,buy_call,4.6155,1,-3.7864,-4.6155,-0.046155,False
2024-10-01,SBUX,buy_call,1.7657,1,0.2154,-1.5503,-0.015503,False
2024-10-01,SCHW,skip,0.0,0,9.2887,0.0,0.0,False
2024-10-01,SO,buy_call,1.7657,1,0.9426,-0.8232,-0.008232,False
2024-10-01,SPGI,buy_call,2.4905,1,-7.0187,-2.4905,-0.024905,False
2024-10-01,SYK,buy_call,2.5279,1,-1.159,-2.5279,-0.025279,False
2024-10-01,TJX,buy_call,3.2628,1,-3.837,-3.2628,-0.032628,False
2024-10-01,TMO,buy_call,1.7787,1,-11.624,-1.7787,-0.017787,False
2024-10-01,TMUS,buy_call,1.3939,1,8.1411,6.7472,0.067472,False
2024-10-01,TSLA,buy_call,6.6443,1,-4.5025,-6.6443,-0.066443,False
2024-10-01,TXN,buy_call,4.2818,1,-1.6508,-4.2818,-0.042818,False
2024-10-01,UBER,skip,0.0,0,-4.1378,0.0,0.0,False
2024-10-01,UNH,buy_call,2.383,1,-3.1091,-2.383,-0.02383,False
2024-10-01,UNP,buy_call,3.1701,1,-5.8463,-3.1701,-0.031701,False
2024-10-01,V,skip,0.0,0,5.4192,0.0,0.0,False
2024-10-01,VRTX,buy_call,4.0084,1,2.3437,-1.6647,-0.016647,False
2024-10-01,VZ,buy_call,1.3939,1,-6.1902,-1.3939,-0.013939,False
2024-10-01,WFC,skip,0.0,0,14.923,0.0,0.0,False
2024-10-01,WM,skip,0.0,0,4.3505,0.0,0.0,False
2024-10-01,XOM,buy_call,3.1701,1,-0.3754,-3.1701,-0.031701,False
2024-10-01,ZTS,buy_call,4.0084,1,-8.4963,-4.0084,-0.040084,False
2024-11-01,AAPL,buy_call,1.7855,2,5.0551,3.2696,0.065392,True
2024-11-01,ABBV,buy_call,1.9519,2,-9.5547,-1.9519,-0.039038,True
2024-11-01,ABNB,skip,0.0,0,0.9793,0.0,0.0,True
2024-11-01,ABT,buy_call,1.7462,2,5.2569,3.5107,0.070214,True
2024-11-01,ACN,buy_call,3.1686,2,5.5174,2.3487,0.046974,True
2024-11-01,ADBE,buy_call,2.7336,2,7.9171,5.1835,0.10367,True
2024-11-01,ADI,buy_call,5.4059,2,-2.2679,-5.4059,-0.108118,True
2024-11-01,ADP,buy_call,2.0537,2,6.116,4.0624,0.081248,True
2024-11-01,AMAT,skip,0.0,0,-3.7834,0.0,0.0,True
2024-11-01,AMD,skip,0.0,0,-4.7824,0.0,0.0,True
2024-11-01,AMGN,buy_call,1.9519,2,-11.6473,-1.9519,-0.039038,True
2024-11-01,AMZN,buy_call,3.2703,2,11.529,8.2587,0.165174,True
2024-11-01,ANET,buy_call,3.0,2,5.015,2.015,0.0403,True
2024-11-01,AVGO,buy_call,5.4059,2,-4.5296,-5.4059,-0.108118,True
2024-11-01,AXP,buy_call,1.9791,2,13.1058,11.1267,0.222534,True
2024-11-01,BA,skip,0.0,0,4.1056,0.0,0.0,True
2024-11-01,BAC,buy_call,2.4783,2,13.6059,11.1276,0.222552,True
2024-11-01,BKNG,buy_call,3.0,2,11.2425,8.2425,0.16485,True
2024-11-01,BLK,buy_call,1.9417,2,4.2578,2.316,0.04632,True
2024-11-01,BMY,buy_call,1.9519,2,7.3748,5.4229,0.108458,True
2024-11-01,BRK-B,buy_call,1.2038,2,7.1188,5.915,0.1183,True
2024-11-01,BSX,buy_call,1.7462,2,7.9029,6.1567,0.123134,True
2024-11-01,CAT,buy_call,2.1605,2,8.3384,6.1779,0.123558,True
2024-11-01,CMCSA,buy_call,1.65,2,-0.3584,-1.65,-0.033,True
2024-11-01,CMG,skip,0.0,0,10.3102,0.0,0.0,True
2024-11-01,COST,buy_call,2.6975,2,11.1762,8.4787,0.169574,True
2024-11-01,CRM,buy_call,4.6498,2,13.2546,8.6048,0.172096,True
2024-11-01,CSCO,buy_call,2.0537,2,8.9328,6.8791,0.137582,True
2024-11-01,CVS,skip,0.0,0,7.1855,0.0,0.0,True
2024-11-01,CVX,skip,0.0,0,8.8093,0.0,0.0,True
2024-11-01,DE,buy_call,2.1605,2,15.1251,12.9646,0.259292,True
2024-11-01,DHR,skip,0.0,0,-2.4302,0.0,0.0,True
2024-11-01,DUK,buy_call,1.8788,2,1.5442,-0.3346,-0.006692,True
2024-11-01,ELV,skip,0.0,0,0.2957,0.0,0.0,True
2024-11-01,EQIX,buy_call,2.0537,2,8.083,6.0293,0.120586,True
2024-11-01,ETN,buy_call,2.1605,2,13.2216,11.061,0.22122,True
2024-11-01,GE,buy_call,2.1605,2,6.0426,3.8821,0.077642,True
2024-11-01,GILD,buy_call,1.9519,2,4.2333,2.2814,0.045628,True
2024-11-01,GOOGL,buy_call,2.5446,2,-1.2623,-2.5446,-0.050892,True
2024-11-01,GS,buy_call,1.9417,2,17.5322,15.5905,0.31181,True
2024-11-01,HD,buy_call,2.3758,2,8.9854,6.6096,0.132192,True
2024-11-01,HON,buy_call,2.0537,2,13.2487,11.195,0.2239,True
2024-11-01,IBM,buy_call,2.0537,2,10.0087,7.955,0.1591,True
2024-11-01,ICE,buy_call,3.0,2,3.2656,0.2656,0.005312,True
2024-11-01,INTC,skip,0.0,0,11.7565,0.0,0.0,True
2024-11-01,INTU,skip,0.0,0,5.3261,0.0,0.0,True
2024-11-01,ISRG,buy_call,1.7462,2,7.5738,5.8276,0.116552,True
2024-11-01,JNJ,buy_call,1.7263,2,-3.0339,-1.7263,-0.034526,True
2024-11-01,JPM,buy_call,1.9417,2,13.2166,11.2749,0.225498,True
2024-11-01,KLAC,skip,0.0,0,-2.8819,0.0,0.0,True
2024-11-01,KO,buy_call,1.8788,2,-1.8833,-1.8788,-0.037576,True
2024-11-01,LLY,buy_call,4.6562,2,-4.1447,-4.6562,-0.093124,True
2024-11-01,LMT,buy_call,2.1605,2,-3.0473,-2.1605,-0.04321,True
2024-11-01,LOW,buy_call,2.3758,2,4.4899,2.114,0.04228,True
2024-11-01,LRCX,skip,0.0,0,-0.6321,0.0,0.0,True
2024-11-01,MA,buy_call,1.9791,2,6.8173,4.8382,0.096764,True
2024-11-01,MCD,buy_call,1.8788,2,1.3351,-0.5437,-0.010874,True
2024-11-01,MCK,skip,0.0,0,25.5518,0.0,0.0,True
2024-11-01,MDLZ,skip,0.0,0,-5.1548,0.0,0.0,True
2024-11-01,MDT,buy_call,1.7462,2,-3.0364,-1.7462,-0.034924,True
2024-11-01,META,buy_call,3.2298,2,1.1875,-2.0423,-0.040846,True
2024-11-01,MRK,skip,0.0,0,-0.6646,0.0,0.0,True
2024-11-01,MS,buy_call,1.9417,2,14.108,12.1663,0.243326,True
2024-11-01,MSFT,buy_call,2.7336,2,4.2107,1.4771,0.029542,True
2024-11-01,MU,skip,0.0,0,-1.5953,0.0,0.0,True
2024-11-01,NEE,buy_call,1.8788,2,-0.7319,-1.8788,-0.037576,True
2024-11-01,NFLX,buy_call,2.6202,2,17.2983,14.6781,0.293562,True
2024-11-01,NKE,skip,0.0,0,2.1263,0.0,0.0,True
2024-11-01,NOW,buy_call,2.4622,2,12.4814,10.0192,0.200384,True
2024-11-01,NVDA,buy_call,4.4861,2,4.1353,-0.3508,-0.007016,True
2024-11-01,ORCL,buy_call,4.5558,2,10.3763,5.8206,0.116412,True
2024-11-01,PANW,buy_call,4.6498,2,7.6291,2.9793,0.059586,True
2024-11-01,PEP,skip,0.0,0,-1.5836,0.0,0.0,True
2024-11-01,PG,buy_call,1.4003,2,9.1621,7.7618,0.155236,True
2024-11-01,PGR,buy_call,1.9417,2,10.7712,8.8295,0.17659,True
2024-11-01,PLD,buy_call,2.0537,2,3.4,1.3463,0.026926,True
2024-11-01,PM,buy_call,2.1858,2,0.2713,-1.9145,-0.03829,True
2024-11-01,QCOM,skip,0.0,0,-2.6049,0.0,0.0,True
2024-11-01,SBUX,buy_call,1.8788,2,4.8721,2.9932,0.059864,True
2024-11-01,SCHW,skip,0.0,0,16.8431,0.0,0.0,True
2024-11-01,SO,buy_call,1.8788,2,-2.0872,-1.8788,-0.037576,True
2024-11-01,SPGI,buy_call,1.9417,2,8.7747,6.8329,0.136658,True
2024-11-01,SYK,buy_call,1.7462,2,10.0679,8.3217,0.166434,True
2024-11-01,TJX,buy_call,1.8825,2,11.2006,9.3181,0.186362,True
2024-11-01,TMO,skip,0.0,0,-3.055,0.0,0.0,True
2024-11-01,TMUS,buy_call,1.65,2,10.656,9.006,0.18012,True
2024-11-01,TSLA,buy_call,6.0445,2,38.1469,32.1024,0.642048,True
2024-11-01,TXN,buy_call,5.4059,2,-0.397,-5.4059,-0.108118,True
2024-11-01,UBER,buy_call,3.0,2,-0.1249,-3.0,-0.06,True
2024-11-01,UNH,buy_call,2.5314,2,8.0957,5.5643,0.111286,True
2024-11-01,UNP,skip,0.0,0,5.4251,0.0,0.0,True
2024-11-01,V,buy_call,1.4828,2,8.7045,7.2217,0.144434,True
2024-11-01,VRTX,buy_call,1.9519,2,-1.6492,-1.9519,-0.039038,True
2024-11-01,VZ,buy_call,1.65,2,6.8886,5.2386,0.104772,True
2024-11-01,WFC,buy_call,2.7948,2,17.329,14.5342,0.290684,True
2024-11-01,WM,buy_call,3.0,2,5.7308,2.7308,0.054616,True
2024-11-01,XOM,buy_call,2.1605,2,1.0104,-1.1501,-0.023002,True
2024-11-01,ZTS,buy_call,1.9519,2,-1.7422,-1.9519,-0.039038,True
2024-12-01,AAPL,buy_call,1.7346,1,5.6316,3.897,0.03897,False
2024-12-01,ABBV,buy_call,3.1482,1,-2.859,-3.1482,-0.031482,False
2024-12-01,ABNB,skip,0.0,0,-3.4531,0.0,0.0,False
2024-12-01,ABT,buy_call,2.8722,1,-4.7655,-2.8722,-0.028722,False
2024-12-01,ACN,buy_call,2.6731,1,-2.9197,-2.6731,-0.026731,False
2024-12-01,ADBE,buy_call,1.9081,1,-13.81,-1.9081,-0.019081,False
2024-12-01,ADI,skip,0.0,0,-2.5636,0.0,0.0,False
2024-12-01,ADP,buy_call,2.3845,1,-4.6265,-2.3845,-0.023845,False
2024-12-01,AMAT,skip,0.0,0,-6.6954,0.0,0.0,False
2024-12-01,AMD,skip,0.0,0,-11.9478,0.0,0.0,False
2024-12-01,AMGN,skip,0.0,0,-7.1219,0.0,0.0,False
2024-12-01,AMZN,buy_call,2.6873,1,5.5318,2.8445,0.028445,False
2024-12-01,ANET,buy_call,3.0,1,8.9448,5.9448,0.059448,False
2024-12-01,AVGO,buy_call,4.6482,1,43.0405,38.3923,0.383923,False
2024-12-01,AXP,buy_call,2.7116,1,-2.5896,-2.7116,-0.027116,False
2024-12-01,BA,skip,0.0,0,13.8703,0.0,0.0,False
2024-12-01,BAC,buy_call,3.0021,1,-7.4931,-3.0021,-0.030021,False
2024-12-01,BKNG,buy_call,3.0,1,-4.4898,-3.0,-0.03,False
2024-12-01,BLK,buy_call,2.6639,1,0.2258,-2.438,-0.02438,False
2024-12-01,BMY,buy_call,3.1482,1,-4.4917,-3.1482,-0.031482,False
2024-12-01,BRK-B,buy_call,1.3621,1,-6.1571,-1.3621,-0.013621,False
2024-12-01,BSX,buy_call,2.8722,1,-1.4781,-2.8722,-0.028722,False
2024-12-01,CAT,buy_call,2.54,1,-10.6744,-2.54,-0.0254,False
2024-12-01,CMCSA,buy_call,3.1848,1,-13.1049,-3.1848,-0.031848,False
2024-12-01,CMG,skip,0.0,0,-1.9831,0.0,0.0,False
2024-12-01,COST,buy_call,1.785,1,-5.5966,-1.785,-0.01785,False
2024-12-01,CRM,buy_call,2.5669,1,1.3152,-1.2517,-0.012517,False
2024-12-01,CSCO,buy_call,2.3845,1,-0.0169,-2.3845,-0.023845,False
2024-12-01,CVS,buy_call,3.321,1,-24.9958,-3.321,-0.03321,False
2024-12-01,CVX,buy_call,2.3417,1,-9.6415,-2.3417,-0.023417,False
2024-12-01,DE,buy_call,2.54,1,-9.0577,-2.54,-0.0254,False
2024-12-01,DHR,skip,0.0,0,-4.2305,0.0,0.0,False
2024-12-01,DUK,buy_call,1.766,1,-7.0765,-1.766,-0.01766,False
2024-12-01,ELV,skip,0.0,0,-9.3523,0.0,0.0,False
2024-12-01,EQIX,buy_call,2.3845,1,-3.4765,-2.3845,-0.023845,False
2024-12-01,ETN,buy_call,2.54,1,-11.3516,-2.54,-0.0254,False
2024-12-01,GE,buy_call,2.54,1,-8.4376,-2.54,-0.0254,False
2024-12-01,GILD,buy_call,3.1482,1,-0.2268,-3.1482,-0.031482,False
2024-12-01,GOOGL,skip,0.0,0,12.045,0.0,0.0,False
2024-12-01,GS,buy_call,2.6639,1,-5.9073,-2.6639,-0.026639,False
2024-12-01,HD,buy_call,2.2924,1,-8.8765,-2.2924,-0.022924,False
2024-12-01,HON,buy_call,2.3845,1,-2.545,-2.3845,-0.023845,False
2024-12-01,IBM,buy_call,2.3845,1,-2.5714,-2.3845,-0.023845,False
2024-12-01,ICE,buy_call,3.0,1,-7.4242,-3.0,-0.03,False
2024-12-01,INTC,skip,0.0,0,-16.632,0.0,0.0,False
2024-12-01,INTU,buy_call,2.9068,1,-2.0616,-2.9068,-0.029068,False
2024-12-01,ISRG,buy_call,2.8722,1,-3.6974,-2.8722,-0.028722,False
2024-12-01,JNJ,buy_call,1.7917,1,-5.9542,-1.7917,-0.017917,False
2024-12-01,JPM,buy_call,2.6639,1,-4.0085,-2.6639,-0.026639,False
2024-12-01,KLAC,skip,0.0,0,-2.3433,0.0,0.0,False
2024-12-01,KO,buy_call,1.766,1,-2.1033,-1.766,-0.01766,False
2024-12-01,LLY,skip,0.0,0,-2.7751,0.0,0.0,False
2024-12-01,LMT,buy_call,2.54,1,-8.211,-2.54,-0.0254,False
2024-12-01,LOW,buy_call,2.2924,1,-9.4079,-2.2924,-0.022924,False
2024-12-01,LRCX,skip,0.0,0,-2.2333,0.0,0.0,False
2024-12-01,MA,buy_call,2.7116,1,-1.1953,-2.7116,-0.027116,False
2024-12-01,MCD,buy_call,1.766,1,-2.0675,-1.766,-0.01766,False
2024-12-01,MCK,buy_call,3.0,1,-9.3222,-3.0,-0.03,False
2024-12-01,MDLZ,skip,0.0,0,-8.037,0.0,0.0,False
2024-12-01,MDT,buy_call,2.8722,1,-7.6959,-2.8722,-0.028722,False
2024-12-01,META,buy_call,3.1292,1,1.9484,-1.1808,-0.011808,False
2024-12-01,MRK,skip,0.0,0,-2.1252,0.0,0.0,False
2024-12-01,MS,buy_call,2.6639,1,-4.4753,-2.6639,-0.026639,False
2024-12-01,MSFT,buy_call,1.9081,1,-0.2636,-1.9081,-0.019081,False
2024-12-01,MU,skip,0.0,0,-14.0786,0.0,0.0,False
2024-12-01,NEE,skip,0.0,0,-8.2618,0.0,0.0,False
2024-12-01,NFLX,buy_call,2.8023,1,0.5086,-2.2938,-0.022938,False
2024-12-01,NKE,skip,0.0,0,-3.9355,0.0,0.0,False
2024-12-01,NOW,buy_call,2.0741,1,1.0177,-1.0565,-0.010565,False
2024-12-01,NVDA,buy_call,4.7168,1,-2.8644,-4.7168,-0.047168,False
2024-12-01,ORCL,buy_call,3.033,1,-9.8463,-3.033,-0.03033,False
2024-12-01,PANW,buy_call,2.5669,1,-6.1627,-2.5669,-0.025669,False
2024-12-01,PEP,skip,0.0,0,-6.9685,0.0,0.0,False
2024-12-01,PG,buy_call,1.8952,1,-6.4766,-1.8952,-0.018952,False
2024-12-01,PGR,buy_call,2.6639,1,-10.8859,-2.6639,-0.026639,False
2024-12-01,PLD,buy_call,2.3845,1,-9.4879,-2.3845,-0.023845,False
2024-12-01,PM,buy_call,2.5485,1,-9.5521,-2.5485,-0.025485,False
2024-12-01,QCOM,skip,0.0,0,-3.0972,0.0,0.0,False
2024-12-01,SBUX,buy_call,1.766,1,-10.39,-1.766,-0.01766,False
2024-12-01,SCHW,buy_call,2.6639,1,-10.2661,-2.6639,-0.026639,False
2024-12-01,SO,buy_call,1.766,1,-6.878,-1.766,-0.01766,False
2024-12-01,SPGI,buy_call,2.6639,1,-4.5182,-2.6639,-0.026639,False
2024-12-01,SYK,buy_call,2.8722,1,-8.1856,-2.8722,-0.028722,False
2024-12-01,TJX,buy_call,1.7094,1,-3.5841,-1.7094,-0.017094,False
2024-12-01,TMO,skip,0.0,0,-1.7748,0.0,0.0,False
2024-12-01,TMUS,buy_call,3.1848,1,-10.2916,-3.1848,-0.031848,False
2024-12-01,TSLA,buy_call,6.8221,1,17.0008,10.1787,0.101787,False
2024-12-01,TXN,buy_call,4.6482,1,-6.7254,-4.6482,-0.046482,False
2024-12-01,UBER,buy_call,3.0,1,-16.1757,-3.0,-0.03,False
2024-12-01,UNH,buy_call,3.321,1,-17.0993,-3.321,-0.03321,False
2024-12-01,UNP,buy_call,2.54,1,-6.7931,-2.54,-0.0254,False
2024-12-01,V,buy_call,1.9747,1,0.4954,-1.4793,-0.014793,False
2024-12-01,VRTX,buy_call,3.1482,1,-13.9769,-3.1482,-0.031482,False
2024-12-01,VZ,buy_call,3.1848,1,-9.8105,-3.1848,-0.031848,False
2024-12-01,WFC,buy_call,4.5166,1,-7.2539,-4.5166,-0.045166,False
2024-12-01,WM,buy_call,3.0,1,-11.5809,-3.0,-0.03,False
2024-12-01,XOM,buy_call,2.54,1,-8.0587,-2.54,-0.0254,False
2024-12-01,ZTS,buy_call,3.1482,1,-7.03,-3.1482,-0.031482,False
