date,ticker,side,call_prem_pct,size,return_pct,pnl_pu_pct,pnl_contribution_pct,in_recovery,ym
2015-02-01,AAPL,buy_call,1.5913,1,9.6449,8.0537,0.080537,False,2015-02
2015-02-01,ABBV,buy_call,1.4298,1,1.0012,-0.4286,-0.004286,False,2015-02
2015-02-01,ABT,buy_call,1.2442,1,6.3914,5.1472,0.051472,False,2015-02
2015-02-01,ADBE,buy_call,1.4541,1,12.7905,11.3364,0.113364,False,2015-02
2015-02-01,ADP,buy_call,1.5275,1,7.6457,6.1182,0.061182,False,2015-02
2015-02-01,AMGN,buy_call,1.4298,1,3.5859,2.1561,0.021561,False,2015-02
2015-02-01,AMT,buy_call,1.5275,1,2.2589,0.7313,0.007313,False,2015-02
2015-02-01,AMZN,buy_call,1.9357,1,7.2293,5.2936,0.052936,False,2015-02
2015-02-01,AXP,buy_call,1.3718,1,1.4129,0.0411,0.000411,False,2015-02
2015-02-01,BA,buy_call,1.5176,1,3.7697,2.252,0.02252,False,2015-02
2015-02-01,BAC,buy_call,1.6176,1,4.3565,2.7389,0.027389,False,2015-02
2015-02-01,BDX,buy_call,1.2442,1,6.2573,5.0131,0.050131,False,2015-02
2015-02-01,BIIB,buy_call,1.4298,1,5.2498,3.8199,0.038199,False,2015-02
2015-02-01,BLK,buy_call,1.3855,1,9.0776,7.6921,0.076921,False,2015-02
2015-02-01,BMY,buy_call,1.4298,1,1.0785,-0.3513,-0.003513,False,2015-02
2015-02-01,BRK-B,buy_call,0.9151,1,2.4321,1.5169,0.015169,False,2015-02
2015-02-01,C,buy_call,1.5176,1,11.6744,10.1567,0.101567,False,2015-02
2015-02-01,CAT,buy_call,1.6349,1,4.5139,2.879,0.02879,False,2015-02
2015-02-01,CL,buy_call,1.062,1,5.4379,4.3759,0.043759,False,2015-02
2015-02-01,CMCSA,buy_call,1.5685,1,12.1616,10.5931,0.105931,False,2015-02
2015-02-01,COST,buy_call,1.3044,1,2.7764,1.472,0.01472,False,2015-02
2015-02-01,CRM,buy_call,1.9703,1,22.9052,20.935,0.20935,False,2015-02
2015-02-01,CSCO,buy_call,1.5275,1,12.677,11.1495,0.111495,False,2015-02
2015-02-01,CTSH,buy_call,1.5275,1,15.4443,13.9167,0.139167,False,2015-02
2015-02-01,CVS,buy_call,1.5039,1,6.1935,4.6896,0.046896,False,2015-02
2015-02-01,CVX,buy_call,1.5496,1,4.0476,2.498,0.02498,False,2015-02
2015-02-01,DD,buy_call,1.5275,1,9.0345,7.507,0.07507,False,2015-02
2015-02-01,DHR,buy_call,1.2442,1,5.9481,4.7039,0.047039,False,2015-02
2015-02-01,DIS,buy_call,1.6825,1,14.4239,12.7414,0.127414,False,2015-02
2015-02-01,ELV,buy_call,1.5039,1,8.5136,7.0097,0.070097,False,2015-02
2015-02-01,EOG,buy_call,1.6349,1,0.9744,-0.6604,-0.006604,False,2015-02
2015-02-01,F,buy_call,1.6349,1,12.2144,10.5795,0.105795,False,2015-02
2015-02-01,FDX,buy_call,1.5275,1,4.6537,3.1262,0.031262,False,2015-02
2015-02-01,GE,buy_call,1.6349,1,8.7903,7.1555,0.071555,False,2015-02
2015-02-01,GILD,buy_call,1.4298,1,-1.2401,-1.4298,-0.014298,False,2015-02
2015-02-01,GIS,buy_call,1.1301,1,3.2935,2.1634,0.021634,False,2015-02
2015-02-01,GM,buy_call,1.6349,1,14.3777,12.7428,0.127428,False,2015-02
2015-02-01,GOOGL,buy_call,1.7634,1,4.6656,2.9022,0.029022,False,2015-02
2015-02-01,GS,buy_call,1.3855,1,10.0806,8.6951,0.086951,False,2015-02
2015-02-01,HAL,buy_call,1.6349,1,7.3769,5.742,0.05742,False,2015-02
2015-02-01,HD,buy_call,1.4144,1,9.8927,8.4783,0.084783,False,2015-02
2015-02-01,HON,buy_call,1.5275,1,5.1351,3.6076,0.036076,False,2015-02
2015-02-01,IBM,buy_call,1.5275,1,5.6292,4.1016,0.041016,False,2015-02
2015-02-01,INTC,buy_call,2.1114,1,0.6356,-1.4758,-0.014758,False,2015-02
2015-02-01,ITW,buy_call,1.5275,1,6.1983,4.6708,0.046708,False,2015-02
2015-02-01,JNJ,buy_call,1.0406,1,2.3667,1.3261,0.013261,False,2015-02
2015-02-01,JPM,buy_call,1.3855,1,13.4134,12.0279,0.120279,False,2015-02
2015-02-01,KO,buy_call,0.999,1,5.1737,4.1747,0.041747,False,2015-02
2015-02-01,LLY,buy_call,1.7808,1,-2.5417,-1.7808,-0.017808,False,2015-02
2015-02-01,LMT,buy_call,1.6349,1,6.2006,4.5657,0.045657,False,2015-02
2015-02-01,LOW,buy_call,1.4144,1,9.7221,8.3077,0.083077,False,2015-02
2015-02-01,LYB,buy_call,1.6349,1,8.6231,6.9882,0.069882,False,2015-02
2015-02-01,MA,buy_call,1.3718,1,10.0864,8.7146,0.087146,False,2015-02
2015-02-01,MCD,buy_call,0.999,1,6.9883,5.9893,0.059893,False,2015-02
2015-02-01,MDLZ,buy_call,1.1301,1,4.8241,3.694,0.03694,False,2015-02
2015-02-01,MDT,buy_call,1.2442,1,8.6694,7.4253,0.074253,False,2015-02
2015-02-01,MET,buy_call,1.3855,1,9.3118,7.9263,0.079263,False,2015-02
2015-02-01,META,buy_call,2.1946,1,4.0311,1.8365,0.018365,False,2015-02
2015-02-01,MMM,buy_call,1.5275,1,3.9125,2.385,0.02385,False,2015-02
2015-02-01,MO,buy_call,1.1301,1,6.0075,4.8774,0.048774,False,2015-02
2015-02-01,MRK,buy_call,1.3756,1,-2.8865,-1.3756,-0.013756,False,2015-02
2015-02-01,MS,buy_call,1.3855,1,6.1626,4.777,0.04777,False,2015-02
2015-02-01,MSFT,buy_call,1.4541,1,8.5396,7.0855,0.070855,False,2015-02
2015-02-01,NEE,buy_call,0.999,1,-5.2911,-0.999,-0.00999,False,2015-02
2015-02-01,NFLX,buy_call,2.2627,1,7.4943,5.2316,0.052316,False,2015-02
2015-02-01,NKE,buy_call,1.7749,1,5.2792,3.5043,0.035043,False,2015-02
2015-02-01,ORCL,buy_call,1.8189,1,4.8912,3.0723,0.030723,False,2015-02
2015-02-01,PEP,buy_call,1.1301,1,5.5449,4.4148,0.044148,False,2015-02
2015-02-01,PFE,buy_call,1.4298,1,9.824,8.3942,0.083942,False,2015-02
2015-02-01,PG,buy_call,1.062,1,1.7148,0.6529,0.006529,False,2015-02
2015-02-01,PM,buy_call,1.1301,1,3.3898,2.2597,0.022597,False,2015-02
2015-02-01,PPL,buy_call,0.999,1,-3.9437,-0.999,-0.00999,False,2015-02
2015-02-01,PRU,buy_call,1.3855,1,6.5498,5.1642,0.051642,False,2015-02
2015-02-01,QCOM,buy_call,2.152,1,16.0903,13.9383,0.139383,False,2015-02
2015-02-01,SBUX,buy_call,0.999,1,6.8091,5.8101,0.058101,False,2015-02
2015-02-01,SLB,buy_call,1.6349,1,2.1483,0.5134,0.005134,False,2015-02
2015-02-01,SO,buy_call,0.999,1,-9.72,-0.999,-0.00999,False,2015-02
2015-02-01,SPG,buy_call,1.5275,1,-4.178,-1.5275,-0.015275,False,2015-02
2015-02-01,T,buy_call,1.5685,1,6.9627,5.3942,0.053942,False,2015-02
2015-02-01,TGT,buy_call,1.2381,1,4.3744,3.1363,0.031363,False,2015-02
2015-02-01,TMO,buy_call,1.4306,1,3.8256,2.395,0.02395,False,2015-02
2015-02-01,TXN,buy_call,2.1114,1,10.6957,8.5843,0.085843,False,2015-02
2015-02-01,UNH,buy_call,1.5039,1,6.9459,5.442,0.05442,False,2015-02
2015-02-01,UNP,buy_call,1.6349,1,2.6022,0.9673,0.009673,False,2015-02
2015-02-01,USB,buy_call,1.3855,1,6.4424,5.0568,0.050568,False,2015-02
2015-02-01,V,buy_call,1.29,1,6.4336,5.1436,0.051436,False,2015-02
2015-02-01,VZ,buy_call,1.5685,1,9.4619,7.8934,0.078934,False,2015-02
2015-02-01,WFC,buy_call,1.7617,1,5.5278,3.7661,0.037661,False,2015-02
2015-02-01,WMT,buy_call,1.2381,1,-1.2356,-1.2381,-0.012381,False,2015-02
2015-02-01,XOM,buy_call,1.6349,1,1.2811,-0.3537,-0.003537,False,2015-02
2015-03-01,AAPL,buy_call,1.8239,1,-2.7549,-1.8239,-0.018239,False,2015-03
2015-03-01,ABBV,buy_call,1.6388,1,-3.2396,-1.6388,-0.016388,False,2015-03
2015-03-01,ABT,buy_call,1.426,1,-2.1955,-1.426,-0.01426,False,2015-03
2015-03-01,ADBE,buy_call,1.6667,1,-6.5234,-1.6667,-0.016667,False,2015-03
2015-03-01,ADP,buy_call,1.7508,1,-3.602,-1.7508,-0.017508,False,2015-03
2015-03-01,AMGN,buy_call,1.6388,1,1.8871,0.2483,0.002483,False,2015-03
2015-03-01,AMT,buy_call,1.7508,1,-5.0333,-1.7508,-0.017508,False,2015-03
2015-03-01,AMZN,buy_call,2.2187,1,-2.1202,-2.2187,-0.022187,False,2015-03
2015-03-01,AXP,buy_call,1.5723,1,-4.253,-1.5723,-0.015723,False,2015-03
2015-03-01,BA,buy_call,1.7395,1,0.1049,-1.6346,-0.016346,False,2015-03
2015-03-01,BAC,buy_call,1.8541,1,-2.6565,-1.8541,-0.018541,False,2015-03
2015-03-01,BDX,buy_call,1.426,1,-2.1334,-1.426,-0.01426,False,2015-03
2015-03-01,BIIB,buy_call,1.6388,1,3.0885,1.4496,0.014496,False,2015-03
2015-03-01,BLK,buy_call,1.5881,1,-1.5024,-1.5881,-0.015881,False,2015-03
2015-03-01,BMY,buy_call,1.6388,1,5.8766,4.2378,0.042378,False,2015-03
2015-03-01,BRK-B,buy_call,1.0489,1,-2.0962,-1.0489,-0.010489,False,2015-03
2015-03-01,C,buy_call,1.7395,1,-1.7169,-1.7395,-0.017395,False,2015-03
2015-03-01,CAT,buy_call,1.8738,1,-3.462,-1.8738,-0.018738,False,2015-03
2015-03-01,CL,buy_call,1.2172,1,-2.0898,-1.2172,-0.012172,False,2015-03
2015-03-01,CMCSA,buy_call,1.7978,1,-4.9006,-1.7978,-0.017978,False,2015-03
2015-03-01,COST,buy_call,1.495,1,6.7604,5.2653,0.052653,False,2015-03
2015-03-01,CRM,buy_call,2.2583,1,-3.7042,-2.2583,-0.022583,False,2015-03
2015-03-01,CSCO,buy_call,1.7508,1,-6.7096,-1.7508,-0.017508,False,2015-03
2015-03-01,CTSH,buy_call,1.7508,1,-0.16,-1.7508,-0.017508,False,2015-03
2015-03-01,CVS,buy_call,1.7237,1,-0.6354,-1.7237,-0.017237,False,2015-03
2015-03-01,CVX,buy_call,1.7761,1,-0.6267,-1.7761,-0.017761,False,2015-03
2015-03-01,DD,buy_call,1.7508,1,-2.5589,-1.7508,-0.017508,False,2015-03
2015-03-01,DHR,buy_call,1.426,1,-2.7268,-1.426,-0.01426,False,2015-03
2015-03-01,DIS,buy_call,1.9284,1,0.7783,-1.1502,-0.011502,False,2015-03
2015-03-01,ELV,buy_call,1.7237,1,5.4353,3.7116,0.037116,False,2015-03
2015-03-01,EOG,buy_call,1.8738,1,2.1957,0.3219,0.003219,False,2015-03
2015-03-01,F,buy_call,1.8738,1,-1.224,-1.8738,-0.018738,False,2015-03
2015-03-01,FDX,buy_call,1.7508,1,-6.5149,-1.7508,-0.017508,False,2015-03
2015-03-01,GE,buy_call,1.8738,1,-3.6627,-1.8738,-0.018738,False,2015-03
2015-03-01,GILD,skip,0.0,0,-5.2159,0.0,0.0,False,2015-03
2015-03-01,GIS,buy_call,1.2953,1,5.224,3.9287,0.039287,False,2015-03
2015-03-01,GM,buy_call,1.8738,1,0.5092,-1.3646,-0.013646,False,2015-03
2015-03-01,GOOGL,buy_call,2.0212,1,-1.4095,-2.0212,-0.020212,False,2015-03
2015-03-01,GS,buy_call,1.5881,1,-0.648,-1.5881,-0.015881,False,2015-03
2015-03-01,HAL,buy_call,1.8738,1,2.1891,0.3153,0.003153,False,2015-03
2015-03-01,HD,buy_call,1.6211,1,-0.9934,-1.6211,-0.016211,False,2015-03
2015-03-01,HON,buy_call,1.7508,1,1.9947,0.2439,0.002439,False,2015-03
2015-03-01,IBM,buy_call,1.7508,1,-0.194,-1.7508,-0.017508,False,2015-03
2015-03-01,INTC,buy_call,2.42,1,-5.2803,-2.42,-0.0242,False,2015-03
2015-03-01,ITW,buy_call,1.7508,1,-1.7398,-1.7508,-0.017508,False,2015-03
2015-03-01,JNJ,buy_call,1.1927,1,-1.1763,-1.1927,-0.011927,False,2015-03
2015-03-01,JPM,buy_call,1.5881,1,-1.1423,-1.5881,-0.015881,False,2015-03
2015-03-01,KO,buy_call,1.145,1,-6.351,-1.145,-0.01145,False,2015-03
2015-03-01,LLY,skip,0.0,0,4.2738,0.0,0.0,False,2015-03
2015-03-01,LMT,buy_call,1.8738,1,2.203,0.3291,0.003291,False,2015-03
2015-03-01,LOW,buy_call,1.6211,1,0.4049,-1.2162,-0.012162,False,2015-03
2015-03-01,LYB,buy_call,1.8738,1,3.0048,1.131,0.01131,False,2015-03
2015-03-01,MA,buy_call,1.5723,1,-4.1495,-1.5723,-0.015723,False,2015-03
2015-03-01,MCD,buy_call,1.145,1,-0.6201,-1.145,-0.01145,False,2015-03
2015-03-01,MDLZ,buy_call,1.2953,1,-2.301,-1.2953,-0.012953,False,2015-03
2015-03-01,MDT,buy_call,1.426,1,0.5155,-0.9105,-0.009105,False,2015-03
2015-03-01,MET,buy_call,1.5881,1,0.163,-1.425,-0.01425,False,2015-03
2015-03-01,META,buy_call,2.5154,1,4.1155,1.6,0.016,False,2015-03
2015-03-01,MMM,buy_call,1.7508,1,-1.5856,-1.7508,-0.017508,False,2015-03
2015-03-01,MO,buy_call,1.2953,1,-11.1387,-1.2953,-0.012953,False,2015-03
2015-03-01,MRK,skip,0.0,0,-1.8107,0.0,0.0,False,2015-03
2015-03-01,MS,buy_call,1.5881,1,-0.2794,-1.5881,-0.015881,False,2015-03
2015-03-01,MSFT,buy_call,1.6667,1,-6.6149,-1.6667,-0.016667,False,2015-03
2015-03-01,NEE,skip,0.0,0,1.3056,0.0,0.0,False,2015-03
2015-03-01,NFLX,buy_call,2.5935,1,-12.2592,-2.5935,-0.025935,False,2015-03
2015-03-01,NKE,buy_call,2.0343,1,3.6048,1.5705,0.015705,False,2015-03
2015-03-01,ORCL,buy_call,2.0848,1,-1.5289,-2.0848,-0.020848,False,2015-03
2015-03-01,PEP,buy_call,1.2953,1,-3.3946,-1.2953,-0.012953,False,2015-03
2015-03-01,PFE,buy_call,1.6388,1,2.2637,0.6249,0.006249,False,2015-03
2015-03-01,PG,buy_call,1.2172,1,-3.7472,-1.2172,-0.012172,False,2015-03
2015-03-01,PM,buy_call,1.2953,1,-9.1972,-1.2953,-0.012953,False,2015-03
2015-03-01,PPL,skip,0.0,0,-1.2903,0.0,0.0,False,2015-03
2015-03-01,PRU,buy_call,1.5881,1,0.0548,-1.5333,-0.015333,False,2015-03
2015-03-01,QCOM,buy_call,2.4666,1,-4.3718,-2.4666,-0.024666,False,2015-03
2015-03-01,SBUX,buy_call,1.145,1,1.664,0.519,0.00519,False,2015-03
2015-03-01,SLB,buy_call,1.8738,1,-0.2768,-1.8738,-0.018738,False,2015-03
2015-03-01,SO,skip,0.0,0,-2.2272,0.0,0.0,False,2015-03
2015-03-01,SPG,skip,0.0,0,3.5179,0.0,0.0,False,2015-03
2015-03-01,T,buy_call,1.7978,1,-5.5266,-1.7978,-0.017978,False,2015-03
2015-03-01,TGT,buy_call,1.4191,1,7.5478,6.1287,0.061287,False,2015-03
2015-03-01,TMO,buy_call,1.6397,1,3.3385,1.6988,0.016988,False,2015-03
2015-03-01,TXN,buy_call,2.42,1,-2.7381,-2.42,-0.0242,False,2015-03
2015-03-01,UNH,buy_call,1.7237,1,4.1011,2.3773,0.023773,False,2015-03
2015-03-01,UNP,buy_call,1.8738,1,-9.5312,-1.8738,-0.018738,False,2015-03
2015-03-01,USB,buy_call,1.5881,1,-2.1072,-1.5881,-0.015881,False,2015-03
2015-03-01,V,buy_call,1.4786,1,-3.3888,-1.4786,-0.014786,False,2015-03
2015-03-01,VZ,buy_call,1.7978,1,-1.6582,-1.7978,-0.017978,False,2015-03
2015-03-01,WFC,buy_call,2.0192,1,-0.0574,-2.0192,-0.020192,False,2015-03
2015-03-01,WMT,skip,0.0,0,-2.0017,0.0,0.0,False,2015-03
2015-03-01,XOM,buy_call,1.8738,1,-3.2755,-1.8738,-0.018738,False,2015-03
2015-04-01,AAPL,skip,0.0,0,0.5786,0.0,0.0,True,2015-04
2015-04-01,ABBV,skip,0.0,0,10.4544,0.0,0.0,True,2015-04
2015-04-01,ABT,skip,0.0,0,0.1943,0.0,0.0,True,2015-04
2015-04-01,ADBE,skip,0.0,0,2.8672,0.0,0.0,True,2015-04
2015-04-01,ADP,skip,0.0,0,-0.7131,0.0,0.0,True,2015-04
2015-04-01,AMGN,buy_call,1.5595,4,-1.2136,-1.5595,-0.06238,True,2015-04
2015-04-01,AMT,skip,0.0,0,0.4036,0.0,0.0,True,2015-04
2015-04-01,AMZN,skip,0.0,0,13.3513,0.0,0.0,True,2015-04
2015-04-01,AXP,skip,0.0,0,-0.5263,0.0,0.0,True,2015-04
2015-04-01,BA,buy_call,1.6553,4,-4.491,-1.6553,-0.066212,True,2015-04
2015-04-01,BAC,skip,0.0,0,3.8324,0.0,0.0,True,2015-04
2015-04-01,BDX,skip,0.0,0,-1.4989,0.0,0.0,True,2015-04
2015-04-01,BIIB,buy_call,1.5595,4,-11.4414,-1.5595,-0.06238,True,2015-04
2015-04-01,BLK,skip,0.0,0,0.0644,0.0,0.0,True,2015-04
2015-04-01,BMY,buy_call,1.5595,4,-1.1938,-1.5595,-0.06238,True,2015-04
2015-04-01,BRK-B,skip,0.0,0,-2.1549,0.0,0.0,True,2015-04
2015-04-01,C,skip,0.0,0,3.4938,0.0,0.0,True,2015-04
2015-04-01,CAT,skip,0.0,0,8.5593,0.0,0.0,True,2015-04
2015-04-01,CL,skip,0.0,0,-2.9709,0.0,0.0,True,2015-04
2015-04-01,CMCSA,skip,0.0,0,2.7436,0.0,0.0,True,2015-04
2015-04-01,COST,buy_call,1.4227,4,-5.5775,-1.4227,-0.056908,True,2015-04
2015-04-01,CRM,skip,0.0,0,8.9957,0.0,0.0,True,2015-04
2015-04-01,CSCO,skip,0.0,0,5.5235,0.0,0.0,True,2015-04
2015-04-01,CTSH,skip,0.0,0,-6.1709,0.0,0.0,True,2015-04
2015-04-01,CVS,skip,0.0,0,-3.7981,0.0,0.0,True,2015-04
2015-04-01,CVX,skip,0.0,0,5.7916,0.0,0.0,True,2015-04
2015-04-01,DD,skip,0.0,0,7.2556,0.0,0.0,True,2015-04
2015-04-01,DHR,skip,0.0,0,-3.4054,0.0,0.0,True,2015-04
2015-04-01,DIS,buy_call,1.8351,4,3.6514,1.8163,0.072652,True,2015-04
2015-04-01,ELV,buy_call,1.6403,4,-1.8359,-1.6403,-0.065612,True,2015-04
2015-04-01,EOG,buy_call,1.7832,4,7.918,6.1349,0.245396,True,2015-04
2015-04-01,F,skip,0.0,0,-2.1066,0.0,0.0,True,2015-04
2015-04-01,FDX,skip,0.0,0,2.6087,0.0,0.0,True,2015-04
2015-04-01,GE,skip,0.0,0,9.1496,0.0,0.0,True,2015-04
2015-04-01,GILD,skip,0.0,0,2.4253,0.0,0.0,True,2015-04
2015-04-01,GIS,buy_call,1.2326,4,-2.2262,-1.2326,-0.049304,True,2015-04
2015-04-01,GM,buy_call,1.7832,4,-5.739,-1.7832,-0.071328,True,2015-04
2015-04-01,GOOGL,skip,0.0,0,-1.069,0.0,0.0,True,2015-04
2015-04-01,GS,skip,0.0,0,4.4954,0.0,0.0,True,2015-04
2015-04-01,HAL,buy_call,1.7832,4,12.0238,10.2406,0.409624,True,2015-04
2015-04-01,HD,skip,0.0,0,-5.3512,0.0,0.0,True,2015-04
2015-04-01,HON,buy_call,1.6661,4,-3.2499,-1.6661,-0.066644,True,2015-04
2015-04-01,IBM,skip,0.0,0,6.7228,0.0,0.0,True,2015-04
2015-04-01,INTC,skip,0.0,0,4.0934,0.0,0.0,True,2015-04
2015-04-01,ITW,skip,0.0,0,-3.1783,0.0,0.0,True,2015-04
2015-04-01,JNJ,skip,0.0,0,-1.3917,0.0,0.0,True,2015-04
2015-04-01,JPM,skip,0.0,0,4.4239,0.0,0.0,True,2015-04
2015-04-01,KO,skip,0.0,0,0.8546,0.0,0.0,True,2015-04
2015-04-01,LLY,buy_call,1.9423,4,-1.0737,-1.9423,-0.077692,True,2015-04
2015-04-01,LMT,buy_call,1.7832,4,-8.0607,-1.7832,-0.071328,True,2015-04
2015-04-01,LOW,buy_call,1.5427,4,-7.4338,-1.5427,-0.061708,True,2015-04
2015-04-01,LYB,buy_call,1.7832,4,17.9043,16.1212,0.644848,True,2015-04
2015-04-01,MA,skip,0.0,0,4.4218,0.0,0.0,True,2015-04
2015-04-01,MCD,skip,0.0,0,-0.9134,0.0,0.0,True,2015-04
2015-04-01,MDLZ,skip,0.0,0,6.7741,0.0,0.0,True,2015-04
2015-04-01,MDT,buy_call,1.357,4,-4.1623,-1.357,-0.05428,True,2015-04
2015-04-01,MET,buy_call,1.5112,4,1.4639,-0.0473,-0.001892,True,2015-04
2015-04-01,META,buy_call,2.3937,4,-4.196,-2.3937,-0.095748,True,2015-04
2015-04-01,MMM,skip,0.0,0,-5.1894,0.0,0.0,True,2015-04
2015-04-01,MO,skip,0.0,0,1.0664,0.0,0.0,True,2015-04
2015-04-01,MRK,skip,0.0,0,4.4571,0.0,0.0,True,2015-04
2015-04-01,MS,skip,0.0,0,4.5391,0.0,0.0,True,2015-04
2015-04-01,MSFT,skip,0.0,0,19.6262,0.0,0.0,True,2015-04
2015-04-01,NEE,buy_call,1.0896,4,-2.9986,-1.0896,-0.043584,True,2015-04
2015-04-01,NFLX,skip,0.0,0,33.5525,0.0,0.0,True,2015-04
2015-04-01,NKE,buy_call,1.9359,4,-1.4851,-1.9359,-0.077436,True,2015-04
2015-04-01,ORCL,skip,0.0,0,1.0892,0.0,0.0,True,2015-04
2015-04-01,PEP,skip,0.0,0,0.1437,0.0,0.0,True,2015-04
2015-04-01,PFE,buy_call,1.5595,4,-2.472,-1.5595,-0.06238,True,2015-04
2015-04-01,PG,skip,0.0,0,-2.9656,0.0,0.0,True,2015-04
2015-04-01,PM,skip,0.0,0,12.2109,0.0,0.0,True,2015-04
2015-04-01,PPL,skip,0.0,0,2.2407,0.0,0.0,True,2015-04
2015-04-01,PRU,buy_call,1.5112,4,1.6063,0.0951,0.003804,True,2015-04
2015-04-01,QCOM,skip,0.0,0,-1.3611,0.0,0.0,True,2015-04
2015-04-01,SBUX,buy_call,1.0896,4,4.7096,3.62,0.1448,True,2015-04
2015-04-01,SLB,skip,0.0,0,13.3868,0.0,0.0,True,2015-04
2015-04-01,SO,skip,0.0,0,0.0452,0.0,0.0,True,2015-04
2015-04-01,SPG,buy_call,1.6661,4,-7.2327,-1.6661,-0.066644,True,2015-04
2015-04-01,T,skip,0.0,0,6.0949,0.0,0.0,True,2015-04
2015-04-01,TGT,buy_call,1.3504,4,-3.9478,-1.3504,-0.054016,True,2015-04
2015-04-01,TMO,buy_call,1.5603,4,-6.3365,-1.5603,-0.062412,True,2015-04
2015-04-01,TXN,skip,0.0,0,-5.2107,0.0,0.0,True,2015-04
2015-04-01,UNH,buy_call,1.6403,4,-5.5096,-1.6403,-0.065612,True,2015-04
2015-04-01,UNP,skip,0.0,0,-1.9204,0.0,0.0,True,2015-04
2015-04-01,USB,skip,0.0,0,-1.2726,0.0,0.0,True,2015-04
2015-04-01,V,skip,0.0,0,0.9784,0.0,0.0,True,2015-04
2015-04-01,VZ,skip,0.0,0,3.722,0.0,0.0,True,2015-04
2015-04-01,WFC,skip,0.0,0,1.2868,0.0,0.0,True,2015-04
2015-04-01,WMT,skip,0.0,0,-4.5364,0.0,0.0,True,2015-04
2015-04-01,XOM,skip,0.0,0,2.7882,0.0,0.0,True,2015-04
2015-05-01,AAPL,buy_call,1.6509,2,4.0991,2.4482,0.048964,True,2015-05
2015-05-01,ABBV,buy_call,1.4834,2,3.839,2.3556,0.047112,True,2015-05
2015-05-01,ABT,buy_call,1.2908,2,5.2319,3.9411,0.078822,True,2015-05
2015-05-01,ADBE,buy_call,1.5086,2,3.9837,2.4751,0.049502,True,2015-05
2015-05-01,ADP,skip,0.0,0,1.1474,0.0,0.0,True,2015-05
2015-05-01,AMGN,skip,0.0,0,-1.0449,0.0,0.0,True,2015-05
2015-05-01,AMT,buy_call,1.5848,2,-1.4132,-1.5848,-0.031696,True,2015-05
2015-05-01,AMZN,buy_call,2.0083,2,1.7663,-0.242,-0.00484,True,2015-05
2015-05-01,AXP,skip,0.0,0,2.9309,0.0,0.0,True,2015-05
2015-05-01,BA,skip,0.0,0,-1.9673,0.0,0.0,True,2015-05
2015-05-01,BAC,buy_call,1.6782,2,3.5781,1.8999,0.037998,True,2015-05
2015-05-01,BDX,skip,0.0,0,-0.2556,0.0,0.0,True,2015-05
2015-05-01,BIIB,skip,0.0,0,6.1669,0.0,0.0,True,2015-05
2015-05-01,BLK,buy_call,1.4375,2,0.5056,-0.9319,-0.018638,True,2015-05
2015-05-01,BMY,skip,0.0,0,1.95,0.0,0.0,True,2015-05
2015-05-01,BRK-B,skip,0.0,0,1.2676,0.0,0.0,True,2015-05
2015-05-01,C,buy_call,1.5745,2,1.4254,-0.1492,-0.002984,True,2015-05
2015-05-01,CAT,buy_call,1.6961,2,-0.9817,-1.6961,-0.033922,True,2015-05
2015-05-01,CL,skip,0.0,0,-0.1742,0.0,0.0,True,2015-05
2015-05-01,CMCSA,buy_call,1.6273,2,1.2119,-0.4154,-0.008308,True,2015-05
2015-05-01,COST,skip,0.0,0,-0.0489,0.0,0.0,True,2015-05
2015-05-01,CRM,buy_call,2.0441,2,-0.0961,-2.0441,-0.040882,True,2015-05
2015-05-01,CSCO,buy_call,1.5848,2,1.6649,0.0801,0.001602,True,2015-05
2015-05-01,CTSH,skip,0.0,0,10.5569,0.0,0.0,True,2015-05
2015-05-01,CVS,skip,0.0,0,3.4692,0.0,0.0,True,2015-05
2015-05-01,CVX,buy_call,1.6077,2,-7.2573,-1.6077,-0.032154,True,2015-05
2015-05-01,DD,buy_call,1.5848,2,2.0981,0.5133,0.010266,True,2015-05
2015-05-01,DHR,skip,0.0,0,5.4226,0.0,0.0,True,2015-05
2015-05-01,DIS,buy_call,1.7456,2,1.5177,-0.2279,-0.004558,True,2015-05
2015-05-01,ELV,skip,0.0,0,11.2104,0.0,0.0,True,2015-05
2015-05-01,EOG,buy_call,1.6961,2,-10.2096,-1.6961,-0.033922,True,2015-05
2015-05-01,F,skip,0.0,0,-3.0822,0.0,0.0,True,2015-05
2015-05-01,FDX,buy_call,1.5848,2,2.1525,0.5677,0.011354,True,2015-05
2015-05-01,GE,buy_call,1.6961,2,0.7016,-0.9945,-0.01989,True,2015-05
2015-05-01,GILD,buy_call,1.4834,2,11.7004,10.217,0.20434,True,2015-05
2015-05-01,GIS,skip,0.0,0,2.266,0.0,0.0,True,2015-05
2015-05-01,GM,skip,0.0,0,2.5955,0.0,0.0,True,2015-05
2015-05-01,GOOGL,skip,0.0,0,-0.6287,0.0,0.0,True,2015-05
2015-05-01,GS,buy_call,1.4375,2,4.9741,3.5366,0.070732,True,2015-05
2015-05-01,HAL,buy_call,1.6961,2,-7.2523,-1.6961,-0.033922,True,2015-05
2015-05-01,HD,skip,0.0,0,4.1503,0.0,0.0,True,2015-05
2015-05-01,HON,skip,0.0,0,3.2501,0.0,0.0,True,2015-05
2015-05-01,IBM,buy_call,1.5848,2,-0.9575,-1.5848,-0.031696,True,2015-05
2015-05-01,INTC,buy_call,2.1905,2,5.8679,3.6774,0.073548,True,2015-05
2015-05-01,ITW,skip,0.0,0,0.2671,0.0,0.0,True,2015-05
2015-05-01,JNJ,skip,0.0,0,0.9476,0.0,0.0,True,2015-05
2015-05-01,JPM,buy_call,1.4375,2,4.6747,3.2372,0.064744,True,2015-05
2015-05-01,KO,buy_call,1.0364,2,0.9862,-0.0503,-0.001006,True,2015-05
2015-05-01,LLY,skip,0.0,0,9.7815,0.0,0.0,True,2015-05
2015-05-01,LMT,skip,0.0,0,0.8574,0.0,0.0,True,2015-05
2015-05-01,LOW,skip,0.0,0,1.9497,0.0,0.0,True,2015-05
2015-05-01,LYB,buy_call,1.6961,2,-2.3377,-1.6961,-0.033922,True,2015-05
2015-05-01,MA,buy_call,1.4232,2,2.4602,1.037,0.02074,True,2015-05
2015-05-01,MCD,skip,0.0,0,-0.6421,0.0,0.0,True,2015-05
2015-05-01,MDLZ,buy_call,1.1725,2,8.392,7.2195,0.14439,True,2015-05
2015-05-01,MDT,skip,0.0,0,2.5117,0.0,0.0,True,2015-05
2015-05-01,MET,buy_call,1.4375,2,1.8912,0.4537,0.009074,True,2015-05
2015-05-01,META,skip,0.0,0,0.5332,0.0,0.0,True,2015-05
2015-05-01,MMM,skip,0.0,0,1.72,0.0,0.0,True,2015-05
2015-05-01,MO,buy_call,1.1725,2,2.2977,1.1252,0.022504,True,2015-05
2015-05-01,MRK,buy_call,1.4271,2,2.2331,0.8059,0.016118,True,2015-05
2015-05-01,MS,buy_call,1.4375,2,2.8016,1.3641,0.027282,True,2015-05
2015-05-01,MSFT,buy_call,1.5086,2,-3.6595,-1.5086,-0.030172,True,2015-05
2015-05-01,NEE,skip,0.0,0,1.397,0.0,0.0,True,2015-05
2015-05-01,NFLX,buy_call,2.3476,2,12.1402,9.7926,0.195852,True,2015-05
2015-05-01,NKE,skip,0.0,0,2.8633,0.0,0.0,True,2015-05
2015-05-01,ORCL,buy_call,1.887,2,0.0515,-1.8355,-0.03671,True,2015-05
2015-05-01,PEP,buy_call,1.1725,2,1.3772,0.2047,0.004094,True,2015-05
2015-05-01,PFE,skip,0.0,0,2.4167,0.0,0.0,True,2015-05
2015-05-01,PG,skip,0.0,0,-0.6156,0.0,0.0,True,2015-05
2015-05-01,PM,buy_call,1.1725,2,-0.4792,-1.1725,-0.02345,True,2015-05
2015-05-01,PPL,buy_call,1.0364,2,1.9982,0.9618,0.019236,True,2015-05
2015-05-01,PRU,buy_call,1.4375,2,3.6888,2.2513,0.045026,True,2015-05
2015-05-01,QCOM,skip,0.0,0,2.4706,0.0,0.0,True,2015-05
2015-05-01,SBUX,buy_call,1.0364,2,4.8003,3.7639,0.075278,True,2015-05
2015-05-01,SLB,buy_call,1.6961,2,-4.0588,-1.6961,-0.033922,True,2015-05
2015-05-01,SO,buy_call,1.0364,2,-1.377,-1.0364,-0.020728,True,2015-05
2015-05-01,SPG,skip,0.0,0,-0.0496,0.0,0.0,True,2015-05
2015-05-01,T,buy_call,1.6273,2,1.6183,-0.009,-0.00018,True,2015-05
2015-05-01,TGT,skip,0.0,0,0.6216,0.0,0.0,True,2015-05
2015-05-01,TMO,skip,0.0,0,3.1429,0.0,0.0,True,2015-05
2015-05-01,TXN,skip,0.0,0,3.7895,0.0,0.0,True,2015-05
2015-05-01,UNH,skip,0.0,0,7.9084,0.0,0.0,True,2015-05
2015-05-01,UNP,skip,0.0,0,-5.008,0.0,0.0,True,2015-05
2015-05-01,USB,skip,0.0,0,0.5598,0.0,0.0,True,2015-05
2015-05-01,V,buy_call,1.3384,2,3.9818,2.6435,0.05287,True,2015-05
2015-05-01,VZ,buy_call,1.6273,2,-0.8761,-1.6273,-0.032546,True,2015-05
2015-05-01,WFC,buy_call,1.8277,2,1.5608,-0.2669,-0.005338,True,2015-05
2015-05-01,WMT,skip,0.0,0,-4.8431,0.0,0.0,True,2015-05
2015-05-01,XOM,buy_call,1.6961,2,-2.4837,-1.6961,-0.033922,True,2015-05
2015-06-01,AAPL,buy_call,2.1746,1,-3.3206,-2.1746,-0.021746,False,2015-06
2015-06-01,ABBV,buy_call,1.9539,1,0.901,-1.0529,-0.010529,False,2015-06
2015-06-01,ABT,buy_call,1.7002,1,0.9877,-0.7125,-0.007125,False,2015-06
2015-06-01,ADBE,buy_call,1.9872,1,2.4276,0.4405,0.004405,False,2015-06
2015-06-01,ADP,buy_call,2.0875,1,-6.1748,-2.0875,-0.020875,False,2015-06
2015-06-01,AMGN,skip,0.0,0,-1.2691,0.0,0.0,False,2015-06
2015-06-01,AMT,skip,0.0,0,0.5388,0.0,0.0,False,2015-06
2015-06-01,AMZN,buy_call,2.6453,1,1.1323,-1.513,-0.01513,False,2015-06
2015-06-01,AXP,buy_call,1.8746,1,-2.5088,-1.8746,-0.018746,False,2015-06
2015-06-01,BA,skip,0.0,0,-0.6483,0.0,0.0,False,2015-06
2015-06-01,BAC,buy_call,2.2106,1,3.1515,0.941,0.00941,False,2015-06
2015-06-01,BDX,skip,0.0,0,0.8113,0.0,0.0,False,2015-06
2015-06-01,BIIB,buy_call,1.9539,1,1.7507,-0.2033,-0.002033,False,2015-06
2015-06-01,BLK,buy_call,1.8934,1,-5.4131,-1.8934,-0.018934,False,2015-06
2015-06-01,BMY,buy_call,1.9539,1,3.0031,1.0491,0.010491,False,2015-06
2015-06-01,BRK-B,buy_call,1.2506,1,-4.8182,-1.2506,-0.012506,False,2015-06
2015-06-01,C,buy_call,2.0739,1,2.2417,0.1678,0.001678,False,2015-06
2015-06-01,CAT,skip,0.0,0,-0.586,0.0,0.0,False,2015-06
2015-06-01,CL,skip,0.0,0,-2.0661,0.0,0.0,False,2015-06
2015-06-01,CMCSA,buy_call,2.1435,1,2.8738,0.7303,0.007303,False,2015-06
2015-06-01,COST,skip,0.0,0,-5.2809,0.0,0.0,False,2015-06
2015-06-01,CRM,skip,0.0,0,-4.2887,0.0,0.0,False,2015-06
2015-06-01,CSCO,buy_call,2.0875,1,-6.3118,-2.0875,-0.020875,False,2015-06
2015-06-01,CTSH,buy_call,2.0875,1,-5.6088,-2.0875,-0.020875,False,2015-06
2015-06-01,CVS,buy_call,2.0552,1,2.4418,0.3866,0.003866,False,2015-06
2015-06-01,CVX,skip,0.0,0,-5.4065,0.0,0.0,False,2015-06
2015-06-01,DD,buy_call,2.0875,1,-1.7284,-2.0875,-0.020875,False,2015-06
2015-06-01,DHR,buy_call,1.7002,1,-0.8457,-1.7002,-0.017002,False,2015-06
2015-06-01,DIS,buy_call,2.2992,1,3.4158,1.1165,0.011165,False,2015-06
2015-06-01,ELV,buy_call,2.0552,1,-2.2104,-2.0552,-0.020552,False,2015-06
2015-06-01,EOG,skip,0.0,0,-1.2853,0.0,0.0,False,2015-06
2015-06-01,F,skip,0.0,0,-1.0547,0.0,0.0,False,2015-06
2015-06-01,FDX,buy_call,2.0875,1,-1.628,-2.0875,-0.020875,False,2015-06
2015-06-01,GE,buy_call,2.2342,1,-2.5669,-2.2342,-0.022342,False,2015-06
2015-06-01,GILD,buy_call,1.9539,1,4.2843,2.3304,0.023304,False,2015-06
2015-06-01,GIS,buy_call,1.5444,1,-0.7658,-1.5444,-0.015444,False,2015-06
2015-06-01,GM,buy_call,2.2342,1,-7.3395,-2.2342,-0.022342,False,2015-06
2015-06-01,GOOGL,skip,0.0,0,-0.9682,0.0,0.0,False,2015-06
2015-06-01,GS,buy_call,1.8934,1,1.5767,-0.3167,-0.003167,False,2015-06
2015-06-01,HAL,skip,0.0,0,-5.1322,0.0,0.0,False,2015-06
2015-06-01,HD,buy_call,1.9329,1,-0.2603,-1.9329,-0.019329,False,2015-06
2015-06-01,HON,buy_call,2.0875,1,-1.663,-2.0875,-0.020875,False,2015-06
2015-06-01,IBM,skip,0.0,0,-3.3946,0.0,0.0,False,2015-06
2015-06-01,INTC,buy_call,2.8853,1,-11.0854,-2.8853,-0.028853,False,2015-06
2015-06-01,ITW,buy_call,2.0875,1,-2.1741,-2.0875,-0.020875,False,2015-06
2015-06-01,JNJ,buy_call,1.422,1,-1.9665,-1.422,-0.01422,False,2015-06
2015-06-01,JPM,buy_call,1.8934,1,3.01,1.1166,0.011166,False,2015-06
2015-06-01,KO,buy_call,1.3652,1,-4.2236,-1.3652,-0.013652,False,2015-06
2015-06-01,LLY,buy_call,2.4335,1,6.5493,4.1158,0.041158,False,2015-06
2015-06-01,LMT,buy_call,2.2342,1,-0.4416,-2.2342,-0.022342,False,2015-06
2015-06-01,LOW,buy_call,1.9329,1,-4.3013,-1.9329,-0.019329,False,2015-06
2015-06-01,LYB,skip,0.0,0,2.3937,0.0,0.0,False,2015-06
2015-06-01,MA,buy_call,1.8746,1,1.3224,-0.5522,-0.005522,False,2015-06
2015-06-01,MCD,skip,0.0,0,-0.0352,0.0,0.0,False,2015-06
2015-06-01,MDLZ,buy_call,1.5444,1,-1.082,-1.5444,-0.015444,False,2015-06
2015-06-01,MDT,buy_call,1.7002,1,-2.9088,-1.7002,-0.017002,False,2015-06
2015-06-01,MET,buy_call,1.8934,1,7.919,6.0255,0.060255,False,2015-06
2015-06-01,META,buy_call,2.9991,1,8.3091,5.31,0.0531,False,2015-06
2015-06-01,MMM,buy_call,2.0875,1,-2.3914,-2.0875,-0.020875,False,2015-06
2015-06-01,MO,buy_call,1.5444,1,-4.4727,-1.5444,-0.015444,False,2015-06
2015-06-01,MRK,buy_call,1.8798,1,-6.5036,-1.8798,-0.018798,False,2015-06
2015-06-01,MS,buy_call,1.8934,1,1.5445,-0.3489,-0.003489,False,2015-06
2015-06-01,MSFT,skip,0.0,0,-5.1709,0.0,0.0,False,2015-06
2015-06-01,NEE,buy_call,1.3652,1,-3.4758,-1.3652,-0.013652,False,2015-06
2015-06-01,NFLX,buy_call,3.0922,1,5.2687,2.1765,0.021765,False,2015-06
2015-06-01,NKE,buy_call,2.4255,1,6.5357,4.1102,0.041102,False,2015-06
2015-06-01,ORCL,buy_call,2.4856,1,-7.335,-2.4856,-0.024856,False,2015-06
2015-06-01,PEP,buy_call,1.5444,1,-3.2044,-1.5444,-0.015444,False,2015-06
2015-06-01,PFE,buy_call,1.9539,1,-2.7124,-1.9539,-0.019539,False,2015-06
2015-06-01,PG,skip,0.0,0,-0.1914,0.0,0.0,False,2015-06
2015-06-01,PM,skip,0.0,0,-3.491,0.0,0.0,False,2015-06
2015-06-01,PPL,buy_call,1.3652,1,-8.8431,-1.3652,-0.013652,False,2015-06
2015-06-01,PRU,buy_call,1.8934,1,4.1446,2.2512,0.022512,False,2015-06
2015-06-01,QCOM,buy_call,2.9409,1,-10.1177,-2.9409,-0.029409,False,2015-06
2015-06-01,SBUX,buy_call,1.3652,1,3.5231,2.1579,0.021579,False,2015-06
2015-06-01,SLB,skip,0.0,0,-5.0457,0.0,0.0,False,2015-06
2015-06-01,SO,skip,0.0,0,-2.8814,0.0,0.0,False,2015-06
2015-06-01,SPG,skip,0.0,0,-3.8375,0.0,0.0,False,2015-06
2015-06-01,T,buy_call,2.1435,1,2.8373,0.6938,0.006938,False,2015-06
2015-06-01,TGT,buy_call,1.6919,1,3.5982,1.9063,0.019063,False,2015-06
2015-06-01,TMO,buy_call,1.955,1,0.1003,-1.8547,-0.018547,False,2015-06
2015-06-01,TXN,buy_call,2.8853,1,-7.8863,-2.8853,-0.028853,False,2015-06
2015-06-01,UNH,buy_call,2.0552,1,1.4891,-0.5661,-0.005661,False,2015-06
2015-06-01,UNP,skip,0.0,0,-4.9821,0.0,0.0,False,2015-06
2015-06-01,USB,buy_call,1.8934,1,0.6727,-1.2207,-0.012207,False,2015-06
2015-06-01,V,buy_call,1.7629,1,-2.0567,-1.7629,-0.017629,False,2015-06
2015-06-01,VZ,skip,0.0,0,-5.7241,0.0,0.0,False,2015-06
2015-06-01,WFC,buy_call,2.4074,1,1.1813,-1.2261,-0.012261,False,2015-06
2015-06-01,WMT,skip,0.0,0,-3.8943,0.0,0.0,False,2015-06
2015-06-01,XOM,skip,0.0,0,-1.5398,0.0,0.0,False,2015-06
2015-07-01,AAPL,skip,0.0,0,-3.2927,0.0,0.0,True,2015-07
2015-07-01,ABBV,buy_call,1.2991,2,4.1971,2.898,0.05796,True,2015-07
2015-07-01,ABT,buy_call,1.1304,2,3.2804,2.15,0.043,True,2015-07
2015-07-01,ADBE,buy_call,1.3211,2,1.2097,-0.1114,-0.002228,True,2015-07
2015-07-01,ADP,skip,0.0,0,0.016,0.0,0.0,True,2015-07
2015-07-01,AMGN,skip,0.0,0,15.0273,0.0,0.0,True,2015-07
2015-07-01,AMT,buy_call,1.3878,2,2.4345,1.0467,0.020934,True,2015-07
2015-07-01,AMZN,buy_call,1.7587,2,23.5113,21.7526,0.435052,True,2015-07
2015-07-01,AXP,skip,0.0,0,-1.7697,0.0,0.0,True,2015-07
2015-07-01,BA,skip,0.0,0,3.9288,0.0,0.0,True,2015-07
2015-07-01,BAC,buy_call,1.4697,2,5.368,3.8983,0.077966,True,2015-07
2015-07-01,BDX,buy_call,1.1304,2,7.8743,6.744,0.13488,True,2015-07
2015-07-01,BIIB,buy_call,1.2991,2,-21.0823,-1.2991,-0.025982,True,2015-07
2015-07-01,BLK,skip,0.0,0,-2.1962,0.0,0.0,True,2015-07
2015-07-01,BMY,buy_call,1.2991,2,-1.3526,-1.2991,-0.025982,True,2015-07
2015-07-01,BRK-B,skip,0.0,0,4.8711,0.0,0.0,True,2015-07
2015-07-01,C,buy_call,1.3788,2,5.8291,4.4503,0.089006,True,2015-07
2015-07-01,CAT,skip,0.0,0,-7.2978,0.0,0.0,True,2015-07
2015-07-01,CL,skip,0.0,0,3.9902,0.0,0.0,True,2015-07
2015-07-01,CMCSA,buy_call,1.425,2,4.1997,2.7746,0.055492,True,2015-07
2015-07-01,COST,skip,0.0,0,7.5819,0.0,0.0,True,2015-07
2015-07-01,CRM,skip,0.0,0,5.2707,0.0,0.0,True,2015-07
2015-07-01,CSCO,skip,0.0,0,3.496,0.0,0.0,True,2015-07
2015-07-01,CTSH,skip,0.0,0,3.2902,0.0,0.0,True,2015-07
2015-07-01,CVS,buy_call,1.3664,2,7.2369,5.8705,0.11741,True,2015-07
2015-07-01,CVX,skip,0.0,0,-8.2824,0.0,0.0,True,2015-07
2015-07-01,DD,skip,0.0,0,-7.3005,0.0,0.0,True,2015-07
2015-07-01,DHR,skip,0.0,0,7.1438,0.0,0.0,True,2015-07
2015-07-01,DIS,buy_call,1.5286,2,5.1341,3.6054,0.072108,True,2015-07
2015-07-01,ELV,skip,0.0,0,-5.651,0.0,0.0,True,2015-07
2015-07-01,EOG,skip,0.0,0,-11.8333,0.0,0.0,True,2015-07
2015-07-01,F,skip,0.0,0,-1.1992,0.0,0.0,True,2015-07
2015-07-01,FDX,skip,0.0,0,0.7365,0.0,0.0,True,2015-07
2015-07-01,GE,skip,0.0,0,-0.9334,0.0,0.0,True,2015-07
2015-07-01,GILD,buy_call,1.2991,2,1.0309,-0.2682,-0.005364,True,2015-07
2015-07-01,GIS,skip,0.0,0,4.4688,0.0,0.0,True,2015-07
2015-07-01,GM,skip,0.0,0,-4.4814,0.0,0.0,True,2015-07
2015-07-01,GOOGL,skip,0.0,0,21.7502,0.0,0.0,True,2015-07
2015-07-01,GS,buy_call,1.2588,2,-1.7816,-1.2588,-0.025176,True,2015-07
2015-07-01,HAL,skip,0.0,0,-2.5857,0.0,0.0,True,2015-07
2015-07-01,HD,skip,0.0,0,5.8685,0.0,0.0,True,2015-07
2015-07-01,HON,skip,0.0,0,3.0205,0.0,0.0,True,2015-07
2015-07-01,IBM,skip,0.0,0,-0.4119,0.0,0.0,True,2015-07
2015-07-01,INTC,skip,0.0,0,-4.8324,0.0,0.0,True,2015-07
2015-07-01,ITW,skip,0.0,0,-2.016,0.0,0.0,True,2015-07
2015-07-01,JNJ,skip,0.0,0,2.8217,0.0,0.0,True,2015-07
2015-07-01,JPM,buy_call,1.2588,2,1.1364,-0.1225,-0.00245,True,2015-07
2015-07-01,KO,skip,0.0,0,5.5797,0.0,0.0,True,2015-07
2015-07-01,LLY,buy_call,1.6179,2,1.2217,-0.3962,-0.007924,True,2015-07
2015-07-01,LMT,skip,0.0,0,11.404,0.0,0.0,True,2015-07
2015-07-01,LOW,skip,0.0,0,3.5688,0.0,0.0,True,2015-07
2015-07-01,LYB,buy_call,1.4854,2,-9.3605,-1.4854,-0.029708,True,2015-07
2015-07-01,MA,buy_call,1.2463,2,4.1934,2.9471,0.058942,True,2015-07
2015-07-01,MCD,skip,0.0,0,5.0384,0.0,0.0,True,2015-07
2015-07-01,MDLZ,skip,0.0,0,10.1006,0.0,0.0,True,2015-07
2015-07-01,MDT,skip,0.0,0,6.3263,0.0,0.0,True,2015-07
2015-07-01,MET,buy_call,1.2588,2,-0.4465,-1.2588,-0.025176,True,2015-07
2015-07-01,META,buy_call,1.9939,2,9.6071,7.6132,0.152264,True,2015-07
2015-07-01,MMM,skip,0.0,0,-1.9183,0.0,0.0,True,2015-07
2015-07-01,MO,skip,0.0,0,12.371,0.0,0.0,True,2015-07
2015-07-01,MRK,skip,0.0,0,4.3535,0.0,0.0,True,2015-07
2015-07-01,MS,buy_call,1.2588,2,0.1289,-1.1299,-0.022598,True,2015-07
2015-07-01,MSFT,skip,0.0,0,5.7758,0.0,0.0,True,2015-07
2015-07-01,NEE,skip,0.0,0,7.3141,0.0,0.0,True,2015-07
2015-07-01,NFLX,buy_call,2.0558,2,21.8026,19.7468,0.394936,True,2015-07
2015-07-01,NKE,buy_call,1.6126,2,6.6654,5.0529,0.101058,True,2015-07
2015-07-01,ORCL,skip,0.0,0,-0.8934,0.0,0.0,True,2015-07
2015-07-01,PEP,skip,0.0,0,3.9859,0.0,0.0,True,2015-07
2015-07-01,PFE,skip,0.0,0,7.5455,0.0,0.0,True,2015-07
2015-07-01,PG,skip,0.0,0,-1.9683,0.0,0.0,True,2015-07
2015-07-01,PM,skip,0.0,0,7.9848,0.0,0.0,True,2015-07
2015-07-01,PPL,skip,0.0,0,9.257,0.0,0.0,True,2015-07
2015-07-01,PRU,buy_call,1.2588,2,0.9598,-0.2991,-0.005982,True,2015-07
2015-07-01,QCOM,skip,0.0,0,3.5233,0.0,0.0,True,2015-07
2015-07-01,SBUX,buy_call,0.9076,2,8.0381,7.1305,0.14261,True,2015-07
2015-07-01,SLB,skip,0.0,0,-3.3777,0.0,0.0,True,2015-07
2015-07-01,SO,skip,0.0,0,6.7542,0.0,0.0,True,2015-07
2015-07-01,SPG,skip,0.0,0,8.2072,0.0,0.0,True,2015-07
2015-07-01,T,buy_call,1.425,2,-2.1959,-1.425,-0.0285,True,2015-07
2015-07-01,TGT,buy_call,1.1249,2,0.2695,-0.8553,-0.017106,True,2015-07
2015-07-01,TMO,buy_call,1.2997,2,7.6533,6.3536,0.127072,True,2015-07
2015-07-01,TXN,skip,0.0,0,-2.9703,0.0,0.0,True,2015-07
2015-07-01,UNH,buy_call,1.3664,2,-0.0703,-1.3664,-0.027328,True,2015-07
2015-07-01,UNP,skip,0.0,0,2.3277,0.0,0.0,True,2015-07
2015-07-01,USB,buy_call,1.2588,2,4.7701,3.5113,0.070226,True,2015-07
2015-07-01,V,skip,0.0,0,12.1966,0.0,0.0,True,2015-07
2015-07-01,VZ,skip,0.0,0,0.3862,0.0,0.0,True,2015-07
2015-07-01,WFC,buy_call,1.6006,2,2.8983,1.2977,0.025954,True,2015-07
2015-07-01,WMT,skip,0.0,0,1.4803,0.0,0.0,True,2015-07
2015-07-01,XOM,skip,0.0,0,-4.7956,0.0,0.0,True,2015-07
2015-08-01,AAPL,skip,0.0,0,-7.0404,0.0,0.0,False,2015-08
2015-08-01,ABBV,buy_call,3.0472,1,-10.194,-3.0472,-0.030472,False,2015-08
2015-08-01,ABT,buy_call,2.6515,1,-10.2215,-2.6515,-0.026515,False,2015-08
2015-08-01,ADBE,buy_call,3.099,1,-4.1712,-3.099,-0.03099,False,2015-08
2015-08-01,ADP,buy_call,3.2555,1,-3.0713,-3.2555,-0.032555,False,2015-08
2015-08-01,AMGN,buy_call,3.0472,1,-14.0495,-3.0472,-0.030472,False,2015-08
2015-08-01,AMT,buy_call,3.2555,1,-3.0701,-3.2555,-0.032555,False,2015-08
2015-08-01,AMZN,buy_call,4.1254,1,-4.3383,-4.1254,-0.041254,False,2015-08
2015-08-01,AXP,skip,0.0,0,0.8677,0.0,0.0,False,2015-08
2015-08-01,BA,buy_call,3.2344,1,-9.357,-3.2344,-0.032344,False,2015-08
2015-08-01,BAC,buy_call,3.4474,1,-8.613,-3.4474,-0.034474,False,2015-08
2015-08-01,BDX,buy_call,2.6515,1,-7.3152,-2.6515,-0.026515,False,2015-08
2015-08-01,BIIB,skip,0.0,0,-6.7382,0.0,0.0,False,2015-08
2015-08-01,BLK,skip,0.0,0,-10.0648,0.0,0.0,False,2015-08
2015-08-01,BMY,skip,0.0,0,-8.8932,0.0,0.0,False,2015-08
2015-08-01,BRK-B,buy_call,1.9503,1,-6.095,-1.9503,-0.019503,False,2015-08
2015-08-01,C,buy_call,3.2344,1,-8.441,-3.2344,-0.032344,False,2015-08
2015-08-01,CAT,skip,0.0,0,-1.8875,0.0,0.0,False,2015-08
2015-08-01,CL,buy_call,2.2633,1,-7.139,-2.2633,-0.022633,False,2015-08
2015-08-01,CMCSA,buy_call,3.3428,1,-9.742,-3.3428,-0.033428,False,2015-08
2015-08-01,COST,buy_call,2.7799,1,-3.6132,-2.7799,-0.027799,False,2015-08
2015-08-01,CRM,buy_call,4.199,1,-5.3752,-4.199,-0.04199,False,2015-08
2015-08-01,CSCO,buy_call,3.2555,1,-8.2357,-3.2555,-0.032555,False,2015-08
2015-08-01,CTSH,buy_call,3.2555,1,-0.2535,-3.2555,-0.032555,False,2015-08
2015-08-01,CVS,buy_call,3.2051,1,-8.6654,-3.2051,-0.032051,False,2015-08
2015-08-01,CVX,skip,0.0,0,-8.4652,0.0,0.0,False,2015-08
2015-08-01,DD,skip,0.0,0,-7.0123,0.0,0.0,False,2015-08
2015-08-01,DHR,buy_call,2.6515,1,-4.9585,-2.6515,-0.026515,False,2015-08
2015-08-01,DIS,buy_call,3.5857,1,-14.6062,-3.5857,-0.035857,False,2015-08
2015-08-01,ELV,skip,0.0,0,-8.5693,0.0,0.0,False,2015-08
2015-08-01,EOG,skip,0.0,0,1.6513,0.0,0.0,False,2015-08
2015-08-01,F,skip,0.0,0,-5.5177,0.0,0.0,False,2015-08
2015-08-01,FDX,buy_call,3.2555,1,-12.1398,-3.2555,-0.032555,False,2015-08
2015-08-01,GE,skip,0.0,0,-4.9042,0.0,0.0,False,2015-08
2015-08-01,GILD,buy_call,3.0472,1,-10.8519,-3.0472,-0.030472,False,2015-08
2015-08-01,GIS,buy_call,2.4085,1,-1.7442,-2.4085,-0.024085,False,2015-08
2015-08-01,GM,skip,0.0,0,-6.5693,0.0,0.0,False,2015-08
2015-08-01,GOOGL,buy_call,3.7581,1,-1.4722,-3.7581,-0.037581,False,2015-08
2015-08-01,GS,skip,0.0,0,-8.0314,0.0,0.0,False,2015-08
2015-08-01,HAL,skip,0.0,0,-5.8387,0.0,0.0,False,2015-08
2015-08-01,HD,buy_call,3.0143,1,-0.4871,-3.0143,-0.030143,False,2015-08
2015-08-01,HON,buy_call,3.2555,1,-5.5021,-3.2555,-0.032555,False,2015-08
2015-08-01,IBM,skip,0.0,0,-8.7042,0.0,0.0,False,2015-08
2015-08-01,INTC,skip,0.0,0,-1.4162,0.0,0.0,False,2015-08
2015-08-01,ITW,skip,0.0,0,-5.5214,0.0,0.0,False,2015-08
2015-08-01,JNJ,buy_call,2.2177,1,-6.2169,-2.2177,-0.022177,False,2015-08
2015-08-01,JPM,buy_call,2.9528,1,-5.853,-2.9528,-0.029528,False,2015-08
2015-08-01,KO,buy_call,2.129,1,-4.2843,-2.129,-0.02129,False,2015-08
2015-08-01,LLY,buy_call,3.7952,1,-2.5559,-3.7952,-0.037952,False,2015-08
2015-08-01,LMT,buy_call,3.4842,1,-2.8585,-3.4842,-0.034842,False,2015-08
2015-08-01,LOW,buy_call,3.0143,1,0.1413,-2.8731,-0.028731,False,2015-08
2015-08-01,LYB,skip,0.0,0,-9.0057,0.0,0.0,False,2015-08
2015-08-01,MA,buy_call,2.9235,1,-5.0034,-2.9235,-0.029235,False,2015-08
2015-08-01,MCD,buy_call,2.129,1,-4.8468,-2.129,-0.02129,False,2015-08
2015-08-01,MDLZ,buy_call,2.4085,1,-6.1378,-2.4085,-0.024085,False,2015-08
2015-08-01,MDT,buy_call,2.6515,1,-7.7816,-2.6515,-0.026515,False,2015-08
2015-08-01,MET,skip,0.0,0,-10.1184,0.0,0.0,False,2015-08
2015-08-01,META,buy_call,4.6772,1,-4.8718,-4.6772,-0.046772,False,2015-08
2015-08-01,MMM,skip,0.0,0,-6.079,0.0,0.0,False,2015-08
2015-08-01,MO,buy_call,2.4085,1,-1.4711,-2.4085,-0.024085,False,2015-08
2015-08-01,MRK,buy_call,2.9316,1,-8.6669,-2.9316,-0.029316,False,2015-08
2015-08-01,MS,buy_call,2.9528,1,-10.9625,-2.9528,-0.029528,False,2015-08
2015-08-01,MSFT,buy_call,3.099,1,-6.8094,-3.099,-0.03099,False,2015-08
2015-08-01,NEE,buy_call,2.129,1,-6.4544,-2.129,-0.02129,False,2015-08
2015-08-01,NFLX,buy_call,4.8223,1,0.6299,-4.1924,-0.041924,False,2015-08
2015-08-01,NKE,buy_call,3.7826,1,-3.0116,-3.7826,-0.037826,False,2015-08
2015-08-01,ORCL,skip,0.0,0,-6.7892,0.0,0.0,False,2015-08
2015-08-01,PEP,buy_call,2.4085,1,-3.5496,-2.4085,-0.024085,False,2015-08
2015-08-01,PFE,buy_call,3.0472,1,-10.649,-3.0472,-0.030472,False,2015-08
2015-08-01,PG,skip,0.0,0,-7.1073,0.0,0.0,False,2015-08
2015-08-01,PM,buy_call,2.4085,1,-6.6994,-2.4085,-0.024085,False,2015-08
2015-08-01,PPL,buy_call,2.129,1,-2.5778,-2.129,-0.02129,False,2015-08
2015-08-01,PRU,buy_call,2.9528,1,-8.6691,-2.9528,-0.029528,False,2015-08
2015-08-01,QCOM,buy_call,4.5863,1,-12.1292,-4.5863,-0.045863,False,2015-08
2015-08-01,SBUX,buy_call,2.129,1,-5.5585,-2.129,-0.02129,False,2015-08
2015-08-01,SLB,skip,0.0,0,-6.5805,0.0,0.0,False,2015-08
2015-08-01,SO,buy_call,2.129,1,-2.9511,-2.129,-0.02129,False,2015-08
2015-08-01,SPG,buy_call,3.2555,1,-4.2197,-3.2555,-0.032555,False,2015-08
2015-08-01,T,skip,0.0,0,-2.741,0.0,0.0,False,2015-08
2015-08-01,TGT,buy_call,2.6386,1,-5.058,-2.6386,-0.026386,False,2015-08
2015-08-01,TMO,buy_call,3.0488,1,-10.1484,-3.0488,-0.030488,False,2015-08
2015-08-01,TXN,skip,0.0,0,-3.6275,0.0,0.0,False,2015-08
2015-08-01,UNH,skip,0.0,0,-4.6952,0.0,0.0,False,2015-08
2015-08-01,UNP,buy_call,3.4842,1,-12.1426,-3.4842,-0.034842,False,2015-08
2015-08-01,USB,buy_call,2.9528,1,-6.3261,-2.9528,-0.029528,False,2015-08
2015-08-01,V,buy_call,2.7493,1,-5.3623,-2.7493,-0.027493,False,2015-08
2015-08-01,VZ,buy_call,3.3428,1,-0.5089,-3.3428,-0.033428,False,2015-08
2015-08-01,WFC,buy_call,3.7545,1,-7.8451,-3.7545,-0.037545,False,2015-08
2015-08-01,WMT,buy_call,2.6386,1,-10.0722,-2.6386,-0.026386,False,2015-08
2015-08-01,XOM,skip,0.0,0,-5.012,0.0,0.0,False,2015-08
2015-09-01,AAPL,skip,0.0,0,-1.7388,0.0,0.0,True,2015-09
2015-09-01,ABBV,skip,0.0,0,-12.8184,0.0,0.0,True,2015-09
2015-09-01,ABT,skip,0.0,0,-11.1945,0.0,0.0,True,2015-09
2015-09-01,ADBE,skip,0.0,0,4.6455,0.0,0.0,True,2015-09
2015-09-01,ADP,skip,0.0,0,3.9317,0.0,0.0,True,2015-09
2015-09-01,AMGN,skip,0.0,0,-8.4442,0.0,0.0,True,2015-09
2015-09-01,AMT,skip,0.0,0,-4.5666,0.0,0.0,True,2015-09
2015-09-01,AMZN,skip,0.0,0,-0.195,0.0,0.0,True,2015-09
2015-09-01,AXP,buy_call,2.5193,32,-3.3759,-2.5193,-0.806176,True,2015-09
2015-09-01,BA,skip,0.0,0,0.8459,0.0,0.0,True,2015-09
2015-09-01,BAC,skip,0.0,0,-4.6512,0.0,0.0,True,2015-09
2015-09-01,BDX,skip,0.0,0,-5.9282,0.0,0.0,True,2015-09
2015-09-01,BIIB,skip,0.0,0,-1.8466,0.0,0.0,True,2015-09
2015-09-01,BLK,skip,0.0,0,-0.9593,0.0,0.0,True,2015-09
2015-09-01,BMY,skip,0.0,0,-0.454,0.0,0.0,True,2015-09
2015-09-01,BRK-B,skip,0.0,0,-2.7156,0.0,0.0,True,2015-09
2015-09-01,C,skip,0.0,0,-7.2363,0.0,0.0,True,2015-09
2015-09-01,CAT,skip,0.0,0,-14.495,0.0,0.0,True,2015-09
2015-09-01,CL,skip,0.0,0,1.0349,0.0,0.0,True,2015-09
2015-09-01,CMCSA,skip,0.0,0,0.9764,0.0,0.0,True,2015-09
2015-09-01,COST,skip,0.0,0,3.5112,0.0,0.0,True,2015-09
2015-09-01,CRM,skip,0.0,0,0.1009,0.0,0.0,True,2015-09
2015-09-01,CSCO,skip,0.0,0,1.4297,0.0,0.0,True,2015-09
2015-09-01,CTSH,skip,0.0,0,-0.5243,0.0,0.0,True,2015-09
2015-09-01,CVS,skip,0.0,0,-5.7813,0.0,0.0,True,2015-09
2015-09-01,CVX,skip,0.0,0,-1.3781,0.0,0.0,True,2015-09
2015-09-01,DD,skip,0.0,0,-3.1078,0.0,0.0,True,2015-09
2015-09-01,DHR,skip,0.0,0,-2.08,0.0,0.0,True,2015-09
2015-09-01,DIS,skip,0.0,0,0.3141,0.0,0.0,True,2015-09
2015-09-01,ELV,skip,0.0,0,-0.7444,0.0,0.0,True,2015-09
2015-09-01,EOG,buy_call,3.0026,32,-7.0361,-3.0026,-0.960832,True,2015-09
2015-09-01,F,skip,0.0,0,-2.1629,0.0,0.0,True,2015-09
2015-09-01,FDX,skip,0.0,0,-4.4021,0.0,0.0,True,2015-09
2015-09-01,GE,skip,0.0,0,1.6116,0.0,0.0,True,2015-09
2015-09-01,GILD,skip,0.0,0,-6.548,0.0,0.0,True,2015-09
2015-09-01,GIS,skip,0.0,0,-1.1099,0.0,0.0,True,2015-09
2015-09-01,GM,skip,0.0,0,1.9701,0.0,0.0,True,2015-09
2015-09-01,GOOGL,skip,0.0,0,-1.4587,0.0,0.0,True,2015-09
2015-09-01,GS,skip,0.0,0,-7.5509,0.0,0.0,True,2015-09
2015-09-01,HAL,skip,0.0,0,-9.7442,0.0,0.0,True,2015-09
2015-09-01,HD,skip,0.0,0,-0.8329,0.0,0.0,True,2015-09
2015-09-01,HON,skip,0.0,0,-4.1465,0.0,0.0,True,2015-09
2015-09-01,IBM,skip,0.0,0,-1.1607,0.0,0.0,True,2015-09
2015-09-01,INTC,skip,0.0,0,6.4835,0.0,0.0,True,2015-09
2015-09-01,ITW,skip,0.0,0,-2.6263,0.0,0.0,True,2015-09
2015-09-01,JNJ,skip,0.0,0,0.0895,0.0,0.0,True,2015-09
2015-09-01,JPM,skip,0.0,0,-4.883,0.0,0.0,True,2015-09
2015-09-01,KO,skip,0.0,0,2.0345,0.0,0.0,True,2015-09
2015-09-01,LLY,skip,0.0,0,2.2391,0.0,0.0,True,2015-09
2015-09-01,LMT,skip,0.0,0,3.805,0.0,0.0,True,2015-09
2015-09-01,LOW,buy_call,2.5976,32,-0.3614,-2.5976,-0.831232,True,2015-09
2015-09-01,LYB,skip,0.0,0,-1.4498,0.0,0.0,True,2015-09
2015-09-01,MA,skip,0.0,0,-2.4359,0.0,0.0,True,2015-09
2015-09-01,MCD,skip,0.0,0,4.6075,0.0,0.0,True,2015-09
2015-09-01,MDLZ,skip,0.0,0,-1.1567,0.0,0.0,True,2015-09
2015-09-01,MDT,skip,0.0,0,-7.4008,0.0,0.0,True,2015-09
2015-09-01,MET,skip,0.0,0,-5.253,0.0,0.0,True,2015-09
2015-09-01,META,skip,0.0,0,0.5255,0.0,0.0,True,2015-09
2015-09-01,MMM,skip,0.0,0,0.4338,0.0,0.0,True,2015-09
2015-09-01,MO,skip,0.0,0,1.5304,0.0,0.0,True,2015-09
2015-09-01,MRK,skip,0.0,0,-8.2823,0.0,0.0,True,2015-09
2015-09-01,MS,skip,0.0,0,-8.5631,0.0,0.0,True,2015-09
2015-09-01,MSFT,skip,0.0,0,2.371,0.0,0.0,True,2015-09
2015-09-01,NEE,skip,0.0,0,-0.1086,0.0,0.0,True,2015-09
2015-09-01,NFLX,buy_call,4.1557,32,-10.2321,-4.1557,-1.329824,True,2015-09
2015-09-01,NKE,skip,0.0,0,10.0403,0.0,0.0,True,2015-09
2015-09-01,ORCL,skip,0.0,0,-2.6152,0.0,0.0,True,2015-09
2015-09-01,PEP,skip,0.0,0,1.4742,0.0,0.0,True,2015-09
2015-09-01,PFE,skip,0.0,0,-1.7522,0.0,0.0,True,2015-09
2015-09-01,PG,skip,0.0,0,1.7971,0.0,0.0,True,2015-09
2015-09-01,PM,skip,0.0,0,-0.589,0.0,0.0,True,2015-09
2015-09-01,PPL,skip,0.0,0,6.131,0.0,0.0,True,2015-09
2015-09-01,PRU,skip,0.0,0,-4.9142,0.0,0.0,True,2015-09
2015-09-01,QCOM,skip,0.0,0,-4.237,0.0,0.0,True,2015-09
2015-09-01,SBUX,skip,0.0,0,4.1797,0.0,0.0,True,2015-09
2015-09-01,SLB,skip,0.0,0,-10.2671,0.0,0.0,True,2015-09
2015-09-01,SO,skip,0.0,0,4.1865,0.0,0.0,True,2015-09
2015-09-01,SPG,skip,0.0,0,3.2874,0.0,0.0,True,2015-09
2015-09-01,T,skip,0.0,0,-1.8675,0.0,0.0,True,2015-09
2015-09-01,TGT,skip,0.0,0,1.9419,0.0,0.0,True,2015-09
2015-09-01,TMO,skip,0.0,0,-2.4647,0.0,0.0,True,2015-09
2015-09-01,TXN,skip,0.0,0,3.5118,0.0,0.0,True,2015-09
2015-09-01,UNH,skip,0.0,0,0.2679,0.0,0.0,True,2015-09
2015-09-01,UNP,skip,0.0,0,3.7929,0.0,0.0,True,2015-09
2015-09-01,USB,skip,0.0,0,-3.1641,0.0,0.0,True,2015-09
2015-09-01,V,skip,0.0,0,-2.1401,0.0,0.0,True,2015-09
2015-09-01,VZ,skip,0.0,0,-5.4336,0.0,0.0,True,2015-09
2015-09-01,WFC,skip,0.0,0,-3.0842,0.0,0.0,True,2015-09
2015-09-01,WMT,skip,0.0,0,0.8539,0.0,0.0,True,2015-09
2015-09-01,XOM,skip,0.0,0,-0.2583,0.0,0.0,True,2015-09
2015-10-01,AAPL,skip,0.0,0,8.3408,0.0,0.0,True,2015-10
2015-10-01,ABBV,skip,0.0,0,9.4468,0.0,0.0,True,2015-10
2015-10-01,ABT,skip,0.0,0,11.3873,0.0,0.0,True,2015-10
2015-10-01,ADBE,buy_call,1.6427,22,7.8326,6.1899,1.361778,True,2015-10
2015-10-01,ADP,buy_call,1.7256,22,8.9329,7.2073,1.585606,True,2015-10
2015-10-01,AMGN,skip,0.0,0,14.358,0.0,0.0,True,2015-10
2015-10-01,AMT,skip,0.0,0,16.7906,0.0,0.0,True,2015-10
2015-10-01,AMZN,skip,0.0,0,22.2724,0.0,0.0,True,2015-10
2015-10-01,AXP,skip,0.0,0,-1.1736,0.0,0.0,True,2015-10
2015-10-01,BA,buy_call,1.7144,22,13.0737,11.3593,2.499046,True,2015-10
2015-10-01,BAC,skip,0.0,0,8.0489,0.0,0.0,True,2015-10
2015-10-01,BDX,skip,0.0,0,7.9067,0.0,0.0,True,2015-10
2015-10-01,BIIB,skip,0.0,0,-0.4455,0.0,0.0,True,2015-10
2015-10-01,BLK,skip,0.0,0,18.3212,0.0,0.0,True,2015-10
2015-10-01,BMY,skip,0.0,0,12.1056,0.0,0.0,True,2015-10
2015-10-01,BRK-B,skip,0.0,0,4.3098,0.0,0.0,True,2015-10
2015-10-01,C,skip,0.0,0,7.176,0.0,0.0,True,2015-10
2015-10-01,CAT,skip,0.0,0,11.6738,0.0,0.0,True,2015-10
2015-10-01,CL,buy_call,1.1997,22,4.554,3.3543,0.737946,True,2015-10
2015-10-01,CMCSA,buy_call,1.7719,22,10.0914,8.3195,1.83029,True,2015-10
2015-10-01,COST,buy_call,1.4735,22,9.3727,7.8991,1.737802,True,2015-10
2015-10-01,CRM,buy_call,2.2258,22,11.9257,9.6999,2.133978,True,2015-10
2015-10-01,CSCO,buy_call,1.7256,22,9.9048,8.1792,1.799424,True,2015-10
2015-10-01,CTSH,skip,0.0,0,8.7845,0.0,0.0,True,2015-10
2015-10-01,CVS,skip,0.0,0,2.3839,0.0,0.0,True,2015-10
2015-10-01,CVX,skip,0.0,0,15.213,0.0,0.0,True,2015-10
2015-10-01,DD,skip,0.0,0,23.0848,0.0,0.0,True,2015-10
2015-10-01,DHR,skip,0.0,0,9.6838,0.0,0.0,True,2015-10
2015-10-01,DIS,buy_call,1.9007,22,11.2916,9.3909,2.065998,True,2015-10
2015-10-01,ELV,skip,0.0,0,-0.1679,0.0,0.0,True,2015-10
2015-10-01,EOG,skip,0.0,0,17.9258,0.0,0.0,True,2015-10
2015-10-01,F,skip,0.0,0,9.1378,0.0,0.0,True,2015-10
2015-10-01,FDX,skip,0.0,0,8.5658,0.0,0.0,True,2015-10
2015-10-01,GE,buy_call,1.8469,22,15.6971,13.8502,3.047044,True,2015-10
2015-10-01,GILD,skip,0.0,0,10.5569,0.0,0.0,True,2015-10
2015-10-01,GIS,skip,0.0,0,3.5275,0.0,0.0,True,2015-10
2015-10-01,GM,buy_call,1.8469,22,17.7199,15.873,3.49206,True,2015-10
2015-10-01,GOOGL,skip,0.0,0,15.5114,0.0,0.0,True,2015-10
2015-10-01,GS,skip,0.0,0,7.9075,0.0,0.0,True,2015-10
2015-10-01,HAL,skip,0.0,0,8.5714,0.0,0.0,True,2015-10
2015-10-01,HD,skip,0.0,0,7.602,0.0,0.0,True,2015-10
2015-10-01,HON,skip,0.0,0,9.0717,0.0,0.0,True,2015-10
2015-10-01,IBM,skip,0.0,0,-3.3732,0.0,0.0,True,2015-10
2015-10-01,INTC,buy_call,2.3852,22,12.3424,9.9572,2.190584,True,2015-10
2015-10-01,ITW,skip,0.0,0,12.45,0.0,0.0,True,2015-10
2015-10-01,JNJ,buy_call,1.1755,22,8.2271,7.0516,1.551352,True,2015-10
2015-10-01,JPM,skip,0.0,0,5.3797,0.0,0.0,True,2015-10
2015-10-01,KO,buy_call,1.1285,22,6.4729,5.3444,1.175768,True,2015-10
2015-10-01,LLY,buy_call,2.0117,22,-2.5332,-2.0117,-0.442574,True,2015-10
2015-10-01,LMT,buy_call,1.8469,22,6.0393,4.1924,0.922328,True,2015-10
2015-10-01,LOW,skip,0.0,0,7.1242,0.0,0.0,True,2015-10
2015-10-01,LYB,skip,0.0,0,11.4564,0.0,0.0,True,2015-10
2015-10-01,MA,skip,0.0,0,9.8425,0.0,0.0,True,2015-10
2015-10-01,MCD,buy_call,1.1285,22,13.9247,12.7961,2.815142,True,2015-10
2015-10-01,MDLZ,skip,0.0,0,10.6857,0.0,0.0,True,2015-10
2015-10-01,MDT,skip,0.0,0,11.0287,0.0,0.0,True,2015-10
2015-10-01,MET,skip,0.0,0,6.8505,0.0,0.0,True,2015-10
2015-10-01,META,buy_call,2.4792,22,13.426,10.9468,2.408296,True,2015-10
2015-10-01,MMM,buy_call,1.7256,22,10.8909,9.1652,2.016344,True,2015-10
2015-10-01,MO,buy_call,1.2767,22,12.3497,11.0731,2.436082,True,2015-10
2015-10-01,MRK,skip,0.0,0,11.623,0.0,0.0,True,2015-10
2015-10-01,MS,skip,0.0,0,4.6667,0.0,0.0,True,2015-10
2015-10-01,MSFT,buy_call,1.6427,22,18.9336,17.2909,3.803998,True,2015-10
2015-10-01,NEE,skip,0.0,0,5.2384,0.0,0.0,True,2015-10
2015-10-01,NFLX,skip,0.0,0,4.9584,0.0,0.0,True,2015-10
2015-10-01,NKE,buy_call,2.0051,22,6.8246,4.8196,1.060312,True,2015-10
2015-10-01,ORCL,skip,0.0,0,7.5304,0.0,0.0,True,2015-10
2015-10-01,PEP,buy_call,1.2767,22,9.2076,7.9309,1.744798,True,2015-10
2015-10-01,PFE,skip,0.0,0,7.6728,0.0,0.0,True,2015-10
2015-10-01,PG,buy_call,1.1997,22,6.1718,4.972,1.09384,True,2015-10
2015-10-01,PM,skip,0.0,0,12.8615,0.0,0.0,True,2015-10
2015-10-01,PPL,buy_call,1.1285,22,5.9407,4.8122,1.058684,True,2015-10
2015-10-01,PRU,skip,0.0,0,8.2535,0.0,0.0,True,2015-10
2015-10-01,QCOM,skip,0.0,0,10.59,0.0,0.0,True,2015-10
2015-10-01,SBUX,buy_call,1.1285,22,10.0809,8.9524,1.969528,True,2015-10
2015-10-01,SLB,skip,0.0,0,13.3246,0.0,0.0,True,2015-10
2015-10-01,SO,buy_call,1.1285,22,0.8948,-0.2337,-0.051414,True,2015-10
2015-10-01,SPG,buy_call,1.7256,22,9.656,7.9304,1.744688,True,2015-10
2015-10-01,T,skip,0.0,0,2.8545,0.0,0.0,True,2015-10
2015-10-01,TGT,buy_call,1.3987,22,-1.8815,-1.3987,-0.307714,True,2015-10
2015-10-01,TMO,skip,0.0,0,7.0829,0.0,0.0,True,2015-10
2015-10-01,TXN,buy_call,2.3852,22,14.5396,12.1544,2.673968,True,2015-10
2015-10-01,UNH,buy_call,1.6989,22,1.9649,0.2659,0.058498,True,2015-10
2015-10-01,UNP,buy_call,1.8469,22,1.0632,-0.7837,-0.172414,True,2015-10
2015-10-01,USB,skip,0.0,0,3.4862,0.0,0.0,True,2015-10
2015-10-01,V,skip,0.0,0,11.3695,0.0,0.0,True,2015-10
2015-10-01,VZ,skip,0.0,0,7.7454,0.0,0.0,True,2015-10
2015-10-01,WFC,skip,0.0,0,5.4333,0.0,0.0,True,2015-10
2015-10-01,WMT,buy_call,1.3987,22,-11.7212,-1.3987,-0.307714,True,2015-10
2015-10-01,XOM,skip,0.0,0,11.2845,0.0,0.0,True,2015-10
2015-11-01,AAPL,buy_call,1.9241,1,-1.0042,-1.9241,-0.019241,False,2015-11
2015-11-01,ABBV,buy_call,1.7289,1,-1.4497,-1.7289,-0.017289,False,2015-11
2015-11-01,ABT,buy_call,1.5044,1,0.8501,-0.6542,-0.006542,False,2015-11
2015-11-01,ADBE,buy_call,1.7583,1,3.1581,1.3999,0.013999,False,2015-11
2015-11-01,ADP,buy_call,1.847,1,-0.8392,-1.847,-0.01847,False,2015-11
2015-11-01,AMGN,buy_call,1.7289,1,1.846,0.1172,0.001172,False,2015-11
2015-11-01,AMT,buy_call,1.847,1,-2.7878,-1.847,-0.01847,False,2015-11
2015-11-01,AMZN,buy_call,2.3406,1,6.2151,3.8745,0.038745,False,2015-11
2015-11-01,AXP,skip,0.0,0,-1.8412,0.0,0.0,False,2015-11
2015-11-01,BA,buy_call,1.835,1,-1.7695,-1.835,-0.01835,False,2015-11
2015-11-01,BAC,buy_call,1.9559,1,3.8737,1.9177,0.019177,False,2015-11
2015-11-01,BDX,buy_call,1.5044,1,5.4238,3.9194,0.039194,False,2015-11
2015-11-01,BIIB,skip,0.0,0,-1.2564,0.0,0.0,False,2015-11
2015-11-01,BLK,buy_call,1.6753,1,3.3384,1.663,0.01663,False,2015-11
2015-11-01,BMY,buy_call,1.7289,1,1.6073,-0.1216,-0.001216,False,2015-11
2015-11-01,BRK-B,buy_call,1.1065,1,-1.4189,-1.1065,-0.011065,False,2015-11
2015-11-01,C,buy_call,1.835,1,1.8233,-0.0117,-0.000117,False,2015-11
2015-11-01,CAT,buy_call,1.9768,1,0.6466,-1.3302,-0.013302,False,2015-11
2015-11-01,CL,buy_call,1.2841,1,-0.4457,-1.2841,-0.012841,False,2015-11
2015-11-01,CMCSA,buy_call,1.8965,1,-2.395,-1.8965,-0.018965,False,2015-11
2015-11-01,COST,buy_call,1.5772,1,2.087,0.5098,0.005098,False,2015-11
2015-11-01,CRM,buy_call,2.3823,1,2.5479,0.1656,0.001656,False,2015-11
2015-11-01,CSCO,buy_call,1.847,1,-4.7842,-1.847,-0.01847,False,2015-11
2015-11-01,CTSH,buy_call,1.847,1,-5.1828,-1.847,-0.01847,False,2015-11
2015-11-01,CVS,buy_call,1.8184,1,-4.4248,-1.8184,-0.018184,False,2015-11
2015-11-01,CVX,buy_call,1.8737,1,0.4842,-1.3895,-0.013895,False,2015-11
2015-11-01,DD,buy_call,1.847,1,0.8902,-0.9568,-0.009568,False,2015-11
2015-11-01,DHR,buy_call,1.5044,1,3.3008,1.7965,0.017965,False,2015-11
2015-11-01,DIS,buy_call,2.0344,1,-0.2374,-2.0344,-0.020344,False,2015-11
2015-11-01,ELV,skip,0.0,0,-6.3026,0.0,0.0,False,2015-11
2015-11-01,EOG,buy_call,1.9768,1,-2.627,-1.9768,-0.019768,False,2015-11
2015-11-01,F,buy_call,1.9768,1,-2.2564,-1.9768,-0.019768,False,2015-11
2015-11-01,FDX,buy_call,1.847,1,1.5956,-0.2514,-0.002514,False,2015-11
2015-11-01,GE,buy_call,1.9768,1,3.527,1.5502,0.015502,False,2015-11
2015-11-01,GILD,buy_call,1.7289,1,-2.0069,-1.7289,-0.017289,False,2015-11
2015-11-01,GIS,buy_call,1.3665,1,0.1891,-1.1773,-0.011773,False,2015-11
2015-11-01,GM,buy_call,1.9768,1,3.6952,1.7184,0.017184,False,2015-11
2015-11-01,GOOGL,buy_call,2.1322,1,3.4527,1.3205,0.013205,False,2015-11
2015-11-01,GS,buy_call,1.6753,1,1.344,-0.3313,-0.003313,False,2015-11
2015-11-01,HAL,buy_call,1.9768,1,3.8301,1.8533,0.018533,False,2015-11
2015-11-01,HD,buy_call,1.7102,1,8.2821,6.5719,0.065719,False,2015-11
2015-11-01,HON,buy_call,1.847,1,0.6487,-1.1983,-0.011983,False,2015-11
2015-11-01,IBM,skip,0.0,0,-0.4712,0.0,0.0,False,2015-11
2015-11-01,INTC,buy_call,2.553,1,2.6875,0.1346,0.001346,False,2015-11
2015-11-01,ITW,buy_call,1.847,1,2.2188,0.3718,0.003718,False,2015-11
2015-11-01,JNJ,buy_call,1.2582,1,0.2079,-1.0504,-0.010504,False,2015-11
2015-11-01,JPM,buy_call,1.6753,1,4.5309,2.8556,0.028556,False,2015-11
2015-11-01,KO,buy_call,1.2079,1,0.6375,-0.5704,-0.005704,False,2015-11
2015-11-01,LLY,skip,0.0,0,0.5762,0.0,0.0,False,2015-11
2015-11-01,LMT,buy_call,1.9768,1,-0.3048,-1.9768,-0.019768,False,2015-11
2015-11-01,LOW,buy_call,1.7102,1,4.1525,2.4423,0.024423,False,2015-11
2015-11-01,LYB,buy_call,1.9768,1,3.132,1.1552,0.011552,False,2015-11
2015-11-01,MA,buy_call,1.6587,1,-0.9122,-1.6587,-0.016587,False,2015-11
2015-11-01,MCD,buy_call,1.2079,1,1.7016,0.4937,0.004937,False,2015-11
2015-11-01,MDLZ,buy_call,1.3665,1,-5.4159,-1.3665,-0.013665,False,2015-11
2015-11-01,MDT,buy_call,1.5044,1,1.921,0.4166,0.004166,False,2015-11
2015-11-01,MET,buy_call,1.6753,1,1.4093,-0.266,-0.00266,False,2015-11
2015-11-01,META,buy_call,2.6536,1,2.2261,-0.4275,-0.004275,False,2015-11
2015-11-01,MMM,buy_call,1.847,1,-0.4007,-1.847,-0.01847,False,2015-11
2015-11-01,MO,buy_call,1.3665,1,-4.7462,-1.3665,-0.013665,False,2015-11
2015-11-01,MRK,buy_call,1.6633,1,-3.0187,-1.6633,-0.016633,False,2015-11
2015-11-01,MS,buy_call,1.6753,1,4.5204,2.8451,0.028451,False,2015-11
2015-11-01,MSFT,buy_call,1.7583,1,3.2485,1.4902,0.014902,False,2015-11
2015-11-01,NEE,buy_call,1.2079,1,-2.7275,-1.2079,-0.012079,False,2015-11
2015-11-01,NFLX,buy_call,2.736,1,13.7941,11.0581,0.110581,False,2015-11
2015-11-01,NKE,buy_call,2.1461,1,0.954,-1.1921,-0.011921,False,2015-11
2015-11-01,ORCL,buy_call,2.1993,1,0.7336,-1.4657,-0.014657,False,2015-11
2015-11-01,PEP,buy_call,1.3665,1,-1.9865,-1.3665,-0.013665,False,2015-11
2015-11-01,PFE,buy_call,1.7289,1,-3.1047,-1.7289,-0.017289,False,2015-11
2015-11-01,PG,buy_call,1.2841,1,-1.1356,-1.2841,-0.012841,False,2015-11
2015-11-01,PM,buy_call,1.3665,1,-1.1425,-1.3665,-0.013665,False,2015-11
2015-11-01,PPL,buy_call,1.2079,1,-1.0465,-1.2079,-0.012079,False,2015-11
2015-11-01,PRU,buy_call,1.6753,1,4.9091,3.2337,0.032337,False,2015-11
2015-11-01,QCOM,buy_call,2.6021,1,-17.8896,-2.6021,-0.026021,False,2015-11
2015-11-01,SBUX,buy_call,1.2079,1,-1.8859,-1.2079,-0.012079,False,2015-11
2015-11-01,SLB,buy_call,1.9768,1,-1.2923,-1.9768,-0.019768,False,2015-11
2015-11-01,SO,buy_call,1.2079,1,-1.2417,-1.2079,-0.012079,False,2015-11
2015-11-01,SPG,buy_call,1.847,1,-7.5548,-1.847,-0.01847,False,2015-11
2015-11-01,T,buy_call,1.8965,1,2.3902,0.4937,0.004937,False,2015-11
2015-11-01,TGT,skip,0.0,0,-6.0638,0.0,0.0,False,2015-11
2015-11-01,TMO,buy_call,1.7298,1,5.8266,4.0968,0.040968,False,2015-11
2015-11-01,TXN,buy_call,2.553,1,3.1391,0.5862,0.005862,False,2015-11
2015-11-01,UNH,buy_call,1.8184,1,-4.3047,-1.8184,-0.018184,False,2015-11
2015-11-01,UNP,buy_call,1.9768,1,-6.0436,-1.9768,-0.019768,False,2015-11
2015-11-01,USB,buy_call,1.6753,1,4.0541,2.3788,0.023788,False,2015-11
2015-11-01,V,buy_call,1.5598,1,1.8433,0.2834,0.002834,False,2015-11
2015-11-01,VZ,buy_call,1.8965,1,-1.791,-1.8965,-0.018965,False,2015-11
2015-11-01,WFC,buy_call,2.1301,1,1.7732,-0.3569,-0.003569,False,2015-11
2015-11-01,WMT,skip,0.0,0,2.7952,0.0,0.0,False,2015-11
2015-11-01,XOM,buy_call,1.9768,1,-1.3053,-1.9768,-0.019768,False,2015-11
2015-12-01,AAPL,skip,0.0,0,-10.642,0.0,0.0,True,2015-12
2015-12-01,ABBV,skip,0.0,0,1.8745,0.0,0.0,True,2015-12
2015-12-01,ABT,buy_call,1.6984,2,-0.0222,-1.6984,-0.033968,True,2015-12
2015-12-01,ADBE,buy_call,1.985,2,2.7116,0.7266,0.014532,True,2015-12
2015-12-01,ADP,skip,0.0,0,-1.7853,0.0,0.0,True,2015-12
2015-12-01,AMGN,buy_call,1.9518,2,1.2736,-0.6782,-0.013564,True,2015-12
2015-12-01,AMT,skip,0.0,0,-2.4452,0.0,0.0,True,2015-12
2015-12-01,AMZN,buy_call,2.6424,2,1.6682,-0.9742,-0.019484,True,2015-12
2015-12-01,AXP,skip,0.0,0,-2.9173,0.0,0.0,True,2015-12
2015-12-01,BA,skip,0.0,0,0.0234,0.0,0.0,True,2015-12
2015-12-01,BAC,buy_call,2.2081,2,-3.4424,-2.2081,-0.044162,True,2015-12
2015-12-01,BDX,buy_call,1.6984,2,2.5558,0.8574,0.017148,True,2015-12
2015-12-01,BIIB,skip,0.0,0,6.7943,0.0,0.0,True,2015-12
2015-12-01,BLK,buy_call,1.8914,2,-6.3786,-1.8914,-0.037828,True,2015-12
2015-12-01,BMY,buy_call,1.9518,2,2.6564,0.7046,0.014092,True,2015-12
2015-12-01,BRK-B,skip,0.0,0,-1.5288,0.0,0.0,True,2015-12
2015-12-01,C,buy_call,2.0717,2,-4.3261,-2.0717,-0.041434,True,2015-12
2015-12-01,CAT,buy_call,2.2317,2,-6.4556,-2.2317,-0.044634,True,2015-12
2015-12-01,CL,skip,0.0,0,1.4312,0.0,0.0,True,2015-12
2015-12-01,CMCSA,skip,0.0,0,-7.279,0.0,0.0,True,2015-12
2015-12-01,COST,buy_call,1.7806,2,0.3082,-1.4724,-0.029448,True,2015-12
2015-12-01,CRM,buy_call,2.6895,2,-1.6188,-2.6895,-0.05379,True,2015-12
2015-12-01,CSCO,skip,0.0,0,-0.3303,0.0,0.0,True,2015-12
2015-12-01,CTSH,skip,0.0,0,-7.061,0.0,0.0,True,2015-12
2015-12-01,CVS,skip,0.0,0,3.9111,0.0,0.0,True,2015-12
2015-12-01,CVX,buy_call,2.1153,2,-0.2861,-2.1153,-0.042306,True,2015-12
2015-12-01,DD,buy_call,2.0852,2,-1.2469,-2.0852,-0.041704,True,2015-12
2015-12-01,DHR,buy_call,1.6984,2,-3.6415,-1.6984,-0.033968,True,2015-12
2015-12-01,DIS,skip,0.0,0,-7.394,0.0,0.0,True,2015-12
2015-12-01,ELV,skip,0.0,0,6.9489,0.0,0.0,True,2015-12
2015-12-01,EOG,skip,0.0,0,-15.1504,0.0,0.0,True,2015-12
2015-12-01,F,skip,0.0,0,-1.6748,0.0,0.0,True,2015-12
2015-12-01,FDX,buy_call,2.0852,2,-6.0237,-2.0852,-0.041704,True,2015-12
2015-12-01,GE,buy_call,2.2317,2,4.0414,1.8097,0.036194,True,2015-12
2015-12-01,GILD,skip,0.0,0,-4.5017,0.0,0.0,True,2015-12
2015-12-01,GIS,buy_call,1.5427,2,-0.1731,-1.5427,-0.030854,True,2015-12
2015-12-01,GM,buy_call,2.2317,2,-6.0497,-2.2317,-0.044634,True,2015-12
2015-12-01,GOOGL,buy_call,2.4072,2,1.9873,-0.4199,-0.008398,True,2015-12
2015-12-01,GS,buy_call,1.8914,2,-4.8273,-1.8914,-0.037828,True,2015-12
2015-12-01,HAL,buy_call,2.2317,2,-14.5797,-2.2317,-0.044634,True,2015-12
2015-12-01,HD,buy_call,1.9307,2,-1.2175,-1.9307,-0.038614,True,2015-12
2015-12-01,HON,buy_call,2.0852,2,0.2136,-1.8716,-0.037432,True,2015-12
2015-12-01,IBM,skip,0.0,0,-0.3651,0.0,0.0,True,2015-12
2015-12-01,INTC,buy_call,2.8822,2,-0.2224,-2.8822,-0.057644,True,2015-12
2015-12-01,ITW,buy_call,2.0852,2,-1.3833,-2.0852,-0.041704,True,2015-12
2015-12-01,JNJ,buy_call,1.4205,2,2.2098,0.7894,0.015788,True,2015-12
2015-12-01,JPM,buy_call,1.8914,2,-0.9748,-1.8914,-0.037828,True,2015-12
2015-12-01,KO,buy_call,1.3637,2,1.5708,0.2071,0.004142,True,2015-12
2015-12-01,LLY,buy_call,2.4309,2,3.3572,0.9263,0.018526,True,2015-12
2015-12-01,LMT,skip,0.0,0,-0.1878,0.0,0.0,True,2015-12
2015-12-01,LOW,buy_call,1.9307,2,-0.7311,-1.9307,-0.038614,True,2015-12
2015-12-01,LYB,buy_call,2.2317,2,-8.5589,-2.2317,-0.044634,True,2015-12
2015-12-01,MA,skip,0.0,0,-0.5719,0.0,0.0,True,2015-12
2015-12-01,MCD,buy_call,1.3637,2,4.2977,2.9341,0.058682,True,2015-12
2015-12-01,MDLZ,skip,0.0,0,2.7027,0.0,0.0,True,2015-12
2015-12-01,MDT,buy_call,1.6984,2,2.0972,0.3988,0.007976,True,2015-12
2015-12-01,MET,buy_call,1.8914,2,-4.9436,-1.8914,-0.037828,True,2015-12
2015-12-01,META,buy_call,2.9958,2,0.4029,-2.5929,-0.051858,True,2015-12
2015-12-01,MMM,skip,0.0,0,-3.1615,0.0,0.0,True,2015-12
2015-12-01,MO,skip,0.0,0,1.059,0.0,0.0,True,2015-12
2015-12-01,MRK,skip,0.0,0,-0.3584,0.0,0.0,True,2015-12
2015-12-01,MS,buy_call,1.8914,2,-7.2595,-1.8914,-0.037828,True,2015-12
2015-12-01,MSFT,buy_call,1.985,2,2.7672,0.7822,0.015644,True,2015-12
2015-12-01,NEE,skip,0.0,0,4.839,0.0,0.0,True,2015-12
2015-12-01,NFLX,buy_call,3.0888,2,-7.257,-3.0888,-0.061776,True,2015-12
2015-12-01,NKE,buy_call,2.4228,2,-5.5035,-2.4228,-0.048456,True,2015-12
2015-12-01,ORCL,buy_call,2.4829,2,-6.2613,-2.4829,-0.049658,True,2015-12
2015-12-01,PEP,skip,0.0,0,-0.2396,0.0,0.0,True,2015-12
2015-12-01,PFE,skip,0.0,0,-0.7002,0.0,0.0,True,2015-12
2015-12-01,PG,skip,0.0,0,6.1064,0.0,0.0,True,2015-12
2015-12-01,PM,skip,0.0,0,0.595,0.0,0.0,True,2015-12
2015-12-01,PPL,skip,0.0,0,0.2644,0.0,0.0,True,2015-12
2015-12-01,PRU,buy_call,1.8914,2,-5.1793,-1.8914,-0.037828,True,2015-12
2015-12-01,QCOM,skip,0.0,0,3.471,0.0,0.0,True,2015-12
2015-12-01,SBUX,skip,0.0,0,-1.8987,0.0,0.0,True,2015-12
2015-12-01,SLB,skip,0.0,0,-9.0033,0.0,0.0,True,2015-12
2015-12-01,SO,skip,0.0,0,6.3339,0.0,0.0,True,2015-12
2015-12-01,SPG,skip,0.0,0,5.2731,0.0,0.0,True,2015-12
2015-12-01,T,buy_call,2.1411,2,2.1978,0.0567,0.001134,True,2015-12
2015-12-01,TGT,skip,0.0,0,0.938,0.0,0.0,True,2015-12
2015-12-01,TMO,buy_call,1.9528,2,2.4928,0.54,0.0108,True,2015-12
2015-12-01,TXN,buy_call,2.8822,2,-5.6951,-2.8822,-0.057644,True,2015-12
2015-12-01,UNH,skip,0.0,0,4.3741,0.0,0.0,True,2015-12
2015-12-01,UNP,skip,0.0,0,-6.2412,0.0,0.0,True,2015-12
2015-12-01,USB,buy_call,1.8914,2,-2.7797,-1.8914,-0.037828,True,2015-12
2015-12-01,V,buy_call,1.761,2,-1.6715,-1.761,-0.03522,True,2015-12
2015-12-01,VZ,skip,0.0,0,1.6942,0.0,0.0,True,2015-12
2015-12-01,WFC,buy_call,2.4048,2,-0.6648,-2.4048,-0.048096,True,2015-12
2015-12-01,WMT,buy_call,1.6901,2,4.1808,2.4907,0.049814,True,2015-12
2015-12-01,XOM,skip,0.0,0,-3.7111,0.0,0.0,True,2015-12
2016-01-01,AAPL,skip,0.0,0,-7.5242,0.0,0.0,True,2016-01
2016-01-01,ABBV,buy_call,2.1651,4,-7.3262,-2.1651,-0.086604,True,2016-01
2016-01-01,ABT,skip,0.0,0,-15.7204,0.0,0.0,True,2016-01
2016-01-01,ADBE,buy_call,2.2019,4,-5.1203,-2.2019,-0.088076,True,2016-01
2016-01-01,ADP,skip,0.0,0,-1.3181,0.0,0.0,True,2016-01
2016-01-01,AIG,skip,0.0,0,-8.4555,0.0,0.0,True,2016-01
2016-01-01,AMGN,buy_call,2.1651,4,-5.9139,-2.1651,-0.086604,True,2016-01
2016-01-01,AMT,skip,0.0,0,-2.1805,0.0,0.0,True,2016-01
2016-01-01,AMZN,buy_call,2.9312,4,-13.1515,-2.9312,-0.117248,True,2016-01
2016-01-01,AXP,skip,0.0,0,-23.0769,0.0,0.0,True,2016-01
2016-01-01,BA,buy_call,2.2981,4,-16.9168,-2.2981,-0.091924,True,2016-01
2016-01-01,BAC,skip,0.0,0,-15.7468,0.0,0.0,True,2016-01
2016-01-01,BDX,buy_call,1.884,4,-5.2519,-1.884,-0.07536,True,2016-01
2016-01-01,BIIB,buy_call,2.1651,4,-10.8667,-2.1651,-0.086604,True,2016-01
2016-01-01,BLK,skip,0.0,0,-7.1553,0.0,0.0,True,2016-01
2016-01-01,BMY,buy_call,2.1651,4,-9.143,-2.1651,-0.086604,True,2016-01
2016-01-01,BRK-B,skip,0.0,0,-1.7192,0.0,0.0,True,2016-01
2016-01-01,C,skip,0.0,0,-17.7198,0.0,0.0,True,2016-01
2016-01-01,CAT,skip,0.0,0,-8.4167,0.0,0.0,True,2016-01
2016-01-01,CL,buy_call,1.6081,4,1.3659,-0.2422,-0.009688,True,2016-01
2016-01-01,COST,buy_call,1.9751,4,-6.4273,-1.9751,-0.079004,True,2016-01
2016-01-01,CRM,skip,0.0,0,-13.1888,0.0,0.0,True,2016-01
2016-01-01,CSCO,skip,0.0,0,-12.408,0.0,0.0,True,2016-01
2016-01-01,CTSH,skip,0.0,0,5.4815,0.0,0.0,True,2016-01
2016-01-01,CVS,buy_call,2.2773,4,-1.2069,-2.2773,-0.091092,True,2016-01
2016-01-01,CVX,skip,0.0,0,-3.8795,0.0,0.0,True,2016-01
2016-01-01,DHR,skip,0.0,0,-6.5736,0.0,0.0,True,2016-01
2016-01-01,DIS,skip,0.0,0,-8.2278,0.0,0.0,True,2016-01
2016-01-01,DUK,buy_call,1.5127,4,5.477,3.9643,0.158572,True,2016-01
2016-01-01,ELV,buy_call,2.2773,4,-5.9859,-2.2773,-0.091092,True,2016-01
2016-01-01,EOG,skip,0.0,0,0.3249,0.0,0.0,True,2016-01
2016-01-01,EQIX,buy_call,2.3131,4,3.2812,0.9682,0.038728,True,2016-01
2016-01-01,FDX,skip,0.0,0,-10.6609,0.0,0.0,True,2016-01
2016-01-01,GE,buy_call,2.4756,4,-5.8823,-2.4756,-0.099024,True,2016-01
2016-01-01,GILD,skip,0.0,0,-17.622,0.0,0.0,True,2016-01
2016-01-01,GIS,skip,0.0,0,-1.9945,0.0,0.0,True,2016-01
2016-01-01,GM,skip,0.0,0,-11.9312,0.0,0.0,True,2016-01
2016-01-01,GOOGL,buy_call,2.6702,4,-2.1414,-2.6702,-0.106808,True,2016-01
2016-01-01,GS,skip,0.0,0,-10.359,0.0,0.0,True,2016-01
2016-01-01,HD,skip,0.0,0,-4.4865,0.0,0.0,True,2016-01
2016-01-01,HON,buy_call,2.3131,4,-0.3572,-2.3131,-0.092524,True,2016-01
2016-01-01,IBM,skip,0.0,0,-9.3228,0.0,0.0,True,2016-01
2016-01-01,INTC,skip,0.0,0,-9.9565,0.0,0.0,True,2016-01
2016-01-01,ITW,skip,0.0,0,-2.2425,0.0,0.0,True,2016-01
2016-01-01,JNJ,buy_call,1.5757,4,1.6744,0.0988,0.003952,True,2016-01
2016-01-01,JPM,skip,0.0,0,-9.8894,0.0,0.0,True,2016-01
2016-01-01,KO,buy_call,1.5127,4,-0.0931,-1.5127,-0.060508,True,2016-01
2016-01-01,LLY,buy_call,2.6965,4,-6.1238,-2.6965,-0.10786,True,2016-01
2016-01-01,LMT,skip,0.0,0,-2.8321,0.0,0.0,True,2016-01
2016-01-01,LOW,skip,0.0,0,-5.7601,0.0,0.0,True,2016-01
2016-01-01,LYB,skip,0.0,0,-10.2762,0.0,0.0,True,2016-01
2016-01-01,MA,skip,0.0,0,-8.5559,0.0,0.0,True,2016-01
2016-01-01,MCD,buy_call,1.5127,4,4.774,3.2613,0.130452,True,2016-01
2016-01-01,MDLZ,buy_call,1.7113,4,-3.5166,-1.7113,-0.068452,True,2016-01
2016-01-01,MDT,buy_call,1.884,4,-0.8085,-1.884,-0.07536,True,2016-01
2016-01-01,MET,skip,0.0,0,-7.3844,0.0,0.0,True,2016-01
2016-01-01,META,buy_call,3.3232,4,7.2138,3.8906,0.155624,True,2016-01
2016-01-01,MMM,skip,0.0,0,0.239,0.0,0.0,True,2016-01
2016-01-01,MO,buy_call,1.7113,4,6.0249,4.3136,0.172544,True,2016-01
2016-01-01,MRK,skip,0.0,0,-3.2414,0.0,0.0,True,2016-01
2016-01-01,MS,skip,0.0,0,-18.6419,0.0,0.0,True,2016-01
2016-01-01,MSFT,buy_call,2.2019,4,-0.703,-2.2019,-0.088076,True,2016-01
2016-01-01,NEE,buy_call,1.5127,4,7.5272,6.0145,0.24058,True,2016-01
2016-01-01,NFLX,skip,0.0,0,-19.7062,0.0,0.0,True,2016-01
2016-01-01,NKE,skip,0.0,0,-0.5435,0.0,0.0,True,2016-01
2016-01-01,ORCL,skip,0.0,0,-0.6022,0.0,0.0,True,2016-01
2016-01-01,PEP,skip,0.0,0,0.0756,0.0,0.0,True,2016-01
2016-01-01,PFE,skip,0.0,0,-5.5452,0.0,0.0,True,2016-01
2016-01-01,PG,buy_call,1.6081,4,2.8711,1.263,0.05052,True,2016-01
2016-01-01,PM,buy_call,1.7113,4,3.6046,1.8933,0.075732,True,2016-01
2016-01-01,PPL,buy_call,1.5127,4,3.8947,2.382,0.09528,True,2016-01
2016-01-01,PRU,skip,0.0,0,-13.9172,0.0,0.0,True,2016-01
2016-01-01,PYPL,buy_call,2.0772,4,-0.1658,-2.0772,-0.083088,True,2016-01
2016-01-01,QCOM,buy_call,3.2587,4,-9.3019,-3.2587,-0.130348,True,2016-01
2016-01-01,SBUX,skip,0.0,0,1.2327,0.0,0.0,True,2016-01
2016-01-01,SCHW,skip,0.0,0,-22.4719,0.0,0.0,True,2016-01
2016-01-01,SLB,skip,0.0,0,3.6129,0.0,0.0,True,2016-01
2016-01-01,SO,buy_call,1.5127,4,4.5522,3.0395,0.12158,True,2016-01
2016-01-01,SPG,buy_call,2.3131,4,-4.1967,-2.3131,-0.092524,True,2016-01
2016-01-01,SYK,skip,0.0,0,7.115,0.0,0.0,True,2016-01
2016-01-01,T,buy_call,2.3751,4,4.7951,2.42,0.0968,True,2016-01
2016-01-01,TGT,buy_call,1.8748,4,-0.2617,-1.8748,-0.074992,True,2016-01
2016-01-01,TMO,buy_call,2.1662,4,-6.7982,-2.1662,-0.086648,True,2016-01
2016-01-01,TXN,skip,0.0,0,-3.43,0.0,0.0,True,2016-01
2016-01-01,UNH,buy_call,2.2773,4,-1.6853,-2.2773,-0.091092,True,2016-01
2016-01-01,UNP,skip,0.0,0,-7.9284,0.0,0.0,True,2016-01
2016-01-01,USB,skip,0.0,0,-5.5573,0.0,0.0,True,2016-01
2016-01-01,V,skip,0.0,0,-3.9458,0.0,0.0,True,2016-01
2016-01-01,VZ,buy_call,2.3751,4,8.1134,5.7383,0.229532,True,2016-01
2016-01-01,WFC,skip,0.0,0,-7.5975,0.0,0.0,True,2016-01
2016-01-01,WMT,buy_call,1.8748,4,9.1613,7.2865,0.29146,True,2016-01
2016-01-01,XOM,skip,0.0,0,-0.1283,0.0,0.0,True,2016-01
2016-02-01,AAPL,skip,0.0,0,-0.6678,0.0,0.0,True,2016-02
2016-02-01,ABBV,skip,0.0,0,0.5166,0.0,0.0,True,2016-02
2016-02-01,ABT,skip,0.0,0,2.9973,0.0,0.0,True,2016-02
2016-02-01,ADBE,skip,0.0,0,-4.4654,0.0,0.0,True,2016-02
2016-02-01,ADP,skip,0.0,0,1.9256,0.0,0.0,True,2016-02
2016-02-01,AIG,skip,0.0,0,-11.119,0.0,0.0,True,2016-02
2016-02-01,AMGN,skip,0.0,0,-6.8421,0.0,0.0,True,2016-02
2016-02-01,AMT,skip,0.0,0,-2.2684,0.0,0.0,True,2016-02
2016-02-01,AMZN,skip,0.0,0,-5.8739,0.0,0.0,True,2016-02
2016-02-01,AXP,skip,0.0,0,4.3425,0.0,0.0,True,2016-02
2016-02-01,BA,skip,0.0,0,-1.6232,0.0,0.0,True,2016-02
2016-02-01,BAC,skip,0.0,0,-11.4568,0.0,0.0,True,2016-02
2016-02-01,BDX,skip,0.0,0,1.4308,0.0,0.0,True,2016-02
2016-02-01,BIIB,skip,0.0,0,-4.9952,0.0,0.0,True,2016-02
2016-02-01,BLK,skip,0.0,0,-0.7319,0.0,0.0,True,2016-02
2016-02-01,BMY,skip,0.0,0,-0.37,0.0,0.0,True,2016-02
2016-02-01,BRK-B,skip,0.0,0,3.3906,0.0,0.0,True,2016-02
2016-02-01,C,skip,0.0,0,-8.6474,0.0,0.0,True,2016-02
2016-02-01,CAT,skip,0.0,0,10.1343,0.0,0.0,True,2016-02
2016-02-01,CL,buy_call,1.636,8,-2.2037,-1.636,-0.13088,True,2016-02
2016-02-01,COST,skip,0.0,0,-0.7213,0.0,0.0,True,2016-02
2016-02-01,CRM,skip,0.0,0,-0.4555,0.0,0.0,True,2016-02
2016-02-01,CSCO,skip,0.0,0,10.9037,0.0,0.0,True,2016-02
2016-02-01,CTSH,buy_call,2.3531,8,-9.9984,-2.3531,-0.188248,True,2016-02
2016-02-01,CVS,skip,0.0,0,1.0522,0.0,0.0,True,2016-02
2016-02-01,CVX,skip,0.0,0,-3.5041,0.0,0.0,True,2016-02
2016-02-01,DHR,skip,0.0,0,3.0237,0.0,0.0,True,2016-02
2016-02-01,DIS,skip,0.0,0,-0.3131,0.0,0.0,True,2016-02
2016-02-01,DUK,buy_call,1.5389,8,-1.3546,-1.5389,-0.123112,True,2016-02
2016-02-01,ELV,skip,0.0,0,0.1532,0.0,0.0,True,2016-02
2016-02-01,EOG,buy_call,2.5185,8,-8.5985,-2.5185,-0.20148,True,2016-02
2016-02-01,EQIX,buy_call,2.3531,8,-2.2153,-2.3531,-0.188248,True,2016-02
2016-02-01,FDX,skip,0.0,0,3.0102,0.0,0.0,True,2016-02
2016-02-01,GE,skip,0.0,0,0.1375,0.0,0.0,True,2016-02
2016-02-01,GILD,skip,0.0,0,5.1205,0.0,0.0,True,2016-02
2016-02-01,GIS,skip,0.0,0,4.9549,0.0,0.0,True,2016-02
2016-02-01,GM,skip,0.0,0,-0.6748,0.0,0.0,True,2016-02
2016-02-01,GOOGL,skip,0.0,0,-5.7963,0.0,0.0,True,2016-02
2016-02-01,GS,skip,0.0,0,-7.4461,0.0,0.0,True,2016-02
2016-02-01,HD,skip,0.0,0,-1.3041,0.0,0.0,True,2016-02
2016-02-01,HON,skip,0.0,0,-1.7927,0.0,0.0,True,2016-02
2016-02-01,IBM,skip,0.0,0,5.0004,0.0,0.0,True,2016-02
2016-02-01,INTC,skip,0.0,0,-4.61,0.0,0.0,True,2016-02
2016-02-01,ITW,skip,0.0,0,4.6408,0.0,0.0,True,2016-02
2016-02-01,JNJ,buy_call,1.603,8,0.7372,-0.8658,-0.069264,True,2016-02
2016-02-01,JPM,skip,0.0,0,-4.7434,0.0,0.0,True,2016-02
2016-02-01,KO,skip,0.0,0,0.4893,0.0,0.0,True,2016-02
2016-02-01,LLY,skip,0.0,0,-8.976,0.0,0.0,True,2016-02
2016-02-01,LMT,skip,0.0,0,2.2702,0.0,0.0,True,2016-02
2016-02-01,LOW,skip,0.0,0,-5.3844,0.0,0.0,True,2016-02
2016-02-01,LYB,skip,0.0,0,2.8729,0.0,0.0,True,2016-02
2016-02-01,MA,skip,0.0,0,-2.1744,0.0,0.0,True,2016-02
2016-02-01,MCD,buy_call,1.5389,8,-5.3239,-1.5389,-0.123112,True,2016-02
2016-02-01,MDLZ,skip,0.0,0,-5.9628,0.0,0.0,True,2016-02
2016-02-01,MDT,skip,0.0,0,1.9363,0.0,0.0,True,2016-02
2016-02-01,MET,skip,0.0,0,-11.3997,0.0,0.0,True,2016-02
2016-02-01,META,buy_call,3.3808,8,-4.7144,-3.3808,-0.270464,True,2016-02
2016-02-01,MMM,buy_call,2.3531,8,3.8874,1.5343,0.122744,True,2016-02
2016-02-01,MO,buy_call,1.7409,8,0.7528,-0.9881,-0.079048,True,2016-02
2016-02-01,MRK,skip,0.0,0,-0.9079,0.0,0.0,True,2016-02
2016-02-01,MS,skip,0.0,0,-3.9946,0.0,0.0,True,2016-02
2016-02-01,MSFT,skip,0.0,0,-7.642,0.0,0.0,True,2016-02
2016-02-01,NEE,buy_call,1.5389,8,0.9936,-0.5453,-0.043624,True,2016-02
2016-02-01,NFLX,skip,0.0,0,1.7095,0.0,0.0,True,2016-02
2016-02-01,NKE,skip,0.0,0,-0.6773,0.0,0.0,True,2016-02
2016-02-01,ORCL,skip,0.0,0,1.712,0.0,0.0,True,2016-02
2016-02-01,PEP,buy_call,1.7409,8,-1.4904,-1.7409,-0.139272,True,2016-02
2016-02-01,PFE,skip,0.0,0,-2.6894,0.0,0.0,True,2016-02
2016-02-01,PG,buy_call,1.636,8,-0.8571,-1.636,-0.13088,True,2016-02
2016-02-01,PM,buy_call,1.7409,8,1.1332,-0.6077,-0.048616,True,2016-02
2016-02-01,PPL,buy_call,1.5389,8,-0.1996,-1.5389,-0.123112,True,2016-02
2016-02-01,PRU,skip,0.0,0,-5.6935,0.0,0.0,True,2016-02
2016-02-01,PYPL,skip,0.0,0,5.534,0.0,0.0,True,2016-02
2016-02-01,QCOM,skip,0.0,0,12.0203,0.0,0.0,True,2016-02
2016-02-01,SBUX,buy_call,1.5389,8,-4.2126,-1.5389,-0.123112,True,2016-02
2016-02-01,SCHW,skip,0.0,0,-1.8801,0.0,0.0,True,2016-02
2016-02-01,SLB,buy_call,2.5185,8,-0.761,-2.5185,-0.20148,True,2016-02
2016-02-01,SO,buy_call,1.5389,8,-1.5127,-1.5389,-0.123112,True,2016-02
2016-02-01,SPG,skip,0.0,0,1.8521,0.0,0.0,True,2016-02
2016-02-01,SYK,buy_call,1.9166,8,0.7363,-1.1803,-0.094424,True,2016-02
2016-02-01,T,buy_call,2.4162,8,4.386,1.9697,0.157576,True,2016-02
2016-02-01,TGT,skip,0.0,0,8.3264,0.0,0.0,True,2016-02
2016-02-01,TMO,skip,0.0,0,-2.1732,0.0,0.0,True,2016-02
2016-02-01,TXN,skip,0.0,0,0.9269,0.0,0.0,True,2016-02
2016-02-01,UNH,skip,0.0,0,3.4213,0.0,0.0,True,2016-02
2016-02-01,UNP,skip,0.0,0,9.5278,0.0,0.0,True,2016-02
2016-02-01,USB,skip,0.0,0,-3.8442,0.0,0.0,True,2016-02
2016-02-01,V,skip,0.0,0,-2.8192,0.0,0.0,True,2016-02
2016-02-01,VZ,buy_call,2.4162,8,2.7696,0.3534,0.028272,True,2016-02
2016-02-01,WFC,skip,0.0,0,-6.5897,0.0,0.0,True,2016-02
2016-02-01,WMT,buy_call,1.9073,8,-0.0301,-1.9073,-0.152584,True,2016-02
2016-02-01,XOM,skip,0.0,0,2.9544,0.0,0.0,True,2016-02
2016-03-01,AAPL,skip,0.0,0,13.3327,0.0,0.0,True,2016-03
2016-03-01,ABBV,buy_call,1.4952,14,4.5962,3.101,0.43414,True,2016-03
2016-03-01,ABT,buy_call,1.301,14,7.9763,6.6752,0.934528,True,2016-03
2016-03-01,ADBE,skip,0.0,0,10.1585,0.0,0.0,True,2016-03
2016-03-01,ADP,buy_call,1.5974,14,5.9275,4.3301,0.606214,True,2016-03
2016-03-01,AIG,skip,0.0,0,7.6693,0.0,0.0,True,2016-03
2016-03-01,AMGN,skip,0.0,0,6.1095,0.0,0.0,True,2016-03
2016-03-01,AMT,skip,0.0,0,11.0304,0.0,0.0,True,2016-03
2016-03-01,AMZN,skip,0.0,0,7.4423,0.0,0.0,True,2016-03
2016-03-01,AXP,buy_call,1.4345,14,10.4714,9.0369,1.265166,True,2016-03
2016-03-01,BA,skip,0.0,0,8.4064,0.0,0.0,True,2016-03
2016-03-01,BAC,skip,0.0,0,7.9872,0.0,0.0,True,2016-03
2016-03-01,BDX,buy_call,1.301,14,2.9637,1.6627,0.232778,True,2016-03
2016-03-01,BIIB,skip,0.0,0,0.3469,0.0,0.0,True,2016-03
2016-03-01,BLK,skip,0.0,0,9.1711,0.0,0.0,True,2016-03
2016-03-01,BMY,skip,0.0,0,3.1487,0.0,0.0,True,2016-03
2016-03-01,BRK-B,buy_call,0.957,14,5.7464,4.7895,0.67053,True,2016-03
2016-03-01,C,skip,0.0,0,7.4646,0.0,0.0,True,2016-03
2016-03-01,CAT,buy_call,1.7096,14,13.0576,11.348,1.58872,True,2016-03
2016-03-01,CL,skip,0.0,0,7.6325,0.0,0.0,True,2016-03
2016-03-01,COST,skip,0.0,0,5.3171,0.0,0.0,True,2016-03
2016-03-01,CRM,skip,0.0,0,8.9742,0.0,0.0,True,2016-03
2016-03-01,CSCO,buy_call,1.5974,14,8.7472,7.1498,1.000972,True,2016-03
2016-03-01,CTSH,skip,0.0,0,10.0386,0.0,0.0,True,2016-03
2016-03-01,CVS,buy_call,1.5727,14,6.7511,5.1784,0.724976,True,2016-03
2016-03-01,CVX,skip,0.0,0,15.7838,0.0,0.0,True,2016-03
2016-03-01,DHR,buy_call,1.301,14,6.2619,4.9609,0.694526,True,2016-03
2016-03-01,DIS,skip,0.0,0,3.9677,0.0,0.0,True,2016-03
2016-03-01,DUK,skip,0.0,0,9.7633,0.0,0.0,True,2016-03
2016-03-01,ELV,buy_call,1.5727,14,6.3509,4.7782,0.668948,True,2016-03
2016-03-01,EOG,skip,0.0,0,12.11,0.0,0.0,True,2016-03
2016-03-01,EQIX,skip,0.0,0,8.8972,0.0,0.0,True,2016-03
2016-03-01,FDX,buy_call,1.5974,14,18.8778,17.2804,2.419256,True,2016-03
2016-03-01,GE,buy_call,1.7096,14,9.9674,8.2577,1.156078,True,2016-03
2016-03-01,GILD,buy_call,1.4952,14,5.2836,3.7884,0.530376,True,2016-03
2016-03-01,GIS,buy_call,1.1818,14,7.6466,6.4648,0.905072,True,2016-03
2016-03-01,GM,skip,0.0,0,6.7595,0.0,0.0,True,2016-03
2016-03-01,GOOGL,skip,0.0,0,6.369,0.0,0.0,True,2016-03
2016-03-01,GS,skip,0.0,0,5.4384,0.0,0.0,True,2016-03
2016-03-01,HD,skip,0.0,0,7.5008,0.0,0.0,True,2016-03
2016-03-01,HON,skip,0.0,0,11.1865,0.0,0.0,True,2016-03
2016-03-01,IBM,buy_call,1.5974,14,16.7649,15.1675,2.12345,True,2016-03
2016-03-01,INTC,skip,0.0,0,10.2897,0.0,0.0,True,2016-03
2016-03-01,ITW,buy_call,1.5974,14,8.6896,7.0923,0.992922,True,2016-03
2016-03-01,JNJ,buy_call,1.0882,14,3.5873,2.4991,0.349874,True,2016-03
2016-03-01,JPM,skip,0.0,0,5.1865,0.0,0.0,True,2016-03
2016-03-01,KO,buy_call,1.0447,14,7.5586,6.5139,0.911946,True,2016-03
2016-03-01,LLY,skip,0.0,0,0.7104,0.0,0.0,True,2016-03
2016-03-01,LMT,buy_call,1.7096,14,3.4216,1.712,0.23968,True,2016-03
2016-03-01,LOW,skip,0.0,0,12.1724,0.0,0.0,True,2016-03
2016-03-01,LYB,buy_call,1.7096,14,7.7692,6.0595,0.84833,True,2016-03
2016-03-01,MA,skip,0.0,0,8.7207,0.0,0.0,True,2016-03
2016-03-01,MCD,skip,0.0,0,8.0571,0.0,0.0,True,2016-03
2016-03-01,MDLZ,skip,0.0,0,-1.0116,0.0,0.0,True,2016-03
2016-03-01,MDT,buy_call,1.301,14,-3.0882,-1.301,-0.18214,True,2016-03
2016-03-01,MET,skip,0.0,0,12.0545,0.0,0.0,True,2016-03
2016-03-01,META,skip,0.0,0,6.7153,0.0,0.0,True,2016-03
2016-03-01,MMM,buy_call,1.5974,14,6.9892,5.3918,0.754852,True,2016-03
2016-03-01,MO,buy_call,1.1818,14,1.7703,0.5886,0.082404,True,2016-03
2016-03-01,MRK,skip,0.0,0,5.3774,0.0,0.0,True,2016-03
2016-03-01,MS,skip,0.0,0,1.2551,0.0,0.0,True,2016-03
2016-03-01,MSFT,skip,0.0,0,9.3289,0.0,0.0,True,2016-03
2016-03-01,NEE,buy_call,1.0447,14,5.6845,4.6399,0.649586,True,2016-03
2016-03-01,NFLX,buy_call,2.3662,14,9.4422,7.076,0.99064,True,2016-03
2016-03-01,NKE,skip,0.0,0,-0.1949,0.0,0.0,True,2016-03
2016-03-01,ORCL,buy_call,1.902,14,11.2289,9.3269,1.305766,True,2016-03
2016-03-01,PEP,skip,0.0,0,4.7639,0.0,0.0,True,2016-03
2016-03-01,PFE,skip,0.0,0,0.9032,0.0,0.0,True,2016-03
2016-03-01,PG,skip,0.0,0,2.5158,0.0,0.0,True,2016-03
2016-03-01,PM,buy_call,1.1818,14,7.7777,6.5959,0.923426,True,2016-03
2016-03-01,PPL,skip,0.0,0,8.8025,0.0,0.0,True,2016-03
2016-03-01,PRU,skip,0.0,0,10.4441,0.0,0.0,True,2016-03
2016-03-01,PYPL,buy_call,1.4345,14,1.2061,-0.2284,-0.031976,True,2016-03
2016-03-01,QCOM,buy_call,2.2504,14,1.6342,-0.6162,-0.086268,True,2016-03
2016-03-01,SBUX,skip,0.0,0,2.8948,0.0,0.0,True,2016-03
2016-03-01,SCHW,skip,0.0,0,12.1446,0.0,0.0,True,2016-03
2016-03-01,SLB,skip,0.0,0,3.5829,0.0,0.0,True,2016-03
2016-03-01,SO,skip,0.0,0,8.5662,0.0,0.0,True,2016-03
2016-03-01,SPG,buy_call,1.5974,14,10.4537,8.8564,1.239896,True,2016-03
2016-03-01,SYK,buy_call,1.301,14,7.4189,6.1178,0.856492,True,2016-03
2016-03-01,T,buy_call,1.6402,14,6.0081,4.3679,0.611506,True,2016-03
2016-03-01,TGT,buy_call,1.2947,14,5.7524,4.4577,0.624078,True,2016-03
2016-03-01,TMO,skip,0.0,0,9.5982,0.0,0.0,True,2016-03
2016-03-01,TXN,buy_call,2.2079,14,8.2987,6.0908,0.852712,True,2016-03
2016-03-01,UNH,buy_call,1.5727,14,8.2284,6.6557,0.931798,True,2016-03
2016-03-01,UNP,buy_call,1.7096,14,1.5724,-0.1372,-0.019208,True,2016-03
2016-03-01,USB,skip,0.0,0,5.3738,0.0,0.0,True,2016-03
2016-03-01,V,skip,0.0,0,5.8584,0.0,0.0,True,2016-03
2016-03-01,VZ,buy_call,1.6402,14,6.6036,4.9634,0.694876,True,2016-03
2016-03-01,WFC,skip,0.0,0,3.8667,0.0,0.0,True,2016-03
2016-03-01,WMT,skip,0.0,0,3.2409,0.0,0.0,True,2016-03
2016-03-01,XOM,buy_call,1.7096,14,5.2385,3.5289,0.494046,True,2016-03
2016-04-01,AAPL,buy_call,1.8728,1,-13.9921,-1.8728,-0.018728,False,2016-04
2016-04-01,ABBV,buy_call,1.6828,1,6.7927,5.1099,0.051099,False,2016-04
2016-04-01,ABT,buy_call,1.4643,1,-7.0046,-1.4643,-0.014643,False,2016-04
2016-04-01,ADBE,buy_call,1.7114,1,0.4478,-1.2636,-0.012636,False,2016-04
2016-04-01,ADP,buy_call,1.7978,1,-0.8007,-1.7978,-0.017978,False,2016-04
2016-04-01,AIG,buy_call,1.6307,1,3.9193,2.2887,0.022887,False,2016-04
2016-04-01,AMGN,buy_call,1.6828,1,5.5826,3.8999,0.038999,False,2016-04
2016-04-01,AMT,buy_call,1.7978,1,2.4519,0.6541,0.006541,False,2016-04
2016-04-01,AMZN,buy_call,2.2782,1,11.1094,8.8312,0.088312,False,2016-04
2016-04-01,AXP,buy_call,1.6144,1,6.5636,4.9491,0.049491,False,2016-04
2016-04-01,BA,buy_call,1.7861,1,6.1919,4.4058,0.044058,False,2016-04
2016-04-01,BAC,buy_call,1.9038,1,8.1021,6.1983,0.061983,False,2016-04
2016-04-01,BDX,buy_call,1.4643,1,6.6915,5.2272,0.052272,False,2016-04
2016-04-01,BIIB,buy_call,1.6828,1,5.6354,3.9526,0.039526,False,2016-04
2016-04-01,BLK,buy_call,1.6307,1,5.366,3.7354,0.037354,False,2016-04
2016-04-01,BMY,buy_call,1.6828,1,13.666,11.9832,0.119832,False,2016-04
2016-04-01,BRK-B,buy_call,1.077,1,2.5373,1.4603,0.014603,False,2016-04
2016-04-01,C,buy_call,1.7861,1,10.8503,9.0642,0.090642,False,2016-04
2016-04-01,CAT,buy_call,1.9241,1,1.5417,-0.3824,-0.003824,False,2016-04
2016-04-01,CL,buy_call,1.2499,1,0.3822,-0.8677,-0.008677,False,2016-04
2016-04-01,COST,buy_call,1.5351,1,-5.9969,-1.5351,-0.015351,False,2016-04
2016-04-01,CRM,buy_call,2.3188,1,2.6683,0.3495,0.003495,False,2016-04
2016-04-01,CSCO,buy_call,1.7978,1,-3.4422,-1.7978,-0.017978,False,2016-04
2016-04-01,CTSH,buy_call,1.7978,1,-6.9059,-1.7978,-0.017978,False,2016-04
2016-04-01,CVS,buy_call,1.77,1,-3.1139,-1.77,-0.0177,False,2016-04
2016-04-01,CVX,buy_call,1.8238,1,7.107,5.2832,0.052832,False,2016-04
2016-04-01,DHR,buy_call,1.4643,1,2.1647,0.7005,0.007005,False,2016-04
2016-04-01,DIS,buy_call,1.9801,1,3.9775,1.9973,0.019973,False,2016-04
2016-04-01,DUK,buy_call,1.1757,1,-2.355,-1.1757,-0.011757,False,2016-04
2016-04-01,ELV,buy_call,1.77,1,1.7773,0.0073,7.3e-05,False,2016-04
2016-04-01,EOG,buy_call,1.9241,1,13.833,11.9089,0.119089,False,2016-04
2016-04-01,EQIX,buy_call,1.7978,1,0.4588,-1.3389,-0.013389,False,2016-04
2016-04-01,FDX,buy_call,1.7978,1,1.6478,-0.15,-0.0015,False,2016-04
2016-04-01,GE,buy_call,1.9241,1,-3.2715,-1.9241,-0.019241,False,2016-04
2016-04-01,GILD,buy_call,1.6828,1,-3.5106,-1.6828,-0.016828,False,2016-04
2016-04-01,GIS,buy_call,1.33,1,-3.1728,-1.33,-0.0133,False,2016-04
2016-04-01,GM,buy_call,1.9241,1,2.4461,0.522,0.00522,False,2016-04
2016-04-01,GOOGL,buy_call,2.0754,1,-7.2119,-2.0754,-0.020754,False,2016-04
2016-04-01,GS,buy_call,1.6307,1,4.542,2.9113,0.029113,False,2016-04
2016-04-01,HD,buy_call,1.6646,1,0.8966,-0.7681,-0.007681,False,2016-04
2016-04-01,HON,buy_call,1.7978,1,1.9813,0.1835,0.001835,False,2016-04
2016-04-01,IBM,buy_call,1.7978,1,-3.6382,-1.7978,-0.017978,False,2016-04
2016-04-01,INTC,buy_call,2.4849,1,-6.3988,-2.4849,-0.024849,False,2016-04
2016-04-01,ITW,buy_call,1.7978,1,2.5869,0.7891,0.007891,False,2016-04
2016-04-01,JNJ,buy_call,1.2247,1,3.5859,2.3612,0.023612,False,2016-04
2016-04-01,JPM,buy_call,1.6307,1,6.7207,5.09,0.0509,False,2016-04
2016-04-01,KO,buy_call,1.1757,1,-2.6743,-1.1757,-0.011757,False,2016-04
2016-04-01,LLY,buy_call,2.0958,1,4.8882,2.7924,0.027924,False,2016-04
2016-04-01,LMT,buy_call,1.9241,1,4.912,2.9879,0.029879,False,2016-04
2016-04-01,LOW,buy_call,1.6646,1,0.3564,-1.3082,-0.013082,False,2016-04
2016-04-01,LYB,buy_call,1.9241,1,-3.4003,-1.9241,-0.019241,False,2016-04
2016-04-01,MA,buy_call,1.6144,1,2.6349,1.0205,0.010205,False,2016-04
2016-04-01,MCD,buy_call,1.1757,1,0.6445,-0.5312,-0.005312,False,2016-04
2016-04-01,MDLZ,skip,0.0,0,7.5423,0.0,0.0,False,2016-04
2016-04-01,MDT,skip,0.0,0,6.0692,0.0,0.0,False,2016-04
2016-04-01,MET,buy_call,1.6307,1,2.64,1.0093,0.010093,False,2016-04
2016-04-01,META,buy_call,2.5829,1,3.0499,0.4671,0.004671,False,2016-04
2016-04-01,MMM,buy_call,1.7978,1,0.4501,-1.3477,-0.013477,False,2016-04
2016-04-01,MO,buy_call,1.33,1,0.9854,-0.3446,-0.003446,False,2016-04
2016-04-01,MRK,buy_call,1.6189,1,4.5544,2.9355,0.029355,False,2016-04
2016-04-01,MS,buy_call,1.6307,1,8.1967,6.566,0.06566,False,2016-04
2016-04-01,MSFT,buy_call,1.7114,1,-9.7048,-1.7114,-0.017114,False,2016-04
2016-04-01,NEE,buy_call,1.1757,1,-0.6422,-1.1757,-0.011757,False,2016-04
2016-04-01,NFLX,buy_call,2.663,1,-11.9339,-2.663,-0.02663,False,2016-04
2016-04-01,NKE,skip,0.0,0,-3.8686,0.0,0.0,False,2016-04
2016-04-01,ORCL,buy_call,2.1407,1,-2.5666,-2.1407,-0.021407,False,2016-04
2016-04-01,PEP,buy_call,1.33,1,1.1863,-0.1437,-0.001437,False,2016-04
2016-04-01,PFE,buy_call,1.6828,1,10.3576,8.6748,0.086748,False,2016-04
2016-04-01,PG,buy_call,1.2499,1,-2.6607,-1.2499,-0.012499,False,2016-04
2016-04-01,PM,buy_call,1.33,1,1.0557,-0.2743,-0.002743,False,2016-04
2016-04-01,PPL,buy_call,1.1757,1,-0.0765,-1.1757,-0.011757,False,2016-04
2016-04-01,PRU,buy_call,1.6307,1,7.5048,5.8742,0.058742,False,2016-04
2016-04-01,PYPL,buy_call,1.6144,1,1.5026,-0.1118,-0.001118,False,2016-04
2016-04-01,QCOM,buy_call,2.5327,1,-1.2124,-2.5327,-0.025327,False,2016-04
2016-04-01,SBUX,buy_call,1.1757,1,-5.8124,-1.1757,-0.011757,False,2016-04
2016-04-01,SCHW,buy_call,1.6307,1,1.3918,-0.2388,-0.002388,False,2016-04
2016-04-01,SLB,buy_call,1.9241,1,8.9355,7.0115,0.070115,False,2016-04
2016-04-01,SO,buy_call,1.1757,1,-3.151,-1.1757,-0.011757,False,2016-04
2016-04-01,SPG,buy_call,1.7978,1,-3.1393,-1.7978,-0.017978,False,2016-04
2016-04-01,SYK,buy_call,1.4643,1,1.972,0.5077,0.005077,False,2016-04
2016-04-01,T,buy_call,1.846,1,-0.8935,-1.846,-0.01846,False,2016-04
2016-04-01,TGT,buy_call,1.4571,1,-3.3787,-1.4571,-0.014571,False,2016-04
2016-04-01,TMO,buy_call,1.6836,1,1.9896,0.306,0.00306,False,2016-04
2016-04-01,TXN,buy_call,2.4849,1,-0.6618,-2.4849,-0.024849,False,2016-04
2016-04-01,UNH,buy_call,1.77,1,2.5783,0.8083,0.008083,False,2016-04
2016-04-01,UNP,buy_call,1.9241,1,9.6544,7.7303,0.077303,False,2016-04
2016-04-01,USB,buy_call,1.6307,1,5.837,4.2063,0.042063,False,2016-04
2016-04-01,V,buy_call,1.5182,1,0.9937,-0.5245,-0.005245,False,2016-04
2016-04-01,VZ,buy_call,1.846,1,-5.8062,-1.846,-0.01846,False,2016-04
2016-04-01,WFC,buy_call,2.0733,1,3.3499,1.2765,0.012765,False,2016-04
2016-04-01,WMT,buy_call,1.4571,1,-1.6425,-1.4571,-0.014571,False,2016-04
2016-04-01,XOM,buy_call,1.9241,1,5.7543,3.8302,0.038302,False,2016-04
2016-05-01,AAPL,skip,0.0,0,6.5287,0.0,0.0,False,2016-05
2016-05-01,ABBV,buy_call,1.5209,1,4.1553,2.6343,0.026343,False,2016-05
2016-05-01,ABT,skip,0.0,0,2.499,0.0,0.0,False,2016-05
2016-05-01,ADBE,buy_call,1.5468,1,5.5721,4.0253,0.040253,False,2016-05
2016-05-01,ADP,skip,0.0,0,-0.6785,0.0,0.0,False,2016-05
2016-05-01,AIG,buy_call,1.4738,1,3.6904,2.2166,0.022166,False,2016-05
2016-05-01,AMGN,buy_call,1.5209,1,-0.2211,-1.5209,-0.015209,False,2016-05
2016-05-01,AMT,buy_call,1.6249,1,1.3504,-0.2745,-0.002745,False,2016-05
2016-05-01,AMZN,buy_call,2.0591,1,9.5817,7.5226,0.075226,False,2016-05
2016-05-01,AXP,buy_call,1.4592,1,0.9909,-0.4682,-0.004682,False,2016-05
2016-05-01,BA,buy_call,1.6143,1,-6.4169,-1.6143,-0.016143,False,2016-05
2016-05-01,BAC,buy_call,1.7207,1,1.5797,-0.141,-0.00141,False,2016-05
2016-05-01,BDX,buy_call,1.3234,1,3.2184,1.895,0.01895,False,2016-05
2016-05-01,BIIB,buy_call,1.5209,1,5.3602,3.8393,0.038393,False,2016-05
2016-05-01,BLK,buy_call,1.4738,1,2.1104,0.6366,0.006366,False,2016-05
2016-05-01,BMY,buy_call,1.5209,1,-0.665,-1.5209,-0.015209,False,2016-05
2016-05-01,BRK-B,buy_call,0.9734,1,-3.3957,-0.9734,-0.009734,False,2016-05
2016-05-01,C,buy_call,1.6143,1,0.733,-0.8813,-0.008813,False,2016-05
2016-05-01,CAT,buy_call,1.739,1,-5.7939,-1.739,-0.01739,False,2016-05
2016-05-01,CL,buy_call,1.1297,1,-0.1758,-1.1297,-0.011297,False,2016-05
2016-05-01,COST,skip,0.0,0,0.7291,0.0,0.0,False,2016-05
2016-05-01,CRM,buy_call,2.0958,1,10.4354,8.3396,0.083396,False,2016-05
2016-05-01,CSCO,skip,0.0,0,6.6412,0.0,0.0,False,2016-05
2016-05-01,CTSH,skip,0.0,0,5.2596,0.0,0.0,False,2016-05
2016-05-01,CVS,skip,0.0,0,-3.634,0.0,0.0,False,2016-05
2016-05-01,CVX,buy_call,1.6483,1,-1.1549,-1.6483,-0.016483,False,2016-05
2016-05-01,DHR,buy_call,1.3234,1,1.6641,0.3406,0.003406,False,2016-05
2016-05-01,DIS,buy_call,1.7897,1,-3.9125,-1.7897,-0.017897,False,2016-05
2016-05-01,DUK,skip,0.0,0,-0.6981,0.0,0.0,False,2016-05
2016-05-01,ELV,buy_call,1.5997,1,-6.1164,-1.5997,-0.015997,False,2016-05
2016-05-01,EOG,buy_call,1.739,1,-1.3111,-1.739,-0.01739,False,2016-05
2016-05-01,EQIX,buy_call,1.6249,1,9.5807,7.9558,0.079558,False,2016-05
2016-05-01,FDX,buy_call,1.6249,1,-0.0848,-1.6249,-0.016249,False,2016-05
2016-05-01,GE,skip,0.0,0,-1.6911,0.0,0.0,False,2016-05
2016-05-01,GILD,skip,0.0,0,-1.3037,0.0,0.0,False,2016-05
2016-05-01,GIS,skip,0.0,0,3.0869,0.0,0.0,False,2016-05
2016-05-01,GM,buy_call,1.739,1,-1.6352,-1.739,-0.01739,False,2016-05
2016-05-01,GOOGL,skip,0.0,0,5.7877,0.0,0.0,False,2016-05
2016-05-01,GS,buy_call,1.4738,1,-2.8213,-1.4738,-0.014738,False,2016-05
2016-05-01,HD,buy_call,1.5045,1,-1.322,-1.5045,-0.015045,False,2016-05
2016-05-01,HON,buy_call,1.6249,1,-0.385,-1.6249,-0.016249,False,2016-05
2016-05-01,IBM,skip,0.0,0,5.3446,0.0,0.0,False,2016-05
2016-05-01,INTC,skip,0.0,0,4.3263,0.0,0.0,False,2016-05
2016-05-01,ITW,buy_call,1.6249,1,1.4447,-0.1802,-0.001802,False,2016-05
2016-05-01,JNJ,buy_call,1.1069,1,0.5443,-0.5626,-0.005626,False,2016-05
2016-05-01,JPM,buy_call,1.4738,1,4.0399,2.5661,0.025661,False,2016-05
2016-05-01,KO,skip,0.0,0,-0.4464,0.0,0.0,False,2016-05
2016-05-01,LLY,buy_call,1.8942,1,-0.662,-1.8942,-0.018942,False,2016-05
2016-05-01,LMT,buy_call,1.739,1,1.6568,-0.0822,-0.000822,False,2016-05
2016-05-01,LOW,buy_call,1.5045,1,5.7897,4.2852,0.042852,False,2016-05
2016-05-01,LYB,skip,0.0,0,-1.5845,0.0,0.0,False,2016-05
2016-05-01,MA,buy_call,1.4592,1,-0.9243,-1.4592,-0.014592,False,2016-05
2016-05-01,MCD,buy_call,1.0626,1,-3.5023,-1.0626,-0.010626,False,2016-05
2016-05-01,MDLZ,buy_call,1.2021,1,3.5615,2.3594,0.023594,False,2016-05
2016-05-01,MDT,buy_call,1.3234,1,1.6804,0.357,0.00357,False,2016-05
2016-05-01,MET,buy_call,1.4738,1,0.9978,-0.476,-0.00476,False,2016-05
2016-05-01,META,buy_call,2.3345,1,1.0461,-1.2884,-0.012884,False,2016-05
2016-05-01,MMM,buy_call,1.6249,1,0.5616,-1.0633,-0.010633,False,2016-05
2016-05-01,MO,buy_call,1.2021,1,1.483,0.2809,0.002809,False,2016-05
2016-05-01,MRK,buy_call,1.4632,1,2.5894,1.1261,0.011261,False,2016-05
2016-05-01,MS,buy_call,1.4738,1,1.6993,0.2255,0.002255,False,2016-05
2016-05-01,MSFT,skip,0.0,0,6.2763,0.0,0.0,False,2016-05
2016-05-01,NEE,skip,0.0,0,2.1602,0.0,0.0,False,2016-05
2016-05-01,NFLX,skip,0.0,0,13.9287,0.0,0.0,False,2016-05
2016-05-01,NKE,skip,0.0,0,-6.3115,0.0,0.0,False,2016-05
2016-05-01,ORCL,skip,0.0,0,1.2289,0.0,0.0,False,2016-05
2016-05-01,PEP,buy_call,1.2021,1,-1.7386,-1.2021,-0.012021,False,2016-05
2016-05-01,PFE,buy_call,1.5209,1,6.0838,4.5628,0.045628,False,2016-05
2016-05-01,PG,skip,0.0,0,1.9768,0.0,0.0,False,2016-05
2016-05-01,PM,buy_call,1.2021,1,0.5707,-0.6314,-0.006314,False,2016-05
2016-05-01,PPL,skip,0.0,0,2.3911,0.0,0.0,False,2016-05
2016-05-01,PRU,buy_call,1.4738,1,2.0737,0.5999,0.005999,False,2016-05
2016-05-01,PYPL,buy_call,1.4592,1,-3.5477,-1.4592,-0.014592,False,2016-05
2016-05-01,QCOM,skip,0.0,0,8.7094,0.0,0.0,False,2016-05
2016-05-01,SBUX,skip,0.0,0,-2.3831,0.0,0.0,False,2016-05
2016-05-01,SCHW,buy_call,1.4738,1,7.6382,6.1643,0.061643,False,2016-05
2016-05-01,SLB,buy_call,1.739,1,-5.0286,-1.739,-0.01739,False,2016-05
2016-05-01,SO,skip,0.0,0,-1.3174,0.0,0.0,False,2016-05
2016-05-01,SPG,skip,0.0,0,-1.7547,0.0,0.0,False,2016-05
2016-05-01,SYK,buy_call,1.3234,1,1.9723,0.6489,0.006489,False,2016-05
2016-05-01,T,skip,0.0,0,2.5125,0.0,0.0,False,2016-05
2016-05-01,TGT,skip,0.0,0,-13.4843,0.0,0.0,False,2016-05
2016-05-01,TMO,buy_call,1.5217,1,5.2132,3.6914,0.036914,False,2016-05
2016-05-01,TXN,skip,0.0,0,6.9193,0.0,0.0,False,2016-05
2016-05-01,UNH,buy_call,1.5997,1,1.5112,-0.0885,-0.000885,False,2016-05
2016-05-01,UNP,buy_call,1.739,1,-3.4851,-1.739,-0.01739,False,2016-05
2016-05-01,USB,buy_call,1.4738,1,0.3045,-1.1693,-0.011693,False,2016-05
2016-05-01,V,buy_call,1.3722,1,2.2009,0.8287,0.008287,False,2016-05
2016-05-01,VZ,skip,0.0,0,0.9762,0.0,0.0,False,2016-05
2016-05-01,WFC,buy_call,1.8739,1,1.4806,-0.3934,-0.003934,False,2016-05
2016-05-01,WMT,skip,0.0,0,5.8471,0.0,0.0,False,2016-05
2016-05-01,XOM,buy_call,1.739,1,0.7014,-1.0377,-0.010377,False,2016-05
2016-06-01,AAPL,buy_call,1.8644,1,-3.6831,-1.8644,-0.018644,False,2016-06
2016-06-01,ABBV,buy_call,1.6753,1,-1.6208,-1.6753,-0.016753,False,2016-06
2016-06-01,ABT,buy_call,1.4577,1,-0.8074,-1.4577,-0.014577,False,2016-06
2016-06-01,ADBE,buy_call,1.7038,1,-3.6996,-1.7038,-0.017038,False,2016-06
2016-06-01,ADP,skip,0.0,0,4.5879,0.0,0.0,False,2016-06
2016-06-01,AIG,buy_call,1.6234,1,-8.6213,-1.6234,-0.016234,False,2016-06
2016-06-01,AMGN,skip,0.0,0,-3.0379,0.0,0.0,False,2016-06
2016-06-01,AMT,buy_call,1.7898,1,7.4021,5.6124,0.056124,False,2016-06
2016-06-01,AMZN,buy_call,2.268,1,-0.992,-2.268,-0.02268,False,2016-06
2016-06-01,AXP,buy_call,1.6072,1,-7.6034,-1.6072,-0.016072,False,2016-06
2016-06-01,BA,skip,0.0,0,3.7886,0.0,0.0,False,2016-06
2016-06-01,BAC,buy_call,1.8953,1,-10.2772,-1.8953,-0.018953,False,2016-06
2016-06-01,BDX,buy_call,1.4577,1,1.8864,0.4287,0.004287,False,2016-06
2016-06-01,BIIB,buy_call,1.6753,1,-16.5361,-1.6753,-0.016753,False,2016-06
2016-06-01,BLK,buy_call,1.6234,1,-5.8596,-1.6234,-0.016234,False,2016-06
2016-06-01,BMY,skip,0.0,0,2.5802,0.0,0.0,False,2016-06
2016-06-01,BRK-B,skip,0.0,0,3.0241,0.0,0.0,False,2016-06
2016-06-01,C,buy_call,1.7782,1,-8.9757,-1.7782,-0.017782,False,2016-06
2016-06-01,CAT,skip,0.0,0,4.5511,0.0,0.0,False,2016-06
2016-06-01,CL,skip,0.0,0,3.9625,0.0,0.0,False,2016-06
2016-06-01,COST,buy_call,1.5283,1,5.5589,4.0306,0.040306,False,2016-06
2016-06-01,CRM,buy_call,2.3085,1,-5.1368,-2.3085,-0.023085,False,2016-06
2016-06-01,CSCO,buy_call,1.7898,1,-1.2392,-1.7898,-0.017898,False,2016-06
2016-06-01,CTSH,buy_call,1.7898,1,-6.836,-1.7898,-0.017898,False,2016-06
2016-06-01,CVS,skip,0.0,0,-0.7361,0.0,0.0,False,2016-06
2016-06-01,CVX,skip,0.0,0,4.8893,0.0,0.0,False,2016-06
2016-06-01,DHR,buy_call,1.4577,1,2.684,1.2263,0.012263,False,2016-06
2016-06-01,DIS,skip,0.0,0,-1.411,0.0,0.0,False,2016-06
2016-06-01,DUK,skip,0.0,0,10.8136,0.0,0.0,False,2016-06
2016-06-01,ELV,skip,0.0,0,-0.6205,0.0,0.0,False,2016-06
2016-06-01,EOG,skip,0.0,0,2.5319,0.0,0.0,False,2016-06
2016-06-01,EQIX,buy_call,1.7898,1,7.6538,5.864,0.05864,False,2016-06
2016-06-01,FDX,skip,0.0,0,-7.9953,0.0,0.0,False,2016-06
2016-06-01,GE,skip,0.0,0,4.135,0.0,0.0,False,2016-06
2016-06-01,GILD,skip,0.0,0,-4.1811,0.0,0.0,False,2016-06
2016-06-01,GIS,buy_call,1.3241,1,13.6031,12.2789,0.122789,False,2016-06
2016-06-01,GM,skip,0.0,0,-9.5269,0.0,0.0,False,2016-06
2016-06-01,GOOGL,buy_call,2.0661,1,-6.0519,-2.0661,-0.020661,False,2016-06
2016-06-01,GS,skip,0.0,0,-6.4528,0.0,0.0,False,2016-06
2016-06-01,HD,skip,0.0,0,-2.8525,0.0,0.0,False,2016-06
2016-06-01,HON,skip,0.0,0,2.7196,0.0,0.0,False,2016-06
2016-06-01,IBM,buy_call,1.7898,1,-0.3221,-1.7898,-0.017898,False,2016-06
2016-06-01,INTC,buy_call,2.4738,1,4.7272,2.2534,0.022534,False,2016-06
2016-06-01,ITW,buy_call,1.7898,1,-1.7637,-1.7898,-0.017898,False,2016-06
2016-06-01,JNJ,buy_call,1.2192,1,8.4089,7.1897,0.071897,False,2016-06
2016-06-01,JPM,buy_call,1.6234,1,-4.7955,-1.6234,-0.016234,False,2016-06
2016-06-01,KO,skip,0.0,0,1.6368,0.0,0.0,False,2016-06
2016-06-01,LLY,skip,0.0,0,5.6589,0.0,0.0,False,2016-06
2016-06-01,LMT,buy_call,1.9155,1,5.777,3.8615,0.038615,False,2016-06
2016-06-01,LOW,buy_call,1.6572,1,-1.1981,-1.6572,-0.016572,False,2016-06
2016-06-01,LYB,skip,0.0,0,-7.5579,0.0,0.0,False,2016-06
2016-06-01,MA,skip,0.0,0,-8.1752,0.0,0.0,False,2016-06
2016-06-01,MCD,skip,0.0,0,-1.4091,0.0,0.0,False,2016-06
2016-06-01,MDLZ,buy_call,1.3241,1,2.2926,0.9685,0.009685,False,2016-06
2016-06-01,MDT,buy_call,1.4577,1,7.8156,6.3579,0.063579,False,2016-06
2016-06-01,MET,buy_call,1.6234,1,-11.7543,-1.6234,-0.016234,False,2016-06
2016-06-01,META,buy_call,2.5714,1,-3.8128,-2.5714,-0.025714,False,2016-06
2016-06-01,MMM,buy_call,1.7898,1,4.7327,2.943,0.02943,False,2016-06
2016-06-01,MO,buy_call,1.3241,1,8.3596,7.0355,0.070355,False,2016-06
2016-06-01,MRK,buy_call,1.6117,1,2.3996,0.7878,0.007878,False,2016-06
2016-06-01,MS,buy_call,1.6234,1,-5.0785,-1.6234,-0.016234,False,2016-06
2016-06-01,MSFT,buy_call,1.7038,1,-2.7775,-1.7038,-0.017038,False,2016-06
2016-06-01,NEE,buy_call,1.1705,1,9.3569,8.1865,0.081865,False,2016-06
2016-06-01,NFLX,buy_call,2.6512,1,-10.8121,-2.6512,-0.026512,False,2016-06
2016-06-01,NKE,skip,0.0,0,-0.0362,0.0,0.0,False,2016-06
2016-06-01,ORCL,buy_call,2.1311,1,1.816,-0.3152,-0.003152,False,2016-06
2016-06-01,PEP,skip,0.0,0,4.7148,0.0,0.0,False,2016-06
2016-06-01,PFE,buy_call,1.6753,1,2.3784,0.7031,0.007031,False,2016-06
2016-06-01,PG,buy_call,1.2443,1,4.4793,3.235,0.03235,False,2016-06
2016-06-01,PM,buy_call,1.3241,1,3.0806,1.7565,0.017565,False,2016-06
2016-06-01,PPL,buy_call,1.1705,1,-2.0498,-1.1705,-0.011705,False,2016-06
2016-06-01,PRU,buy_call,1.6234,1,-9.1638,-1.6234,-0.016234,False,2016-06
2016-06-01,PYPL,skip,0.0,0,-3.3872,0.0,0.0,False,2016-06
2016-06-01,QCOM,buy_call,2.5214,1,-1.5217,-2.5214,-0.025214,False,2016-06
2016-06-01,SBUX,skip,0.0,0,4.4268,0.0,0.0,False,2016-06
2016-06-01,SCHW,buy_call,1.6234,1,-17.0261,-1.6234,-0.016234,False,2016-06
2016-06-01,SLB,skip,0.0,0,4.3132,0.0,0.0,False,2016-06
2016-06-01,SO,skip,0.0,0,9.6957,0.0,0.0,False,2016-06
2016-06-01,SPG,skip,0.0,0,10.6123,0.0,0.0,False,2016-06
2016-06-01,SYK,buy_call,1.4577,1,7.7995,6.3418,0.063418,False,2016-06
2016-06-01,T,buy_call,1.8377,1,10.3704,8.5326,0.085326,False,2016-06
2016-06-01,TGT,skip,0.0,0,2.2874,0.0,0.0,False,2016-06
2016-06-01,TMO,buy_call,1.6761,1,-2.6422,-1.6761,-0.016761,False,2016-06
2016-06-01,TXN,buy_call,2.4738,1,3.3828,0.909,0.00909,False,2016-06
2016-06-01,UNH,buy_call,1.7621,1,5.6333,3.8712,0.038712,False,2016-06
2016-06-01,UNP,skip,0.0,0,4.3268,0.0,0.0,False,2016-06
2016-06-01,USB,buy_call,1.6234,1,-5.815,-1.6234,-0.016234,False,2016-06
2016-06-01,V,buy_call,1.5115,1,-5.8762,-1.5115,-0.015115,False,2016-06
2016-06-01,VZ,buy_call,1.8377,1,9.7053,7.8676,0.078676,False,2016-06
2016-06-01,WFC,buy_call,2.0641,1,-5.9691,-2.0641,-0.020641,False,2016-06
2016-06-01,WMT,buy_call,1.4506,1,3.9201,2.4695,0.024695,False,2016-06
2016-06-01,XOM,buy_call,1.9155,1,6.1872,4.2716,0.042716,False,2016-06
2016-07-01,AAPL,skip,0.0,0,9.0062,0.0,0.0,False,2016-07
2016-07-01,ABBV,skip,0.0,0,6.9779,0.0,0.0,False,2016-07
2016-07-01,ABT,skip,0.0,0,13.8387,0.0,0.0,False,2016-07
2016-07-01,ADBE,skip,0.0,0,2.161,0.0,0.0,False,2016-07
2016-07-01,ADP,buy_call,1.3592,1,-2.5841,-1.3592,-0.013592,False,2016-07
2016-07-01,AIG,skip,0.0,0,3.5126,0.0,0.0,False,2016-07
2016-07-01,AMGN,skip,0.0,0,13.0661,0.0,0.0,False,2016-07
2016-07-01,AMT,buy_call,1.3592,1,2.4056,1.0464,0.010464,False,2016-07
2016-07-01,AMZN,skip,0.0,0,6.0353,0.0,0.0,False,2016-07
2016-07-01,AXP,skip,0.0,0,6.6236,0.0,0.0,False,2016-07
2016-07-01,BA,buy_call,1.3504,1,2.9183,1.5679,0.015679,False,2016-07
2016-07-01,BAC,skip,0.0,0,9.5641,0.0,0.0,False,2016-07
2016-07-01,BDX,buy_call,1.1071,1,4.1842,3.0772,0.030772,False,2016-07
2016-07-01,BIIB,skip,0.0,0,19.895,0.0,0.0,False,2016-07
2016-07-01,BLK,skip,0.0,0,7.6008,0.0,0.0,False,2016-07
2016-07-01,BMY,buy_call,1.2723,1,2.2527,0.9804,0.009804,False,2016-07
2016-07-01,BRK-B,buy_call,0.8143,1,-0.3591,-0.8143,-0.008143,False,2016-07
2016-07-01,C,skip,0.0,0,3.3499,0.0,0.0,False,2016-07
2016-07-01,CAT,buy_call,1.4547,1,9.1676,7.7129,0.077129,False,2016-07
2016-07-01,CL,buy_call,0.945,1,1.6803,0.7353,0.007353,False,2016-07
2016-07-01,COST,buy_call,1.1606,1,6.4824,5.3217,0.053217,False,2016-07
2016-07-01,CRM,skip,0.0,0,3.0097,0.0,0.0,False,2016-07
2016-07-01,CSCO,skip,0.0,0,6.4134,0.0,0.0,False,2016-07
2016-07-01,CTSH,skip,0.0,0,0.4368,0.0,0.0,False,2016-07
2016-07-01,CVS,skip,0.0,0,-3.1544,0.0,0.0,False,2016-07
2016-07-01,CVX,buy_call,1.3788,1,-2.2417,-1.3788,-0.013788,False,2016-07
2016-07-01,DHR,buy_call,1.1071,1,6.5291,5.4221,0.054221,False,2016-07
2016-07-01,DIS,skip,0.0,0,-1.9117,0.0,0.0,False,2016-07
2016-07-01,DUK,buy_call,0.8889,1,-0.2332,-0.8889,-0.008889,False,2016-07
2016-07-01,ELV,skip,0.0,0,0.4914,0.0,0.0,False,2016-07
2016-07-01,EOG,buy_call,1.4547,1,-2.0619,-1.4547,-0.014547,False,2016-07
2016-07-01,EQIX,buy_call,1.3592,1,-3.8326,-1.3592,-0.013592,False,2016-07
2016-07-01,FDX,skip,0.0,0,6.9341,0.0,0.0,False,2016-07
2016-07-01,GE,buy_call,1.4547,1,-0.3307,-1.4547,-0.014547,False,2016-07
2016-07-01,GILD,skip,0.0,0,-4.1989,0.0,0.0,False,2016-07
2016-07-01,GIS,buy_call,1.0056,1,0.7992,-0.2063,-0.002063,False,2016-07
2016-07-01,GM,skip,0.0,0,12.8675,0.0,0.0,False,2016-07
2016-07-01,GOOGL,skip,0.0,0,12.4813,0.0,0.0,False,2016-07
2016-07-01,GS,skip,0.0,0,6.8851,0.0,0.0,False,2016-07
2016-07-01,HD,skip,0.0,0,8.2622,0.0,0.0,False,2016-07
2016-07-01,HON,buy_call,1.3592,1,0.0086,-1.3506,-0.013506,False,2016-07
2016-07-01,IBM,skip,0.0,0,5.8242,0.0,0.0,False,2016-07
2016-07-01,INTC,buy_call,1.8787,1,6.2805,4.4018,0.044018,False,2016-07
2016-07-01,ITW,skip,0.0,0,11.412,0.0,0.0,False,2016-07
2016-07-01,JNJ,buy_call,0.9259,1,3.2399,2.314,0.02314,False,2016-07
2016-07-01,JPM,skip,0.0,0,2.9449,0.0,0.0,False,2016-07
2016-07-01,KO,buy_call,0.8889,1,-3.0122,-0.8889,-0.008889,False,2016-07
2016-07-01,LLY,buy_call,1.5845,1,5.2572,3.6726,0.036726,False,2016-07
2016-07-01,LMT,buy_call,1.4547,1,1.8374,0.3827,0.003827,False,2016-07
2016-07-01,LOW,skip,0.0,0,3.9282,0.0,0.0,False,2016-07
2016-07-01,LYB,skip,0.0,0,1.1287,0.0,0.0,False,2016-07
2016-07-01,MA,skip,0.0,0,8.1536,0.0,0.0,False,2016-07
2016-07-01,MCD,skip,0.0,0,-1.5167,0.0,0.0,False,2016-07
2016-07-01,MDLZ,buy_call,1.0056,1,-2.9632,-1.0056,-0.010056,False,2016-07
2016-07-01,MDT,buy_call,1.1071,1,0.9911,-0.116,-0.00116,False,2016-07
2016-07-01,MET,skip,0.0,0,7.3061,0.0,0.0,False,2016-07
2016-07-01,META,skip,0.0,0,8.4529,0.0,0.0,False,2016-07
2016-07-01,MMM,buy_call,1.3592,1,1.8501,0.4909,0.004909,False,2016-07
2016-07-01,MO,buy_call,1.0056,1,-0.9811,-1.0056,-0.010056,False,2016-07
2016-07-01,MRK,buy_call,1.224,1,2.6538,1.4298,0.014298,False,2016-07
2016-07-01,MS,skip,0.0,0,10.585,0.0,0.0,False,2016-07
2016-07-01,MSFT,skip,0.0,0,10.768,0.0,0.0,False,2016-07
2016-07-01,NEE,buy_call,0.8889,1,-1.6181,-0.8889,-0.008889,False,2016-07
2016-07-01,NFLX,skip,0.0,0,-0.2514,0.0,0.0,False,2016-07
2016-07-01,NKE,skip,0.0,0,0.8372,0.0,0.0,False,2016-07
2016-07-01,ORCL,buy_call,1.6184,1,0.2687,-1.3497,-0.013497,False,2016-07
2016-07-01,PEP,buy_call,1.0056,1,3.5839,2.5784,0.025784,False,2016-07
2016-07-01,PFE,buy_call,1.2723,1,4.7714,3.4991,0.034991,False,2016-07
2016-07-01,PG,buy_call,0.945,1,1.0866,0.1416,0.001416,False,2016-07
2016-07-01,PM,buy_call,1.0056,1,-0.4353,-1.0056,-0.010056,False,2016-07
2016-07-01,PPL,skip,0.0,0,0.8709,0.0,0.0,False,2016-07
2016-07-01,PRU,skip,0.0,0,5.5369,0.0,0.0,False,2016-07
2016-07-01,PYPL,skip,0.0,0,1.9995,0.0,0.0,False,2016-07
2016-07-01,QCOM,skip,0.0,0,16.8191,0.0,0.0,False,2016-07
2016-07-01,SBUX,buy_call,0.8889,1,1.6282,0.7393,0.007393,False,2016-07
2016-07-01,SCHW,skip,0.0,0,12.2877,0.0,0.0,False,2016-07
2016-07-01,SLB,buy_call,1.4547,1,1.8209,0.3662,0.003662,False,2016-07
2016-07-01,SO,buy_call,0.8889,1,-0.2424,-0.8889,-0.008889,False,2016-07
2016-07-01,SPG,buy_call,1.3592,1,4.675,3.3158,0.033158,False,2016-07
2016-07-01,SYK,buy_call,1.1071,1,-2.6402,-1.1071,-0.011071,False,2016-07
2016-07-01,T,buy_call,1.3957,1,0.1851,-1.2105,-0.012105,False,2016-07
2016-07-01,TGT,buy_call,1.1017,1,7.8917,6.79,0.0679,False,2016-07
2016-07-01,TMO,skip,0.0,0,7.6049,0.0,0.0,False,2016-07
2016-07-01,TXN,buy_call,1.8787,1,11.3328,9.4541,0.094541,False,2016-07
2016-07-01,UNH,buy_call,1.3382,1,1.8782,0.5401,0.005401,False,2016-07
2016-07-01,UNP,buy_call,1.4547,1,6.6475,5.1928,0.051928,False,2016-07
2016-07-01,USB,skip,0.0,0,5.2561,0.0,0.0,False,2016-07
2016-07-01,V,skip,0.0,0,5.2312,0.0,0.0,False,2016-07
2016-07-01,VZ,buy_call,1.3957,1,-0.77,-1.3957,-0.013957,False,2016-07
2016-07-01,WFC,skip,0.0,0,1.3522,0.0,0.0,False,2016-07
2016-07-01,WMT,buy_call,1.1017,1,-0.0685,-1.1017,-0.011017,False,2016-07
2016-07-01,XOM,buy_call,1.4547,1,-5.1099,-1.4547,-0.014547,False,2016-07
2016-08-01,AAPL,buy_call,1.6008,1,1.8137,0.2129,0.002129,False,2016-08
2016-08-01,ABBV,buy_call,1.4384,1,-2.3665,-1.4384,-0.014384,False,2016-08
2016-08-01,ABT,buy_call,1.2516,1,-5.5222,-1.2516,-0.012516,False,2016-08
2016-08-01,ADBE,buy_call,1.4629,1,4.5473,3.0845,0.030845,False,2016-08
2016-08-01,ADP,skip,0.0,0,0.9668,0.0,0.0,False,2016-08
2016-08-01,AIG,buy_call,1.3938,1,9.9008,8.507,0.08507,False,2016-08
2016-08-01,AMGN,buy_call,1.4384,1,-1.1452,-1.4384,-0.014384,False,2016-08
2016-08-01,AMT,buy_call,1.5367,1,-2.0645,-1.5367,-0.015367,False,2016-08
2016-08-01,AMZN,buy_call,1.9473,1,1.364,-0.5834,-0.005834,False,2016-08
2016-08-01,AXP,buy_call,1.38,1,1.7375,0.3575,0.003575,False,2016-08
2016-08-01,BA,buy_call,1.5267,1,-3.1498,-1.5267,-0.015267,False,2016-08
2016-08-01,BAC,buy_call,1.6273,1,11.3872,9.7599,0.097599,False,2016-08
2016-08-01,BDX,buy_call,1.2516,1,0.6875,-0.5641,-0.005641,False,2016-08
2016-08-01,BIIB,buy_call,1.4384,1,5.4151,3.9767,0.039767,False,2016-08
2016-08-01,BLK,buy_call,1.3938,1,1.7911,0.3973,0.003973,False,2016-08
2016-08-01,BMY,buy_call,1.4384,1,-23.2857,-1.4384,-0.014384,False,2016-08
2016-08-01,BRK-B,skip,0.0,0,4.3114,0.0,0.0,False,2016-08
2016-08-01,C,buy_call,1.5267,1,9.3656,7.8389,0.078389,False,2016-08
2016-08-01,CAT,buy_call,1.6447,1,-0.0248,-1.6447,-0.016447,False,2016-08
2016-08-01,CL,buy_call,1.0684,1,0.4043,-0.6641,-0.006641,False,2016-08
2016-08-01,COST,buy_call,1.3122,1,-3.0678,-1.3122,-0.013122,False,2016-08
2016-08-01,CRM,buy_call,1.9821,1,-2.9095,-1.9821,-0.019821,False,2016-08
2016-08-01,CSCO,buy_call,1.5367,1,3.9188,2.3821,0.023821,False,2016-08
2016-08-01,CTSH,buy_call,1.5367,1,-0.087,-1.5367,-0.015367,False,2016-08
2016-08-01,CVS,skip,0.0,0,1.1773,0.0,0.0,False,2016-08
2016-08-01,CVX,skip,0.0,0,-1.854,0.0,0.0,False,2016-08
2016-08-01,DHR,buy_call,1.2516,1,55.4943,54.2426,0.542426,False,2016-08
2016-08-01,DIS,skip,0.0,0,-0.8378,0.0,0.0,False,2016-08
2016-08-01,DUK,skip,0.0,0,-6.9284,0.0,0.0,False,2016-08
2016-08-01,ELV,buy_call,1.5129,1,-4.7662,-1.5129,-0.015129,False,2016-08
2016-08-01,EOG,skip,0.0,0,8.525,0.0,0.0,False,2016-08
2016-08-01,EQIX,skip,0.0,0,-1.1318,0.0,0.0,False,2016-08
2016-08-01,FDX,buy_call,1.5367,1,1.8715,0.3348,0.003348,False,2016-08
2016-08-01,GE,skip,0.0,0,0.3211,0.0,0.0,False,2016-08
2016-08-01,GILD,skip,0.0,0,-1.3716,0.0,0.0,False,2016-08
2016-08-01,GIS,buy_call,1.1369,1,-0.8324,-1.1369,-0.011369,False,2016-08
2016-08-01,GM,buy_call,1.6447,1,1.2048,-0.4399,-0.004399,False,2016-08
2016-08-01,GOOGL,buy_call,1.774,1,-0.1883,-1.774,-0.01774,False,2016-08
2016-08-01,GS,buy_call,1.3938,1,6.7061,5.3123,0.053123,False,2016-08
2016-08-01,HD,buy_call,1.4229,1,-2.9803,-1.4229,-0.014229,False,2016-08
2016-08-01,HON,buy_call,1.5367,1,0.3267,-1.21,-0.0121,False,2016-08
2016-08-01,IBM,buy_call,1.5367,1,-1.0833,-1.5367,-0.015367,False,2016-08
2016-08-01,INTC,buy_call,2.124,1,2.9547,0.8307,0.008307,False,2016-08
2016-08-01,ITW,buy_call,1.5367,1,2.9896,1.4529,0.014529,False,2016-08
2016-08-01,JNJ,buy_call,1.0468,1,-4.7033,-1.0468,-0.010468,False,2016-08
2016-08-01,JPM,buy_call,1.3938,1,6.3396,4.9458,0.049458,False,2016-08
2016-08-01,KO,skip,0.0,0,-0.4584,0.0,0.0,False,2016-08
2016-08-01,LLY,buy_call,1.7915,1,-6.201,-1.7915,-0.017915,False,2016-08
2016-08-01,LMT,buy_call,1.6447,1,-3.8618,-1.6447,-0.016447,False,2016-08
2016-08-01,LOW,buy_call,1.4229,1,-6.5514,-1.4229,-0.014229,False,2016-08
2016-08-01,LYB,buy_call,1.6447,1,4.8233,3.1786,0.031786,False,2016-08
2016-08-01,MA,buy_call,1.38,1,1.6784,0.2984,0.002984,False,2016-08
2016-08-01,MCD,skip,0.0,0,-1.6915,0.0,0.0,False,2016-08
2016-08-01,MDLZ,skip,0.0,0,2.3647,0.0,0.0,False,2016-08
2016-08-01,MDT,buy_call,1.2516,1,-0.1917,-1.2516,-0.012516,False,2016-08
2016-08-01,MET,buy_call,1.3938,1,1.5442,0.1504,0.001504,False,2016-08
2016-08-01,META,buy_call,2.2078,1,1.7589,-0.4489,-0.004489,False,2016-08
2016-08-01,MMM,buy_call,1.5367,1,0.4934,-1.0433,-0.010433,False,2016-08
2016-08-01,MO,skip,0.0,0,-2.3782,0.0,0.0,False,2016-08
2016-08-01,MRK,buy_call,1.3838,1,7.0406,5.6568,0.056568,False,2016-08
2016-08-01,MS,buy_call,1.3938,1,12.3595,10.9656,0.109656,False,2016-08
2016-08-01,MSFT,buy_call,1.4629,1,1.3762,-0.0867,-0.000867,False,2016-08
2016-08-01,NEE,skip,0.0,0,-5.7292,0.0,0.0,False,2016-08
2016-08-01,NFLX,skip,0.0,0,6.7945,0.0,0.0,False,2016-08
2016-08-01,NKE,buy_call,1.7855,1,3.8558,2.0703,0.020703,False,2016-08
2016-08-01,ORCL,buy_call,1.8298,1,0.8081,-1.0217,-0.010217,False,2016-08
2016-08-01,PEP,buy_call,1.1369,1,-1.9923,-1.1369,-0.011369,False,2016-08
2016-08-01,PFE,buy_call,1.4384,1,-5.6655,-1.4384,-0.014384,False,2016-08
2016-08-01,PG,buy_call,1.0684,1,2.8089,1.7406,0.017406,False,2016-08
2016-08-01,PM,skip,0.0,0,-0.3292,0.0,0.0,False,2016-08
2016-08-01,PPL,buy_call,1.005,1,-7.7698,-1.005,-0.01005,False,2016-08
2016-08-01,PRU,buy_call,1.3938,1,5.4323,4.0385,0.040385,False,2016-08
2016-08-01,PYPL,buy_call,1.38,1,-0.2417,-1.38,-0.0138,False,2016-08
2016-08-01,QCOM,buy_call,2.1649,1,0.783,-1.3819,-0.013819,False,2016-08
2016-08-01,SBUX,buy_call,1.005,1,-3.1352,-1.005,-0.01005,False,2016-08
2016-08-01,SCHW,buy_call,1.3938,1,10.6967,9.3028,0.093028,False,2016-08
2016-08-01,SLB,buy_call,1.6447,1,-1.8877,-1.6447,-0.016447,False,2016-08
2016-08-01,SO,skip,0.0,0,-4.0561,0.0,0.0,False,2016-08
2016-08-01,SPG,buy_call,1.5367,1,-5.096,-1.5367,-0.015367,False,2016-08
2016-08-01,SYK,skip,0.0,0,-0.5332,0.0,0.0,False,2016-08
2016-08-01,T,buy_call,1.5779,1,-4.1621,-1.5779,-0.015779,False,2016-08
2016-08-01,TGT,buy_call,1.2455,1,-6.8233,-1.2455,-0.012455,False,2016-08
2016-08-01,TMO,buy_call,1.4391,1,-4.1866,-1.4391,-0.014391,False,2016-08
2016-08-01,TXN,buy_call,2.124,1,0.2333,-1.8907,-0.018907,False,2016-08
2016-08-01,UNH,buy_call,1.5129,1,-4.993,-1.5129,-0.015129,False,2016-08
2016-08-01,UNP,buy_call,1.6447,1,2.6653,1.0206,0.010206,False,2016-08
2016-08-01,USB,buy_call,1.3938,1,4.6953,3.3014,0.033014,False,2016-08
2016-08-01,V,buy_call,1.2978,1,3.6515,2.3537,0.023537,False,2016-08
2016-08-01,VZ,skip,0.0,0,-4.6052,0.0,0.0,False,2016-08
2016-08-01,WFC,buy_call,1.7722,1,5.8995,4.1273,0.041273,False,2016-08
2016-08-01,WMT,skip,0.0,0,-2.0967,0.0,0.0,False,2016-08
2016-08-01,XOM,skip,0.0,0,-2.0349,0.0,0.0,False,2016-08
2016-09-01,AAPL,buy_call,1.5853,1,7.1276,5.5423,0.055423,False,2016-09
2016-09-01,ABBV,skip,0.0,0,-1.6068,0.0,0.0,False,2016-09
2016-09-01,ABT,skip,0.0,0,0.6425,0.0,0.0,False,2016-09
2016-09-01,ADBE,buy_call,1.4487,1,6.0893,4.6407,0.046407,False,2016-09
2016-09-01,ADP,buy_call,1.5218,1,-1.7927,-1.5218,-0.015218,False,2016-09
2016-09-01,AIG,buy_call,1.3803,1,-0.819,-1.3803,-0.013803,False,2016-09
2016-09-01,AMGN,skip,0.0,0,-1.3409,0.0,0.0,False,2016-09
2016-09-01,AMT,skip,0.0,0,-0.044,0.0,0.0,False,2016-09
2016-09-01,AMZN,buy_call,1.9285,1,8.8603,6.9318,0.069318,False,2016-09
2016-09-01,AXP,buy_call,1.3666,1,-2.3483,-1.3666,-0.013666,False,2016-09
2016-09-01,BA,skip,0.0,0,2.6124,0.0,0.0,False,2016-09
2016-09-01,BAC,buy_call,1.6115,1,-2.5847,-1.6115,-0.016115,False,2016-09
2016-09-01,BDX,buy_call,1.2395,1,1.422,0.1825,0.001825,False,2016-09
2016-09-01,BIIB,buy_call,1.4245,1,2.4212,0.9968,0.009968,False,2016-09
2016-09-01,BLK,buy_call,1.3803,1,-2.1805,-1.3803,-0.013803,False,2016-09
2016-09-01,BMY,skip,0.0,0,-6.0463,0.0,0.0,False,2016-09
2016-09-01,BRK-B,buy_call,0.9117,1,-4.0003,-0.9117,-0.009117,False,2016-09
2016-09-01,C,buy_call,1.5119,1,-1.0683,-1.5119,-0.015119,False,2016-09
2016-09-01,CAT,skip,0.0,0,8.3222,0.0,0.0,False,2016-09
2016-09-01,CL,buy_call,1.058,1,-0.269,-1.058,-0.01058,False,2016-09
2016-09-01,COST,skip,0.0,0,-5.6574,0.0,0.0,False,2016-09
2016-09-01,CRM,skip,0.0,0,-10.1863,0.0,0.0,False,2016-09
2016-09-01,CSCO,buy_call,1.5218,1,0.8906,-0.6312,-0.006312,False,2016-09
2016-09-01,CTSH,skip,0.0,0,-16.9394,0.0,0.0,False,2016-09
2016-09-01,CVS,buy_call,1.4983,1,-4.7216,-1.4983,-0.014983,False,2016-09
2016-09-01,CVX,skip,0.0,0,3.4047,0.0,0.0,False,2016-09
2016-09-01,DHR,buy_call,1.2395,1,-3.7097,-1.2395,-0.012395,False,2016-09
2016-09-01,DIS,skip,0.0,0,-1.6938,0.0,0.0,False,2016-09
2016-09-01,DUK,skip,0.0,0,1.5013,0.0,0.0,False,2016-09
2016-09-01,ELV,skip,0.0,0,0.1839,0.0,0.0,False,2016-09
2016-09-01,EOG,buy_call,1.6287,1,9.2892,7.6604,0.076604,False,2016-09
2016-09-01,EQIX,skip,0.0,0,-1.8095,0.0,0.0,False,2016-09
2016-09-01,FDX,buy_call,1.5218,1,5.9116,4.3898,0.043898,False,2016-09
2016-09-01,GE,buy_call,1.6287,1,-5.1857,-1.6287,-0.016287,False,2016-09
2016-09-01,GILD,skip,0.0,0,0.9441,0.0,0.0,False,2016-09
2016-09-01,GIS,skip,0.0,0,-9.7995,0.0,0.0,False,2016-09
2016-09-01,GM,buy_call,1.6287,1,-0.4699,-1.6287,-0.016287,False,2016-09
2016-09-01,GOOGL,skip,0.0,0,1.7991,0.0,0.0,False,2016-09
2016-09-01,GS,buy_call,1.3803,1,-4.4608,-1.3803,-0.013803,False,2016-09
2016-09-01,HD,skip,0.0,0,-3.5641,0.0,0.0,False,2016-09
2016-09-01,HON,buy_call,1.5218,1,0.4112,-1.1106,-0.011106,False,2016-09
2016-09-01,IBM,skip,0.0,0,0.8447,0.0,0.0,False,2016-09
2016-09-01,INTC,buy_call,2.1035,1,5.9798,3.8763,0.038763,False,2016-09
2016-09-01,ITW,buy_call,1.5218,1,0.833,-0.6889,-0.006889,False,2016-09
2016-09-01,JNJ,skip,0.0,0,-0.3536,0.0,0.0,False,2016-09
2016-09-01,JPM,buy_call,1.3803,1,-1.3481,-1.3803,-0.013803,False,2016-09
2016-09-01,KO,skip,0.0,0,-2.5558,0.0,0.0,False,2016-09
2016-09-01,LLY,skip,0.0,0,3.886,0.0,0.0,False,2016-09
2016-09-01,LMT,skip,0.0,0,-0.6667,0.0,0.0,False,2016-09
2016-09-01,LOW,skip,0.0,0,-5.6818,0.0,0.0,False,2016-09
2016-09-01,LYB,buy_call,1.6287,1,3.3905,1.7617,0.017617,False,2016-09
2016-09-01,MA,buy_call,1.3666,1,5.3192,3.9526,0.039526,False,2016-09
2016-09-01,MCD,skip,0.0,0,0.5157,0.0,0.0,False,2016-09
2016-09-01,MDLZ,buy_call,1.1259,1,-2.4878,-1.1259,-0.011259,False,2016-09
2016-09-01,MDT,skip,0.0,0,-0.7239,0.0,0.0,False,2016-09
2016-09-01,MET,buy_call,1.3803,1,3.319,1.9386,0.019386,False,2016-09
2016-09-01,META,buy_call,2.1864,1,1.7047,-0.4817,-0.004817,False,2016-09
2016-09-01,MMM,buy_call,1.5218,1,-1.0667,-1.5218,-0.015218,False,2016-09
2016-09-01,MO,skip,0.0,0,-4.3274,0.0,0.0,False,2016-09
2016-09-01,MRK,buy_call,1.3704,1,-0.6052,-1.3704,-0.013704,False,2016-09
2016-09-01,MS,buy_call,1.3803,1,0.0,-1.3803,-0.013803,False,2016-09
2016-09-01,MSFT,buy_call,1.4487,1,0.8684,-0.5803,-0.005803,False,2016-09
2016-09-01,NEE,skip,0.0,0,1.8527,0.0,0.0,False,2016-09
2016-09-01,NFLX,buy_call,2.2543,1,1.1288,-1.1255,-0.011255,False,2016-09
2016-09-01,NKE,buy_call,1.7682,1,-8.6572,-1.7682,-0.017682,False,2016-09
2016-09-01,ORCL,buy_call,1.8121,1,-4.7065,-1.8121,-0.018121,False,2016-09
2016-09-01,PEP,skip,0.0,0,2.613,0.0,0.0,False,2016-09
2016-09-01,PFE,skip,0.0,0,-1.8634,0.0,0.0,False,2016-09
2016-09-01,PG,buy_call,1.058,1,2.7947,1.7366,0.017366,False,2016-09
2016-09-01,PM,skip,0.0,0,-2.7119,0.0,0.0,False,2016-09
2016-09-01,PPL,skip,0.0,0,-0.6038,0.0,0.0,False,2016-09
2016-09-01,PRU,buy_call,1.3803,1,3.8093,2.429,0.02429,False,2016-09
2016-09-01,PYPL,skip,0.0,0,10.2826,0.0,0.0,False,2016-09
2016-09-01,QCOM,buy_call,2.1439,1,9.5314,7.3874,0.073874,False,2016-09
2016-09-01,SBUX,skip,0.0,0,-3.3816,0.0,0.0,False,2016-09
2016-09-01,SCHW,buy_call,1.3803,1,0.5837,-0.7967,-0.007967,False,2016-09
2016-09-01,SLB,skip,0.0,0,-0.4557,0.0,0.0,False,2016-09
2016-09-01,SO,skip,0.0,0,1.0113,0.0,0.0,False,2016-09
2016-09-01,SPG,skip,0.0,0,-3.184,0.0,0.0,False,2016-09
2016-09-01,SYK,skip,0.0,0,0.6484,0.0,0.0,False,2016-09
2016-09-01,T,skip,0.0,0,-0.6605,0.0,0.0,False,2016-09
2016-09-01,TGT,skip,0.0,0,-1.3707,0.0,0.0,False,2016-09
2016-09-01,TMO,skip,0.0,0,4.5141,0.0,0.0,False,2016-09
2016-09-01,TXN,buy_call,2.1035,1,0.9204,-1.1831,-0.011831,False,2016-09
2016-09-01,UNH,skip,0.0,0,2.9034,0.0,0.0,False,2016-09
2016-09-01,UNP,buy_call,1.6287,1,2.6873,1.0586,0.010586,False,2016-09
2016-09-01,USB,buy_call,1.3803,1,-2.8539,-1.3803,-0.013803,False,2016-09
2016-09-01,V,buy_call,1.2852,1,2.4024,1.1172,0.011172,False,2016-09
2016-09-01,VZ,skip,0.0,0,-0.6689,0.0,0.0,False,2016-09
2016-09-01,WFC,buy_call,1.7551,1,-12.1347,-1.7551,-0.017551,False,2016-09
2016-09-01,WMT,skip,0.0,0,1.6429,0.0,0.0,False,2016-09
2016-09-01,XOM,skip,0.0,0,1.0148,0.0,0.0,False,2016-09
2016-10-01,AAPL,buy_call,2.035,1,0.4334,-1.6016,-0.016016,False,2016-10
2016-10-01,ABBV,skip,0.0,0,-11.5586,0.0,0.0,False,2016-10
2016-10-01,ABT,buy_call,1.5911,1,-7.2121,-1.5911,-0.015911,False,2016-10
2016-10-01,ADBE,buy_call,1.8596,1,-0.949,-1.8596,-0.018596,False,2016-10
2016-10-01,ADP,skip,0.0,0,-0.7069,0.0,0.0,False,2016-10
2016-10-01,AIG,skip,0.0,0,4.5442,0.0,0.0,False,2016-10
2016-10-01,AMGN,skip,0.0,0,-15.3768,0.0,0.0,False,2016-10
2016-10-01,AMT,skip,0.0,0,3.9136,0.0,0.0,False,2016-10
2016-10-01,AMZN,buy_call,2.4755,1,-5.6717,-2.4755,-0.024755,False,2016-10
2016-10-01,AXP,skip,0.0,0,3.7165,0.0,0.0,False,2016-10
2016-10-01,BA,buy_call,1.9408,1,8.1144,6.1736,0.061736,False,2016-10
2016-10-01,BAC,skip,0.0,0,5.4313,0.0,0.0,False,2016-10
2016-10-01,BDX,buy_call,1.5911,1,-6.2286,-1.5911,-0.015911,False,2016-10
2016-10-01,BIIB,buy_call,1.8285,1,-10.4942,-1.8285,-0.018285,False,2016-10
2016-10-01,BLK,skip,0.0,0,-5.8544,0.0,0.0,False,2016-10
2016-10-01,BMY,skip,0.0,0,-5.5823,0.0,0.0,False,2016-10
2016-10-01,BRK-B,skip,0.0,0,-0.1177,0.0,0.0,False,2016-10
2016-10-01,C,skip,0.0,0,4.0652,0.0,0.0,False,2016-10
2016-10-01,CAT,buy_call,2.0908,1,-5.9818,-2.0908,-0.020908,False,2016-10
2016-10-01,CL,skip,0.0,0,-3.7497,0.0,0.0,False,2016-10
2016-10-01,COST,skip,0.0,0,-3.0424,0.0,0.0,False,2016-10
2016-10-01,CRM,skip,0.0,0,5.3694,0.0,0.0,False,2016-10
2016-10-01,CSCO,buy_call,1.9535,1,-3.2787,-1.9535,-0.019535,False,2016-10
2016-10-01,CTSH,skip,0.0,0,7.6294,0.0,0.0,False,2016-10
2016-10-01,CVS,skip,0.0,0,-5.495,0.0,0.0,False,2016-10
2016-10-01,CVX,buy_call,1.9817,1,1.7781,-0.2037,-0.002037,False,2016-10
2016-10-01,DHR,skip,0.0,0,0.3658,0.0,0.0,False,2016-10
2016-10-01,DIS,skip,0.0,0,-0.1831,0.0,0.0,False,2016-10
2016-10-01,DUK,buy_call,1.2776,1,-0.025,-1.2776,-0.012776,False,2016-10
2016-10-01,ELV,buy_call,1.9233,1,-2.2419,-1.9233,-0.019233,False,2016-10
2016-10-01,EOG,buy_call,2.0908,1,-6.504,-2.0908,-0.020908,False,2016-10
2016-10-01,EQIX,skip,0.0,0,-0.8244,0.0,0.0,False,2016-10
2016-10-01,FDX,buy_call,1.9535,1,0.0361,-1.9174,-0.019174,False,2016-10
2016-10-01,GE,skip,0.0,0,-0.9889,0.0,0.0,False,2016-10
2016-10-01,GILD,buy_call,1.8285,1,-6.3751,-1.8285,-0.018285,False,2016-10
2016-10-01,GIS,skip,0.0,0,-2.9743,0.0,0.0,False,2016-10
2016-10-01,GM,skip,0.0,0,0.6557,0.0,0.0,False,2016-10
2016-10-01,GOOGL,buy_call,2.2551,1,0.7263,-1.5288,-0.015288,False,2016-10
2016-10-01,GS,skip,0.0,0,10.5227,0.0,0.0,False,2016-10
2016-10-01,HD,skip,0.0,0,-5.1834,0.0,0.0,False,2016-10
2016-10-01,HON,buy_call,1.9535,1,-5.4255,-1.9535,-0.019535,False,2016-10
2016-10-01,IBM,buy_call,1.9535,1,-3.2484,-1.9535,-0.019535,False,2016-10
2016-10-01,INTC,buy_call,2.7002,1,-7.6292,-2.7002,-0.027002,False,2016-10
2016-10-01,ITW,buy_call,1.9535,1,-4.7115,-1.9535,-0.019535,False,2016-10
2016-10-01,JNJ,skip,0.0,0,-1.8115,0.0,0.0,False,2016-10
2016-10-01,JPM,skip,0.0,0,4.0096,0.0,0.0,False,2016-10
2016-10-01,KO,skip,0.0,0,1.0076,0.0,0.0,False,2016-10
2016-10-01,LLY,buy_call,2.2774,1,-7.999,-2.2774,-0.022774,False,2016-10
2016-10-01,LMT,skip,0.0,0,2.7782,0.0,0.0,False,2016-10
2016-10-01,LOW,skip,0.0,0,-7.6997,0.0,0.0,False,2016-10
2016-10-01,LYB,buy_call,2.0908,1,-1.3761,-2.0908,-0.020908,False,2016-10
2016-10-01,MA,buy_call,1.7543,1,5.1587,3.4044,0.034044,False,2016-10
2016-10-01,MCD,buy_call,1.2776,1,-2.4185,-1.2776,-0.012776,False,2016-10
2016-10-01,MDLZ,skip,0.0,0,2.8217,0.0,0.0,False,2016-10
2016-10-01,MDT,skip,0.0,0,-4.5955,0.0,0.0,False,2016-10
2016-10-01,MET,buy_call,1.7719,1,5.6944,3.9225,0.039225,False,2016-10
2016-10-01,META,buy_call,2.8066,1,2.1205,-0.6861,-0.006861,False,2016-10
2016-10-01,MMM,skip,0.0,0,-6.2021,0.0,0.0,False,2016-10
2016-10-01,MO,skip,0.0,0,5.5664,0.0,0.0,False,2016-10
2016-10-01,MRK,skip,0.0,0,-5.2226,0.0,0.0,False,2016-10
2016-10-01,MS,buy_call,1.7719,1,4.7099,2.938,0.02938,False,2016-10
2016-10-01,MSFT,buy_call,1.8596,1,4.0278,2.1681,0.021681,False,2016-10
2016-10-01,NEE,buy_call,1.2776,1,4.6436,3.366,0.03366,False,2016-10
2016-10-01,NFLX,buy_call,2.8937,1,26.7073,23.8135,0.238135,False,2016-10
2016-10-01,NKE,skip,0.0,0,-4.426,0.0,0.0,False,2016-10
2016-10-01,ORCL,skip,0.0,0,-2.1894,0.0,0.0,False,2016-10
2016-10-01,PEP,buy_call,1.4452,1,-1.4434,-1.4452,-0.014452,False,2016-10
2016-10-01,PFE,skip,0.0,0,-6.3773,0.0,0.0,False,2016-10
2016-10-01,PG,buy_call,1.3581,1,-3.2869,-1.3581,-0.013581,False,2016-10
2016-10-01,PM,skip,0.0,0,0.2244,0.0,0.0,False,2016-10
2016-10-01,PPL,skip,0.0,0,0.4153,0.0,0.0,False,2016-10
2016-10-01,PRU,buy_call,1.7719,1,3.8457,2.0738,0.020738,False,2016-10
2016-10-01,PYPL,buy_call,1.7543,1,1.6842,-0.0701,-0.000701,False,2016-10
2016-10-01,QCOM,buy_call,2.7521,1,0.3212,-2.4309,-0.024309,False,2016-10
2016-10-01,SBUX,skip,0.0,0,-1.9763,0.0,0.0,False,2016-10
2016-10-01,SCHW,buy_call,1.7719,1,0.4118,-1.3601,-0.013601,False,2016-10
2016-10-01,SLB,skip,0.0,0,0.1126,0.0,0.0,False,2016-10
2016-10-01,SO,buy_call,1.2776,1,0.5263,-0.7512,-0.007512,False,2016-10
2016-10-01,SPG,skip,0.0,0,-10.1686,0.0,0.0,False,2016-10
2016-10-01,SYK,buy_call,1.5911,1,-0.5899,-1.5911,-0.015911,False,2016-10
2016-10-01,T,skip,0.0,0,-9.4066,0.0,0.0,False,2016-10
2016-10-01,TGT,skip,0.0,0,0.0728,0.0,0.0,False,2016-10
2016-10-01,TMO,buy_call,1.8295,1,-7.4684,-1.8295,-0.018295,False,2016-10
2016-10-01,TXN,buy_call,2.7002,1,0.9546,-1.7455,-0.017455,False,2016-10
2016-10-01,UNH,buy_call,1.9233,1,1.4161,-0.5071,-0.005071,False,2016-10
2016-10-01,UNP,buy_call,2.0908,1,-9.5868,-2.0908,-0.020908,False,2016-10
2016-10-01,USB,skip,0.0,0,5.0456,0.0,0.0,False,2016-10
2016-10-01,V,buy_call,1.6498,1,-0.2297,-1.6498,-0.016498,False,2016-10
2016-10-01,VZ,skip,0.0,0,-7.4644,0.0,0.0,False,2016-10
2016-10-01,WFC,skip,0.0,0,3.9069,0.0,0.0,False,2016-10
2016-10-01,WMT,buy_call,1.5834,1,-2.9118,-1.5834,-0.015834,False,2016-10
2016-10-01,XOM,buy_call,2.0908,1,-4.5371,-2.0908,-0.020908,False,2016-10
2016-11-01,AAPL,buy_call,1.5901,2,-2.6599,-1.5901,-0.031802,True,2016-11
2016-11-01,ABBV,skip,0.0,0,10.0046,0.0,0.0,True,2016-11
2016-11-01,ABT,skip,0.0,0,-2.3649,0.0,0.0,True,2016-11
2016-11-01,ADBE,skip,0.0,0,-4.3717,0.0,0.0,True,2016-11
2016-11-01,ADP,skip,0.0,0,10.2917,0.0,0.0,True,2016-11
2016-11-01,AIG,buy_call,1.3845,2,2.6418,1.2573,0.025146,True,2016-11
2016-11-01,AMGN,skip,0.0,0,2.0615,0.0,0.0,True,2016-11
2016-11-01,AMT,buy_call,1.5264,2,-12.7315,-1.5264,-0.030528,True,2016-11
2016-11-01,AMZN,skip,0.0,0,-4.9695,0.0,0.0,True,2016-11
2016-11-01,AXP,buy_call,1.3707,2,9.0071,7.6364,0.152728,True,2016-11
2016-11-01,BA,buy_call,1.5165,2,5.7081,4.1916,0.083832,True,2016-11
2016-11-01,BAC,buy_call,1.6164,2,28.0001,26.3837,0.527674,True,2016-11
2016-11-01,BDX,skip,0.0,0,0.7087,0.0,0.0,True,2016-11
2016-11-01,BIIB,skip,0.0,0,4.9575,0.0,0.0,True,2016-11
2016-11-01,BLK,skip,0.0,0,8.6596,0.0,0.0,True,2016-11
2016-11-01,BMY,skip,0.0,0,11.6306,0.0,0.0,True,2016-11
2016-11-01,BRK-B,skip,0.0,0,9.106,0.0,0.0,True,2016-11
2016-11-01,C,buy_call,1.5165,2,14.7304,13.2139,0.264278,True,2016-11
2016-11-01,CAT,skip,0.0,0,15.5087,0.0,0.0,True,2016-11
2016-11-01,CL,skip,0.0,0,-8.0903,0.0,0.0,True,2016-11
2016-11-01,COST,skip,0.0,0,1.5149,0.0,0.0,True,2016-11
2016-11-01,CRM,buy_call,1.9688,2,-4.2044,-1.9688,-0.039376,True,2016-11
2016-11-01,CSCO,skip,0.0,0,-1.9999,0.0,0.0,True,2016-11
2016-11-01,CTSH,buy_call,1.5264,2,7.2639,5.7375,0.11475,True,2016-11
2016-11-01,CVS,skip,0.0,0,-8.1212,0.0,0.0,True,2016-11
2016-11-01,CVX,buy_call,1.5484,2,6.5012,4.9528,0.099056,True,2016-11
2016-11-01,DHR,buy_call,1.2432,2,-0.4838,-1.2432,-0.024864,True,2016-11
2016-11-01,DIS,skip,0.0,0,6.9371,0.0,0.0,True,2016-11
2016-11-01,DUK,skip,0.0,0,-7.8106,0.0,0.0,True,2016-11
2016-11-01,ELV,skip,0.0,0,16.962,0.0,0.0,True,2016-11
2016-11-01,EOG,skip,0.0,0,13.5801,0.0,0.0,True,2016-11
2016-11-01,EQIX,skip,0.0,0,-5.1836,0.0,0.0,True,2016-11
2016-11-01,FDX,buy_call,1.5264,2,9.953,8.4266,0.168532,True,2016-11
2016-11-01,GE,skip,0.0,0,5.7045,0.0,0.0,True,2016-11
2016-11-01,GILD,skip,0.0,0,0.0951,0.0,0.0,True,2016-11
2016-11-01,GIS,skip,0.0,0,-0.9237,0.0,0.0,True,2016-11
2016-11-01,GM,buy_call,1.6336,2,9.2722,7.6385,0.15277,True,2016-11
2016-11-01,GOOGL,buy_call,1.7621,2,-4.2005,-1.7621,-0.035242,True,2016-11
2016-11-01,GS,buy_call,1.3845,2,23.0308,21.6463,0.432926,True,2016-11
2016-11-01,HD,skip,0.0,0,6.0569,0.0,0.0,True,2016-11
2016-11-01,HON,skip,0.0,0,3.884,0.0,0.0,True,2016-11
2016-11-01,IBM,skip,0.0,0,5.5501,0.0,0.0,True,2016-11
2016-11-01,INTC,skip,0.0,0,-0.4875,0.0,0.0,True,2016-11
2016-11-01,ITW,skip,0.0,0,10.2228,0.0,0.0,True,2016-11
2016-11-01,JNJ,skip,0.0,0,-4.0435,0.0,0.0,True,2016-11
2016-11-01,JPM,buy_call,1.3845,2,16.5937,15.2092,0.304184,True,2016-11
2016-11-01,KO,buy_call,0.9982,2,-4.8349,-0.9982,-0.019964,True,2016-11
2016-11-01,LLY,skip,0.0,0,-9.1007,0.0,0.0,True,2016-11
2016-11-01,LMT,buy_call,1.6336,2,7.6589,6.0253,0.120506,True,2016-11
2016-11-01,LOW,skip,0.0,0,6.3733,0.0,0.0,True,2016-11
2016-11-01,LYB,skip,0.0,0,13.5387,0.0,0.0,True,2016-11
2016-11-01,MA,buy_call,1.3707,2,-4.3243,-1.3707,-0.027414,True,2016-11
2016-11-01,MCD,skip,0.0,0,5.9518,0.0,0.0,True,2016-11
2016-11-01,MDLZ,buy_call,1.1293,2,-8.2332,-1.1293,-0.022586,True,2016-11
2016-11-01,MDT,skip,0.0,0,-10.9851,0.0,0.0,True,2016-11
2016-11-01,MET,buy_call,1.3845,2,17.1422,15.7577,0.315154,True,2016-11
2016-11-01,META,buy_call,2.193,2,-9.5962,-2.193,-0.04386,True,2016-11
2016-11-01,MMM,skip,0.0,0,3.896,0.0,0.0,True,2016-11
2016-11-01,MO,buy_call,1.1293,2,-3.3122,-1.1293,-0.022586,True,2016-11
2016-11-01,MRK,skip,0.0,0,4.2064,0.0,0.0,True,2016-11
2016-11-01,MS,buy_call,1.3845,2,23.9432,22.5587,0.451174,True,2016-11
2016-11-01,MSFT,buy_call,1.453,2,0.5674,-0.8856,-0.017712,True,2016-11
2016-11-01,NEE,buy_call,0.9982,2,-10.7578,-0.9982,-0.019964,True,2016-11
2016-11-01,NFLX,buy_call,2.261,2,-6.3026,-2.261,-0.04522,True,2016-11
2016-11-01,NKE,skip,0.0,0,-0.2192,0.0,0.0,True,2016-11
2016-11-01,ORCL,skip,0.0,0,5.0123,0.0,0.0,True,2016-11
2016-11-01,PEP,skip,0.0,0,-6.6232,0.0,0.0,True,2016-11
2016-11-01,PFE,skip,0.0,0,1.3561,0.0,0.0,True,2016-11
2016-11-01,PG,skip,0.0,0,-4.2666,0.0,0.0,True,2016-11
2016-11-01,PM,buy_call,1.1293,2,-8.4612,-1.1293,-0.022586,True,2016-11
2016-11-01,PPL,buy_call,0.9982,2,-2.5626,-0.9982,-0.019964,True,2016-11
2016-11-01,PRU,buy_call,1.3845,2,18.646,17.2615,0.34523,True,2016-11
2016-11-01,PYPL,buy_call,1.3707,2,-5.7129,-1.3707,-0.027414,True,2016-11
2016-11-01,QCOM,buy_call,2.1504,2,-0.8586,-2.1504,-0.043008,True,2016-11
2016-11-01,SBUX,skip,0.0,0,9.2331,0.0,0.0,True,2016-11
2016-11-01,SCHW,buy_call,1.3845,2,21.9558,20.5713,0.411426,True,2016-11
2016-11-01,SLB,buy_call,1.6336,2,7.4396,5.806,0.11612,True,2016-11
2016-11-01,SO,buy_call,0.9982,2,-9.2108,-0.9982,-0.019964,True,2016-11
2016-11-01,SPG,skip,0.0,0,-3.3932,0.0,0.0,True,2016-11
2016-11-01,SYK,skip,0.0,0,-1.4651,0.0,0.0,True,2016-11
2016-11-01,T,skip,0.0,0,6.7008,0.0,0.0,True,2016-11
2016-11-01,TGT,buy_call,1.2372,2,12.3818,11.1446,0.222892,True,2016-11
2016-11-01,TMO,skip,0.0,0,-4.7065,0.0,0.0,True,2016-11
2016-11-01,TXN,buy_call,2.1098,2,4.3472,2.2374,0.044748,True,2016-11
2016-11-01,UNH,buy_call,1.5028,2,12.0215,10.5187,0.210374,True,2016-11
2016-11-01,UNP,skip,0.0,0,14.9127,0.0,0.0,True,2016-11
2016-11-01,USB,buy_call,1.3845,2,10.8579,9.4734,0.189468,True,2016-11
2016-11-01,V,skip,0.0,0,-6.2902,0.0,0.0,True,2016-11
2016-11-01,VZ,skip,0.0,0,4.9253,0.0,0.0,True,2016-11
2016-11-01,WFC,buy_call,1.7604,2,15.0185,13.2581,0.265162,True,2016-11
2016-11-01,WMT,skip,0.0,0,0.5855,0.0,0.0,True,2016-11
2016-11-01,XOM,skip,0.0,0,4.7767,0.0,0.0,True,2016-11
2016-12-01,AAPL,skip,0.0,0,5.3335,0.0,0.0,False,2016-12
2016-12-01,ABBV,buy_call,1.5048,1,2.9934,1.4886,0.014886,False,2016-12
2016-12-01,ABT,skip,0.0,0,0.8931,0.0,0.0,False,2016-12
2016-12-01,ADBE,skip,0.0,0,0.1362,0.0,0.0,False,2016-12
2016-12-01,ADP,buy_call,1.6077,1,7.0402,5.4325,0.054325,False,2016-12
2016-12-01,AIG,buy_call,1.4582,1,3.1265,1.6682,0.016682,False,2016-12
2016-12-01,AMGN,buy_call,1.5048,1,2.1709,0.6661,0.006661,False,2016-12
2016-12-01,AMT,skip,0.0,0,3.3343,0.0,0.0,False,2016-12
2016-12-01,AMZN,skip,0.0,0,-0.0933,0.0,0.0,False,2016-12
2016-12-01,AXP,buy_call,1.4437,1,2.8318,1.388,0.01388,False,2016-12
2016-12-01,BA,buy_call,1.5973,1,4.1947,2.5974,0.025974,False,2016-12
2016-12-01,BAC,buy_call,1.7025,1,5.0283,3.3258,0.033258,False,2016-12
2016-12-01,BDX,buy_call,1.3094,1,-2.0994,-1.3094,-0.013094,False,2016-12
2016-12-01,BIIB,buy_call,1.5048,1,-3.5672,-1.5048,-0.015048,False,2016-12
2016-12-01,BLK,buy_call,1.4582,1,2.6295,1.1713,0.011713,False,2016-12
2016-12-01,BMY,buy_call,1.5048,1,3.5436,2.0388,0.020388,False,2016-12
2016-12-01,BRK-B,buy_call,0.9631,1,3.5188,2.5556,0.025556,False,2016-12
2016-12-01,C,buy_call,1.5973,1,5.7396,4.1423,0.041423,False,2016-12
2016-12-01,CAT,buy_call,1.7207,1,-2.951,-1.7207,-0.017207,False,2016-12
2016-12-01,CL,skip,0.0,0,0.3219,0.0,0.0,False,2016-12
2016-12-01,COST,buy_call,1.3728,1,6.9901,5.6172,0.056172,False,2016-12
2016-12-01,CRM,skip,0.0,0,-4.9167,0.0,0.0,False,2016-12
2016-12-01,CSCO,skip,0.0,0,1.3414,0.0,0.0,False,2016-12
2016-12-01,CTSH,buy_call,1.6077,1,1.7247,0.1171,0.001171,False,2016-12
2016-12-01,CVS,skip,0.0,0,2.6272,0.0,0.0,False,2016-12
2016-12-01,CVX,buy_call,1.6309,1,6.56,4.9291,0.049291,False,2016-12
2016-12-01,DHR,skip,0.0,0,-0.4222,0.0,0.0,False,2016-12
2016-12-01,DIS,buy_call,1.7708,1,5.1453,3.3745,0.033745,False,2016-12
2016-12-01,DUK,skip,0.0,0,6.4172,0.0,0.0,False,2016-12
2016-12-01,ELV,buy_call,1.5828,1,0.87,-0.7128,-0.007128,False,2016-12
2016-12-01,EOG,buy_call,1.7207,1,-1.385,-1.7207,-0.017207,False,2016-12
2016-12-01,EQIX,skip,0.0,0,6.0765,0.0,0.0,False,2016-12
2016-12-01,FDX,buy_call,1.6077,1,-2.8539,-1.6077,-0.016077,False,2016-12
2016-12-01,GE,buy_call,1.7207,1,2.7308,1.0102,0.010102,False,2016-12
2016-12-01,GILD,buy_call,1.5048,1,-2.8359,-1.5048,-0.015048,False,2016-12
2016-12-01,GIS,skip,0.0,0,1.362,0.0,0.0,False,2016-12
2016-12-01,GM,buy_call,1.7207,1,0.8978,-0.8229,-0.008229,False,2016-12
2016-12-01,GOOGL,skip,0.0,0,2.1356,0.0,0.0,False,2016-12
2016-12-01,GS,buy_call,1.4582,1,9.5318,8.0735,0.080735,False,2016-12
2016-12-01,HD,buy_call,1.4886,1,4.1669,2.6783,0.026783,False,2016-12
2016-12-01,HON,buy_call,1.6077,1,2.2776,0.6699,0.006699,False,2016-12
2016-12-01,IBM,buy_call,1.6077,1,3.2523,1.6446,0.016446,False,2016-12
2016-12-01,INTC,skip,0.0,0,5.3159,0.0,0.0,False,2016-12
2016-12-01,ITW,buy_call,1.6077,1,-2.1729,-1.6077,-0.016077,False,2016-12
2016-12-01,JNJ,skip,0.0,0,4.2283,0.0,0.0,False,2016-12
2016-12-01,JPM,buy_call,1.4582,1,7.6337,6.1755,0.061755,False,2016-12
2016-12-01,KO,skip,0.0,0,3.6196,0.0,0.0,False,2016-12
2016-12-01,LLY,skip,0.0,0,10.2974,0.0,0.0,False,2016-12
2016-12-01,LMT,buy_call,1.7207,1,-5.1226,-1.7207,-0.017207,False,2016-12
2016-12-01,LOW,buy_call,1.4886,1,0.808,-0.6807,-0.006807,False,2016-12
2016-12-01,LYB,buy_call,1.7207,1,-4.0856,-1.7207,-0.017207,False,2016-12
2016-12-01,MA,skip,0.0,0,1.0274,0.0,0.0,False,2016-12
2016-12-01,MCD,buy_call,1.0514,1,2.8478,1.7964,0.017964,False,2016-12
2016-12-01,MDLZ,skip,0.0,0,7.4927,0.0,0.0,False,2016-12
2016-12-01,MDT,skip,0.0,0,-2.438,0.0,0.0,False,2016-12
2016-12-01,MET,buy_call,1.4582,1,-1.183,-1.4582,-0.014582,False,2016-12
2016-12-01,META,skip,0.0,0,-2.8458,0.0,0.0,False,2016-12
2016-12-01,MMM,buy_call,1.6077,1,4.6436,3.0359,0.030359,False,2016-12
2016-12-01,MO,skip,0.0,0,5.7719,0.0,0.0,False,2016-12
2016-12-01,MRK,buy_call,1.4478,1,-3.7915,-1.4478,-0.014478,False,2016-12
2016-12-01,MS,buy_call,1.4582,1,2.1518,0.6936,0.006936,False,2016-12
2016-12-01,MSFT,buy_call,1.5304,1,3.8164,2.286,0.02286,False,2016-12
2016-12-01,NEE,skip,0.0,0,5.3803,0.0,0.0,False,2016-12
2016-12-01,NFLX,skip,0.0,0,5.812,0.0,0.0,False,2016-12
2016-12-01,NKE,skip,0.0,0,1.5179,0.0,0.0,False,2016-12
2016-12-01,ORCL,buy_call,1.9143,1,-4.3294,-1.9143,-0.019143,False,2016-12
2016-12-01,PEP,skip,0.0,0,5.2987,0.0,0.0,False,2016-12
2016-12-01,PFE,buy_call,1.5048,1,2.0658,0.5609,0.005609,False,2016-12
2016-12-01,PG,skip,0.0,0,1.9646,0.0,0.0,False,2016-12
2016-12-01,PM,skip,0.0,0,3.6362,0.0,0.0,False,2016-12
2016-12-01,PPL,skip,0.0,0,1.7633,0.0,0.0,False,2016-12
2016-12-01,PRU,buy_call,1.4582,1,4.1747,2.7165,0.027165,False,2016-12
2016-12-01,PYPL,skip,0.0,0,0.4837,0.0,0.0,False,2016-12
2016-12-01,QCOM,skip,0.0,0,-3.552,0.0,0.0,False,2016-12
2016-12-01,SBUX,buy_call,1.0514,1,-3.7827,-1.0514,-0.010514,False,2016-12
2016-12-01,SCHW,buy_call,1.4582,1,2.3162,0.8579,0.008579,False,2016-12
2016-12-01,SLB,buy_call,1.7207,1,-0.119,-1.7207,-0.017207,False,2016-12
2016-12-01,SO,skip,0.0,0,6.291,0.0,0.0,False,2016-12
2016-12-01,SPG,skip,0.0,0,-0.2004,0.0,0.0,False,2016-12
2016-12-01,SYK,skip,0.0,0,5.4109,0.0,0.0,False,2016-12
2016-12-01,T,buy_call,1.6508,1,10.0958,8.445,0.08445,False,2016-12
2016-12-01,TGT,buy_call,1.3031,1,-5.6932,-1.3031,-0.013031,False,2016-12
2016-12-01,TMO,skip,0.0,0,0.7066,0.0,0.0,False,2016-12
2016-12-01,TXN,buy_call,2.2222,1,-0.5764,-2.2222,-0.022222,False,2016-12
2016-12-01,UNH,buy_call,1.5828,1,1.4889,-0.094,-0.00094,False,2016-12
2016-12-01,UNP,buy_call,1.7207,1,2.929,1.2084,0.012084,False,2016-12
2016-12-01,USB,buy_call,1.4582,1,3.5268,2.0686,0.020686,False,2016-12
2016-12-01,V,skip,0.0,0,1.1177,0.0,0.0,False,2016-12
2016-12-01,VZ,buy_call,1.6508,1,6.974,5.3232,0.053232,False,2016-12
2016-12-01,WFC,buy_call,1.8541,1,5.006,3.1518,0.031518,False,2016-12
2016-12-01,WMT,buy_call,1.3031,1,-1.86,-1.3031,-0.013031,False,2016-12
2016-12-01,XOM,buy_call,1.7207,1,4.3061,2.5855,0.025855,False,2016-12
2017-01-01,AAPL,buy_call,1.4302,1,4.7747,3.3444,0.033444,False,2017-01
2017-01-01,ABBV,buy_call,1.2851,1,-2.4114,-1.2851,-0.012851,False,2017-01
2017-01-01,ABT,buy_call,1.1182,1,8.7477,7.6295,0.076295,False,2017-01
2017-01-01,ADBE,buy_call,1.307,1,10.1311,8.8242,0.088242,False,2017-01
2017-01-01,ADP,buy_call,1.373,1,-1.1547,-1.373,-0.01373,False,2017-01
2017-01-01,AMAT,buy_call,1.8977,1,6.1358,4.2381,0.042381,False,2017-01
2017-01-01,AMGN,buy_call,1.2851,1,7.1609,5.8758,0.058758,False,2017-01
2017-01-01,AMT,buy_call,1.373,1,-1.527,-1.373,-0.01373,False,2017-01
2017-01-01,AMZN,skip,0.0,0,9.8164,0.0,0.0,False,2017-01
2017-01-01,AVGO,buy_call,1.8977,1,13.5037,11.606,0.11606,False,2017-01
2017-01-01,AXP,buy_call,1.2329,1,3.1048,1.8718,0.018718,False,2017-01
2017-01-01,BA,buy_call,1.364,1,4.9717,3.6077,0.036077,False,2017-01
2017-01-01,BAC,buy_call,1.4539,1,2.4435,0.9896,0.009896,False,2017-01
2017-01-01,BDX,skip,0.0,0,7.5682,0.0,0.0,False,2017-01
2017-01-01,BLK,buy_call,1.2453,1,-1.1277,-1.2453,-0.012453,False,2017-01
2017-01-01,BMY,buy_call,1.2851,1,-15.8795,-1.2851,-0.012851,False,2017-01
2017-01-01,BRK-B,buy_call,0.8225,1,0.7117,-0.1108,-0.001108,False,2017-01
2017-01-01,C,buy_call,1.364,1,-6.0576,-1.364,-0.01364,False,2017-01
2017-01-01,CAT,skip,0.0,0,3.1486,0.0,0.0,False,2017-01
2017-01-01,CHTR,buy_call,1.4098,1,12.5139,11.1041,0.111041,False,2017-01
2017-01-01,CL,buy_call,0.9545,1,-1.3142,-0.9545,-0.009545,False,2017-01
2017-01-01,CMCSA,skip,0.0,0,9.6554,0.0,0.0,False,2017-01
2017-01-01,COST,buy_call,1.1724,1,2.3983,1.226,0.01226,False,2017-01
2017-01-01,CRM,skip,0.0,0,15.5419,0.0,0.0,False,2017-01
2017-01-01,CSCO,buy_call,1.373,1,1.6546,0.2816,0.002816,False,2017-01
2017-01-01,CTSH,buy_call,1.373,1,-6.1396,-1.373,-0.01373,False,2017-01
2017-01-01,CVS,buy_call,1.3517,1,-0.1268,-1.3517,-0.013517,False,2017-01
2017-01-01,CVX,buy_call,1.3928,1,-5.3951,-1.3928,-0.013928,False,2017-01
2017-01-01,DHR,skip,0.0,0,7.9821,0.0,0.0,False,2017-01
2017-01-01,DIS,buy_call,1.5122,1,6.9879,5.4756,0.054756,False,2017-01
2017-01-01,DUK,buy_call,0.8979,1,1.1853,0.2874,0.002874,False,2017-01
2017-01-01,ELV,buy_call,1.3517,1,7.7041,6.3524,0.063524,False,2017-01
2017-01-01,EOG,skip,0.0,0,0.4748,0.0,0.0,False,2017-01
2017-01-01,EQIX,buy_call,1.373,1,7.7139,6.3409,0.063409,False,2017-01
2017-01-01,FDX,skip,0.0,0,1.7701,0.0,0.0,False,2017-01
2017-01-01,GE,buy_call,1.4694,1,-5.3054,-1.4694,-0.014694,False,2017-01
2017-01-01,GILD,skip,0.0,0,1.8244,0.0,0.0,False,2017-01
2017-01-01,GM,buy_call,1.4694,1,6.2203,4.7509,0.047509,False,2017-01
2017-01-01,GOOGL,buy_call,1.5849,1,3.5005,1.9156,0.019156,False,2017-01
2017-01-01,GS,buy_call,1.2453,1,-4.2305,-1.2453,-0.012453,False,2017-01
2017-01-01,HD,buy_call,1.2713,1,2.6104,1.3391,0.013391,False,2017-01
2017-01-01,HON,buy_call,1.373,1,2.1321,0.7591,0.007591,False,2017-01
2017-01-01,IBM,buy_call,1.373,1,5.1389,3.7659,0.037659,False,2017-01
2017-01-01,INTC,buy_call,1.8977,1,1.5164,-0.3813,-0.003813,False,2017-01
2017-01-01,ISRG,skip,0.0,0,9.2278,0.0,0.0,False,2017-01
2017-01-01,ITW,skip,0.0,0,4.4127,0.0,0.0,False,2017-01
2017-01-01,JNJ,buy_call,0.9353,1,-1.7012,-0.9353,-0.009353,False,2017-01
2017-01-01,JPM,buy_call,1.2453,1,-1.9237,-1.2453,-0.012453,False,2017-01
2017-01-01,KO,buy_call,0.8979,1,0.2653,-0.6326,-0.006326,False,2017-01
2017-01-01,LLY,buy_call,1.6006,1,4.7314,3.1309,0.031309,False,2017-01
2017-01-01,LMT,skip,0.0,0,0.5561,0.0,0.0,False,2017-01
2017-01-01,LOW,buy_call,1.2713,1,2.7559,1.4846,0.014846,False,2017-01
2017-01-01,MA,buy_call,1.2329,1,2.983,1.7501,0.017501,False,2017-01
2017-01-01,MCD,buy_call,0.8979,1,0.6983,-0.1996,-0.001996,False,2017-01
2017-01-01,MDLZ,buy_call,1.0157,1,0.3104,-0.7053,-0.007053,False,2017-01
2017-01-01,MDT,skip,0.0,0,7.362,0.0,0.0,False,2017-01
2017-01-01,MET,skip,0.0,0,0.9649,0.0,0.0,False,2017-01
2017-01-01,META,skip,0.0,0,13.2725,0.0,0.0,False,2017-01
2017-01-01,MMM,buy_call,1.373,1,-2.1,-1.373,-0.01373,False,2017-01
2017-01-01,MO,buy_call,1.0157,1,6.221,5.2053,0.052053,False,2017-01
2017-01-01,MRK,skip,0.0,0,6.1078,0.0,0.0,False,2017-01
2017-01-01,MS,buy_call,1.2453,1,0.568,-0.6773,-0.006773,False,2017-01
2017-01-01,MSFT,buy_call,1.307,1,4.0393,2.7323,0.027323,False,2017-01
2017-01-01,NEE,buy_call,0.8979,1,3.566,2.6682,0.026682,False,2017-01
2017-01-01,NFLX,buy_call,2.0338,1,13.6591,11.6254,0.116254,False,2017-01
2017-01-01,NKE,buy_call,1.5953,1,4.4479,2.8526,0.028526,False,2017-01
2017-01-01,NVDA,buy_call,2.4516,1,2.2859,-0.1657,-0.001657,False,2017-01
2017-01-01,ORCL,skip,0.0,0,4.3173,0.0,0.0,False,2017-01
2017-01-01,PEP,buy_call,1.0157,1,-0.8124,-1.0157,-0.010157,False,2017-01
2017-01-01,PFE,buy_call,1.2851,1,-2.3091,-1.2851,-0.012851,False,2017-01
2017-01-01,PG,buy_call,0.9545,1,4.1865,3.232,0.03232,False,2017-01
2017-01-01,PM,buy_call,1.0157,1,6.2801,5.2644,0.052644,False,2017-01
2017-01-01,PYPL,buy_call,1.2329,1,0.7854,-0.4475,-0.004475,False,2017-01
2017-01-01,QCOM,skip,0.0,0,-18.0522,0.0,0.0,False,2017-01
2017-01-01,SBUX,skip,0.0,0,-0.5404,0.0,0.0,False,2017-01
2017-01-01,SCHW,buy_call,1.2453,1,4.4844,3.2391,0.032391,False,2017-01
2017-01-01,SLB,skip,0.0,0,0.3041,0.0,0.0,False,2017-01
2017-01-01,SO,buy_call,0.8979,1,0.4879,-0.41,-0.0041,False,2017-01
2017-01-01,SPG,skip,0.0,0,3.4333,0.0,0.0,False,2017-01
2017-01-01,SYK,buy_call,1.1182,1,3.4688,2.3506,0.023506,False,2017-01
2017-01-01,T,buy_call,1.4098,1,-0.87,-1.4098,-0.014098,False,2017-01
2017-01-01,TGT,skip,0.0,0,-10.7296,0.0,0.0,False,2017-01
2017-01-01,TMO,buy_call,1.2858,1,8.1131,6.8273,0.068273,False,2017-01
2017-01-01,TMUS,buy_call,1.4098,1,8.2768,6.8671,0.068671,False,2017-01
2017-01-01,TXN,skip,0.0,0,3.522,0.0,0.0,False,2017-01
2017-01-01,UNH,buy_call,1.3517,1,1.2872,-0.0645,-0.000645,False,2017-01
2017-01-01,UNP,buy_call,1.4694,1,2.7971,1.3277,0.013277,False,2017-01
2017-01-01,USB,buy_call,1.2453,1,3.0433,1.798,0.01798,False,2017-01
2017-01-01,V,buy_call,1.1595,1,6.0113,4.8518,0.048518,False,2017-01
2017-01-01,VZ,buy_call,1.4098,1,-8.1866,-1.4098,-0.014098,False,2017-01
2017-01-01,WFC,buy_call,1.5834,1,2.2137,0.6304,0.006304,False,2017-01
2017-01-01,WMT,skip,0.0,0,-2.7522,0.0,0.0,False,2017-01
2017-01-01,XOM,buy_call,1.4694,1,-7.0574,-1.4694,-0.014694,False,2017-01
2017-02-01,AAPL,buy_call,1.5412,1,12.8883,11.3472,0.113472,False,2017-02
2017-02-01,ABBV,skip,0.0,0,2.2156,0.0,0.0,False,2017-02
2017-02-01,ABT,buy_call,1.205,1,8.6214,7.4165,0.074165,False,2017-02
2017-02-01,ADBE,buy_call,1.4083,1,4.3747,2.9663,0.029663,False,2017-02
2017-02-01,ADP,skip,0.0,0,1.614,0.0,0.0,False,2017-02
2017-02-01,AMAT,buy_call,2.0449,1,5.7518,3.7069,0.037069,False,2017-02
2017-02-01,AMGN,buy_call,1.3848,1,12.6692,11.2844,0.112844,False,2017-02
2017-02-01,AMT,skip,0.0,0,10.9082,0.0,0.0,False,2017-02
2017-02-01,AMZN,buy_call,1.8748,1,2.6182,0.7434,0.007434,False,2017-02
2017-02-01,AVGO,buy_call,2.0449,1,5.7294,3.6845,0.036845,False,2017-02
2017-02-01,AXP,buy_call,1.3286,1,5.265,3.9365,0.039365,False,2017-02
2017-02-01,BA,buy_call,1.4699,1,10.2864,8.8165,0.088165,False,2017-02
2017-02-01,BAC,buy_call,1.5667,1,9.0106,7.4439,0.074439,False,2017-02
2017-02-01,BDX,buy_call,1.205,1,3.2489,2.0439,0.020439,False,2017-02
2017-02-01,BLK,skip,0.0,0,3.6045,0.0,0.0,False,2017-02
2017-02-01,BMY,skip,0.0,0,16.1198,0.0,0.0,False,2017-02
2017-02-01,BRK-B,buy_call,0.8863,1,4.4352,3.5489,0.035489,False,2017-02
2017-02-01,C,skip,0.0,0,7.1288,0.0,0.0,False,2017-02
2017-02-01,CAT,buy_call,1.5834,1,1.8838,0.3004,0.003004,False,2017-02
2017-02-01,CHTR,buy_call,1.5191,1,-0.2747,-1.5191,-0.015191,False,2017-02
2017-02-01,CL,skip,0.0,0,13.6604,0.0,0.0,False,2017-02
2017-02-01,CMCSA,buy_call,1.5191,1,-0.769,-1.5191,-0.015191,False,2017-02
2017-02-01,COST,buy_call,1.2633,1,8.0696,6.8063,0.068063,False,2017-02
2017-02-01,CRM,buy_call,1.9082,1,2.8445,0.9363,0.009363,False,2017-02
2017-02-01,CSCO,buy_call,1.4794,1,12.2184,10.739,0.10739,False,2017-02
2017-02-01,CTSH,skip,0.0,0,12.702,0.0,0.0,False,2017-02
2017-02-01,CVS,skip,0.0,0,2.8641,0.0,0.0,False,2017-02
2017-02-01,CVX,skip,0.0,0,1.0328,0.0,0.0,False,2017-02
2017-02-01,DHR,buy_call,1.205,1,1.9424,0.7374,0.007374,False,2017-02
2017-02-01,DIS,buy_call,1.6295,1,-0.5061,-1.6295,-0.016295,False,2017-02
2017-02-01,DUK,buy_call,0.9675,1,5.1057,4.1381,0.041381,False,2017-02
2017-02-01,ELV,buy_call,1.4566,1,6.9288,5.4722,0.054722,False,2017-02
2017-02-01,EOG,buy_call,1.5834,1,-4.3655,-1.5834,-0.015834,False,2017-02
2017-02-01,EQIX,buy_call,1.4794,1,-2.3144,-1.4794,-0.014794,False,2017-02
2017-02-01,FDX,buy_call,1.4794,1,2.0464,0.567,0.00567,False,2017-02
2017-02-01,GE,skip,0.0,0,0.3704,0.0,0.0,False,2017-02
2017-02-01,GILD,buy_call,1.3848,1,-2.7191,-1.3848,-0.013848,False,2017-02
2017-02-01,GM,buy_call,1.5834,1,0.6282,-0.9552,-0.009552,False,2017-02
2017-02-01,GOOGL,buy_call,1.7079,1,3.0164,1.3085,0.013085,False,2017-02
2017-02-01,GS,skip,0.0,0,8.1719,0.0,0.0,False,2017-02
2017-02-01,HD,buy_call,1.3699,1,5.3278,3.958,0.03958,False,2017-02
2017-02-01,HON,buy_call,1.4794,1,5.2231,3.7437,0.037437,False,2017-02
2017-02-01,IBM,buy_call,1.4794,1,3.0369,1.5575,0.015575,False,2017-02
2017-02-01,INTC,buy_call,2.0449,1,-1.6839,-2.0449,-0.020449,False,2017-02
2017-02-01,ISRG,buy_call,1.205,1,6.3968,5.1918,0.051918,False,2017-02
2017-02-01,ITW,buy_call,1.4794,1,3.7815,2.302,0.02302,False,2017-02
2017-02-01,JNJ,skip,0.0,0,7.9117,0.0,0.0,False,2017-02
2017-02-01,JPM,skip,0.0,0,7.6704,0.0,0.0,False,2017-02
2017-02-01,KO,buy_call,0.9675,1,0.9382,-0.0294,-0.000294,False,2017-02
2017-02-01,LLY,buy_call,1.7247,1,7.5036,5.7789,0.057789,False,2017-02
2017-02-01,LMT,buy_call,1.5834,1,6.0677,4.4843,0.044843,False,2017-02
2017-02-01,LOW,buy_call,1.3699,1,2.2639,0.8941,0.008941,False,2017-02
2017-02-01,MA,buy_call,1.3286,1,4.0994,2.7708,0.027708,False,2017-02
2017-02-01,MCD,buy_call,0.9675,1,4.1446,3.177,0.03177,False,2017-02
2017-02-01,MDLZ,buy_call,1.0945,1,-0.813,-1.0945,-0.010945,False,2017-02
2017-02-01,MDT,buy_call,1.205,1,6.4325,5.2276,0.052276,False,2017-02
2017-02-01,MET,buy_call,1.3419,1,-3.6207,-1.3419,-0.013419,False,2017-02
2017-02-01,META,buy_call,2.1255,1,4.0055,1.88,0.0188,False,2017-02
2017-02-01,MMM,skip,0.0,0,6.5953,0.0,0.0,False,2017-02
2017-02-01,MO,buy_call,1.0945,1,5.2543,4.1597,0.041597,False,2017-02
2017-02-01,MRK,buy_call,1.3323,1,6.2591,4.9268,0.049268,False,2017-02
2017-02-01,MS,buy_call,1.3419,1,7.9747,6.6327,0.066327,False,2017-02
2017-02-01,MSFT,buy_call,1.4083,1,-1.0364,-1.4083,-0.014083,False,2017-02
2017-02-01,NEE,buy_call,0.9675,1,5.8842,4.9167,0.049167,False,2017-02
2017-02-01,NFLX,buy_call,2.1915,1,1.0092,-1.1823,-0.011823,False,2017-02
2017-02-01,NKE,buy_call,1.719,1,8.0529,6.3339,0.063339,False,2017-02
2017-02-01,NVDA,buy_call,2.6418,1,-7.0526,-2.6418,-0.026418,False,2017-02
2017-02-01,ORCL,buy_call,1.7616,1,6.5989,4.8373,0.048373,False,2017-02
2017-02-01,PEP,skip,0.0,0,6.3596,0.0,0.0,False,2017-02
2017-02-01,PFE,skip,0.0,0,7.5323,0.0,0.0,False,2017-02
2017-02-01,PG,buy_call,1.0286,1,4.7851,3.7565,0.037565,False,2017-02
2017-02-01,PM,buy_call,1.0945,1,13.7522,12.6576,0.126576,False,2017-02
2017-02-01,PYPL,buy_call,1.3286,1,5.5807,4.2521,0.042521,False,2017-02
2017-02-01,QCOM,skip,0.0,0,5.7084,0.0,0.0,False,2017-02
2017-02-01,SBUX,skip,0.0,0,2.988,0.0,0.0,False,2017-02
2017-02-01,SCHW,buy_call,1.3419,1,-2.0126,-1.3419,-0.013419,False,2017-02
2017-02-01,SLB,buy_call,1.5834,1,-4.0019,-1.5834,-0.015834,False,2017-02
2017-02-01,SO,buy_call,0.9675,1,2.812,1.8445,0.018445,False,2017-02
2017-02-01,SPG,buy_call,1.4794,1,0.3428,-1.1366,-0.011366,False,2017-02
2017-02-01,SYK,buy_call,1.205,1,4.0719,2.8669,0.028669,False,2017-02
2017-02-01,T,skip,0.0,0,0.6535,0.0,0.0,False,2017-02
2017-02-01,TGT,skip,0.0,0,-8.8555,0.0,0.0,False,2017-02
2017-02-01,TMO,buy_call,1.3855,1,3.4713,2.0858,0.020858,False,2017-02
2017-02-01,TMUS,buy_call,1.5191,1,0.4175,-1.1016,-0.011016,False,2017-02
2017-02-01,TXN,buy_call,2.0449,1,2.0736,0.0287,0.000287,False,2017-02
2017-02-01,UNH,buy_call,1.4566,1,2.0235,0.5669,0.005669,False,2017-02
2017-02-01,UNP,buy_call,1.5834,1,1.276,-0.3074,-0.003074,False,2017-02
2017-02-01,USB,buy_call,1.3419,1,4.4634,3.1215,0.031215,False,2017-02
2017-02-01,V,buy_call,1.2494,1,6.3233,5.0739,0.050739,False,2017-02
2017-02-01,VZ,skip,0.0,0,2.3477,0.0,0.0,False,2017-02
2017-02-01,WFC,buy_call,1.7062,1,2.7517,1.0455,0.010455,False,2017-02
2017-02-01,WMT,skip,0.0,0,6.2781,0.0,0.0,False,2017-02
2017-02-01,XOM,skip,0.0,0,-3.0636,0.0,0.0,False,2017-02
2017-03-01,AAPL,buy_call,1.4756,1,5.3236,3.8481,0.038481,False,2017-03
2017-03-01,ABBV,buy_call,1.3259,1,5.3687,4.0429,0.040429,False,2017-03
2017-03-01,ABT,buy_call,1.1537,1,-1.4862,-1.1537,-0.011537,False,2017-03
2017-03-01,ADBE,buy_call,1.3484,1,9.9628,8.6144,0.086144,False,2017-03
2017-03-01,ADP,buy_call,1.4165,1,-0.2241,-1.4165,-0.014165,False,2017-03
2017-03-01,AMAT,buy_call,1.9579,1,7.7054,5.7476,0.057476,False,2017-03
2017-03-01,AMGN,buy_call,1.3259,1,-6.4173,-1.3259,-0.013259,False,2017-03
2017-03-01,AMT,buy_call,1.4165,1,5.8803,4.4638,0.044638,False,2017-03
2017-03-01,AMZN,buy_call,1.795,1,4.911,3.116,0.03116,False,2017-03
2017-03-01,AVGO,buy_call,1.9579,1,3.8069,1.8491,0.018491,False,2017-03
2017-03-01,AXP,buy_call,1.272,1,-1.1866,-1.272,-0.01272,False,2017-03
2017-03-01,BA,buy_call,1.4073,1,-1.0257,-1.4073,-0.014073,False,2017-03
2017-03-01,BAC,buy_call,1.5,1,-4.4165,-1.5,-0.015,False,2017-03
2017-03-01,BDX,buy_call,1.1537,1,0.2131,-0.9406,-0.009406,False,2017-03
2017-03-01,BLK,buy_call,1.2848,1,-1.0195,-1.2848,-0.012848,False,2017-03
2017-03-01,BMY,buy_call,1.3259,1,-4.1086,-1.3259,-0.013259,False,2017-03
2017-03-01,BRK-B,buy_call,0.8486,1,-2.7651,-0.8486,-0.008486,False,2017-03
2017-03-01,C,buy_call,1.4073,1,0.3031,-1.1042,-0.011042,False,2017-03
2017-03-01,CAT,buy_call,1.516,1,-4.0348,-1.516,-0.01516,False,2017-03
2017-03-01,CHTR,skip,0.0,0,1.3186,0.0,0.0,False,2017-03
2017-03-01,CL,buy_call,0.9848,1,0.2878,-0.697,-0.00697,False,2017-03
2017-03-01,CMCSA,skip,0.0,0,0.4543,0.0,0.0,False,2017-03
2017-03-01,COST,buy_call,1.2095,1,-5.1012,-1.2095,-0.012095,False,2017-03
2017-03-01,CRM,buy_call,1.827,1,1.4014,-0.4256,-0.004256,False,2017-03
2017-03-01,CSCO,buy_call,1.4165,1,-1.1118,-1.4165,-0.014165,False,2017-03
2017-03-01,CTSH,buy_call,1.4165,1,0.4218,-0.9947,-0.009947,False,2017-03
2017-03-01,CVS,buy_call,1.3946,1,-2.5813,-1.3946,-0.013946,False,2017-03
2017-03-01,CVX,buy_call,1.4369,1,-3.6465,-1.4369,-0.014369,False,2017-03
2017-03-01,DHR,buy_call,1.1537,1,-0.0234,-1.1537,-0.011537,False,2017-03
2017-03-01,DIS,skip,0.0,0,2.9975,0.0,0.0,False,2017-03
2017-03-01,DUK,buy_call,0.9263,1,0.4463,-0.48,-0.0048,False,2017-03
2017-03-01,ELV,buy_call,1.3946,1,0.3397,-1.0548,-0.010548,False,2017-03
2017-03-01,EOG,skip,0.0,0,0.5774,0.0,0.0,False,2017-03
2017-03-01,EQIX,skip,0.0,0,7.035,0.0,0.0,False,2017-03
2017-03-01,FDX,buy_call,1.4165,1,1.1245,-0.292,-0.00292,False,2017-03
2017-03-01,GE,buy_call,1.516,1,0.7638,-0.7522,-0.007522,False,2017-03
2017-03-01,GILD,skip,0.0,0,-3.6323,0.0,0.0,False,2017-03
2017-03-01,GM,buy_call,1.516,1,-4.0174,-1.516,-0.01516,False,2017-03
2017-03-01,GOOGL,buy_call,1.6352,1,0.3397,-1.2955,-0.012955,False,2017-03
2017-03-01,GS,buy_call,1.2848,1,-7.1513,-1.2848,-0.012848,False,2017-03
2017-03-01,HD,buy_call,1.3115,1,1.3249,0.0134,0.000134,False,2017-03
2017-03-01,HON,buy_call,1.4165,1,0.8349,-0.5816,-0.005816,False,2017-03
2017-03-01,IBM,buy_call,1.4165,1,-2.393,-1.4165,-0.014165,False,2017-03
2017-03-01,INTC,skip,0.0,0,0.3522,0.0,0.0,False,2017-03
2017-03-01,ISRG,buy_call,1.1537,1,3.9986,2.845,0.02845,False,2017-03
2017-03-01,ITW,buy_call,1.4165,1,0.3484,-1.068,-0.01068,False,2017-03
2017-03-01,JNJ,buy_call,0.9649,1,2.5891,1.6242,0.016242,False,2017-03
2017-03-01,JPM,buy_call,1.2848,1,-3.0678,-1.2848,-0.012848,False,2017-03
2017-03-01,KO,buy_call,0.9263,1,1.144,0.2176,0.002176,False,2017-03
2017-03-01,LLY,buy_call,1.6513,1,2.2534,0.6021,0.006021,False,2017-03
2017-03-01,LMT,buy_call,1.516,1,1.0742,-0.4418,-0.004418,False,2017-03
2017-03-01,LOW,buy_call,1.3115,1,10.5419,9.2304,0.092304,False,2017-03
2017-03-01,MA,buy_call,1.272,1,1.8197,0.5476,0.005476,False,2017-03
2017-03-01,MCD,buy_call,0.9263,1,2.2828,1.3565,0.013565,False,2017-03
2017-03-01,MDLZ,skip,0.0,0,-1.9126,0.0,0.0,False,2017-03
2017-03-01,MDT,buy_call,1.1537,1,-0.4326,-1.1537,-0.011537,False,2017-03
2017-03-01,MET,skip,0.0,0,1.4719,0.0,0.0,False,2017-03
2017-03-01,META,buy_call,2.0351,1,4.803,2.768,0.02768,False,2017-03
2017-03-01,MMM,buy_call,1.4165,1,3.341,1.9245,0.019245,False,2017-03
2017-03-01,MO,buy_call,1.0479,1,-4.6716,-1.0479,-0.010479,False,2017-03
2017-03-01,MRK,buy_call,1.2756,1,-3.5372,-1.2756,-0.012756,False,2017-03
2017-03-01,MS,buy_call,1.2848,1,-6.1966,-1.2848,-0.012848,False,2017-03
2017-03-01,MSFT,skip,0.0,0,3.5625,0.0,0.0,False,2017-03
2017-03-01,NEE,buy_call,0.9263,1,-1.2562,-0.9263,-0.009263,False,2017-03
2017-03-01,NFLX,buy_call,2.0982,1,3.9963,1.8981,0.018981,False,2017-03
2017-03-01,NKE,buy_call,1.6458,1,-2.5018,-1.6458,-0.016458,False,2017-03
2017-03-01,NVDA,skip,0.0,0,7.4768,0.0,0.0,False,2017-03
2017-03-01,ORCL,buy_call,1.6866,1,4.7429,3.0563,0.030563,False,2017-03
2017-03-01,PEP,buy_call,1.0479,1,1.3408,0.2929,0.002929,False,2017-03
2017-03-01,PFE,buy_call,1.3259,1,1.2853,-0.0406,-0.000406,False,2017-03
2017-03-01,PG,buy_call,0.9848,1,-1.3396,-0.9848,-0.009848,False,2017-03
2017-03-01,PM,buy_call,1.0479,1,3.2465,2.1985,0.021985,False,2017-03
2017-03-01,PYPL,buy_call,1.272,1,2.4286,1.1566,0.011566,False,2017-03
2017-03-01,QCOM,buy_call,1.9955,1,2.4719,0.4763,0.004763,False,2017-03
2017-03-01,SBUX,buy_call,0.9263,1,3.1354,2.2091,0.022091,False,2017-03
2017-03-01,SCHW,skip,0.0,0,1.1939,0.0,0.0,False,2017-03
2017-03-01,SLB,skip,0.0,0,-2.2173,0.0,0.0,False,2017-03
2017-03-01,SO,buy_call,0.9263,1,-0.8986,-0.9263,-0.009263,False,2017-03
2017-03-01,SPG,buy_call,1.4165,1,-5.8025,-1.4165,-0.014165,False,2017-03
2017-03-01,SYK,buy_call,1.1537,1,2.4035,1.2498,0.012498,False,2017-03
2017-03-01,T,buy_call,1.4544,1,-0.5743,-1.4544,-0.014544,False,2017-03
2017-03-01,TGT,skip,0.0,0,-5.2264,0.0,0.0,False,2017-03
2017-03-01,TMO,buy_call,1.3265,1,-2.5875,-1.3265,-0.013265,False,2017-03
2017-03-01,TMUS,buy_call,1.4544,1,3.2944,1.84,0.0184,False,2017-03
2017-03-01,TXN,buy_call,1.9579,1,5.1423,3.1844,0.031844,False,2017-03
2017-03-01,UNH,buy_call,1.3946,1,-0.8284,-1.3946,-0.013946,False,2017-03
2017-03-01,UNP,buy_call,1.516,1,-1.3118,-1.516,-0.01516,False,2017-03
2017-03-01,USB,buy_call,1.2848,1,-6.3636,-1.2848,-0.012848,False,2017-03
2017-03-01,V,buy_call,1.1962,1,1.2499,0.0537,0.000537,False,2017-03
2017-03-01,VZ,buy_call,1.4544,1,-1.7731,-1.4544,-0.014544,False,2017-03
2017-03-01,WFC,buy_call,1.6336,1,-3.1824,-1.6336,-0.016336,False,2017-03
2017-03-01,WMT,buy_call,1.1481,1,1.6213,0.4733,0.004733,False,2017-03
2017-03-01,XOM,skip,0.0,0,1.7707,0.0,0.0,False,2017-03
2017-04-01,AAPL,buy_call,1.2907,1,-0.007,-1.2907,-0.012907,False,2017-04
2017-04-01,ABBV,buy_call,1.1597,1,1.1971,0.0373,0.000373,False,2017-04
2017-04-01,ABT,skip,0.0,0,-1.7338,0.0,0.0,False,2017-04
2017-04-01,ADBE,buy_call,1.1794,1,2.7741,1.5947,0.015947,False,2017-04
2017-04-01,ADP,skip,0.0,0,2.6119,0.0,0.0,False,2017-04
2017-04-01,AMAT,buy_call,1.7125,1,4.3958,2.6833,0.026833,False,2017-04
2017-04-01,AMGN,skip,0.0,0,-0.4571,0.0,0.0,False,2017-04
2017-04-01,AMT,buy_call,1.239,1,3.6202,2.3812,0.023812,False,2017-04
2017-04-01,AMZN,buy_call,1.5701,1,4.3371,2.767,0.02767,False,2017-04
2017-04-01,AVGO,buy_call,1.7125,1,1.3022,-0.4103,-0.004103,False,2017-04
2017-04-01,AXP,skip,0.0,0,0.177,0.0,0.0,False,2017-04
2017-04-01,BA,skip,0.0,0,4.5064,0.0,0.0,False,2017-04
2017-04-01,BAC,skip,0.0,0,-0.7582,0.0,0.0,False,2017-04
2017-04-01,BDX,buy_call,1.0091,1,2.3305,1.3213,0.013213,False,2017-04
2017-04-01,BLK,skip,0.0,0,0.9105,0.0,0.0,False,2017-04
2017-04-01,BMY,skip,0.0,0,3.071,0.0,0.0,False,2017-04
2017-04-01,BRK-B,skip,0.0,0,-0.8819,0.0,0.0,False,2017-04
2017-04-01,C,buy_call,1.2309,1,-1.1702,-1.2309,-0.012309,False,2017-04
2017-04-01,CAT,skip,0.0,0,10.2415,0.0,0.0,False,2017-04
2017-04-01,CHTR,buy_call,1.2722,1,5.4503,4.1781,0.041781,False,2017-04
2017-04-01,CL,buy_call,0.8614,1,-1.5713,-0.8614,-0.008614,False,2017-04
2017-04-01,CMCSA,buy_call,1.2722,1,4.2564,2.9842,0.029842,False,2017-04
2017-04-01,COST,skip,0.0,0,5.862,0.0,0.0,False,2017-04
2017-04-01,CRM,buy_call,1.5981,1,4.4005,2.8025,0.028025,False,2017-04
2017-04-01,CSCO,skip,0.0,0,0.7988,0.0,0.0,False,2017-04
2017-04-01,CTSH,buy_call,1.239,1,1.1929,-0.0461,-0.000461,False,2017-04
2017-04-01,CVS,skip,0.0,0,5.0191,0.0,0.0,False,2017-04
2017-04-01,CVX,skip,0.0,0,-0.624,0.0,0.0,False,2017-04
2017-04-01,DHR,skip,0.0,0,-2.4131,0.0,0.0,False,2017-04
2017-04-01,DIS,buy_call,1.3647,1,1.949,0.5844,0.005844,False,2017-04
2017-04-01,DUK,buy_call,0.8103,1,0.5975,-0.2128,-0.002128,False,2017-04
2017-04-01,ELV,buy_call,1.2198,1,7.9872,6.7674,0.067674,False,2017-04
2017-04-01,EOG,buy_call,1.326,1,-5.1768,-1.326,-0.01326,False,2017-04
2017-04-01,EQIX,buy_call,1.239,1,4.3284,3.0895,0.030895,False,2017-04
2017-04-01,FDX,buy_call,1.239,1,-2.5908,-1.239,-0.01239,False,2017-04
2017-04-01,GE,buy_call,1.326,1,-2.7182,-1.326,-0.01326,False,2017-04
2017-04-01,GILD,skip,0.0,0,1.7042,0.0,0.0,False,2017-04
2017-04-01,GM,skip,0.0,0,-1.0339,0.0,0.0,False,2017-04
2017-04-01,GOOGL,buy_call,1.4303,1,9.0493,7.619,0.07619,False,2017-04
2017-04-01,GS,skip,0.0,0,-2.5771,0.0,0.0,False,2017-04
2017-04-01,HD,buy_call,1.1472,1,6.9604,5.8132,0.058132,False,2017-04
2017-04-01,HON,buy_call,1.239,1,5.0212,3.7823,0.037823,False,2017-04
2017-04-01,IBM,skip,0.0,0,-7.9534,0.0,0.0,False,2017-04
2017-04-01,INTC,buy_call,1.7125,1,0.2218,-1.4908,-0.014908,False,2017-04
2017-04-01,ISRG,buy_call,1.0091,1,9.0545,8.0454,0.080454,False,2017-04
2017-04-01,ITW,buy_call,1.239,1,4.7548,3.5158,0.035158,False,2017-04
2017-04-01,JNJ,buy_call,0.844,1,-0.8671,-0.844,-0.00844,False,2017-04
2017-04-01,JPM,skip,0.0,0,-0.9563,0.0,0.0,False,2017-04
2017-04-01,KO,buy_call,0.8103,1,2.5704,1.7601,0.017601,False,2017-04
2017-04-01,LLY,buy_call,1.4444,1,-2.4373,-1.4444,-0.014444,False,2017-04
2017-04-01,LMT,buy_call,1.326,1,0.6913,-0.6347,-0.006347,False,2017-04
2017-04-01,LOW,buy_call,1.1472,1,3.2478,2.1006,0.021006,False,2017-04
2017-04-01,MA,buy_call,1.1126,1,3.4231,2.3105,0.023105,False,2017-04
2017-04-01,MCD,buy_call,0.8103,1,7.9623,7.1521,0.071521,False,2017-04
2017-04-01,MDLZ,skip,0.0,0,4.9829,0.0,0.0,False,2017-04
2017-04-01,MDT,skip,0.0,0,3.6901,0.0,0.0,False,2017-04
2017-04-01,MET,buy_call,1.1238,1,-1.9122,-1.1238,-0.011238,False,2017-04
2017-04-01,META,buy_call,1.7801,1,5.7726,3.9925,0.039925,False,2017-04
2017-04-01,MMM,buy_call,1.239,1,2.352,1.113,0.01113,False,2017-04
2017-04-01,MO,skip,0.0,0,1.3124,0.0,0.0,False,2017-04
2017-04-01,MRK,skip,0.0,0,-1.1964,0.0,0.0,False,2017-04
2017-04-01,MS,skip,0.0,0,1.2371,0.0,0.0,False,2017-04
2017-04-01,MSFT,buy_call,1.1794,1,3.9478,2.7683,0.027683,False,2017-04
2017-04-01,NEE,skip,0.0,0,4.043,0.0,0.0,False,2017-04
2017-04-01,NFLX,buy_call,1.8353,1,2.97,1.1347,0.011347,False,2017-04
2017-04-01,NKE,skip,0.0,0,-0.2644,0.0,0.0,False,2017-04
2017-04-01,NVDA,buy_call,2.2124,1,-4.2504,-2.2124,-0.022124,False,2017-04
2017-04-01,ORCL,buy_call,1.4753,1,0.7846,-0.6907,-0.006907,False,2017-04
2017-04-01,PEP,buy_call,0.9166,1,1.965,1.0484,0.010484,False,2017-04
2017-04-01,PFE,buy_call,1.1597,1,-0.8477,-1.1597,-0.011597,False,2017-04
2017-04-01,PG,skip,0.0,0,-2.8047,0.0,0.0,False,2017-04
2017-04-01,PM,buy_call,0.9166,1,-0.9208,-0.9166,-0.009166,False,2017-04
2017-04-01,PYPL,buy_call,1.1126,1,10.9251,9.8125,0.098125,False,2017-04
2017-04-01,QCOM,buy_call,1.7455,1,-6.2783,-1.7455,-0.017455,False,2017-04
2017-04-01,SBUX,buy_call,0.8103,1,2.8601,2.0498,0.020498,False,2017-04
2017-04-01,SCHW,buy_call,1.1238,1,-4.8028,-1.1238,-0.011238,False,2017-04
2017-04-01,SLB,skip,0.0,0,-7.0551,0.0,0.0,False,2017-04
2017-04-01,SO,skip,0.0,0,0.0402,0.0,0.0,False,2017-04
2017-04-01,SPG,skip,0.0,0,-3.9354,0.0,0.0,False,2017-04
2017-04-01,SYK,buy_call,1.0091,1,3.9181,2.909,0.02909,False,2017-04
2017-04-01,T,skip,0.0,0,-4.6209,0.0,0.0,False,2017-04
2017-04-01,TGT,skip,0.0,0,1.1959,0.0,0.0,False,2017-04
2017-04-01,TMO,skip,0.0,0,7.7381,0.0,0.0,False,2017-04
2017-04-01,TMUS,buy_call,1.2722,1,4.1493,2.8771,0.028771,False,2017-04
2017-04-01,TXN,buy_call,1.7125,1,-1.713,-1.7125,-0.017125,False,2017-04
2017-04-01,UNH,skip,0.0,0,7.0251,0.0,0.0,False,2017-04
2017-04-01,UNP,skip,0.0,0,5.7024,0.0,0.0,False,2017-04
2017-04-01,USB,skip,0.0,0,0.1046,0.0,0.0,False,2017-04
2017-04-01,V,buy_call,1.0463,1,2.6443,1.598,0.01598,False,2017-04
2017-04-01,VZ,skip,0.0,0,-5.8257,0.0,0.0,False,2017-04
2017-04-01,WFC,skip,0.0,0,-3.2699,0.0,0.0,False,2017-04
2017-04-01,WMT,buy_call,1.0042,1,5.0677,4.0635,0.040635,False,2017-04
2017-04-01,XOM,buy_call,1.326,1,-0.439,-1.326,-0.01326,False,2017-04
2017-05-01,AAPL,skip,0.0,0,6.3418,0.0,0.0,False,2017-05
2017-05-01,ABBV,buy_call,1.1158,1,1.1174,0.0016,1.6e-05,False,2017-05
2017-05-01,ABT,skip,0.0,0,5.2688,0.0,0.0,False,2017-05
2017-05-01,ADBE,buy_call,1.1347,1,6.0715,4.9367,0.049367,False,2017-05
2017-05-01,ADP,buy_call,1.192,1,-2.0289,-1.192,-0.01192,False,2017-05
2017-05-01,AMAT,buy_call,1.6476,1,12.9771,11.3295,0.113295,False,2017-05
2017-05-01,AMGN,skip,0.0,0,-4.9473,0.0,0.0,False,2017-05
2017-05-01,AMT,buy_call,1.192,1,4.7002,3.5082,0.035082,False,2017-05
2017-05-01,AMZN,buy_call,1.5106,1,7.5276,6.0171,0.060171,False,2017-05
2017-05-01,AVGO,buy_call,1.6476,1,8.4553,6.8076,0.068076,False,2017-05
2017-05-01,AXP,buy_call,1.0705,1,-2.5162,-1.0705,-0.010705,False,2017-05
2017-05-01,BA,buy_call,1.1843,1,1.5149,0.3306,0.003306,False,2017-05
2017-05-01,BAC,skip,0.0,0,-3.9846,0.0,0.0,False,2017-05
2017-05-01,BDX,buy_call,0.9709,1,1.2088,0.2379,0.002379,False,2017-05
2017-05-01,BLK,buy_call,1.0812,1,6.415,5.3337,0.053337,False,2017-05
2017-05-01,BMY,buy_call,1.1158,1,-3.0483,-1.1158,-0.011158,False,2017-05
2017-05-01,BRK-B,skip,0.0,0,0.0424,0.0,0.0,False,2017-05
2017-05-01,C,skip,0.0,0,2.6753,0.0,0.0,False,2017-05
2017-05-01,CAT,buy_call,1.2758,1,3.9563,2.6806,0.026806,False,2017-05
2017-05-01,CHTR,buy_call,1.224,1,0.113,-1.111,-0.01111,False,2017-05
2017-05-01,CL,skip,0.0,0,6.5699,0.0,0.0,False,2017-05
2017-05-01,CMCSA,buy_call,1.224,1,6.8282,5.6042,0.056042,False,2017-05
2017-05-01,COST,buy_call,1.0179,1,1.6392,0.6214,0.006214,False,2017-05
2017-05-01,CRM,buy_call,1.5375,1,4.0873,2.5498,0.025498,False,2017-05
2017-05-01,CSCO,buy_call,1.192,1,-6.649,-1.192,-0.01192,False,2017-05
2017-05-01,CTSH,buy_call,1.192,1,11.0908,9.8988,0.098988,False,2017-05
2017-05-01,CVS,buy_call,1.1736,1,-6.2056,-1.1736,-0.011736,False,2017-05
2017-05-01,CVX,skip,0.0,0,-3.0178,0.0,0.0,False,2017-05
2017-05-01,DHR,skip,0.0,0,1.9321,0.0,0.0,False,2017-05
2017-05-01,DIS,buy_call,1.3129,1,-6.6263,-1.3129,-0.013129,False,2017-05
2017-05-01,DUK,buy_call,0.7796,1,3.8545,3.075,0.03075,False,2017-05
2017-05-01,ELV,buy_call,1.1736,1,2.5071,1.3336,0.013336,False,2017-05
2017-05-01,EOG,skip,0.0,0,-2.2008,0.0,0.0,False,2017-05
2017-05-01,EQIX,buy_call,1.192,1,5.5806,4.3885,0.043885,False,2017-05
2017-05-01,FDX,skip,0.0,0,2.1824,0.0,0.0,False,2017-05
2017-05-01,GE,skip,0.0,0,-5.5536,0.0,0.0,False,2017-05
2017-05-01,GILD,buy_call,1.1158,1,-5.3392,-1.1158,-0.011158,False,2017-05
2017-05-01,GM,skip,0.0,0,-2.0497,0.0,0.0,False,2017-05
2017-05-01,GOOGL,buy_call,1.3761,1,6.7678,5.3918,0.053918,False,2017-05
2017-05-01,GS,skip,0.0,0,-5.6032,0.0,0.0,False,2017-05
2017-05-01,HD,buy_call,1.1037,1,-1.6592,-1.1037,-0.011037,False,2017-05
2017-05-01,HON,buy_call,1.192,1,1.4107,0.2187,0.002187,False,2017-05
2017-05-01,IBM,skip,0.0,0,-4.7788,0.0,0.0,False,2017-05
2017-05-01,INTC,buy_call,1.6476,1,-0.1106,-1.6476,-0.016476,False,2017-05
2017-05-01,ISRG,buy_call,0.9709,1,9.4285,8.4576,0.084576,False,2017-05
2017-05-01,ITW,buy_call,1.192,1,2.2666,1.0746,0.010746,False,2017-05
2017-05-01,JNJ,skip,0.0,0,3.8714,0.0,0.0,False,2017-05
2017-05-01,JPM,skip,0.0,0,-5.0321,0.0,0.0,False,2017-05
2017-05-01,KO,buy_call,0.7796,1,5.3766,4.597,0.04597,False,2017-05
2017-05-01,LLY,skip,0.0,0,-3.0343,0.0,0.0,False,2017-05
2017-05-01,LMT,buy_call,1.2758,1,4.3348,3.059,0.03059,False,2017-05
2017-05-01,LOW,buy_call,1.1037,1,-6.8077,-1.1037,-0.011037,False,2017-05
2017-05-01,MA,buy_call,1.0705,1,5.8474,4.7769,0.047769,False,2017-05
2017-05-01,MCD,buy_call,0.7796,1,7.8325,7.0529,0.070529,False,2017-05
2017-05-01,MDLZ,buy_call,0.8819,1,3.4643,2.5824,0.025824,False,2017-05
2017-05-01,MDT,buy_call,0.9709,1,1.4322,0.4613,0.004613,False,2017-05
2017-05-01,MET,skip,0.0,0,-2.3547,0.0,0.0,False,2017-05
2017-05-01,META,buy_call,1.7126,1,0.8053,-0.9073,-0.009073,False,2017-05
2017-05-01,MMM,buy_call,1.192,1,4.412,3.2199,0.032199,False,2017-05
2017-05-01,MO,buy_call,0.8819,1,5.0989,4.217,0.04217,False,2017-05
2017-05-01,MRK,skip,0.0,0,4.4601,0.0,0.0,False,2017-05
2017-05-01,MS,buy_call,1.0812,1,-3.3225,-1.0812,-0.010812,False,2017-05
2017-05-01,MSFT,buy_call,1.1347,1,2.0158,0.881,0.00881,False,2017-05
2017-05-01,NEE,buy_call,0.7796,1,5.9,5.1204,0.051204,False,2017-05
2017-05-01,NFLX,buy_call,1.7658,1,7.1419,5.3762,0.053762,False,2017-05
2017-05-01,NKE,skip,0.0,0,-4.3675,0.0,0.0,False,2017-05
2017-05-01,NVDA,skip,0.0,0,38.3989,0.0,0.0,False,2017-05
2017-05-01,ORCL,buy_call,1.4194,1,1.3914,-0.028,-0.00028,False,2017-05
2017-05-01,PEP,buy_call,0.8819,1,3.1692,2.2873,0.022873,False,2017-05
2017-05-01,PFE,skip,0.0,0,-3.7441,0.0,0.0,False,2017-05
2017-05-01,PG,skip,0.0,0,1.6426,0.0,0.0,False,2017-05
2017-05-01,PM,skip,0.0,0,8.0837,0.0,0.0,False,2017-05
2017-05-01,PYPL,buy_call,1.0705,1,9.4091,8.3386,0.083386,False,2017-05
2017-05-01,QCOM,skip,0.0,0,6.5687,0.0,0.0,False,2017-05
2017-05-01,SBUX,buy_call,0.7796,1,5.9108,5.1312,0.051312,False,2017-05
2017-05-01,SCHW,skip,0.0,0,-0.2574,0.0,0.0,False,2017-05
2017-05-01,SLB,skip,0.0,0,-4.1328,0.0,0.0,False,2017-05
2017-05-01,SO,buy_call,0.7796,1,1.6265,0.8469,0.008469,False,2017-05
2017-05-01,SPG,skip,0.0,0,-6.6622,0.0,0.0,False,2017-05
2017-05-01,SYK,buy_call,0.9709,1,4.8324,3.8615,0.038615,False,2017-05
2017-05-01,T,skip,0.0,0,-1.232,0.0,0.0,False,2017-05
2017-05-01,TGT,buy_call,0.9662,1,-1.2534,-0.9662,-0.009662,False,2017-05
2017-05-01,TMO,buy_call,1.1164,1,4.5122,3.3958,0.033958,False,2017-05
2017-05-01,TMUS,buy_call,1.224,1,0.223,-1.001,-0.01001,False,2017-05
2017-05-01,TXN,skip,0.0,0,4.8265,0.0,0.0,False,2017-05
2017-05-01,UNH,buy_call,1.1736,1,0.1715,-1.0021,-0.010021,False,2017-05
2017-05-01,UNP,buy_call,1.2758,1,-1.4827,-1.2758,-0.012758,False,2017-05
2017-05-01,USB,buy_call,1.0812,1,-0.7605,-1.0812,-0.010812,False,2017-05
2017-05-01,V,buy_call,1.0067,1,4.3959,3.3893,0.033893,False,2017-05
2017-05-01,VZ,skip,0.0,0,2.8023,0.0,0.0,False,2017-05
2017-05-01,WFC,skip,0.0,0,-5.0148,0.0,0.0,False,2017-05
2017-05-01,WMT,buy_call,0.9662,1,4.5491,3.5829,0.035829,False,2017-05
2017-05-01,XOM,skip,0.0,0,-1.4084,0.0,0.0,False,2017-05
2017-06-01,AAPL,buy_call,1.3336,1,-5.3322,-1.3336,-0.013336,False,2017-06
2017-06-01,ABBV,buy_call,1.1983,1,9.8304,8.632,0.08632,False,2017-06
2017-06-01,ABT,buy_call,1.0427,1,6.4608,5.4181,0.054181,False,2017-06
2017-06-01,ADBE,buy_call,1.2187,1,-0.2961,-1.2187,-0.012187,False,2017-06
2017-06-01,ADP,skip,0.0,0,0.0879,0.0,0.0,False,2017-06
2017-06-01,AMAT,buy_call,1.7695,1,-9.759,-1.7695,-0.017695,False,2017-06
2017-06-01,AMGN,skip,0.0,0,11.7464,0.0,0.0,False,2017-06
2017-06-01,AMT,buy_call,1.2802,1,0.8613,-0.4189,-0.004189,False,2017-06
2017-06-01,AMZN,buy_call,1.6223,1,-2.6764,-1.6223,-0.016223,False,2017-06
2017-06-01,AVGO,buy_call,1.7695,1,-2.685,-1.7695,-0.017695,False,2017-06
2017-06-01,AXP,skip,0.0,0,9.4879,0.0,0.0,False,2017-06
2017-06-01,BA,buy_call,1.2719,1,6.2004,4.9285,0.049285,False,2017-06
2017-06-01,BAC,skip,0.0,0,8.6108,0.0,0.0,False,2017-06
2017-06-01,BDX,buy_call,1.0427,1,3.1073,2.0646,0.020646,False,2017-06
2017-06-01,BLK,buy_call,1.1612,1,3.2182,2.057,0.02057,False,2017-06
2017-06-01,BMY,skip,0.0,0,3.2808,0.0,0.0,False,2017-06
2017-06-01,BRK-B,buy_call,0.767,1,2.4746,1.7076,0.017076,False,2017-06
2017-06-01,C,buy_call,1.2719,1,10.4724,9.2005,0.092005,False,2017-06
2017-06-01,CAT,buy_call,1.3702,1,1.9254,0.5553,0.005553,False,2017-06
2017-06-01,CHTR,buy_call,1.3145,1,-2.5177,-1.3145,-0.013145,False,2017-06
2017-06-01,CL,buy_call,0.89,1,-2.9204,-0.89,-0.0089,False,2017-06
2017-06-01,CMCSA,buy_call,1.3145,1,-6.6443,-1.3145,-0.013145,False,2017-06
2017-06-01,COST,buy_call,1.0932,1,-7.5116,-1.0932,-0.010932,False,2017-06
2017-06-01,CRM,buy_call,1.6512,1,-3.3913,-1.6512,-0.016512,False,2017-06
2017-06-01,CSCO,skip,0.0,0,-0.7295,0.0,0.0,False,2017-06
2017-06-01,CTSH,buy_call,1.2802,1,-0.5309,-1.2802,-0.012802,False,2017-06
2017-06-01,CVS,skip,0.0,0,4.7247,0.0,0.0,False,2017-06
2017-06-01,CVX,skip,0.0,0,1.847,0.0,0.0,False,2017-06
2017-06-01,DHR,buy_call,1.0427,1,-0.6475,-1.0427,-0.010427,False,2017-06
2017-06-01,DIS,skip,0.0,0,-1.5657,0.0,0.0,False,2017-06
2017-06-01,DUK,buy_call,0.8372,1,-1.4253,-0.8372,-0.008372,False,2017-06
2017-06-01,ELV,buy_call,1.2604,1,3.1697,1.9093,0.019093,False,2017-06
2017-06-01,EOG,skip,0.0,0,0.2325,0.0,0.0,False,2017-06
2017-06-01,EQIX,buy_call,1.2802,1,-2.2288,-1.2802,-0.012802,False,2017-06
2017-06-01,FDX,buy_call,1.2802,1,12.1182,10.838,0.10838,False,2017-06
2017-06-01,GE,skip,0.0,0,-1.3514,0.0,0.0,False,2017-06
2017-06-01,GILD,skip,0.0,0,9.0769,0.0,0.0,False,2017-06
2017-06-01,GM,skip,0.0,0,2.9472,0.0,0.0,False,2017-06
2017-06-01,GOOGL,buy_call,1.4779,1,-5.8161,-1.4779,-0.014779,False,2017-06
2017-06-01,GS,skip,0.0,0,5.39,0.0,0.0,False,2017-06
2017-06-01,HD,skip,0.0,0,0.5058,0.0,0.0,False,2017-06
2017-06-01,HON,buy_call,1.2802,1,0.733,-0.5472,-0.005472,False,2017-06
2017-06-01,IBM,skip,0.0,0,1.7708,0.0,0.0,False,2017-06
2017-06-01,INTC,skip,0.0,0,-5.8682,0.0,0.0,False,2017-06
2017-06-01,ISRG,buy_call,1.0427,1,2.262,1.2193,0.012193,False,2017-06
2017-06-01,ITW,buy_call,1.2802,1,1.4375,0.1573,0.001573,False,2017-06
2017-06-01,JNJ,buy_call,0.8721,1,3.8342,2.9621,0.029621,False,2017-06
2017-06-01,JPM,skip,0.0,0,11.2599,0.0,0.0,False,2017-06
2017-06-01,KO,buy_call,0.8372,1,-1.3636,-0.8372,-0.008372,False,2017-06
2017-06-01,LLY,skip,0.0,0,4.0988,0.0,0.0,False,2017-06
2017-06-01,LMT,buy_call,1.3702,1,-0.6144,-1.3702,-0.013702,False,2017-06
2017-06-01,LOW,skip,0.0,0,-1.5742,0.0,0.0,False,2017-06
2017-06-01,MA,buy_call,1.1496,1,-1.1637,-1.1496,-0.011496,False,2017-06
2017-06-01,MCD,buy_call,0.8372,1,1.5044,0.6672,0.006672,False,2017-06
2017-06-01,MDLZ,buy_call,0.9471,1,-7.2977,-0.9471,-0.009471,False,2017-06
2017-06-01,MDT,buy_call,1.0427,1,5.3038,4.2611,0.042611,False,2017-06
2017-06-01,MET,skip,0.0,0,9.4388,0.0,0.0,False,2017-06
2017-06-01,META,buy_call,1.8393,1,-0.3169,-1.8393,-0.018393,False,2017-06
2017-06-01,MMM,buy_call,1.2802,1,2.4275,1.1473,0.011473,False,2017-06
2017-06-01,MO,buy_call,0.9471,1,-1.2858,-0.9471,-0.009471,False,2017-06
2017-06-01,MRK,buy_call,1.1528,1,-1.5666,-1.1528,-0.011528,False,2017-06
2017-06-01,MS,skip,0.0,0,6.7561,0.0,0.0,False,2017-06
2017-06-01,MSFT,buy_call,1.2187,1,-0.7372,-1.2187,-0.012187,False,2017-06
2017-06-01,NEE,buy_call,0.8372,1,-0.2264,-0.8372,-0.008372,False,2017-06
2017-06-01,NFLX,buy_call,1.8964,1,-8.3768,-1.8964,-0.018964,False,2017-06
2017-06-01,NKE,skip,0.0,0,11.3418,0.0,0.0,False,2017-06
2017-06-01,NVDA,buy_call,2.286,1,0.2509,-2.035,-0.02035,False,2017-06
2017-06-01,ORCL,buy_call,1.5244,1,10.4649,8.9405,0.089405,False,2017-06
2017-06-01,PEP,buy_call,0.9471,1,-0.5021,-0.9471,-0.009471,False,2017-06
2017-06-01,PFE,skip,0.0,0,3.8748,0.0,0.0,False,2017-06
2017-06-01,PG,buy_call,0.89,1,-1.0671,-0.89,-0.0089,False,2017-06
2017-06-01,PM,buy_call,0.9471,1,-1.9616,-0.9471,-0.009471,False,2017-06
2017-06-01,PYPL,buy_call,1.1496,1,2.7964,1.6468,0.016468,False,2017-06
2017-06-01,QCOM,buy_call,1.8036,1,-2.63,-1.8036,-0.018036,False,2017-06
2017-06-01,SBUX,buy_call,0.8372,1,-7.9544,-0.8372,-0.008372,False,2017-06
2017-06-01,SCHW,skip,0.0,0,11.0839,0.0,0.0,False,2017-06
2017-06-01,SLB,skip,0.0,0,-4.7089,0.0,0.0,False,2017-06
2017-06-01,SO,buy_call,0.8372,1,-4.2809,-0.8372,-0.008372,False,2017-06
2017-06-01,SPG,skip,0.0,0,6.0471,0.0,0.0,False,2017-06
2017-06-01,SYK,buy_call,1.0427,1,-2.9239,-1.0427,-0.010427,False,2017-06
2017-06-01,T,skip,0.0,0,-2.0763,0.0,0.0,False,2017-06
2017-06-01,TGT,skip,0.0,0,-4.1553,0.0,0.0,False,2017-06
2017-06-01,TMO,buy_call,1.1989,1,0.9723,-0.2266,-0.002266,False,2017-06
2017-06-01,TMUS,buy_call,1.3145,1,-10.086,-1.3145,-0.013145,False,2017-06
2017-06-01,TXN,buy_call,1.7695,1,-6.7402,-1.7695,-0.017695,False,2017-06
2017-06-01,UNH,buy_call,1.2604,1,5.8454,4.585,0.04585,False,2017-06
2017-06-01,UNP,skip,0.0,0,-0.7126,0.0,0.0,False,2017-06
2017-06-01,USB,skip,0.0,0,2.024,0.0,0.0,False,2017-06
2017-06-01,V,buy_call,1.0811,1,-1.3479,-1.0811,-0.010811,False,2017-06
2017-06-01,VZ,buy_call,1.3145,1,-4.2453,-1.3145,-0.013145,False,2017-06
2017-06-01,WFC,skip,0.0,0,9.1098,0.0,0.0,False,2017-06
2017-06-01,WMT,buy_call,1.0376,1,-3.0707,-1.0376,-0.010376,False,2017-06
2017-06-01,XOM,skip,0.0,0,1.2327,0.0,0.0,False,2017-06
2017-07-01,AAPL,skip,0.0,0,3.2704,0.0,0.0,False,2017-07
2017-07-01,ABBV,buy_call,1.0997,1,-3.5857,-1.0997,-0.010997,False,2017-07
2017-07-01,ABT,buy_call,0.9569,1,1.1726,0.2157,0.002157,False,2017-07
2017-07-01,ADBE,skip,0.0,0,3.5704,0.0,0.0,False,2017-07
2017-07-01,ADP,buy_call,1.1749,1,16.7124,15.5375,0.155375,False,2017-07
2017-07-01,AMAT,skip,0.0,0,7.2622,0.0,0.0,False,2017-07
2017-07-01,AMGN,buy_call,1.0997,1,1.3238,0.2241,0.002241,False,2017-07
2017-07-01,AMT,buy_call,1.1749,1,3.5383,2.3635,0.023635,False,2017-07
2017-07-01,AMZN,skip,0.0,0,2.0434,0.0,0.0,False,2017-07
2017-07-01,AVGO,skip,0.0,0,6.2907,0.0,0.0,False,2017-07
2017-07-01,AXP,buy_call,1.055,1,1.1752,0.1202,0.001202,False,2017-07
2017-07-01,BA,buy_call,1.1672,1,22.6094,21.4421,0.214421,False,2017-07
2017-07-01,BAC,buy_call,1.2441,1,-0.5771,-1.2441,-0.012441,False,2017-07
2017-07-01,BDX,buy_call,0.9569,1,3.618,2.6611,0.026611,False,2017-07
2017-07-01,BLK,buy_call,1.0656,1,1.596,0.5303,0.005303,False,2017-07
2017-07-01,BMY,buy_call,1.0997,1,2.1177,1.018,0.01018,False,2017-07
2017-07-01,BRK-B,buy_call,0.7038,1,3.3064,2.6025,0.026025,False,2017-07
2017-07-01,C,buy_call,1.1672,1,2.3475,1.1803,0.011803,False,2017-07
2017-07-01,CAT,buy_call,1.2574,1,6.0394,4.782,0.04782,False,2017-07
2017-07-01,CHTR,skip,0.0,0,16.3634,0.0,0.0,False,2017-07
2017-07-01,CL,skip,0.0,0,-2.6035,0.0,0.0,False,2017-07
2017-07-01,CMCSA,skip,0.0,0,4.3553,0.0,0.0,False,2017-07
2017-07-01,COST,skip,0.0,0,-0.8879,0.0,0.0,False,2017-07
2017-07-01,CRM,skip,0.0,0,4.8499,0.0,0.0,False,2017-07
2017-07-01,CSCO,skip,0.0,0,0.4792,0.0,0.0,False,2017-07
2017-07-01,CTSH,skip,0.0,0,4.3976,0.0,0.0,False,2017-07
2017-07-01,CVS,buy_call,1.1567,1,-0.6587,-1.1567,-0.011567,False,2017-07
2017-07-01,CVX,buy_call,1.1918,1,4.6583,3.4665,0.034665,False,2017-07
2017-07-01,DHR,skip,0.0,0,-3.2764,0.0,0.0,False,2017-07
2017-07-01,DIS,skip,0.0,0,3.4635,0.0,0.0,False,2017-07
2017-07-01,DUK,skip,0.0,0,1.8304,0.0,0.0,False,2017-07
2017-07-01,ELV,buy_call,1.1567,1,-0.6765,-1.1567,-0.011567,False,2017-07
2017-07-01,EOG,buy_call,1.2574,1,5.1039,3.8465,0.038465,False,2017-07
2017-07-01,EQIX,skip,0.0,0,5.0261,0.0,0.0,False,2017-07
2017-07-01,FDX,buy_call,1.1749,1,-4.0518,-1.1749,-0.011749,False,2017-07
2017-07-01,GE,skip,0.0,0,-4.3834,0.0,0.0,False,2017-07
2017-07-01,GILD,buy_call,1.0997,1,8.367,7.2674,0.072674,False,2017-07
2017-07-01,GM,buy_call,1.2574,1,4.1556,2.8982,0.028982,False,2017-07
2017-07-01,GOOGL,skip,0.0,0,1.7017,0.0,0.0,False,2017-07
2017-07-01,GS,buy_call,1.0656,1,1.5458,0.4801,0.004801,False,2017-07
2017-07-01,HD,buy_call,1.0878,1,-2.4772,-1.0878,-0.010878,False,2017-07
2017-07-01,HON,buy_call,1.1749,1,2.1232,0.9483,0.009483,False,2017-07
2017-07-01,IBM,buy_call,1.1749,1,-5.9546,-1.1749,-0.011749,False,2017-07
2017-07-01,INTC,skip,0.0,0,5.1274,0.0,0.0,False,2017-07
2017-07-01,ISRG,buy_call,0.9569,1,0.309,-0.6479,-0.006479,False,2017-07
2017-07-01,ITW,buy_call,1.1749,1,-1.3223,-1.1749,-0.011749,False,2017-07
2017-07-01,JNJ,buy_call,0.8003,1,0.325,-0.4753,-0.004753,False,2017-07
2017-07-01,JPM,buy_call,1.0656,1,0.4377,-0.628,-0.00628,False,2017-07
2017-07-01,KO,skip,0.0,0,3.0485,0.0,0.0,False,2017-07
2017-07-01,LLY,buy_call,1.3696,1,0.4375,-0.9322,-0.009322,False,2017-07
2017-07-01,LMT,skip,0.0,0,5.2304,0.0,0.0,False,2017-07
2017-07-01,LOW,skip,0.0,0,-0.1677,0.0,0.0,False,2017-07
2017-07-01,MA,skip,0.0,0,5.2285,0.0,0.0,False,2017-07
2017-07-01,MCD,buy_call,0.7683,1,1.9278,1.1595,0.011595,False,2017-07
2017-07-01,MDLZ,skip,0.0,0,2.364,0.0,0.0,False,2017-07
2017-07-01,MDT,buy_call,0.9569,1,-5.3859,-0.9569,-0.009569,False,2017-07
2017-07-01,MET,buy_call,1.0656,1,0.1092,-0.9565,-0.009565,False,2017-07
2017-07-01,META,skip,0.0,0,12.1009,0.0,0.0,False,2017-07
2017-07-01,MMM,buy_call,1.1749,1,-3.3719,-1.1749,-0.011749,False,2017-07
2017-07-01,MO,skip,0.0,0,-12.0452,0.0,0.0,False,2017-07
2017-07-01,MRK,skip,0.0,0,0.4052,0.0,0.0,False,2017-07
2017-07-01,MS,buy_call,1.0656,1,5.2513,4.1857,0.041857,False,2017-07
2017-07-01,MSFT,skip,0.0,0,5.4693,0.0,0.0,False,2017-07
2017-07-01,NEE,skip,0.0,0,4.2532,0.0,0.0,False,2017-07
2017-07-01,NFLX,skip,0.0,0,21.5849,0.0,0.0,False,2017-07
2017-07-01,NKE,buy_call,1.3651,1,0.4259,-0.9392,-0.009392,False,2017-07
2017-07-01,NVDA,buy_call,2.0979,1,12.417,10.3191,0.103191,False,2017-07
2017-07-01,ORCL,buy_call,1.3989,1,-0.4188,-1.3989,-0.013989,False,2017-07
2017-07-01,PEP,skip,0.0,0,0.9698,0.0,0.0,False,2017-07
2017-07-01,PFE,buy_call,1.0997,1,-1.2801,-1.0997,-0.010997,False,2017-07
2017-07-01,PG,skip,0.0,0,4.2111,0.0,0.0,False,2017-07
2017-07-01,PM,skip,0.0,0,0.2235,0.0,0.0,False,2017-07
2017-07-01,PYPL,buy_call,1.055,1,9.0926,8.0376,0.080376,False,2017-07
2017-07-01,QCOM,skip,0.0,0,-3.6762,0.0,0.0,False,2017-07
2017-07-01,SBUX,skip,0.0,0,-7.4258,0.0,0.0,False,2017-07
2017-07-01,SCHW,buy_call,1.0656,1,-0.1397,-1.0656,-0.010656,False,2017-07
2017-07-01,SLB,skip,0.0,0,4.192,0.0,0.0,False,2017-07
2017-07-01,SO,skip,0.0,0,0.1044,0.0,0.0,False,2017-07
2017-07-01,SPG,buy_call,1.1749,1,-2.0153,-1.1749,-0.011749,False,2017-07
2017-07-01,SYK,skip,0.0,0,6.3188,0.0,0.0,False,2017-07
2017-07-01,T,skip,0.0,0,3.366,0.0,0.0,False,2017-07
2017-07-01,TGT,skip,0.0,0,8.3764,0.0,0.0,False,2017-07
2017-07-01,TMO,buy_call,1.1003,1,0.6947,-0.4056,-0.004056,False,2017-07
2017-07-01,TMUS,skip,0.0,0,1.7156,0.0,0.0,False,2017-07
2017-07-01,TXN,skip,0.0,0,5.7845,0.0,0.0,False,2017-07
2017-07-01,UNH,buy_call,1.1567,1,3.8734,2.7167,0.027167,False,2017-07
2017-07-01,UNP,skip,0.0,0,-5.4632,0.0,0.0,False,2017-07
2017-07-01,USB,buy_call,1.0656,1,2.213,1.1473,0.011473,False,2017-07
2017-07-01,V,skip,0.0,0,6.1634,0.0,0.0,False,2017-07
2017-07-01,VZ,skip,0.0,0,8.3744,0.0,0.0,False,2017-07
2017-07-01,WFC,buy_call,1.3549,1,-2.653,-1.3549,-0.013549,False,2017-07
2017-07-01,WMT,skip,0.0,0,5.6951,0.0,0.0,False,2017-07
2017-07-01,XOM,buy_call,1.2574,1,-0.8547,-1.2574,-0.012574,False,2017-07
2017-08-01,AAPL,buy_call,1.2632,1,10.2669,9.0037,0.090037,False,2017-08
2017-08-01,ABBV,skip,0.0,0,8.6781,0.0,0.0,False,2017-08
2017-08-01,ABT,buy_call,0.9877,1,4.1519,3.1642,0.031642,False,2017-08
2017-08-01,ADBE,buy_call,1.1544,1,5.9185,4.7641,0.047641,False,2017-08
2017-08-01,ADP,buy_call,1.2126,1,-10.4617,-1.2126,-0.012126,False,2017-08
2017-08-01,AMAT,buy_call,1.6761,1,1.828,0.1519,0.001519,False,2017-08
2017-08-01,AMGN,buy_call,1.1351,1,1.8681,0.733,0.00733,False,2017-08
2017-08-01,AMT,buy_call,1.2126,1,8.5968,7.3841,0.073841,False,2017-08
2017-08-01,AMZN,buy_call,1.5367,1,-0.7269,-1.5367,-0.015367,False,2017-08
2017-08-01,AVGO,buy_call,1.6761,1,2.1933,0.5172,0.005172,False,2017-08
2017-08-01,AXP,buy_call,1.089,1,1.402,0.3131,0.003131,False,2017-08
2017-08-01,BA,buy_call,1.2048,1,-1.1548,-1.2048,-0.012048,False,2017-08
2017-08-01,BAC,skip,0.0,0,-0.9535,0.0,0.0,False,2017-08
2017-08-01,BDX,buy_call,0.9877,1,-0.9732,-0.9877,-0.009877,False,2017-08
2017-08-01,BLK,buy_call,1.0999,1,-1.763,-1.0999,-0.010999,False,2017-08
2017-08-01,BMY,buy_call,1.1351,1,7.0336,5.8985,0.058985,False,2017-08
2017-08-01,BRK-B,buy_call,0.7265,1,3.5378,2.8113,0.028113,False,2017-08
2017-08-01,C,buy_call,1.2048,1,-0.6136,-1.2048,-0.012048,False,2017-08
2017-08-01,CAT,buy_call,1.2978,1,3.8509,2.553,0.02553,False,2017-08
2017-08-01,CHTR,buy_call,1.2452,1,1.6762,0.431,0.00431,False,2017-08
2017-08-01,CL,skip,0.0,0,-0.2231,0.0,0.0,False,2017-08
2017-08-01,CMCSA,buy_call,1.2452,1,0.3955,-0.8496,-0.008496,False,2017-08
2017-08-01,COST,skip,0.0,0,-1.1166,0.0,0.0,False,2017-08
2017-08-01,CRM,buy_call,1.5641,1,5.1652,3.6011,0.036011,False,2017-08
2017-08-01,CSCO,buy_call,1.2126,1,3.3734,2.1608,0.021608,False,2017-08
2017-08-01,CTSH,buy_call,1.2126,1,2.0917,0.8791,0.008791,False,2017-08
2017-08-01,CVS,skip,0.0,0,-2.6111,0.0,0.0,False,2017-08
2017-08-01,CVX,buy_call,1.2302,1,-1.4379,-1.2302,-0.012302,False,2017-08
2017-08-01,DHR,skip,0.0,0,2.3684,0.0,0.0,False,2017-08
2017-08-01,DIS,buy_call,1.3356,1,-7.2566,-1.3356,-0.013356,False,2017-08
2017-08-01,DUK,buy_call,0.793,1,2.5611,1.7681,0.017681,False,2017-08
2017-08-01,ELV,skip,0.0,0,5.279,0.0,0.0,False,2017-08
2017-08-01,EOG,buy_call,1.2978,1,-10.5025,-1.2978,-0.012978,False,2017-08
2017-08-01,EQIX,buy_call,1.2126,1,3.9225,2.7099,0.027099,False,2017-08
2017-08-01,FDX,skip,0.0,0,3.0524,0.0,0.0,False,2017-08
2017-08-01,GE,skip,0.0,0,-4.139,0.0,0.0,False,2017-08
2017-08-01,GILD,buy_call,1.1351,1,10.0145,8.8794,0.088794,False,2017-08
2017-08-01,GM,buy_call,1.2978,1,1.5564,0.2586,0.002586,False,2017-08
2017-08-01,GOOGL,buy_call,1.3999,1,1.0301,-0.3697,-0.003697,False,2017-08
2017-08-01,GS,buy_call,1.0999,1,-0.7056,-1.0999,-0.010999,False,2017-08
2017-08-01,HD,skip,0.0,0,0.1805,0.0,0.0,False,2017-08
2017-08-01,HON,buy_call,1.2126,1,1.5795,0.3668,0.003668,False,2017-08
2017-08-01,IBM,skip,0.0,0,-1.1336,0.0,0.0,False,2017-08
2017-08-01,INTC,buy_call,1.6761,1,-1.1277,-1.6761,-0.016761,False,2017-08
2017-08-01,ISRG,buy_call,0.9877,1,7.078,6.0903,0.060903,False,2017-08
2017-08-01,ITW,skip,0.0,0,-2.2742,0.0,0.0,False,2017-08
2017-08-01,JNJ,buy_call,0.8261,1,-0.2638,-0.8261,-0.008261,False,2017-08
2017-08-01,JPM,buy_call,1.0999,1,-0.4467,-1.0999,-0.010999,False,2017-08
2017-08-01,KO,buy_call,0.793,1,-0.6326,-0.793,-0.00793,False,2017-08
2017-08-01,LLY,buy_call,1.4137,1,-1.6574,-1.4137,-0.014137,False,2017-08
2017-08-01,LMT,buy_call,1.2978,1,4.539,3.2412,0.032412,False,2017-08
2017-08-01,LOW,skip,0.0,0,-4.0018,0.0,0.0,False,2017-08
2017-08-01,MA,buy_call,1.089,1,4.4939,3.405,0.03405,False,2017-08
2017-08-01,MCD,buy_call,0.793,1,3.1133,2.3202,0.023202,False,2017-08
2017-08-01,MDLZ,buy_call,0.8971,1,-7.6329,-0.8971,-0.008971,False,2017-08
2017-08-01,MDT,skip,0.0,0,-3.4897,0.0,0.0,False,2017-08
2017-08-01,MET,buy_call,1.0999,1,-4.4668,-1.0999,-0.010999,False,2017-08
2017-08-01,META,buy_call,1.7422,1,1.6071,-0.1352,-0.001352,False,2017-08
2017-08-01,MMM,skip,0.0,0,1.5658,0.0,0.0,False,2017-08
2017-08-01,MO,skip,0.0,0,-2.4165,0.0,0.0,False,2017-08
2017-08-01,MRK,buy_call,1.092,1,-0.0313,-1.092,-0.01092,False,2017-08
2017-08-01,MS,buy_call,1.0999,1,-2.4686,-1.0999,-0.010999,False,2017-08
2017-08-01,MSFT,buy_call,1.1544,1,2.8473,1.693,0.01693,False,2017-08
2017-08-01,NEE,buy_call,0.793,1,3.0256,2.2325,0.022325,False,2017-08
2017-08-01,NFLX,buy_call,1.7963,1,-3.8258,-1.7963,-0.017963,False,2017-08
2017-08-01,NKE,buy_call,1.409,1,-10.5673,-1.409,-0.01409,False,2017-08
2017-08-01,NVDA,buy_call,2.1653,1,4.2644,2.0991,0.020991,False,2017-08
2017-08-01,ORCL,skip,0.0,0,1.1814,0.0,0.0,False,2017-08
2017-08-01,PEP,buy_call,0.8971,1,-0.7547,-0.8971,-0.008971,False,2017-08
2017-08-01,PFE,skip,0.0,0,2.2919,0.0,0.0,False,2017-08
2017-08-01,PG,buy_call,0.8431,1,2.3936,1.5506,0.015506,False,2017-08
2017-08-01,PM,buy_call,0.8971,1,0.1885,-0.7086,-0.007086,False,2017-08
2017-08-01,PYPL,buy_call,1.089,1,5.3459,4.2569,0.042569,False,2017-08
2017-08-01,QCOM,skip,0.0,0,-1.7297,0.0,0.0,False,2017-08
2017-08-01,SBUX,skip,0.0,0,1.6302,0.0,0.0,False,2017-08
2017-08-01,SCHW,skip,0.0,0,-6.993,0.0,0.0,False,2017-08
2017-08-01,SLB,buy_call,1.2978,1,-7.4198,-1.2978,-0.012978,False,2017-08
2017-08-01,SO,buy_call,0.793,1,0.6885,-0.1045,-0.001045,False,2017-08
2017-08-01,SPG,skip,0.0,0,-1.041,0.0,0.0,False,2017-08
2017-08-01,SYK,buy_call,0.9877,1,-3.8953,-0.9877,-0.009877,False,2017-08
2017-08-01,T,buy_call,1.2452,1,-2.2858,-1.2452,-0.012452,False,2017-08
2017-08-01,TGT,buy_call,0.9829,1,-3.7763,-0.9829,-0.009829,False,2017-08
2017-08-01,TMO,buy_call,1.1357,1,6.6142,5.4786,0.054786,False,2017-08
2017-08-01,TMUS,buy_call,1.2452,1,4.9465,3.7013,0.037013,False,2017-08
2017-08-01,TXN,buy_call,1.6761,1,2.3898,0.7137,0.007137,False,2017-08
2017-08-01,UNH,buy_call,1.1939,1,3.6964,2.5025,0.025025,False,2017-08
2017-08-01,UNP,skip,0.0,0,2.2727,0.0,0.0,False,2017-08
2017-08-01,USB,buy_call,1.0999,1,-2.8988,-1.0999,-0.010999,False,2017-08
2017-08-01,V,buy_call,1.0241,1,3.9775,2.9534,0.029534,False,2017-08
2017-08-01,VZ,buy_call,1.2452,1,0.4114,-0.8337,-0.008337,False,2017-08
2017-08-01,WFC,skip,0.0,0,-5.3207,0.0,0.0,False,2017-08
2017-08-01,WMT,buy_call,0.9829,1,-2.4003,-0.9829,-0.009829,False,2017-08
2017-08-01,XOM,skip,0.0,0,-4.6351,0.0,0.0,False,2017-08
2017-09-01,AAPL,buy_call,1.1344,1,-5.6553,-1.1344,-0.011344,False,2017-09
2017-09-01,ABBV,buy_call,1.0193,1,18.008,16.9886,0.169886,False,2017-09
2017-09-01,ABT,buy_call,0.8869,1,4.7507,3.8637,0.038637,False,2017-09
2017-09-01,ADBE,buy_call,1.0366,1,-3.8541,-1.0366,-0.010366,False,2017-09
2017-09-01,ADP,skip,0.0,0,2.6768,0.0,0.0,False,2017-09
2017-09-01,AMAT,buy_call,1.5052,1,15.7149,14.2097,0.142097,False,2017-09
2017-09-01,AMGN,buy_call,1.0193,1,5.5901,4.5707,0.045707,False,2017-09
2017-09-01,AMT,buy_call,1.089,1,-7.6798,-1.089,-0.01089,False,2017-09
2017-09-01,AMZN,skip,0.0,0,-1.9631,0.0,0.0,False,2017-09
2017-09-01,AVGO,buy_call,1.5052,1,-3.7807,-1.5052,-0.015052,False,2017-09
2017-09-01,AXP,buy_call,0.9779,1,5.0639,4.086,0.04086,False,2017-09
2017-09-01,BA,skip,0.0,0,6.7038,0.0,0.0,False,2017-09
2017-09-01,BAC,skip,0.0,0,6.612,0.0,0.0,False,2017-09
2017-09-01,BDX,skip,0.0,0,-1.7499,0.0,0.0,False,2017-09
2017-09-01,BLK,skip,0.0,0,7.3463,0.0,0.0,False,2017-09
2017-09-01,BMY,buy_call,1.0193,1,5.3902,4.3709,0.043709,False,2017-09
2017-09-01,BRK-B,buy_call,0.6524,1,1.1923,0.5399,0.005399,False,2017-09
2017-09-01,C,skip,0.0,0,7.4186,0.0,0.0,False,2017-09
2017-09-01,CAT,buy_call,1.1655,1,6.1452,4.9797,0.049797,False,2017-09
2017-09-01,CHTR,buy_call,1.1182,1,-8.8122,-1.1182,-0.011182,False,2017-09
2017-09-01,CL,skip,0.0,0,1.689,0.0,0.0,False,2017-09
2017-09-01,CMCSA,buy_call,1.1182,1,-5.245,-1.1182,-0.011182,False,2017-09
2017-09-01,COST,skip,0.0,0,5.152,0.0,0.0,False,2017-09
2017-09-01,CRM,buy_call,1.4046,1,-2.1678,-1.4046,-0.014046,False,2017-09
2017-09-01,CSCO,buy_call,1.089,1,4.4086,3.3196,0.033196,False,2017-09
2017-09-01,CTSH,buy_call,1.089,1,2.7199,1.631,0.01631,False,2017-09
2017-09-01,CVS,skip,0.0,0,5.1461,0.0,0.0,False,2017-09
2017-09-01,CVX,skip,0.0,0,10.2774,0.0,0.0,False,2017-09
2017-09-01,DHR,buy_call,0.8869,1,2.8291,1.9421,0.019421,False,2017-09
2017-09-01,DIS,skip,0.0,0,-2.5988,0.0,0.0,False,2017-09
2017-09-01,DUK,buy_call,0.7122,1,-2.8769,-0.7122,-0.007122,False,2017-09
2017-09-01,ELV,buy_call,1.0721,1,-3.1422,-1.0721,-0.010721,False,2017-09
2017-09-01,EOG,skip,0.0,0,13.8252,0.0,0.0,False,2017-09
2017-09-01,EQIX,buy_call,1.089,1,-4.2949,-1.089,-0.01089,False,2017-09
2017-09-01,FDX,buy_call,1.089,1,5.2244,4.1354,0.041354,False,2017-09
2017-09-01,GE,skip,0.0,0,-1.5071,0.0,0.0,False,2017-09
2017-09-01,GILD,buy_call,1.0193,1,-3.2135,-1.0193,-0.010193,False,2017-09
2017-09-01,GM,buy_call,1.1655,1,10.5091,9.3436,0.093436,False,2017-09
2017-09-01,GOOGL,buy_call,1.2571,1,1.9346,0.6775,0.006775,False,2017-09
2017-09-01,GS,skip,0.0,0,6.3735,0.0,0.0,False,2017-09
2017-09-01,HD,buy_call,1.0083,1,9.7799,8.7716,0.087716,False,2017-09
2017-09-01,HON,buy_call,1.089,1,3.0081,1.9191,0.019191,False,2017-09
2017-09-01,IBM,skip,0.0,0,2.505,0.0,0.0,False,2017-09
2017-09-01,INTC,skip,0.0,0,9.3979,0.0,0.0,False,2017-09
2017-09-01,ISRG,buy_call,0.8869,1,4.1018,3.2149,0.032149,False,2017-09
2017-09-01,ITW,skip,0.0,0,7.5995,0.0,0.0,False,2017-09
2017-09-01,JNJ,skip,0.0,0,-1.1581,0.0,0.0,False,2017-09
2017-09-01,JPM,skip,0.0,0,5.0831,0.0,0.0,False,2017-09
2017-09-01,KO,skip,0.0,0,-1.1855,0.0,0.0,False,2017-09
2017-09-01,LLY,skip,0.0,0,5.8993,0.0,0.0,False,2017-09
2017-09-01,LMT,buy_call,1.1655,1,2.2082,1.0427,0.010427,False,2017-09
2017-09-01,LOW,skip,0.0,0,8.1878,0.0,0.0,False,2017-09
2017-09-01,MA,buy_call,0.9779,1,5.9264,4.9485,0.049485,False,2017-09
2017-09-01,MCD,buy_call,0.7122,1,-1.4755,-0.7122,-0.007122,False,2017-09
2017-09-01,MDLZ,skip,0.0,0,0.0,0.0,0.0,False,2017-09
2017-09-01,MDT,skip,0.0,0,-3.5351,0.0,0.0,False,2017-09
2017-09-01,MET,skip,0.0,0,11.7388,0.0,0.0,False,2017-09
2017-09-01,META,buy_call,1.5645,1,-0.6396,-1.5645,-0.015645,False,2017-09
2017-09-01,MMM,buy_call,1.089,1,3.3219,2.2329,0.022329,False,2017-09
2017-09-01,MO,skip,0.0,0,0.0315,0.0,0.0,False,2017-09
2017-09-01,MRK,skip,0.0,0,0.2662,0.0,0.0,False,2017-09
2017-09-01,MS,skip,0.0,0,5.8681,0.0,0.0,False,2017-09
2017-09-01,MSFT,buy_call,1.0366,1,0.1563,-0.8803,-0.008803,False,2017-09
2017-09-01,NEE,buy_call,0.7122,1,-1.9924,-0.7122,-0.007122,False,2017-09
2017-09-01,NFLX,skip,0.0,0,3.8006,0.0,0.0,False,2017-09
2017-09-01,NKE,skip,0.0,0,-1.4805,0.0,0.0,False,2017-09
2017-09-01,NVDA,buy_call,1.9445,1,5.5993,3.6548,0.036548,False,2017-09
2017-09-01,ORCL,buy_call,1.2967,1,-3.934,-1.2967,-0.012967,False,2017-09
2017-09-01,PEP,skip,0.0,0,-3.0418,0.0,0.0,False,2017-09
2017-09-01,PFE,buy_call,1.0193,1,6.2757,5.2564,0.052564,False,2017-09
2017-09-01,PG,buy_call,0.7571,1,-1.3981,-0.7571,-0.007571,False,2017-09
2017-09-01,PM,buy_call,0.8056,1,-5.0629,-0.8056,-0.008056,False,2017-09
2017-09-01,PYPL,buy_call,0.9779,1,3.81,2.8321,0.028321,False,2017-09
2017-09-01,QCOM,skip,0.0,0,0.2759,0.0,0.0,False,2017-09
2017-09-01,SBUX,buy_call,0.7122,1,-1.6543,-0.7122,-0.007122,False,2017-09
2017-09-01,SCHW,skip,0.0,0,9.8298,0.0,0.0,False,2017-09
2017-09-01,SLB,skip,0.0,0,9.841,0.0,0.0,False,2017-09
2017-09-01,SO,buy_call,0.7122,1,3.0434,2.3312,0.023312,False,2017-09
2017-09-01,SPG,skip,0.0,0,3.8177,0.0,0.0,False,2017-09
2017-09-01,SYK,skip,0.0,0,0.4598,0.0,0.0,False,2017-09
2017-09-01,T,skip,0.0,0,4.5649,0.0,0.0,False,2017-09
2017-09-01,TGT,skip,0.0,0,9.4349,0.0,0.0,False,2017-09
2017-09-01,TMO,buy_call,1.0198,1,1.1008,0.0809,0.000809,False,2017-09
2017-09-01,TMUS,buy_call,1.1182,1,-4.7133,-1.1182,-0.011182,False,2017-09
2017-09-01,TXN,buy_call,1.5052,1,8.2347,6.7295,0.067295,False,2017-09
2017-09-01,UNH,buy_call,1.0721,1,-1.5335,-1.0721,-0.010721,False,2017-09
2017-09-01,UNP,buy_call,1.1655,1,10.774,9.6085,0.096085,False,2017-09
2017-09-01,USB,skip,0.0,0,4.5659,0.0,0.0,False,2017-09
2017-09-01,V,buy_call,0.9197,1,1.8253,0.9056,0.009056,False,2017-09
2017-09-01,VZ,buy_call,1.1182,1,3.1686,2.0505,0.020505,False,2017-09
2017-09-01,WFC,skip,0.0,0,8.7735,0.0,0.0,False,2017-09
2017-09-01,WMT,skip,0.0,0,0.7192,0.0,0.0,False,2017-09
2017-09-01,XOM,skip,0.0,0,8.443,0.0,0.0,False,2017-09
2017-10-01,AAPL,skip,0.0,0,9.6807,0.0,0.0,False,2017-10
2017-10-01,ABBV,buy_call,1.0911,1,1.5642,0.4731,0.004731,False,2017-10
2017-10-01,ABT,buy_call,0.9494,1,1.6305,0.681,0.00681,False,2017-10
2017-10-01,ADBE,skip,0.0,0,17.4152,0.0,0.0,False,2017-10
2017-10-01,ADP,buy_call,1.1657,1,6.9123,5.7466,0.057466,False,2017-10
2017-10-01,AMAT,buy_call,1.6112,1,8.3317,6.7205,0.067205,False,2017-10
2017-10-01,AMGN,buy_call,1.0911,1,-6.0231,-1.0911,-0.010911,False,2017-10
2017-10-01,AMT,skip,0.0,0,5.6316,0.0,0.0,False,2017-10
2017-10-01,AMZN,skip,0.0,0,14.9717,0.0,0.0,False,2017-10
2017-10-01,AVGO,skip,0.0,0,9.2557,0.0,0.0,False,2017-10
2017-10-01,AXP,buy_call,1.0468,1,5.5936,4.5468,0.045468,False,2017-10
2017-10-01,BA,buy_call,1.1581,1,1.483,0.3249,0.003249,False,2017-10
2017-10-01,BAC,buy_call,1.2344,1,8.09,6.8555,0.068555,False,2017-10
2017-10-01,BDX,skip,0.0,0,6.8831,0.0,0.0,False,2017-10
2017-10-01,BLK,buy_call,1.0573,1,5.3099,4.2525,0.042525,False,2017-10
2017-10-01,BMY,buy_call,1.0911,1,-3.2632,-1.0911,-0.010911,False,2017-10
2017-10-01,BRK-B,buy_call,0.6984,1,1.9747,1.2763,0.012763,False,2017-10
2017-10-01,C,buy_call,1.1581,1,1.0448,-0.1133,-0.001133,False,2017-10
2017-10-01,CAT,buy_call,1.2476,1,8.8926,7.645,0.07645,False,2017-10
2017-10-01,CHTR,skip,0.0,0,-8.0485,0.0,0.0,False,2017-10
2017-10-01,CL,buy_call,0.8104,1,-3.2944,-0.8104,-0.008104,False,2017-10
2017-10-01,CMCSA,skip,0.0,0,-6.3669,0.0,0.0,False,2017-10
2017-10-01,COST,buy_call,0.9954,1,-1.9539,-0.9954,-0.009954,False,2017-10
2017-10-01,CRM,skip,0.0,0,9.5483,0.0,0.0,False,2017-10
2017-10-01,CSCO,buy_call,1.1657,1,1.5462,0.3805,0.003805,False,2017-10
2017-10-01,CTSH,buy_call,1.1657,1,4.3149,3.1492,0.031492,False,2017-10
2017-10-01,CVS,buy_call,1.1477,1,-15.728,-1.1477,-0.011477,False,2017-10
2017-10-01,CVX,buy_call,1.1825,1,-1.3702,-1.1825,-0.011825,False,2017-10
2017-10-01,DHR,buy_call,0.9494,1,7.7423,6.7929,0.067929,False,2017-10
2017-10-01,DIS,skip,0.0,0,-0.771,0.0,0.0,False,2017-10
2017-10-01,DUK,skip,0.0,0,5.2312,0.0,0.0,False,2017-10
2017-10-01,ELV,skip,0.0,0,10.5798,0.0,0.0,False,2017-10
2017-10-01,EOG,buy_call,1.2476,1,3.2355,1.9879,0.019879,False,2017-10
2017-10-01,EQIX,skip,0.0,0,3.8539,0.0,0.0,False,2017-10
2017-10-01,FDX,buy_call,1.1657,1,0.3368,-0.8289,-0.008289,False,2017-10
2017-10-01,GE,skip,0.0,0,-15.7922,0.0,0.0,False,2017-10
2017-10-01,GILD,skip,0.0,0,-6.9011,0.0,0.0,False,2017-10
2017-10-01,GM,buy_call,1.2476,1,7.5234,6.2758,0.062758,False,2017-10
2017-10-01,GOOGL,buy_call,1.3457,1,6.0921,4.7464,0.047464,False,2017-10
2017-10-01,GS,buy_call,1.0573,1,2.2303,1.1729,0.011729,False,2017-10
2017-10-01,HD,buy_call,1.0793,1,1.3573,0.2779,0.002779,False,2017-10
2017-10-01,HON,buy_call,1.1657,1,1.7074,0.5417,0.005417,False,2017-10
2017-10-01,IBM,buy_call,1.1657,1,6.1897,5.024,0.05024,False,2017-10
2017-10-01,INTC,buy_call,1.6112,1,19.4591,17.8478,0.178478,False,2017-10
2017-10-01,ISRG,buy_call,0.9494,1,7.6682,6.7188,0.067188,False,2017-10
2017-10-01,ITW,buy_call,1.1657,1,6.3467,5.181,0.05181,False,2017-10
2017-10-01,JNJ,skip,0.0,0,7.2302,0.0,0.0,False,2017-10
2017-10-01,JPM,buy_call,1.0573,1,5.3398,4.2824,0.042824,False,2017-10
2017-10-01,KO,skip,0.0,0,2.9679,0.0,0.0,False,2017-10
2017-10-01,LLY,buy_call,1.3589,1,-4.2085,-1.3589,-0.013589,False,2017-10
2017-10-01,LMT,buy_call,1.2476,1,-0.6864,-1.2476,-0.012476,False,2017-10
2017-10-01,LOW,buy_call,1.0793,1,0.0125,-1.0669,-0.010669,False,2017-10
2017-10-01,MA,buy_call,1.0468,1,5.3612,4.3144,0.043144,False,2017-10
2017-10-01,MCD,skip,0.0,0,6.5292,0.0,0.0,False,2017-10
2017-10-01,MDLZ,buy_call,0.8624,1,2.4493,1.5869,0.015869,False,2017-10
2017-10-01,MDT,skip,0.0,0,4.1515,0.0,0.0,False,2017-10
2017-10-01,MET,buy_call,1.0573,1,3.1376,2.0803,0.020803,False,2017-10
2017-10-01,META,skip,0.0,0,5.3783,0.0,0.0,False,2017-10
2017-10-01,MMM,buy_call,1.1657,1,9.6665,8.5008,0.085008,False,2017-10
2017-10-01,MO,buy_call,0.8624,1,2.342,1.4796,0.014796,False,2017-10
2017-10-01,MRK,buy_call,1.0497,1,-13.3399,-1.0497,-0.010497,False,2017-10
2017-10-01,MS,buy_call,1.0573,1,3.7991,2.7417,0.027417,False,2017-10
2017-10-01,MSFT,buy_call,1.1097,1,11.666,10.5563,0.105563,False,2017-10
2017-10-01,NEE,skip,0.0,0,5.8137,0.0,0.0,False,2017-10
2017-10-01,NFLX,buy_call,1.7267,1,8.3154,6.5887,0.065887,False,2017-10
2017-10-01,NKE,skip,0.0,0,6.056,0.0,0.0,False,2017-10
2017-10-01,NVDA,buy_call,2.0815,1,15.6849,13.6034,0.136034,False,2017-10
2017-10-01,ORCL,skip,0.0,0,5.274,0.0,0.0,False,2017-10
2017-10-01,PEP,skip,0.0,0,-1.0769,0.0,0.0,False,2017-10
2017-10-01,PFE,buy_call,1.0911,1,-1.7927,-1.0911,-0.010911,False,2017-10
2017-10-01,PG,skip,0.0,0,-5.1,0.0,0.0,False,2017-10
2017-10-01,PM,skip,0.0,0,-4.8391,0.0,0.0,False,2017-10
2017-10-01,PYPL,buy_call,1.0468,1,13.3219,12.2751,0.122751,False,2017-10
2017-10-01,QCOM,buy_call,1.6422,1,-1.6011,-1.6422,-0.016422,False,2017-10
2017-10-01,SBUX,skip,0.0,0,2.1038,0.0,0.0,False,2017-10
2017-10-01,SCHW,buy_call,1.0573,1,2.5148,1.4575,0.014575,False,2017-10
2017-10-01,SLB,buy_call,1.2476,1,-7.5289,-1.2476,-0.012476,False,2017-10
2017-10-01,SO,buy_call,0.7623,1,6.2271,5.4648,0.054648,False,2017-10
2017-10-01,SPG,buy_call,1.1657,1,-3.5277,-1.1657,-0.011657,False,2017-10
2017-10-01,SYK,buy_call,0.9494,1,9.3778,8.4283,0.084283,False,2017-10
2017-10-01,T,buy_call,1.1969,1,-14.0924,-1.1969,-0.011969,False,2017-10
2017-10-01,TGT,buy_call,0.9448,1,0.0509,-0.8939,-0.008939,False,2017-10
2017-10-01,TMO,buy_call,1.0917,1,2.5275,1.4358,0.014358,False,2017-10
2017-10-01,TMUS,skip,0.0,0,-3.0652,0.0,0.0,False,2017-10
2017-10-01,TXN,buy_call,1.6112,1,7.8648,6.2536,0.062536,False,2017-10
2017-10-01,UNH,skip,0.0,0,7.7446,0.0,0.0,False,2017-10
2017-10-01,UNP,buy_call,1.2476,1,-0.1552,-1.2476,-0.012476,False,2017-10
2017-10-01,USB,buy_call,1.0573,1,2.0395,0.9821,0.009821,False,2017-10
2017-10-01,V,buy_call,0.9844,1,4.504,3.5195,0.035195,False,2017-10
2017-10-01,VZ,buy_call,1.1969,1,-3.2734,-1.1969,-0.011969,False,2017-10
2017-10-01,WFC,buy_call,1.3444,1,1.7951,0.4507,0.004507,False,2017-10
2017-10-01,WMT,buy_call,0.9448,1,11.7353,10.7905,0.107905,False,2017-10
2017-10-01,XOM,buy_call,1.2476,1,1.6711,0.4235,0.004235,False,2017-10
2017-11-01,AAPL,buy_call,1.3455,1,1.6624,0.3168,0.003168,False,2017-11
2017-11-01,ABBV,buy_call,1.209,1,8.1398,6.9307,0.069307,False,2017-11
2017-11-01,ABT,buy_call,1.052,1,4.4546,3.4026,0.034026,False,2017-11
2017-11-01,ADBE,buy_call,1.2296,1,3.6024,2.3728,0.023728,False,2017-11
2017-11-01,ADP,buy_call,1.2917,1,-1.5483,-1.2917,-0.012917,False,2017-11
2017-11-01,AMAT,buy_call,1.7853,1,-6.4859,-1.7853,-0.017853,False,2017-11
2017-11-01,AMGN,skip,0.0,0,0.2511,0.0,0.0,False,2017-11
2017-11-01,AMT,buy_call,1.2917,1,0.1809,-1.1107,-0.011107,False,2017-11
2017-11-01,AMZN,buy_call,1.6368,1,6.4662,4.8294,0.048294,False,2017-11
2017-11-01,AVGO,buy_call,1.7853,1,5.3162,3.5309,0.035309,False,2017-11
2017-11-01,AXP,buy_call,1.1599,1,2.6876,1.5277,0.015277,False,2017-11
2017-11-01,BA,buy_call,1.2833,1,7.2951,6.0118,0.060118,False,2017-11
2017-11-01,BAC,buy_call,1.3678,1,2.8478,1.4799,0.014799,False,2017-11
2017-11-01,BDX,buy_call,1.052,1,9.3641,8.3121,0.083121,False,2017-11
2017-11-01,BLK,buy_call,1.1716,1,6.4482,5.2766,0.052766,False,2017-11
2017-11-01,BMY,skip,0.0,0,3.1024,0.0,0.0,False,2017-11
2017-11-01,BRK-B,buy_call,0.7738,1,3.247,2.4732,0.024732,False,2017-11
2017-11-01,C,buy_call,1.2833,1,2.7211,1.4378,0.014378,False,2017-11
2017-11-01,CAT,buy_call,1.3824,1,4.5596,3.1772,0.031772,False,2017-11
2017-11-01,CHTR,skip,0.0,0,-2.382,0.0,0.0,False,2017-11
2017-11-01,CL,skip,0.0,0,3.4044,0.0,0.0,False,2017-11
2017-11-01,CMCSA,skip,0.0,0,4.6263,0.0,0.0,False,2017-11
2017-11-01,COST,skip,0.0,0,14.4959,0.0,0.0,False,2017-11
2017-11-01,CRM,buy_call,1.666,1,1.9347,0.2687,0.002687,False,2017-11
2017-11-01,CSCO,buy_call,1.2917,1,10.1678,8.8762,0.088762,False,2017-11
2017-11-01,CTSH,buy_call,1.2917,1,-4.48,-1.2917,-0.012917,False,2017-11
2017-11-01,CVS,skip,0.0,0,12.5113,0.0,0.0,False,2017-11
2017-11-01,CVX,skip,0.0,0,2.6749,0.0,0.0,False,2017-11
2017-11-01,DHR,buy_call,1.052,1,2.2651,1.2131,0.012131,False,2017-11
2017-11-01,DIS,skip,0.0,0,7.1669,0.0,0.0,False,2017-11
2017-11-01,DUK,buy_call,0.8447,1,0.9851,0.1404,0.001404,False,2017-11
2017-11-01,ELV,buy_call,1.2717,1,12.3082,11.0365,0.110365,False,2017-11
2017-11-01,EOG,buy_call,1.3824,1,2.6316,1.2492,0.012492,False,2017-11
2017-11-01,EQIX,buy_call,1.2917,1,0.2136,-1.0781,-0.010781,False,2017-11
2017-11-01,FDX,buy_call,1.2917,1,2.5021,1.2104,0.012104,False,2017-11
2017-11-01,GE,skip,0.0,0,-9.2758,0.0,0.0,False,2017-11
2017-11-01,GILD,skip,0.0,0,-0.2401,0.0,0.0,False,2017-11
2017-11-01,GM,buy_call,1.3824,1,0.256,-1.1265,-0.011265,False,2017-11
2017-11-01,GOOGL,buy_call,1.4911,1,0.303,-1.1881,-0.011881,False,2017-11
2017-11-01,GS,buy_call,1.1716,1,2.128,0.9564,0.009564,False,2017-11
2017-11-01,HD,buy_call,1.196,1,8.4691,7.2731,0.072731,False,2017-11
2017-11-01,HON,buy_call,1.2917,1,8.1854,6.8937,0.068937,False,2017-11
2017-11-01,IBM,buy_call,1.2917,1,-0.0584,-1.2917,-0.012917,False,2017-11
2017-11-01,INTC,buy_call,1.7853,1,-1.4289,-1.7853,-0.017853,False,2017-11
2017-11-01,ISRG,buy_call,1.052,1,6.5057,5.4537,0.054537,False,2017-11
2017-11-01,ITW,buy_call,1.2917,1,8.1331,6.8415,0.068415,False,2017-11
2017-11-01,JNJ,buy_call,0.8799,1,-0.0574,-0.8799,-0.008799,False,2017-11
2017-11-01,JPM,buy_call,1.1716,1,4.4935,3.322,0.03322,False,2017-11
2017-11-01,KO,buy_call,0.8447,1,-0.4567,-0.8447,-0.008447,False,2017-11
2017-11-01,LLY,skip,0.0,0,3.295,0.0,0.0,False,2017-11
2017-11-01,LMT,skip,0.0,0,3.5566,0.0,0.0,False,2017-11
2017-11-01,LOW,buy_call,1.196,1,4.8121,3.6161,0.036161,False,2017-11
2017-11-01,MA,buy_call,1.1599,1,1.2995,0.1396,0.001396,False,2017-11
2017-11-01,MCD,buy_call,0.8447,1,3.0316,2.1869,0.021869,False,2017-11
2017-11-01,MDLZ,buy_call,0.9556,1,3.6447,2.6892,0.026892,False,2017-11
2017-11-01,MDT,buy_call,1.052,1,1.9995,0.9475,0.009475,False,2017-11
2017-11-01,MET,buy_call,1.1716,1,0.1866,-0.9849,-0.009849,False,2017-11
2017-11-01,META,buy_call,1.8557,1,-1.5995,-1.8557,-0.018557,False,2017-11
2017-11-01,MMM,buy_call,1.2917,1,5.6258,4.3342,0.043342,False,2017-11
2017-11-01,MO,buy_call,0.9556,1,5.6213,4.6657,0.046657,False,2017-11
2017-11-01,MRK,skip,0.0,0,0.3268,0.0,0.0,False,2017-11
2017-11-01,MS,buy_call,1.1716,1,3.7269,2.5553,0.025553,False,2017-11
2017-11-01,MSFT,buy_call,1.2296,1,1.1902,-0.0394,-0.000394,False,2017-11
2017-11-01,NEE,buy_call,0.8447,1,1.9153,1.0705,0.010705,False,2017-11
2017-11-01,NFLX,buy_call,1.9133,1,-4.5054,-1.9133,-0.019133,False,2017-11
2017-11-01,NKE,buy_call,1.5008,1,9.8745,8.3737,0.083737,False,2017-11
2017-11-01,NVDA,buy_call,2.3064,1,-2.9496,-2.3064,-0.023064,False,2017-11
2017-11-01,ORCL,buy_call,1.538,1,-3.2348,-1.538,-0.01538,False,2017-11
2017-11-01,PEP,skip,0.0,0,5.7062,0.0,0.0,False,2017-11
2017-11-01,PFE,skip,0.0,0,3.4227,0.0,0.0,False,2017-11
2017-11-01,PG,skip,0.0,0,5.0085,0.0,0.0,False,2017-11
2017-11-01,PM,skip,0.0,0,-1.8062,0.0,0.0,False,2017-11
2017-11-01,PYPL,buy_call,1.1599,1,4.3688,3.2089,0.032089,False,2017-11
2017-11-01,QCOM,skip,0.0,0,30.053,0.0,0.0,False,2017-11
2017-11-01,SBUX,buy_call,0.8447,1,5.434,4.5893,0.045893,False,2017-11
2017-11-01,SCHW,buy_call,1.1716,1,8.8091,7.6375,0.076375,False,2017-11
2017-11-01,SLB,skip,0.0,0,-1.7969,0.0,0.0,False,2017-11
2017-11-01,SO,buy_call,0.8447,1,-1.9157,-0.8447,-0.008447,False,2017-11
2017-11-01,SPG,skip,0.0,0,4.1331,0.0,0.0,False,2017-11
2017-11-01,SYK,buy_call,1.052,1,0.7297,-0.3224,-0.003224,False,2017-11
2017-11-01,T,skip,0.0,0,9.9178,0.0,0.0,False,2017-11
2017-11-01,TGT,buy_call,1.0469,1,1.4566,0.4097,0.004097,False,2017-11
2017-11-01,TMO,buy_call,1.2097,1,-0.552,-1.2097,-0.012097,False,2017-11
2017-11-01,TMUS,skip,0.0,0,2.175,0.0,0.0,False,2017-11
2017-11-01,TXN,buy_call,1.7853,1,1.2645,-0.5208,-0.005208,False,2017-11
2017-11-01,UNH,buy_call,1.2717,1,8.5387,7.267,0.07267,False,2017-11
2017-11-01,UNP,skip,0.0,0,9.2495,0.0,0.0,False,2017-11
2017-11-01,USB,buy_call,1.1716,1,1.416,0.2444,0.002444,False,2017-11
2017-11-01,V,buy_call,1.0908,1,2.3731,1.2823,0.012823,False,2017-11
2017-11-01,VZ,skip,0.0,0,7.5841,0.0,0.0,False,2017-11
2017-11-01,WFC,buy_call,1.4896,1,0.5878,-0.9018,-0.009018,False,2017-11
2017-11-01,WMT,buy_call,1.0469,1,11.3618,10.3149,0.103149,False,2017-11
2017-11-01,XOM,buy_call,1.3824,1,-0.072,-1.3824,-0.013824,False,2017-11
2017-12-01,AAPL,buy_call,1.3169,1,-1.1706,-1.3169,-0.013169,False,2017-12
2017-12-01,ABBV,buy_call,1.1833,1,-0.2167,-1.1833,-0.011833,False,2017-12
2017-12-01,ABT,buy_call,1.0296,1,1.2418,0.2122,0.002122,False,2017-12
2017-12-01,ADBE,buy_call,1.2034,1,-3.4331,-1.2034,-0.012034,False,2017-12
2017-12-01,ADP,skip,0.0,0,2.3851,0.0,0.0,False,2017-12
2017-12-01,AMAT,skip,0.0,0,-2.9618,0.0,0.0,False,2017-12
2017-12-01,AMGN,buy_call,1.1833,1,-0.3252,-1.1833,-0.011833,False,2017-12
2017-12-01,AMT,buy_call,1.2642,1,-0.8754,-1.2642,-0.012642,False,2017-12
2017-12-01,AMZN,buy_call,1.602,1,-0.6187,-1.602,-0.01602,False,2017-12
2017-12-01,AVGO,buy_call,1.7473,1,-7.57,-1.7473,-0.017473,False,2017-12
2017-12-01,AXP,buy_call,1.1352,1,1.6375,0.5023,0.005023,False,2017-12
2017-12-01,BA,buy_call,1.256,1,7.1154,5.8594,0.058594,False,2017-12
2017-12-01,BAC,buy_call,1.3387,1,5.2389,3.9002,0.039002,False,2017-12
2017-12-01,BDX,buy_call,1.0296,1,-6.2004,-1.0296,-0.010296,False,2017-12
2017-12-01,BLK,buy_call,1.1467,1,2.498,1.3514,0.013514,False,2017-12
2017-12-01,BMY,buy_call,1.1833,1,-3.0226,-1.1833,-0.011833,False,2017-12
2017-12-01,BRK-B,buy_call,0.7573,1,2.6993,1.942,0.01942,False,2017-12
2017-12-01,C,buy_call,1.256,1,-1.0199,-1.256,-0.01256,False,2017-12
2017-12-01,CAT,buy_call,1.353,1,11.6401,10.2871,0.102871,False,2017-12
2017-12-01,CHTR,skip,0.0,0,2.9889,0.0,0.0,False,2017-12
2017-12-01,CL,buy_call,0.8789,1,4.1408,3.2619,0.032619,False,2017-12
2017-12-01,CMCSA,buy_call,1.2981,1,6.6862,5.3882,0.053882,False,2017-12
2017-12-01,COST,buy_call,1.0795,1,1.2158,0.1363,0.001363,False,2017-12
2017-12-01,CRM,buy_call,1.6306,1,-2.0034,-1.6306,-0.016306,False,2017-12
2017-12-01,CSCO,buy_call,1.2642,1,2.6809,1.4168,0.014168,False,2017-12
2017-12-01,CTSH,skip,0.0,0,-1.5473,0.0,0.0,False,2017-12
2017-12-01,CVS,buy_call,1.2446,1,-5.3525,-1.2446,-0.012446,False,2017-12
2017-12-01,CVX,buy_call,1.2824,1,6.1954,4.913,0.04913,False,2017-12
2017-12-01,DHR,buy_call,1.0296,1,-1.6321,-1.0296,-0.010296,False,2017-12
2017-12-01,DIS,buy_call,1.3924,1,2.5663,1.1739,0.011739,False,2017-12
2017-12-01,DUK,buy_call,0.8267,1,-4.7492,-0.8267,-0.008267,False,2017-12
2017-12-01,ELV,buy_call,1.2446,1,-4.2348,-1.2446,-0.012446,False,2017-12
2017-12-01,EOG,buy_call,1.353,1,5.4633,4.1103,0.041103,False,2017-12
2017-12-01,EQIX,buy_call,1.2642,1,-2.0215,-1.2642,-0.012642,False,2017-12
2017-12-01,FDX,buy_call,1.2642,1,7.8113,6.5471,0.065471,False,2017-12
2017-12-01,GE,skip,0.0,0,-4.5927,0.0,0.0,False,2017-12
2017-12-01,GILD,skip,0.0,0,-4.199,0.0,0.0,False,2017-12
2017-12-01,GM,buy_call,1.353,1,-4.8735,-1.353,-0.01353,False,2017-12
2017-12-01,GOOGL,buy_call,1.4594,1,1.6629,0.2035,0.002035,False,2017-12
2017-12-01,GS,buy_call,1.1467,1,3.1984,2.0518,0.020518,False,2017-12
2017-12-01,HD,buy_call,1.1705,1,5.9338,4.7633,0.047633,False,2017-12
2017-12-01,HON,buy_call,1.2642,1,-1.164,-1.2642,-0.012642,False,2017-12
2017-12-01,IBM,skip,0.0,0,0.6387,0.0,0.0,False,2017-12
2017-12-01,INTC,skip,0.0,0,3.5538,0.0,0.0,False,2017-12
2017-12-01,ISRG,buy_call,1.0296,1,-8.7148,-1.0296,-0.010296,False,2017-12
2017-12-01,ITW,buy_call,1.2642,1,-1.418,-1.2642,-0.012642,False,2017-12
2017-12-01,JNJ,skip,0.0,0,0.894,0.0,0.0,False,2017-12
2017-12-01,JPM,buy_call,1.1467,1,2.3154,1.1687,0.011687,False,2017-12
2017-12-01,KO,skip,0.0,0,1.0621,0.0,0.0,False,2017-12
2017-12-01,LLY,buy_call,1.4737,1,0.4176,-1.0562,-0.010562,False,2017-12
2017-12-01,LMT,buy_call,1.353,1,1.236,-0.117,-0.00117,False,2017-12
2017-12-01,LOW,buy_call,1.1705,1,11.4789,10.3084,0.103084,False,2017-12
2017-12-01,MA,buy_call,1.1352,1,0.5915,-0.5437,-0.005437,False,2017-12
2017-12-01,MCD,buy_call,0.8267,1,0.6838,-0.1429,-0.001429,False,2017-12
2017-12-01,MDLZ,buy_call,0.9353,1,-0.3261,-0.9353,-0.009353,False,2017-12
2017-12-01,MDT,buy_call,1.0296,1,-1.6802,-1.0296,-0.010296,False,2017-12
2017-12-01,MET,buy_call,1.1467,1,-5.1313,-1.1467,-0.011467,False,2017-12
2017-12-01,META,skip,0.0,0,-0.4064,0.0,0.0,False,2017-12
2017-12-01,MMM,buy_call,1.2642,1,-2.7074,-1.2642,-0.012642,False,2017-12
2017-12-01,MO,buy_call,0.9353,1,5.2779,4.3427,0.043427,False,2017-12
2017-12-01,MRK,buy_call,1.1384,1,1.8093,0.6709,0.006709,False,2017-12
2017-12-01,MS,buy_call,1.1467,1,1.6663,0.5197,0.005197,False,2017-12
2017-12-01,MSFT,buy_call,1.2034,1,2.138,0.9346,0.009346,False,2017-12
2017-12-01,NEE,buy_call,0.8267,1,-0.5447,-0.8267,-0.008267,False,2017-12
2017-12-01,NFLX,skip,0.0,0,2.335,0.0,0.0,False,2017-12
2017-12-01,NKE,buy_call,1.4689,1,3.5253,2.0564,0.020564,False,2017-12
2017-12-01,NVDA,skip,0.0,0,-3.5253,0.0,0.0,False,2017-12
2017-12-01,ORCL,skip,0.0,0,-3.6282,0.0,0.0,False,2017-12
2017-12-01,PEP,buy_call,0.9353,1,3.632,2.6967,0.026967,False,2017-12
2017-12-01,PFE,buy_call,1.1833,1,0.8024,-0.3809,-0.003809,False,2017-12
2017-12-01,PG,buy_call,0.8789,1,2.1002,1.2213,0.012213,False,2017-12
2017-12-01,PM,skip,0.0,0,2.8224,0.0,0.0,False,2017-12
2017-12-01,PYPL,buy_call,1.1352,1,-2.7862,-1.1352,-0.011352,False,2017-12
2017-12-01,QCOM,buy_call,1.781,1,-2.6831,-1.781,-0.01781,False,2017-12
2017-12-01,SBUX,buy_call,0.8267,1,-0.1483,-0.8267,-0.008267,False,2017-12
2017-12-01,SCHW,buy_call,1.1467,1,5.4785,4.3319,0.043319,False,2017-12
2017-12-01,SLB,skip,0.0,0,7.2236,0.0,0.0,False,2017-12
2017-12-01,SO,skip,0.0,0,-5.0135,0.0,0.0,False,2017-12
2017-12-01,SPG,buy_call,1.2642,1,7.4142,6.1501,0.061501,False,2017-12
2017-12-01,SYK,buy_call,1.0296,1,-0.7436,-1.0296,-0.010296,False,2017-12
2017-12-01,T,buy_call,1.2981,1,6.8719,5.5738,0.055738,False,2017-12
2017-12-01,TGT,buy_call,1.0246,1,10.0613,9.0367,0.090367,False,2017-12
2017-12-01,TMO,skip,0.0,0,-1.4941,0.0,0.0,False,2017-12
2017-12-01,TMUS,buy_call,1.2981,1,3.9954,2.6973,0.026973,False,2017-12
2017-12-01,TXN,buy_call,1.7473,1,7.3491,5.6017,0.056017,False,2017-12
2017-12-01,UNH,buy_call,1.2446,1,-3.0528,-1.2446,-0.012446,False,2017-12
2017-12-01,UNP,buy_call,1.353,1,6.6046,5.2516,0.052516,False,2017-12
2017-12-01,USB,buy_call,1.1467,1,-2.8468,-1.1467,-0.011467,False,2017-12
2017-12-01,V,buy_call,1.0676,1,1.4495,0.3819,0.003819,False,2017-12
2017-12-01,VZ,buy_call,1.2981,1,4.0086,2.7106,0.027106,False,2017-12
2017-12-01,WFC,buy_call,1.4579,1,8.1882,6.7303,0.067303,False,2017-12
2017-12-01,WMT,buy_call,1.0246,1,1.5633,0.5386,0.005386,False,2017-12
2017-12-01,XOM,skip,0.0,0,1.3496,0.0,0.0,False,2017-12
2018-01-01,AAPL,skip,0.0,0,-1.0637,0.0,0.0,False,2018-01
2018-01-01,ABBV,skip,0.0,0,16.0376,0.0,0.0,False,2018-01
2018-01-01,ABT,buy_call,1.2628,1,8.9189,7.6561,0.076561,False,2018-01
2018-01-01,ADBE,skip,0.0,0,13.9922,0.0,0.0,False,2018-01
2018-01-01,ADP,buy_call,1.5504,1,6.0718,4.5214,0.045214,False,2018-01
2018-01-01,AMAT,skip,0.0,0,4.91,0.0,0.0,False,2018-01
2018-01-01,AMGN,skip,0.0,0,6.9868,0.0,0.0,False,2018-01
2018-01-01,AMT,skip,0.0,0,4.0425,0.0,0.0,False,2018-01
2018-01-01,AMZN,skip,0.0,0,24.0639,0.0,0.0,False,2018-01
2018-01-01,AVGO,skip,0.0,0,-2.8127,0.0,0.0,False,2018-01
2018-01-01,AXP,buy_call,1.3923,1,0.0906,-1.3017,-0.013017,False,2018-01
2018-01-01,BA,buy_call,1.5404,1,20.1621,18.6217,0.186217,False,2018-01
2018-01-01,BAC,buy_call,1.6419,1,8.4011,6.7592,0.067592,False,2018-01
2018-01-01,BDX,skip,0.0,0,13.8817,0.0,0.0,False,2018-01
2018-01-01,BKNG,skip,0.0,0,10.0309,0.0,0.0,False,2018-01
2018-01-01,BLK,buy_call,1.4063,1,9.9095,8.5032,0.085032,False,2018-01
2018-01-01,BMY,skip,0.0,0,2.1541,0.0,0.0,False,2018-01
2018-01-01,BRK-B,buy_call,0.9288,1,8.1526,7.2237,0.072237,False,2018-01
2018-01-01,C,skip,0.0,0,5.4697,0.0,0.0,False,2018-01
2018-01-01,CAT,buy_call,1.6594,1,3.2999,1.6405,0.016405,False,2018-01
2018-01-01,CHTR,buy_call,1.592,1,12.2902,10.6981,0.106981,False,2018-01
2018-01-01,CL,buy_call,1.0779,1,-1.6037,-1.0779,-0.010779,False,2018-01
2018-01-01,CMCSA,buy_call,1.592,1,6.1922,4.6002,0.046002,False,2018-01
2018-01-01,CME,skip,0.0,0,8.0832,0.0,0.0,False,2018-01
2018-01-01,COST,buy_call,1.3239,1,4.7013,3.3773,0.033773,False,2018-01
2018-01-01,CRM,skip,0.0,0,11.4252,0.0,0.0,False,2018-01
2018-01-01,CSCO,buy_call,1.5504,1,8.4596,6.9092,0.069092,False,2018-01
2018-01-01,CSX,skip,0.0,0,3.1994,0.0,0.0,False,2018-01
2018-01-01,CVS,skip,0.0,0,8.5379,0.0,0.0,False,2018-01
2018-01-01,CVX,buy_call,1.5728,1,0.1278,-1.445,-0.01445,False,2018-01
2018-01-01,DHR,skip,0.0,0,9.278,0.0,0.0,False,2018-01
2018-01-01,DIS,buy_call,1.7077,1,1.8921,0.1844,0.001844,False,2018-01
2018-01-01,DUK,skip,0.0,0,-6.6698,0.0,0.0,False,2018-01
2018-01-01,ELV,skip,0.0,0,10.4835,0.0,0.0,False,2018-01
2018-01-01,EOG,buy_call,1.6594,1,6.5702,4.9109,0.049109,False,2018-01
2018-01-01,EQIX,skip,0.0,0,0.4347,0.0,0.0,False,2018-01
2018-01-01,FDX,buy_call,1.5504,1,5.4058,3.8553,0.038553,False,2018-01
2018-01-01,GE,skip,0.0,0,-6.6954,0.0,0.0,False,2018-01
2018-01-01,GILD,skip,0.0,0,17.7735,0.0,0.0,False,2018-01
2018-01-01,GM,skip,0.0,0,4.4055,0.0,0.0,False,2018-01
2018-01-01,GOOGL,buy_call,1.7898,1,12.229,10.4391,0.104391,False,2018-01
2018-01-01,GS,buy_call,1.4063,1,5.1539,3.7476,0.037476,False,2018-01
2018-01-01,HD,buy_call,1.4356,1,5.9991,4.5635,0.045635,False,2018-01
2018-01-01,HON,skip,0.0,0,4.1145,0.0,0.0,False,2018-01
2018-01-01,IBM,buy_call,1.5504,1,6.7006,5.1501,0.051501,False,2018-01
2018-01-01,ICE,skip,0.0,0,4.9433,0.0,0.0,False,2018-01
2018-01-01,INTC,buy_call,2.143,1,4.2894,2.1464,0.021464,False,2018-01
2018-01-01,ISRG,skip,0.0,0,18.2852,0.0,0.0,False,2018-01
2018-01-01,ITW,skip,0.0,0,4.5755,0.0,0.0,False,2018-01
2018-01-01,JNJ,buy_call,1.0562,1,-1.095,-1.0562,-0.010562,False,2018-01
2018-01-01,JPM,buy_call,1.4063,1,8.1635,6.7572,0.067572,False,2018-01
2018-01-01,KO,buy_call,1.014,1,3.7271,2.7132,0.027132,False,2018-01
2018-01-01,LLY,buy_call,1.8075,1,-3.5638,-1.8075,-0.018075,False,2018-01
2018-01-01,LMT,buy_call,1.6594,1,10.528,8.8686,0.088686,False,2018-01
2018-01-01,LOW,buy_call,1.4356,1,12.6856,11.25,0.1125,False,2018-01
2018-01-01,MA,buy_call,1.3923,1,11.6543,10.262,0.10262,False,2018-01
2018-01-01,MCD,buy_call,1.014,1,-0.5694,-1.014,-0.01014,False,2018-01
2018-01-01,MDLZ,skip,0.0,0,4.2687,0.0,0.0,False,2018-01
2018-01-01,MDT,skip,0.0,0,6.9672,0.0,0.0,False,2018-01
2018-01-01,MET,skip,0.0,0,-4.9248,0.0,0.0,False,2018-01
2018-01-01,META,skip,0.0,0,5.9107,0.0,0.0,False,2018-01
2018-01-01,MMM,skip,0.0,0,6.4282,0.0,0.0,False,2018-01
2018-01-01,MO,buy_call,1.147,1,-0.6108,-1.147,-0.01147,False,2018-01
2018-01-01,MRK,buy_call,1.3962,1,6.1916,4.7954,0.047954,False,2018-01
2018-01-01,MS,buy_call,1.4063,1,7.7759,6.3696,0.063696,False,2018-01
2018-01-01,MSFT,buy_call,1.4759,1,11.0708,9.5949,0.095949,False,2018-01
2018-01-01,MU,skip,0.0,0,6.3229,0.0,0.0,False,2018-01
2018-01-01,NEE,skip,0.0,0,1.4277,0.0,0.0,False,2018-01
2018-01-01,NFLX,buy_call,2.2967,1,40.8106,38.5139,0.385139,False,2018-01
2018-01-01,NKE,buy_call,1.8015,1,9.427,7.6255,0.076255,False,2018-01
2018-01-01,NVDA,skip,0.0,0,27.0284,0.0,0.0,False,2018-01
2018-01-01,ORCL,skip,0.0,0,9.1159,0.0,0.0,False,2018-01
2018-01-01,PEP,buy_call,1.147,1,0.3169,-0.8302,-0.008302,False,2018-01
2018-01-01,PFE,buy_call,1.4513,1,2.2639,0.8127,0.008127,False,2018-01
2018-01-01,PG,buy_call,1.0779,1,-6.0296,-1.0779,-0.010779,False,2018-01
2018-01-01,PM,buy_call,1.147,1,2.51,1.363,0.01363,False,2018-01
2018-01-01,PYPL,skip,0.0,0,15.8924,0.0,0.0,False,2018-01
2018-01-01,QCOM,skip,0.0,0,6.6073,0.0,0.0,False,2018-01
2018-01-01,SBUX,skip,0.0,0,-1.0796,0.0,0.0,False,2018-01
2018-01-01,SCHW,buy_call,1.4063,1,3.8349,2.4286,0.024286,False,2018-01
2018-01-01,SO,skip,0.0,0,-6.1967,0.0,0.0,False,2018-01
2018-01-01,SPGI,buy_call,1.4063,1,6.9067,5.5004,0.055004,False,2018-01
2018-01-01,SYK,skip,0.0,0,6.4828,0.0,0.0,False,2018-01
2018-01-01,T,buy_call,1.592,1,-3.678,-1.592,-0.01592,False,2018-01
2018-01-01,TJX,buy_call,1.2567,1,5.0484,3.7917,0.037917,False,2018-01
2018-01-01,TMO,skip,0.0,0,18.1197,0.0,0.0,False,2018-01
2018-01-01,TMUS,buy_call,1.592,1,2.5036,0.9115,0.009115,False,2018-01
2018-01-01,TXN,buy_call,2.143,1,5.0077,2.8646,0.028646,False,2018-01
2018-01-01,UNH,skip,0.0,0,7.4027,0.0,0.0,False,2018-01
2018-01-01,UNP,buy_call,1.6594,1,-0.4474,-1.6594,-0.016594,False,2018-01
2018-01-01,USB,skip,0.0,0,7.2393,0.0,0.0,False,2018-01
2018-01-01,V,buy_call,1.3094,1,8.9546,7.6452,0.076452,False,2018-01
2018-01-01,VZ,buy_call,1.592,1,2.1538,0.5617,0.005617,False,2018-01
2018-01-01,WFC,buy_call,1.7881,1,8.4226,6.6345,0.066345,False,2018-01
2018-01-01,WMT,buy_call,1.2567,1,8.5183,7.2616,0.072616,False,2018-01
2018-01-01,XOM,buy_call,1.6594,1,4.3759,2.7166,0.027166,False,2018-01
2018-02-01,AAPL,skip,0.0,0,6.3848,0.0,0.0,False,2018-02
2018-02-01,ABBV,buy_call,2.1276,1,3.9573,1.8298,0.018298,False,2018-02
2018-02-01,ABT,buy_call,1.8513,1,-2.4799,-1.8513,-0.018513,False,2018-02
2018-02-01,ADBE,buy_call,2.1638,1,4.6906,2.5269,0.025269,False,2018-02
2018-02-01,ADP,buy_call,2.273,1,-6.7217,-2.273,-0.02273,False,2018-02
2018-02-01,AMAT,buy_call,3.1417,1,7.3839,4.2422,0.042422,False,2018-02
2018-02-01,AMGN,buy_call,2.1276,1,-1.2254,-2.1276,-0.021276,False,2018-02
2018-02-01,AMT,buy_call,2.273,1,-5.6669,-2.273,-0.02273,False,2018-02
2018-02-01,AMZN,buy_call,2.8804,1,4.2429,1.3625,0.013625,False,2018-02
2018-02-01,AVGO,skip,0.0,0,-0.633,0.0,0.0,False,2018-02
2018-02-01,AXP,buy_call,2.0412,1,-1.5553,-2.0412,-0.020412,False,2018-02
2018-02-01,BA,buy_call,2.2582,1,2.2124,-0.0459,-0.000459,False,2018-02
2018-02-01,BAC,buy_call,2.407,1,0.3125,-2.0945,-0.020945,False,2018-02
2018-02-01,BDX,buy_call,1.8513,1,-8.6112,-1.8513,-0.018513,False,2018-02
2018-02-01,BKNG,buy_call,2.2582,1,6.3801,4.1218,0.041218,False,2018-02
2018-02-01,BLK,buy_call,2.0617,1,-2.2019,-2.0617,-0.020617,False,2018-02
2018-02-01,BMY,buy_call,2.1276,1,6.4447,4.3171,0.043171,False,2018-02
2018-02-01,BRK-B,buy_call,1.3617,1,-3.3492,-1.3617,-0.013617,False,2018-02
2018-02-01,C,buy_call,2.2582,1,-3.8099,-2.2582,-0.022582,False,2018-02
2018-02-01,CAT,buy_call,2.4327,1,-4.5659,-2.4327,-0.024327,False,2018-02
2018-02-01,CHTR,buy_call,2.3339,1,-9.3625,-2.3339,-0.023339,False,2018-02
2018-02-01,CL,skip,0.0,0,-6.6166,0.0,0.0,False,2018-02
2018-02-01,CMCSA,buy_call,2.3339,1,-14.5229,-2.3339,-0.023339,False,2018-02
2018-02-01,CME,buy_call,2.0617,1,8.2617,6.2,0.062,False,2018-02
2018-02-01,COST,buy_call,1.9409,1,-2.0372,-1.9409,-0.019409,False,2018-02
2018-02-01,CRM,buy_call,2.9317,1,2.0543,-0.8775,-0.008775,False,2018-02
2018-02-01,CSCO,buy_call,2.273,1,8.6038,6.3308,0.063308,False,2018-02
2018-02-01,CSX,buy_call,2.2582,1,-5.3726,-2.2582,-0.022582,False,2018-02
2018-02-01,CVS,buy_call,2.2378,1,-13.3931,-2.2378,-0.022378,False,2018-02
2018-02-01,CVX,buy_call,2.3058,1,-10.714,-2.3058,-0.023058,False,2018-02
2018-02-01,DHR,buy_call,1.8513,1,-3.4558,-1.8513,-0.018513,False,2018-02
2018-02-01,DIS,buy_call,2.5036,1,-5.0704,-2.5036,-0.025036,False,2018-02
2018-02-01,DUK,skip,0.0,0,-4.0255,0.0,0.0,False,2018-02
2018-02-01,ELV,buy_call,2.2378,1,-5.0313,-2.2378,-0.022378,False,2018-02
2018-02-01,EOG,buy_call,2.4327,1,-11.6804,-2.4327,-0.024327,False,2018-02
2018-02-01,EQIX,buy_call,2.273,1,-13.8602,-2.273,-0.02273,False,2018-02
2018-02-01,FDX,buy_call,2.273,1,-6.1224,-2.273,-0.02273,False,2018-02
2018-02-01,GE,skip,0.0,0,-12.7396,0.0,0.0,False,2018-02
2018-02-01,GILD,buy_call,2.1276,1,-6.0501,-2.1276,-0.021276,False,2018-02
2018-02-01,GM,buy_call,2.4327,1,-7.2153,-2.4327,-0.024327,False,2018-02
2018-02-01,GOOGL,buy_call,2.624,1,-6.6231,-2.624,-0.02624,False,2018-02
2018-02-01,GS,buy_call,2.0617,1,-1.8515,-2.0617,-0.020617,False,2018-02
2018-02-01,HD,buy_call,2.1046,1,-9.2733,-2.1046,-0.021046,False,2018-02
2018-02-01,HON,buy_call,2.273,1,-5.3611,-2.273,-0.02273,False,2018-02
2018-02-01,IBM,buy_call,2.273,1,-4.8076,-2.273,-0.02273,False,2018-02
2018-02-01,ICE,buy_call,2.2582,1,-1.0293,-2.2582,-0.022582,False,2018-02
2018-02-01,INTC,buy_call,3.1417,1,2.3889,-0.7529,-0.007529,False,2018-02
2018-02-01,ISRG,buy_call,1.8513,1,-1.2093,-1.8513,-0.018513,False,2018-02
2018-02-01,ITW,buy_call,2.273,1,-7.0421,-2.273,-0.02273,False,2018-02
2018-02-01,JNJ,skip,0.0,0,-6.0135,0.0,0.0,False,2018-02
2018-02-01,JPM,buy_call,2.0617,1,0.3732,-1.6885,-0.016885,False,2018-02
2018-02-01,KO,buy_call,1.4865,1,-9.1826,-1.4865,-0.014865,False,2018-02
2018-02-01,LLY,skip,0.0,0,-5.4389,0.0,0.0,False,2018-02
2018-02-01,LMT,buy_call,2.4327,1,-0.6791,-2.4327,-0.024327,False,2018-02
2018-02-01,LOW,buy_call,2.1046,1,-14.1275,-2.1046,-0.021046,False,2018-02
2018-02-01,MA,buy_call,2.0412,1,4.1637,2.1226,0.021226,False,2018-02
2018-02-01,MCD,skip,0.0,0,-7.8298,0.0,0.0,False,2018-02
2018-02-01,MDLZ,buy_call,1.6816,1,-1.1261,-1.6816,-0.016816,False,2018-02
2018-02-01,MDT,buy_call,1.8513,1,-6.9857,-1.8513,-0.018513,False,2018-02
2018-02-01,MET,skip,0.0,0,-3.911,0.0,0.0,False,2018-02
2018-02-01,META,buy_call,3.2656,1,-4.5856,-3.2656,-0.032656,False,2018-02
2018-02-01,MMM,buy_call,2.273,1,-5.984,-2.273,-0.02273,False,2018-02
2018-02-01,MO,skip,0.0,0,-10.5061,0.0,0.0,False,2018-02
2018-02-01,MRK,buy_call,2.0469,1,-8.4895,-2.0469,-0.020469,False,2018-02
2018-02-01,MS,buy_call,2.0617,1,-0.5042,-2.0617,-0.020617,False,2018-02
2018-02-01,MSFT,buy_call,2.1638,1,-1.3051,-2.1638,-0.021638,False,2018-02
2018-02-01,MU,buy_call,4.0587,1,11.6423,7.5835,0.075835,False,2018-02
2018-02-01,NEE,buy_call,1.4865,1,-3.9578,-1.4865,-0.014865,False,2018-02
2018-02-01,NFLX,buy_call,3.367,1,7.7987,4.4318,0.044318,False,2018-02
2018-02-01,NKE,buy_call,2.641,1,-1.7443,-2.641,-0.02641,False,2018-02
2018-02-01,NVDA,buy_call,4.0587,1,-1.546,-4.0587,-0.040587,False,2018-02
2018-02-01,ORCL,buy_call,2.7065,1,-1.4008,-2.7065,-0.027065,False,2018-02
2018-02-01,PEP,buy_call,1.6816,1,-8.7864,-1.6816,-0.016816,False,2018-02
2018-02-01,PFE,buy_call,2.1276,1,-1.9708,-2.1276,-0.021276,False,2018-02
2018-02-01,PG,skip,0.0,0,-8.3639,0.0,0.0,False,2018-02
2018-02-01,PM,buy_call,1.6816,1,-3.4319,-1.6816,-0.016816,False,2018-02
2018-02-01,PYPL,buy_call,2.0412,1,-6.9269,-2.0412,-0.020412,False,2018-02
2018-02-01,QCOM,buy_call,3.2022,1,-4.7619,-3.2022,-0.032022,False,2018-02
2018-02-01,SBUX,skip,0.0,0,0.5105,0.0,0.0,False,2018-02
2018-02-01,SCHW,buy_call,2.0617,1,-0.5999,-2.0617,-0.020617,False,2018-02
2018-02-01,SO,skip,0.0,0,-4.5445,0.0,0.0,False,2018-02
2018-02-01,SPGI,buy_call,2.0617,1,5.9083,3.8466,0.038466,False,2018-02
2018-02-01,SYK,buy_call,1.8513,1,-1.3506,-1.8513,-0.018513,False,2018-02
2018-02-01,T,skip,0.0,0,-1.3637,0.0,0.0,False,2018-02
2018-02-01,TJX,buy_call,1.8423,1,2.9383,1.096,0.01096,False,2018-02
2018-02-01,TMO,buy_call,2.1287,1,-6.9296,-2.1287,-0.021287,False,2018-02
2018-02-01,TMUS,buy_call,2.3339,1,-6.8971,-2.3339,-0.023339,False,2018-02
2018-02-01,TXN,buy_call,3.1417,1,-0.6568,-3.1417,-0.031417,False,2018-02
2018-02-01,UNH,buy_call,2.2378,1,-4.4852,-2.2378,-0.022378,False,2018-02
2018-02-01,UNP,skip,0.0,0,-2.4344,0.0,0.0,False,2018-02
2018-02-01,USB,buy_call,2.0617,1,-4.8653,-2.0617,-0.020617,False,2018-02
2018-02-01,V,buy_call,1.9196,1,-1.0384,-1.9196,-0.019196,False,2018-02
2018-02-01,VZ,buy_call,2.3339,1,-10.7014,-2.3339,-0.023339,False,2018-02
2018-02-01,WFC,buy_call,2.6214,1,-11.204,-2.6214,-0.026214,False,2018-02
2018-02-01,WMT,buy_call,1.8423,1,-15.5629,-1.8423,-0.018423,False,2018-02
2018-02-01,XOM,buy_call,2.4327,1,-13.2417,-2.4327,-0.024327,False,2018-02
2018-03-01,AAPL,buy_call,2.3821,4,-5.421,-2.3821,-0.095284,True,2018-03
2018-03-01,ABBV,buy_call,2.1404,4,-18.2855,-2.1404,-0.085616,True,2018-03
2018-03-01,ABT,skip,0.0,0,-0.6796,0.0,0.0,True,2018-03
2018-03-01,ADBE,buy_call,2.1768,4,3.3233,1.1465,0.04586,True,2018-03
2018-03-01,ADP,skip,0.0,0,-1.5956,0.0,0.0,True,2018-03
2018-03-01,AMAT,buy_call,3.1607,4,-3.2623,-3.1607,-0.126428,True,2018-03
2018-03-01,AMGN,skip,0.0,0,-6.5306,0.0,0.0,True,2018-03
2018-03-01,AMT,skip,0.0,0,4.3135,0.0,0.0,True,2018-03
2018-03-01,AMZN,buy_call,2.8978,4,-4.3049,-2.8978,-0.115912,True,2018-03
2018-03-01,AVGO,skip,0.0,0,-4.3861,0.0,0.0,True,2018-03
2018-03-01,AXP,skip,0.0,0,-4.338,0.0,0.0,True,2018-03
2018-03-01,BA,buy_call,2.2719,4,-9.0311,-2.2719,-0.090876,True,2018-03
2018-03-01,BAC,buy_call,2.4216,4,-6.5732,-2.4216,-0.096864,True,2018-03
2018-03-01,BDX,skip,0.0,0,-2.3962,0.0,0.0,True,2018-03
2018-03-01,BKNG,buy_call,2.2719,4,2.2787,0.0068,0.000272,True,2018-03
2018-03-01,BLK,skip,0.0,0,-1.4033,0.0,0.0,True,2018-03
2018-03-01,BMY,buy_call,2.1404,4,-4.4562,-2.1404,-0.085616,True,2018-03
2018-03-01,BRK-B,skip,0.0,0,-3.7259,0.0,0.0,True,2018-03
2018-03-01,C,skip,0.0,0,-10.2214,0.0,0.0,True,2018-03
2018-03-01,CAT,skip,0.0,0,-4.6886,0.0,0.0,True,2018-03
2018-03-01,CHTR,skip,0.0,0,-8.9814,0.0,0.0,True,2018-03
2018-03-01,CL,skip,0.0,0,3.9292,0.0,0.0,True,2018-03
2018-03-01,CMCSA,skip,0.0,0,-5.6338,0.0,0.0,True,2018-03
2018-03-01,CME,buy_call,2.0742,4,-2.6601,-2.0742,-0.082968,True,2018-03
2018-03-01,COST,skip,0.0,0,-1.0298,0.0,0.0,True,2018-03
2018-03-01,CRM,buy_call,2.9495,4,0.043,-2.9065,-0.11626,True,2018-03
2018-03-01,CSCO,buy_call,2.2867,4,-4.2207,-2.2867,-0.091468,True,2018-03
2018-03-01,CSX,skip,0.0,0,4.12,0.0,0.0,True,2018-03
2018-03-01,CVS,skip,0.0,0,-8.15,0.0,0.0,True,2018-03
2018-03-01,CVX,skip,0.0,0,2.9085,0.0,0.0,True,2018-03
2018-03-01,DHR,skip,0.0,0,0.1329,0.0,0.0,True,2018-03
2018-03-01,DIS,skip,0.0,0,-2.6367,0.0,0.0,True,2018-03
2018-03-01,DUK,skip,0.0,0,4.0541,0.0,0.0,True,2018-03
2018-03-01,ELV,skip,0.0,0,-6.6616,0.0,0.0,True,2018-03
2018-03-01,EOG,skip,0.0,0,3.7961,0.0,0.0,True,2018-03
2018-03-01,EQIX,skip,0.0,0,7.2676,0.0,0.0,True,2018-03
2018-03-01,FDX,skip,0.0,0,-2.5567,0.0,0.0,True,2018-03
2018-03-01,GE,skip,0.0,0,-3.6743,0.0,0.0,True,2018-03
2018-03-01,GILD,skip,0.0,0,-4.2423,0.0,0.0,True,2018-03
2018-03-01,GM,skip,0.0,0,-7.6493,0.0,0.0,True,2018-03
2018-03-01,GOOGL,skip,0.0,0,-6.0494,0.0,0.0,True,2018-03
2018-03-01,GS,skip,0.0,0,-3.9413,0.0,0.0,True,2018-03
2018-03-01,HD,skip,0.0,0,-2.211,0.0,0.0,True,2018-03
2018-03-01,HON,skip,0.0,0,-3.9029,0.0,0.0,True,2018-03
2018-03-01,IBM,skip,0.0,0,-0.5707,0.0,0.0,True,2018-03
2018-03-01,ICE,skip,0.0,0,-0.7663,0.0,0.0,True,2018-03
2018-03-01,INTC,buy_call,3.1607,4,6.3772,3.2165,0.12866,True,2018-03
2018-03-01,ISRG,skip,0.0,0,-3.1938,0.0,0.0,True,2018-03
2018-03-01,ITW,skip,0.0,0,-2.9608,0.0,0.0,True,2018-03
2018-03-01,JNJ,skip,0.0,0,-0.7002,0.0,0.0,True,2018-03
2018-03-01,JPM,buy_call,2.0742,4,-4.7878,-2.0742,-0.082968,True,2018-03
2018-03-01,KO,skip,0.0,0,0.4859,0.0,0.0,True,2018-03
2018-03-01,LLY,skip,0.0,0,1.202,0.0,0.0,True,2018-03
2018-03-01,LMT,skip,0.0,0,-3.5786,0.0,0.0,True,2018-03
2018-03-01,LOW,skip,0.0,0,-2.0538,0.0,0.0,True,2018-03
2018-03-01,MA,buy_call,2.0535,4,-0.3414,-2.0535,-0.08214,True,2018-03
2018-03-01,MCD,skip,0.0,0,-0.235,0.0,0.0,True,2018-03
2018-03-01,MDLZ,skip,0.0,0,-4.9431,0.0,0.0,True,2018-03
2018-03-01,MDT,skip,0.0,0,0.4131,0.0,0.0,True,2018-03
2018-03-01,MET,skip,0.0,0,0.1786,0.0,0.0,True,2018-03
2018-03-01,META,skip,0.0,0,-10.3914,0.0,0.0,True,2018-03
2018-03-01,MMM,skip,0.0,0,-6.2399,0.0,0.0,True,2018-03
2018-03-01,MO,skip,0.0,0,-1.0008,0.0,0.0,True,2018-03
2018-03-01,MRK,skip,0.0,0,0.4611,0.0,0.0,True,2018-03
2018-03-01,MS,skip,0.0,0,-3.6773,0.0,0.0,True,2018-03
2018-03-01,MSFT,skip,0.0,0,-2.2089,0.0,0.0,True,2018-03
2018-03-01,MU,buy_call,4.0833,4,6.8224,2.7391,0.109564,True,2018-03
2018-03-01,NEE,skip,0.0,0,8.116,0.0,0.0,True,2018-03
2018-03-01,NFLX,buy_call,3.3873,4,1.3625,-2.0248,-0.080992,True,2018-03
2018-03-01,NKE,skip,0.0,0,-0.8802,0.0,0.0,True,2018-03
2018-03-01,NVDA,skip,0.0,0,-4.2422,0.0,0.0,True,2018-03
2018-03-01,ORCL,skip,0.0,0,-9.7099,0.0,0.0,True,2018-03
2018-03-01,PEP,skip,0.0,0,-0.5286,0.0,0.0,True,2018-03
2018-03-01,PFE,skip,0.0,0,-1.3528,0.0,0.0,True,2018-03
2018-03-01,PG,skip,0.0,0,0.9679,0.0,0.0,True,2018-03
2018-03-01,PM,skip,0.0,0,-4.0077,0.0,0.0,True,2018-03
2018-03-01,PYPL,skip,0.0,0,-4.4579,0.0,0.0,True,2018-03
2018-03-01,QCOM,skip,0.0,0,-14.0222,0.0,0.0,True,2018-03
2018-03-01,SBUX,buy_call,1.4955,4,1.9334,0.4379,0.017516,True,2018-03
2018-03-01,SCHW,skip,0.0,0,-1.3192,0.0,0.0,True,2018-03
2018-03-01,SO,skip,0.0,0,5.0836,0.0,0.0,True,2018-03
2018-03-01,SPGI,buy_call,2.0742,4,-0.12,-2.0742,-0.082968,True,2018-03
2018-03-01,SYK,skip,0.0,0,-0.7647,0.0,0.0,True,2018-03
2018-03-01,T,skip,0.0,0,-1.7906,0.0,0.0,True,2018-03
2018-03-01,TJX,buy_call,1.8534,4,-0.9443,-1.8534,-0.074136,True,2018-03
2018-03-01,TMO,skip,0.0,0,-1.0164,0.0,0.0,True,2018-03
2018-03-01,TMUS,skip,0.0,0,0.7095,0.0,0.0,True,2018-03
2018-03-01,TXN,skip,0.0,0,-4.1163,0.0,0.0,True,2018-03
2018-03-01,UNH,skip,0.0,0,-5.3767,0.0,0.0,True,2018-03
2018-03-01,UNP,skip,0.0,0,3.7549,0.0,0.0,True,2018-03
2018-03-01,USB,skip,0.0,0,-7.1008,0.0,0.0,True,2018-03
2018-03-01,V,skip,0.0,0,-2.5311,0.0,0.0,True,2018-03
2018-03-01,VZ,skip,0.0,0,0.1676,0.0,0.0,True,2018-03
2018-03-01,WFC,skip,0.0,0,-9.737,0.0,0.0,True,2018-03
2018-03-01,WMT,skip,0.0,0,-1.1554,0.0,0.0,True,2018-03
2018-03-01,XOM,skip,0.0,0,-0.4846,0.0,0.0,True,2018-03
2018-04-01,AAPL,skip,0.0,0,-1.502,0.0,0.0,True,2018-04
2018-04-01,ABBV,skip,0.0,0,2.0074,0.0,0.0,True,2018-04
2018-04-01,ABT,skip,0.0,0,-2.9873,0.0,0.0,True,2018-04
2018-04-01,ADBE,buy_call,1.7365,10,2.5546,0.8182,0.08182,True,2018-04
2018-04-01,ADP,skip,0.0,0,4.6258,0.0,0.0,True,2018-04
2018-04-01,AMAT,skip,0.0,0,-10.6815,0.0,0.0,True,2018-04
2018-04-01,AMGN,skip,0.0,0,2.3463,0.0,0.0,True,2018-04
2018-04-01,AMT,buy_call,1.8241,10,-6.1786,-1.8241,-0.18241,True,2018-04
2018-04-01,AMZN,skip,0.0,0,8.2075,0.0,0.0,True,2018-04
2018-04-01,AVGO,skip,0.0,0,-1.2172,0.0,0.0,True,2018-04
2018-04-01,AXP,skip,0.0,0,5.8641,0.0,0.0,True,2018-04
2018-04-01,BA,skip,0.0,0,1.7324,0.0,0.0,True,2018-04
2018-04-01,BAC,skip,0.0,0,0.141,0.0,0.0,True,2018-04
2018-04-01,BDX,skip,0.0,0,7.368,0.0,0.0,True,2018-04
2018-04-01,BKNG,buy_call,1.8123,10,4.6919,2.8796,0.28796,True,2018-04
2018-04-01,BLK,skip,0.0,0,-3.2214,0.0,0.0,True,2018-04
2018-04-01,BMY,skip,0.0,0,-17.581,0.0,0.0,True,2018-04
2018-04-01,BRK-B,skip,0.0,0,-2.8825,0.0,0.0,True,2018-04
2018-04-01,C,skip,0.0,0,1.1408,0.0,0.0,True,2018-04
2018-04-01,CAT,skip,0.0,0,-2.0491,0.0,0.0,True,2018-04
2018-04-01,CHTR,skip,0.0,0,-12.8301,0.0,0.0,True,2018-04
2018-04-01,CL,buy_call,1.2682,10,-8.9983,-1.2682,-0.12682,True,2018-04
2018-04-01,CMCSA,skip,0.0,0,-8.1358,0.0,0.0,True,2018-04
2018-04-01,CME,skip,0.0,0,-2.1037,0.0,0.0,True,2018-04
2018-04-01,COST,skip,0.0,0,4.633,0.0,0.0,True,2018-04
2018-04-01,CRM,buy_call,2.3528,10,4.0327,1.6799,0.16799,True,2018-04
2018-04-01,CSCO,skip,0.0,0,3.2642,0.0,0.0,True,2018-04
2018-04-01,CSX,buy_call,1.8123,10,6.6056,4.7934,0.47934,True,2018-04
2018-04-01,CVS,skip,0.0,0,12.2488,0.0,0.0,True,2018-04
2018-04-01,CVX,buy_call,1.8505,10,9.7072,7.8567,0.78567,True,2018-04
2018-04-01,DHR,buy_call,1.4857,10,2.6303,1.1446,0.11446,True,2018-04
2018-04-01,DIS,skip,0.0,0,-0.1095,0.0,0.0,True,2018-04
2018-04-01,DUK,buy_call,1.1929,10,3.4723,2.2794,0.22794,True,2018-04
2018-04-01,ELV,skip,0.0,0,7.7632,0.0,0.0,True,2018-04
2018-04-01,EOG,buy_call,1.9523,10,12.2542,10.302,1.0302,True,2018-04
2018-04-01,EQIX,buy_call,1.8241,10,0.6337,-1.1904,-0.11904,True,2018-04
2018-04-01,FDX,skip,0.0,0,3.1673,0.0,0.0,True,2018-04
2018-04-01,GE,skip,0.0,0,4.3769,0.0,0.0,True,2018-04
2018-04-01,GILD,skip,0.0,0,-3.5134,0.0,0.0,True,2018-04
2018-04-01,GM,skip,0.0,0,2.129,0.0,0.0,True,2018-04
2018-04-01,GOOGL,skip,0.0,0,-1.7895,0.0,0.0,True,2018-04
2018-04-01,GS,skip,0.0,0,-5.372,0.0,0.0,True,2018-04
2018-04-01,HD,skip,0.0,0,4.2717,0.0,0.0,True,2018-04
2018-04-01,HON,skip,0.0,0,0.1176,0.0,0.0,True,2018-04
2018-04-01,IBM,skip,0.0,0,-5.5205,0.0,0.0,True,2018-04
2018-04-01,ICE,skip,0.0,0,0.2378,0.0,0.0,True,2018-04
2018-04-01,INTC,buy_call,2.5213,10,-0.8833,-2.5213,-0.25213,True,2018-04
2018-04-01,ISRG,skip,0.0,0,6.7703,0.0,0.0,True,2018-04
2018-04-01,ITW,skip,0.0,0,-8.8885,0.0,0.0,True,2018-04
2018-04-01,JNJ,skip,0.0,0,-1.2953,0.0,0.0,True,2018-04
2018-04-01,JPM,skip,0.0,0,-1.0821,0.0,0.0,True,2018-04
2018-04-01,KO,buy_call,1.1929,10,0.3717,-0.8212,-0.08212,True,2018-04
2018-04-01,LLY,buy_call,2.1265,10,4.7822,2.6557,0.26557,True,2018-04
2018-04-01,LMT,skip,0.0,0,-5.0573,0.0,0.0,True,2018-04
2018-04-01,LOW,skip,0.0,0,-6.0627,0.0,0.0,True,2018-04
2018-04-01,MA,skip,0.0,0,1.7755,0.0,0.0,True,2018-04
2018-04-01,MCD,skip,0.0,0,7.0725,0.0,0.0,True,2018-04
2018-04-01,MDLZ,skip,0.0,0,-4.8321,0.0,0.0,True,2018-04
2018-04-01,MDT,buy_call,1.4857,10,0.4652,-1.0205,-0.10205,True,2018-04
2018-04-01,MET,buy_call,1.6545,10,3.8789,2.2243,0.22243,True,2018-04
2018-04-01,META,skip,0.0,0,7.6413,0.0,0.0,True,2018-04
2018-04-01,MMM,skip,0.0,0,-11.4477,0.0,0.0,True,2018-04
2018-04-01,MO,skip,0.0,0,-9.0015,0.0,0.0,True,2018-04
2018-04-01,MRK,buy_call,1.6427,10,9.0229,7.3803,0.73803,True,2018-04
2018-04-01,MS,skip,0.0,0,-4.3365,0.0,0.0,True,2018-04
2018-04-01,MSFT,skip,0.0,0,2.4652,0.0,0.0,True,2018-04
2018-04-01,MU,buy_call,3.2572,10,-11.8143,-3.2572,-0.32572,True,2018-04
2018-04-01,NEE,buy_call,1.1929,10,0.3551,-0.8378,-0.08378,True,2018-04
2018-04-01,NFLX,buy_call,2.7021,10,5.7931,3.0911,0.30911,True,2018-04
2018-04-01,NKE,skip,0.0,0,3.2463,0.0,0.0,True,2018-04
2018-04-01,NVDA,skip,0.0,0,-2.8887,0.0,0.0,True,2018-04
2018-04-01,ORCL,skip,0.0,0,-0.1749,0.0,0.0,True,2018-04
2018-04-01,PEP,skip,0.0,0,-6.8383,0.0,0.0,True,2018-04
2018-04-01,PFE,skip,0.0,0,3.1558,0.0,0.0,True,2018-04
2018-04-01,PG,buy_call,1.2682,10,-8.7538,-1.2682,-0.12682,True,2018-04
2018-04-01,PM,skip,0.0,0,-16.6152,0.0,0.0,True,2018-04
2018-04-01,PYPL,skip,0.0,0,-1.6607,0.0,0.0,True,2018-04
2018-04-01,QCOM,skip,0.0,0,-7.9408,0.0,0.0,True,2018-04
2018-04-01,SBUX,buy_call,1.1929,10,-0.5528,-1.1929,-0.11929,True,2018-04
2018-04-01,SCHW,skip,0.0,0,6.6258,0.0,0.0,True,2018-04
2018-04-01,SO,buy_call,1.1929,10,3.2691,2.0762,0.20762,True,2018-04
2018-04-01,SPGI,skip,0.0,0,-1.2875,0.0,0.0,True,2018-04
2018-04-01,SYK,skip,0.0,0,5.5952,0.0,0.0,True,2018-04
2018-04-01,T,skip,0.0,0,-8.2749,0.0,0.0,True,2018-04
2018-04-01,TJX,skip,0.0,0,4.0338,0.0,0.0,True,2018-04
2018-04-01,TMO,skip,0.0,0,1.9647,0.0,0.0,True,2018-04
2018-04-01,TMUS,buy_call,1.873,10,-0.8683,-1.873,-0.1873,True,2018-04
2018-04-01,TXN,skip,0.0,0,-2.3679,0.0,0.0,True,2018-04
2018-04-01,UNH,skip,0.0,0,10.833,0.0,0.0,True,2018-04
2018-04-01,UNP,buy_call,1.9523,10,-0.5951,-1.9523,-0.19523,True,2018-04
2018-04-01,USB,skip,0.0,0,0.5057,0.0,0.0,True,2018-04
2018-04-01,V,skip,0.0,0,6.0692,0.0,0.0,True,2018-04
2018-04-01,VZ,buy_call,1.873,10,3.1995,1.3265,0.13265,True,2018-04
2018-04-01,WFC,skip,0.0,0,-0.8586,0.0,0.0,True,2018-04
2018-04-01,WMT,skip,0.0,0,0.0196,0.0,0.0,True,2018-04
2018-04-01,XOM,skip,0.0,0,4.2086,0.0,0.0,True,2018-04
2018-05-01,AAPL,skip,0.0,0,13.0763,0.0,0.0,False,2018-05
2018-05-01,ABBV,buy_call,1.6538,1,3.5368,1.883,0.01883,False,2018-05
2018-05-01,ABT,skip,0.0,0,6.3585,0.0,0.0,False,2018-05
2018-05-01,ADBE,buy_call,1.682,1,12.491,10.809,0.10809,False,2018-05
2018-05-01,ADP,buy_call,1.7669,1,10.1118,8.3449,0.083449,False,2018-05
2018-05-01,AMAT,skip,0.0,0,2.2348,0.0,0.0,False,2018-05
2018-05-01,AMGN,buy_call,1.6538,1,2.9459,1.2921,0.012921,False,2018-05
2018-05-01,AMT,skip,0.0,0,2.0083,0.0,0.0,False,2018-05
2018-05-01,AMZN,buy_call,2.239,1,4.0539,1.8149,0.018149,False,2018-05
2018-05-01,AVGO,skip,0.0,0,9.8728,0.0,0.0,False,2018-05
2018-05-01,AXP,buy_call,1.5867,1,-0.082,-1.5867,-0.015867,False,2018-05
2018-05-01,BA,buy_call,1.7554,1,5.5762,3.8208,0.038208,False,2018-05
2018-05-01,BAC,buy_call,1.871,1,-2.9412,-1.871,-0.01871,False,2018-05
2018-05-01,BDX,buy_call,1.4391,1,-4.4335,-1.4391,-0.014391,False,2018-05
2018-05-01,BKNG,buy_call,1.7554,1,-3.1717,-1.7554,-0.017554,False,2018-05
2018-05-01,BLK,skip,0.0,0,2.441,0.0,0.0,False,2018-05
2018-05-01,BMY,skip,0.0,0,1.5851,0.0,0.0,False,2018-05
2018-05-01,BRK-B,skip,0.0,0,-1.1356,0.0,0.0,False,2018-05
2018-05-01,C,buy_call,1.7554,1,-2.3144,-1.7554,-0.017554,False,2018-05
2018-05-01,CAT,skip,0.0,0,5.7598,0.0,0.0,False,2018-05
2018-05-01,CHTR,skip,0.0,0,-3.7782,0.0,0.0,False,2018-05
2018-05-01,CL,skip,0.0,0,-2.7138,0.0,0.0,False,2018-05
2018-05-01,CMCSA,skip,0.0,0,-0.1028,0.0,0.0,False,2018-05
2018-05-01,CME,skip,0.0,0,3.3105,0.0,0.0,False,2018-05
2018-05-01,COST,buy_call,1.5087,1,0.5478,-0.9609,-0.009609,False,2018-05
2018-05-01,CRM,buy_call,2.2789,1,6.8931,4.6142,0.046142,False,2018-05
2018-05-01,CSCO,buy_call,1.7669,1,-2.7922,-1.7669,-0.017669,False,2018-05
2018-05-01,CSX,buy_call,1.7554,1,8.8567,7.1013,0.071013,False,2018-05
2018-05-01,CVS,buy_call,1.7395,1,-8.528,-1.7395,-0.017395,False,2018-05
2018-05-01,CVX,buy_call,1.7924,1,-0.6474,-1.7924,-0.017924,False,2018-05
2018-05-01,DHR,buy_call,1.4391,1,-1.0367,-1.4391,-0.014391,False,2018-05
2018-05-01,DIS,skip,0.0,0,-0.8572,0.0,0.0,False,2018-05
2018-05-01,DUK,buy_call,1.1555,1,-3.7425,-1.1555,-0.011555,False,2018-05
2018-05-01,ELV,buy_call,1.7395,1,-6.174,-1.7395,-0.017395,False,2018-05
2018-05-01,EOG,buy_call,1.891,1,-0.1367,-1.891,-0.01891,False,2018-05
2018-05-01,EQIX,buy_call,1.7669,1,-5.6893,-1.7669,-0.017669,False,2018-05
2018-05-01,FDX,buy_call,1.7669,1,0.7767,-0.9901,-0.009901,False,2018-05
2018-05-01,GE,buy_call,1.891,1,0.071,-1.82,-0.0182,False,2018-05
2018-05-01,GILD,skip,0.0,0,-6.687,0.0,0.0,False,2018-05
2018-05-01,GM,buy_call,1.891,1,16.2222,14.3311,0.143311,False,2018-05
2018-05-01,GOOGL,skip,0.0,0,7.9935,0.0,0.0,False,2018-05
2018-05-01,GS,skip,0.0,0,-5.2239,0.0,0.0,False,2018-05
2018-05-01,HD,buy_call,1.636,1,0.947,-0.689,-0.00689,False,2018-05
2018-05-01,HON,buy_call,1.7669,1,2.2325,0.4657,0.004657,False,2018-05
2018-05-01,IBM,skip,0.0,0,-2.5179,0.0,0.0,False,2018-05
2018-05-01,ICE,buy_call,1.7554,1,-2.1667,-1.7554,-0.017554,False,2018-05
2018-05-01,INTC,skip,0.0,0,6.9353,0.0,0.0,False,2018-05
2018-05-01,ISRG,buy_call,1.4391,1,4.2856,2.8465,0.028465,False,2018-05
2018-05-01,ITW,skip,0.0,0,1.183,0.0,0.0,False,2018-05
2018-05-01,JNJ,skip,0.0,0,-5.4313,0.0,0.0,False,2018-05
2018-05-01,JPM,skip,0.0,0,-1.1283,0.0,0.0,False,2018-05
2018-05-01,KO,buy_call,1.1555,1,-0.486,-1.1555,-0.011555,False,2018-05
2018-05-01,LLY,buy_call,2.0598,1,4.897,2.8373,0.028373,False,2018-05
2018-05-01,LMT,skip,0.0,0,-1.9636,0.0,0.0,False,2018-05
2018-05-01,LOW,skip,0.0,0,15.8244,0.0,0.0,False,2018-05
2018-05-01,MA,buy_call,1.5867,1,6.7991,5.2124,0.052124,False,2018-05
2018-05-01,MCD,buy_call,1.1555,1,-4.4374,-1.1555,-0.011555,False,2018-05
2018-05-01,MDLZ,skip,0.0,0,-0.5822,0.0,0.0,False,2018-05
2018-05-01,MDT,buy_call,1.4391,1,7.725,6.2859,0.062859,False,2018-05
2018-05-01,MET,buy_call,1.6026,1,-3.5242,-1.6026,-0.016026,False,2018-05
2018-05-01,META,buy_call,2.5385,1,11.5,8.9615,0.089615,False,2018-05
2018-05-01,MMM,skip,0.0,0,1.461,0.0,0.0,False,2018-05
2018-05-01,MO,skip,0.0,0,-0.6594,0.0,0.0,False,2018-05
2018-05-01,MRK,buy_call,1.5911,1,1.1211,-0.47,-0.0047,False,2018-05
2018-05-01,MS,skip,0.0,0,-2.3997,0.0,0.0,False,2018-05
2018-05-01,MSFT,buy_call,1.682,1,5.6886,4.0067,0.040067,False,2018-05
2018-05-01,MU,skip,0.0,0,25.2501,0.0,0.0,False,2018-05
2018-05-01,NEE,buy_call,1.1555,1,1.1591,0.0036,3.6e-05,False,2018-05
2018-05-01,NFLX,buy_call,2.6172,1,12.5264,9.9092,0.099092,False,2018-05
2018-05-01,NKE,buy_call,2.053,1,4.9861,2.9331,0.029331,False,2018-05
2018-05-01,NVDA,skip,0.0,0,12.1343,0.0,0.0,False,2018-05
2018-05-01,ORCL,skip,0.0,0,2.7226,0.0,0.0,False,2018-05
2018-05-01,PEP,skip,0.0,0,-0.6835,0.0,0.0,False,2018-05
2018-05-01,PFE,buy_call,1.6538,1,-1.8574,-1.6538,-0.016538,False,2018-05
2018-05-01,PG,skip,0.0,0,2.0834,0.0,0.0,False,2018-05
2018-05-01,PM,skip,0.0,0,-3.0,0.0,0.0,False,2018-05
2018-05-01,PYPL,skip,0.0,0,9.9987,0.0,0.0,False,2018-05
2018-05-01,QCOM,skip,0.0,0,13.9385,0.0,0.0,False,2018-05
2018-05-01,SBUX,skip,0.0,0,-1.5633,0.0,0.0,False,2018-05
2018-05-01,SCHW,buy_call,1.6026,1,-0.1078,-1.6026,-0.016026,False,2018-05
2018-05-01,SO,buy_call,1.1555,1,-2.6453,-1.1555,-0.011555,False,2018-05
2018-05-01,SPGI,skip,0.0,0,4.719,0.0,0.0,False,2018-05
2018-05-01,SYK,buy_call,1.4391,1,2.7151,1.276,0.01276,False,2018-05
2018-05-01,T,skip,0.0,0,0.7091,0.0,0.0,False,2018-05
2018-05-01,TJX,buy_call,1.4321,1,6.4467,5.0146,0.050146,False,2018-05
2018-05-01,TMO,buy_call,1.6547,1,-0.9888,-1.6547,-0.016547,False,2018-05
2018-05-01,TMUS,skip,0.0,0,-7.9491,0.0,0.0,False,2018-05
2018-05-01,TXN,skip,0.0,0,10.3322,0.0,0.0,False,2018-05
2018-05-01,UNH,buy_call,1.7395,1,2.1616,0.4221,0.004221,False,2018-05
2018-05-01,UNP,skip,0.0,0,6.8322,0.0,0.0,False,2018-05
2018-05-01,USB,buy_call,1.6026,1,-0.9118,-1.6026,-0.016026,False,2018-05
2018-05-01,V,buy_call,1.4921,1,3.0265,1.5344,0.015344,False,2018-05
2018-05-01,VZ,buy_call,1.8142,1,-2.1888,-1.8142,-0.018142,False,2018-05
2018-05-01,WFC,skip,0.0,0,3.9069,0.0,0.0,False,2018-05
2018-05-01,WMT,buy_call,1.4321,1,-6.6923,-1.4321,-0.014321,False,2018-05
2018-05-01,XOM,buy_call,1.891,1,4.4888,2.5978,0.025978,False,2018-05
2018-06-01,AAPL,buy_call,1.9193,1,-0.5599,-1.9193,-0.019193,False,2018-06
2018-06-01,ABBV,buy_call,1.7246,1,-6.3574,-1.7246,-0.017246,False,2018-06
2018-06-01,ABT,buy_call,1.5006,1,-0.8776,-1.5006,-0.015006,False,2018-06
2018-06-01,ADBE,buy_call,1.7539,1,-2.1943,-1.7539,-0.017539,False,2018-06
2018-06-01,ADP,buy_call,1.8424,1,3.1687,1.3263,0.013263,False,2018-06
2018-06-01,AMAT,buy_call,2.5466,1,-8.6755,-2.5466,-0.025466,False,2018-06
2018-06-01,AMGN,buy_call,1.7246,1,3.5602,1.8356,0.018356,False,2018-06
2018-06-01,AMT,buy_call,1.8424,1,4.1917,2.3492,0.023492,False,2018-06
2018-06-01,AMZN,buy_call,2.3348,1,4.3065,1.9717,0.019717,False,2018-06
2018-06-01,AVGO,buy_call,2.5466,1,-3.741,-2.5466,-0.025466,False,2018-06
2018-06-01,AXP,skip,0.0,0,-0.3052,0.0,0.0,False,2018-06
2018-06-01,BA,buy_call,1.8305,1,-4.2527,-1.8305,-0.018305,False,2018-06
2018-06-01,BAC,skip,0.0,0,-2.5304,0.0,0.0,False,2018-06
2018-06-01,BDX,skip,0.0,0,8.1096,0.0,0.0,False,2018-06
2018-06-01,BKNG,skip,0.0,0,-3.8802,0.0,0.0,False,2018-06
2018-06-01,BLK,buy_call,1.6712,1,-6.587,-1.6712,-0.016712,False,2018-06
2018-06-01,BMY,buy_call,1.7246,1,5.1691,3.4446,0.034446,False,2018-06
2018-06-01,BRK-B,skip,0.0,0,-2.5479,0.0,0.0,False,2018-06
2018-06-01,C,skip,0.0,0,0.8197,0.0,0.0,False,2018-06
2018-06-01,CAT,buy_call,1.9719,1,-10.6905,-1.9719,-0.019719,False,2018-06
2018-06-01,CHTR,skip,0.0,0,12.3238,0.0,0.0,False,2018-06
2018-06-01,CL,skip,0.0,0,2.7263,0.0,0.0,False,2018-06
2018-06-01,CMCSA,skip,0.0,0,5.2277,0.0,0.0,False,2018-06
2018-06-01,CME,buy_call,1.6712,1,0.6262,-1.045,-0.01045,False,2018-06
2018-06-01,COST,buy_call,1.5733,1,5.7251,4.1518,0.041518,False,2018-06
2018-06-01,CRM,buy_call,2.3764,1,5.4666,3.0902,0.030902,False,2018-06
2018-06-01,CSCO,skip,0.0,0,0.7493,0.0,0.0,False,2018-06
2018-06-01,CSX,buy_call,1.8305,1,-1.0066,-1.8305,-0.018305,False,2018-06
2018-06-01,CVS,skip,0.0,0,1.5144,0.0,0.0,False,2018-06
2018-06-01,CVX,skip,0.0,0,2.6005,0.0,0.0,False,2018-06
2018-06-01,DHR,skip,0.0,0,-0.6043,0.0,0.0,False,2018-06
2018-06-01,DIS,skip,0.0,0,5.3685,0.0,0.0,False,2018-06
2018-06-01,DUK,skip,0.0,0,3.7022,0.0,0.0,False,2018-06
2018-06-01,ELV,skip,0.0,0,7.5016,0.0,0.0,False,2018-06
2018-06-01,EOG,skip,0.0,0,5.6192,0.0,0.0,False,2018-06
2018-06-01,EQIX,skip,0.0,0,8.9646,0.0,0.0,False,2018-06
2018-06-01,FDX,buy_call,1.8424,1,-8.8552,-1.8424,-0.018424,False,2018-06
2018-06-01,GE,buy_call,1.9719,1,-3.3381,-1.9719,-0.019719,False,2018-06
2018-06-01,GILD,skip,0.0,0,5.1038,0.0,0.0,False,2018-06
2018-06-01,GM,buy_call,1.9719,1,-7.7283,-1.9719,-0.019719,False,2018-06
2018-06-01,GOOGL,buy_call,2.1269,1,2.6537,0.5267,0.005267,False,2018-06
2018-06-01,GS,skip,0.0,0,-2.0055,0.0,0.0,False,2018-06
2018-06-01,HD,buy_call,1.706,1,5.1687,3.4627,0.034627,False,2018-06
2018-06-01,HON,buy_call,1.8424,1,-2.1155,-1.8424,-0.018424,False,2018-06
2018-06-01,IBM,skip,0.0,0,-0.0419,0.0,0.0,False,2018-06
2018-06-01,ICE,skip,0.0,0,3.7523,0.0,0.0,False,2018-06
2018-06-01,INTC,buy_call,2.5466,1,-9.4259,-2.5466,-0.025466,False,2018-06
2018-06-01,ISRG,buy_call,1.5006,1,4.0921,2.5914,0.025914,False,2018-06
2018-06-01,ITW,buy_call,1.8424,1,-3.5908,-1.8424,-0.018424,False,2018-06
2018-06-01,JNJ,skip,0.0,0,2.1902,0.0,0.0,False,2018-06
2018-06-01,JPM,skip,0.0,0,-2.6259,0.0,0.0,False,2018-06
2018-06-01,KO,skip,0.0,0,2.0,0.0,0.0,False,2018-06
2018-06-01,LLY,buy_call,2.1479,1,1.0329,-1.1149,-0.011149,False,2018-06
2018-06-01,LMT,skip,0.0,0,-5.4867,0.0,0.0,False,2018-06
2018-06-01,LOW,buy_call,1.706,1,0.5894,-1.1166,-0.011166,False,2018-06
2018-06-01,MA,buy_call,1.6545,1,3.3663,1.7117,0.017117,False,2018-06
2018-06-01,MCD,skip,0.0,0,-2.0749,0.0,0.0,False,2018-06
2018-06-01,MDLZ,skip,0.0,0,4.4054,0.0,0.0,False,2018-06
2018-06-01,MDT,buy_call,1.5006,1,-0.8226,-1.5006,-0.015006,False,2018-06
2018-06-01,MET,skip,0.0,0,-4.2968,0.0,0.0,False,2018-06
2018-06-01,META,buy_call,2.6471,1,1.3244,-1.3226,-0.013226,False,2018-06
2018-06-01,MMM,buy_call,1.8424,1,0.4236,-1.4188,-0.014188,False,2018-06
2018-06-01,MO,skip,0.0,0,1.8838,0.0,0.0,False,2018-06
2018-06-01,MRK,buy_call,1.6592,1,1.9654,0.3062,0.003062,False,2018-06
2018-06-01,MS,skip,0.0,0,-5.4647,0.0,0.0,False,2018-06
2018-06-01,MSFT,buy_call,1.7539,1,0.1997,-1.5542,-0.015542,False,2018-06
2018-06-01,MU,buy_call,3.2899,1,-8.9425,-3.2899,-0.032899,False,2018-06
2018-06-01,NEE,buy_call,1.2049,1,0.7358,-0.4691,-0.004691,False,2018-06
2018-06-01,NFLX,buy_call,2.7292,1,11.3282,8.599,0.08599,False,2018-06
2018-06-01,NKE,buy_call,2.1408,1,10.9749,8.8341,0.088341,False,2018-06
2018-06-01,NVDA,buy_call,3.2899,1,-6.0048,-3.2899,-0.032899,False,2018-06
2018-06-01,ORCL,buy_call,2.1938,1,-5.6935,-2.1938,-0.021938,False,2018-06
2018-06-01,PEP,skip,0.0,0,9.5973,0.0,0.0,False,2018-06
2018-06-01,PFE,skip,0.0,0,1.9598,0.0,0.0,False,2018-06
2018-06-01,PG,buy_call,1.2809,1,6.6831,5.4022,0.054022,False,2018-06
2018-06-01,PM,skip,0.0,0,1.5086,0.0,0.0,False,2018-06
2018-06-01,PYPL,buy_call,1.6545,1,1.4622,-0.1924,-0.001924,False,2018-06
2018-06-01,QCOM,buy_call,2.5956,1,-2.4323,-2.5956,-0.025956,False,2018-06
2018-06-01,SBUX,skip,0.0,0,-13.3484,0.0,0.0,False,2018-06
2018-06-01,SCHW,skip,0.0,0,-7.9699,0.0,0.0,False,2018-06
2018-06-01,SO,skip,0.0,0,4.5788,0.0,0.0,False,2018-06
2018-06-01,SPGI,buy_call,1.6712,1,3.4944,1.8233,0.018233,False,2018-06
2018-06-01,SYK,buy_call,1.5006,1,-2.9652,-1.5006,-0.015006,False,2018-06
2018-06-01,T,buy_call,1.8918,1,-0.6497,-1.8918,-0.018918,False,2018-06
2018-06-01,TJX,buy_call,1.4933,1,5.8632,4.3699,0.043699,False,2018-06
2018-06-01,TMO,skip,0.0,0,-0.5426,0.0,0.0,False,2018-06
2018-06-01,TMUS,skip,0.0,0,7.2711,0.0,0.0,False,2018-06
2018-06-01,TXN,buy_call,2.5466,1,-0.8902,-2.5466,-0.025466,False,2018-06
2018-06-01,UNH,buy_call,1.8139,1,1.5858,-0.2281,-0.002281,False,2018-06
2018-06-01,UNP,buy_call,1.9719,1,-0.251,-1.9719,-0.019719,False,2018-06
2018-06-01,USB,skip,0.0,0,0.06,0.0,0.0,False,2018-06
2018-06-01,V,buy_call,1.556,1,1.4863,-0.0697,-0.000697,False,2018-06
2018-06-01,VZ,skip,0.0,0,5.5381,0.0,0.0,False,2018-06
2018-06-01,WFC,buy_call,2.1248,1,3.4588,1.3339,0.013339,False,2018-06
2018-06-01,WMT,skip,0.0,0,4.4216,0.0,0.0,False,2018-06
2018-06-01,XOM,buy_call,1.9719,1,2.8663,0.8944,0.008944,False,2018-06
2018-07-01,AAPL,skip,0.0,0,2.7984,0.0,0.0,True,2018-07
2018-07-01,ABBV,skip,0.0,0,-0.4533,0.0,0.0,True,2018-07
2018-07-01,ABT,skip,0.0,0,7.4602,0.0,0.0,True,2018-07
2018-07-01,ADBE,skip,0.0,0,0.3568,0.0,0.0,True,2018-07
2018-07-01,ADP,buy_call,1.4691,2,1.1465,-0.3227,-0.006454,True,2018-07
2018-07-01,AMAT,skip,0.0,0,5.2825,0.0,0.0,True,2018-07
2018-07-01,AMGN,buy_call,1.3752,2,6.4792,5.1041,0.102082,True,2018-07
2018-07-01,AMT,buy_call,1.4691,2,3.3976,1.9285,0.03857,True,2018-07
2018-07-01,AMZN,buy_call,1.8617,2,4.5676,2.7059,0.054118,True,2018-07
2018-07-01,AVGO,skip,0.0,0,-7.3756,0.0,0.0,True,2018-07
2018-07-01,AXP,skip,0.0,0,1.551,0.0,0.0,True,2018-07
2018-07-01,BA,skip,0.0,0,6.1965,0.0,0.0,True,2018-07
2018-07-01,BAC,skip,0.0,0,9.5424,0.0,0.0,True,2018-07
2018-07-01,BDX,buy_call,1.1966,2,4.852,3.6554,0.073108,True,2018-07
2018-07-01,BKNG,skip,0.0,0,0.0804,0.0,0.0,True,2018-07
2018-07-01,BLK,skip,0.0,0,1.2913,0.0,0.0,True,2018-07
2018-07-01,BMY,buy_call,1.3752,2,6.1619,4.7868,0.095736,True,2018-07
2018-07-01,BRK-B,skip,0.0,0,6.0113,0.0,0.0,True,2018-07
2018-07-01,C,buy_call,1.4596,2,7.4268,5.9672,0.119344,True,2018-07
2018-07-01,CAT,skip,0.0,0,5.9925,0.0,0.0,True,2018-07
2018-07-01,CHTR,buy_call,1.5085,2,3.8778,2.3692,0.047384,True,2018-07
2018-07-01,CL,buy_call,1.0214,2,3.3946,2.3732,0.047464,True,2018-07
2018-07-01,CMCSA,buy_call,1.5085,2,9.0521,7.5436,0.150872,True,2018-07
2018-07-01,CME,buy_call,1.3326,2,-2.5351,-1.3326,-0.026652,True,2018-07
2018-07-01,COST,buy_call,1.2545,2,4.6559,3.4014,0.068028,True,2018-07
2018-07-01,CRM,buy_call,1.8949,2,0.5499,-1.3451,-0.026902,True,2018-07
2018-07-01,CSCO,buy_call,1.4691,2,-1.7197,-1.4691,-0.029382,True,2018-07
2018-07-01,CSX,skip,0.0,0,10.8184,0.0,0.0,True,2018-07
2018-07-01,CVS,buy_call,1.4464,2,0.7925,-0.6539,-0.013078,True,2018-07
2018-07-01,CVX,buy_call,1.4904,2,-0.1265,-1.4904,-0.029808,True,2018-07
2018-07-01,DHR,skip,0.0,0,4.1219,0.0,0.0,True,2018-07
2018-07-01,DIS,buy_call,1.6182,2,8.3484,6.7303,0.134606,True,2018-07
2018-07-01,DUK,buy_call,0.9608,2,3.2119,2.2511,0.045022,True,2018-07
2018-07-01,ELV,buy_call,1.4464,2,6.6401,5.1937,0.103874,True,2018-07
2018-07-01,EOG,buy_call,1.5724,2,3.6245,2.0522,0.041044,True,2018-07
2018-07-01,EQIX,buy_call,1.4691,2,2.1843,0.7151,0.014302,True,2018-07
2018-07-01,FDX,skip,0.0,0,8.5702,0.0,0.0,True,2018-07
2018-07-01,GE,skip,0.0,0,1.0359,0.0,0.0,True,2018-07
2018-07-01,GILD,buy_call,1.3752,2,10.7528,9.3777,0.187554,True,2018-07
2018-07-01,GM,skip,0.0,0,-2.9422,0.0,0.0,True,2018-07
2018-07-01,GOOGL,buy_call,1.696,2,8.6814,6.9854,0.139708,True,2018-07
2018-07-01,GS,skip,0.0,0,7.6438,0.0,0.0,True,2018-07
2018-07-01,HD,buy_call,1.3603,2,1.2404,-0.1199,-0.002398,True,2018-07
2018-07-01,HON,skip,0.0,0,10.8296,0.0,0.0,True,2018-07
2018-07-01,IBM,skip,0.0,0,3.7437,0.0,0.0,True,2018-07
2018-07-01,ICE,buy_call,1.4596,2,0.8101,-0.6495,-0.01299,True,2018-07
2018-07-01,INTC,skip,0.0,0,-3.2388,0.0,0.0,True,2018-07
2018-07-01,ISRG,buy_call,1.1966,2,6.2092,5.0127,0.100254,True,2018-07
2018-07-01,ITW,skip,0.0,0,4.033,0.0,0.0,True,2018-07
2018-07-01,JNJ,buy_call,1.0008,2,9.2138,8.213,0.16426,True,2018-07
2018-07-01,JPM,skip,0.0,0,10.3167,0.0,0.0,True,2018-07
2018-07-01,KO,buy_call,0.9608,2,7.2624,6.3016,0.126032,True,2018-07
2018-07-01,LLY,buy_call,1.7127,2,15.7975,14.0848,0.281696,True,2018-07
2018-07-01,LMT,skip,0.0,0,10.3814,0.0,0.0,True,2018-07
2018-07-01,LOW,buy_call,1.3603,2,3.9448,2.5845,0.05169,True,2018-07
2018-07-01,MA,buy_call,1.3193,2,0.7531,-0.5662,-0.011324,True,2018-07
2018-07-01,MCD,skip,0.0,0,1.1812,0.0,0.0,True,2018-07
2018-07-01,MDLZ,buy_call,1.0869,2,6.3758,5.2889,0.105778,True,2018-07
2018-07-01,MDT,skip,0.0,0,5.3966,0.0,0.0,True,2018-07
2018-07-01,MET,skip,0.0,0,4.9083,0.0,0.0,True,2018-07
2018-07-01,META,buy_call,2.1107,2,-11.1877,-2.1107,-0.042214,True,2018-07
2018-07-01,MMM,buy_call,1.4691,2,7.9301,6.4609,0.129218,True,2018-07
2018-07-01,MO,buy_call,1.0869,2,4.603,3.5161,0.070322,True,2018-07
2018-07-01,MRK,buy_call,1.323,2,9.3559,8.033,0.16066,True,2018-07
2018-07-01,MS,skip,0.0,0,6.6667,0.0,0.0,True,2018-07
2018-07-01,MSFT,buy_call,1.3985,2,7.5753,6.1768,0.123536,True,2018-07
2018-07-01,MU,skip,0.0,0,0.6674,0.0,0.0,True,2018-07
2018-07-01,NEE,buy_call,0.9608,2,0.9928,0.032,0.00064,True,2018-07
2018-07-01,NFLX,buy_call,2.1762,2,-13.7905,-2.1762,-0.043524,True,2018-07
2018-07-01,NKE,buy_call,1.707,2,-3.2068,-1.707,-0.03414,True,2018-07
2018-07-01,NVDA,skip,0.0,0,3.3601,0.0,0.0,True,2018-07
2018-07-01,ORCL,skip,0.0,0,8.2161,0.0,0.0,True,2018-07
2018-07-01,PEP,buy_call,1.0869,2,5.6306,4.5437,0.090874,True,2018-07
2018-07-01,PFE,buy_call,1.3752,2,10.0607,8.6855,0.17371,True,2018-07
2018-07-01,PG,buy_call,1.0214,2,3.6126,2.5912,0.051824,True,2018-07
2018-07-01,PM,buy_call,1.0869,2,8.3979,7.311,0.14622,True,2018-07
2018-07-01,PYPL,buy_call,1.3193,2,-1.357,-1.3193,-0.026386,True,2018-07
2018-07-01,QCOM,skip,0.0,0,14.2017,0.0,0.0,True,2018-07
2018-07-01,SBUX,skip,0.0,0,7.2467,0.0,0.0,True,2018-07
2018-07-01,SCHW,skip,0.0,0,-0.0782,0.0,0.0,True,2018-07
2018-07-01,SO,buy_call,0.9608,2,4.9449,3.9841,0.079682,True,2018-07
2018-07-01,SPGI,buy_call,1.3326,2,-1.6921,-1.3326,-0.026652,True,2018-07
2018-07-01,SYK,skip,0.0,0,-3.0529,0.0,0.0,True,2018-07
2018-07-01,T,skip,0.0,0,-0.436,0.0,0.0,True,2018-07
2018-07-01,TJX,buy_call,1.1908,2,2.1853,0.9946,0.019892,True,2018-07
2018-07-01,TMO,skip,0.0,0,13.312,0.0,0.0,True,2018-07
2018-07-01,TMUS,buy_call,1.5085,2,0.4184,-1.0901,-0.021802,True,2018-07
2018-07-01,TXN,skip,0.0,0,0.9705,0.0,0.0,True,2018-07
2018-07-01,UNH,buy_call,1.4464,2,3.577,2.1305,0.04261,True,2018-07
2018-07-01,UNP,skip,0.0,0,5.7947,0.0,0.0,True,2018-07
2018-07-01,USB,buy_call,1.3326,2,6.6195,5.2869,0.105738,True,2018-07
2018-07-01,V,buy_call,1.2407,2,3.2389,1.9982,0.039964,True,2018-07
2018-07-01,VZ,buy_call,1.5085,2,2.6436,1.1351,0.022702,True,2018-07
2018-07-01,WFC,buy_call,1.6943,2,3.3369,1.6426,0.032852,True,2018-07
2018-07-01,WMT,buy_call,1.1908,2,4.1798,2.9891,0.059782,True,2018-07
2018-07-01,XOM,buy_call,1.5724,2,-1.4747,-1.5724,-0.031448,True,2018-07
2018-08-01,AAPL,buy_call,1.534,1,19.6227,18.0887,0.180887,False,2018-08
2018-08-01,ABBV,skip,0.0,0,5.1288,0.0,0.0,False,2018-08
2018-08-01,ABT,buy_call,1.1994,1,2.4419,1.2425,0.012425,False,2018-08
2018-08-01,ADBE,buy_call,1.4018,1,7.6958,6.294,0.06294,False,2018-08
2018-08-01,ADP,buy_call,1.4726,1,8.7118,7.2392,0.072392,False,2018-08
2018-08-01,AMAT,buy_call,2.0354,1,-11.5361,-2.0354,-0.020354,False,2018-08
2018-08-01,AMGN,buy_call,1.3784,1,1.6586,0.2803,0.002803,False,2018-08
2018-08-01,AMT,buy_call,1.4726,1,0.5936,-0.8789,-0.008789,False,2018-08
2018-08-01,AMZN,buy_call,1.8661,1,13.2364,11.3704,0.113704,False,2018-08
2018-08-01,AVGO,skip,0.0,0,-1.2355,0.0,0.0,False,2018-08
2018-08-01,AXP,buy_call,1.3224,1,6.8735,5.5511,0.055511,False,2018-08
2018-08-01,BA,buy_call,1.463,1,-3.7917,-1.463,-0.01463,False,2018-08
2018-08-01,BAC,buy_call,1.5594,1,0.1619,-1.3975,-0.013975,False,2018-08
2018-08-01,BDX,buy_call,1.1994,1,4.5932,3.3938,0.033938,False,2018-08
2018-08-01,BKNG,buy_call,1.463,1,-3.8039,-1.463,-0.01463,False,2018-08
2018-08-01,BLK,buy_call,1.3357,1,-4.714,-1.3357,-0.013357,False,2018-08
2018-08-01,BMY,buy_call,1.3784,1,3.81,2.4316,0.024316,False,2018-08
2018-08-01,BRK-B,buy_call,0.8822,1,5.4834,4.6012,0.046012,False,2018-08
2018-08-01,C,buy_call,1.463,1,-0.9042,-1.463,-0.01463,False,2018-08
2018-08-01,CAT,buy_call,1.576,1,-2.8502,-1.576,-0.01576,False,2018-08
2018-08-01,CHTR,buy_call,1.5121,1,1.9108,0.3988,0.003988,False,2018-08
2018-08-01,CL,buy_call,1.0238,1,-0.257,-1.0238,-0.010238,False,2018-08
2018-08-01,CMCSA,buy_call,1.5121,1,3.9839,2.4719,0.024719,False,2018-08
2018-08-01,CME,skip,0.0,0,9.8102,0.0,0.0,False,2018-08
2018-08-01,COST,buy_call,1.2574,1,6.5932,5.3358,0.053358,False,2018-08
2018-08-01,CRM,buy_call,1.8994,1,11.3234,9.424,0.09424,False,2018-08
2018-08-01,CSCO,skip,0.0,0,13.8385,0.0,0.0,False,2018-08
2018-08-01,CSX,buy_call,1.463,1,4.9236,3.4606,0.034606,False,2018-08
2018-08-01,CVS,buy_call,1.4498,1,16.8846,15.4349,0.154349,False,2018-08
2018-08-01,CVX,skip,0.0,0,-6.1852,0.0,0.0,False,2018-08
2018-08-01,DHR,buy_call,1.1994,1,0.9359,-0.2635,-0.002635,False,2018-08
2018-08-01,DIS,buy_call,1.622,1,-0.5632,-1.622,-0.01622,False,2018-08
2018-08-01,DUK,buy_call,0.963,1,-0.4656,-0.963,-0.00963,False,2018-08
2018-08-01,ELV,buy_call,1.4498,1,4.6364,3.1866,0.031866,False,2018-08
2018-08-01,EOG,buy_call,1.576,1,-8.1713,-1.576,-0.01576,False,2018-08
2018-08-01,EQIX,buy_call,1.4726,1,-0.7171,-1.4726,-0.014726,False,2018-08
2018-08-01,FDX,buy_call,1.4726,1,-0.7809,-1.4726,-0.014726,False,2018-08
2018-08-01,GE,buy_call,1.576,1,-5.0624,-1.576,-0.01576,False,2018-08
2018-08-01,GILD,buy_call,1.3784,1,-2.6982,-1.3784,-0.013784,False,2018-08
2018-08-01,GM,skip,0.0,0,-4.9064,0.0,0.0,False,2018-08
2018-08-01,GOOGL,buy_call,1.7,1,0.3732,-1.3268,-0.013268,False,2018-08
2018-08-01,GS,buy_call,1.3357,1,0.1601,-1.1756,-0.011756,False,2018-08
2018-08-01,HD,buy_call,1.3635,1,1.6454,0.2819,0.002819,False,2018-08
2018-08-01,HON,buy_call,1.4726,1,-0.3696,-1.4726,-0.014726,False,2018-08
2018-08-01,IBM,buy_call,1.4726,1,1.0695,-0.4031,-0.004031,False,2018-08
2018-08-01,ICE,buy_call,1.463,1,3.139,1.676,0.01676,False,2018-08
2018-08-01,INTC,skip,0.0,0,0.686,0.0,0.0,False,2018-08
2018-08-01,ISRG,buy_call,1.1994,1,10.195,8.9956,0.089956,False,2018-08
2018-08-01,ITW,buy_call,1.4726,1,-3.1047,-1.4726,-0.014726,False,2018-08
2018-08-01,JNJ,buy_call,1.0031,1,1.6375,0.6343,0.006343,False,2018-08
2018-08-01,JPM,buy_call,1.3357,1,0.2198,-1.1159,-0.011159,False,2018-08
2018-08-01,KO,buy_call,0.963,1,-4.4177,-0.963,-0.00963,False,2018-08
2018-08-01,LLY,buy_call,1.7167,1,6.9224,5.2057,0.052057,False,2018-08
2018-08-01,LMT,buy_call,1.576,1,-1.7448,-1.576,-0.01576,False,2018-08
2018-08-01,LOW,buy_call,1.3635,1,9.9944,8.6309,0.086309,False,2018-08
2018-08-01,MA,buy_call,1.3224,1,9.0057,7.6833,0.076833,False,2018-08
2018-08-01,MCD,buy_call,0.963,1,2.977,2.014,0.02014,False,2018-08
2018-08-01,MDLZ,buy_call,1.0894,1,-1.5214,-1.0894,-0.010894,False,2018-08
2018-08-01,MDT,buy_call,1.1994,1,7.4742,6.2748,0.062748,False,2018-08
2018-08-01,MET,buy_call,1.3357,1,0.3279,-1.0077,-0.010077,False,2018-08
2018-08-01,META,skip,0.0,0,1.8252,0.0,0.0,False,2018-08
2018-08-01,MMM,buy_call,1.4726,1,-0.6594,-1.4726,-0.014726,False,2018-08
2018-08-01,MO,buy_call,1.0894,1,-0.2727,-1.0894,-0.010894,False,2018-08
2018-08-01,MRK,buy_call,1.3261,1,4.1294,2.8033,0.028033,False,2018-08
2018-08-01,MS,buy_call,1.3357,1,-2.8508,-1.3357,-0.013357,False,2018-08
2018-08-01,MSFT,buy_call,1.4018,1,5.8918,4.49,0.0449,False,2018-08
2018-08-01,MU,buy_call,2.6295,1,-0.5115,-2.6295,-0.026295,False,2018-08
2018-08-01,NEE,buy_call,0.963,1,1.528,0.565,0.00565,False,2018-08
2018-08-01,NFLX,skip,0.0,0,8.9584,0.0,0.0,False,2018-08
2018-08-01,NKE,skip,0.0,0,6.8782,0.0,0.0,False,2018-08
2018-08-01,NVDA,buy_call,2.6295,1,14.6287,11.9992,0.119992,False,2018-08
2018-08-01,ORCL,buy_call,1.7534,1,2.2872,0.5338,0.005338,False,2018-08
2018-08-01,PEP,buy_call,1.0894,1,-2.6,-1.0894,-0.010894,False,2018-08
2018-08-01,PFE,buy_call,1.3784,1,3.982,2.6036,0.026036,False,2018-08
2018-08-01,PG,buy_call,1.0238,1,3.4902,2.4664,0.024664,False,2018-08
2018-08-01,PM,buy_call,1.0894,1,-9.7451,-1.0894,-0.010894,False,2018-08
2018-08-01,PYPL,skip,0.0,0,12.4057,0.0,0.0,False,2018-08
2018-08-01,QCOM,buy_call,2.0746,1,7.2086,5.1341,0.051341,False,2018-08
2018-08-01,SBUX,buy_call,0.963,1,2.0233,1.0603,0.010603,False,2018-08
2018-08-01,SCHW,skip,0.0,0,-0.5288,0.0,0.0,False,2018-08
2018-08-01,SO,buy_call,0.963,1,-9.9177,-0.963,-0.00963,False,2018-08
2018-08-01,SPGI,skip,0.0,0,3.2977,0.0,0.0,False,2018-08
2018-08-01,SYK,skip,0.0,0,3.7856,0.0,0.0,False,2018-08
2018-08-01,T,skip,0.0,0,1.9718,0.0,0.0,False,2018-08
2018-08-01,TJX,buy_call,1.1935,1,13.0681,11.8745,0.118745,False,2018-08
2018-08-01,TMO,buy_call,1.3791,1,1.9486,0.5695,0.005695,False,2018-08
2018-08-01,TMUS,buy_call,1.5121,1,10.0667,8.5546,0.085546,False,2018-08
2018-08-01,TXN,buy_call,2.0354,1,1.5292,-0.5062,-0.005062,False,2018-08
2018-08-01,UNH,buy_call,1.4498,1,6.0185,4.5687,0.045687,False,2018-08
2018-08-01,UNP,buy_call,1.576,1,0.487,-1.089,-0.01089,False,2018-08
2018-08-01,USB,buy_call,1.3357,1,2.0751,0.7394,0.007394,False,2018-08
2018-08-01,V,buy_call,1.2436,1,7.4229,6.1793,0.061793,False,2018-08
2018-08-01,VZ,buy_call,1.5121,1,6.5073,4.9952,0.049952,False,2018-08
2018-08-01,WFC,buy_call,1.6983,1,2.0772,0.3789,0.003789,False,2018-08
2018-08-01,WMT,buy_call,1.1935,1,7.4302,6.2367,0.062367,False,2018-08
2018-08-01,XOM,skip,0.0,0,-1.644,0.0,0.0,False,2018-08
2018-09-01,AAPL,buy_call,1.4457,1,-0.4825,-1.4457,-0.014457,False,2018-09
2018-09-01,ABBV,buy_call,1.2991,1,-1.4587,-1.2991,-0.012991,False,2018-09
2018-09-01,ABT,buy_call,1.1304,1,9.7547,8.6243,0.086243,False,2018-09
2018-09-01,ADBE,buy_call,1.3211,1,2.4439,1.1228,0.011228,False,2018-09
2018-09-01,ADP,buy_call,1.3878,1,2.6644,1.2766,0.012766,False,2018-09
2018-09-01,AMAT,skip,0.0,0,-9.7456,0.0,0.0,False,2018-09
2018-09-01,AMGN,buy_call,1.2991,1,4.4497,3.1506,0.031506,False,2018-09
2018-09-01,AMT,buy_call,1.3878,1,-2.5617,-1.3878,-0.013878,False,2018-09
2018-09-01,AMZN,buy_call,1.7587,1,-0.4824,-1.7587,-0.017587,False,2018-09
2018-09-01,AVGO,skip,0.0,0,12.6466,0.0,0.0,False,2018-09
2018-09-01,AXP,buy_call,1.2463,1,0.4812,-0.7651,-0.007651,False,2018-09
2018-09-01,BA,skip,0.0,0,9.0282,0.0,0.0,False,2018-09
2018-09-01,BAC,buy_call,1.4697,1,-4.7527,-1.4697,-0.014697,False,2018-09
2018-09-01,BDX,buy_call,1.1304,1,-0.3322,-1.1304,-0.011304,False,2018-09
2018-09-01,BKNG,skip,0.0,0,1.6628,0.0,0.0,False,2018-09
2018-09-01,BLK,skip,0.0,0,-1.6136,0.0,0.0,False,2018-09
2018-09-01,BMY,buy_call,1.2991,1,2.5269,1.2278,0.012278,False,2018-09
2018-09-01,BRK-B,buy_call,0.8314,1,2.5824,1.751,0.01751,False,2018-09
2018-09-01,C,skip,0.0,0,1.3366,0.0,0.0,False,2018-09
2018-09-01,CAT,skip,0.0,0,9.8235,0.0,0.0,False,2018-09
2018-09-01,CHTR,buy_call,1.425,1,4.9871,3.5621,0.035621,False,2018-09
2018-09-01,CL,skip,0.0,0,0.8131,0.0,0.0,False,2018-09
2018-09-01,CMCSA,buy_call,1.425,1,-4.2714,-1.425,-0.01425,False,2018-09
2018-09-01,CME,buy_call,1.2588,1,-2.5868,-1.2588,-0.012588,False,2018-09
2018-09-01,COST,buy_call,1.1851,1,1.0007,-0.1843,-0.001843,False,2018-09
2018-09-01,CRM,buy_call,1.7901,1,4.159,2.369,0.02369,False,2018-09
2018-09-01,CSCO,buy_call,1.3878,1,1.8422,0.4543,0.004543,False,2018-09
2018-09-01,CSX,buy_call,1.3788,1,0.1461,-1.2327,-0.012327,False,2018-09
2018-09-01,CVS,buy_call,1.3664,1,4.6252,3.2588,0.032588,False,2018-09
2018-09-01,CVX,skip,0.0,0,4.2144,0.0,0.0,False,2018-09
2018-09-01,DHR,buy_call,1.1304,1,4.9449,3.8146,0.038146,False,2018-09
2018-09-01,DIS,skip,0.0,0,4.3921,0.0,0.0,False,2018-09
2018-09-01,DUK,skip,0.0,0,-0.3723,0.0,0.0,False,2018-09
2018-09-01,ELV,buy_call,1.3664,1,3.5206,2.1542,0.021542,False,2018-09
2018-09-01,EOG,skip,0.0,0,7.8999,0.0,0.0,False,2018-09
2018-09-01,EQIX,skip,0.0,0,-0.2239,0.0,0.0,False,2018-09
2018-09-01,FDX,skip,0.0,0,-1.2953,0.0,0.0,False,2018-09
2018-09-01,GE,skip,0.0,0,-12.7512,0.0,0.0,False,2018-09
2018-09-01,GILD,skip,0.0,0,1.9543,0.0,0.0,False,2018-09
2018-09-01,GM,skip,0.0,0,-6.6019,0.0,0.0,False,2018-09
2018-09-01,GOOGL,buy_call,1.6021,1,-2.0068,-1.6021,-0.016021,False,2018-09
2018-09-01,GS,buy_call,1.2588,1,-5.3939,-1.2588,-0.012588,False,2018-09
2018-09-01,HD,buy_call,1.285,1,3.7066,2.4216,0.024216,False,2018-09
2018-09-01,HON,skip,0.0,0,5.126,0.0,0.0,False,2018-09
2018-09-01,IBM,buy_call,1.3878,1,4.3444,2.9565,0.029565,False,2018-09
2018-09-01,ICE,buy_call,1.3788,1,-1.7578,-1.3788,-0.013788,False,2018-09
2018-09-01,INTC,buy_call,1.9183,1,-1.7601,-1.9183,-0.019183,False,2018-09
2018-09-01,ISRG,buy_call,1.1304,1,2.5,1.3696,0.013696,False,2018-09
2018-09-01,ITW,skip,0.0,0,1.6129,0.0,0.0,False,2018-09
2018-09-01,JNJ,buy_call,0.9454,1,3.2673,2.3219,0.023219,False,2018-09
2018-09-01,JPM,buy_call,1.2588,1,-1.5186,-1.2588,-0.012588,False,2018-09
2018-09-01,KO,skip,0.0,0,3.6347,0.0,0.0,False,2018-09
2018-09-01,LLY,buy_call,1.6179,1,2.1325,0.5146,0.005146,False,2018-09
2018-09-01,LMT,skip,0.0,0,8.6493,0.0,0.0,False,2018-09
2018-09-01,LOW,buy_call,1.285,1,5.5816,4.2966,0.042966,False,2018-09
2018-09-01,MA,buy_call,1.2463,1,3.2706,2.0242,0.020242,False,2018-09
2018-09-01,MCD,buy_call,0.9076,1,3.7628,2.8552,0.028552,False,2018-09
2018-09-01,MDLZ,skip,0.0,0,0.5618,0.0,0.0,False,2018-09
2018-09-01,MDT,buy_call,1.1304,1,2.033,0.9026,0.009026,False,2018-09
2018-09-01,MET,buy_call,1.2588,1,2.7429,1.4841,0.014841,False,2018-09
2018-09-01,META,buy_call,1.9939,1,-6.4132,-1.9939,-0.019939,False,2018-09
2018-09-01,MMM,skip,0.0,0,0.5701,0.0,0.0,False,2018-09
2018-09-01,MO,skip,0.0,0,3.0588,0.0,0.0,False,2018-09
2018-09-01,MRK,buy_call,1.2498,1,3.4262,2.1764,0.021764,False,2018-09
2018-09-01,MS,skip,0.0,0,-4.6283,0.0,0.0,False,2018-09
2018-09-01,MSFT,buy_call,1.3211,1,2.2079,0.8867,0.008867,False,2018-09
2018-09-01,MU,skip,0.0,0,-13.8804,0.0,0.0,False,2018-09
2018-09-01,NEE,buy_call,0.9076,1,-0.8243,-0.9076,-0.009076,False,2018-09
2018-09-01,NFLX,buy_call,2.0558,1,1.7542,-0.3016,-0.003016,False,2018-09
2018-09-01,NKE,buy_call,1.6126,1,3.3195,1.7069,0.017069,False,2018-09
2018-09-01,NVDA,buy_call,2.4782,1,0.1759,-2.3023,-0.023023,False,2018-09
2018-09-01,ORCL,buy_call,1.6525,1,6.1342,4.4817,0.044817,False,2018-09
2018-09-01,PEP,skip,0.0,0,-0.1875,0.0,0.0,False,2018-09
2018-09-01,PFE,buy_call,1.2991,1,7.0454,5.7463,0.057463,False,2018-09
2018-09-01,PG,buy_call,0.9649,1,0.3375,-0.6273,-0.006273,False,2018-09
2018-09-01,PM,skip,0.0,0,4.6861,0.0,0.0,False,2018-09
2018-09-01,PYPL,buy_call,1.2463,1,-4.863,-1.2463,-0.012463,False,2018-09
2018-09-01,QCOM,buy_call,1.9552,1,4.8319,2.8767,0.028767,False,2018-09
2018-09-01,SBUX,buy_call,0.9076,1,7.0827,6.1751,0.061751,False,2018-09
2018-09-01,SCHW,skip,0.0,0,-2.9792,0.0,0.0,False,2018-09
2018-09-01,SO,skip,0.0,0,0.8629,0.0,0.0,False,2018-09
2018-09-01,SPGI,buy_call,1.2588,1,-5.3983,-1.2588,-0.012588,False,2018-09
2018-09-01,SYK,buy_call,1.1304,1,4.8693,3.7389,0.037389,False,2018-09
2018-09-01,T,buy_call,1.425,1,5.1346,3.7096,0.037096,False,2018-09
2018-09-01,TJX,buy_call,1.1249,1,2.259,1.1341,0.011341,False,2018-09
2018-09-01,TMO,buy_call,1.2997,1,2.0828,0.7831,0.007831,False,2018-09
2018-09-01,TMUS,buy_call,1.425,1,6.2689,4.8439,0.048439,False,2018-09
2018-09-01,TXN,buy_call,1.9183,1,-4.5462,-1.9183,-0.019183,False,2018-09
2018-09-01,UNH,buy_call,1.3664,1,-0.9014,-1.3664,-0.013664,False,2018-09
2018-09-01,UNP,buy_call,1.4854,1,8.683,7.1976,0.071976,False,2018-09
2018-09-01,USB,buy_call,1.2588,1,-2.4025,-1.2588,-0.012588,False,2018-09
2018-09-01,V,buy_call,1.172,1,2.3321,1.16,0.0116,False,2018-09
2018-09-01,VZ,buy_call,1.425,1,-1.8025,-1.425,-0.01425,False,2018-09
2018-09-01,WFC,buy_call,1.6006,1,-9.4654,-1.6006,-0.016006,False,2018-09
2018-09-01,WMT,buy_call,1.1249,1,-1.4652,-1.1249,-0.011249,False,2018-09
2018-09-01,XOM,skip,0.0,0,7.1435,0.0,0.0,False,2018-09
2018-10-01,AAPL,skip,0.0,0,-3.0478,0.0,0.0,False,2018-10
2018-10-01,ABBV,skip,0.0,0,-17.6887,0.0,0.0,False,2018-10
2018-10-01,ABT,buy_call,1.98,1,-6.0251,-1.98,-0.0198,False,2018-10
2018-10-01,ADBE,buy_call,2.3142,1,-8.9609,-2.3142,-0.023142,False,2018-10
2018-10-01,ADP,buy_call,2.431,1,-3.9168,-2.431,-0.02431,False,2018-10
2018-10-01,AMAT,skip,0.0,0,-14.9288,0.0,0.0,False,2018-10
2018-10-01,AMGN,buy_call,2.2755,1,-6.9951,-2.2755,-0.022755,False,2018-10
2018-10-01,AMT,skip,0.0,0,7.8251,0.0,0.0,False,2018-10
2018-10-01,AMZN,skip,0.0,0,-20.2192,0.0,0.0,False,2018-10
2018-10-01,AVGO,buy_call,3.3602,1,-8.7391,-3.3602,-0.033602,False,2018-10
2018-10-01,AXP,buy_call,2.1831,1,-3.5308,-2.1831,-0.021831,False,2018-10
2018-10-01,BA,buy_call,2.4152,1,-4.5819,-2.4152,-0.024152,False,2018-10
2018-10-01,BAC,skip,0.0,0,-6.2018,0.0,0.0,False,2018-10
2018-10-01,BDX,skip,0.0,0,-11.4279,0.0,0.0,False,2018-10
2018-10-01,BKNG,buy_call,2.4152,1,-5.5151,-2.4152,-0.024152,False,2018-10
2018-10-01,BLK,skip,0.0,0,-12.1358,0.0,0.0,False,2018-10
2018-10-01,BMY,buy_call,2.2755,1,-18.5889,-2.2755,-0.022755,False,2018-10
2018-10-01,BRK-B,buy_call,1.4564,1,-4.124,-1.4564,-0.014564,False,2018-10
2018-10-01,C,buy_call,2.4152,1,-8.7538,-2.4152,-0.024152,False,2018-10
2018-10-01,CAT,buy_call,2.6018,1,-20.4407,-2.6018,-0.026018,False,2018-10
2018-10-01,CHTR,buy_call,2.4962,1,-1.6908,-2.4962,-0.024962,False,2018-10
2018-10-01,CL,buy_call,1.6901,1,-11.053,-1.6901,-0.016901,False,2018-10
2018-10-01,CMCSA,skip,0.0,0,7.7097,0.0,0.0,False,2018-10
2018-10-01,CME,skip,0.0,0,8.0914,0.0,0.0,False,2018-10
2018-10-01,COST,buy_call,2.0759,1,-2.661,-2.0759,-0.020759,False,2018-10
2018-10-01,CRM,buy_call,3.1356,1,-13.7018,-3.1356,-0.031356,False,2018-10
2018-10-01,CSCO,buy_call,2.431,1,-5.961,-2.431,-0.02431,False,2018-10
2018-10-01,CSX,buy_call,2.4152,1,-7.0088,-2.4152,-0.024152,False,2018-10
2018-10-01,CVS,buy_call,2.3934,1,-8.0412,-2.3934,-0.023934,False,2018-10
2018-10-01,CVX,buy_call,2.4661,1,-8.6932,-2.4661,-0.024661,False,2018-10
2018-10-01,DHR,buy_call,1.98,1,-8.3874,-1.98,-0.0198,False,2018-10
2018-10-01,DIS,buy_call,2.6776,1,-1.8044,-2.6776,-0.026776,False,2018-10
2018-10-01,DUK,skip,0.0,0,3.2617,0.0,0.0,False,2018-10
2018-10-01,ELV,buy_call,2.3934,1,0.8338,-1.5596,-0.015596,False,2018-10
2018-10-01,EOG,buy_call,2.6018,1,-17.4257,-2.6018,-0.026018,False,2018-10
2018-10-01,EQIX,skip,0.0,0,-12.5089,0.0,0.0,False,2018-10
2018-10-01,FDX,skip,0.0,0,-8.2506,0.0,0.0,False,2018-10
2018-10-01,GE,skip,0.0,0,-9.6876,0.0,0.0,False,2018-10
2018-10-01,GILD,buy_call,2.2755,1,-11.0096,-2.2755,-0.022755,False,2018-10
2018-10-01,GM,skip,0.0,0,9.8553,0.0,0.0,False,2018-10
2018-10-01,GOOGL,skip,0.0,0,-9.6514,0.0,0.0,False,2018-10
2018-10-01,GS,skip,0.0,0,0.5039,0.0,0.0,False,2018-10
2018-10-01,HD,buy_call,2.2509,1,-15.0953,-2.2509,-0.022509,False,2018-10
2018-10-01,HON,buy_call,2.431,1,-9.1958,-2.431,-0.02431,False,2018-10
2018-10-01,IBM,buy_call,2.431,1,-23.6625,-2.431,-0.02431,False,2018-10
2018-10-01,ICE,skip,0.0,0,3.1879,0.0,0.0,False,2018-10
2018-10-01,INTC,skip,0.0,0,-0.867,0.0,0.0,False,2018-10
2018-10-01,ISRG,buy_call,1.98,1,-9.2021,-1.98,-0.0198,False,2018-10
2018-10-01,ITW,buy_call,2.431,1,-8.9648,-2.431,-0.02431,False,2018-10
2018-10-01,JNJ,buy_call,1.656,1,1.3172,-0.3388,-0.003388,False,2018-10
2018-10-01,JPM,skip,0.0,0,-3.3853,0.0,0.0,False,2018-10
2018-10-01,KO,buy_call,1.5898,1,4.5406,2.9507,0.029507,False,2018-10
2018-10-01,LLY,buy_call,2.834,1,1.053,-1.781,-0.01781,False,2018-10
2018-10-01,LMT,buy_call,2.6018,1,-15.0624,-2.6018,-0.026018,False,2018-10
2018-10-01,LOW,buy_call,2.2509,1,-17.0702,-2.2509,-0.022509,False,2018-10
2018-10-01,MA,buy_call,2.1831,1,-11.2034,-2.1831,-0.021831,False,2018-10
2018-10-01,MCD,buy_call,1.5898,1,5.7445,4.1546,0.041546,False,2018-10
2018-10-01,MDLZ,buy_call,1.7985,1,-1.6901,-1.7985,-0.017985,False,2018-10
2018-10-01,MDT,buy_call,1.98,1,-8.6917,-1.98,-0.0198,False,2018-10
2018-10-01,MET,buy_call,2.205,1,-11.8365,-2.205,-0.02205,False,2018-10
2018-10-01,META,skip,0.0,0,-7.704,0.0,0.0,False,2018-10
2018-10-01,MMM,buy_call,2.431,1,-9.7053,-2.431,-0.02431,False,2018-10
2018-10-01,MO,buy_call,1.7985,1,9.2204,7.4219,0.074219,False,2018-10
2018-10-01,MRK,buy_call,2.1892,1,4.4717,2.2825,0.022825,False,2018-10
2018-10-01,MS,skip,0.0,0,-1.9541,0.0,0.0,False,2018-10
2018-10-01,MSFT,buy_call,2.3142,1,-6.6101,-2.3142,-0.023142,False,2018-10
2018-10-01,MU,skip,0.0,0,-16.604,0.0,0.0,False,2018-10
2018-10-01,NEE,skip,0.0,0,2.9236,0.0,0.0,False,2018-10
2018-10-01,NFLX,buy_call,3.601,1,-19.3382,-3.601,-0.03601,False,2018-10
2018-10-01,NKE,buy_call,2.8247,1,-11.4259,-2.8247,-0.028247,False,2018-10
2018-10-01,NVDA,buy_call,4.3409,1,-24.9769,-4.3409,-0.043409,False,2018-10
2018-10-01,ORCL,buy_call,2.8947,1,-5.2754,-2.8947,-0.028947,False,2018-10
2018-10-01,PEP,skip,0.0,0,1.3502,0.0,0.0,False,2018-10
2018-10-01,PFE,buy_call,2.2755,1,-2.2918,-2.2755,-0.022755,False,2018-10
2018-10-01,PG,buy_call,1.6901,1,6.5481,4.858,0.04858,False,2018-10
2018-10-01,PM,buy_call,1.7985,1,9.5384,7.7399,0.077399,False,2018-10
2018-10-01,PYPL,skip,0.0,0,-4.1553,0.0,0.0,False,2018-10
2018-10-01,QCOM,buy_call,3.4248,1,-11.8941,-3.4248,-0.034248,False,2018-10
2018-10-01,SBUX,buy_call,1.5898,1,2.5158,0.926,0.00926,False,2018-10
2018-10-01,SCHW,skip,0.0,0,-5.9207,0.0,0.0,False,2018-10
2018-10-01,SO,buy_call,1.5898,1,3.2798,1.69,0.0169,False,2018-10
2018-10-01,SPGI,skip,0.0,0,-6.6892,0.0,0.0,False,2018-10
2018-10-01,SYK,buy_call,1.98,1,-8.4562,-1.98,-0.0198,False,2018-10
2018-10-01,T,buy_call,2.4962,1,-8.6361,-2.4962,-0.024962,False,2018-10
2018-10-01,TJX,buy_call,1.9704,1,-1.9104,-1.9704,-0.019704,False,2018-10
2018-10-01,TMO,buy_call,2.2767,1,-4.2065,-2.2767,-0.022767,False,2018-10
2018-10-01,TMUS,buy_call,2.4962,1,-2.3226,-2.4962,-0.024962,False,2018-10
2018-10-01,TXN,skip,0.0,0,-13.4775,0.0,0.0,False,2018-10
2018-10-01,UNH,skip,0.0,0,-1.4314,0.0,0.0,False,2018-10
2018-10-01,UNP,buy_call,2.6018,1,-10.2009,-2.6018,-0.026018,False,2018-10
2018-10-01,USB,skip,0.0,0,-0.3347,0.0,0.0,False,2018-10
2018-10-01,V,buy_call,2.053,1,-8.1551,-2.053,-0.02053,False,2018-10
2018-10-01,VZ,skip,0.0,0,6.9301,0.0,0.0,False,2018-10
2018-10-01,WFC,skip,0.0,0,1.2747,0.0,0.0,False,2018-10
2018-10-01,WMT,skip,0.0,0,6.7831,0.0,0.0,False,2018-10
2018-10-01,XOM,buy_call,2.6018,1,-6.2809,-2.6018,-0.026018,False,2018-10
2018-11-01,AAPL,skip,0.0,0,-18.4044,0.0,0.0,True,2018-11
2018-11-01,ABBV,skip,0.0,0,22.3872,0.0,0.0,True,2018-11
2018-11-01,ABT,skip,0.0,0,7.8539,0.0,0.0,True,2018-11
2018-11-01,ADBE,skip,0.0,0,2.0874,0.0,0.0,True,2018-11
2018-11-01,ADP,skip,0.0,0,2.3182,0.0,0.0,True,2018-11
2018-11-01,AMAT,skip,0.0,0,13.382,0.0,0.0,True,2018-11
2018-11-01,AMGN,skip,0.0,0,8.0191,0.0,0.0,True,2018-11
2018-11-01,AMT,buy_call,2.0692,6,5.5709,3.5017,0.210102,True,2018-11
2018-11-01,AMZN,skip,0.0,0,5.7672,0.0,0.0,True,2018-11
2018-11-01,AVGO,skip,0.0,0,6.2285,0.0,0.0,True,2018-11
2018-11-01,AXP,skip,0.0,0,9.6809,0.0,0.0,True,2018-11
2018-11-01,BA,skip,0.0,0,-2.2826,0.0,0.0,True,2018-11
2018-11-01,BAC,skip,0.0,0,3.2728,0.0,0.0,True,2018-11
2018-11-01,BDX,skip,0.0,0,9.6529,0.0,0.0,True,2018-11
2018-11-01,BKNG,skip,0.0,0,0.9229,0.0,0.0,True,2018-11
2018-11-01,BLK,skip,0.0,0,4.0324,0.0,0.0,True,2018-11
2018-11-01,BMY,skip,0.0,0,6.4573,0.0,0.0,True,2018-11
2018-11-01,BRK-B,skip,0.0,0,6.3133,0.0,0.0,True,2018-11
2018-11-01,C,skip,0.0,0,-1.0235,0.0,0.0,True,2018-11
2018-11-01,CAT,skip,0.0,0,12.5409,0.0,0.0,True,2018-11
2018-11-01,CHTR,skip,0.0,0,2.7562,0.0,0.0,True,2018-11
2018-11-01,CL,skip,0.0,0,7.3763,0.0,0.0,True,2018-11
2018-11-01,CMCSA,buy_call,2.1246,6,2.8312,0.7065,0.04239,True,2018-11
2018-11-01,CME,buy_call,1.8768,6,3.7328,1.856,0.11136,True,2018-11
2018-11-01,COST,skip,0.0,0,1.1591,0.0,0.0,True,2018-11
2018-11-01,CRM,skip,0.0,0,4.0222,0.0,0.0,True,2018-11
2018-11-01,CSCO,skip,0.0,0,5.3413,0.0,0.0,True,2018-11
2018-11-01,CSX,skip,0.0,0,5.4749,0.0,0.0,True,2018-11
2018-11-01,CVS,skip,0.0,0,11.5546,0.0,0.0,True,2018-11
2018-11-01,CVX,skip,0.0,0,6.5294,0.0,0.0,True,2018-11
2018-11-01,DHR,skip,0.0,0,10.2012,0.0,0.0,True,2018-11
2018-11-01,DIS,skip,0.0,0,0.5748,0.0,0.0,True,2018-11
2018-11-01,DUK,buy_call,1.3532,6,7.1887,5.8355,0.35013,True,2018-11
2018-11-01,ELV,buy_call,2.0372,6,5.2618,3.2247,0.193482,True,2018-11
2018-11-01,EOG,skip,0.0,0,-1.7507,0.0,0.0,True,2018-11
2018-11-01,EQIX,skip,0.0,0,1.7267,0.0,0.0,True,2018-11
2018-11-01,FDX,skip,0.0,0,3.9303,0.0,0.0,True,2018-11
2018-11-01,GE,skip,0.0,0,-25.7425,0.0,0.0,True,2018-11
2018-11-01,GILD,skip,0.0,0,5.5148,0.0,0.0,True,2018-11
2018-11-01,GM,buy_call,2.2145,6,3.7169,1.5024,0.090144,True,2018-11
2018-11-01,GOOGL,skip,0.0,0,1.7486,0.0,0.0,True,2018-11
2018-11-01,GS,buy_call,1.8768,6,-15.388,-1.8768,-0.112608,True,2018-11
2018-11-01,HD,skip,0.0,0,2.5245,0.0,0.0,True,2018-11
2018-11-01,HON,skip,0.0,0,1.3327,0.0,0.0,True,2018-11
2018-11-01,IBM,skip,0.0,0,7.6583,0.0,0.0,True,2018-11
2018-11-01,ICE,buy_call,2.0557,6,6.0747,4.019,0.24114,True,2018-11
2018-11-01,INTC,skip,0.0,0,5.1834,0.0,0.0,True,2018-11
2018-11-01,ISRG,skip,0.0,0,1.8592,0.0,0.0,True,2018-11
2018-11-01,ITW,skip,0.0,0,8.999,0.0,0.0,True,2018-11
2018-11-01,JNJ,buy_call,1.4095,6,4.936,3.5265,0.21159,True,2018-11
2018-11-01,JPM,skip,0.0,0,2.7047,0.0,0.0,True,2018-11
2018-11-01,KO,buy_call,1.3532,6,5.2631,3.91,0.2346,True,2018-11
2018-11-01,LLY,buy_call,2.4122,6,9.4061,6.9939,0.419634,True,2018-11
2018-11-01,LMT,skip,0.0,0,2.2392,0.0,0.0,True,2018-11
2018-11-01,LOW,skip,0.0,0,-0.4068,0.0,0.0,True,2018-11
2018-11-01,MA,skip,0.0,0,1.8378,0.0,0.0,True,2018-11
2018-11-01,MCD,buy_call,1.3532,6,6.5631,5.2099,0.312594,True,2018-11
2018-11-01,MDLZ,skip,0.0,0,7.1463,0.0,0.0,True,2018-11
2018-11-01,MDT,skip,0.0,0,8.5838,0.0,0.0,True,2018-11
2018-11-01,MET,skip,0.0,0,8.3515,0.0,0.0,True,2018-11
2018-11-01,META,skip,0.0,0,-7.3654,0.0,0.0,True,2018-11
2018-11-01,MMM,skip,0.0,0,9.282,0.0,0.0,True,2018-11
2018-11-01,MO,buy_call,1.5308,6,-15.698,-1.5308,-0.091848,True,2018-11
2018-11-01,MRK,buy_call,1.8633,6,7.7843,5.921,0.35526,True,2018-11
2018-11-01,MS,skip,0.0,0,-2.1133,0.0,0.0,True,2018-11
2018-11-01,MSFT,skip,0.0,0,3.8199,0.0,0.0,True,2018-11
2018-11-01,MU,skip,0.0,0,2.2269,0.0,0.0,True,2018-11
2018-11-01,NEE,buy_call,1.3532,6,5.3391,3.9859,0.239154,True,2018-11
2018-11-01,NFLX,skip,0.0,0,-5.1859,0.0,0.0,True,2018-11
2018-11-01,NKE,skip,0.0,0,0.1066,0.0,0.0,True,2018-11
2018-11-01,NVDA,skip,0.0,0,-22.4826,0.0,0.0,True,2018-11
2018-11-01,ORCL,skip,0.0,0,0.2382,0.0,0.0,True,2018-11
2018-11-01,PEP,buy_call,1.5308,6,8.5069,6.9761,0.418566,True,2018-11
2018-11-01,PFE,skip,0.0,0,7.3618,0.0,0.0,True,2018-11
2018-11-01,PG,buy_call,1.4385,6,7.5159,6.0774,0.364644,True,2018-11
2018-11-01,PM,buy_call,1.5308,6,-1.7486,-1.5308,-0.091848,True,2018-11
2018-11-01,PYPL,skip,0.0,0,1.9242,0.0,0.0,True,2018-11
2018-11-01,QCOM,skip,0.0,0,-7.3621,0.0,0.0,True,2018-11
2018-11-01,SBUX,buy_call,1.3532,6,14.5014,13.1482,0.788892,True,2018-11
2018-11-01,SCHW,skip,0.0,0,-3.1142,0.0,0.0,True,2018-11
2018-11-01,SO,buy_call,1.3532,6,5.1077,3.7546,0.225276,True,2018-11
2018-11-01,SPGI,skip,0.0,0,0.2962,0.0,0.0,True,2018-11
2018-11-01,SYK,skip,0.0,0,8.1617,0.0,0.0,True,2018-11
2018-11-01,T,skip,0.0,0,3.8406,0.0,0.0,True,2018-11
2018-11-01,TJX,skip,0.0,0,-11.0848,0.0,0.0,True,2018-11
2018-11-01,TMO,skip,0.0,0,6.8051,0.0,0.0,True,2018-11
2018-11-01,TMUS,skip,0.0,0,-0.1459,0.0,0.0,True,2018-11
2018-11-01,TXN,skip,0.0,0,8.4885,0.0,0.0,True,2018-11
2018-11-01,UNH,skip,0.0,0,7.6564,0.0,0.0,True,2018-11
2018-11-01,UNP,skip,0.0,0,5.1703,0.0,0.0,True,2018-11
2018-11-01,USB,skip,0.0,0,4.1898,0.0,0.0,True,2018-11
2018-11-01,V,skip,0.0,0,2.8002,0.0,0.0,True,2018-11
2018-11-01,VZ,buy_call,2.1246,6,6.7931,4.6685,0.28011,True,2018-11
2018-11-01,WFC,buy_call,2.3863,6,1.9726,-0.4138,-0.024828,True,2018-11
2018-11-01,WMT,buy_call,1.6771,6,-2.6227,-1.6771,-0.100626,True,2018-11
2018-11-01,XOM,skip,0.0,0,-0.2259,0.0,0.0,True,2018-11
2018-12-01,AAPL,skip,0.0,0,-11.3616,0.0,0.0,False,2018-12
2018-12-01,ABBV,buy_call,2.7246,1,-2.2065,-2.7246,-0.027246,False,2018-12
2018-12-01,ABT,buy_call,2.3708,1,-2.3227,-2.3708,-0.023708,False,2018-12
2018-12-01,ADBE,buy_call,2.7709,1,-9.825,-2.7709,-0.027709,False,2018-12
2018-12-01,ADP,buy_call,2.9108,1,-11.0568,-2.9108,-0.029108,False,2018-12
2018-12-01,AMAT,buy_call,4.0233,1,-11.6843,-4.0233,-0.040233,False,2018-12
2018-12-01,AMGN,buy_call,2.7246,1,-5.8683,-2.7246,-0.027246,False,2018-12
2018-12-01,AMT,buy_call,2.9108,1,-3.83,-2.9108,-0.029108,False,2018-12
2018-12-01,AMZN,buy_call,3.6886,1,-11.135,-3.6886,-0.036886,False,2018-12
2018-12-01,AVGO,buy_call,4.0233,1,7.1058,3.0825,0.030825,False,2018-12
2018-12-01,AXP,buy_call,2.6139,1,-15.0975,-2.6139,-0.026139,False,2018-12
2018-12-01,BA,skip,0.0,0,-6.5667,0.0,0.0,False,2018-12
2018-12-01,BAC,buy_call,3.0824,1,-13.2395,-3.0824,-0.030824,False,2018-12
2018-12-01,BDX,buy_call,2.3708,1,-10.8526,-2.3708,-0.023708,False,2018-12
2018-12-01,BKNG,buy_call,2.8919,1,-8.9572,-2.8919,-0.028919,False,2018-12
2018-12-01,BLK,buy_call,2.6402,1,-8.2218,-2.6402,-0.026402,False,2018-12
2018-12-01,BMY,buy_call,2.7246,1,-2.7684,-2.7246,-0.027246,False,2018-12
2018-12-01,BRK-B,buy_call,1.7438,1,-6.4425,-1.7438,-0.017438,False,2018-12
2018-12-01,C,skip,0.0,0,-19.0951,0.0,0.0,False,2018-12
2018-12-01,CAT,buy_call,3.1153,1,-6.3389,-3.1153,-0.031153,False,2018-12
2018-12-01,CHTR,buy_call,2.9888,1,-13.4356,-2.9888,-0.029888,False,2018-12
2018-12-01,CL,buy_call,2.0237,1,-6.2972,-2.0237,-0.020237,False,2018-12
2018-12-01,CMCSA,buy_call,2.9888,1,-12.7147,-2.9888,-0.029888,False,2018-12
2018-12-01,CME,buy_call,2.6402,1,-1.0312,-2.6402,-0.026402,False,2018-12
2018-12-01,COST,buy_call,2.4856,1,-11.7112,-2.4856,-0.024856,False,2018-12
2018-12-01,CRM,buy_call,3.7544,1,-4.0558,-3.7544,-0.037544,False,2018-12
2018-12-01,CSCO,buy_call,2.9108,1,-9.484,-2.9108,-0.029108,False,2018-12
2018-12-01,CSX,buy_call,2.8919,1,-14.1973,-2.8919,-0.028919,False,2018-12
2018-12-01,CVS,buy_call,2.8658,1,-18.3043,-2.8658,-0.028658,False,2018-12
2018-12-01,CVX,buy_call,2.9529,1,-7.6398,-2.9529,-0.029529,False,2018-12
2018-12-01,DHR,buy_call,2.3708,1,-5.8609,-2.3708,-0.023708,False,2018-12
2018-12-01,DIS,buy_call,3.2061,1,-5.0567,-3.2061,-0.032061,False,2018-12
2018-12-01,DUK,buy_call,1.9036,1,-1.5053,-1.9036,-0.019036,False,2018-12
2018-12-01,ELV,buy_call,2.8658,1,-9.4598,-2.8658,-0.028658,False,2018-12
2018-12-01,EOG,skip,0.0,0,-15.5842,0.0,0.0,False,2018-12
2018-12-01,EQIX,buy_call,2.9108,1,-7.9536,-2.9108,-0.029108,False,2018-12
2018-12-01,FDX,buy_call,2.9108,1,-29.5502,-2.9108,-0.029108,False,2018-12
2018-12-01,GE,skip,0.0,0,0.9333,0.0,0.0,False,2018-12
2018-12-01,GILD,buy_call,2.7246,1,-13.0525,-2.7246,-0.027246,False,2018-12
2018-12-01,GM,buy_call,3.1153,1,-11.8577,-3.1153,-0.031153,False,2018-12
2018-12-01,GOOGL,buy_call,3.3603,1,-5.8298,-3.3603,-0.033603,False,2018-12
2018-12-01,GS,skip,0.0,0,-12.0423,0.0,0.0,False,2018-12
2018-12-01,HD,buy_call,2.6952,1,-4.1439,-2.6952,-0.026952,False,2018-12
2018-12-01,HON,buy_call,2.9108,1,-9.4661,-2.9108,-0.029108,False,2018-12
2018-12-01,IBM,buy_call,2.9108,1,-7.3648,-2.9108,-0.029108,False,2018-12
2018-12-01,ICE,buy_call,2.8919,1,-7.8194,-2.8919,-0.028919,False,2018-12
2018-12-01,INTC,buy_call,4.0233,1,-4.2276,-4.0233,-0.040233,False,2018-12
2018-12-01,ISRG,buy_call,2.3708,1,-9.7858,-2.3708,-0.023708,False,2018-12
2018-12-01,ITW,buy_call,2.9108,1,-8.8889,-2.9108,-0.029108,False,2018-12
2018-12-01,JNJ,buy_call,1.9829,1,-11.5917,-1.9829,-0.019829,False,2018-12
2018-12-01,JPM,buy_call,2.6402,1,-12.2043,-2.6402,-0.026402,False,2018-12
2018-12-01,KO,buy_call,1.9036,1,-5.3087,-1.9036,-0.019036,False,2018-12
2018-12-01,LLY,buy_call,3.3933,1,-1.9702,-3.3933,-0.033933,False,2018-12
2018-12-01,LMT,buy_call,3.1153,1,-12.2062,-3.1153,-0.031153,False,2018-12
2018-12-01,LOW,skip,0.0,0,-2.1299,0.0,0.0,False,2018-12
2018-12-01,MA,buy_call,2.6139,1,-6.177,-2.6139,-0.026139,False,2018-12
2018-12-01,MCD,buy_call,1.9036,1,-5.2225,-1.9036,-0.019036,False,2018-12
2018-12-01,MDLZ,buy_call,2.1535,1,-11.0049,-2.1535,-0.021535,False,2018-12
2018-12-01,MDT,buy_call,2.3708,1,-6.7364,-2.3708,-0.023708,False,2018-12
2018-12-01,MET,buy_call,2.6402,1,-7.1042,-2.6402,-0.026402,False,2018-12
2018-12-01,META,skip,0.0,0,-6.7705,0.0,0.0,False,2018-12
2018-12-01,MMM,buy_call,2.9108,1,-7.7332,-2.9108,-0.029108,False,2018-12
2018-12-01,MO,skip,0.0,0,-9.9216,0.0,0.0,False,2018-12
2018-12-01,MRK,buy_call,2.6212,1,-3.6929,-2.6212,-0.026212,False,2018-12
2018-12-01,MS,skip,0.0,0,-10.6781,0.0,0.0,False,2018-12
2018-12-01,MSFT,buy_call,2.7709,1,-8.009,-2.7709,-0.027709,False,2018-12
2018-12-01,MU,buy_call,5.1976,1,-17.7126,-5.1976,-0.051976,False,2018-12
2018-12-01,NEE,buy_call,1.9036,1,-3.742,-1.9036,-0.019036,False,2018-12
2018-12-01,NFLX,skip,0.0,0,-6.4551,0.0,0.0,False,2018-12
2018-12-01,NKE,buy_call,3.3821,1,-1.0116,-3.3821,-0.033821,False,2018-12
2018-12-01,NVDA,skip,0.0,0,-18.2319,0.0,0.0,False,2018-12
2018-12-01,ORCL,buy_call,3.466,1,-7.4036,-3.466,-0.03466,False,2018-12
2018-12-01,PEP,buy_call,2.1535,1,-9.3981,-2.1535,-0.021535,False,2018-12
2018-12-01,PFE,buy_call,2.7246,1,-4.8522,-2.7246,-0.027246,False,2018-12
2018-12-01,PG,buy_call,2.0237,1,-2.7404,-2.0237,-0.020237,False,2018-12
2018-12-01,PM,skip,0.0,0,-22.8476,0.0,0.0,False,2018-12
2018-12-01,PYPL,buy_call,2.6139,1,-2.0044,-2.6139,-0.026139,False,2018-12
2018-12-01,QCOM,skip,0.0,0,-2.3172,0.0,0.0,False,2018-12
2018-12-01,SBUX,buy_call,1.9036,1,-2.959,-1.9036,-0.019036,False,2018-12
2018-12-01,SCHW,skip,0.0,0,-7.0504,0.0,0.0,False,2018-12
2018-12-01,SO,buy_call,1.9036,1,-6.0094,-1.9036,-0.019036,False,2018-12
2018-12-01,SPGI,buy_call,2.6402,1,-6.8028,-2.6402,-0.026402,False,2018-12
2018-12-01,SYK,buy_call,2.3708,1,-10.6634,-2.3708,-0.023708,False,2018-12
2018-12-01,T,buy_call,2.9888,1,-8.6427,-2.9888,-0.029888,False,2018-12
2018-12-01,TJX,skip,0.0,0,-8.08,0.0,0.0,False,2018-12
2018-12-01,TMO,buy_call,2.726,1,-10.3226,-2.726,-0.02726,False,2018-12
2018-12-01,TMUS,skip,0.0,0,-7.0709,0.0,0.0,False,2018-12
2018-12-01,TXN,buy_call,4.0233,1,-5.358,-4.0233,-0.040233,False,2018-12
2018-12-01,UNH,buy_call,2.8658,1,-11.1757,-2.8658,-0.028658,False,2018-12
2018-12-01,UNP,buy_call,3.1153,1,-9.6362,-3.1153,-0.031153,False,2018-12
2018-12-01,USB,buy_call,2.6402,1,-16.0853,-2.6402,-0.026402,False,2018-12
2018-12-01,V,buy_call,2.4582,1,-6.7272,-2.4582,-0.024582,False,2018-12
2018-12-01,VZ,buy_call,2.9888,1,-6.7662,-2.9888,-0.029888,False,2018-12
2018-12-01,WFC,buy_call,3.357,1,-14.42,-3.357,-0.03357,False,2018-12
2018-12-01,WMT,skip,0.0,0,-4.6083,0.0,0.0,False,2018-12
2018-12-01,XOM,skip,0.0,0,-13.3569,0.0,0.0,False,2018-12
2019-01-01,AAPL,skip,0.0,0,5.5154,0.0,0.0,True,2019-01
2019-01-01,ABBV,skip,0.0,0,-12.9081,0.0,0.0,True,2019-01
2019-01-01,ABT,skip,0.0,0,0.8987,0.0,0.0,True,2019-01
2019-01-01,ADBE,skip,0.0,0,9.5385,0.0,0.0,True,2019-01
2019-01-01,ADP,skip,0.0,0,7.2575,0.0,0.0,True,2019-01
2019-01-01,AMAT,skip,0.0,0,19.3647,0.0,0.0,True,2019-01
2019-01-01,AMGN,skip,0.0,0,-3.8835,0.0,0.0,True,2019-01
2019-01-01,AMT,skip,0.0,0,9.8619,0.0,0.0,True,2019-01
2019-01-01,AMZN,skip,0.0,0,14.4317,0.0,0.0,True,2019-01
2019-01-01,AVGO,buy_call,2.6226,90,6.6056,3.983,3.5847,True,2019-01
2019-01-01,AXP,skip,0.0,0,7.7423,0.0,0.0,True,2019-01
2019-01-01,BA,skip,0.0,0,19.5721,0.0,0.0,True,2019-01
2019-01-01,BAC,skip,0.0,0,16.1896,0.0,0.0,True,2019-01
2019-01-01,BDX,skip,0.0,0,11.0682,0.0,0.0,True,2019-01
2019-01-01,BKNG,skip,0.0,0,6.409,0.0,0.0,True,2019-01
2019-01-01,BLK,skip,0.0,0,6.4821,0.0,0.0,True,2019-01
2019-01-01,BMY,skip,0.0,0,-5.0212,0.0,0.0,True,2019-01
2019-01-01,BRK-B,skip,0.0,0,0.6661,0.0,0.0,True,2019-01
2019-01-01,C,skip,0.0,0,23.8187,0.0,0.0,True,2019-01
2019-01-01,CAT,skip,0.0,0,4.7926,0.0,0.0,True,2019-01
2019-01-01,CHTR,skip,0.0,0,16.1701,0.0,0.0,True,2019-01
2019-01-01,CL,skip,0.0,0,8.6693,0.0,0.0,True,2019-01
2019-01-01,CME,skip,0.0,0,-1.8017,0.0,0.0,True,2019-01
2019-01-01,COST,skip,0.0,0,5.3606,0.0,0.0,True,2019-01
2019-01-01,CRM,skip,0.0,0,10.9513,0.0,0.0,True,2019-01
2019-01-01,CSCO,skip,0.0,0,9.1392,0.0,0.0,True,2019-01
2019-01-01,CSX,skip,0.0,0,5.746,0.0,0.0,True,2019-01
2019-01-01,CVS,skip,0.0,0,0.0458,0.0,0.0,True,2019-01
2019-01-01,CVX,skip,0.0,0,5.3865,0.0,0.0,True,2019-01
2019-01-01,DHR,skip,0.0,0,7.7364,0.0,0.0,True,2019-01
2019-01-01,DIS,skip,0.0,0,2.4943,0.0,0.0,True,2019-01
2019-01-01,DUK,skip,0.0,0,1.715,0.0,0.0,True,2019-01
2019-01-01,EL,skip,0.0,0,4.8578,0.0,0.0,True,2019-01
2019-01-01,ELV,skip,0.0,0,15.6642,0.0,0.0,True,2019-01
2019-01-01,EOG,skip,0.0,0,13.7484,0.0,0.0,True,2019-01
2019-01-01,FDX,skip,0.0,0,10.4,0.0,0.0,True,2019-01
2019-01-01,GE,buy_call,2.0307,90,34.3986,32.3679,29.13111,True,2019-01
2019-01-01,GILD,skip,0.0,0,12.8706,0.0,0.0,True,2019-01
2019-01-01,GM,skip,0.0,0,17.8783,0.0,0.0,True,2019-01
2019-01-01,GOOGL,skip,0.0,0,7.7448,0.0,0.0,True,2019-01
2019-01-01,GS,skip,0.0,0,18.5334,0.0,0.0,True,2019-01
2019-01-01,HD,skip,0.0,0,6.8153,0.0,0.0,True,2019-01
2019-01-01,HON,skip,0.0,0,8.7118,0.0,0.0,True,2019-01
2019-01-01,IBM,skip,0.0,0,18.2546,0.0,0.0,True,2019-01
2019-01-01,ICE,skip,0.0,0,2.2128,0.0,0.0,True,2019-01
2019-01-01,INTC,skip,0.0,0,0.4048,0.0,0.0,True,2019-01
2019-01-01,INTU,skip,0.0,0,9.6368,0.0,0.0,True,2019-01
2019-01-01,ISRG,skip,0.0,0,9.3377,0.0,0.0,True,2019-01
2019-01-01,ITW,skip,0.0,0,9.2502,0.0,0.0,True,2019-01
2019-01-01,JNJ,skip,0.0,0,3.1228,0.0,0.0,True,2019-01
2019-01-01,JPM,skip,0.0,0,6.0234,0.0,0.0,True,2019-01
2019-01-01,KO,skip,0.0,0,1.6473,0.0,0.0,True,2019-01
2019-01-01,LLY,skip,0.0,0,3.5776,0.0,0.0,True,2019-01
2019-01-01,LMT,skip,0.0,0,10.6363,0.0,0.0,True,2019-01
2019-01-01,LOW,skip,0.0,0,4.1143,0.0,0.0,True,2019-01
2019-01-01,MA,skip,0.0,0,11.9163,0.0,0.0,True,2019-01
2019-01-01,MCD,skip,0.0,0,0.6814,0.0,0.0,True,2019-01
2019-01-01,MDLZ,skip,0.0,0,16.315,0.0,0.0,True,2019-01
2019-01-01,MDT,skip,0.0,0,-2.2743,0.0,0.0,True,2019-01
2019-01-01,META,skip,0.0,0,27.1569,0.0,0.0,True,2019-01
2019-01-01,MMM,skip,0.0,0,5.1223,0.0,0.0,True,2019-01
2019-01-01,MO,skip,0.0,0,1.5744,0.0,0.0,True,2019-01
2019-01-01,MRK,skip,0.0,0,-1.9085,0.0,0.0,True,2019-01
2019-01-01,MS,skip,0.0,0,6.6834,0.0,0.0,True,2019-01
2019-01-01,MSFT,skip,0.0,0,2.8158,0.0,0.0,True,2019-01
2019-01-01,MU,skip,0.0,0,20.4538,0.0,0.0,True,2019-01
2019-01-01,NEE,skip,0.0,0,2.9686,0.0,0.0,True,2019-01
2019-01-01,NFLX,skip,0.0,0,26.84,0.0,0.0,True,2019-01
2019-01-01,NKE,skip,0.0,0,10.4397,0.0,0.0,True,2019-01
2019-01-01,NVDA,skip,0.0,0,7.6779,0.0,0.0,True,2019-01
2019-01-01,ORCL,skip,0.0,0,11.2513,0.0,0.0,True,2019-01
2019-01-01,PEP,skip,0.0,0,2.792,0.0,0.0,True,2019-01
2019-01-01,PFE,skip,0.0,0,-2.7492,0.0,0.0,True,2019-01
2019-01-01,PG,skip,0.0,0,4.95,0.0,0.0,True,2019-01
2019-01-01,PM,skip,0.0,0,16.6888,0.0,0.0,True,2019-01
2019-01-01,PYPL,skip,0.0,0,5.5536,0.0,0.0,True,2019-01
2019-01-01,QCOM,skip,0.0,0,-12.0408,0.0,0.0,True,2019-01
2019-01-01,SBUX,skip,0.0,0,5.8075,0.0,0.0,True,2019-01
2019-01-01,SCHW,skip,0.0,0,12.6174,0.0,0.0,True,2019-01
2019-01-01,SO,skip,0.0,0,10.6557,0.0,0.0,True,2019-01
2019-01-01,SPGI,skip,0.0,0,12.7751,0.0,0.0,True,2019-01
2019-01-01,SYK,skip,0.0,0,13.6646,0.0,0.0,True,2019-01
2019-01-01,T,skip,0.0,0,5.3258,0.0,0.0,True,2019-01
2019-01-01,TJX,skip,0.0,0,11.1533,0.0,0.0,True,2019-01
2019-01-01,TMO,skip,0.0,0,9.8543,0.0,0.0,True,2019-01
2019-01-01,TMUS,skip,0.0,0,9.4482,0.0,0.0,True,2019-01
2019-01-01,TXN,skip,0.0,0,6.5397,0.0,0.0,True,2019-01
2019-01-01,UNH,skip,0.0,0,8.4618,0.0,0.0,True,2019-01
2019-01-01,UNP,skip,0.0,0,15.0763,0.0,0.0,True,2019-01
2019-01-01,USB,skip,0.0,0,12.8623,0.0,0.0,True,2019-01
2019-01-01,V,skip,0.0,0,2.3268,0.0,0.0,True,2019-01
2019-01-01,VRTX,skip,0.0,0,15.2073,0.0,0.0,True,2019-01
2019-01-01,VZ,skip,0.0,0,-2.0633,0.0,0.0,True,2019-01
2019-01-01,WFC,skip,0.0,0,6.1415,0.0,0.0,True,2019-01
2019-01-01,WMT,skip,0.0,0,3.4385,0.0,0.0,True,2019-01
2019-01-01,XOM,skip,0.0,0,7.4644,0.0,0.0,True,2019-01
2019-01-01,ZTS,skip,0.0,0,0.7248,0.0,0.0,True,2019-01
2019-02-01,AAPL,buy_call,1.763,1,4.0315,2.2684,0.022684,False,2019-02
2019-02-01,ABBV,skip,0.0,0,-0.0973,0.0,0.0,False,2019-02
2019-02-01,ABT,buy_call,1.3785,1,6.8511,5.4726,0.054726,False,2019-02
2019-02-01,ADBE,buy_call,1.6111,1,5.9237,4.3126,0.043126,False,2019-02
2019-02-01,ADP,buy_call,1.6924,1,9.4322,7.7397,0.077397,False,2019-02
2019-02-01,AMAT,buy_call,2.3393,1,-1.8935,-2.3393,-0.023393,False,2019-02
2019-02-01,AMGN,skip,0.0,0,1.5873,0.0,0.0,False,2019-02
2019-02-01,AMT,buy_call,1.6924,1,1.915,0.2226,0.002226,False,2019-02
2019-02-01,AMZN,buy_call,2.1447,1,-4.5906,-2.1447,-0.021447,False,2019-02
2019-02-01,AVGO,buy_call,2.3393,1,2.6505,0.3112,0.003112,False,2019-02
2019-02-01,AXP,buy_call,1.5198,1,5.3369,3.817,0.03817,False,2019-02
2019-02-01,BA,buy_call,1.6815,1,14.0916,12.4101,0.124101,False,2019-02
2019-02-01,BAC,buy_call,1.7922,1,2.1426,0.3504,0.003504,False,2019-02
2019-02-01,BDX,buy_call,1.3785,1,-0.2686,-1.3785,-0.013785,False,2019-02
2019-02-01,BKNG,buy_call,1.6815,1,-7.4077,-1.6815,-0.016815,False,2019-02
2019-02-01,BLK,buy_call,1.5351,1,6.7794,5.2443,0.052443,False,2019-02
2019-02-01,BMY,skip,0.0,0,5.4632,0.0,0.0,False,2019-02
2019-02-01,BRK-B,buy_call,1.0139,1,-2.0629,-1.0139,-0.010139,False,2019-02
2019-02-01,C,buy_call,1.6815,1,-0.7447,-1.6815,-0.016815,False,2019-02
2019-02-01,CAT,buy_call,1.8113,1,3.8026,1.9913,0.019913,False,2019-02
2019-02-01,CHTR,buy_call,1.7378,1,4.1867,2.4489,0.024489,False,2019-02
2019-02-01,CL,buy_call,1.1766,1,2.5274,1.3508,0.013508,False,2019-02
2019-02-01,CME,skip,0.0,0,-0.203,0.0,0.0,False,2019-02
2019-02-01,COST,buy_call,1.4452,1,1.9149,0.4698,0.004698,False,2019-02
2019-02-01,CRM,buy_call,2.1829,1,7.6857,5.5028,0.055028,False,2019-02
2019-02-01,CSCO,buy_call,1.6924,1,10.3211,8.6286,0.086286,False,2019-02
2019-02-01,CSX,buy_call,1.6815,1,10.6088,8.9274,0.089274,False,2019-02
2019-02-01,CVS,buy_call,1.6663,1,-11.105,-1.6663,-0.016663,False,2019-02
2019-02-01,CVX,buy_call,1.7169,1,4.3,2.5831,0.025831,False,2019-02
2019-02-01,DHR,buy_call,1.3785,1,14.515,13.1365,0.131365,False,2019-02
2019-02-01,DIS,buy_call,1.8641,1,1.1836,-0.6805,-0.006805,False,2019-02
2019-02-01,DUK,buy_call,1.1068,1,2.1417,1.0349,0.010349,False,2019-02
2019-02-01,EL,buy_call,1.6815,1,15.0418,13.3604,0.133604,False,2019-02
2019-02-01,ELV,buy_call,1.6663,1,-0.7492,-1.6663,-0.016663,False,2019-02
2019-02-01,EOG,buy_call,1.8113,1,-5.03,-1.8113,-0.018113,False,2019-02
2019-02-01,FDX,buy_call,1.6924,1,1.9316,0.2392,0.002392,False,2019-02
2019-02-01,GE,buy_call,1.8113,1,6.3544,4.543,0.04543,False,2019-02
2019-02-01,GILD,buy_call,1.5842,1,-7.1275,-1.5842,-0.015842,False,2019-02
2019-02-01,GM,buy_call,1.8113,1,1.1789,-0.6325,-0.006325,False,2019-02
2019-02-01,GOOGL,buy_call,1.9538,1,0.0586,-1.8951,-0.018951,False,2019-02
2019-02-01,GS,buy_call,1.5351,1,-0.6616,-1.5351,-0.015351,False,2019-02
2019-02-01,HD,buy_call,1.5671,1,0.8773,-0.6898,-0.006898,False,2019-02
2019-02-01,HON,buy_call,1.6924,1,7.2687,5.5763,0.055763,False,2019-02
2019-02-01,IBM,buy_call,1.6924,1,2.76,1.0675,0.010675,False,2019-02
2019-02-01,ICE,buy_call,1.6815,1,0.5081,-1.1734,-0.011734,False,2019-02
2019-02-01,INTC,buy_call,2.3393,1,12.3939,10.0546,0.100546,False,2019-02
2019-02-01,INTU,buy_call,2.0003,1,14.7722,12.7719,0.127719,False,2019-02
2019-02-01,ISRG,buy_call,1.3785,1,4.5776,3.1991,0.031991,False,2019-02
2019-02-01,ITW,buy_call,1.6924,1,4.9304,3.238,0.03238,False,2019-02
2019-02-01,JNJ,buy_call,1.1529,1,2.6751,1.5222,0.015222,False,2019-02
2019-02-01,JPM,buy_call,1.5351,1,1.6498,0.1147,0.001147,False,2019-02
2019-02-01,KO,buy_call,1.1068,1,-5.7968,-1.1068,-0.011068,False,2019-02
2019-02-01,LLY,buy_call,1.973,1,5.3646,3.3916,0.033916,False,2019-02
2019-02-01,LMT,buy_call,1.8113,1,6.8073,4.9959,0.049959,False,2019-02
2019-02-01,LOW,buy_call,1.5671,1,9.8417,8.2747,0.082747,False,2019-02
2019-02-01,MA,buy_call,1.5198,1,6.6445,5.1247,0.051247,False,2019-02
2019-02-01,MCD,buy_call,1.1068,1,2.8303,1.7235,0.017235,False,2019-02
2019-02-01,MDLZ,buy_call,1.2521,1,1.9455,0.6934,0.006934,False,2019-02
2019-02-01,MDT,skip,0.0,0,2.3871,0.0,0.0,False,2019-02
2019-02-01,META,buy_call,2.4315,1,-3.1436,-2.4315,-0.024315,False,2019-02
2019-02-01,MMM,buy_call,1.6924,1,3.5397,1.8473,0.018473,False,2019-02
2019-02-01,MO,buy_call,1.2521,1,6.2006,4.9485,0.049485,False,2019-02
2019-02-01,MRK,skip,0.0,0,9.2167,0.0,0.0,False,2019-02
2019-02-01,MS,buy_call,1.5351,1,-0.0508,-1.5351,-0.015351,False,2019-02
2019-02-01,MSFT,buy_call,1.6111,1,7.2776,5.6665,0.056665,False,2019-02
2019-02-01,MU,buy_call,3.0221,1,6.9597,3.9376,0.039376,False,2019-02
2019-02-01,NEE,buy_call,1.1068,1,4.8833,3.7765,0.037765,False,2019-02
2019-02-01,NFLX,buy_call,2.507,1,5.4786,2.9717,0.029717,False,2019-02
2019-02-01,NKE,buy_call,1.9665,1,4.702,2.7355,0.027355,False,2019-02
2019-02-01,NVDA,buy_call,3.0221,1,7.3113,4.2892,0.042892,False,2019-02
2019-02-01,ORCL,buy_call,2.0152,1,4.1935,2.1783,0.021783,False,2019-02
2019-02-01,PEP,buy_call,1.2521,1,2.636,1.384,0.01384,False,2019-02
2019-02-01,PFE,skip,0.0,0,3.0121,0.0,0.0,False,2019-02
2019-02-01,PG,buy_call,1.1766,1,2.9641,1.7874,0.017874,False,2019-02
2019-02-01,PM,buy_call,1.2521,1,13.3212,12.0691,0.120691,False,2019-02
2019-02-01,PYPL,buy_call,1.5198,1,10.489,8.9691,0.089691,False,2019-02
2019-02-01,QCOM,skip,0.0,0,7.815,0.0,0.0,False,2019-02
2019-02-01,SBUX,buy_call,1.1068,1,3.1113,2.0044,0.020044,False,2019-02
2019-02-01,SCHW,buy_call,1.5351,1,-1.625,-1.5351,-0.015351,False,2019-02
2019-02-01,SO,buy_call,1.1068,1,2.2428,1.136,0.01136,False,2019-02
2019-02-01,SPGI,buy_call,1.5351,1,4.5499,3.0148,0.030148,False,2019-02
2019-02-01,SYK,buy_call,1.3785,1,6.161,4.7825,0.047825,False,2019-02
2019-02-01,T,buy_call,1.7378,1,5.8104,4.0726,0.040726,False,2019-02
2019-02-01,TJX,buy_call,1.3717,1,3.137,1.7652,0.017652,False,2019-02
2019-02-01,TMO,buy_call,1.585,1,5.658,4.073,0.04073,False,2019-02
2019-02-01,TMUS,buy_call,1.7378,1,3.7202,1.9824,0.019824,False,2019-02
2019-02-01,TXN,buy_call,2.3393,1,5.8699,3.5306,0.035306,False,2019-02
2019-02-01,UNH,buy_call,1.6663,1,-10.3553,-1.6663,-0.016663,False,2019-02
2019-02-01,UNP,buy_call,1.8113,1,5.4253,3.614,0.03614,False,2019-02
2019-02-01,USB,buy_call,1.5351,1,1.036,-0.4991,-0.004991,False,2019-02
2019-02-01,V,buy_call,1.4293,1,9.7104,8.2811,0.082811,False,2019-02
2019-02-01,VRTX,buy_call,1.5842,1,-1.1314,-1.5842,-0.015842,False,2019-02
2019-02-01,VZ,skip,0.0,0,4.4571,0.0,0.0,False,2019-02
2019-02-01,WFC,buy_call,1.9518,1,2.9284,0.9765,0.009765,False,2019-02
2019-02-01,WMT,buy_call,1.3717,1,3.2975,1.9258,0.019258,False,2019-02
2019-02-01,XOM,buy_call,1.8113,1,7.8467,6.0353,0.060353,False,2019-02
2019-02-01,ZTS,buy_call,1.5842,1,9.5823,7.9981,0.079981,False,2019-02
2019-03-01,AAPL,buy_call,1.6354,1,10.1731,8.5377,0.085377,False,2019-03
2019-03-01,ABBV,skip,0.0,0,1.7037,0.0,0.0,False,2019-03
2019-03-01,ABT,buy_call,1.2787,1,2.9889,1.7102,0.017102,False,2019-03
2019-03-01,ADBE,buy_call,1.4945,1,1.52,0.0255,0.000255,False,2019-03
2019-03-01,ADP,buy_call,1.5699,1,4.3848,2.8149,0.028149,False,2019-03
2019-03-01,AMAT,skip,0.0,0,3.972,0.0,0.0,False,2019-03
2019-03-01,AMGN,buy_call,1.4695,1,0.7202,-0.7493,-0.007493,False,2019-03
2019-03-01,AMT,buy_call,1.5699,1,11.8706,10.3007,0.103007,False,2019-03
2019-03-01,AMZN,skip,0.0,0,8.5936,0.0,0.0,False,2019-03
2019-03-01,AVGO,buy_call,2.1699,1,9.2061,7.0362,0.070362,False,2019-03
2019-03-01,AXP,buy_call,1.4098,1,1.4479,0.0381,0.000381,False,2019-03
2019-03-01,BA,buy_call,1.5597,1,-12.8702,-1.5597,-0.015597,False,2019-03
2019-03-01,BAC,buy_call,1.6625,1,-4.6394,-1.6625,-0.016625,False,2019-03
2019-03-01,BDX,skip,0.0,0,0.3779,0.0,0.0,False,2019-03
2019-03-01,BKNG,skip,0.0,0,2.8208,0.0,0.0,False,2019-03
2019-03-01,BLK,buy_call,1.424,1,-3.5761,-1.424,-0.01424,False,2019-03
2019-03-01,BMY,buy_call,1.4695,1,-7.6461,-1.4695,-0.014695,False,2019-03
2019-03-01,BRK-B,skip,0.0,0,-0.2037,0.0,0.0,False,2019-03
2019-03-01,C,skip,0.0,0,-2.0672,0.0,0.0,False,2019-03
2019-03-01,CAT,buy_call,1.6802,1,-1.347,-1.6802,-0.016802,False,2019-03
2019-03-01,CHTR,buy_call,1.612,1,0.5799,-1.0321,-0.010321,False,2019-03
2019-03-01,CL,buy_call,1.0914,1,4.0534,2.962,0.02962,False,2019-03
2019-03-01,CME,skip,0.0,0,-9.5267,0.0,0.0,False,2019-03
2019-03-01,COST,buy_call,1.3406,1,10.9966,9.6561,0.096561,False,2019-03
2019-03-01,CRM,buy_call,2.0249,1,-3.2264,-2.0249,-0.020249,False,2019-03
2019-03-01,CSCO,buy_call,1.5699,1,4.2882,2.7183,0.027183,False,2019-03
2019-03-01,CSX,buy_call,1.5597,1,3.2993,1.7396,0.017396,False,2019-03
2019-03-01,CVS,skip,0.0,0,-6.7439,0.0,0.0,False,2019-03
2019-03-01,CVX,buy_call,1.5926,1,4.0461,2.4535,0.024535,False,2019-03
2019-03-01,DHR,buy_call,1.2787,1,3.9364,2.6577,0.026577,False,2019-03
2019-03-01,DIS,buy_call,1.7292,1,-1.6041,-1.7292,-0.017292,False,2019-03
2019-03-01,DUK,buy_call,1.0267,1,1.4299,0.4032,0.004032,False,2019-03
2019-03-01,EL,buy_call,1.5597,1,5.7769,4.2172,0.042172,False,2019-03
2019-03-01,ELV,skip,0.0,0,-4.5722,0.0,0.0,False,2019-03
2019-03-01,EOG,skip,0.0,0,1.2553,0.0,0.0,False,2019-03
2019-03-01,FDX,buy_call,1.5699,1,0.2265,-1.3434,-0.013434,False,2019-03
2019-03-01,GE,buy_call,1.6802,1,-3.8499,-1.6802,-0.016802,False,2019-03
2019-03-01,GILD,skip,0.0,0,-0.0154,0.0,0.0,False,2019-03
2019-03-01,GM,buy_call,1.6802,1,-6.0284,-1.6802,-0.016802,False,2019-03
2019-03-01,GOOGL,buy_call,1.8123,1,4.4685,2.6562,0.026562,False,2019-03
2019-03-01,GS,skip,0.0,0,-2.0003,0.0,0.0,False,2019-03
2019-03-01,HD,buy_call,1.4536,1,3.6459,2.1923,0.021923,False,2019-03
2019-03-01,HON,buy_call,1.5699,1,3.698,2.1281,0.021281,False,2019-03
2019-03-01,IBM,buy_call,1.5699,1,3.3403,1.7704,0.017704,False,2019-03
2019-03-01,ICE,buy_call,1.5597,1,-1.3091,-1.5597,-0.015597,False,2019-03
2019-03-01,INTC,buy_call,2.1699,1,2.04,-0.1299,-0.001299,False,2019-03
2019-03-01,INTU,buy_call,1.8555,1,5.7784,3.9228,0.039228,False,2019-03
2019-03-01,ISRG,buy_call,1.2787,1,4.1946,2.9159,0.029159,False,2019-03
2019-03-01,ITW,buy_call,1.5699,1,-0.3818,-1.5699,-0.015699,False,2019-03
2019-03-01,JNJ,buy_call,1.0694,1,2.9838,1.9144,0.019144,False,2019-03
2019-03-01,JPM,buy_call,1.424,1,-2.9992,-1.424,-0.01424,False,2019-03
2019-03-01,KO,skip,0.0,0,3.3525,0.0,0.0,False,2019-03
2019-03-01,LLY,buy_call,1.8302,1,3.3045,1.4744,0.014744,False,2019-03
2019-03-01,LMT,buy_call,1.6802,1,-2.2907,-1.6802,-0.016802,False,2019-03
2019-03-01,LOW,buy_call,1.4536,1,4.1679,2.7142,0.027142,False,2019-03
2019-03-01,MA,buy_call,1.4098,1,4.7515,3.3417,0.033417,False,2019-03
2019-03-01,MCD,buy_call,1.0267,1,3.954,2.9273,0.029273,False,2019-03
2019-03-01,MDLZ,buy_call,1.1614,1,5.8524,4.691,0.04691,False,2019-03
2019-03-01,MDT,buy_call,1.2787,1,0.6409,-0.6378,-0.006378,False,2019-03
2019-03-01,META,skip,0.0,0,3.2456,0.0,0.0,False,2019-03
2019-03-01,MMM,buy_call,1.5699,1,0.8807,-0.6892,-0.006892,False,2019-03
2019-03-01,MO,buy_call,1.1614,1,9.5783,8.4169,0.084169,False,2019-03
2019-03-01,MRK,buy_call,1.4137,1,2.3127,0.899,0.00899,False,2019-03
2019-03-01,MS,skip,0.0,0,0.5241,0.0,0.0,False,2019-03
2019-03-01,MSFT,buy_call,1.4945,1,5.725,4.2305,0.042305,False,2019-03
2019-03-01,MU,buy_call,2.8033,1,1.1008,-1.7025,-0.017025,False,2019-03
2019-03-01,NEE,buy_call,1.0267,1,3.6716,2.6449,0.026449,False,2019-03
2019-03-01,NFLX,buy_call,2.3255,1,-0.4301,-2.3255,-0.023255,False,2019-03
2019-03-01,NKE,buy_call,1.8241,1,-1.773,-1.8241,-0.018241,False,2019-03
2019-03-01,NVDA,buy_call,2.8033,1,16.5209,13.7176,0.137176,False,2019-03
2019-03-01,ORCL,buy_call,1.8693,1,3.0309,1.1616,0.011616,False,2019-03
2019-03-01,PEP,buy_call,1.1614,1,6.8348,5.6733,0.056733,False,2019-03
2019-03-01,PFE,buy_call,1.4695,1,-2.03,-1.4695,-0.014695,False,2019-03
2019-03-01,PG,buy_call,1.0914,1,5.5809,4.4895,0.044895,False,2019-03
2019-03-01,PM,buy_call,1.1614,1,1.6678,0.5064,0.005064,False,2019-03
2019-03-01,PYPL,buy_call,1.4098,1,5.8836,4.4738,0.044738,False,2019-03
2019-03-01,QCOM,buy_call,2.2117,1,6.8178,4.606,0.04606,False,2019-03
2019-03-01,SBUX,buy_call,1.0267,1,6.3592,5.3325,0.053325,False,2019-03
2019-03-01,SCHW,skip,0.0,0,-6.718,0.0,0.0,False,2019-03
2019-03-01,SO,buy_call,1.0267,1,5.2889,4.2622,0.042622,False,2019-03
2019-03-01,SPGI,buy_call,1.424,1,5.3782,3.9542,0.039542,False,2019-03
2019-03-01,SYK,buy_call,1.2787,1,4.7796,3.5009,0.035009,False,2019-03
2019-03-01,T,buy_call,1.612,1,0.7712,-0.8408,-0.008408,False,2019-03
2019-03-01,TJX,buy_call,1.2724,1,4.1517,2.8792,0.028792,False,2019-03
2019-03-01,TMO,buy_call,1.4702,1,5.4513,3.9811,0.039811,False,2019-03
2019-03-01,TMUS,buy_call,1.612,1,-4.3069,-1.612,-0.01612,False,2019-03
2019-03-01,TXN,buy_call,2.1699,1,0.2741,-1.8958,-0.018958,False,2019-03
2019-03-01,UNH,skip,0.0,0,2.0807,0.0,0.0,False,2019-03
2019-03-01,UNP,buy_call,1.6802,1,0.2201,-1.4601,-0.014601,False,2019-03
2019-03-01,USB,buy_call,1.424,1,-6.7711,-1.424,-0.01424,False,2019-03
2019-03-01,V,buy_call,1.3258,1,5.6323,4.3065,0.043065,False,2019-03
2019-03-01,VRTX,skip,0.0,0,-2.543,0.0,0.0,False,2019-03
2019-03-01,VZ,buy_call,1.612,1,3.8826,2.2706,0.022706,False,2019-03
2019-03-01,WFC,buy_call,1.8105,1,-3.1469,-1.8105,-0.018105,False,2019-03
2019-03-01,WMT,buy_call,1.2724,1,-1.4749,-1.2724,-0.012724,False,2019-03
2019-03-01,XOM,buy_call,1.6802,1,3.3747,1.6945,0.016945,False,2019-03
2019-03-01,ZTS,buy_call,1.4695,1,6.8344,5.3649,0.053649,False,2019-03
2019-04-01,AAPL,buy_call,1.565,1,5.6436,4.0786,0.040786,False,2019-04
2019-04-01,ABBV,buy_call,1.4062,1,-1.489,-1.4062,-0.014062,False,2019-04
2019-04-01,ABT,buy_call,1.2236,1,-0.4754,-1.2236,-0.012236,False,2019-04
2019-04-01,ADBE,buy_call,1.4301,1,8.5407,7.1105,0.071105,False,2019-04
2019-04-01,ADP,buy_call,1.5023,1,3.4467,1.9444,0.019444,False,2019-04
2019-04-01,AMAT,buy_call,2.0766,1,11.1195,9.043,0.09043,False,2019-04
2019-04-01,AMGN,buy_call,1.4062,1,-5.6111,-1.4062,-0.014062,False,2019-04
2019-04-01,AMT,buy_call,1.5023,1,-0.8931,-1.5023,-0.015023,False,2019-04
2019-04-01,AMZN,buy_call,1.9038,1,8.1859,6.2821,0.062821,False,2019-04
2019-04-01,AVGO,buy_call,2.0766,1,6.8286,4.752,0.04752,False,2019-04
2019-04-01,AXP,buy_call,1.3491,1,7.2553,5.9061,0.059061,False,2019-04
2019-04-01,BA,skip,0.0,0,-0.9779,0.0,0.0,False,2019-04
2019-04-01,BAC,skip,0.0,0,10.8373,0.0,0.0,False,2019-04
2019-04-01,BDX,buy_call,1.2236,1,-3.3003,-1.2236,-0.012236,False,2019-04
2019-04-01,BKNG,buy_call,1.4926,1,6.3086,4.816,0.04816,False,2019-04
2019-04-01,BLK,skip,0.0,0,14.4042,0.0,0.0,False,2019-04
2019-04-01,BMY,skip,0.0,0,-2.6829,0.0,0.0,False,2019-04
2019-04-01,BRK-B,skip,0.0,0,7.875,0.0,0.0,False,2019-04
2019-04-01,C,skip,0.0,0,13.629,0.0,0.0,False,2019-04
2019-04-01,CAT,skip,0.0,0,2.9006,0.0,0.0,False,2019-04
2019-04-01,CHTR,buy_call,1.5426,1,6.9989,5.4563,0.054563,False,2019-04
2019-04-01,CL,buy_call,1.0445,1,6.2007,5.1563,0.051563,False,2019-04
2019-04-01,CME,skip,0.0,0,9.1708,0.0,0.0,False,2019-04
2019-04-01,COST,buy_call,1.2829,1,1.4,0.1171,0.001171,False,2019-04
2019-04-01,CRM,skip,0.0,0,4.4074,0.0,0.0,False,2019-04
2019-04-01,CSCO,buy_call,1.5023,1,3.6303,2.1279,0.021279,False,2019-04
2019-04-01,CSX,buy_call,1.4926,1,6.4287,4.9361,0.049361,False,2019-04
2019-04-01,CVS,skip,0.0,0,0.8344,0.0,0.0,False,2019-04
2019-04-01,CVX,buy_call,1.5241,1,-2.5329,-1.5241,-0.015241,False,2019-04
2019-04-01,DHR,buy_call,1.2236,1,0.4498,-0.7739,-0.007739,False,2019-04
2019-04-01,DIS,skip,0.0,0,23.3631,0.0,0.0,False,2019-04
2019-04-01,DUK,buy_call,0.9825,1,1.2444,0.2619,0.002619,False,2019-04
2019-04-01,EL,buy_call,1.4926,1,3.7813,2.2887,0.022887,False,2019-04
2019-04-01,ELV,skip,0.0,0,-8.1049,0.0,0.0,False,2019-04
2019-04-01,EOG,buy_call,1.6079,1,0.914,-0.6939,-0.006939,False,2019-04
2019-04-01,FDX,buy_call,1.5023,1,4.8317,3.3293,0.033293,False,2019-04
2019-04-01,GE,skip,0.0,0,1.9096,0.0,0.0,False,2019-04
2019-04-01,GILD,skip,0.0,0,1.014,0.0,0.0,False,2019-04
2019-04-01,GM,skip,0.0,0,6.0284,0.0,0.0,False,2019-04
2019-04-01,GOOGL,buy_call,1.7343,1,1.8753,0.141,0.00141,False,2019-04
2019-04-01,GS,skip,0.0,0,7.2556,0.0,0.0,False,2019-04
2019-04-01,HD,buy_call,1.3911,1,6.945,5.554,0.05554,False,2019-04
2019-04-01,HON,buy_call,1.5023,1,9.2562,7.7538,0.077538,False,2019-04
2019-04-01,IBM,buy_call,1.5023,1,-0.5882,-1.5023,-0.015023,False,2019-04
2019-04-01,ICE,skip,0.0,0,7.2409,0.0,0.0,False,2019-04
2019-04-01,INTC,buy_call,2.0766,1,-4.9535,-2.0766,-0.020766,False,2019-04
2019-04-01,INTU,buy_call,1.7757,1,-3.9593,-1.7757,-0.017757,False,2019-04
2019-04-01,ISRG,buy_call,1.2236,1,-10.5068,-1.2236,-0.012236,False,2019-04
2019-04-01,ITW,skip,0.0,0,9.1959,0.0,0.0,False,2019-04
2019-04-01,JNJ,buy_call,1.0234,1,1.0086,-0.0148,-0.000148,False,2019-04
2019-04-01,JPM,skip,0.0,0,14.6399,0.0,0.0,False,2019-04
2019-04-01,KO,buy_call,0.9825,1,5.6088,4.6263,0.046263,False,2019-04
2019-04-01,LLY,buy_call,1.7514,1,-9.8027,-1.7514,-0.017514,False,2019-04
2019-04-01,LMT,skip,0.0,0,11.0508,0.0,0.0,False,2019-04
2019-04-01,LOW,buy_call,1.3911,1,3.3525,1.9615,0.019615,False,2019-04
2019-04-01,MA,buy_call,1.3491,1,7.9805,6.6313,0.066313,False,2019-04
2019-04-01,MCD,buy_call,0.9825,1,4.039,3.0565,0.030565,False,2019-04
2019-04-01,MDLZ,buy_call,1.1115,1,2.3994,1.2879,0.012879,False,2019-04
2019-04-01,MDT,buy_call,1.2236,1,-1.9578,-1.2236,-0.012236,False,2019-04
2019-04-01,META,buy_call,2.1584,1,16.0237,13.8653,0.138653,False,2019-04
2019-04-01,MMM,buy_call,1.5023,1,-8.7929,-1.5023,-0.015023,False,2019-04
2019-04-01,MO,buy_call,1.1115,1,-4.0495,-1.1115,-0.011115,False,2019-04
2019-04-01,MRK,buy_call,1.3529,1,-4.7203,-1.3529,-0.013529,False,2019-04
2019-04-01,MS,buy_call,1.3627,1,14.3365,12.9738,0.129738,False,2019-04
2019-04-01,MSFT,buy_call,1.4301,1,10.7343,9.3041,0.093041,False,2019-04
2019-04-01,MU,buy_call,2.6826,1,1.7663,-0.9164,-0.009164,False,2019-04
2019-04-01,NEE,buy_call,0.9825,1,0.5794,-0.4031,-0.004031,False,2019-04
2019-04-01,NFLX,skip,0.0,0,3.9208,0.0,0.0,False,2019-04
2019-04-01,NKE,skip,0.0,0,4.5671,0.0,0.0,False,2019-04
2019-04-01,NVDA,buy_call,2.6826,1,0.802,-1.8807,-0.018807,False,2019-04
2019-04-01,ORCL,buy_call,1.7889,1,3.0162,1.2273,0.012273,False,2019-04
2019-04-01,PEP,buy_call,1.1115,1,4.488,3.3765,0.033765,False,2019-04
2019-04-01,PFE,skip,0.0,0,-4.3796,0.0,0.0,False,2019-04
2019-04-01,PG,buy_call,1.0445,1,2.3354,1.2909,0.012909,False,2019-04
2019-04-01,PM,buy_call,1.1115,1,-0.8304,-1.1115,-0.011115,False,2019-04
2019-04-01,PYPL,buy_call,1.3491,1,8.5998,7.2506,0.072506,False,2019-04
2019-04-01,QCOM,buy_call,2.1165,1,52.7819,50.6654,0.506654,False,2019-04
2019-04-01,SBUX,buy_call,0.9825,1,4.4929,3.5104,0.035104,False,2019-04
2019-04-01,SCHW,skip,0.0,0,7.0626,0.0,0.0,False,2019-04
2019-04-01,SO,buy_call,0.9825,1,2.9799,1.9974,0.019974,False,2019-04
2019-04-01,SPGI,buy_call,1.3627,1,4.8017,3.439,0.03439,False,2019-04
2019-04-01,SYK,buy_call,1.2236,1,-4.1049,-1.2236,-0.012236,False,2019-04
2019-04-01,T,buy_call,1.5426,1,-1.2755,-1.5426,-0.015426,False,2019-04
2019-04-01,TJX,buy_call,1.2177,1,3.1385,1.9208,0.019208,False,2019-04
2019-04-01,TMO,buy_call,1.407,1,1.4372,0.0302,0.000302,False,2019-04
2019-04-01,TMUS,skip,0.0,0,5.6295,0.0,0.0,False,2019-04
2019-04-01,TXN,buy_call,2.0766,1,11.087,9.0105,0.090105,False,2019-04
2019-04-01,UNH,buy_call,1.4791,1,-5.3791,-1.4791,-0.014791,False,2019-04
2019-04-01,UNP,buy_call,1.6079,1,5.8852,4.2773,0.042773,False,2019-04
2019-04-01,USB,skip,0.0,0,11.5025,0.0,0.0,False,2019-04
2019-04-01,V,buy_call,1.2688,1,5.2757,4.0069,0.040069,False,2019-04
2019-04-01,VRTX,skip,0.0,0,-8.1381,0.0,0.0,False,2019-04
2019-04-01,VZ,buy_call,1.5426,1,-3.2809,-1.5426,-0.015426,False,2019-04
2019-04-01,WFC,skip,0.0,0,0.1863,0.0,0.0,False,2019-04
2019-04-01,WMT,skip,0.0,0,6.0118,0.0,0.0,False,2019-04
2019-04-01,XOM,buy_call,1.6079,1,-0.6436,-1.6079,-0.016079,False,2019-04
2019-04-01,ZTS,buy_call,1.4062,1,1.1622,-0.2441,-0.002441,False,2019-04
2019-05-01,AAPL,buy_call,2.2318,1,-12.7573,-2.2318,-0.022318,False,2019-05
2019-05-01,ABBV,skip,0.0,0,-2.0946,0.0,0.0,False,2019-05
2019-05-01,ABT,skip,0.0,0,-3.9196,0.0,0.0,False,2019-05
2019-05-01,ADBE,buy_call,2.0395,1,-6.344,-2.0395,-0.020395,False,2019-05
2019-05-01,ADP,buy_call,2.1424,1,-2.5974,-2.1424,-0.021424,False,2019-05
2019-05-01,AMAT,buy_call,2.9613,1,-12.2079,-2.9613,-0.029613,False,2019-05
2019-05-01,AMGN,skip,0.0,0,-7.0377,0.0,0.0,False,2019-05
2019-05-01,AMT,skip,0.0,0,7.3884,0.0,0.0,False,2019-05
2019-05-01,AMZN,buy_call,2.715,1,-7.8613,-2.715,-0.02715,False,2019-05
2019-05-01,AVGO,buy_call,2.9613,1,-20.9673,-2.9613,-0.029613,False,2019-05
2019-05-01,AXP,buy_call,1.924,1,-1.8032,-1.924,-0.01924,False,2019-05
2019-05-01,BA,skip,0.0,0,-9.5528,0.0,0.0,False,2019-05
2019-05-01,BAC,buy_call,2.2688,1,-13.015,-2.2688,-0.022688,False,2019-05
2019-05-01,BDX,skip,0.0,0,-3.0323,0.0,0.0,False,2019-05
2019-05-01,BKNG,buy_call,2.1286,1,-10.7154,-2.1286,-0.021286,False,2019-05
2019-05-01,BLK,buy_call,1.9433,1,-14.3599,-1.9433,-0.019433,False,2019-05
2019-05-01,BMY,skip,0.0,0,-1.4209,0.0,0.0,False,2019-05
2019-05-01,BRK-B,buy_call,1.2835,1,-8.9013,-1.2835,-0.012835,False,2019-05
2019-05-01,C,buy_call,2.1286,1,-12.0933,-2.1286,-0.021286,False,2019-05
2019-05-01,CAT,buy_call,2.293,1,-13.5445,-2.293,-0.02293,False,2019-05
2019-05-01,CHTR,buy_call,2.1999,1,1.5114,-0.6885,-0.006885,False,2019-05
2019-05-01,CL,buy_call,1.4895,1,-3.7555,-1.4895,-0.014895,False,2019-05
2019-05-01,CME,buy_call,1.9433,1,7.3896,5.4463,0.054463,False,2019-05
2019-05-01,COST,buy_call,1.8295,1,-2.4233,-1.8295,-0.018295,False,2019-05
2019-05-01,CRM,buy_call,2.7634,1,-8.4306,-2.7634,-0.027634,False,2019-05
2019-05-01,CSCO,buy_call,2.1424,1,-6.4175,-2.1424,-0.021424,False,2019-05
2019-05-01,CSX,buy_call,2.1286,1,-6.48,-2.1286,-0.021286,False,2019-05
2019-05-01,CVS,buy_call,2.1093,1,-2.7725,-2.1093,-0.021093,False,2019-05
2019-05-01,CVX,skip,0.0,0,-5.1724,0.0,0.0,False,2019-05
2019-05-01,DHR,buy_call,1.745,1,-0.3247,-1.745,-0.01745,False,2019-05
2019-05-01,DIS,buy_call,2.3598,1,-3.5993,-2.3598,-0.023598,False,2019-05
2019-05-01,DUK,buy_call,1.4011,1,-6.047,-1.4011,-0.014011,False,2019-05
2019-05-01,EL,buy_call,2.1286,1,-6.2744,-2.1286,-0.021286,False,2019-05
2019-05-01,ELV,skip,0.0,0,5.6838,0.0,0.0,False,2019-05
2019-05-01,EOG,buy_call,2.293,1,-14.5743,-2.293,-0.02293,False,2019-05
2019-05-01,FDX,buy_call,2.1424,1,-18.5686,-2.1424,-0.021424,False,2019-05
2019-05-01,GE,buy_call,2.293,1,-7.178,-2.293,-0.02293,False,2019-05
2019-05-01,GILD,buy_call,2.0054,1,-4.2897,-2.0054,-0.020054,False,2019-05
2019-05-01,GM,buy_call,2.293,1,-14.4031,-2.293,-0.02293,False,2019-05
2019-05-01,GOOGL,buy_call,2.4733,1,-7.7117,-2.4733,-0.024733,False,2019-05
2019-05-01,GS,buy_call,1.9433,1,-11.3782,-1.9433,-0.019433,False,2019-05
2019-05-01,HD,buy_call,1.9837,1,-6.7992,-1.9837,-0.019837,False,2019-05
2019-05-01,HON,buy_call,2.1424,1,-5.3677,-2.1424,-0.021424,False,2019-05
2019-05-01,IBM,skip,0.0,0,-9.4675,0.0,0.0,False,2019-05
2019-05-01,ICE,buy_call,2.1286,1,1.0572,-1.0714,-0.010714,False,2019-05
2019-05-01,INTC,skip,0.0,0,-13.7147,0.0,0.0,False,2019-05
2019-05-01,INTU,skip,0.0,0,-2.2974,0.0,0.0,False,2019-05
2019-05-01,ISRG,skip,0.0,0,-8.9654,0.0,0.0,False,2019-05
2019-05-01,ITW,buy_call,2.1424,1,-10.2744,-2.1424,-0.021424,False,2019-05
2019-05-01,JNJ,buy_call,1.4595,1,-7.1175,-1.4595,-0.014595,False,2019-05
2019-05-01,JPM,buy_call,1.9433,1,-7.9959,-1.9433,-0.019433,False,2019-05
2019-05-01,KO,buy_call,1.4011,1,0.1427,-1.2584,-0.012584,False,2019-05
2019-05-01,LLY,skip,0.0,0,-0.9399,0.0,0.0,False,2019-05
2019-05-01,LMT,buy_call,2.293,1,1.563,-0.73,-0.0073,False,2019-05
2019-05-01,LOW,buy_call,1.9837,1,-17.2031,-1.9837,-0.019837,False,2019-05
2019-05-01,MA,buy_call,1.924,1,-0.9435,-1.924,-0.01924,False,2019-05
2019-05-01,MCD,buy_call,1.4011,1,0.3543,-1.0468,-0.010468,False,2019-05
2019-05-01,MDLZ,buy_call,1.585,1,0.0,-1.585,-0.01585,False,2019-05
2019-05-01,MDT,skip,0.0,0,4.245,0.0,0.0,False,2019-05
2019-05-01,META,buy_call,3.0781,1,-8.2368,-3.0781,-0.030781,False,2019-05
2019-05-01,MMM,skip,0.0,0,-15.7036,0.0,0.0,False,2019-05
2019-05-01,MO,skip,0.0,0,-9.7,0.0,0.0,False,2019-05
2019-05-01,MRK,skip,0.0,0,0.6352,0.0,0.0,False,2019-05
2019-05-01,MS,buy_call,1.9433,1,-15.1368,-1.9433,-0.019433,False,2019-05
2019-05-01,MSFT,buy_call,2.0395,1,-5.2986,-2.0395,-0.020395,False,2019-05
2019-05-01,MU,buy_call,3.8256,1,-22.4679,-3.8256,-0.038256,False,2019-05
2019-05-01,NEE,buy_call,1.4011,1,1.9389,0.5378,0.005378,False,2019-05
2019-05-01,NFLX,buy_call,3.1736,1,-7.3568,-3.1736,-0.031736,False,2019-05
2019-05-01,NKE,buy_call,2.4894,1,-12.1712,-2.4894,-0.024894,False,2019-05
2019-05-01,NVDA,buy_call,3.8256,1,-25.1602,-3.8256,-0.038256,False,2019-05
2019-05-01,ORCL,buy_call,2.5511,1,-8.1391,-2.5511,-0.025511,False,2019-05
2019-05-01,PEP,buy_call,1.585,1,-0.039,-1.585,-0.01585,False,2019-05
2019-05-01,PFE,skip,0.0,0,2.2408,0.0,0.0,False,2019-05
2019-05-01,PG,buy_call,1.4895,1,-2.6705,-1.4895,-0.014895,False,2019-05
2019-05-01,PM,skip,0.0,0,-10.8942,0.0,0.0,False,2019-05
2019-05-01,PYPL,buy_call,1.924,1,-2.678,-1.924,-0.01924,False,2019-05
2019-05-01,QCOM,buy_call,3.0183,1,-22.4196,-3.0183,-0.030183,False,2019-05
2019-05-01,SBUX,buy_call,1.4011,1,-2.0855,-1.4011,-0.014011,False,2019-05
2019-05-01,SCHW,buy_call,1.9433,1,-9.1088,-1.9433,-0.019433,False,2019-05
2019-05-01,SO,buy_call,1.4011,1,0.5261,-0.875,-0.00875,False,2019-05
2019-05-01,SPGI,buy_call,1.9433,1,-3.0726,-1.9433,-0.019433,False,2019-05
2019-05-01,SYK,skip,0.0,0,-3.0014,0.0,0.0,False,2019-05
2019-05-01,T,skip,0.0,0,0.8756,0.0,0.0,False,2019-05
2019-05-01,TJX,buy_call,1.7365,1,-8.3637,-1.7365,-0.017365,False,2019-05
2019-05-01,TMO,buy_call,2.0064,1,-3.7736,-2.0064,-0.020064,False,2019-05
2019-05-01,TMUS,buy_call,2.1999,1,0.6165,-1.5834,-0.015834,False,2019-05
2019-05-01,TXN,buy_call,2.9613,1,-11.4742,-2.9613,-0.029613,False,2019-05
2019-05-01,UNH,skip,0.0,0,3.7457,0.0,0.0,False,2019-05
2019-05-01,UNP,buy_call,2.293,1,-5.7953,-2.293,-0.02293,False,2019-05
2019-05-01,USB,buy_call,1.9433,1,-5.8515,-1.9433,-0.019433,False,2019-05
2019-05-01,V,buy_call,1.8093,1,-1.8853,-1.8093,-0.018093,False,2019-05
2019-05-01,VRTX,skip,0.0,0,-1.657,0.0,0.0,False,2019-05
2019-05-01,VZ,skip,0.0,0,-3.9868,0.0,0.0,False,2019-05
2019-05-01,WFC,buy_call,2.4708,1,-8.3454,-2.4708,-0.024708,False,2019-05
2019-05-01,WMT,buy_call,1.7365,1,-1.3613,-1.7365,-0.017365,False,2019-05
2019-05-01,XOM,skip,0.0,0,-11.846,0.0,0.0,False,2019-05
2019-05-01,ZTS,buy_call,2.0054,1,-0.6113,-2.0054,-0.020054,False,2019-05
2019-06-01,AAPL,skip,0.0,0,13.4873,0.0,0.0,True,2019-06
2019-06-01,ABBV,skip,0.0,0,-5.2014,0.0,0.0,True,2019-06
2019-06-01,ABT,skip,0.0,0,10.4689,0.0,0.0,True,2019-06
2019-06-01,ADBE,skip,0.0,0,8.7671,0.0,0.0,True,2019-06
2019-06-01,ADP,skip,0.0,0,3.2538,0.0,0.0,True,2019-06
2019-06-01,AMAT,skip,0.0,0,16.6702,0.0,0.0,True,2019-06
2019-06-01,AMGN,skip,0.0,0,11.4976,0.0,0.0,True,2019-06
2019-06-01,AMT,buy_call,1.7268,12,-2.0693,-1.7268,-0.207216,True,2019-06
2019-06-01,AMZN,skip,0.0,0,6.6792,0.0,0.0,True,2019-06
2019-06-01,AVGO,skip,0.0,0,14.3936,0.0,0.0,True,2019-06
2019-06-01,AXP,skip,0.0,0,7.6105,0.0,0.0,True,2019-06
2019-06-01,BA,skip,0.0,0,7.1694,0.0,0.0,True,2019-06
2019-06-01,BAC,skip,0.0,0,9.0225,0.0,0.0,True,2019-06
2019-06-01,BDX,skip,0.0,0,7.9549,0.0,0.0,True,2019-06
2019-06-01,BKNG,skip,0.0,0,13.1921,0.0,0.0,True,2019-06
2019-06-01,BLK,skip,0.0,0,12.932,0.0,0.0,True,2019-06
2019-06-01,BMY,skip,0.0,0,-0.0441,0.0,0.0,True,2019-06
2019-06-01,BRK-B,skip,0.0,0,7.9779,0.0,0.0,True,2019-06
2019-06-01,C,skip,0.0,0,13.4043,0.0,0.0,True,2019-06
2019-06-01,CAT,skip,0.0,0,13.7551,0.0,0.0,True,2019-06
2019-06-01,CHTR,buy_call,1.7731,12,4.8779,3.1048,0.372576,True,2019-06
2019-06-01,CL,skip,0.0,0,2.9446,0.0,0.0,True,2019-06
2019-06-01,CME,buy_call,1.5663,12,1.0358,-0.5304,-0.063648,True,2019-06
2019-06-01,COST,skip,0.0,0,10.5993,0.0,0.0,True,2019-06
2019-06-01,CRM,skip,0.0,0,0.2113,0.0,0.0,True,2019-06
2019-06-01,CSCO,skip,0.0,0,5.1893,0.0,0.0,True,2019-06
2019-06-01,CSX,skip,0.0,0,4.2325,0.0,0.0,True,2019-06
2019-06-01,CVS,skip,0.0,0,4.0481,0.0,0.0,True,2019-06
2019-06-01,CVX,skip,0.0,0,10.3771,0.0,0.0,True,2019-06
2019-06-01,DHR,skip,0.0,0,8.2645,0.0,0.0,True,2019-06
2019-06-01,DIS,skip,0.0,0,5.7558,0.0,0.0,True,2019-06
2019-06-01,DUK,skip,0.0,0,4.1861,0.0,0.0,True,2019-06
2019-06-01,EL,skip,0.0,0,14.0106,0.0,0.0,True,2019-06
2019-06-01,ELV,buy_call,1.7001,12,1.5217,-0.1784,-0.021408,True,2019-06
2019-06-01,EOG,skip,0.0,0,13.7763,0.0,0.0,True,2019-06
2019-06-01,FDX,skip,0.0,0,6.4234,0.0,0.0,True,2019-06
2019-06-01,GE,skip,0.0,0,11.2288,0.0,0.0,True,2019-06
2019-06-01,GILD,skip,0.0,0,8.5301,0.0,0.0,True,2019-06
2019-06-01,GM,skip,0.0,0,15.5669,0.0,0.0,True,2019-06
2019-06-01,GOOGL,skip,0.0,0,-2.1419,0.0,0.0,True,2019-06
2019-06-01,GS,skip,0.0,0,12.621,0.0,0.0,True,2019-06
2019-06-01,HD,skip,0.0,0,9.5444,0.0,0.0,True,2019-06
2019-06-01,HON,skip,0.0,0,6.7736,0.0,0.0,True,2019-06
2019-06-01,IBM,skip,0.0,0,9.8812,0.0,0.0,True,2019-06
2019-06-01,ICE,buy_call,1.7156,12,4.5372,2.8216,0.338592,True,2019-06
2019-06-01,INTC,skip,0.0,0,9.3623,0.0,0.0,True,2019-06
2019-06-01,INTU,skip,0.0,0,6.7306,0.0,0.0,True,2019-06
2019-06-01,ISRG,skip,0.0,0,12.8429,0.0,0.0,True,2019-06
2019-06-01,ITW,skip,0.0,0,7.9991,0.0,0.0,True,2019-06
2019-06-01,JNJ,skip,0.0,0,6.9257,0.0,0.0,True,2019-06
2019-06-01,JPM,skip,0.0,0,5.5115,0.0,0.0,True,2019-06
2019-06-01,KO,buy_call,1.1293,12,3.6434,2.5141,0.301692,True,2019-06
2019-06-01,LLY,skip,0.0,0,-3.9059,0.0,0.0,True,2019-06
2019-06-01,LMT,buy_call,1.8481,12,8.08,6.2319,0.747828,True,2019-06
2019-06-01,LOW,skip,0.0,0,8.1797,0.0,0.0,True,2019-06
2019-06-01,MA,skip,0.0,0,5.1851,0.0,0.0,True,2019-06
2019-06-01,MCD,buy_call,1.1293,12,5.3493,4.22,0.5064,True,2019-06
2019-06-01,MDLZ,buy_call,1.2775,12,5.998,4.7205,0.56646,True,2019-06
2019-06-01,MDT,buy_call,1.4064,12,5.1955,3.7891,0.454692,True,2019-06
2019-06-01,META,skip,0.0,0,8.7508,0.0,0.0,True,2019-06
2019-06-01,MMM,skip,0.0,0,9.4354,0.0,0.0,True,2019-06
2019-06-01,MO,skip,0.0,0,-3.4855,0.0,0.0,True,2019-06
2019-06-01,MRK,buy_call,1.555,12,5.8578,4.3028,0.516336,True,2019-06
2019-06-01,MS,skip,0.0,0,7.6677,0.0,0.0,True,2019-06
2019-06-01,MSFT,skip,0.0,0,8.7127,0.0,0.0,True,2019-06
2019-06-01,MU,skip,0.0,0,18.3379,0.0,0.0,True,2019-06
2019-06-01,NEE,buy_call,1.1293,12,4.0085,2.8793,0.345516,True,2019-06
2019-06-01,NFLX,skip,0.0,0,7.003,0.0,0.0,True,2019-06
2019-06-01,NKE,skip,0.0,0,9.131,0.0,0.0,True,2019-06
2019-06-01,NVDA,skip,0.0,0,21.3771,0.0,0.0,True,2019-06
2019-06-01,ORCL,skip,0.0,0,12.5889,0.0,0.0,True,2019-06
2019-06-01,PEP,skip,0.0,0,2.4453,0.0,0.0,True,2019-06
2019-06-01,PFE,buy_call,1.6163,12,5.2606,3.6443,0.437316,True,2019-06
2019-06-01,PG,skip,0.0,0,6.5494,0.0,0.0,True,2019-06
2019-06-01,PM,skip,0.0,0,1.8151,0.0,0.0,True,2019-06
2019-06-01,PYPL,skip,0.0,0,4.2916,0.0,0.0,True,2019-06
2019-06-01,QCOM,skip,0.0,0,13.8432,0.0,0.0,True,2019-06
2019-06-01,SBUX,skip,0.0,0,10.727,0.0,0.0,True,2019-06
2019-06-01,SCHW,skip,0.0,0,-3.0364,0.0,0.0,True,2019-06
2019-06-01,SO,buy_call,1.1293,12,4.5259,3.3967,0.407604,True,2019-06
2019-06-01,SPGI,skip,0.0,0,6.7876,0.0,0.0,True,2019-06
2019-06-01,SYK,skip,0.0,0,12.1917,0.0,0.0,True,2019-06
2019-06-01,T,buy_call,1.7731,12,9.5814,7.8083,0.936996,True,2019-06
2019-06-01,TJX,skip,0.0,0,5.6121,0.0,0.0,True,2019-06
2019-06-01,TMO,skip,0.0,0,10.0007,0.0,0.0,True,2019-06
2019-06-01,TMUS,buy_call,1.7731,12,0.9531,-0.8199,-0.098388,True,2019-06
2019-06-01,TXN,skip,0.0,0,10.7442,0.0,0.0,True,2019-06
2019-06-01,UNH,buy_call,1.7001,12,0.914,-0.7861,-0.094332,True,2019-06
2019-06-01,UNP,skip,0.0,0,1.9278,0.0,0.0,True,2019-06
2019-06-01,USB,skip,0.0,0,4.3825,0.0,0.0,True,2019-06
2019-06-01,V,skip,0.0,0,7.74,0.0,0.0,True,2019-06
2019-06-01,VRTX,skip,0.0,0,10.3502,0.0,0.0,True,2019-06
2019-06-01,VZ,skip,0.0,0,5.115,0.0,0.0,True,2019-06
2019-06-01,WFC,skip,0.0,0,7.6796,0.0,0.0,True,2019-06
2019-06-01,WMT,skip,0.0,0,9.5002,0.0,0.0,True,2019-06
2019-06-01,XOM,skip,0.0,0,9.5215,0.0,0.0,True,2019-06
2019-06-01,ZTS,skip,0.0,0,12.3107,0.0,0.0,True,2019-06
2019-07-01,AAPL,buy_call,1.9229,1,7.6394,5.7166,0.057166,False,2019-07
2019-07-01,ABBV,skip,0.0,0,-8.3883,0.0,0.0,False,2019-07
2019-07-01,ABT,buy_call,1.5034,1,3.5672,2.0637,0.020637,False,2019-07
2019-07-01,ADBE,buy_call,1.7572,1,1.4288,-0.3284,-0.003284,False,2019-07
2019-07-01,ADP,buy_call,1.8459,1,1.2037,-0.6422,-0.006422,False,2019-07
2019-07-01,AMAT,buy_call,2.5514,1,9.931,7.3796,0.073796,False,2019-07
2019-07-01,AMGN,buy_call,1.7278,1,1.2481,-0.4797,-0.004797,False,2019-07
2019-07-01,AMT,skip,0.0,0,3.9537,0.0,0.0,False,2019-07
2019-07-01,AMZN,buy_call,2.3391,1,-1.4179,-2.3391,-0.023391,False,2019-07
2019-07-01,AVGO,buy_call,2.5514,1,1.7058,-0.8456,-0.008456,False,2019-07
2019-07-01,AXP,buy_call,1.6576,1,0.7534,-0.9042,-0.009042,False,2019-07
2019-07-01,BA,buy_call,1.8339,1,-6.2718,-1.8339,-0.018339,False,2019-07
2019-07-01,BAC,buy_call,1.9547,1,6.3648,4.41,0.0441,False,2019-07
2019-07-01,BDX,buy_call,1.5034,1,0.6372,-0.8662,-0.008662,False,2019-07
2019-07-01,BKNG,buy_call,1.8339,1,0.6348,-1.1991,-0.011991,False,2019-07
2019-07-01,BLK,buy_call,1.6743,1,0.4174,-1.2569,-0.012569,False,2019-07
2019-07-01,BMY,skip,0.0,0,-2.0728,0.0,0.0,False,2019-07
2019-07-01,BRK-B,buy_call,1.1058,1,-3.6309,-1.1058,-0.011058,False,2019-07
2019-07-01,C,buy_call,1.8339,1,1.6136,-0.2203,-0.002203,False,2019-07
2019-07-01,CAT,buy_call,1.9756,1,-3.3898,-1.9756,-0.019756,False,2019-07
2019-07-01,CHTR,buy_call,1.8954,1,-2.4799,-1.8954,-0.018954,False,2019-07
2019-07-01,CL,buy_call,1.2833,1,0.0977,-1.1856,-0.011856,False,2019-07
2019-07-01,CME,buy_call,1.6743,1,0.5351,-1.1392,-0.011392,False,2019-07
2019-07-01,COST,buy_call,1.5762,1,4.3026,2.7264,0.027264,False,2019-07
2019-07-01,CRM,buy_call,2.3808,1,1.8256,-0.5552,-0.005552,False,2019-07
2019-07-01,CSCO,buy_call,1.8459,1,1.2241,-0.6217,-0.006217,False,2019-07
2019-07-01,CSX,buy_call,1.8339,1,-9.0087,-1.8339,-0.018339,False,2019-07
2019-07-01,CVS,buy_call,1.8173,1,2.5326,0.7152,0.007152,False,2019-07
2019-07-01,CVX,buy_call,1.8725,1,-1.0688,-1.8725,-0.018725,False,2019-07
2019-07-01,DHR,buy_call,1.5034,1,-1.5745,-1.5034,-0.015034,False,2019-07
2019-07-01,DIS,buy_call,2.0331,1,2.4133,0.3802,0.003802,False,2019-07
2019-07-01,DUK,buy_call,1.2072,1,-1.7226,-1.2072,-0.012072,False,2019-07
2019-07-01,EL,buy_call,1.8339,1,0.5898,-1.2441,-0.012441,False,2019-07
2019-07-01,ELV,buy_call,1.8173,1,4.6957,2.8784,0.028784,False,2019-07
2019-07-01,EOG,buy_call,1.9756,1,-7.8468,-1.9756,-0.019756,False,2019-07
2019-07-01,FDX,buy_call,1.8459,1,4.2636,2.4177,0.024177,False,2019-07
2019-07-01,GE,buy_call,1.9756,1,-0.3804,-1.9756,-0.019756,False,2019-07
2019-07-01,GILD,buy_call,1.7278,1,-2.0959,-1.7278,-0.017278,False,2019-07
2019-07-01,GM,buy_call,1.9756,1,5.8196,3.8441,0.038441,False,2019-07
2019-07-01,GOOGL,skip,0.0,0,12.5046,0.0,0.0,False,2019-07
2019-07-01,GS,buy_call,1.6743,1,7.5904,5.9161,0.059161,False,2019-07
2019-07-01,HD,buy_call,1.7091,1,3.4711,1.762,0.01762,False,2019-07
2019-07-01,HON,buy_call,1.8459,1,-1.22,-1.8459,-0.018459,False,2019-07
2019-07-01,IBM,buy_call,1.8459,1,7.4982,5.6523,0.056523,False,2019-07
2019-07-01,ICE,buy_call,1.8339,1,2.5641,0.7302,0.007302,False,2019-07
2019-07-01,INTC,buy_call,2.5514,1,5.5985,3.0471,0.030471,False,2019-07
2019-07-01,INTU,buy_call,2.1817,1,6.1149,3.9332,0.039332,False,2019-07
2019-07-01,ISRG,buy_call,1.5034,1,-0.9608,-1.5034,-0.015034,False,2019-07
2019-07-01,ITW,buy_call,1.8459,1,2.9538,1.1079,0.011079,False,2019-07
2019-07-01,JNJ,buy_call,1.2574,1,-6.5049,-1.2574,-0.012574,False,2019-07
2019-07-01,JPM,buy_call,1.6743,1,3.7567,2.0824,0.020824,False,2019-07
2019-07-01,KO,buy_call,1.2072,1,4.1651,2.9579,0.029579,False,2019-07
2019-07-01,LLY,skip,0.0,0,-1.6608,0.0,0.0,False,2019-07
2019-07-01,LMT,buy_call,1.9756,1,-0.3768,-1.9756,-0.019756,False,2019-07
2019-07-01,LOW,buy_call,1.7091,1,0.4856,-1.2236,-0.012236,False,2019-07
2019-07-01,MA,buy_call,1.6576,1,2.9259,1.2683,0.012683,False,2019-07
2019-07-01,MCD,buy_call,1.2072,1,1.4736,0.2664,0.002664,False,2019-07
2019-07-01,MDLZ,buy_call,1.3656,1,-0.2846,-1.3656,-0.013656,False,2019-07
2019-07-01,MDT,buy_call,1.5034,1,4.6719,3.1685,0.031685,False,2019-07
2019-07-01,META,buy_call,2.652,1,0.6373,-2.0147,-0.020147,False,2019-07
2019-07-01,MMM,buy_call,1.8459,1,0.7961,-1.0497,-0.010497,False,2019-07
2019-07-01,MO,skip,0.0,0,0.9744,0.0,0.0,False,2019-07
2019-07-01,MRK,buy_call,1.6622,1,-0.3646,-1.6622,-0.016622,False,2019-07
2019-07-01,MS,buy_call,1.6743,1,1.7119,0.0377,0.000377,False,2019-07
2019-07-01,MSFT,buy_call,1.7572,1,1.7244,-0.0328,-0.000328,False,2019-07
2019-07-01,MU,buy_call,3.2961,1,16.3255,13.0294,0.130294,False,2019-07
2019-07-01,NEE,buy_call,1.2072,1,1.1276,-0.0796,-0.000796,False,2019-07
2019-07-01,NFLX,buy_call,2.7343,1,-12.0685,-2.7343,-0.027343,False,2019-07
2019-07-01,NKE,buy_call,2.1448,1,2.4777,0.3329,0.003329,False,2019-07
2019-07-01,NVDA,buy_call,3.2961,1,2.734,-0.5621,-0.005621,False,2019-07
2019-07-01,ORCL,buy_call,2.1979,1,-1.1761,-2.1979,-0.021979,False,2019-07
2019-07-01,PEP,buy_call,1.3656,1,-1.8182,-1.3656,-0.013656,False,2019-07
2019-07-01,PFE,buy_call,1.7278,1,-10.3417,-1.7278,-0.017278,False,2019-07
2019-07-01,PG,buy_call,1.2833,1,7.6516,6.3683,0.063683,False,2019-07
2019-07-01,PM,buy_call,1.3656,1,8.0762,6.7106,0.067106,False,2019-07
2019-07-01,PYPL,buy_call,1.6576,1,-3.5471,-1.6576,-0.016576,False,2019-07
2019-07-01,QCOM,buy_call,2.6005,1,-2.9463,-2.6005,-0.026005,False,2019-07
2019-07-01,SBUX,buy_call,1.2072,1,12.9548,11.7476,0.117476,False,2019-07
2019-07-01,SCHW,skip,0.0,0,7.5392,0.0,0.0,False,2019-07
2019-07-01,SO,buy_call,1.2072,1,1.6642,0.4571,0.004571,False,2019-07
2019-07-01,SPGI,buy_call,1.6743,1,7.5332,5.859,0.05859,False,2019-07
2019-07-01,SYK,buy_call,1.5034,1,2.3059,0.8024,0.008024,False,2019-07
2019-07-01,T,buy_call,1.8954,1,1.6115,-0.2839,-0.002839,False,2019-07
2019-07-01,TJX,buy_call,1.4961,1,3.177,1.6809,0.016809,False,2019-07
2019-07-01,TMO,buy_call,1.7287,1,-5.3851,-1.7287,-0.017287,False,2019-07
2019-07-01,TMUS,buy_call,1.8954,1,7.5398,5.6444,0.056444,False,2019-07
2019-07-01,TXN,buy_call,2.5514,1,8.9317,6.3803,0.063803,False,2019-07
2019-07-01,UNH,buy_call,1.8173,1,2.501,0.6837,0.006837,False,2019-07
2019-07-01,UNP,buy_call,1.9756,1,6.41,4.4345,0.044345,False,2019-07
2019-07-01,USB,buy_call,1.6743,1,9.8468,8.1725,0.081725,False,2019-07
2019-07-01,V,buy_call,1.5589,1,2.5641,1.0052,0.010052,False,2019-07
2019-07-01,VRTX,buy_call,1.7278,1,-9.1395,-1.7278,-0.017278,False,2019-07
2019-07-01,VZ,buy_call,1.8954,1,-3.2557,-1.8954,-0.018954,False,2019-07
2019-07-01,WFC,buy_call,2.1288,1,2.3035,0.1747,0.001747,False,2019-07
2019-07-01,WMT,buy_call,1.4961,1,-0.0995,-1.4961,-0.014961,False,2019-07
2019-07-01,XOM,buy_call,1.9756,1,-2.9623,-1.9756,-0.019756,False,2019-07
2019-07-01,ZTS,buy_call,1.7278,1,1.2336,-0.4942,-0.004942,False,2019-07
2019-08-01,AAPL,buy_call,2.264,1,-2.0184,-2.264,-0.02264,False,2019-08
2019-08-01,ABBV,skip,0.0,0,0.1838,0.0,0.0,False,2019-08
2019-08-01,ABT,buy_call,1.7702,1,-1.6767,-1.7702,-0.017702,False,2019-08
2019-08-01,ADBE,buy_call,2.0689,1,-4.8016,-2.0689,-0.020689,False,2019-08
2019-08-01,ADP,buy_call,2.1734,1,1.9937,-0.1796,-0.001796,False,2019-08
2019-08-01,AMAT,buy_call,3.004,1,-2.7344,-3.004,-0.03004,False,2019-08
2019-08-01,AMGN,buy_call,2.0343,1,11.8126,9.7783,0.097783,False,2019-08
2019-08-01,AMT,buy_call,2.1734,1,8.7752,6.6018,0.066018,False,2019-08
2019-08-01,AMZN,skip,0.0,0,-4.8474,0.0,0.0,False,2019-08
2019-08-01,AVGO,buy_call,3.004,1,-2.5346,-3.004,-0.03004,False,2019-08
2019-08-01,AXP,buy_call,1.9517,1,-2.9135,-1.9517,-0.019517,False,2019-08
2019-08-01,BA,skip,0.0,0,6.7149,0.0,0.0,False,2019-08
2019-08-01,BAC,buy_call,2.3015,1,-10.3324,-2.3015,-0.023015,False,2019-08
2019-08-01,BDX,buy_call,1.7702,1,0.443,-1.3271,-0.013271,False,2019-08
2019-08-01,BKNG,buy_call,2.1593,1,4.2298,2.0705,0.020705,False,2019-08
2019-08-01,BLK,buy_call,1.9713,1,-9.6476,-1.9713,-0.019713,False,2019-08
2019-08-01,BMY,skip,0.0,0,9.2005,0.0,0.0,False,2019-08
2019-08-01,BRK-B,skip,0.0,0,-0.9833,0.0,0.0,False,2019-08
2019-08-01,C,buy_call,2.1593,1,-9.57,-2.1593,-0.021593,False,2019-08
2019-08-01,CAT,skip,0.0,0,-8.9271,0.0,0.0,False,2019-08
2019-08-01,CHTR,skip,0.0,0,6.2821,0.0,0.0,False,2019-08
2019-08-01,CL,buy_call,1.511,1,3.9594,2.4484,0.024484,False,2019-08
2019-08-01,CME,buy_call,1.9713,1,11.7632,9.7919,0.097919,False,2019-08
2019-08-01,COST,buy_call,1.8559,1,6.9405,5.0846,0.050846,False,2019-08
2019-08-01,CRM,buy_call,2.8033,1,1.0162,-1.7871,-0.017871,False,2019-08
2019-08-01,CSCO,buy_call,2.1734,1,-14.9721,-2.1734,-0.021734,False,2019-08
2019-08-01,CSX,skip,0.0,0,-4.8012,0.0,0.0,False,2019-08
2019-08-01,CVS,buy_call,2.1397,1,10.0164,7.8767,0.078767,False,2019-08
2019-08-01,CVX,skip,0.0,0,-4.3782,0.0,0.0,False,2019-08
2019-08-01,DHR,skip,0.0,0,1.1316,0.0,0.0,False,2019-08
2019-08-01,DIS,buy_call,2.3938,1,-3.4263,-2.3938,-0.023938,False,2019-08
2019-08-01,DUK,skip,0.0,0,6.9419,0.0,0.0,False,2019-08
2019-08-01,EL,buy_call,2.1593,1,7.4922,5.333,0.05333,False,2019-08
2019-08-01,ELV,buy_call,2.1397,1,-11.2318,-2.1397,-0.021397,False,2019-08
2019-08-01,EOG,skip,0.0,0,-13.3005,0.0,0.0,False,2019-08
2019-08-01,FDX,buy_call,2.1734,1,-6.99,-2.1734,-0.021734,False,2019-08
2019-08-01,GE,skip,0.0,0,-21.0526,0.0,0.0,False,2019-08
2019-08-01,GILD,skip,0.0,0,-3.022,0.0,0.0,False,2019-08
2019-08-01,GM,buy_call,2.3261,1,-8.0565,-2.3261,-0.023261,False,2019-08
2019-08-01,GOOGL,buy_call,2.509,1,-2.2714,-2.509,-0.02509,False,2019-08
2019-08-01,GS,buy_call,1.9713,1,-7.3684,-1.9713,-0.019713,False,2019-08
2019-08-01,HD,buy_call,2.0124,1,6.6545,4.6421,0.046421,False,2019-08
2019-08-01,HON,skip,0.0,0,-4.546,0.0,0.0,False,2019-08
2019-08-01,IBM,buy_call,2.1734,1,-8.5739,-2.1734,-0.021734,False,2019-08
2019-08-01,ICE,buy_call,2.1593,1,6.3966,4.2373,0.042373,False,2019-08
2019-08-01,INTC,buy_call,3.004,1,-6.2117,-3.004,-0.03004,False,2019-08
2019-08-01,INTU,buy_call,2.5687,1,4.1653,1.5965,0.015965,False,2019-08
2019-08-01,ISRG,skip,0.0,0,-1.5726,0.0,0.0,False,2019-08
2019-08-01,ITW,buy_call,2.1734,1,-2.8334,-2.1734,-0.021734,False,2019-08
2019-08-01,JNJ,skip,0.0,0,-1.4283,0.0,0.0,False,2019-08
2019-08-01,JPM,buy_call,1.9713,1,-4.6226,-1.9713,-0.019713,False,2019-08
2019-08-01,KO,buy_call,1.4213,1,4.5792,3.1578,0.031578,False,2019-08
2019-08-01,LLY,skip,0.0,0,3.6898,0.0,0.0,False,2019-08
2019-08-01,LMT,skip,0.0,0,6.0579,0.0,0.0,False,2019-08
2019-08-01,LOW,buy_call,2.0124,1,11.2475,9.2352,0.092352,False,2019-08
2019-08-01,MA,buy_call,1.9517,1,3.4677,1.516,0.01516,False,2019-08
2019-08-01,MCD,buy_call,1.4213,1,3.4406,2.0193,0.020193,False,2019-08
2019-08-01,MDLZ,skip,0.0,0,3.2342,0.0,0.0,False,2019-08
2019-08-01,MDT,buy_call,1.7702,1,6.4184,4.6482,0.046482,False,2019-08
2019-08-01,META,buy_call,3.1225,1,-4.4072,-3.1225,-0.031225,False,2019-08
2019-08-01,MMM,buy_call,2.1734,1,-7.4405,-2.1734,-0.021734,False,2019-08
2019-08-01,MO,buy_call,1.6079,1,-7.0746,-1.6079,-0.016079,False,2019-08
2019-08-01,MRK,skip,0.0,0,4.1933,0.0,0.0,False,2019-08
2019-08-01,MS,buy_call,1.9713,1,-6.1634,-1.9713,-0.019713,False,2019-08
2019-08-01,MSFT,buy_call,2.0689,1,1.1668,-0.9021,-0.009021,False,2019-08
2019-08-01,MU,buy_call,3.8808,1,0.8465,-3.0344,-0.030344,False,2019-08
2019-08-01,NEE,buy_call,1.4213,1,5.7489,4.3276,0.043276,False,2019-08
2019-08-01,NFLX,skip,0.0,0,-9.0529,0.0,0.0,False,2019-08
2019-08-01,NKE,buy_call,2.5253,1,-1.7784,-2.5253,-0.025253,False,2019-08
2019-08-01,NVDA,buy_call,3.8808,1,-0.7171,-3.8808,-0.038808,False,2019-08
2019-08-01,ORCL,skip,0.0,0,-7.1568,0.0,0.0,False,2019-08
2019-08-01,PEP,skip,0.0,0,6.9791,0.0,0.0,False,2019-08
2019-08-01,PFE,skip,0.0,0,-8.4706,0.0,0.0,False,2019-08
2019-08-01,PG,buy_call,1.511,1,2.5149,1.0039,0.010039,False,2019-08
2019-08-01,PM,buy_call,1.6079,1,-13.7782,-1.6079,-0.016079,False,2019-08
2019-08-01,PYPL,skip,0.0,0,-1.2228,0.0,0.0,False,2019-08
2019-08-01,QCOM,skip,0.0,0,6.3013,0.0,0.0,False,2019-08
2019-08-01,SBUX,buy_call,1.4213,1,1.9748,0.5535,0.005535,False,2019-08
2019-08-01,SCHW,buy_call,1.9713,1,-11.4531,-1.9713,-0.019713,False,2019-08
2019-08-01,SO,buy_call,1.4213,1,3.6655,2.2442,0.022442,False,2019-08
2019-08-01,SPGI,buy_call,1.9713,1,6.2217,4.2504,0.042504,False,2019-08
2019-08-01,SYK,buy_call,1.7702,1,5.1864,3.4162,0.034162,False,2019-08
2019-08-01,T,buy_call,2.2316,1,5.6362,3.4046,0.034046,False,2019-08
2019-08-01,TJX,buy_call,1.7615,1,0.7515,-1.0101,-0.010101,False,2019-08
2019-08-01,TMO,skip,0.0,0,3.378,0.0,0.0,False,2019-08
2019-08-01,TMUS,buy_call,2.2316,1,-2.1071,-2.2316,-0.022316,False,2019-08
2019-08-01,TXN,buy_call,3.004,1,-0.418,-3.004,-0.03004,False,2019-08
2019-08-01,UNH,buy_call,2.1397,1,-6.0279,-2.1397,-0.021397,False,2019-08
2019-08-01,UNP,buy_call,2.3261,1,-9.9972,-2.3261,-0.023261,False,2019-08
2019-08-01,USB,buy_call,1.9713,1,-7.804,-1.9713,-0.019713,False,2019-08
2019-08-01,V,buy_call,1.8354,1,1.5843,-0.2512,-0.002512,False,2019-08
2019-08-01,VRTX,skip,0.0,0,8.0423,0.0,0.0,False,2019-08
2019-08-01,VZ,skip,0.0,0,6.3365,0.0,0.0,False,2019-08
2019-08-01,WFC,buy_call,2.5065,1,-3.8009,-2.5065,-0.025065,False,2019-08
2019-08-01,WMT,skip,0.0,0,3.5151,0.0,0.0,False,2019-08
2019-08-01,XOM,skip,0.0,0,-7.9075,0.0,0.0,False,2019-08
2019-08-01,ZTS,buy_call,2.0343,1,10.1946,8.1603,0.081603,False,2019-08
2019-09-01,AAPL,skip,0.0,0,7.7038,0.0,0.0,False,2019-09
2019-09-01,ABBV,buy_call,1.7406,1,15.181,13.4404,0.134404,False,2019-09
2019-09-01,ABT,skip,0.0,0,-1.934,0.0,0.0,False,2019-09
2019-09-01,ADBE,skip,0.0,0,-2.9032,0.0,0.0,False,2019-09
2019-09-01,ADP,buy_call,1.8596,1,-4.9576,-1.8596,-0.018596,False,2019-09
2019-09-01,AMAT,skip,0.0,0,4.3841,0.0,0.0,False,2019-09
2019-09-01,AMGN,buy_call,1.7406,1,-6.5857,-1.7406,-0.017406,False,2019-09
2019-09-01,AMT,buy_call,1.8596,1,-3.9359,-1.8596,-0.018596,False,2019-09
2019-09-01,AMZN,skip,0.0,0,-2.2733,0.0,0.0,False,2019-09
2019-09-01,AVGO,skip,0.0,0,-2.3245,0.0,0.0,False,2019-09
2019-09-01,AXP,skip,0.0,0,-1.7363,0.0,0.0,False,2019-09
2019-09-01,BA,buy_call,1.8476,1,5.151,3.3034,0.033034,False,2019-09
2019-09-01,BAC,skip,0.0,0,6.0342,0.0,0.0,False,2019-09
2019-09-01,BDX,buy_call,1.5146,1,-0.3781,-1.5146,-0.015146,False,2019-09
2019-09-01,BKNG,buy_call,1.8476,1,-0.1932,-1.8476,-0.018476,False,2019-09
2019-09-01,BLK,skip,0.0,0,5.4619,0.0,0.0,False,2019-09
2019-09-01,BMY,buy_call,1.7406,1,5.492,3.7513,0.037513,False,2019-09
2019-09-01,BRK-B,skip,0.0,0,2.2664,0.0,0.0,False,2019-09
2019-09-01,C,skip,0.0,0,8.1575,0.0,0.0,False,2019-09
2019-09-01,CAT,skip,0.0,0,6.1429,0.0,0.0,False,2019-09
2019-09-01,CHTR,buy_call,1.9095,1,0.6177,-1.2918,-0.012918,False,2019-09
2019-09-01,CL,buy_call,1.2929,1,-0.8631,-1.2929,-0.012929,False,2019-09
2019-09-01,CME,buy_call,1.6867,1,-2.7383,-1.6867,-0.016867,False,2019-09
2019-09-01,COST,buy_call,1.5879,1,-2.0399,-1.5879,-0.015879,False,2019-09
2019-09-01,CRM,buy_call,2.3986,1,-4.8888,-2.3986,-0.023986,False,2019-09
2019-09-01,CSCO,skip,0.0,0,5.5544,0.0,0.0,False,2019-09
2019-09-01,CSX,skip,0.0,0,3.738,0.0,0.0,False,2019-09
2019-09-01,CVS,buy_call,1.8308,1,3.5292,1.6984,0.016984,False,2019-09
2019-09-01,CVX,skip,0.0,0,1.7832,0.0,0.0,False,2019-09
2019-09-01,DHR,buy_call,1.5146,1,1.6469,0.1323,0.001323,False,2019-09
2019-09-01,DIS,skip,0.0,0,-5.0561,0.0,0.0,False,2019-09
2019-09-01,DUK,buy_call,1.2161,1,4.4759,3.2598,0.032598,False,2019-09
2019-09-01,EL,buy_call,1.8476,1,0.6987,-1.1489,-0.011489,False,2019-09
2019-09-01,ELV,skip,0.0,0,-8.1906,0.0,0.0,False,2019-09
2019-09-01,EOG,skip,0.0,0,0.0404,0.0,0.0,False,2019-09
2019-09-01,FDX,skip,0.0,0,-8.2214,0.0,0.0,False,2019-09
2019-09-01,GE,skip,0.0,0,8.3637,0.0,0.0,False,2019-09
2019-09-01,GILD,skip,0.0,0,-0.2518,0.0,0.0,False,2019-09
2019-09-01,GM,skip,0.0,0,1.0515,0.0,0.0,False,2019-09
2019-09-01,GOOGL,skip,0.0,0,2.5711,0.0,0.0,False,2019-09
2019-09-01,GS,skip,0.0,0,2.266,0.0,0.0,False,2019-09
2019-09-01,HD,buy_call,1.7219,1,1.8033,0.0815,0.000815,False,2019-09
2019-09-01,HON,skip,0.0,0,3.2985,0.0,0.0,False,2019-09
2019-09-01,IBM,skip,0.0,0,8.5615,0.0,0.0,False,2019-09
2019-09-01,ICE,buy_call,1.8476,1,-1.2944,-1.8476,-0.018476,False,2019-09
2019-09-01,INTC,skip,0.0,0,9.424,0.0,0.0,False,2019-09
2019-09-01,INTU,buy_call,2.1979,1,-7.775,-2.1979,-0.021979,False,2019-09
2019-09-01,ISRG,skip,0.0,0,5.5912,0.0,0.0,False,2019-09
2019-09-01,ITW,skip,0.0,0,4.4241,0.0,0.0,False,2019-09
2019-09-01,JNJ,skip,0.0,0,1.5499,0.0,0.0,False,2019-09
2019-09-01,JPM,skip,0.0,0,7.1272,0.0,0.0,False,2019-09
2019-09-01,KO,buy_call,1.2161,1,-1.0902,-1.2161,-0.012161,False,2019-09
2019-09-01,LLY,buy_call,2.1679,1,-0.4542,-2.1679,-0.021679,False,2019-09
2019-09-01,LMT,buy_call,1.9903,1,2.1335,0.1433,0.001433,False,2019-09
2019-09-01,LOW,buy_call,1.7219,1,-1.9964,-1.7219,-0.017219,False,2019-09
2019-09-01,MA,buy_call,1.67,1,-3.483,-1.67,-0.0167,False,2019-09
2019-09-01,MCD,buy_call,1.2161,1,-0.9748,-1.2161,-0.012161,False,2019-09
2019-09-01,MDLZ,buy_call,1.3758,1,0.1811,-1.1947,-0.011947,False,2019-09
2019-09-01,MDT,buy_call,1.5146,1,0.6766,-0.838,-0.00838,False,2019-09
2019-09-01,META,skip,0.0,0,-4.0879,0.0,0.0,False,2019-09
2019-09-01,MMM,skip,0.0,0,2.5874,0.0,0.0,False,2019-09
2019-09-01,MO,skip,0.0,0,-6.4929,0.0,0.0,False,2019-09
2019-09-01,MRK,buy_call,1.6746,1,-2.6483,-1.6746,-0.016746,False,2019-09
2019-09-01,MS,skip,0.0,0,2.844,0.0,0.0,False,2019-09
2019-09-01,MSFT,buy_call,1.7702,1,1.1845,-0.5857,-0.005857,False,2019-09
2019-09-01,MU,buy_call,3.3206,1,-5.3457,-3.3206,-0.033206,False,2019-09
2019-09-01,NEE,buy_call,1.2161,1,6.9461,5.7299,0.057299,False,2019-09
2019-09-01,NFLX,skip,0.0,0,-8.8953,0.0,0.0,False,2019-09
2019-09-01,NKE,skip,0.0,0,11.435,0.0,0.0,False,2019-09
2019-09-01,NVDA,skip,0.0,0,4.019,0.0,0.0,False,2019-09
2019-09-01,ORCL,skip,0.0,0,5.705,0.0,0.0,False,2019-09
2019-09-01,PEP,buy_call,1.3758,1,0.2706,-1.1052,-0.011052,False,2019-09
2019-09-01,PFE,skip,0.0,0,2.0145,0.0,0.0,False,2019-09
2019-09-01,PG,buy_call,1.2929,1,3.4517,2.1589,0.021589,False,2019-09
2019-09-01,PM,skip,0.0,0,5.3267,0.0,0.0,False,2019-09
2019-09-01,PYPL,skip,0.0,0,-5.0069,0.0,0.0,False,2019-09
2019-09-01,QCOM,buy_call,2.6198,1,-1.9159,-2.6198,-0.026198,False,2019-09
2019-09-01,SBUX,buy_call,1.2161,1,-8.0829,-1.2161,-0.012161,False,2019-09
2019-09-01,SCHW,skip,0.0,0,9.7991,0.0,0.0,False,2019-09
2019-09-01,SO,buy_call,1.2161,1,7.1778,5.9616,0.059616,False,2019-09
2019-09-01,SPGI,buy_call,1.6867,1,-5.6365,-1.6867,-0.016867,False,2019-09
2019-09-01,SYK,buy_call,1.5146,1,-1.9759,-1.5146,-0.015146,False,2019-09
2019-09-01,T,buy_call,1.9095,1,7.3171,5.4076,0.054076,False,2019-09
2019-09-01,TJX,buy_call,1.5072,1,1.8382,0.331,0.00331,False,2019-09
2019-09-01,TMO,buy_call,1.7416,1,1.4666,-0.275,-0.00275,False,2019-09
2019-09-01,TMUS,skip,0.0,0,0.9225,0.0,0.0,False,2019-09
2019-09-01,TXN,skip,0.0,0,4.4364,0.0,0.0,False,2019-09
2019-09-01,UNH,skip,0.0,0,-7.1282,0.0,0.0,False,2019-09
2019-09-01,UNP,skip,0.0,0,0.6286,0.0,0.0,False,2019-09
2019-09-01,USB,skip,0.0,0,5.0294,0.0,0.0,False,2019-09
2019-09-01,V,buy_call,1.5705,1,-4.735,-1.5705,-0.015705,False,2019-09
2019-09-01,VRTX,buy_call,1.7406,1,-5.8882,-1.7406,-0.017406,False,2019-09
2019-09-01,VZ,buy_call,1.9095,1,3.7827,1.8732,0.018732,False,2019-09
2019-09-01,WFC,skip,0.0,0,9.5294,0.0,0.0,False,2019-09
2019-09-01,WMT,buy_call,1.5072,1,4.3797,2.8724,0.028724,False,2019-09
2019-09-01,XOM,skip,0.0,0,4.3925,0.0,0.0,False,2019-09
2019-09-01,ZTS,buy_call,1.7406,1,-1.4475,-1.7406,-0.017406,False,2019-09
2019-10-01,AAPL,buy_call,1.577,2,11.0685,9.4915,0.18983,True,2019-10
2019-10-01,ABBV,buy_call,1.417,2,5.0581,3.6412,0.072824,True,2019-10
2019-10-01,ABT,skip,0.0,0,-0.0717,0.0,0.0,True,2019-10
2019-10-01,ADBE,skip,0.0,0,0.6081,0.0,0.0,True,2019-10
2019-10-01,ADP,skip,0.0,0,0.997,0.0,0.0,True,2019-10
2019-10-01,AMAT,buy_call,2.0924,2,8.7375,6.6451,0.132902,True,2019-10
2019-10-01,AMGN,skip,0.0,0,10.201,0.0,0.0,True,2019-10
2019-10-01,AMT,skip,0.0,0,-0.9555,0.0,0.0,True,2019-10
2019-10-01,AMZN,skip,0.0,0,2.3475,0.0,0.0,True,2019-10
2019-10-01,AVGO,skip,0.0,0,7.0543,0.0,0.0,True,2019-10
2019-10-01,AXP,skip,0.0,0,-0.8455,0.0,0.0,True,2019-10
2019-10-01,BA,buy_call,1.504,2,-10.6605,-1.504,-0.03008,True,2019-10
2019-10-01,BAC,buy_call,1.6031,2,7.9057,6.3027,0.126054,True,2019-10
2019-10-01,BDX,skip,0.0,0,1.5041,0.0,0.0,True,2019-10
2019-10-01,BKNG,skip,0.0,0,4.3901,0.0,0.0,True,2019-10
2019-10-01,BLK,buy_call,1.3731,2,4.4326,3.0595,0.06119,True,2019-10
2019-10-01,BMY,buy_call,1.417,2,13.1335,11.7166,0.234332,True,2019-10
2019-10-01,BRK-B,buy_call,0.9069,2,2.1921,1.2852,0.025704,True,2019-10
2019-10-01,C,buy_call,1.504,2,4.0243,2.5203,0.050406,True,2019-10
2019-10-01,CAT,buy_call,1.6202,2,9.0967,7.4765,0.14953,True,2019-10
2019-10-01,CHTR,buy_call,1.5544,2,13.5252,11.9708,0.239416,True,2019-10
2019-10-01,CL,skip,0.0,0,-6.6794,0.0,0.0,True,2019-10
2019-10-01,CME,skip,0.0,0,-2.3166,0.0,0.0,True,2019-10
2019-10-01,COST,skip,0.0,0,3.1238,0.0,0.0,True,2019-10
2019-10-01,CRM,skip,0.0,0,5.4231,0.0,0.0,True,2019-10
2019-10-01,CSCO,buy_call,1.5138,2,-3.8454,-1.5138,-0.030276,True,2019-10
2019-10-01,CSX,buy_call,1.504,2,1.4436,-0.0604,-0.001208,True,2019-10
2019-10-01,CVS,buy_call,1.4904,2,5.264,3.7736,0.075472,True,2019-10
2019-10-01,CVX,buy_call,1.5357,2,-2.0742,-1.5357,-0.030714,True,2019-10
2019-10-01,DHR,buy_call,1.233,2,-4.4638,-1.233,-0.02466,True,2019-10
2019-10-01,DIS,skip,0.0,0,-0.307,0.0,0.0,True,2019-10
2019-10-01,DUK,buy_call,0.99,2,-1.6691,-0.99,-0.0198,True,2019-10
2019-10-01,EL,buy_call,1.504,2,-6.3735,-1.504,-0.03008,True,2019-10
2019-10-01,ELV,skip,0.0,0,12.4306,0.0,0.0,True,2019-10
2019-10-01,EOG,buy_call,1.6202,2,-6.6155,-1.6202,-0.032404,True,2019-10
2019-10-01,FDX,skip,0.0,0,5.2869,0.0,0.0,True,2019-10
2019-10-01,GE,buy_call,1.6202,2,11.7538,10.1336,0.202672,True,2019-10
2019-10-01,GILD,skip,0.0,0,1.4596,0.0,0.0,True,2019-10
2019-10-01,GM,buy_call,1.6202,2,0.1414,-1.4788,-0.029576,True,2019-10
2019-10-01,GOOGL,buy_call,1.7475,2,3.084,1.3365,0.02673,True,2019-10
2019-10-01,GS,buy_call,1.3731,2,2.9678,1.5947,0.031894,True,2019-10
2019-10-01,HD,buy_call,1.4017,2,1.7208,0.3191,0.006382,True,2019-10
2019-10-01,HON,buy_call,1.5138,2,2.0863,0.5725,0.01145,True,2019-10
2019-10-01,IBM,buy_call,1.5138,2,-8.0388,-1.5138,-0.030276,True,2019-10
2019-10-01,ICE,skip,0.0,0,2.534,0.0,0.0,True,2019-10
2019-10-01,INTC,buy_call,2.0924,2,9.7031,7.6107,0.152214,True,2019-10
2019-10-01,INTU,skip,0.0,0,-3.1737,0.0,0.0,True,2019-10
2019-10-01,ISRG,buy_call,1.233,2,2.4114,1.1785,0.02357,True,2019-10
2019-10-01,ITW,buy_call,1.5138,2,8.473,6.9592,0.139184,True,2019-10
2019-10-01,JNJ,buy_call,1.0312,2,2.0559,1.0247,0.020494,True,2019-10
2019-10-01,JPM,buy_call,1.3731,2,6.1433,4.7702,0.095404,True,2019-10
2019-10-01,KO,skip,0.0,0,0.7127,0.0,0.0,True,2019-10
2019-10-01,LLY,skip,0.0,0,1.8957,0.0,0.0,True,2019-10
2019-10-01,LMT,buy_call,1.6202,2,-3.4303,-1.6202,-0.032404,True,2019-10
2019-10-01,LOW,skip,0.0,0,1.5005,0.0,0.0,True,2019-10
2019-10-01,MA,skip,0.0,0,1.9295,0.0,0.0,True,2019-10
2019-10-01,MCD,skip,0.0,0,-8.3881,0.0,0.0,True,2019-10
2019-10-01,MDLZ,buy_call,1.1199,2,-4.7003,-1.1199,-0.022398,True,2019-10
2019-10-01,MDT,buy_call,1.233,2,0.7634,-0.4696,-0.009392,True,2019-10
2019-10-01,META,skip,0.0,0,7.6202,0.0,0.0,True,2019-10
2019-10-01,MMM,buy_call,1.5138,2,0.3589,-1.1549,-0.023098,True,2019-10
2019-10-01,MO,skip,0.0,0,11.6199,0.0,0.0,True,2019-10
2019-10-01,MRK,skip,0.0,0,3.6302,0.0,0.0,True,2019-10
2019-10-01,MS,buy_call,1.3731,2,7.9213,6.5482,0.130964,True,2019-10
2019-10-01,MSFT,buy_call,1.441,2,3.1217,1.6806,0.033612,True,2019-10
2019-10-01,MU,skip,0.0,0,10.9685,0.0,0.0,True,2019-10
2019-10-01,NEE,buy_call,0.99,2,2.2962,1.3062,0.026124,True,2019-10
2019-10-01,NFLX,skip,0.0,0,7.3948,0.0,0.0,True,2019-10
2019-10-01,NKE,buy_call,1.7589,2,-4.6529,-1.7589,-0.035178,True,2019-10
2019-10-01,NVDA,buy_call,2.7031,2,15.4823,12.7792,0.255584,True,2019-10
2019-10-01,ORCL,buy_call,1.8025,2,-0.9813,-1.8025,-0.03605,True,2019-10
2019-10-01,PEP,buy_call,1.1199,2,0.7425,-0.3775,-0.00755,True,2019-10
2019-10-01,PFE,buy_call,1.417,2,6.7909,5.374,0.10748,True,2019-10
2019-10-01,PG,buy_call,1.0524,2,0.1045,-0.9479,-0.018958,True,2019-10
2019-10-01,PM,buy_call,1.1199,2,9.0284,7.9084,0.158168,True,2019-10
2019-10-01,PYPL,skip,0.0,0,0.4923,0.0,0.0,True,2019-10
2019-10-01,QCOM,skip,0.0,0,6.2908,0.0,0.0,True,2019-10
2019-10-01,SBUX,skip,0.0,0,-4.3655,0.0,0.0,True,2019-10
2019-10-01,SCHW,buy_call,1.3731,2,-2.6775,-1.3731,-0.027462,True,2019-10
2019-10-01,SO,buy_call,0.99,2,1.4408,0.4508,0.009016,True,2019-10
2019-10-01,SPGI,skip,0.0,0,5.3106,0.0,0.0,True,2019-10
2019-10-01,SYK,skip,0.0,0,0.227,0.0,0.0,True,2019-10
2019-10-01,T,buy_call,1.5544,2,1.7178,0.1634,0.003268,True,2019-10
2019-10-01,TJX,buy_call,1.227,2,3.4266,2.1997,0.043994,True,2019-10
2019-10-01,TMO,buy_call,1.4177,2,3.7433,2.3256,0.046512,True,2019-10
2019-10-01,TMUS,buy_call,1.5544,2,4.9384,3.384,0.06768,True,2019-10
2019-10-01,TXN,buy_call,2.0924,2,-8.7048,-2.0924,-0.041848,True,2019-10
2019-10-01,UNH,skip,0.0,0,16.8285,0.0,0.0,True,2019-10
2019-10-01,UNP,buy_call,1.6202,2,2.1484,0.5283,0.010566,True,2019-10
2019-10-01,USB,buy_call,1.3731,2,3.8205,2.4474,0.048948,True,2019-10
2019-10-01,V,skip,0.0,0,3.9823,0.0,0.0,True,2019-10
2019-10-01,VRTX,skip,0.0,0,15.3819,0.0,0.0,True,2019-10
2019-10-01,VZ,buy_call,1.5544,2,0.1822,-1.3722,-0.027444,True,2019-10
2019-10-01,WFC,buy_call,1.7458,2,2.3593,0.6134,0.012268,True,2019-10
2019-10-01,WMT,buy_call,1.227,2,-1.1965,-1.227,-0.02454,True,2019-10
2019-10-01,XOM,buy_call,1.6202,2,-4.3053,-1.6202,-0.032404,True,2019-10
2019-10-01,ZTS,skip,0.0,0,2.6728,0.0,0.0,True,2019-10
2019-11-01,AAPL,buy_call,1.5054,1,7.4329,5.9275,0.059275,False,2019-11
2019-11-01,ABBV,buy_call,1.3526,1,11.891,10.5383,0.105383,False,2019-11
2019-11-01,ABT,skip,0.0,0,2.6104,0.0,0.0,False,2019-11
2019-11-01,ADBE,buy_call,1.3756,1,11.3698,9.9941,0.099941,False,2019-11
2019-11-01,ADP,buy_call,1.4451,1,5.2703,3.8252,0.038252,False,2019-11
2019-11-01,AMAT,buy_call,1.9974,1,6.7084,4.711,0.04711,False,2019-11
2019-11-01,AMGN,buy_call,1.3526,1,10.068,8.7153,0.087153,False,2019-11
2019-11-01,AMT,skip,0.0,0,-1.8571,0.0,0.0,False,2019-11
2019-11-01,AMZN,buy_call,1.8313,1,1.3587,-0.4725,-0.004725,False,2019-11
2019-11-01,AVGO,buy_call,1.9974,1,7.9768,5.9794,0.059794,False,2019-11
2019-11-01,AXP,skip,0.0,0,2.8133,0.0,0.0,False,2019-11
2019-11-01,BA,skip,0.0,0,7.7285,0.0,0.0,False,2019-11
2019-11-01,BAC,buy_call,1.5303,1,6.5558,5.0255,0.050255,False,2019-11
2019-11-01,BDX,buy_call,1.177,1,0.9766,-0.2004,-0.002004,False,2019-11
2019-11-01,BKNG,buy_call,1.4357,1,-7.0647,-1.4357,-0.014357,False,2019-11
2019-11-01,BLK,buy_call,1.3108,1,7.1929,5.8822,0.058822,False,2019-11
2019-11-01,BMY,buy_call,1.3526,1,0.0843,-1.2683,-0.012683,False,2019-11
2019-11-01,BRK-B,buy_call,0.8657,1,3.6316,2.7658,0.027658,False,2019-11
2019-11-01,C,buy_call,1.4357,1,4.5366,3.1009,0.031009,False,2019-11
2019-11-01,CAT,buy_call,1.5466,1,5.8546,4.3079,0.043079,False,2019-11
2019-11-01,CHTR,buy_call,1.4838,1,0.4595,-1.0243,-0.010243,False,2019-11
2019-11-01,CL,skip,0.0,0,-0.5107,0.0,0.0,False,2019-11
2019-11-01,CME,skip,0.0,0,-1.4678,0.0,0.0,False,2019-11
2019-11-01,COST,buy_call,1.234,1,1.128,-0.106,-0.00106,False,2019-11
2019-11-01,CRM,buy_call,1.8639,1,4.0897,2.2258,0.022258,False,2019-11
2019-11-01,CSCO,skip,0.0,0,-3.9083,0.0,0.0,False,2019-11
2019-11-01,CSX,buy_call,1.4357,1,1.8073,0.3716,0.003716,False,2019-11
2019-11-01,CVS,buy_call,1.4227,1,14.2336,12.8109,0.128109,False,2019-11
2019-11-01,CVX,skip,0.0,0,0.8524,0.0,0.0,False,2019-11
2019-11-01,DHR,skip,0.0,0,5.9208,0.0,0.0,False,2019-11
2019-11-01,DIS,skip,0.0,0,16.6718,0.0,0.0,False,2019-11
2019-11-01,DUK,skip,0.0,0,-6.4608,0.0,0.0,False,2019-11
2019-11-01,EL,skip,0.0,0,4.9391,0.0,0.0,False,2019-11
2019-11-01,ELV,buy_call,1.4227,1,7.2767,5.8539,0.058539,False,2019-11
2019-11-01,EOG,skip,0.0,0,2.7212,0.0,0.0,False,2019-11
2019-11-01,FDX,buy_call,1.4451,1,4.8408,3.3957,0.033957,False,2019-11
2019-11-01,GE,buy_call,1.5466,1,12.9259,11.3792,0.113792,False,2019-11
2019-11-01,GILD,buy_call,1.3526,1,5.5407,4.1881,0.041881,False,2019-11
2019-11-01,GM,buy_call,1.5466,1,-3.1217,-1.5466,-0.015466,False,2019-11
2019-11-01,GOOGL,buy_call,1.6682,1,3.5979,1.9296,0.019296,False,2019-11
2019-11-01,GS,buy_call,1.3108,1,3.7351,2.4244,0.024244,False,2019-11
2019-11-01,HD,buy_call,1.338,1,-5.9979,-1.338,-0.01338,False,2019-11
2019-11-01,HON,buy_call,1.4451,1,3.3694,1.9243,0.019243,False,2019-11
2019-11-01,IBM,skip,0.0,0,0.5384,0.0,0.0,False,2019-11
2019-11-01,ICE,buy_call,1.4357,1,-0.159,-1.4357,-0.014357,False,2019-11
2019-11-01,INTC,buy_call,1.9974,1,2.6889,0.6914,0.006914,False,2019-11
2019-11-01,INTU,skip,0.0,0,0.7444,0.0,0.0,False,2019-11
2019-11-01,ISRG,buy_call,1.177,1,7.2249,6.0479,0.060479,False,2019-11
2019-11-01,ITW,buy_call,1.4451,1,3.4108,1.9657,0.019657,False,2019-11
2019-11-01,JNJ,buy_call,0.9844,1,4.1275,3.1431,0.031431,False,2019-11
2019-11-01,JPM,buy_call,1.3108,1,6.3204,5.0097,0.050097,False,2019-11
2019-11-01,KO,buy_call,0.9451,1,-1.8923,-0.9451,-0.009451,False,2019-11
2019-11-01,LLY,buy_call,1.6847,1,2.9838,1.2991,0.012991,False,2019-11
2019-11-01,LMT,skip,0.0,0,3.8096,0.0,0.0,False,2019-11
2019-11-01,LOW,buy_call,1.338,1,5.626,4.288,0.04288,False,2019-11
2019-11-01,MA,buy_call,1.2977,1,5.6988,4.4011,0.044011,False,2019-11
2019-11-01,MCD,skip,0.0,0,-1.1286,0.0,0.0,False,2019-11
2019-11-01,MDLZ,skip,0.0,0,0.1716,0.0,0.0,False,2019-11
2019-11-01,MDT,buy_call,1.177,1,2.2865,1.1095,0.011095,False,2019-11
2019-11-01,META,buy_call,2.0762,1,5.2126,3.1364,0.031364,False,2019-11
2019-11-01,MMM,buy_call,1.4451,1,2.8971,1.4521,0.014521,False,2019-11
2019-11-01,MO,buy_call,1.0691,1,10.9623,9.8932,0.098932,False,2019-11
2019-11-01,MRK,buy_call,1.3013,1,0.6,-0.7013,-0.007013,False,2019-11
2019-11-01,MS,buy_call,1.3108,1,8.2575,6.9468,0.069468,False,2019-11
2019-11-01,MSFT,buy_call,1.3756,1,5.587,4.2113,0.042113,False,2019-11
2019-11-01,MU,buy_call,2.5804,1,-0.0841,-2.5804,-0.025804,False,2019-11
2019-11-01,NEE,buy_call,0.9451,1,-1.8964,-0.9451,-0.009451,False,2019-11
2019-11-01,NFLX,buy_call,2.1406,1,9.4812,7.3406,0.073406,False,2019-11
2019-11-01,NKE,skip,0.0,0,4.3998,0.0,0.0,False,2019-11
2019-11-01,NVDA,buy_call,2.5804,1,7.8201,5.2397,0.052397,False,2019-11
2019-11-01,ORCL,skip,0.0,0,3.4876,0.0,0.0,False,2019-11
2019-11-01,PEP,buy_call,1.0691,1,-0.9769,-1.0691,-0.010691,False,2019-11
2019-11-01,PFE,buy_call,1.3526,1,0.3909,-0.9617,-0.009617,False,2019-11
2019-11-01,PG,buy_call,1.0047,1,-1.3415,-1.0047,-0.010047,False,2019-11
2019-11-01,PM,buy_call,1.0691,1,1.8296,0.7605,0.007605,False,2019-11
2019-11-01,PYPL,buy_call,1.2977,1,3.756,2.4583,0.024583,False,2019-11
2019-11-01,QCOM,buy_call,2.0359,1,3.8663,1.8304,0.018304,False,2019-11
2019-11-01,SBUX,skip,0.0,0,1.0289,0.0,0.0,False,2019-11
2019-11-01,SCHW,skip,0.0,0,21.5917,0.0,0.0,False,2019-11
2019-11-01,SO,buy_call,0.9451,1,-1.0693,-0.9451,-0.009451,False,2019-11
2019-11-01,SPGI,buy_call,1.3108,1,2.5815,1.2707,0.012707,False,2019-11
2019-11-01,SYK,buy_call,1.177,1,-5.2758,-1.177,-0.01177,False,2019-11
2019-11-01,T,buy_call,1.4838,1,-1.1021,-1.4838,-0.014838,False,2019-11
2019-11-01,TJX,buy_call,1.1713,1,6.0364,4.8652,0.048652,False,2019-11
2019-11-01,TMO,buy_call,1.3534,1,3.9638,2.6105,0.026105,False,2019-11
2019-11-01,TMUS,buy_call,1.4838,1,-4.9722,-1.4838,-0.014838,False,2019-11
2019-11-01,TXN,skip,0.0,0,2.6496,0.0,0.0,False,2019-11
2019-11-01,UNH,buy_call,1.4227,1,10.7518,9.3291,0.093291,False,2019-11
2019-11-01,UNP,buy_call,1.5466,1,6.3641,4.8175,0.048175,False,2019-11
2019-11-01,USB,buy_call,1.3108,1,5.2788,3.9681,0.039681,False,2019-11
2019-11-01,V,buy_call,1.2204,1,3.1589,1.9385,0.019385,False,2019-11
2019-11-01,VRTX,buy_call,1.3526,1,13.4387,12.0861,0.120861,False,2019-11
2019-11-01,VZ,buy_call,1.4838,1,0.6562,-0.8276,-0.008276,False,2019-11
2019-11-01,WFC,buy_call,1.6666,1,5.4813,3.8147,0.038147,False,2019-11
2019-11-01,WMT,skip,0.0,0,1.5607,0.0,0.0,False,2019-11
2019-11-01,XOM,skip,0.0,0,0.8288,0.0,0.0,False,2019-11
2019-11-01,ZTS,buy_call,1.3526,1,-5.6641,-1.3526,-0.013526,False,2019-11
2019-12-01,AAPL,buy_call,1.6438,1,10.2083,8.5645,0.085645,False,2019-12
2019-12-01,ABBV,buy_call,1.477,1,0.9233,-0.5537,-0.005537,False,2019-12
2019-12-01,ABT,buy_call,1.2852,1,1.6501,0.3649,0.003649,False,2019-12
2019-12-01,ADBE,buy_call,1.5021,1,6.5519,5.0498,0.050498,False,2019-12
2019-12-01,ADP,buy_call,1.5779,1,-0.1639,-1.5779,-0.015779,False,2019-12
2019-12-01,AMAT,buy_call,2.181,1,5.7877,3.6067,0.036067,False,2019-12
2019-12-01,AMGN,buy_call,1.477,1,3.3878,1.9108,0.019108,False,2019-12
2019-12-01,AMT,skip,0.0,0,7.3775,0.0,0.0,False,2019-12
2019-12-01,AMZN,buy_call,1.9996,1,2.6122,0.6126,0.006126,False,2019-12
2019-12-01,AVGO,buy_call,2.181,1,-0.0601,-2.181,-0.02181,False,2019-12
2019-12-01,AXP,buy_call,1.417,1,3.638,2.221,0.02221,False,2019-12
2019-12-01,BA,buy_call,1.5677,1,-10.5191,-1.5677,-0.015677,False,2019-12
2019-12-01,BAC,buy_call,1.671,1,5.7023,4.0313,0.040313,False,2019-12
2019-12-01,BDX,buy_call,1.2852,1,5.2108,3.9256,0.039256,False,2019-12
2019-12-01,BKNG,skip,0.0,0,7.8623,0.0,0.0,False,2019-12
2019-12-01,BLK,buy_call,1.4312,1,1.574,0.1428,0.001428,False,2019-12
2019-12-01,BMY,buy_call,1.477,1,12.7327,11.2557,0.112557,False,2019-12
2019-12-01,BRK-B,buy_call,0.9453,1,2.8143,1.869,0.01869,False,2019-12
2019-12-01,C,buy_call,1.5677,1,7.11,5.5423,0.055423,False,2019-12
2019-12-01,CAT,buy_call,1.6888,1,2.0383,0.3495,0.003495,False,2019-12
2019-12-01,CHTR,buy_call,1.6202,1,3.2063,1.5861,0.015861,False,2019-12
2019-12-01,CL,skip,0.0,0,1.504,0.0,0.0,False,2019-12
2019-12-01,CME,skip,0.0,0,-0.9915,0.0,0.0,False,2019-12
2019-12-01,COST,buy_call,1.3474,1,-1.9646,-1.3474,-0.013474,False,2019-12
2019-12-01,CRM,buy_call,2.0352,1,-0.1535,-2.0352,-0.020352,False,2019-12
2019-12-01,CSCO,skip,0.0,0,5.8486,0.0,0.0,False,2019-12
2019-12-01,CSX,buy_call,1.5677,1,1.4847,-0.0829,-0.000829,False,2019-12
2019-12-01,CVS,buy_call,1.5535,1,-1.302,-1.5535,-0.015535,False,2019-12
2019-12-01,CVX,buy_call,1.6007,1,3.8995,2.2987,0.022987,False,2019-12
2019-12-01,DHR,buy_call,1.2852,1,5.1377,3.8525,0.038525,False,2019-12
2019-12-01,DIS,buy_call,1.738,1,-4.585,-1.738,-0.01738,False,2019-12
2019-12-01,DUK,skip,0.0,0,4.564,0.0,0.0,False,2019-12
2019-12-01,EL,buy_call,1.5677,1,5.9234,4.3558,0.043558,False,2019-12
2019-12-01,ELV,buy_call,1.5535,1,4.6318,3.0782,0.030782,False,2019-12
2019-12-01,EOG,buy_call,1.6888,1,18.1382,16.4494,0.164494,False,2019-12
2019-12-01,FDX,buy_call,1.5779,1,-5.5233,-1.5779,-0.015779,False,2019-12
2019-12-01,GE,buy_call,1.6888,1,-0.9761,-1.6888,-0.016888,False,2019-12
2019-12-01,GILD,buy_call,1.477,1,-3.3611,-1.477,-0.01477,False,2019-12
2019-12-01,GM,skip,0.0,0,1.6667,0.0,0.0,False,2019-12
2019-12-01,GOOGL,buy_call,1.8216,1,2.7069,0.8853,0.008853,False,2019-12
2019-12-01,GS,buy_call,1.4312,1,4.4619,3.0307,0.030307,False,2019-12
2019-12-01,HD,skip,0.0,0,-0.966,0.0,0.0,False,2019-12
2019-12-01,HON,buy_call,1.5779,1,-0.3753,-1.5779,-0.015779,False,2019-12
2019-12-01,IBM,buy_call,1.5779,1,0.8725,-0.7054,-0.007054,False,2019-12
2019-12-01,ICE,skip,0.0,0,-1.7203,0.0,0.0,False,2019-12
2019-12-01,INTC,buy_call,2.181,1,3.6682,1.4872,0.014872,False,2019-12
2019-12-01,INTU,buy_call,1.865,1,1.1742,-0.6907,-0.006907,False,2019-12
2019-12-01,ISRG,buy_call,1.2852,1,-0.2952,-1.2852,-0.012852,False,2019-12
2019-12-01,ITW,buy_call,1.5779,1,3.0402,1.4623,0.014623,False,2019-12
2019-12-01,JNJ,buy_call,1.0749,1,6.8301,5.7552,0.057552,False,2019-12
2019-12-01,JPM,buy_call,1.4312,1,5.7984,4.3672,0.043672,False,2019-12
2019-12-01,KO,skip,0.0,0,4.4259,0.0,0.0,False,2019-12
2019-12-01,LLY,buy_call,1.8395,1,12.6425,10.803,0.10803,False,2019-12
2019-12-01,LMT,buy_call,1.6888,1,0.1879,-1.5008,-0.015008,False,2019-12
2019-12-01,LOW,buy_call,1.461,1,2.0885,0.6274,0.006274,False,2019-12
2019-12-01,MA,buy_call,1.417,1,2.1763,0.7593,0.007593,False,2019-12
2019-12-01,MCD,skip,0.0,0,2.2606,0.0,0.0,False,2019-12
2019-12-01,MDLZ,buy_call,1.1674,1,4.8344,3.6671,0.036671,False,2019-12
2019-12-01,MDT,buy_call,1.2852,1,1.8494,0.5642,0.005642,False,2019-12
2019-12-01,META,buy_call,2.267,1,1.7903,-0.4767,-0.004767,False,2019-12
2019-12-01,MMM,buy_call,1.5779,1,4.8167,3.2388,0.032388,False,2019-12
2019-12-01,MO,buy_call,1.1674,1,0.4225,-0.7448,-0.007448,False,2019-12
2019-12-01,MRK,buy_call,1.421,1,4.3244,2.9034,0.029034,False,2019-12
2019-12-01,MS,buy_call,1.4312,1,3.3144,1.8832,0.018832,False,2019-12
2019-12-01,MSFT,buy_call,1.5021,1,4.5294,3.0273,0.030273,False,2019-12
2019-12-01,MU,skip,0.0,0,13.1972,0.0,0.0,False,2019-12
2019-12-01,NEE,skip,0.0,0,4.1209,0.0,0.0,False,2019-12
2019-12-01,NFLX,buy_call,2.3374,1,2.8316,0.4943,0.004943,False,2019-12
2019-12-01,NKE,buy_call,1.8334,1,8.6473,6.8139,0.068139,False,2019-12
2019-12-01,NVDA,buy_call,2.8176,1,8.6434,5.8258,0.058258,False,2019-12
2019-12-01,ORCL,buy_call,1.8789,1,-5.6288,-1.8789,-0.018789,False,2019-12
2019-12-01,PEP,skip,0.0,0,0.6184,0.0,0.0,False,2019-12
2019-12-01,PFE,buy_call,1.477,1,2.6964,1.2194,0.012194,False,2019-12
2019-12-01,PG,skip,0.0,0,2.3267,0.0,0.0,False,2019-12
2019-12-01,PM,buy_call,1.1674,1,2.6046,1.4372,0.014372,False,2019-12
2019-12-01,PYPL,buy_call,1.417,1,0.1481,-1.2689,-0.012689,False,2019-12
2019-12-01,QCOM,buy_call,2.223,1,5.6014,3.3784,0.033784,False,2019-12
2019-12-01,SBUX,buy_call,1.0319,1,3.4291,2.3971,0.023971,False,2019-12
2019-12-01,SCHW,buy_call,1.4312,1,-3.5385,-1.4312,-0.014312,False,2019-12
2019-12-01,SO,skip,0.0,0,3.7899,0.0,0.0,False,2019-12
2019-12-01,SPGI,buy_call,1.4312,1,3.3962,1.965,0.01965,False,2019-12
2019-12-01,SYK,skip,0.0,0,2.4797,0.0,0.0,False,2019-12
2019-12-01,T,skip,0.0,0,4.5479,0.0,0.0,False,2019-12
2019-12-01,TJX,buy_call,1.2789,1,0.2804,-0.9985,-0.009985,False,2019-12
2019-12-01,TMO,buy_call,1.4777,1,3.4782,2.0005,0.020005,False,2019-12
2019-12-01,TMUS,skip,0.0,0,-0.1655,0.0,0.0,False,2019-12
2019-12-01,TXN,buy_call,2.181,1,6.7215,4.5405,0.045405,False,2019-12
2019-12-01,UNH,buy_call,1.5535,1,5.0417,3.4882,0.034882,False,2019-12
2019-12-01,UNP,buy_call,1.6888,1,3.29,1.6012,0.016012,False,2019-12
2019-12-01,USB,buy_call,1.4312,1,-1.2327,-1.4312,-0.014312,False,2019-12
2019-12-01,V,buy_call,1.3326,1,2.0079,0.6753,0.006753,False,2019-12
2019-12-01,VRTX,buy_call,1.477,1,-1.2627,-1.477,-0.01477,False,2019-12
2019-12-01,VZ,buy_call,1.6202,1,1.9256,0.3054,0.003054,False,2019-12
2019-12-01,WFC,buy_call,1.8198,1,-0.2665,-1.8198,-0.018198,False,2019-12
2019-12-01,WMT,buy_call,1.2789,1,-0.2099,-1.2789,-0.012789,False,2019-12
2019-12-01,XOM,buy_call,1.6888,1,3.6571,1.9683,0.019683,False,2019-12
2019-12-01,ZTS,skip,0.0,0,9.8158,0.0,0.0,False,2019-12
2020-01-01,AAPL,buy_call,2.2473,1,5.401,3.1537,0.031537,False,2020-01
2020-01-01,ABBV,buy_call,2.0193,1,-8.4933,-2.0193,-0.020193,False,2020-01
2020-01-01,ABT,buy_call,1.7571,1,0.3223,-1.4348,-0.014348,False,2020-01
2020-01-01,ADBE,buy_call,2.0537,1,6.4674,4.4137,0.044137,False,2020-01
2020-01-01,ADP,skip,0.0,0,1.0719,0.0,0.0,False,2020-01
2020-01-01,AMAT,buy_call,2.9819,1,-4.9967,-2.9819,-0.029819,False,2020-01
2020-01-01,AMGN,buy_call,2.0193,1,-10.3787,-2.0193,-0.020193,False,2020-01
2020-01-01,AMT,buy_call,2.1573,1,1.2859,-0.8714,-0.008714,False,2020-01
2020-01-01,AMZN,buy_call,2.7338,1,8.7064,5.9726,0.059726,False,2020-01
2020-01-01,AVGO,skip,0.0,0,-2.4584,0.0,0.0,False,2020-01
2020-01-01,AXP,buy_call,1.9373,1,4.3216,2.3843,0.023843,False,2020-01
2020-01-01,BA,skip,0.0,0,-2.2993,0.0,0.0,False,2020-01
2020-01-01,BAC,buy_call,2.2845,1,-6.277,-2.2845,-0.022845,False,2020-01
2020-01-01,BDX,buy_call,1.7571,1,1.4878,-0.2693,-0.002693,False,2020-01
2020-01-01,BKNG,buy_call,2.1433,1,-10.867,-2.1433,-0.021433,False,2020-01
2020-01-01,BLK,buy_call,1.9568,1,5.6197,3.6629,0.036629,False,2020-01
2020-01-01,BMY,buy_call,2.0193,1,-1.9318,-2.0193,-0.020193,False,2020-01
2020-01-01,BRK-B,buy_call,1.2924,1,-0.9139,-1.2924,-0.012924,False,2020-01
2020-01-01,C,buy_call,2.1433,1,-6.8594,-2.1433,-0.021433,False,2020-01
2020-01-01,CAT,buy_call,2.3089,1,-11.0577,-2.3089,-0.023089,False,2020-01
2020-01-01,CHTR,buy_call,2.2152,1,6.6752,4.46,0.0446,False,2020-01
2020-01-01,CMCSA,buy_call,2.2152,1,-3.9582,-2.2152,-0.022152,False,2020-01
2020-01-01,COST,skip,0.0,0,3.9466,0.0,0.0,False,2020-01
2020-01-01,CRM,skip,0.0,0,12.0942,0.0,0.0,False,2020-01
2020-01-01,CSCO,buy_call,2.1573,1,-4.1493,-2.1573,-0.021573,False,2020-01
2020-01-01,CSX,buy_call,2.1433,1,5.5003,3.3569,0.033569,False,2020-01
2020-01-01,CVS,skip,0.0,0,-8.7091,0.0,0.0,False,2020-01
2020-01-01,CVX,buy_call,2.1885,1,-11.0945,-2.1885,-0.021885,False,2020-01
2020-01-01,DHR,buy_call,1.7571,1,4.9313,3.1742,0.031742,False,2020-01
2020-01-01,DIS,skip,0.0,0,-3.7968,0.0,0.0,False,2020-01
2020-01-01,DUK,buy_call,1.4109,1,7.0387,5.6278,0.056278,False,2020-01
2020-01-01,EL,buy_call,2.1433,1,-5.5098,-2.1433,-0.021433,False,2020-01
2020-01-01,ELV,buy_call,2.124,1,-11.9215,-2.124,-0.02124,False,2020-01
2020-01-01,EOG,buy_call,2.3089,1,-12.9537,-2.3089,-0.023089,False,2020-01
2020-01-01,GILD,skip,0.0,0,-1.8268,0.0,0.0,False,2020-01
2020-01-01,GM,buy_call,2.3089,1,-7.7917,-2.3089,-0.023089,False,2020-01
2020-01-01,GOOGL,buy_call,2.4904,1,6.9726,4.4821,0.044821,False,2020-01
2020-01-01,GS,buy_call,1.9568,1,3.401,1.4442,0.014442,False,2020-01
2020-01-01,HD,skip,0.0,0,5.119,0.0,0.0,False,2020-01
2020-01-01,HON,skip,0.0,0,-2.1356,0.0,0.0,False,2020-01
2020-01-01,IBM,buy_call,2.1573,1,7.2292,5.0719,0.050719,False,2020-01
2020-01-01,ICE,skip,0.0,0,8.0965,0.0,0.0,False,2020-01
2020-01-01,INTC,buy_call,2.9819,1,6.817,3.8351,0.038351,False,2020-01
2020-01-01,INTU,buy_call,2.5498,1,7.0439,4.4941,0.044941,False,2020-01
2020-01-01,ISRG,skip,0.0,0,-5.3066,0.0,0.0,False,2020-01
2020-01-01,ITW,buy_call,2.1573,1,-2.0098,-2.1573,-0.021573,False,2020-01
2020-01-01,JNJ,buy_call,1.4696,1,2.0566,0.587,0.00587,False,2020-01
2020-01-01,JPM,buy_call,1.9568,1,-5.0502,-1.9568,-0.019568,False,2020-01
2020-01-01,KO,buy_call,1.4109,1,5.5104,4.0995,0.040995,False,2020-01
2020-01-01,LLY,buy_call,2.515,1,6.2467,3.7317,0.037317,False,2020-01
2020-01-01,LMT,buy_call,2.3089,1,9.9491,7.6402,0.076402,False,2020-01
2020-01-01,LOW,buy_call,1.9975,1,-2.9392,-1.9975,-0.019975,False,2020-01
2020-01-01,MA,buy_call,1.9373,1,5.8106,3.8733,0.038733,False,2020-01
2020-01-01,MCD,buy_call,1.4109,1,8.2789,6.8681,0.068681,False,2020-01
2020-01-01,MDLZ,buy_call,1.596,1,4.7156,3.1196,0.031196,False,2020-01
2020-01-01,MDT,buy_call,1.7571,1,2.2394,0.4823,0.004823,False,2020-01
2020-01-01,META,buy_call,3.0995,1,-1.6273,-3.0995,-0.030995,False,2020-01
2020-01-01,MMM,buy_call,2.1573,1,-10.0669,-2.1573,-0.021573,False,2020-01
2020-01-01,MRK,buy_call,1.9427,1,-5.4141,-1.9427,-0.019427,False,2020-01
2020-01-01,MS,buy_call,1.9568,1,2.2301,0.2733,0.002733,False,2020-01
2020-01-01,MSFT,buy_call,2.0537,1,7.9455,5.8918,0.058918,False,2020-01
2020-01-01,MU,buy_call,3.8522,1,-1.283,-3.8522,-0.038522,False,2020-01
2020-01-01,NEE,buy_call,1.4109,1,10.7532,9.3424,0.093424,False,2020-01
2020-01-01,NFLX,buy_call,3.1957,1,6.6508,3.4551,0.034551,False,2020-01
2020-01-01,NKE,buy_call,2.5067,1,-4.9452,-2.5067,-0.025067,False,2020-01
2020-01-01,NOW,skip,0.0,0,19.8038,0.0,0.0,False,2020-01
2020-01-01,NVDA,buy_call,3.8522,1,0.4803,-3.372,-0.03372,False,2020-01
2020-01-01,ORCL,skip,0.0,0,-1.0004,0.0,0.0,False,2020-01
2020-01-01,PEP,buy_call,1.596,1,4.6424,3.0463,0.030463,False,2020-01
2020-01-01,PFE,buy_call,2.0193,1,-4.9515,-2.0193,-0.020193,False,2020-01
2020-01-01,PG,buy_call,1.4998,1,-0.2242,-1.4998,-0.014998,False,2020-01
2020-01-01,PLD,skip,0.0,0,4.832,0.0,0.0,False,2020-01
2020-01-01,PM,buy_call,1.596,1,-1.4675,-1.596,-0.01596,False,2020-01
2020-01-01,PYPL,buy_call,1.9373,1,5.288,3.3507,0.033507,False,2020-01
2020-01-01,REGN,buy_call,2.0193,1,-9.9979,-2.0193,-0.020193,False,2020-01
2020-01-01,SBUX,buy_call,1.4109,1,-3.5146,-1.4109,-0.014109,False,2020-01
2020-01-01,SCHW,skip,0.0,0,-4.2263,0.0,0.0,False,2020-01
2020-01-01,SO,buy_call,1.4109,1,10.5181,9.1072,0.091072,False,2020-01
2020-01-01,SPGI,buy_call,1.9568,1,7.5737,5.6169,0.056169,False,2020-01
2020-01-01,SYK,buy_call,1.7571,1,0.6369,-1.1203,-0.011203,False,2020-01
2020-01-01,T,buy_call,2.2152,1,-3.7359,-2.2152,-0.022152,False,2020-01
2020-01-01,TGT,buy_call,1.7486,1,-13.6261,-1.7486,-0.017486,False,2020-01
2020-01-01,TJX,buy_call,1.7486,1,-3.3082,-1.7486,-0.017486,False,2020-01
2020-01-01,TMO,buy_call,2.0204,1,-3.5381,-2.0204,-0.020204,False,2020-01
2020-01-01,TMUS,skip,0.0,0,0.9819,0.0,0.0,False,2020-01
2020-01-01,TXN,buy_call,2.9819,1,-5.9552,-2.9819,-0.029819,False,2020-01
2020-01-01,UNH,buy_call,2.124,1,-6.9674,-2.124,-0.02124,False,2020-01
2020-01-01,UNP,buy_call,2.3089,1,-0.7578,-2.3089,-0.023089,False,2020-01
2020-01-01,V,buy_call,1.8219,1,5.8914,4.0695,0.040695,False,2020-01
2020-01-01,VRTX,skip,0.0,0,3.6995,0.0,0.0,False,2020-01
2020-01-01,VZ,buy_call,2.2152,1,-3.1922,-2.2152,-0.022152,False,2020-01
2020-01-01,WFC,skip,0.0,0,-12.7509,0.0,0.0,False,2020-01
2020-01-01,WM,buy_call,2.1433,1,7.2795,5.1361,0.051361,False,2020-01
2020-01-01,WMT,skip,0.0,0,-3.2282,0.0,0.0,False,2020-01
2020-01-01,XOM,buy_call,2.3089,1,-10.9774,-2.3089,-0.023089,False,2020-01
2020-01-01,ZTS,buy_call,2.0193,1,1.4054,-0.614,-0.00614,False,2020-01
2020-02-01,AAPL,buy_call,4.7845,1,-11.6798,-4.7845,-0.047845,False,2020-02
2020-02-01,ABBV,skip,0.0,0,7.2179,0.0,0.0,False,2020-02
2020-02-01,ABT,buy_call,3.7409,1,-11.2266,-3.7409,-0.037409,False,2020-02
2020-02-01,ADBE,buy_call,4.3722,1,-1.7144,-4.3722,-0.043722,False,2020-02
2020-02-01,ADP,buy_call,4.5929,1,-9.7147,-4.5929,-0.045929,False,2020-02
2020-02-01,AMAT,skip,0.0,0,0.2242,0.0,0.0,False,2020-02
2020-02-01,AMGN,skip,0.0,0,-7.5538,0.0,0.0,False,2020-02
2020-02-01,AMT,buy_call,4.5929,1,-2.1317,-4.5929,-0.045929,False,2020-02
2020-02-01,AMZN,buy_call,5.8203,1,-6.2214,-5.8203,-0.058203,False,2020-02
2020-02-01,AVGO,skip,0.0,0,-10.6633,0.0,0.0,False,2020-02
2020-02-01,AXP,buy_call,4.1245,1,-15.0604,-4.1245,-0.041245,False,2020-02
2020-02-01,BA,skip,0.0,0,-13.5608,0.0,0.0,False,2020-02
2020-02-01,BAC,skip,0.0,0,-13.1892,0.0,0.0,False,2020-02
2020-02-01,BDX,buy_call,3.7409,1,-13.5766,-3.7409,-0.037409,False,2020-02
2020-02-01,BKNG,skip,0.0,0,-7.3688,0.0,0.0,False,2020-02
2020-02-01,BLK,buy_call,4.166,1,-12.2006,-4.166,-0.04166,False,2020-02
2020-02-01,BMY,skip,0.0,0,-5.5171,0.0,0.0,False,2020-02
2020-02-01,BRK-B,skip,0.0,0,-8.0604,0.0,0.0,False,2020-02
2020-02-01,C,skip,0.0,0,-14.1503,0.0,0.0,False,2020-02
2020-02-01,CAT,skip,0.0,0,-4.7495,0.0,0.0,False,2020-02
2020-02-01,CHTR,buy_call,4.7161,1,-4.6941,-4.7161,-0.047161,False,2020-02
2020-02-01,CMCSA,skip,0.0,0,-5.9482,0.0,0.0,False,2020-02
2020-02-01,COST,buy_call,3.9219,1,-7.9798,-3.9219,-0.039219,False,2020-02
2020-02-01,CRM,buy_call,5.924,1,-6.5328,-5.924,-0.05924,False,2020-02
2020-02-01,CSCO,skip,0.0,0,-12.5005,0.0,0.0,False,2020-02
2020-02-01,CSX,buy_call,4.5631,1,-7.7155,-4.5631,-0.045631,False,2020-02
2020-02-01,CVS,skip,0.0,0,-12.1507,0.0,0.0,False,2020-02
2020-02-01,CVX,skip,0.0,0,-12.8804,0.0,0.0,False,2020-02
2020-02-01,DHR,buy_call,3.7409,1,-10.1262,-3.7409,-0.037409,False,2020-02
2020-02-01,DIS,skip,0.0,0,-14.9375,0.0,0.0,False,2020-02
2020-02-01,DUK,buy_call,3.0037,1,-6.0739,-3.0037,-0.030037,False,2020-02
2020-02-01,EL,skip,0.0,0,-5.9233,0.0,0.0,False,2020-02
2020-02-01,ELV,skip,0.0,0,-3.0873,0.0,0.0,False,2020-02
2020-02-01,EOG,skip,0.0,0,-12.9465,0.0,0.0,False,2020-02
2020-02-01,GILD,skip,0.0,0,9.7469,0.0,0.0,False,2020-02
2020-02-01,GM,skip,0.0,0,-8.6553,0.0,0.0,False,2020-02
2020-02-01,GOOGL,buy_call,5.3021,1,-6.5279,-5.3021,-0.053021,False,2020-02
2020-02-01,GS,buy_call,4.166,1,-15.5542,-4.166,-0.04166,False,2020-02
2020-02-01,HD,buy_call,4.2527,1,-4.4981,-4.2527,-0.042527,False,2020-02
2020-02-01,HON,skip,0.0,0,-6.3792,0.0,0.0,False,2020-02
2020-02-01,IBM,buy_call,4.5929,1,-9.4483,-4.5929,-0.045929,False,2020-02
2020-02-01,ICE,buy_call,4.5631,1,-10.5474,-4.5631,-0.045631,False,2020-02
2020-02-01,INTC,buy_call,6.3484,1,-13.155,-6.3484,-0.063484,False,2020-02
2020-02-01,INTU,buy_call,5.4285,1,-4.9978,-5.4285,-0.054285,False,2020-02
2020-02-01,ISRG,skip,0.0,0,-4.6125,0.0,0.0,False,2020-02
2020-02-01,ITW,skip,0.0,0,-4.1148,0.0,0.0,False,2020-02
2020-02-01,JNJ,buy_call,3.1288,1,-9.6661,-3.1288,-0.031288,False,2020-02
2020-02-01,JPM,skip,0.0,0,-11.7139,0.0,0.0,False,2020-02
2020-02-01,KO,buy_call,3.0037,1,-8.4076,-3.0037,-0.030037,False,2020-02
2020-02-01,LLY,buy_call,5.3543,1,-9.6749,-5.3543,-0.053543,False,2020-02
2020-02-01,LMT,buy_call,4.9156,1,-13.606,-4.9156,-0.049156,False,2020-02
2020-02-01,LOW,skip,0.0,0,-7.905,0.0,0.0,False,2020-02
2020-02-01,MA,buy_call,4.1245,1,-8.0087,-4.1245,-0.041245,False,2020-02
2020-02-01,MCD,buy_call,3.0037,1,-9.2536,-3.0037,-0.030037,False,2020-02
2020-02-01,MDLZ,buy_call,3.3979,1,-7.9819,-3.3979,-0.033979,False,2020-02
2020-02-01,MDT,buy_call,3.7409,1,-12.7946,-3.7409,-0.037409,False,2020-02
2020-02-01,META,skip,0.0,0,-4.6754,0.0,0.0,False,2020-02
2020-02-01,MMM,skip,0.0,0,-5.9372,0.0,0.0,False,2020-02
2020-02-01,MRK,skip,0.0,0,-10.3933,0.0,0.0,False,2020-02
2020-02-01,MS,buy_call,4.166,1,-13.2692,-4.166,-0.04166,False,2020-02
2020-02-01,MSFT,buy_call,4.3722,1,-4.8287,-4.3722,-0.043722,False,2020-02
2020-02-01,MU,skip,0.0,0,-0.9983,0.0,0.0,False,2020-02
2020-02-01,NEE,buy_call,3.0037,1,-5.7569,-3.0037,-0.030037,False,2020-02
2020-02-01,NFLX,buy_call,6.8035,1,6.9373,0.1338,0.001338,False,2020-02
2020-02-01,NKE,skip,0.0,0,-7.1859,0.0,0.0,False,2020-02
2020-02-01,NOW,buy_call,6.2285,1,-3.5893,-6.2285,-0.062285,False,2020-02
2020-02-01,NVDA,buy_call,8.2013,1,14.2283,6.027,0.06027,False,2020-02
2020-02-01,ORCL,skip,0.0,0,-5.2809,0.0,0.0,False,2020-02
2020-02-01,PEP,buy_call,3.3979,1,-7.0342,-3.3979,-0.033979,False,2020-02
2020-02-01,PFE,skip,0.0,0,-9.3411,0.0,0.0,False,2020-02
2020-02-01,PG,skip,0.0,0,-8.6,0.0,0.0,False,2020-02
2020-02-01,PLD,buy_call,4.5929,1,-9.2593,-4.5929,-0.045929,False,2020-02
2020-02-01,PM,skip,0.0,0,-1.0036,0.0,0.0,False,2020-02
2020-02-01,PYPL,buy_call,4.1245,1,-5.1804,-4.1245,-0.041245,False,2020-02
2020-02-01,REGN,skip,0.0,0,31.5529,0.0,0.0,False,2020-02
2020-02-01,SBUX,skip,0.0,0,-7.5445,0.0,0.0,False,2020-02
2020-02-01,SCHW,skip,0.0,0,-10.5378,0.0,0.0,False,2020-02
2020-02-01,SO,buy_call,3.0037,1,-14.2614,-3.0037,-0.030037,False,2020-02
2020-02-01,SPGI,buy_call,4.166,1,-9.4713,-4.166,-0.04166,False,2020-02
2020-02-01,SYK,buy_call,3.7409,1,-9.5444,-3.7409,-0.037409,False,2020-02
2020-02-01,T,skip,0.0,0,-4.7133,0.0,0.0,False,2020-02
2020-02-01,TGT,skip,0.0,0,-6.9893,0.0,0.0,False,2020-02
2020-02-01,TJX,skip,0.0,0,1.2873,0.0,0.0,False,2020-02
2020-02-01,TMO,skip,0.0,0,-7.149,0.0,0.0,False,2020-02
2020-02-01,TMUS,buy_call,4.7161,1,13.8528,9.1367,0.091367,False,2020-02
2020-02-01,TXN,skip,0.0,0,-4.7124,0.0,0.0,False,2020-02
2020-02-01,UNH,skip,0.0,0,-6.4195,0.0,0.0,False,2020-02
2020-02-01,UNP,skip,0.0,0,-10.9297,0.0,0.0,False,2020-02
2020-02-01,V,buy_call,3.8788,1,-8.6495,-3.8788,-0.038788,False,2020-02
2020-02-01,VRTX,buy_call,4.2991,1,-1.3301,-4.2991,-0.042991,False,2020-02
2020-02-01,VZ,skip,0.0,0,-7.9347,0.0,0.0,False,2020-02
2020-02-01,WFC,skip,0.0,0,-12.974,0.0,0.0,False,2020-02
2020-02-01,WM,buy_call,4.5631,1,-8.9482,-4.5631,-0.045631,False,2020-02
2020-02-01,WMT,skip,0.0,0,-5.9481,0.0,0.0,False,2020-02
2020-02-01,XOM,skip,0.0,0,-17.1925,0.0,0.0,False,2020-02
2020-02-01,ZTS,buy_call,4.2991,1,-0.5867,-4.2991,-0.042991,False,2020-02
2020-03-01,AAPL,skip,0.0,0,-6.7554,0.0,0.0,True,2020-03
2020-03-01,ABBV,buy_call,5.7386,8,-11.1072,-5.7386,-0.459088,True,2020-03
2020-03-01,ABT,skip,0.0,0,2.4406,0.0,0.0,True,2020-03
2020-03-01,ADBE,skip,0.0,0,-7.7886,0.0,0.0,True,2020-03
2020-03-01,ADP,skip,0.0,0,-11.6712,0.0,0.0,True,2020-03
2020-03-01,AMAT,buy_call,8.474,8,-20.9147,-8.474,-0.67792,True,2020-03
2020-03-01,AMGN,skip,0.0,0,2.2225,0.0,0.0,True,2020-03
2020-03-01,AMT,skip,0.0,0,-3.9903,0.0,0.0,True,2020-03
2020-03-01,AMZN,skip,0.0,0,3.5021,0.0,0.0,True,2020-03
2020-03-01,AVGO,skip,0.0,0,-13.0291,0.0,0.0,True,2020-03
2020-03-01,AXP,skip,0.0,0,-22.1232,0.0,0.0,True,2020-03
2020-03-01,BA,skip,0.0,0,-45.4664,0.0,0.0,True,2020-03
2020-03-01,BAC,skip,0.0,0,-25.5088,0.0,0.0,True,2020-03
2020-03-01,BDX,skip,0.0,0,-3.3849,0.0,0.0,True,2020-03
2020-03-01,BKNG,skip,0.0,0,-20.661,0.0,0.0,True,2020-03
2020-03-01,BLK,skip,0.0,0,-4.9761,0.0,0.0,True,2020-03
2020-03-01,BMY,skip,0.0,0,-5.6214,0.0,0.0,True,2020-03
2020-03-01,BRK-B,skip,0.0,0,-11.3938,0.0,0.0,True,2020-03
2020-03-01,C,skip,0.0,0,-33.6275,0.0,0.0,True,2020-03
2020-03-01,CAT,skip,0.0,0,-6.6001,0.0,0.0,True,2020-03
2020-03-01,CHTR,skip,0.0,0,-11.5295,0.0,0.0,True,2020-03
2020-03-01,CMCSA,skip,0.0,0,-14.9641,0.0,0.0,True,2020-03
2020-03-01,COST,skip,0.0,0,1.633,0.0,0.0,True,2020-03
2020-03-01,CRM,skip,0.0,0,-15.5047,0.0,0.0,True,2020-03
2020-03-01,CSCO,skip,0.0,0,-1.5527,0.0,0.0,True,2020-03
2020-03-01,CSX,skip,0.0,0,-18.3839,0.0,0.0,True,2020-03
2020-03-01,CVS,skip,0.0,0,0.2535,0.0,0.0,True,2020-03
2020-03-01,CVX,skip,0.0,0,-21.4625,0.0,0.0,True,2020-03
2020-03-01,DHR,skip,0.0,0,-4.2675,0.0,0.0,True,2020-03
2020-03-01,DIS,skip,0.0,0,-17.8921,0.0,0.0,True,2020-03
2020-03-01,DUK,skip,0.0,0,-10.9399,0.0,0.0,True,2020-03
2020-03-01,EL,skip,0.0,0,-12.9929,0.0,0.0,True,2020-03
2020-03-01,ELV,skip,0.0,0,-11.6885,0.0,0.0,True,2020-03
2020-03-01,EOG,skip,0.0,0,-43.2185,0.0,0.0,True,2020-03
2020-03-01,GILD,buy_call,5.7386,8,7.7854,2.0469,0.163752,True,2020-03
2020-03-01,GM,skip,0.0,0,-31.8688,0.0,0.0,True,2020-03
2020-03-01,GOOGL,skip,0.0,0,-13.2388,0.0,0.0,True,2020-03
2020-03-01,GS,skip,0.0,0,-22.5307,0.0,0.0,True,2020-03
2020-03-01,HD,skip,0.0,0,-14.2903,0.0,0.0,True,2020-03
2020-03-01,HON,skip,0.0,0,-17.0536,0.0,0.0,True,2020-03
2020-03-01,IBM,skip,0.0,0,-13.8776,0.0,0.0,True,2020-03
2020-03-01,ICE,skip,0.0,0,-9.4934,0.0,0.0,True,2020-03
2020-03-01,INTC,skip,0.0,0,-2.0416,0.0,0.0,True,2020-03
2020-03-01,INTU,skip,0.0,0,-13.485,0.0,0.0,True,2020-03
2020-03-01,ISRG,skip,0.0,0,-7.2571,0.0,0.0,True,2020-03
2020-03-01,ITW,skip,0.0,0,-15.2938,0.0,0.0,True,2020-03
2020-03-01,JNJ,skip,0.0,0,-1.8693,0.0,0.0,True,2020-03
2020-03-01,JPM,skip,0.0,0,-22.4615,0.0,0.0,True,2020-03
2020-03-01,KO,skip,0.0,0,-17.2743,0.0,0.0,True,2020-03
2020-03-01,LLY,skip,0.0,0,10.5519,0.0,0.0,True,2020-03
2020-03-01,LMT,skip,0.0,0,-7.7842,0.0,0.0,True,2020-03
2020-03-01,LOW,skip,0.0,0,-19.2549,0.0,0.0,True,2020-03
2020-03-01,MA,skip,0.0,0,-16.7752,0.0,0.0,True,2020-03
2020-03-01,MCD,skip,0.0,0,-14.3098,0.0,0.0,True,2020-03
2020-03-01,MDLZ,skip,0.0,0,-5.1515,0.0,0.0,True,2020-03
2020-03-01,MDT,skip,0.0,0,-10.4201,0.0,0.0,True,2020-03
2020-03-01,META,skip,0.0,0,-13.3371,0.0,0.0,True,2020-03
2020-03-01,MMM,skip,0.0,0,-7.7016,0.0,0.0,True,2020-03
2020-03-01,MRK,skip,0.0,0,0.4963,0.0,0.0,True,2020-03
2020-03-01,MS,skip,0.0,0,-24.4948,0.0,0.0,True,2020-03
2020-03-01,MSFT,skip,0.0,0,-2.3883,0.0,0.0,True,2020-03
2020-03-01,MU,skip,0.0,0,-19.9772,0.0,0.0,True,2020-03
2020-03-01,NEE,skip,0.0,0,-4.3058,0.0,0.0,True,2020-03
2020-03-01,NFLX,buy_call,9.0815,8,1.7532,-7.3282,-0.586256,True,2020-03
2020-03-01,NKE,skip,0.0,0,-7.1721,0.0,0.0,True,2020-03
2020-03-01,NOW,skip,0.0,0,-12.1163,0.0,0.0,True,2020-03
2020-03-01,NVDA,buy_call,10.9473,8,-2.3373,-10.9473,-0.875784,True,2020-03
2020-03-01,ORCL,skip,0.0,0,-2.2846,0.0,0.0,True,2020-03
2020-03-01,PEP,skip,0.0,0,-9.0358,0.0,0.0,True,2020-03
2020-03-01,PFE,skip,0.0,0,-2.3339,0.0,0.0,True,2020-03
2020-03-01,PG,skip,0.0,0,-2.8526,0.0,0.0,True,2020-03
2020-03-01,PLD,skip,0.0,0,-4.6393,0.0,0.0,True,2020-03
2020-03-01,PM,skip,0.0,0,-10.8831,0.0,0.0,True,2020-03
2020-03-01,PYPL,skip,0.0,0,-11.3436,0.0,0.0,True,2020-03
2020-03-01,REGN,buy_call,5.7386,8,9.8342,4.0957,0.327656,True,2020-03
2020-03-01,SBUX,skip,0.0,0,-15.7894,0.0,0.0,True,2020-03
2020-03-01,SCHW,skip,0.0,0,-17.185,0.0,0.0,True,2020-03
2020-03-01,SO,skip,0.0,0,-9.498,0.0,0.0,True,2020-03
2020-03-01,SPGI,skip,0.0,0,-7.632,0.0,0.0,True,2020-03
2020-03-01,SYK,skip,0.0,0,-12.6449,0.0,0.0,True,2020-03
2020-03-01,T,skip,0.0,0,-17.2345,0.0,0.0,True,2020-03
2020-03-01,TGT,skip,0.0,0,-9.2241,0.0,0.0,True,2020-03
2020-03-01,TJX,buy_call,4.9691,8,-19.7546,-4.9691,-0.397528,True,2020-03
2020-03-01,TMO,skip,0.0,0,-2.4759,0.0,0.0,True,2020-03
2020-03-01,TMUS,buy_call,6.2951,8,-6.9432,-6.2951,-0.503608,True,2020-03
2020-03-01,TXN,skip,0.0,0,-12.4496,0.0,0.0,True,2020-03
2020-03-01,UNH,skip,0.0,0,-2.1886,0.0,0.0,True,2020-03
2020-03-01,UNP,skip,0.0,0,-11.2257,0.0,0.0,True,2020-03
2020-03-01,V,skip,0.0,0,-11.2273,0.0,0.0,True,2020-03
2020-03-01,VRTX,skip,0.0,0,6.2135,0.0,0.0,True,2020-03
2020-03-01,VZ,skip,0.0,0,-0.7939,0.0,0.0,True,2020-03
2020-03-01,WFC,skip,0.0,0,-28.9934,0.0,0.0,True,2020-03
2020-03-01,WM,skip,0.0,0,-16.4696,0.0,0.0,True,2020-03
2020-03-01,WMT,skip,0.0,0,5.5163,0.0,0.0,True,2020-03
2020-03-01,XOM,skip,0.0,0,-25.1262,0.0,0.0,True,2020-03
2020-03-01,ZTS,skip,0.0,0,-11.664,0.0,0.0,True,2020-03
2020-04-01,AAPL,skip,0.0,0,15.5374,0.0,0.0,True,2020-04
2020-04-01,ABBV,skip,0.0,0,7.8882,0.0,0.0,True,2020-04
2020-04-01,ABT,buy_call,3.185,22,16.7025,13.5175,2.97385,True,2020-04
2020-04-01,ADBE,skip,0.0,0,11.1237,0.0,0.0,True,2020-04
2020-04-01,ADP,skip,0.0,0,7.9876,0.0,0.0,True,2020-04
2020-04-01,AMAT,skip,0.0,0,8.4243,0.0,0.0,True,2020-04
2020-04-01,AMGN,buy_call,3.6603,22,17.9993,14.339,3.15458,True,2020-04
2020-04-01,AMT,skip,0.0,0,9.2997,0.0,0.0,True,2020-04
2020-04-01,AMZN,buy_call,4.9554,22,26.89,21.9346,4.825612,True,2020-04
2020-04-01,AVGO,skip,0.0,0,16.5065,0.0,0.0,True,2020-04
2020-04-01,AXP,skip,0.0,0,6.588,0.0,0.0,True,2020-04
2020-04-01,BA,skip,0.0,0,-5.4445,0.0,0.0,True,2020-04
2020-04-01,BAC,skip,0.0,0,14.0059,0.0,0.0,True,2020-04
2020-04-01,BDX,skip,0.0,0,10.2699,0.0,0.0,True,2020-04
2020-04-01,BKNG,skip,0.0,0,10.0534,0.0,0.0,True,2020-04
2020-04-01,BLK,skip,0.0,0,14.9735,0.0,0.0,True,2020-04
2020-04-01,BMY,skip,0.0,0,9.0958,0.0,0.0,True,2020-04
2020-04-01,BRK-B,skip,0.0,0,2.4777,0.0,0.0,True,2020-04
2020-04-01,C,skip,0.0,0,15.2896,0.0,0.0,True,2020-04
2020-04-01,CAT,skip,0.0,0,0.293,0.0,0.0,True,2020-04
2020-04-01,CHTR,skip,0.0,0,13.5042,0.0,0.0,True,2020-04
2020-04-01,CMCSA,skip,0.0,0,10.1671,0.0,0.0,True,2020-04
2020-04-01,COST,buy_call,3.3392,22,6.2673,2.9281,0.644182,True,2020-04
2020-04-01,CRM,skip,0.0,0,12.4809,0.0,0.0,True,2020-04
2020-04-01,CSCO,skip,0.0,0,7.8097,0.0,0.0,True,2020-04
2020-04-01,CSX,skip,0.0,0,15.5846,0.0,0.0,True,2020-04
2020-04-01,CVS,buy_call,3.85,22,3.7418,-0.1082,-0.023804,True,2020-04
2020-04-01,CVX,skip,0.0,0,26.9666,0.0,0.0,True,2020-04
2020-04-01,DHR,skip,0.0,0,18.263,0.0,0.0,True,2020-04
2020-04-01,DIS,skip,0.0,0,11.9565,0.0,0.0,True,2020-04
2020-04-01,DUK,skip,0.0,0,4.6736,0.0,0.0,True,2020-04
2020-04-01,EL,skip,0.0,0,10.7067,0.0,0.0,True,2020-04
2020-04-01,ELV,skip,0.0,0,24.108,0.0,0.0,True,2020-04
2020-04-01,EOG,skip,0.0,0,32.2662,0.0,0.0,True,2020-04
2020-04-01,GILD,buy_call,3.6603,22,13.4059,9.7456,2.144032,True,2020-04
2020-04-01,GM,skip,0.0,0,8.5751,0.0,0.0,True,2020-04
2020-04-01,GOOGL,skip,0.0,0,15.9,0.0,0.0,True,2020-04
2020-04-01,GS,skip,0.0,0,18.6493,0.0,0.0,True,2020-04
2020-04-01,HD,skip,0.0,0,18.5265,0.0,0.0,True,2020-04
2020-04-01,HON,skip,0.0,0,6.0617,0.0,0.0,True,2020-04
2020-04-01,IBM,skip,0.0,0,13.1885,0.0,0.0,True,2020-04
2020-04-01,ICE,skip,0.0,0,11.1753,0.0,0.0,True,2020-04
2020-04-01,INTC,skip,0.0,0,10.8278,0.0,0.0,True,2020-04
2020-04-01,INTU,skip,0.0,0,17.3087,0.0,0.0,True,2020-04
2020-04-01,ISRG,skip,0.0,0,3.1643,0.0,0.0,True,2020-04
2020-04-01,ITW,skip,0.0,0,15.2002,0.0,0.0,True,2020-04
2020-04-01,JNJ,skip,0.0,0,14.4208,0.0,0.0,True,2020-04
2020-04-01,JPM,skip,0.0,0,6.3645,0.0,0.0,True,2020-04
2020-04-01,KO,skip,0.0,0,4.6157,0.0,0.0,True,2020-04
2020-04-01,LLY,buy_call,4.5587,22,11.4763,6.9176,1.521872,True,2020-04
2020-04-01,LMT,skip,0.0,0,14.7839,0.0,0.0,True,2020-04
2020-04-01,LOW,skip,0.0,0,21.7315,0.0,0.0,True,2020-04
2020-04-01,MA,skip,0.0,0,13.8309,0.0,0.0,True,2020-04
2020-04-01,MCD,skip,0.0,0,13.4321,0.0,0.0,True,2020-04
2020-04-01,MDLZ,skip,0.0,0,3.3306,0.0,0.0,True,2020-04
2020-04-01,MDT,skip,0.0,0,8.9388,0.0,0.0,True,2020-04
2020-04-01,META,skip,0.0,0,22.7278,0.0,0.0,True,2020-04
2020-04-01,MMM,skip,0.0,0,11.2885,0.0,0.0,True,2020-04
2020-04-01,MRK,buy_call,3.5214,22,3.9712,0.4497,0.098934,True,2020-04
2020-04-01,MS,skip,0.0,0,15.9706,0.0,0.0,True,2020-04
2020-04-01,MSFT,skip,0.0,0,13.6326,0.0,0.0,True,2020-04
2020-04-01,MU,skip,0.0,0,13.8611,0.0,0.0,True,2020-04
2020-04-01,NEE,skip,0.0,0,-3.9481,0.0,0.0,True,2020-04
2020-04-01,NFLX,buy_call,5.7925,22,11.8109,6.0184,1.324048,True,2020-04
2020-04-01,NKE,skip,0.0,0,5.3662,0.0,0.0,True,2020-04
2020-04-01,NOW,skip,0.0,0,22.6673,0.0,0.0,True,2020-04
2020-04-01,NVDA,skip,0.0,0,10.8801,0.0,0.0,True,2020-04
2020-04-01,ORCL,skip,0.0,0,9.6006,0.0,0.0,True,2020-04
2020-04-01,PEP,skip,0.0,0,10.8936,0.0,0.0,True,2020-04
2020-04-01,PFE,skip,0.0,0,17.5245,0.0,0.0,True,2020-04
2020-04-01,PG,skip,0.0,0,7.1545,0.0,0.0,True,2020-04
2020-04-01,PLD,skip,0.0,0,11.9492,0.0,0.0,True,2020-04
2020-04-01,PM,skip,0.0,0,4.0809,0.0,0.0,True,2020-04
2020-04-01,PYPL,skip,0.0,0,28.473,0.0,0.0,True,2020-04
2020-04-01,REGN,buy_call,3.6603,22,7.6983,4.038,0.88836,True,2020-04
2020-04-01,SBUX,skip,0.0,0,16.7174,0.0,0.0,True,2020-04
2020-04-01,SCHW,skip,0.0,0,12.1951,0.0,0.0,True,2020-04
2020-04-01,SO,skip,0.0,0,4.7839,0.0,0.0,True,2020-04
2020-04-01,SPGI,skip,0.0,0,19.5185,0.0,0.0,True,2020-04
2020-04-01,SYK,skip,0.0,0,12.3825,0.0,0.0,True,2020-04
2020-04-01,T,skip,0.0,0,4.5283,0.0,0.0,True,2020-04
2020-04-01,TGT,skip,0.0,0,18.038,0.0,0.0,True,2020-04
2020-04-01,TJX,skip,0.0,0,2.5936,0.0,0.0,True,2020-04
2020-04-01,TMO,skip,0.0,0,18.1027,0.0,0.0,True,2020-04
2020-04-01,TMUS,skip,0.0,0,4.6484,0.0,0.0,True,2020-04
2020-04-01,TXN,skip,0.0,0,16.1513,0.0,0.0,True,2020-04
2020-04-01,UNH,skip,0.0,0,17.7868,0.0,0.0,True,2020-04
2020-04-01,UNP,skip,0.0,0,13.2941,0.0,0.0,True,2020-04
2020-04-01,V,skip,0.0,0,10.9236,0.0,0.0,True,2020-04
2020-04-01,VRTX,buy_call,3.6603,22,5.5684,1.9081,0.419782,True,2020-04
2020-04-01,VZ,skip,0.0,0,6.9235,0.0,0.0,True,2020-04
2020-04-01,WFC,skip,0.0,0,1.2195,0.0,0.0,True,2020-04
2020-04-01,WM,skip,0.0,0,8.5515,0.0,0.0,True,2020-04
2020-04-01,WMT,buy_call,3.1695,22,7.4528,4.2833,0.942326,True,2020-04
2020-04-01,XOM,skip,0.0,0,22.3861,0.0,0.0,True,2020-04
2020-04-01,ZTS,skip,0.0,0,9.8734,0.0,0.0,True,2020-04
2020-05-01,AAPL,buy_call,3.2815,1,8.2165,4.9349,0.049349,False,2020-05
2020-05-01,ABBV,buy_call,2.9486,1,14.4186,11.47,0.1147,False,2020-05
2020-05-01,ABT,buy_call,2.5657,1,3.5071,0.9414,0.009414,False,2020-05
2020-05-01,ADBE,buy_call,2.9987,1,9.3202,6.3215,0.063215,False,2020-05
2020-05-01,ADP,buy_call,3.1501,1,-0.1364,-3.1501,-0.031501,False,2020-05
2020-05-01,AMAT,buy_call,4.3541,1,13.0838,8.7296,0.087296,False,2020-05
2020-05-01,AMGN,buy_call,2.9486,1,-3.9796,-2.9486,-0.029486,False,2020-05
2020-05-01,AMT,buy_call,3.1501,1,8.928,5.7779,0.057779,False,2020-05
2020-05-01,AMZN,buy_call,3.9919,1,-1.2785,-3.9919,-0.039919,False,2020-05
2020-05-01,AVGO,buy_call,4.3541,1,7.2344,2.8803,0.028803,False,2020-05
2020-05-01,AXP,buy_call,2.8289,1,4.765,1.9362,0.019362,False,2020-05
2020-05-01,BA,skip,0.0,0,3.425,0.0,0.0,False,2020-05
2020-05-01,BAC,buy_call,3.3359,1,0.291,-3.0448,-0.030448,False,2020-05
2020-05-01,BDX,buy_call,2.5657,1,-2.2175,-2.5657,-0.025657,False,2020-05
2020-05-01,BKNG,buy_call,3.1297,1,10.729,7.5993,0.075993,False,2020-05
2020-05-01,BLK,buy_call,2.8573,1,5.2984,2.4411,0.024411,False,2020-05
2020-05-01,BMY,buy_call,2.9486,1,-0.9796,-2.9486,-0.029486,False,2020-05
2020-05-01,BRK-B,buy_call,1.8872,1,-0.95,-1.8872,-0.018872,False,2020-05
2020-05-01,C,buy_call,3.1297,1,-1.3386,-3.1297,-0.031297,False,2020-05
2020-05-01,CAT,buy_call,3.3715,1,4.1699,0.7984,0.007984,False,2020-05
2020-05-01,CHTR,buy_call,3.2346,1,9.8479,6.6134,0.066134,False,2020-05
2020-05-01,CMCSA,buy_call,3.2346,1,5.2352,2.0006,0.020006,False,2020-05
2020-05-01,COST,buy_call,2.6899,1,2.0378,-0.6521,-0.006521,False,2020-05
2020-05-01,CRM,buy_call,4.0631,1,7.9284,3.8653,0.038653,False,2020-05
2020-05-01,CSCO,buy_call,3.1501,1,13.9061,10.756,0.10756,False,2020-05
2020-05-01,CSX,buy_call,3.1297,1,8.0779,4.9482,0.049482,False,2020-05
2020-05-01,CVS,buy_call,3.1014,1,7.4228,4.3214,0.043214,False,2020-05
2020-05-01,CVX,buy_call,3.1956,1,-0.3261,-3.1956,-0.031956,False,2020-05
2020-05-01,DHR,buy_call,2.5657,1,1.9271,-0.6386,-0.006386,False,2020-05
2020-05-01,DIS,buy_call,3.4697,1,8.4605,4.9908,0.049908,False,2020-05
2020-05-01,DUK,buy_call,2.0601,1,1.1458,-0.9144,-0.009144,False,2020-05
2020-05-01,EL,buy_call,3.1297,1,11.9444,8.8147,0.088147,False,2020-05
2020-05-01,ELV,buy_call,3.1014,1,4.7661,1.6647,0.016647,False,2020-05
2020-05-01,EOG,buy_call,3.3715,1,8.2439,4.8724,0.048724,False,2020-05
2020-05-01,GILD,buy_call,2.9486,1,-7.3452,-2.9486,-0.029486,False,2020-05
2020-05-01,GM,buy_call,3.3715,1,16.1059,12.7344,0.127344,False,2020-05
2020-05-01,GOOGL,buy_call,3.6365,1,6.4469,2.8103,0.028103,False,2020-05
2020-05-01,GS,buy_call,2.8573,1,7.1257,4.2684,0.042684,False,2020-05
2020-05-01,HD,buy_call,2.9168,1,13.0328,10.116,0.10116,False,2020-05
2020-05-01,HON,buy_call,3.1501,1,2.7836,-0.3665,-0.003665,False,2020-05
2020-05-01,IBM,buy_call,3.1501,1,-0.5256,-3.1501,-0.031501,False,2020-05
2020-05-01,ICE,buy_call,3.1297,1,8.7199,5.5902,0.055902,False,2020-05
2020-05-01,INTC,buy_call,4.3541,1,4.9183,0.5642,0.005642,False,2020-05
2020-05-01,INTU,buy_call,3.7232,1,7.8341,4.1109,0.041109,False,2020-05
2020-05-01,ISRG,buy_call,2.5657,1,13.5355,10.9698,0.109698,False,2020-05
2020-05-01,ITW,buy_call,3.1501,1,6.1292,2.9791,0.029791,False,2020-05
2020-05-01,JNJ,buy_call,2.1459,1,-0.8598,-2.1459,-0.021459,False,2020-05
2020-05-01,JPM,buy_call,2.8573,1,2.6746,-0.1827,-0.001827,False,2020-05
2020-05-01,KO,buy_call,2.0601,1,1.7215,-0.3386,-0.003386,False,2020-05
2020-05-01,LLY,buy_call,3.6723,1,-1.0929,-3.6723,-0.036723,False,2020-05
2020-05-01,LMT,buy_call,3.3715,1,-0.1594,-3.3715,-0.033715,False,2020-05
2020-05-01,LOW,buy_call,2.9168,1,25.1628,22.246,0.22246,False,2020-05
2020-05-01,MA,buy_call,2.8289,1,9.5957,6.7669,0.067669,False,2020-05
2020-05-01,MCD,buy_call,2.0601,1,-0.6611,-2.0601,-0.020601,False,2020-05
2020-05-01,MDLZ,buy_call,2.3305,1,1.3219,-1.0086,-0.010086,False,2020-05
2020-05-01,MDT,buy_call,2.5657,1,0.9731,-1.5927,-0.015927,False,2020-05
2020-05-01,META,buy_call,4.5258,1,9.9555,5.4297,0.054297,False,2020-05
2020-05-01,MMM,buy_call,3.1501,1,2.9753,-0.1749,-0.001749,False,2020-05
2020-05-01,MRK,buy_call,2.8367,1,1.7394,-1.0974,-0.010974,False,2020-05
2020-05-01,MS,buy_call,2.8573,1,13.0837,10.2264,0.102264,False,2020-05
2020-05-01,MSFT,buy_call,2.9987,1,2.2544,-0.7444,-0.007444,False,2020-05
2020-05-01,MU,buy_call,5.625,1,0.0417,-5.5832,-0.055832,False,2020-05
2020-05-01,NEE,skip,0.0,0,10.5746,0.0,0.0,False,2020-05
2020-05-01,NFLX,buy_call,4.6663,1,-0.0286,-4.6663,-0.046663,False,2020-05
2020-05-01,NKE,buy_call,3.6602,1,13.0764,9.4162,0.094162,False,2020-05
2020-05-01,NOW,buy_call,4.2719,1,10.3516,6.0797,0.060797,False,2020-05
2020-05-01,NVDA,buy_call,5.625,1,21.4657,15.8407,0.158407,False,2020-05
2020-05-01,ORCL,buy_call,3.7509,1,1.9925,-1.7584,-0.017584,False,2020-05
2020-05-01,PEP,buy_call,2.3305,1,-0.5594,-2.3305,-0.023305,False,2020-05
2020-05-01,PFE,buy_call,2.9486,1,-0.4431,-2.9486,-0.029486,False,2020-05
2020-05-01,PG,buy_call,2.1901,1,-0.9985,-2.1901,-0.021901,False,2020-05
2020-05-01,PLD,buy_call,3.1501,1,2.544,-0.6062,-0.006062,False,2020-05
2020-05-01,PM,buy_call,2.3305,1,-1.6622,-2.3305,-0.023305,False,2020-05
2020-05-01,PYPL,buy_call,2.8289,1,26.0244,23.1955,0.231955,False,2020-05
2020-05-01,REGN,buy_call,2.9486,1,16.5304,13.5818,0.135818,False,2020-05
2020-05-01,SBUX,buy_call,2.0601,1,1.6421,-0.418,-0.00418,False,2020-05
2020-05-01,SCHW,buy_call,2.8573,1,-4.7985,-2.8573,-0.028573,False,2020-05
2020-05-01,SO,buy_call,2.0601,1,0.5993,-1.4608,-0.014608,False,2020-05
2020-05-01,SPGI,buy_call,2.8573,1,10.9738,8.1165,0.081165,False,2020-05
2020-05-01,SYK,buy_call,2.5657,1,4.9885,2.4228,0.024228,False,2020-05
2020-05-01,T,buy_call,3.2346,1,3.6524,0.4178,0.004178,False,2020-05
2020-05-01,TGT,buy_call,2.5532,1,11.4726,8.9194,0.089194,False,2020-05
2020-05-01,TJX,buy_call,2.5532,1,7.5637,5.0105,0.050105,False,2020-05
2020-05-01,TMO,buy_call,2.9501,1,4.3355,1.3854,0.013854,False,2020-05
2020-05-01,TMUS,buy_call,3.2346,1,13.9408,10.7062,0.107062,False,2020-05
2020-05-01,TXN,buy_call,4.3541,1,2.3003,-2.0538,-0.020538,False,2020-05
2020-05-01,UNH,buy_call,3.1014,1,4.2329,1.1315,0.011315,False,2020-05
2020-05-01,UNP,buy_call,3.3715,1,6.302,2.9306,0.029306,False,2020-05
2020-05-01,V,buy_call,2.6603,1,9.2435,6.5832,0.065832,False,2020-05
2020-05-01,VRTX,buy_call,2.9486,1,14.6338,11.6852,0.116852,False,2020-05
2020-05-01,VZ,buy_call,3.2346,1,0.9523,-2.2823,-0.022823,False,2020-05
2020-05-01,WFC,buy_call,3.633,1,-8.8812,-3.633,-0.03633,False,2020-05
2020-05-01,WM,buy_call,3.1297,1,6.7287,3.599,0.03599,False,2020-05
2020-05-01,WMT,buy_call,2.5532,1,2.065,-0.4882,-0.004882,False,2020-05
2020-05-01,XOM,buy_call,3.3715,1,-2.1519,-3.3715,-0.033715,False,2020-05
2020-05-01,ZTS,buy_call,2.9486,1,7.9696,5.021,0.05021,False,2020-05
2020-06-01,AAPL,buy_call,3.6298,1,15.0493,11.4194,0.114194,False,2020-06
2020-06-01,ABBV,buy_call,3.2616,1,5.9458,2.6843,0.026843,False,2020-06
2020-06-01,ABT,buy_call,2.8381,1,-3.6768,-2.8381,-0.028381,False,2020-06
2020-06-01,ADBE,buy_call,3.317,1,12.5996,9.2826,0.092826,False,2020-06
2020-06-01,ADP,skip,0.0,0,1.6383,0.0,0.0,False,2020-06
2020-06-01,AMAT,buy_call,4.8163,1,8.029,3.2127,0.032127,False,2020-06
2020-06-01,AMGN,skip,0.0,0,3.3768,0.0,0.0,False,2020-06
2020-06-01,AMT,buy_call,3.4845,1,0.1433,-3.3412,-0.033412,False,2020-06
2020-06-01,AMZN,skip,0.0,0,12.9567,0.0,0.0,False,2020-06
2020-06-01,AVGO,buy_call,4.8163,1,8.3565,3.5402,0.035402,False,2020-06
2020-06-01,AXP,buy_call,3.1291,1,0.1368,-2.9924,-0.029924,False,2020-06
2020-06-01,BA,buy_call,3.4619,1,25.6771,22.2152,0.222152,False,2020-06
2020-06-01,BAC,buy_call,3.6899,1,-1.534,-3.6899,-0.036899,False,2020-06
2020-06-01,BDX,skip,0.0,0,-3.1021,0.0,0.0,False,2020-06
2020-06-01,BKNG,buy_call,3.4619,1,-2.8718,-3.4619,-0.034619,False,2020-06
2020-06-01,BLK,buy_call,3.1606,1,2.9226,-0.238,-0.00238,False,2020-06
2020-06-01,BMY,skip,0.0,0,-1.5405,0.0,0.0,False,2020-06
2020-06-01,BRK-B,skip,0.0,0,-3.8097,0.0,0.0,False,2020-06
2020-06-01,C,skip,0.0,0,7.7904,0.0,0.0,False,2020-06
2020-06-01,CAT,buy_call,3.7293,1,5.3026,1.5733,0.015733,False,2020-06
2020-06-01,CHTR,buy_call,3.5779,1,-6.2426,-3.5779,-0.035779,False,2020-06
2020-06-01,CMCSA,buy_call,3.5779,1,-1.5656,-3.5779,-0.035779,False,2020-06
2020-06-01,COST,buy_call,2.9754,1,-1.7052,-2.9754,-0.029754,False,2020-06
2020-06-01,CRM,buy_call,4.4944,1,7.1743,2.68,0.0268,False,2020-06
2020-06-01,CSCO,buy_call,3.4845,1,-2.4676,-3.4845,-0.034845,False,2020-06
2020-06-01,CSX,buy_call,3.4619,1,-2.2251,-3.4619,-0.034619,False,2020-06
2020-06-01,CVS,buy_call,3.4306,1,-0.9151,-3.4306,-0.034306,False,2020-06
2020-06-01,CVX,skip,0.0,0,-1.265,0.0,0.0,False,2020-06
2020-06-01,DHR,buy_call,2.8381,1,6.1341,3.296,0.03296,False,2020-06
2020-06-01,DIS,buy_call,3.8379,1,-4.9361,-3.8379,-0.038379,False,2020-06
2020-06-01,DUK,buy_call,2.2788,1,-5.6141,-2.2788,-0.022788,False,2020-06
2020-06-01,EL,buy_call,3.4619,1,-4.4513,-3.4619,-0.034619,False,2020-06
2020-06-01,ELV,buy_call,3.4306,1,-10.5845,-3.4306,-0.034306,False,2020-06
2020-06-01,EOG,buy_call,3.7293,1,-0.6082,-3.7293,-0.037293,False,2020-06
2020-06-01,GILD,skip,0.0,0,-1.1435,0.0,0.0,False,2020-06
2020-06-01,GM,buy_call,3.7293,1,-2.2411,-3.7293,-0.037293,False,2020-06
2020-06-01,GOOGL,buy_call,4.0225,1,-1.0792,-4.0225,-0.040225,False,2020-06
2020-06-01,GS,buy_call,3.1606,1,1.2038,-1.9568,-0.019568,False,2020-06
2020-06-01,HD,buy_call,3.2264,1,0.817,-2.4094,-0.024094,False,2020-06
2020-06-01,HON,buy_call,3.4845,1,-0.133,-3.4845,-0.034845,False,2020-06
2020-06-01,IBM,skip,0.0,0,-2.0099,0.0,0.0,False,2020-06
2020-06-01,ICE,buy_call,3.4619,1,-5.8098,-3.4619,-0.034619,False,2020-06
2020-06-01,INTC,buy_call,4.8163,1,-4.389,-4.8163,-0.048163,False,2020-06
2020-06-01,INTU,buy_call,4.1184,1,2.0219,-2.0965,-0.020965,False,2020-06
2020-06-01,ISRG,buy_call,2.8381,1,-1.7585,-2.8381,-0.028381,False,2020-06
2020-06-01,ITW,buy_call,3.4845,1,1.3858,-2.0987,-0.020987,False,2020-06
2020-06-01,JNJ,skip,0.0,0,-4.8034,0.0,0.0,False,2020-06
2020-06-01,JPM,buy_call,3.1606,1,-3.3398,-3.1606,-0.031606,False,2020-06
2020-06-01,KO,buy_call,2.2788,1,-4.2845,-2.2788,-0.022788,False,2020-06
2020-06-01,LLY,skip,0.0,0,7.8476,0.0,0.0,False,2020-06
2020-06-01,LMT,skip,0.0,0,-5.4857,0.0,0.0,False,2020-06
2020-06-01,LOW,buy_call,3.2264,1,3.6594,0.433,0.00433,False,2020-06
2020-06-01,MA,buy_call,3.1291,1,-1.7249,-3.1291,-0.031291,False,2020-06
2020-06-01,MCD,skip,0.0,0,-0.3328,0.0,0.0,False,2020-06
2020-06-01,MDLZ,buy_call,2.5779,1,-1.8995,-2.5779,-0.025779,False,2020-06
2020-06-01,MDT,buy_call,2.8381,1,-6.9791,-2.8381,-0.028381,False,2020-06
2020-06-01,META,buy_call,5.0062,1,0.8797,-4.1265,-0.041265,False,2020-06
2020-06-01,MMM,buy_call,3.4845,1,0.7013,-2.7832,-0.027832,False,2020-06
2020-06-01,MRK,buy_call,3.1379,1,-4.1997,-3.1379,-0.031379,False,2020-06
2020-06-01,MS,buy_call,3.1606,1,9.276,6.1154,0.061154,False,2020-06
2020-06-01,MSFT,buy_call,3.317,1,11.3652,8.0482,0.080482,False,2020-06
2020-06-01,MU,buy_call,6.222,1,7.535,1.313,0.01313,False,2020-06
2020-06-01,NEE,buy_call,2.2788,1,-6.0221,-2.2788,-0.022788,False,2020-06
2020-06-01,NFLX,skip,0.0,0,8.4126,0.0,0.0,False,2020-06
2020-06-01,NKE,buy_call,4.0487,1,-0.2895,-4.0487,-0.040487,False,2020-06
2020-06-01,NOW,buy_call,4.7253,1,4.4157,-0.3096,-0.003096,False,2020-06
2020-06-01,NVDA,buy_call,6.222,1,7.0108,0.7888,0.007888,False,2020-06
2020-06-01,ORCL,buy_call,4.1491,1,2.7897,-1.3594,-0.013594,False,2020-06
2020-06-01,PEP,skip,0.0,0,0.5397,0.0,0.0,False,2020-06
2020-06-01,PFE,skip,0.0,0,-13.5222,0.0,0.0,False,2020-06
2020-06-01,PG,skip,0.0,0,3.1487,0.0,0.0,False,2020-06
2020-06-01,PLD,buy_call,3.4845,1,2.0,-1.4845,-0.014845,False,2020-06
2020-06-01,PM,skip,0.0,0,-4.4984,0.0,0.0,False,2020-06
2020-06-01,PYPL,buy_call,3.1291,1,12.3992,9.2701,0.092701,False,2020-06
2020-06-01,REGN,buy_call,3.2616,1,1.7689,-1.4927,-0.014927,False,2020-06
2020-06-01,SBUX,buy_call,2.2788,1,-5.1085,-2.2788,-0.022788,False,2020-06
2020-06-01,SCHW,skip,0.0,0,-5.5511,0.0,0.0,False,2020-06
2020-06-01,SO,buy_call,2.2788,1,-8.0721,-2.2788,-0.022788,False,2020-06
2020-06-01,SPGI,buy_call,3.1606,1,1.5905,-1.5701,-0.015701,False,2020-06
2020-06-01,SYK,buy_call,2.8381,1,-7.9395,-2.8381,-0.028381,False,2020-06
2020-06-01,T,buy_call,3.5779,1,-2.0415,-3.5779,-0.035779,False,2020-06
2020-06-01,TGT,buy_call,2.8242,1,-1.4424,-2.8242,-0.028242,False,2020-06
2020-06-01,TJX,buy_call,2.8242,1,-4.1698,-2.8242,-0.028242,False,2020-06
2020-06-01,TMO,buy_call,3.2633,1,3.7659,0.5026,0.005026,False,2020-06
2020-06-01,TMUS,buy_call,3.5779,1,4.1084,0.5304,0.005304,False,2020-06
2020-06-01,TXN,buy_call,4.8163,1,7.7667,2.9505,0.029505,False,2020-06
2020-06-01,UNH,buy_call,3.4306,1,-3.2475,-3.4306,-0.034306,False,2020-06
2020-06-01,UNP,buy_call,3.7293,1,0.0934,-3.6359,-0.036359,False,2020-06
2020-06-01,V,buy_call,2.9427,1,-0.8946,-2.9427,-0.029427,False,2020-06
2020-06-01,VRTX,buy_call,3.2616,1,0.8161,-2.4455,-0.024455,False,2020-06
2020-06-01,VZ,buy_call,3.5779,1,-3.9212,-3.5779,-0.035779,False,2020-06
2020-06-01,WFC,skip,0.0,0,-1.3217,0.0,0.0,False,2020-06
2020-06-01,WM,buy_call,3.4619,1,-0.7869,-3.4619,-0.034619,False,2020-06
2020-06-01,WMT,buy_call,2.8242,1,-3.0252,-2.8242,-0.028242,False,2020-06
2020-06-01,XOM,skip,0.0,0,0.2575,0.0,0.0,False,2020-06
2020-06-01,ZTS,buy_call,3.2616,1,-1.6859,-3.2616,-0.032616,False,2020-06
2020-07-01,AAPL,buy_call,2.9177,2,16.5132,13.5955,0.27191,True,2020-07
2020-07-01,ABBV,buy_call,2.6217,2,-3.3306,-2.6217,-0.052434,True,2020-07
2020-07-01,ABT,skip,0.0,0,10.0733,0.0,0.0,True,2020-07
2020-07-01,ADBE,buy_call,2.6663,2,2.0698,-0.5965,-0.01193,True,2020-07
2020-07-01,ADP,buy_call,2.8009,2,-10.2091,-2.8009,-0.056018,True,2020-07
2020-07-01,AMAT,buy_call,3.8714,2,6.4185,2.5471,0.050942,True,2020-07
2020-07-01,AMGN,buy_call,2.6217,2,3.7353,1.1136,0.022272,True,2020-07
2020-07-01,AMT,buy_call,2.8009,2,1.5254,-1.2755,-0.02551,True,2020-07
2020-07-01,AMZN,buy_call,3.5493,2,14.7114,11.162,0.22324,True,2020-07
2020-07-01,AVGO,buy_call,3.8714,2,1.3952,-2.4762,-0.049524,True,2020-07
2020-07-01,AXP,buy_call,2.5152,2,-1.9748,-2.5152,-0.050304,True,2020-07
2020-07-01,BA,buy_call,2.7827,2,-13.8025,-2.7827,-0.055654,True,2020-07
2020-07-01,BAC,skip,0.0,0,5.4885,0.0,0.0,True,2020-07
2020-07-01,BDX,skip,0.0,0,17.9677,0.0,0.0,True,2020-07
2020-07-01,BKNG,skip,0.0,0,4.3828,0.0,0.0,True,2020-07
2020-07-01,BLK,buy_call,2.5405,2,6.388,3.8475,0.07695,True,2020-07
2020-07-01,BMY,skip,0.0,0,-0.2381,0.0,0.0,True,2020-07
2020-07-01,BRK-B,skip,0.0,0,9.6745,0.0,0.0,True,2020-07
2020-07-01,C,buy_call,2.7827,2,-2.1331,-2.7827,-0.055654,True,2020-07
2020-07-01,CAT,buy_call,2.9977,2,5.0435,2.0458,0.040916,True,2020-07
2020-07-01,CHTR,skip,0.0,0,13.7166,0.0,0.0,True,2020-07
2020-07-01,CMCSA,skip,0.0,0,10.4523,0.0,0.0,True,2020-07
2020-07-01,COST,skip,0.0,0,7.3612,0.0,0.0,True,2020-07
2020-07-01,CRM,buy_call,3.6126,2,4.0143,0.4017,0.008034,True,2020-07
2020-07-01,CSCO,skip,0.0,0,0.9862,0.0,0.0,True,2020-07
2020-07-01,CSX,skip,0.0,0,2.2942,0.0,0.0,True,2020-07
2020-07-01,CVS,skip,0.0,0,-3.1245,0.0,0.0,True,2020-07
2020-07-01,CVX,skip,0.0,0,-5.9285,0.0,0.0,True,2020-07
2020-07-01,DHR,buy_call,2.2813,2,15.373,13.0918,0.261836,True,2020-07
2020-07-01,DIS,skip,0.0,0,4.8695,0.0,0.0,True,2020-07
2020-07-01,DUK,skip,0.0,0,6.0708,0.0,0.0,True,2020-07
2020-07-01,EL,skip,0.0,0,4.6958,0.0,0.0,True,2020-07
2020-07-01,ELV,skip,0.0,0,4.4444,0.0,0.0,True,2020-07
2020-07-01,EOG,skip,0.0,0,-7.5207,0.0,0.0,True,2020-07
2020-07-01,GILD,skip,0.0,0,-8.8265,0.0,0.0,True,2020-07
2020-07-01,GM,skip,0.0,0,-1.6205,0.0,0.0,True,2020-07
2020-07-01,GOOGL,skip,0.0,0,4.9293,0.0,0.0,True,2020-07
2020-07-01,GS,buy_call,2.5405,2,0.1721,-2.3684,-0.047368,True,2020-07
2020-07-01,HD,buy_call,2.5934,2,6.6126,4.0192,0.080384,True,2020-07
2020-07-01,HON,skip,0.0,0,3.3059,0.0,0.0,True,2020-07
2020-07-01,IBM,skip,0.0,0,1.7968,0.0,0.0,True,2020-07
2020-07-01,ICE,skip,0.0,0,5.996,0.0,0.0,True,2020-07
2020-07-01,INTC,skip,0.0,0,-20.224,0.0,0.0,True,2020-07
2020-07-01,INTU,buy_call,3.3104,2,3.437,0.1266,0.002532,True,2020-07
2020-07-01,ISRG,skip,0.0,0,20.2885,0.0,0.0,True,2020-07
2020-07-01,ITW,buy_call,2.8009,2,6.4782,3.6773,0.073546,True,2020-07
2020-07-01,JNJ,skip,0.0,0,3.6479,0.0,0.0,True,2020-07
2020-07-01,JPM,skip,0.0,0,2.7429,0.0,0.0,True,2020-07
2020-07-01,KO,skip,0.0,0,6.6902,0.0,0.0,True,2020-07
2020-07-01,LLY,buy_call,3.2652,2,-8.4602,-3.2652,-0.065304,True,2020-07
2020-07-01,LMT,skip,0.0,0,3.8501,0.0,0.0,True,2020-07
2020-07-01,LOW,buy_call,2.5934,2,10.2057,7.6123,0.152246,True,2020-07
2020-07-01,MA,skip,0.0,0,4.3389,0.0,0.0,True,2020-07
2020-07-01,MCD,skip,0.0,0,5.318,0.0,0.0,True,2020-07
2020-07-01,MDLZ,skip,0.0,0,9.1484,0.0,0.0,True,2020-07
2020-07-01,MDT,skip,0.0,0,5.9033,0.0,0.0,True,2020-07
2020-07-01,META,buy_call,4.024,2,11.7144,7.6904,0.153808,True,2020-07
2020-07-01,MMM,buy_call,2.8009,2,-3.5387,-2.8009,-0.056018,True,2020-07
2020-07-01,MRK,skip,0.0,0,4.5879,0.0,0.0,True,2020-07
2020-07-01,MS,buy_call,2.5405,2,1.2008,-1.3397,-0.026794,True,2020-07
2020-07-01,MSFT,buy_call,2.6663,2,0.7371,-1.9292,-0.038584,True,2020-07
2020-07-01,MU,buy_call,5.0013,2,-2.8339,-5.0013,-0.100026,True,2020-07
2020-07-01,NEE,skip,0.0,0,17.5193,0.0,0.0,True,2020-07
2020-07-01,NFLX,buy_call,4.1489,2,7.4367,3.2878,0.065756,True,2020-07
2020-07-01,NKE,skip,0.0,0,-0.4487,0.0,0.0,True,2020-07
2020-07-01,NOW,buy_call,3.7983,2,8.4284,4.6301,0.092602,True,2020-07
2020-07-01,NVDA,buy_call,5.0013,2,11.8117,6.8104,0.136208,True,2020-07
2020-07-01,ORCL,buy_call,3.3351,2,0.3256,-3.0094,-0.060188,True,2020-07
2020-07-01,PEP,buy_call,2.0721,2,4.8908,2.8186,0.056372,True,2020-07
2020-07-01,PFE,skip,0.0,0,17.6759,0.0,0.0,True,2020-07
2020-07-01,PG,buy_call,1.9472,2,9.6596,7.7124,0.154248,True,2020-07
2020-07-01,PLD,buy_call,2.8009,2,13.6519,10.851,0.21702,True,2020-07
2020-07-01,PM,skip,0.0,0,11.3815,0.0,0.0,True,2020-07
2020-07-01,PYPL,buy_call,2.5152,2,12.5352,10.0199,0.200398,True,2020-07
2020-07-01,REGN,buy_call,2.6217,2,1.3501,-1.2716,-0.025432,True,2020-07
2020-07-01,SBUX,skip,0.0,0,3.9951,0.0,0.0,True,2020-07
2020-07-01,SCHW,skip,0.0,0,-1.7486,0.0,0.0,True,2020-07
2020-07-01,SO,skip,0.0,0,5.323,0.0,0.0,True,2020-07
2020-07-01,SPGI,buy_call,2.5405,2,6.3039,3.7634,0.075268,True,2020-07
2020-07-01,SYK,skip,0.0,0,7.6319,0.0,0.0,True,2020-07
2020-07-01,T,skip,0.0,0,-2.1502,0.0,0.0,True,2020-07
2020-07-01,TGT,skip,0.0,0,4.9612,0.0,0.0,True,2020-07
2020-07-01,TJX,skip,0.0,0,2.8283,0.0,0.0,True,2020-07
2020-07-01,TMO,buy_call,2.6231,2,14.3183,11.6952,0.233904,True,2020-07
2020-07-01,TMUS,buy_call,2.876,2,3.1013,0.2253,0.004506,True,2020-07
2020-07-01,TXN,buy_call,3.8714,2,0.4568,-3.4146,-0.068292,True,2020-07
2020-07-01,UNH,skip,0.0,0,3.0968,0.0,0.0,True,2020-07
2020-07-01,UNP,buy_call,2.9977,2,2.5315,-0.4662,-0.009324,True,2020-07
2020-07-01,V,skip,0.0,0,-1.434,0.0,0.0,True,2020-07
2020-07-01,VRTX,buy_call,2.6217,2,-6.3071,-2.6217,-0.052434,True,2020-07
2020-07-01,VZ,skip,0.0,0,4.2627,0.0,0.0,True,2020-07
2020-07-01,WFC,skip,0.0,0,-5.2343,0.0,0.0,True,2020-07
2020-07-01,WM,skip,0.0,0,3.9984,0.0,0.0,True,2020-07
2020-07-01,WMT,skip,0.0,0,8.0313,0.0,0.0,True,2020-07
2020-07-01,XOM,buy_call,2.9977,2,-5.9034,-2.9977,-0.059954,True,2020-07
2020-07-01,ZTS,skip,0.0,0,10.683,0.0,0.0,True,2020-07
2020-08-01,AAPL,buy_call,3.1503,1,21.4379,18.2876,0.182876,False,2020-08
2020-08-01,ABBV,skip,0.0,0,2.1377,0.0,0.0,False,2020-08
2020-08-01,ABT,buy_call,2.4631,1,9.1961,6.733,0.06733,False,2020-08
2020-08-01,ADBE,buy_call,2.8788,1,15.5451,12.6663,0.126663,False,2020-08
2020-08-01,ADP,skip,0.0,0,4.6497,0.0,0.0,False,2020-08
2020-08-01,AMAT,buy_call,4.18,1,-4.2437,-4.18,-0.0418,False,2020-08
2020-08-01,AMGN,buy_call,2.8307,1,3.5354,0.7047,0.007047,False,2020-08
2020-08-01,AMT,buy_call,3.0242,1,-4.6827,-3.0242,-0.030242,False,2020-08
2020-08-01,AMZN,buy_call,3.8323,1,9.0461,5.2138,0.052138,False,2020-08
2020-08-01,AVGO,buy_call,4.18,1,9.5975,5.4174,0.054174,False,2020-08
2020-08-01,AXP,skip,0.0,0,9.3559,0.0,0.0,False,2020-08
2020-08-01,BA,skip,0.0,0,8.7468,0.0,0.0,False,2020-08
2020-08-01,BAC,buy_call,3.2025,1,3.4566,0.2541,0.002541,False,2020-08
2020-08-01,BDX,buy_call,2.4631,1,-13.7094,-2.4631,-0.024631,False,2020-08
2020-08-01,BKNG,buy_call,3.0046,1,14.9399,11.9353,0.119353,False,2020-08
2020-08-01,BLK,buy_call,2.743,1,3.3356,0.5925,0.005925,False,2020-08
2020-08-01,BMY,skip,0.0,0,6.8438,0.0,0.0,False,2020-08
2020-08-01,BRK-B,buy_call,1.8117,1,11.3699,9.5582,0.095582,False,2020-08
2020-08-01,C,skip,0.0,0,3.2547,0.0,0.0,False,2020-08
2020-08-01,CAT,buy_call,3.2366,1,7.8987,4.6621,0.046621,False,2020-08
2020-08-01,CHTR,buy_call,3.1052,1,6.1397,3.0344,0.030344,False,2020-08
2020-08-01,CMCSA,buy_call,3.1052,1,4.6963,1.591,0.01591,False,2020-08
2020-08-01,COST,buy_call,2.5824,1,7.0279,4.4455,0.044455,False,2020-08
2020-08-01,CRM,buy_call,3.9006,1,39.9281,36.0275,0.360275,False,2020-08
2020-08-01,CSCO,buy_call,3.0242,1,-9.6548,-3.0242,-0.030242,False,2020-08
2020-08-01,CSX,buy_call,3.0046,1,7.1769,4.1723,0.041723,False,2020-08
2020-08-01,CVS,skip,0.0,0,-0.532,0.0,0.0,False,2020-08
2020-08-01,CVX,skip,0.0,0,-0.012,0.0,0.0,False,2020-08
2020-08-01,DHR,buy_call,2.4631,1,1.3101,-1.153,-0.01153,False,2020-08
2020-08-01,DIS,buy_call,3.3309,1,12.7672,9.4363,0.094363,False,2020-08
2020-08-01,DUK,buy_call,1.9777,1,-5.1923,-1.9777,-0.019777,False,2020-08
2020-08-01,EL,buy_call,3.0046,1,12.2406,9.236,0.09236,False,2020-08
2020-08-01,ELV,buy_call,2.9774,1,2.8196,-0.1578,-0.001578,False,2020-08
2020-08-01,EOG,skip,0.0,0,-2.4523,0.0,0.0,False,2020-08
2020-08-01,GILD,skip,0.0,0,-3.9983,0.0,0.0,False,2020-08
2020-08-01,GM,skip,0.0,0,19.0438,0.0,0.0,False,2020-08
2020-08-01,GOOGL,buy_call,3.4911,1,9.5151,6.024,0.06024,False,2020-08
2020-08-01,GS,buy_call,2.743,1,3.4906,0.7476,0.007476,False,2020-08
2020-08-01,HD,buy_call,2.8001,1,7.3637,4.5636,0.045636,False,2020-08
2020-08-01,HON,buy_call,3.0242,1,10.8321,7.808,0.07808,False,2020-08
2020-08-01,IBM,buy_call,3.0242,1,0.3009,-2.7232,-0.027232,False,2020-08
2020-08-01,ICE,buy_call,3.0046,1,9.7644,6.7599,0.067599,False,2020-08
2020-08-01,INTC,skip,0.0,0,6.7463,0.0,0.0,False,2020-08
2020-08-01,INTU,buy_call,3.5743,1,12.9291,9.3547,0.093547,False,2020-08
2020-08-01,ISRG,buy_call,2.4631,1,6.6235,4.1604,0.041604,False,2020-08
2020-08-01,ITW,buy_call,3.0242,1,6.7895,3.7654,0.037654,False,2020-08
2020-08-01,JNJ,buy_call,2.0601,1,5.2484,3.1883,0.031883,False,2020-08
2020-08-01,JPM,buy_call,2.743,1,4.6837,1.9406,0.019406,False,2020-08
2020-08-01,KO,buy_call,1.9777,1,4.8476,2.8699,0.028699,False,2020-08
2020-08-01,LLY,skip,0.0,0,-1.2642,0.0,0.0,False,2020-08
2020-08-01,LMT,buy_call,3.2366,1,2.9791,-0.2575,-0.002575,False,2020-08
2020-08-01,LOW,buy_call,2.8001,1,11.0207,8.2206,0.082206,False,2020-08
2020-08-01,MA,buy_call,2.7157,1,16.2507,13.535,0.13535,False,2020-08
2020-08-01,MCD,buy_call,1.9777,1,9.9032,7.9255,0.079255,False,2020-08
2020-08-01,MDLZ,buy_call,2.2373,1,5.2802,3.0429,0.030429,False,2020-08
2020-08-01,MDT,buy_call,2.4631,1,11.391,8.9279,0.089279,False,2020-08
2020-08-01,META,buy_call,4.3449,1,15.5833,11.2384,0.112384,False,2020-08
2020-08-01,MMM,skip,0.0,0,8.3405,0.0,0.0,False,2020-08
2020-08-01,MRK,buy_call,2.7233,1,6.2687,3.5454,0.035454,False,2020-08
2020-08-01,MS,buy_call,2.743,1,7.6597,4.9167,0.049167,False,2020-08
2020-08-01,MSFT,buy_call,2.8788,1,10.0093,7.1304,0.071304,False,2020-08
2020-08-01,MU,skip,0.0,0,-9.0891,0.0,0.0,False,2020-08
2020-08-01,NEE,buy_call,1.9777,1,-0.5451,-1.9777,-0.019777,False,2020-08
2020-08-01,NFLX,buy_call,4.4797,1,8.3211,3.8414,0.038414,False,2020-08
2020-08-01,NKE,skip,0.0,0,14.6296,0.0,0.0,False,2020-08
2020-08-01,NOW,buy_call,4.1011,1,9.7495,5.6485,0.056485,False,2020-08
2020-08-01,NVDA,buy_call,5.4001,1,25.9992,20.5992,0.205992,False,2020-08
2020-08-01,ORCL,buy_call,3.6009,1,3.6283,0.0274,0.000274,False,2020-08
2020-08-01,PEP,buy_call,2.2373,1,1.7434,-0.4939,-0.004939,False,2020-08
2020-08-01,PFE,buy_call,2.8307,1,-0.8333,-2.8307,-0.028307,False,2020-08
2020-08-01,PG,buy_call,2.1025,1,6.1645,4.062,0.04062,False,2020-08
2020-08-01,PLD,buy_call,3.0242,1,-3.377,-3.0242,-0.030242,False,2020-08
2020-08-01,PM,buy_call,2.2373,1,3.8797,1.6424,0.016424,False,2020-08
2020-08-01,PYPL,buy_call,2.7157,1,4.1159,1.4001,0.014001,False,2020-08
2020-08-01,REGN,buy_call,2.8307,1,-1.9207,-2.8307,-0.028307,False,2020-08
2020-08-01,SBUX,buy_call,1.9777,1,10.375,8.3973,0.083973,False,2020-08
2020-08-01,SCHW,skip,0.0,0,7.1794,0.0,0.0,False,2020-08
2020-08-01,SO,buy_call,1.9777,1,-4.4497,-1.9777,-0.019777,False,2020-08
2020-08-01,SPGI,buy_call,2.743,1,4.6167,1.8737,0.018737,False,2020-08
2020-08-01,SYK,buy_call,2.4631,1,2.5142,0.0511,0.000511,False,2020-08
2020-08-01,T,skip,0.0,0,3.1081,0.0,0.0,False,2020-08
2020-08-01,TGT,buy_call,2.4511,1,20.1224,17.6712,0.176712,False,2020-08
2020-08-01,TJX,buy_call,2.4511,1,5.3856,2.9345,0.029345,False,2020-08
2020-08-01,TMO,buy_call,2.8322,1,3.6309,0.7987,0.007987,False,2020-08
2020-08-01,TMUS,buy_call,3.1052,1,8.6608,5.5556,0.055556,False,2020-08
2020-08-01,TXN,buy_call,4.18,1,12.2137,8.0337,0.080337,False,2020-08
2020-08-01,UNH,buy_call,2.9774,1,3.2268,0.2494,0.002494,False,2020-08
2020-08-01,UNP,buy_call,3.2366,1,11.0124,7.7758,0.077758,False,2020-08
2020-08-01,V,skip,0.0,0,11.3393,0.0,0.0,False,2020-08
2020-08-01,VRTX,skip,0.0,0,2.6176,0.0,0.0,False,2020-08
2020-08-01,VZ,buy_call,3.1052,1,4.2721,1.1668,0.011668,False,2020-08
2020-08-01,WFC,skip,0.0,0,-0.4535,0.0,0.0,False,2020-08
2020-08-01,WM,buy_call,3.0046,1,4.0146,1.0101,0.010101,False,2020-08
2020-08-01,WMT,buy_call,2.4511,1,7.303,4.8518,0.048518,False,2020-08
2020-08-01,XOM,skip,0.0,0,-5.0856,0.0,0.0,False,2020-08
2020-08-01,ZTS,buy_call,2.8307,1,5.6991,2.8684,0.028684,False,2020-08
2020-09-01,AAPL,buy_call,6.0691,1,-10.0908,-6.0691,-0.060691,False,2020-09
2020-09-01,ABBV,buy_call,2.8359,1,-8.5413,-2.8359,-0.028359,False,2020-09
2020-09-01,ABT,buy_call,3.4463,1,-0.5846,-3.4463,-0.034463,False,2020-09
2020-09-01,ADBE,buy_call,4.669,1,-4.4722,-4.669,-0.04669,False,2020-09
2020-09-01,ADP,buy_call,2.8397,1,0.2876,-2.5521,-0.025521,False,2020-09
2020-09-01,AMAT,skip,0.0,0,-3.1696,0.0,0.0,False,2020-09
2020-09-01,AMGN,buy_call,2.8359,1,1.0037,-1.8322,-0.018322,False,2020-09
2020-09-01,AMT,skip,0.0,0,-2.9781,0.0,0.0,False,2020-09
2020-09-01,AMZN,buy_call,4.5703,1,-8.7579,-4.5703,-0.045703,False,2020-09
2020-09-01,AVGO,buy_call,5.3783,1,4.946,-0.4323,-0.004323,False,2020-09
2020-09-01,AXP,buy_call,3.8997,1,-1.319,-3.8997,-0.038997,False,2020-09
2020-09-01,BA,buy_call,3.0,1,-3.818,-3.0,-0.03,False,2020-09
2020-09-01,BAC,buy_call,4.2617,1,-6.4102,-4.2617,-0.042617,False,2020-09
2020-09-01,BDX,skip,0.0,0,-4.1562,0.0,0.0,False,2020-09
2020-09-01,BKNG,buy_call,3.0,1,-10.4567,-3.0,-0.03,False,2020-09
2020-09-01,BLK,buy_call,4.1104,1,-5.1566,-4.1104,-0.041104,False,2020-09
2020-09-01,BMY,buy_call,2.8359,1,-3.0707,-2.8359,-0.028359,False,2020-09
2020-09-01,BRK-B,buy_call,2.4579,1,-2.339,-2.4579,-0.024579,False,2020-09
2020-09-01,C,buy_call,3.0,1,-15.669,-3.0,-0.03,False,2020-09
2020-09-01,CAT,buy_call,4.2808,1,4.8064,0.5255,0.005255,False,2020-09
2020-09-01,CHTR,buy_call,3.3743,1,1.4181,-1.9562,-0.019562,False,2020-09
2020-09-01,CMCSA,buy_call,3.3743,1,3.2359,-0.1384,-0.001384,False,2020-09
2020-09-01,COST,buy_call,4.461,1,2.1113,-2.3498,-0.023498,False,2020-09
2020-09-01,CRM,buy_call,5.5979,1,-7.8232,-5.5979,-0.055979,False,2020-09
2020-09-01,CSCO,skip,0.0,0,-6.703,0.0,0.0,False,2020-09
2020-09-01,CSX,buy_call,3.0,1,1.9304,-1.0696,-0.010696,False,2020-09
2020-09-01,CVS,skip,0.0,0,-5.9884,0.0,0.0,False,2020-09
2020-09-01,CVX,skip,0.0,0,-12.9775,0.0,0.0,False,2020-09
2020-09-01,DHR,buy_call,3.4463,1,4.2912,0.8449,0.008449,False,2020-09
2020-09-01,DIS,buy_call,4.1391,1,-5.9073,-4.1391,-0.041391,False,2020-09
2020-09-01,DUK,skip,0.0,0,11.5077,0.0,0.0,False,2020-09
2020-09-01,EL,buy_call,3.0,1,-1.3463,-3.0,-0.03,False,2020-09
2020-09-01,ELV,buy_call,3.7549,1,-4.593,-3.7549,-0.037549,False,2020-09
2020-09-01,EOG,skip,0.0,0,-20.7323,0.0,0.0,False,2020-09
2020-09-01,GILD,skip,0.0,0,-5.3334,0.0,0.0,False,2020-09
2020-09-01,GM,buy_call,4.2808,1,-0.135,-4.2808,-0.042808,False,2020-09
2020-09-01,GOOGL,buy_call,3.4858,1,-10.06,-3.4858,-0.034858,False,2020-09
2020-09-01,GS,buy_call,4.1104,1,-1.3097,-4.1104,-0.041104,False,2020-09
2020-09-01,HD,buy_call,3.1898,1,-2.5716,-3.1898,-0.031898,False,2020-09
2020-09-01,HON,buy_call,2.8397,1,-0.0056,-2.8397,-0.028397,False,2020-09
2020-09-01,IBM,buy_call,2.8397,1,-0.038,-2.8397,-0.028397,False,2020-09
2020-09-01,ICE,buy_call,3.0,1,-5.8176,-3.0,-0.03,False,2020-09
2020-09-01,INTC,buy_call,5.3783,1,2.3192,-3.0591,-0.030591,False,2020-09
2020-09-01,INTU,buy_call,4.2221,1,-5.5531,-4.2221,-0.042221,False,2020-09
2020-09-01,ISRG,buy_call,3.4463,1,-2.9145,-3.4463,-0.034463,False,2020-09
2020-09-01,ITW,buy_call,2.8397,1,-2.1969,-2.8397,-0.028397,False,2020-09
2020-09-01,JNJ,buy_call,2.8013,1,-2.307,-2.8013,-0.028013,False,2020-09
2020-09-01,JPM,buy_call,4.1104,1,-3.9126,-4.1104,-0.041104,False,2020-09
2020-09-01,KO,buy_call,2.8536,1,-0.3231,-2.8536,-0.028536,False,2020-09
2020-09-01,LLY,skip,0.0,0,0.2369,0.0,0.0,False,2020-09
2020-09-01,LMT,buy_call,4.2808,1,-1.1891,-4.2808,-0.042808,False,2020-09
2020-09-01,LOW,buy_call,3.1898,1,0.7104,-2.4793,-0.024793,False,2020-09
2020-09-01,MA,buy_call,3.8997,1,-5.5892,-3.8997,-0.038997,False,2020-09
2020-09-01,MCD,buy_call,2.8536,1,3.3974,0.5438,0.005438,False,2020-09
2020-09-01,MDLZ,buy_call,3.0849,1,-1.6604,-3.0849,-0.030849,False,2020-09
2020-09-01,MDT,buy_call,3.4463,1,-3.3033,-3.4463,-0.034463,False,2020-09
2020-09-01,META,buy_call,4.3383,1,-10.6753,-4.3383,-0.043383,False,2020-09
2020-09-01,MMM,buy_call,2.8397,1,-0.8477,-2.8397,-0.028397,False,2020-09
2020-09-01,MRK,buy_call,2.8293,1,-2.7208,-2.8293,-0.028293,False,2020-09
2020-09-01,MS,buy_call,4.1104,1,-7.4818,-4.1104,-0.041104,False,2020-09
2020-09-01,MSFT,buy_call,4.669,1,-6.5142,-4.669,-0.04669,False,2020-09
2020-09-01,MU,skip,0.0,0,3.1861,0.0,0.0,False,2020-09
2020-09-01,NEE,skip,0.0,0,-0.0753,0.0,0.0,False,2020-09
2020-09-01,NFLX,buy_call,6.2661,1,-5.5763,-6.2661,-0.062661,False,2020-09
2020-09-01,NKE,buy_call,4.7705,1,12.448,7.6776,0.076776,False,2020-09
2020-09-01,NOW,buy_call,5.7575,1,0.6182,-5.1393,-0.051393,False,2020-09
2020-09-01,NVDA,buy_call,6.4903,1,1.1664,-5.3239,-0.053239,False,2020-09
2020-09-01,ORCL,buy_call,4.1942,1,4.3341,0.1399,0.001399,False,2020-09
2020-09-01,PEP,buy_call,3.0849,1,-1.0424,-3.0849,-0.030849,False,2020-09
2020-09-01,PFE,skip,0.0,0,-2.8843,0.0,0.0,False,2020-09
2020-09-01,PG,buy_call,2.4288,1,0.4771,-1.9517,-0.019517,False,2020-09
2020-09-01,PLD,skip,0.0,0,-1.2174,0.0,0.0,False,2020-09
2020-09-01,PM,buy_call,3.0849,1,-6.0158,-3.0849,-0.030849,False,2020-09
2020-09-01,PYPL,buy_call,3.8997,1,-3.4829,-3.8997,-0.038997,False,2020-09
2020-09-01,REGN,skip,0.0,0,-9.7027,0.0,0.0,False,2020-09
2020-09-01,SBUX,buy_call,2.8536,1,2.2699,-0.5837,-0.005837,False,2020-09
2020-09-01,SCHW,buy_call,4.1104,1,2.5097,-1.6007,-0.016007,False,2020-09
2020-09-01,SO,skip,0.0,0,5.1327,0.0,0.0,False,2020-09
2020-09-01,SPGI,buy_call,4.1104,1,-1.4049,-4.1104,-0.041104,False,2020-09
2020-09-01,SYK,buy_call,3.4463,1,5.1524,1.7061,0.017061,False,2020-09
2020-09-01,T,buy_call,3.3743,1,-4.361,-3.3743,-0.033743,False,2020-09
2020-09-01,TGT,buy_call,5.6849,1,4.6215,-1.0634,-0.010634,False,2020-09
2020-09-01,TJX,buy_call,5.6849,1,1.5696,-4.1152,-0.041152,False,2020-09
2020-09-01,TMO,buy_call,2.8279,1,2.9232,0.0953,0.000953,False,2020-09
2020-09-01,TMUS,buy_call,3.3743,1,-1.9883,-3.3743,-0.033743,False,2020-09
2020-09-01,TXN,buy_call,5.3783,1,0.4502,-4.9281,-0.049281,False,2020-09
2020-09-01,UNH,buy_call,3.7549,1,-0.2496,-3.7549,-0.037549,False,2020-09
2020-09-01,UNP,buy_call,4.2808,1,2.8149,-1.4659,-0.014659,False,2020-09
2020-09-01,V,buy_call,2.9148,1,-5.5275,-2.9148,-0.029148,False,2020-09
2020-09-01,VRTX,buy_call,2.8359,1,-2.5079,-2.8359,-0.028359,False,2020-09
2020-09-01,VZ,buy_call,3.3743,1,0.3712,-3.0031,-0.030031,False,2020-09
2020-09-01,WFC,skip,0.0,0,-2.2495,0.0,0.0,False,2020-09
2020-09-01,WM,buy_call,3.0,1,-0.7281,-3.0,-0.03,False,2020-09
2020-09-01,WMT,buy_call,5.6849,1,1.1777,-4.5072,-0.045072,False,2020-09
2020-09-01,XOM,skip,0.0,0,-12.3503,0.0,0.0,False,2020-09
2020-09-01,ZTS,buy_call,2.8359,1,3.2917,0.4558,0.004558,False,2020-09
2020-10-01,AAPL,skip,0.0,0,-6.0012,0.0,0.0,True,2020-10
2020-10-01,ABBV,skip,0.0,0,-2.8428,0.0,0.0,True,2020-10
2020-10-01,ABT,skip,0.0,0,-3.4182,0.0,0.0,True,2020-10
2020-10-01,ADBE,skip,0.0,0,-8.8351,0.0,0.0,True,2020-10
2020-10-01,ADP,buy_call,3.762,4,13.9969,10.2349,0.409396,True,2020-10
2020-10-01,AMAT,skip,0.0,0,-0.3701,0.0,0.0,True,2020-10
2020-10-01,AMGN,buy_call,4.913,4,-14.6443,-4.913,-0.19652,True,2020-10
2020-10-01,AMT,skip,0.0,0,-4.5365,0.0,0.0,True,2020-10
2020-10-01,AMZN,skip,0.0,0,-3.5754,0.0,0.0,True,2020-10
2020-10-01,AVGO,buy_call,3.481,4,-3.1573,-3.481,-0.13924,True,2020-10
2020-10-01,AXP,skip,0.0,0,-8.9875,0.0,0.0,True,2020-10
2020-10-01,BA,skip,0.0,0,-12.6286,0.0,0.0,True,2020-10
2020-10-01,BAC,skip,0.0,0,-0.9336,0.0,0.0,True,2020-10
2020-10-01,BDX,skip,0.0,0,-0.3298,0.0,0.0,True,2020-10
2020-10-01,BKNG,skip,0.0,0,-5.1547,0.0,0.0,True,2020-10
2020-10-01,BLK,skip,0.0,0,6.9664,0.0,0.0,True,2020-10
2020-10-01,BMY,skip,0.0,0,-3.0519,0.0,0.0,True,2020-10
2020-10-01,BRK-B,skip,0.0,0,-5.1846,0.0,0.0,True,2020-10
2020-10-01,C,skip,0.0,0,-3.9202,0.0,0.0,True,2020-10
2020-10-01,CAT,buy_call,4.3853,4,5.2967,0.9114,0.036456,True,2020-10
2020-10-01,CHTR,buy_call,4.6444,4,-3.2867,-4.6444,-0.185776,True,2020-10
2020-10-01,CMCSA,buy_call,4.6444,4,-8.69,-4.6444,-0.185776,True,2020-10
2020-10-01,COST,buy_call,2.6565,4,0.7381,-1.9184,-0.076736,True,2020-10
2020-10-01,CRM,skip,0.0,0,-7.58,0.0,0.0,True,2020-10
2020-10-01,CSCO,skip,0.0,0,-8.8601,0.0,0.0,True,2020-10
2020-10-01,CSX,buy_call,3.0,4,1.6351,-1.3649,-0.054596,True,2020-10
2020-10-01,CVS,skip,0.0,0,-3.9555,0.0,0.0,True,2020-10
2020-10-01,CVX,skip,0.0,0,-3.4722,0.0,0.0,True,2020-10
2020-10-01,DHR,buy_call,3.6809,4,6.6935,3.0125,0.1205,True,2020-10
2020-10-01,DIS,skip,0.0,0,-2.2808,0.0,0.0,True,2020-10
2020-10-01,DUK,buy_call,2.9089,4,4.0085,1.0997,0.043988,True,2020-10
2020-10-01,EL,skip,0.0,0,0.6461,0.0,0.0,True,2020-10
2020-10-01,ELV,skip,0.0,0,1.9298,0.0,0.0,True,2020-10
2020-10-01,EOG,skip,0.0,0,-4.7301,0.0,0.0,True,2020-10
2020-10-01,GILD,skip,0.0,0,-7.0117,0.0,0.0,True,2020-10
2020-10-01,GM,skip,0.0,0,16.6949,0.0,0.0,True,2020-10
2020-10-01,GOOGL,skip,0.0,0,10.2695,0.0,0.0,True,2020-10
2020-10-01,GS,skip,0.0,0,-5.9362,0.0,0.0,True,2020-10
2020-10-01,HD,skip,0.0,0,-3.4545,0.0,0.0,True,2020-10
2020-10-01,HON,skip,0.0,0,0.2065,0.0,0.0,True,2020-10
2020-10-01,IBM,skip,0.0,0,-8.2272,0.0,0.0,True,2020-10
2020-10-01,ICE,skip,0.0,0,-5.3646,0.0,0.0,True,2020-10
2020-10-01,INTC,buy_call,3.481,4,-14.4844,-3.481,-0.13924,True,2020-10
2020-10-01,INTU,skip,0.0,0,-3.5345,0.0,0.0,True,2020-10
2020-10-01,ISRG,skip,0.0,0,-5.9842,0.0,0.0,True,2020-10
2020-10-01,ITW,skip,0.0,0,1.976,0.0,0.0,True,2020-10
2020-10-01,JNJ,skip,0.0,0,-7.9057,0.0,0.0,True,2020-10
2020-10-01,JPM,skip,0.0,0,1.8386,0.0,0.0,True,2020-10
2020-10-01,KO,skip,0.0,0,-1.8654,0.0,0.0,True,2020-10
2020-10-01,LLY,buy_call,4.1615,4,-11.8633,-4.1615,-0.16646,True,2020-10
2020-10-01,LMT,skip,0.0,0,-8.649,0.0,0.0,True,2020-10
2020-10-01,LOW,buy_call,2.9287,4,-4.6787,-2.9287,-0.117148,True,2020-10
2020-10-01,MA,skip,0.0,0,-14.6465,0.0,0.0,True,2020-10
2020-10-01,MCD,buy_call,2.9089,4,-2.9569,-2.9089,-0.116356,True,2020-10
2020-10-01,MDLZ,skip,0.0,0,-7.0232,0.0,0.0,True,2020-10
2020-10-01,MDT,skip,0.0,0,-2.6755,0.0,0.0,True,2020-10
2020-10-01,META,skip,0.0,0,0.462,0.0,0.0,True,2020-10
2020-10-01,MMM,skip,0.0,0,-0.1374,0.0,0.0,True,2020-10
2020-10-01,MRK,skip,0.0,0,-8.6715,0.0,0.0,True,2020-10
2020-10-01,MS,skip,0.0,0,-0.4137,0.0,0.0,True,2020-10
2020-10-01,MSFT,skip,0.0,0,-3.737,0.0,0.0,True,2020-10
2020-10-01,MU,buy_call,5.2051,4,7.1976,1.9926,0.079704,True,2020-10
2020-10-01,NEE,skip,0.0,0,5.5051,0.0,0.0,True,2020-10
2020-10-01,NFLX,skip,0.0,0,-4.8577,0.0,0.0,True,2020-10
2020-10-01,NKE,buy_call,3.4449,4,-4.3492,-3.4449,-0.137796,True,2020-10
2020-10-01,NOW,buy_call,6.8658,4,2.5918,-4.2741,-0.170964,True,2020-10
2020-10-01,NVDA,buy_call,5.2051,4,-7.3371,-5.2051,-0.208204,True,2020-10
2020-10-01,ORCL,buy_call,3.3002,4,-6.0134,-3.3002,-0.132008,True,2020-10
2020-10-01,PEP,skip,0.0,0,-3.1397,0.0,0.0,True,2020-10
2020-10-01,PFE,skip,0.0,0,-3.3243,0.0,0.0,True,2020-10
2020-10-01,PG,buy_call,2.9443,4,-1.3598,-2.9443,-0.117772,True,2020-10
2020-10-01,PLD,skip,0.0,0,-0.8515,0.0,0.0,True,2020-10
2020-10-01,PM,skip,0.0,0,-3.795,0.0,0.0,True,2020-10
2020-10-01,PYPL,skip,0.0,0,-5.5321,0.0,0.0,True,2020-10
2020-10-01,REGN,skip,0.0,0,-2.8976,0.0,0.0,True,2020-10
2020-10-01,SBUX,buy_call,2.9089,4,1.2104,-1.6985,-0.06794,True,2020-10
2020-10-01,SCHW,buy_call,4.0347,4,13.4695,9.4347,0.377388,True,2020-10
2020-10-01,SO,buy_call,2.9089,4,5.9572,3.0483,0.121932,True,2020-10
2020-10-01,SPGI,skip,0.0,0,-10.5019,0.0,0.0,True,2020-10
2020-10-01,SYK,buy_call,3.6809,4,-2.7825,-3.6809,-0.147236,True,2020-10
2020-10-01,T,skip,0.0,0,-5.2262,0.0,0.0,True,2020-10
2020-10-01,TGT,buy_call,2.9323,4,-3.3032,-2.9323,-0.117292,True,2020-10
2020-10-01,TJX,buy_call,2.9323,4,-8.7152,-2.9323,-0.117292,True,2020-10
2020-10-01,TMO,buy_call,2.8279,4,7.2118,4.3839,0.175356,True,2020-10
2020-10-01,TMUS,skip,0.0,0,-4.1885,0.0,0.0,True,2020-10
2020-10-01,TXN,buy_call,3.481,4,1.2606,-2.2204,-0.088816,True,2020-10
2020-10-01,UNH,skip,0.0,0,-1.7233,0.0,0.0,True,2020-10
2020-10-01,UNP,buy_call,4.3853,4,-9.9965,-4.3853,-0.175412,True,2020-10
2020-10-01,V,skip,0.0,0,-9.1314,0.0,0.0,True,2020-10
2020-10-01,VRTX,skip,0.0,0,-23.4308,0.0,0.0,True,2020-10
2020-10-01,VZ,buy_call,4.6444,4,-4.2024,-4.6444,-0.185776,True,2020-10
2020-10-01,WFC,skip,0.0,0,-8.7622,0.0,0.0,True,2020-10
2020-10-01,WM,skip,0.0,0,-4.1904,0.0,0.0,True,2020-10
2020-10-01,WMT,buy_call,2.9323,4,-0.8291,-2.9323,-0.117292,True,2020-10
2020-10-01,XOM,skip,0.0,0,-4.9811,0.0,0.0,True,2020-10
2020-10-01,ZTS,buy_call,4.913,4,-4.1241,-4.913,-0.19652,True,2020-10
2020-11-01,AAPL,skip,0.0,0,9.3607,0.0,0.0,True,2020-11
2020-11-01,ABBV,skip,0.0,0,24.5642,0.0,0.0,True,2020-11
2020-11-01,ABT,skip,0.0,0,3.302,0.0,0.0,True,2020-11
2020-11-01,ADBE,skip,0.0,0,7.0163,0.0,0.0,True,2020-11
2020-11-01,ADP,buy_call,4.3521,10,10.0785,5.7263,0.57263,True,2020-11
2020-11-01,AMAT,skip,0.0,0,39.2538,0.0,0.0,True,2020-11
2020-11-01,AMGN,skip,0.0,0,2.3509,0.0,0.0,True,2020-11
2020-11-01,AMT,skip,0.0,0,0.6749,0.0,0.0,True,2020-11
2020-11-01,AMZN,skip,0.0,0,4.344,0.0,0.0,True,2020-11
2020-11-01,AVGO,skip,0.0,0,14.8585,0.0,0.0,True,2020-11
2020-11-01,AXP,skip,0.0,0,30.5188,0.0,0.0,True,2020-11
2020-11-01,BA,skip,0.0,0,45.9312,0.0,0.0,True,2020-11
2020-11-01,BAC,skip,0.0,0,18.8185,0.0,0.0,True,2020-11
2020-11-01,BDX,skip,0.0,0,1.6052,0.0,0.0,True,2020-11
2020-11-01,BKNG,skip,0.0,0,25.02,0.0,0.0,True,2020-11
2020-11-01,BLK,buy_call,4.417,10,16.5451,12.1282,1.21282,True,2020-11
2020-11-01,BMY,skip,0.0,0,7.5607,0.0,0.0,True,2020-11
2020-11-01,BRK-B,skip,0.0,0,13.3779,0.0,0.0,True,2020-11
2020-11-01,C,skip,0.0,0,34.6029,0.0,0.0,True,2020-11
2020-11-01,CAT,buy_call,6.7996,10,11.2068,4.4071,0.44071,True,2020-11
2020-11-01,CHTR,skip,0.0,0,7.9775,0.0,0.0,True,2020-11
2020-11-01,CMCSA,skip,0.0,0,19.5396,0.0,0.0,True,2020-11
2020-11-01,COST,buy_call,3.8827,10,9.7597,5.8771,0.58771,True,2020-11
2020-11-01,CRM,skip,0.0,0,5.8251,0.0,0.0,True,2020-11
2020-11-01,CSCO,skip,0.0,0,20.9382,0.0,0.0,True,2020-11
2020-11-01,CSX,buy_call,3.0,10,14.074,11.074,1.1074,True,2020-11
2020-11-01,CVS,skip,0.0,0,21.8848,0.0,0.0,True,2020-11
2020-11-01,CVX,skip,0.0,0,25.4388,0.0,0.0,True,2020-11
2020-11-01,DHR,buy_call,3.5069,10,-2.1391,-3.5069,-0.35069,True,2020-11
2020-11-01,DIS,skip,0.0,0,22.0701,0.0,0.0,True,2020-11
2020-11-01,DUK,buy_call,3.9539,10,0.5972,-3.3568,-0.33568,True,2020-11
2020-11-01,EL,buy_call,3.0,10,11.6817,8.6817,0.86817,True,2020-11
2020-11-01,ELV,buy_call,6.6682,10,14.1935,7.5253,0.75253,True,2020-11
2020-11-01,EOG,skip,0.0,0,38.2944,0.0,0.0,True,2020-11
2020-11-01,GILD,skip,0.0,0,4.3336,0.0,0.0,True,2020-11
2020-11-01,GM,buy_call,6.7996,10,26.962,20.1624,2.01624,True,2020-11
2020-11-01,GOOGL,buy_call,5.1795,10,8.557,3.3775,0.33775,True,2020-11
2020-11-01,GS,skip,0.0,0,21.9742,0.0,0.0,True,2020-11
2020-11-01,HD,skip,0.0,0,4.0119,0.0,0.0,True,2020-11
2020-11-01,HON,buy_call,4.3521,10,23.6253,19.2732,1.92732,True,2020-11
2020-11-01,IBM,skip,0.0,0,10.6215,0.0,0.0,True,2020-11
2020-11-01,ICE,skip,0.0,0,11.7691,0.0,0.0,True,2020-11
2020-11-01,INTC,skip,0.0,0,9.1915,0.0,0.0,True,2020-11
2020-11-01,INTU,skip,0.0,0,12.0634,0.0,0.0,True,2020-11
2020-11-01,ISRG,skip,0.0,0,8.84,0.0,0.0,True,2020-11
2020-11-01,ITW,buy_call,4.3521,10,7.7649,3.4128,0.34128,True,2020-11
2020-11-01,JNJ,skip,0.0,0,5.5211,0.0,0.0,True,2020-11
2020-11-01,JPM,buy_call,4.417,10,21.3524,16.9354,1.69354,True,2020-11
2020-11-01,KO,skip,0.0,0,7.3658,0.0,0.0,True,2020-11
2020-11-01,LLY,skip,0.0,0,11.6433,0.0,0.0,True,2020-11
2020-11-01,LMT,skip,0.0,0,4.247,0.0,0.0,True,2020-11
2020-11-01,LOW,skip,0.0,0,-1.1033,0.0,0.0,True,2020-11
2020-11-01,MA,skip,0.0,0,16.7204,0.0,0.0,True,2020-11
2020-11-01,MCD,skip,0.0,0,2.0845,0.0,0.0,True,2020-11
2020-11-01,MDLZ,skip,0.0,0,8.1514,0.0,0.0,True,2020-11
2020-11-01,MDT,skip,0.0,0,13.0556,0.0,0.0,True,2020-11
2020-11-01,META,buy_call,4.3383,10,5.2678,0.9295,0.09295,True,2020-11
2020-11-01,MMM,skip,0.0,0,7.9833,0.0,0.0,True,2020-11
2020-11-01,MRK,skip,0.0,0,6.8874,0.0,0.0,True,2020-11
2020-11-01,MS,skip,0.0,0,29.363,0.0,0.0,True,2020-11
2020-11-01,MSFT,skip,0.0,0,5.7292,0.0,0.0,True,2020-11
2020-11-01,MU,buy_call,5.9984,10,27.3142,21.3158,2.13158,True,2020-11
2020-11-01,NEE,buy_call,3.9539,10,0.519,-3.4349,-0.34349,True,2020-11
2020-11-01,NFLX,skip,0.0,0,3.1446,0.0,0.0,True,2020-11
2020-11-01,NKE,skip,0.0,0,12.1752,0.0,0.0,True,2020-11
2020-11-01,NOW,buy_call,3.5849,10,7.4321,3.8472,0.38472,True,2020-11
2020-11-01,NVDA,skip,0.0,0,6.9212,0.0,0.0,True,2020-11
2020-11-01,ORCL,skip,0.0,0,3.2859,0.0,0.0,True,2020-11
2020-11-01,PEP,skip,0.0,0,8.2077,0.0,0.0,True,2020-11
2020-11-01,PFE,skip,0.0,0,13.8071,0.0,0.0,True,2020-11
2020-11-01,PG,skip,0.0,0,1.8534,0.0,0.0,True,2020-11
2020-11-01,PLD,skip,0.0,0,0.8568,0.0,0.0,True,2020-11
2020-11-01,PM,skip,0.0,0,6.6601,0.0,0.0,True,2020-11
2020-11-01,PYPL,skip,0.0,0,15.0379,0.0,0.0,True,2020-11
2020-11-01,REGN,skip,0.0,0,-5.0648,0.0,0.0,True,2020-11
2020-11-01,SBUX,buy_call,3.9539,10,12.7185,8.7646,0.87646,True,2020-11
2020-11-01,SCHW,buy_call,4.417,10,18.6573,14.2403,1.42403,True,2020-11
2020-11-01,SO,buy_call,3.9539,10,4.1775,0.2236,0.02236,True,2020-11
2020-11-01,SPGI,skip,0.0,0,9.0013,0.0,0.0,True,2020-11
2020-11-01,SYK,skip,0.0,0,15.5388,0.0,0.0,True,2020-11
2020-11-01,T,skip,0.0,0,9.0086,0.0,0.0,True,2020-11
2020-11-01,TGT,skip,0.0,0,17.9411,0.0,0.0,True,2020-11
2020-11-01,TJX,skip,0.0,0,25.0197,0.0,0.0,True,2020-11
2020-11-01,TMO,buy_call,2.8279,10,-1.7205,-2.8279,-0.28279,True,2020-11
2020-11-01,TMUS,skip,0.0,0,21.3288,0.0,0.0,True,2020-11
2020-11-01,TXN,buy_call,5.0825,10,12.3234,7.2409,0.72409,True,2020-11
2020-11-01,UNH,skip,0.0,0,10.2248,0.0,0.0,True,2020-11
2020-11-01,UNP,skip,0.0,0,15.1758,0.0,0.0,True,2020-11
2020-11-01,V,skip,0.0,0,15.7614,0.0,0.0,True,2020-11
2020-11-01,VRTX,skip,0.0,0,9.306,0.0,0.0,True,2020-11
2020-11-01,VZ,skip,0.0,0,7.1297,0.0,0.0,True,2020-11
2020-11-01,WFC,skip,0.0,0,27.5058,0.0,0.0,True,2020-11
2020-11-01,WM,skip,0.0,0,10.3975,0.0,0.0,True,2020-11
2020-11-01,WMT,skip,0.0,0,10.1189,0.0,0.0,True,2020-11
2020-11-01,XOM,skip,0.0,0,16.8915,0.0,0.0,True,2020-11
2020-11-01,ZTS,skip,0.0,0,1.2808,0.0,0.0,True,2020-11
2020-12-01,AAPL,buy_call,4.1086,1,11.6497,7.5411,0.075411,False,2020-12
2020-12-01,ABBV,buy_call,3.2155,1,2.4575,-0.758,-0.00758,False,2020-12
2020-12-01,ABT,buy_call,3.3064,1,1.1735,-2.1329,-0.021329,False,2020-12
2020-12-01,ADBE,buy_call,2.7365,1,4.5248,1.7884,0.017884,False,2020-12
2020-12-01,ADP,buy_call,3.5475,1,1.3343,-2.2132,-0.022132,False,2020-12
2020-12-01,AMAT,buy_call,2.6757,1,4.9419,2.2661,0.022661,False,2020-12
2020-12-01,AMGN,buy_call,3.2155,1,4.2523,1.0368,0.010368,False,2020-12
2020-12-01,AMT,buy_call,3.5475,1,-2.9152,-3.5475,-0.035475,False,2020-12
2020-12-01,AMZN,buy_call,3.3216,1,2.8058,-0.5158,-0.005158,False,2020-12
2020-12-01,AVGO,buy_call,2.6757,1,9.0318,6.3561,0.063561,False,2020-12
2020-12-01,AXP,buy_call,3.198,1,1.9563,-1.2416,-0.012416,False,2020-12
2020-12-01,BA,buy_call,3.0,1,1.5899,-1.4101,-0.014101,False,2020-12
2020-12-01,BAC,buy_call,3.4052,1,7.635,4.2297,0.042297,False,2020-12
2020-12-01,BDX,buy_call,3.3064,1,6.5491,3.2427,0.032427,False,2020-12
2020-12-01,BKNG,buy_call,3.0,1,9.8016,6.8016,0.068016,False,2020-12
2020-12-01,BLK,buy_call,3.5328,1,3.3207,-0.2121,-0.002121,False,2020-12
2020-12-01,BMY,buy_call,3.2155,1,-0.593,-3.2155,-0.032155,False,2020-12
2020-12-01,BRK-B,buy_call,1.8021,1,1.2931,-0.509,-0.00509,False,2020-12
2020-12-01,C,buy_call,3.0,1,11.9666,8.9666,0.089666,False,2020-12
2020-12-01,CAT,buy_call,3.9329,1,4.8563,0.9234,0.009234,False,2020-12
2020-12-01,CHTR,buy_call,4.0571,1,1.4663,-2.5909,-0.025909,False,2020-12
2020-12-01,CMCSA,buy_call,4.0571,1,4.2994,0.2423,0.002423,False,2020-12
2020-12-01,COST,buy_call,2.0898,1,-3.8262,-2.0898,-0.020898,False,2020-12
2020-12-01,CRM,buy_call,3.75,1,-9.4671,-3.75,-0.0375,False,2020-12
2020-12-01,CSCO,buy_call,3.5475,1,4.0214,0.4739,0.004739,False,2020-12
2020-12-01,CSX,buy_call,3.0,1,1.0622,-1.9378,-0.019378,False,2020-12
2020-12-01,CVS,buy_call,4.6984,1,0.7523,-3.946,-0.03946,False,2020-12
2020-12-01,CVX,buy_call,3.9435,1,-1.7061,-3.9435,-0.039435,False,2020-12
2020-12-01,DHR,skip,0.0,0,-1.1085,0.0,0.0,False,2020-12
2020-12-01,DIS,buy_call,3.3259,1,22.4106,19.0848,0.190848,False,2020-12
2020-12-01,DUK,buy_call,2.2533,1,-0.1975,-2.2533,-0.022533,False,2020-12
2020-12-01,EL,buy_call,3.0,1,8.7407,5.7407,0.057407,False,2020-12
2020-12-01,ELV,buy_call,4.6984,1,3.0721,-1.6263,-0.016263,False,2020-12
2020-12-01,EOG,buy_call,3.9329,1,6.378,2.4451,0.024451,False,2020-12
2020-12-01,GILD,buy_call,3.2155,1,-3.9723,-3.2155,-0.032155,False,2020-12
2020-12-01,GM,buy_call,3.9329,1,-5.0182,-3.9329,-0.039329,False,2020-12
2020-12-01,GOOGL,buy_call,4.56,1,-0.1003,-4.56,-0.0456,False,2020-12
2020-12-01,GS,buy_call,3.5328,1,14.3681,10.8353,0.108353,False,2020-12
2020-12-01,HD,buy_call,2.4067,1,-4.25,-2.4067,-0.024067,False,2020-12
2020-12-01,HON,buy_call,3.5475,1,4.7947,1.2472,0.012472,False,2020-12
2020-12-01,IBM,buy_call,3.5475,1,3.3884,-0.1591,-0.001591,False,2020-12
2020-12-01,ICE,buy_call,3.0,1,9.2693,6.2693,0.062693,False,2020-12
2020-12-01,INTC,buy_call,2.6757,1,3.7898,1.114,0.01114,False,2020-12
2020-12-01,INTU,buy_call,3.5847,1,7.9058,4.3211,0.043211,False,2020-12
2020-12-01,ISRG,buy_call,3.3064,1,12.6782,9.3718,0.093718,False,2020-12
2020-12-01,ITW,buy_call,3.5475,1,-3.4156,-3.5475,-0.035475,False,2020-12
2020-12-01,JNJ,buy_call,2.4675,1,9.5339,7.0664,0.070664,False,2020-12
2020-12-01,JPM,buy_call,3.5328,1,7.7961,4.2633,0.042633,False,2020-12
2020-12-01,KO,buy_call,2.2533,1,7.1124,4.8591,0.048591,False,2020-12
2020-12-01,LLY,buy_call,3.5416,1,16.5174,12.9758,0.129758,False,2020-12
2020-12-01,LMT,buy_call,3.9329,1,-2.065,-3.9329,-0.039329,False,2020-12
2020-12-01,LOW,skip,0.0,0,3.0099,0.0,0.0,False,2020-12
2020-12-01,MA,buy_call,3.198,1,6.0712,2.8732,0.028732,False,2020-12
2020-12-01,MCD,buy_call,2.2533,1,-0.7288,-2.2533,-0.022533,False,2020-12
2020-12-01,MDLZ,buy_call,1.9996,1,1.7754,-0.2242,-0.002242,False,2020-12
2020-12-01,MDT,buy_call,3.3064,1,3.0255,-0.2809,-0.002809,False,2020-12
2020-12-01,META,buy_call,4.3383,1,-1.3756,-4.3383,-0.043383,False,2020-12
2020-12-01,MMM,buy_call,3.5475,1,2.068,-1.4795,-0.014795,False,2020-12
2020-12-01,MRK,buy_call,2.8863,1,1.754,-1.1323,-0.011323,False,2020-12
2020-12-01,MS,buy_call,3.5328,1,10.8362,7.3034,0.073034,False,2020-12
2020-12-01,MSFT,buy_call,2.7365,1,4.1726,1.4361,0.014361,False,2020-12
2020-12-01,MU,buy_call,4.0542,1,17.3038,13.2496,0.132496,False,2020-12
2020-12-01,NEE,buy_call,2.2533,1,5.3293,3.076,0.03076,False,2020-12
2020-12-01,NFLX,buy_call,5.0971,1,10.1956,5.0986,0.050986,False,2020-12
2020-12-01,NKE,buy_call,2.5023,1,5.026,2.5237,0.025237,False,2020-12
2020-12-01,NOW,buy_call,4.0261,1,2.9707,-1.0554,-0.010554,False,2020-12
2020-12-01,NVDA,buy_call,4.0542,1,-2.5855,-4.0542,-0.040542,False,2020-12
2020-12-01,ORCL,buy_call,2.4141,1,12.0755,9.6615,0.096615,False,2020-12
2020-12-01,PEP,buy_call,1.9996,1,2.8219,0.8223,0.008223,False,2020-12
2020-12-01,PFE,buy_call,3.2155,1,-2.9273,-3.2155,-0.032155,False,2020-12
2020-12-01,PG,buy_call,3.8939,1,0.1944,-3.6994,-0.036994,False,2020-12
2020-12-01,PLD,buy_call,3.5475,1,-0.3898,-3.5475,-0.035475,False,2020-12
2020-12-01,PM,buy_call,1.9996,1,9.2937,7.2941,0.072941,False,2020-12
2020-12-01,PYPL,buy_call,3.198,1,9.3779,6.18,0.0618,False,2020-12
2020-12-01,REGN,skip,0.0,0,-6.3795,0.0,0.0,False,2020-12
2020-12-01,SBUX,buy_call,2.2533,1,9.6557,7.4024,0.074024,False,2020-12
2020-12-01,SCHW,buy_call,3.5328,1,9.1581,5.6253,0.056253,False,2020-12
2020-12-01,SO,buy_call,2.2533,1,3.6846,1.4313,0.014313,False,2020-12
2020-12-01,SPGI,buy_call,3.5328,1,-6.3663,-3.5328,-0.035328,False,2020-12
2020-12-01,SYK,buy_call,3.3064,1,4.9871,1.6807,0.016807,False,2020-12
2020-12-01,T,buy_call,4.0571,1,0.0348,-4.0224,-0.040224,False,2020-12
2020-12-01,TGT,buy_call,2.417,1,-1.2646,-2.417,-0.02417,False,2020-12
2020-12-01,TJX,buy_call,2.417,1,7.5264,5.1094,0.051094,False,2020-12
2020-12-01,TMO,skip,0.0,0,0.172,0.0,0.0,False,2020-12
2020-12-01,TMUS,buy_call,4.0571,1,1.4368,-2.6204,-0.026204,False,2020-12
2020-12-01,TXN,buy_call,2.6757,1,1.786,-0.8897,-0.008897,False,2020-12
2020-12-01,UNH,buy_call,4.6984,1,4.2635,-0.4348,-0.004348,False,2020-12
2020-12-01,UNP,buy_call,3.9329,1,2.5084,-1.4245,-0.014245,False,2020-12
2020-12-01,V,buy_call,2.565,1,4.1405,1.5755,0.015755,False,2020-12
2020-12-01,VRTX,buy_call,3.2155,1,3.7717,0.5562,0.005562,False,2020-12
2020-12-01,VZ,buy_call,4.0571,1,-2.7479,-4.0571,-0.040571,False,2020-12
2020-12-01,WFC,buy_call,4.6549,1,10.854,6.1991,0.061991,False,2020-12
2020-12-01,WM,buy_call,3.0,1,-1.0073,-3.0,-0.03,False,2020-12
2020-12-01,WMT,buy_call,2.417,1,-5.6548,-2.417,-0.02417,False,2020-12
2020-12-01,XOM,buy_call,3.9329,1,10.712,6.7791,0.067791,False,2020-12
2020-12-01,ZTS,buy_call,3.2155,1,3.1924,-0.023,-0.00023,False,2020-12
2021-01-01,AAPL,buy_call,5.5919,1,-0.5502,-5.5919,-0.055919,False,2021-01
2021-01-01,ABBV,buy_call,3.1765,1,-4.3584,-3.1765,-0.031765,False,2021-01
2021-01-01,ABT,buy_call,3.6151,1,12.8779,9.2628,0.092628,False,2021-01
2021-01-01,ACN,buy_call,3.0424,1,-7.3848,-3.0424,-0.030424,False,2021-01
2021-01-01,ADBE,buy_call,3.9524,1,-8.268,-3.9524,-0.039524,False,2021-01
2021-01-01,AMAT,buy_call,3.1741,1,12.0278,8.8537,0.088537,False,2021-01
2021-01-01,AMD,skip,0.0,0,-6.6187,0.0,0.0,False,2021-01
2021-01-01,AMGN,buy_call,3.1765,1,5.0061,1.8296,0.018296,False,2021-01
2021-01-01,AMT,skip,0.0,0,1.8589,0.0,0.0,False,2021-01
2021-01-01,AMZN,buy_call,4.5475,1,-1.5576,-4.5475,-0.045475,False,2021-01
2021-01-01,AVGO,buy_call,3.1741,1,3.7658,0.5917,0.005917,False,2021-01
2021-01-01,AXP,buy_call,3.9796,1,-3.8458,-3.9796,-0.039796,False,2021-01
2021-01-01,BA,buy_call,3.0,1,-9.2824,-3.0,-0.03,False,2021-01
2021-01-01,BAC,buy_call,3.3967,1,-1.5678,-3.3967,-0.033967,False,2021-01
2021-01-01,BKNG,buy_call,3.0,1,-12.7035,-3.0,-0.03,False,2021-01
2021-01-01,BLK,buy_call,3.1226,1,-2.3171,-3.1226,-0.031226,False,2021-01
2021-01-01,BMY,skip,0.0,0,-0.1773,0.0,0.0,False,2021-01
2021-01-01,BRK-B,buy_call,1.9106,1,-1.7251,-1.9106,-0.019106,False,2021-01
2021-01-01,C,buy_call,3.0,1,-5.952,-3.0,-0.03,False,2021-01
2021-01-01,CAT,buy_call,5.7339,1,0.4505,-5.2834,-0.052834,False,2021-01
2021-01-01,CHTR,buy_call,3.639,1,-8.1611,-3.639,-0.03639,False,2021-01
2021-01-01,CI,skip,0.0,0,4.2608,0.0,0.0,False,2021-01
2021-01-01,CMCSA,buy_call,3.639,1,-5.4008,-3.639,-0.03639,False,2021-01
2021-01-01,COST,skip,0.0,0,-4.0125,0.0,0.0,False,2021-01
2021-01-01,CRM,skip,0.0,0,1.3616,0.0,0.0,False,2021-01
2021-01-01,CSCO,buy_call,4.0074,1,-0.3799,-4.0074,-0.040074,False,2021-01
2021-01-01,CSX,buy_call,3.0,1,-5.4986,-3.0,-0.03,False,2021-01
2021-01-01,CVS,buy_call,3.3225,1,4.9048,1.5823,0.015823,False,2021-01
2021-01-01,CVX,skip,0.0,0,0.8881,0.0,0.0,False,2021-01
2021-01-01,DE,buy_call,5.7339,1,7.649,1.9151,0.019151,False,2021-01
2021-01-01,DHR,skip,0.0,0,7.1551,0.0,0.0,False,2021-01
2021-01-01,DIS,buy_call,4.7123,1,-7.1807,-4.7123,-0.047123,False,2021-01
2021-01-01,DUK,skip,0.0,0,2.6649,0.0,0.0,False,2021-01
2021-01-01,EL,buy_call,3.0,1,-11.0973,-3.0,-0.03,False,2021-01
2021-01-01,ELV,buy_call,3.3225,1,-7.236,-3.3225,-0.033225,False,2021-01
2021-01-01,EW,buy_call,3.6151,1,-9.4815,-3.6151,-0.036151,False,2021-01
2021-01-01,GE,buy_call,5.7339,1,-1.0201,-5.7339,-0.057339,False,2021-01
2021-01-01,GOOGL,skip,0.0,0,4.2633,0.0,0.0,False,2021-01
2021-01-01,GS,buy_call,3.1226,1,3.3894,0.2667,0.002667,False,2021-01
2021-01-01,HD,skip,0.0,0,2.5136,0.0,0.0,False,2021-01
2021-01-01,HON,buy_call,4.0074,1,-8.1476,-4.0074,-0.040074,False,2021-01
2021-01-01,HUM,buy_call,3.3225,1,-6.4768,-3.3225,-0.033225,False,2021-01
2021-01-01,INTC,buy_call,3.1741,1,11.4211,8.247,0.08247,False,2021-01
2021-01-01,INTU,buy_call,3.2594,1,-4.9019,-3.2594,-0.032594,False,2021-01
2021-01-01,ISRG,buy_call,3.6151,1,-8.6126,-3.6151,-0.036151,False,2021-01
2021-01-01,ITW,skip,0.0,0,-4.198,0.0,0.0,False,2021-01
2021-01-01,JNJ,buy_call,3.1623,1,3.6536,0.4913,0.004913,False,2021-01
2021-01-01,JPM,buy_call,3.1226,1,1.2591,-1.8635,-0.018635,False,2021-01
2021-01-01,KO,buy_call,3.1439,1,-12.1991,-3.1439,-0.031439,False,2021-01
2021-01-01,LLY,buy_call,3.5347,1,23.1758,19.641,0.19641,False,2021-01
2021-01-01,LMT,skip,0.0,0,-9.3414,0.0,0.0,False,2021-01
2021-01-01,LOW,buy_call,2.7314,1,3.9499,1.2185,0.012185,False,2021-01
2021-01-01,LRCX,buy_call,3.1741,1,2.7357,-0.4383,-0.004383,False,2021-01
2021-01-01,MA,buy_call,3.9796,1,-11.3885,-3.9796,-0.039796,False,2021-01
2021-01-01,MCD,skip,0.0,0,-3.141,0.0,0.0,False,2021-01
2021-01-01,MDLZ,buy_call,2.4962,1,-4.6684,-2.4962,-0.024962,False,2021-01
2021-01-01,MDT,buy_call,3.6151,1,-4.4852,-3.6151,-0.036151,False,2021-01
2021-01-01,META,skip,0.0,0,-5.429,0.0,0.0,False,2021-01
2021-01-01,MMM,buy_call,4.0074,1,0.4977,-3.5097,-0.035097,False,2021-01
2021-01-01,MRK,buy_call,2.715,1,-5.0384,-2.715,-0.02715,False,2021-01
2021-01-01,MS,buy_call,3.1226,1,-2.1596,-3.1226,-0.031226,False,2021-01
2021-01-01,MSFT,buy_call,3.9524,1,4.2892,0.3368,0.003368,False,2021-01
2021-01-01,MU,buy_call,4.7857,1,4.1101,-0.6755,-0.006755,False,2021-01
2021-01-01,NEE,buy_call,3.1439,1,4.8217,1.6778,0.016778,False,2021-01
2021-01-01,NFLX,buy_call,3.9861,1,-1.5424,-3.9861,-0.039861,False,2021-01
2021-01-01,NKE,buy_call,3.2585,1,-5.3801,-3.2585,-0.032585,False,2021-01
2021-01-01,NOW,buy_call,5.5016,1,-1.3208,-5.5016,-0.055016,False,2021-01
2021-01-01,NVDA,skip,0.0,0,-0.4704,0.0,0.0,False,2021-01
2021-01-01,ORCL,buy_call,3.1744,1,-6.5852,-3.1744,-0.031744,False,2021-01
2021-01-01,PEP,buy_call,2.4962,1,-7.2536,-2.4962,-0.024962,False,2021-01
2021-01-01,PFE,skip,0.0,0,-2.4722,0.0,0.0,False,2021-01
2021-01-01,PG,buy_call,2.2541,1,-7.8554,-2.2541,-0.022541,False,2021-01
2021-01-01,PLD,skip,0.0,0,4.1571,0.0,0.0,False,2021-01
2021-01-01,PYPL,buy_call,3.9796,1,0.047,-3.9326,-0.039326,False,2021-01
2021-01-01,QCOM,buy_call,5.6825,1,3.0291,-2.6534,-0.026534,False,2021-01
2021-01-01,SBUX,buy_call,3.1439,1,-9.5065,-3.1439,-0.031439,False,2021-01
2021-01-01,SCHW,buy_call,3.1226,1,-2.8281,-3.1226,-0.031226,False,2021-01
2021-01-01,SO,buy_call,3.1439,1,-4.0859,-3.1439,-0.031439,False,2021-01
2021-01-01,SPGI,skip,0.0,0,-3.5683,0.0,0.0,False,2021-01
2021-01-01,SYK,buy_call,3.6151,1,-9.57,-3.6151,-0.036151,False,2021-01
2021-01-01,T,buy_call,3.639,1,-0.452,-3.639,-0.03639,False,2021-01
2021-01-01,TGT,skip,0.0,0,2.6285,0.0,0.0,False,2021-01
2021-01-01,TJX,buy_call,3.3094,1,-6.2235,-3.3094,-0.033094,False,2021-01
2021-01-01,TMO,buy_call,3.4763,1,9.4805,6.0042,0.060042,False,2021-01
2021-01-01,TMUS,buy_call,3.639,1,-6.5035,-3.639,-0.03639,False,2021-01
2021-01-01,TSLA,buy_call,9.3495,1,12.4506,3.1011,0.031011,False,2021-01
2021-01-01,TXN,buy_call,3.1741,1,0.9505,-2.2236,-0.022236,False,2021-01
2021-01-01,UNH,buy_call,3.3225,1,-4.534,-3.3225,-0.033225,False,2021-01
2021-01-01,UNP,buy_call,5.7339,1,-5.1628,-5.7339,-0.057339,False,2021-01
2021-01-01,UPS,skip,0.0,0,-7.9572,0.0,0.0,False,2021-01
2021-01-01,V,buy_call,3.1651,1,-11.6491,-3.1651,-0.031651,False,2021-01
2021-01-01,VRTX,buy_call,3.1765,1,-3.0718,-3.1765,-0.031765,False,2021-01
2021-01-01,VZ,skip,0.0,0,-6.8085,0.0,0.0,False,2021-01
2021-01-01,WMT,skip,0.0,0,-2.1828,0.0,0.0,False,2021-01
2021-01-01,XOM,buy_call,5.7339,1,8.7821,3.0482,0.030482,False,2021-01
2021-01-01,ZTS,buy_call,3.1765,1,-6.7976,-3.1765,-0.031765,False,2021-01
2021-02-01,AAPL,skip,0.0,0,-8.1085,0.0,0.0,True,2021-02
2021-02-01,ABBV,skip,0.0,0,6.3623,0.0,0.0,True,2021-02
2021-02-01,ABT,buy_call,3.0845,2,-2.6923,-3.0845,-0.06169,True,2021-02
2021-02-01,ACN,skip,0.0,0,4.0664,0.0,0.0,True,2021-02
2021-02-01,ADBE,skip,0.0,0,0.1962,0.0,0.0,True,2021-02
2021-02-01,AMAT,buy_call,5.0332,2,22.2487,17.2155,0.34431,True,2021-02
2021-02-01,AMD,skip,0.0,0,-1.3195,0.0,0.0,True,2021-02
2021-02-01,AMGN,buy_call,2.6027,2,-6.8384,-2.6027,-0.052054,True,2021-02
2021-02-01,AMT,buy_call,3.3063,2,-4.9393,-3.3063,-0.066126,True,2021-02
2021-02-01,AMZN,skip,0.0,0,-3.5328,0.0,0.0,True,2021-02
2021-02-01,AVGO,buy_call,5.0332,2,4.2997,-0.7335,-0.01467,True,2021-02
2021-02-01,AXP,skip,0.0,0,16.7506,0.0,0.0,True,2021-02
2021-02-01,BA,skip,0.0,0,9.1766,0.0,0.0,True,2021-02
2021-02-01,BAC,skip,0.0,0,17.0658,0.0,0.0,True,2021-02
2021-02-01,BKNG,skip,0.0,0,19.759,0.0,0.0,True,2021-02
2021-02-01,BLK,skip,0.0,0,-0.964,0.0,0.0,True,2021-02
2021-02-01,BMY,skip,0.0,0,-0.1628,0.0,0.0,True,2021-02
2021-02-01,BRK-B,skip,0.0,0,5.547,0.0,0.0,True,2021-02
2021-02-01,C,skip,0.0,0,14.5742,0.0,0.0,True,2021-02
2021-02-01,CAT,buy_call,4.2166,2,18.6986,14.4821,0.289642,True,2021-02
2021-02-01,CHTR,skip,0.0,0,0.9645,0.0,0.0,True,2021-02
2021-02-01,CI,buy_call,3.4282,2,-3.2942,-3.4282,-0.068564,True,2021-02
2021-02-01,CMCSA,skip,0.0,0,6.8412,0.0,0.0,True,2021-02
2021-02-01,COST,skip,0.0,0,-6.0806,0.0,0.0,True,2021-02
2021-02-01,CRM,buy_call,4.3926,2,-4.0167,-4.3926,-0.087852,True,2021-02
2021-02-01,CSCO,skip,0.0,0,1.4668,0.0,0.0,True,2021-02
2021-02-01,CSX,skip,0.0,0,6.7514,0.0,0.0,True,2021-02
2021-02-01,CVS,buy_call,3.4282,2,-4.2767,-3.4282,-0.068564,True,2021-02
2021-02-01,CVX,buy_call,3.5674,2,17.3709,13.8035,0.27607,True,2021-02
2021-02-01,DE,buy_call,4.2166,2,20.8864,16.6698,0.333396,True,2021-02
2021-02-01,DHR,buy_call,3.0845,2,-7.6396,-3.0845,-0.06169,True,2021-02
2021-02-01,DIS,skip,0.0,0,12.4101,0.0,0.0,True,2021-02
2021-02-01,DUK,buy_call,2.7944,2,-8.9468,-2.7944,-0.055888,True,2021-02
2021-02-01,EL,skip,0.0,0,20.7944,0.0,0.0,True,2021-02
2021-02-01,ELV,skip,0.0,0,2.091,0.0,0.0,True,2021-02
2021-02-01,EW,skip,0.0,0,0.6297,0.0,0.0,True,2021-02
2021-02-01,GE,skip,0.0,0,17.4157,0.0,0.0,True,2021-02
2021-02-01,GOOGL,buy_call,3.4858,2,10.6465,7.1607,0.143214,True,2021-02
2021-02-01,GS,buy_call,2.8914,2,17.8154,14.924,0.29848,True,2021-02
2021-02-01,HD,buy_call,3.2887,2,-4.6082,-3.2887,-0.065774,True,2021-02
2021-02-01,HON,skip,0.0,0,3.5727,0.0,0.0,True,2021-02
2021-02-01,HUM,skip,0.0,0,-0.9031,0.0,0.0,True,2021-02
2021-02-01,INTC,buy_call,5.0332,2,9.4938,4.4606,0.089212,True,2021-02
2021-02-01,INTU,skip,0.0,0,8.1763,0.0,0.0,True,2021-02
2021-02-01,ISRG,skip,0.0,0,-1.4499,0.0,0.0,True,2021-02
2021-02-01,ITW,skip,0.0,0,4.1038,0.0,0.0,True,2021-02
2021-02-01,JNJ,buy_call,2.8356,2,-2.8628,-2.8356,-0.056712,True,2021-02
2021-02-01,JPM,buy_call,2.8914,2,15.2016,12.3102,0.246204,True,2021-02
2021-02-01,KO,skip,0.0,0,1.7445,0.0,0.0,True,2021-02
2021-02-01,LLY,buy_call,4.2246,2,-1.481,-4.2246,-0.084492,True,2021-02
2021-02-01,LMT,skip,0.0,0,2.6195,0.0,0.0,True,2021-02
2021-02-01,LOW,buy_call,3.2887,2,-3.9189,-3.2887,-0.065774,True,2021-02
2021-02-01,LRCX,buy_call,5.0332,2,17.2001,12.1669,0.243338,True,2021-02
2021-02-01,MA,skip,0.0,0,12.017,0.0,0.0,True,2021-02
2021-02-01,MCD,skip,0.0,0,-0.8179,0.0,0.0,True,2021-02
2021-02-01,MDLZ,skip,0.0,0,-4.1125,0.0,0.0,True,2021-02
2021-02-01,MDT,skip,0.0,0,5.066,0.0,0.0,True,2021-02
2021-02-01,META,skip,0.0,0,-0.2748,0.0,0.0,True,2021-02
2021-02-01,MMM,buy_call,3.3063,2,-0.3416,-3.3063,-0.066126,True,2021-02
2021-02-01,MRK,skip,0.0,0,-5.774,0.0,0.0,True,2021-02
2021-02-01,MS,skip,0.0,0,15.2352,0.0,0.0,True,2021-02
2021-02-01,MSFT,buy_call,2.8599,2,0.1811,-2.6789,-0.053578,True,2021-02
2021-02-01,MU,buy_call,6.0448,2,16.9414,10.8965,0.21793,True,2021-02
2021-02-01,NEE,buy_call,2.7944,2,-9.1381,-2.7944,-0.055888,True,2021-02
2021-02-01,NFLX,skip,0.0,0,1.2134,0.0,0.0,True,2021-02
2021-02-01,NKE,skip,0.0,0,0.8908,0.0,0.0,True,2021-02
2021-02-01,NOW,skip,0.0,0,-1.7858,0.0,0.0,True,2021-02
2021-02-01,NVDA,skip,0.0,0,5.5794,0.0,0.0,True,2021-02
2021-02-01,ORCL,skip,0.0,0,7.1601,0.0,0.0,True,2021-02
2021-02-01,PEP,skip,0.0,0,-5.4038,0.0,0.0,True,2021-02
2021-02-01,PFE,skip,0.0,0,-5.6982,0.0,0.0,True,2021-02
2021-02-01,PG,skip,0.0,0,-3.0691,0.0,0.0,True,2021-02
2021-02-01,PLD,buy_call,3.3063,2,-4.0019,-3.3063,-0.066126,True,2021-02
2021-02-01,PYPL,buy_call,2.6948,2,10.9001,8.2053,0.164106,True,2021-02
2021-02-01,QCOM,buy_call,3.8721,2,-12.8551,-3.8721,-0.077442,True,2021-02
2021-02-01,SBUX,skip,0.0,0,11.5897,0.0,0.0,True,2021-02
2021-02-01,SCHW,skip,0.0,0,19.7517,0.0,0.0,True,2021-02
2021-02-01,SO,skip,0.0,0,-3.7339,0.0,0.0,True,2021-02
2021-02-01,SPGI,skip,0.0,0,3.8991,0.0,0.0,True,2021-02
2021-02-01,SYK,skip,0.0,0,9.8095,0.0,0.0,True,2021-02
2021-02-01,T,skip,0.0,0,-0.2895,0.0,0.0,True,2021-02
2021-02-01,TGT,buy_call,3.0983,2,1.253,-1.8453,-0.036906,True,2021-02
2021-02-01,TJX,skip,0.0,0,3.045,0.0,0.0,True,2021-02
2021-02-01,TMO,buy_call,2.7974,2,-11.6971,-2.7974,-0.055948,True,2021-02
2021-02-01,TMUS,skip,0.0,0,-4.8461,0.0,0.0,True,2021-02
2021-02-01,TSLA,buy_call,6.7056,2,-14.874,-6.7056,-0.134112,True,2021-02
2021-02-01,TXN,buy_call,5.0332,2,4.6017,-0.4315,-0.00863,True,2021-02
2021-02-01,UNH,skip,0.0,0,-0.4077,0.0,0.0,True,2021-02
2021-02-01,UNP,skip,0.0,0,4.2994,0.0,0.0,True,2021-02
2021-02-01,UPS,skip,0.0,0,1.8258,0.0,0.0,True,2021-02
2021-02-01,V,skip,0.0,0,9.9043,0.0,0.0,True,2021-02
2021-02-01,VRTX,skip,0.0,0,-7.2158,0.0,0.0,True,2021-02
2021-02-01,VZ,skip,0.0,0,2.0858,0.0,0.0,True,2021-02
2021-02-01,WMT,skip,0.0,0,-7.5236,0.0,0.0,True,2021-02
2021-02-01,XOM,buy_call,4.2166,2,21.2534,17.0368,0.340736,True,2021-02
2021-02-01,ZTS,skip,0.0,0,0.7978,0.0,0.0,True,2021-02
2021-03-01,AAPL,skip,0.0,0,0.8845,0.0,0.0,False,2021-03
2021-03-01,ABBV,buy_call,2.8453,1,0.4455,-2.3998,-0.023998,False,2021-03
2021-03-01,ABT,skip,0.0,0,0.0501,0.0,0.0,False,2021-03
2021-03-01,ACN,buy_call,2.362,1,10.1036,7.7416,0.077416,False,2021-03
2021-03-01,ADBE,buy_call,2.2425,1,3.4155,1.173,0.01173,False,2021-03
2021-03-01,AMAT,buy_call,3.5449,1,13.2528,9.708,0.09708,False,2021-03
2021-03-01,AMD,skip,0.0,0,-7.1116,0.0,0.0,False,2021-03
2021-03-01,AMGN,skip,0.0,0,11.4441,0.0,0.0,False,2021-03
2021-03-01,AMT,skip,0.0,0,10.6093,0.0,0.0,False,2021-03
2021-03-01,AMZN,skip,0.0,0,0.0372,0.0,0.0,False,2021-03
2021-03-01,AVGO,buy_call,3.5449,1,-1.3216,-3.5449,-0.035449,False,2021-03
2021-03-01,AXP,buy_call,2.923,1,4.569,1.646,0.01646,False,2021-03
2021-03-01,BA,buy_call,3.0,1,20.1453,17.1453,0.171453,False,2021-03
2021-03-01,BAC,buy_call,3.2119,1,11.4664,8.2545,0.082545,False,2021-03
2021-03-01,BKNG,buy_call,3.0,1,0.0571,-2.9429,-0.029429,False,2021-03
2021-03-01,BLK,skip,0.0,0,8.5616,0.0,0.0,False,2021-03
2021-03-01,BMY,skip,0.0,0,2.9349,0.0,0.0,False,2021-03
2021-03-01,BRK-B,buy_call,1.6313,1,6.2201,4.5888,0.045888,False,2021-03
2021-03-01,C,buy_call,3.0,1,10.4281,7.4281,0.074281,False,2021-03
2021-03-01,CAT,buy_call,3.535,1,7.4069,3.8719,0.038719,False,2021-03
2021-03-01,CHTR,buy_call,3.2379,1,0.5869,-2.651,-0.02651,False,2021-03
2021-03-01,CI,skip,0.0,0,15.1692,0.0,0.0,False,2021-03
2021-03-01,CMCSA,buy_call,3.2379,1,2.6366,-0.6013,-0.006013,False,2021-03
2021-03-01,COST,skip,0.0,0,6.6997,0.0,0.0,False,2021-03
2021-03-01,CRM,skip,0.0,0,-2.1386,0.0,0.0,False,2021-03
2021-03-01,CSCO,buy_call,2.2833,1,15.2441,12.9608,0.129608,False,2021-03
2021-03-01,CSX,buy_call,3.0,1,5.6363,2.6363,0.026363,False,2021-03
2021-03-01,CVS,skip,0.0,0,10.4213,0.0,0.0,False,2021-03
2021-03-01,CVX,buy_call,3.2651,1,6.2713,3.0062,0.030062,False,2021-03
2021-03-01,DE,buy_call,3.535,1,7.1666,3.6316,0.036316,False,2021-03
2021-03-01,DHR,skip,0.0,0,2.4628,0.0,0.0,False,2021-03
2021-03-01,DIS,buy_call,3.248,1,-2.391,-3.248,-0.03248,False,2021-03
2021-03-01,DUK,skip,0.0,0,13.9555,0.0,0.0,False,2021-03
2021-03-01,EL,buy_call,3.0,1,1.9292,-1.0708,-0.010708,False,2021-03
2021-03-01,ELV,buy_call,2.7849,1,18.3911,15.6062,0.156062,False,2021-03
2021-03-01,EW,buy_call,2.1961,1,0.6498,-1.5463,-0.015463,False,2021-03
2021-03-01,GE,buy_call,3.535,1,4.7049,1.17,0.0117,False,2021-03
2021-03-01,GOOGL,buy_call,2.7725,1,2.0085,-0.764,-0.00764,False,2021-03
2021-03-01,GS,buy_call,2.9688,1,2.3538,-0.615,-0.00615,False,2021-03
2021-03-01,HD,skip,0.0,0,18.1582,0.0,0.0,False,2021-03
2021-03-01,HON,buy_call,2.2833,1,7.7493,5.4661,0.054661,False,2021-03
2021-03-01,HUM,skip,0.0,0,10.4307,0.0,0.0,False,2021-03
2021-03-01,INTC,buy_call,3.5449,1,5.9369,2.3921,0.023921,False,2021-03
2021-03-01,INTU,buy_call,2.9889,1,-1.8147,-2.9889,-0.029889,False,2021-03
2021-03-01,ISRG,skip,0.0,0,0.2904,0.0,0.0,False,2021-03
2021-03-01,ITW,buy_call,2.2833,1,9.5657,7.2825,0.072825,False,2021-03
2021-03-01,JNJ,skip,0.0,0,4.3638,0.0,0.0,False,2021-03
2021-03-01,JPM,buy_call,2.9688,1,3.4382,0.4694,0.004694,False,2021-03
2021-03-01,KO,buy_call,2.1176,1,7.5934,5.4757,0.054757,False,2021-03
2021-03-01,LLY,skip,0.0,0,-8.4386,0.0,0.0,False,2021-03
2021-03-01,LMT,buy_call,3.535,1,12.7428,9.2078,0.092078,False,2021-03
2021-03-01,LOW,skip,0.0,0,19.0485,0.0,0.0,False,2021-03
2021-03-01,LRCX,buy_call,3.5449,1,4.9454,1.4006,0.014006,False,2021-03
2021-03-01,MA,buy_call,2.923,1,0.6217,-2.3013,-0.023013,False,2021-03
2021-03-01,MCD,skip,0.0,0,9.401,0.0,0.0,False,2021-03
2021-03-01,MDLZ,skip,0.0,0,10.1016,0.0,0.0,False,2021-03
2021-03-01,MDT,buy_call,2.1961,1,0.9917,-1.2044,-0.012044,False,2021-03
2021-03-01,META,skip,0.0,0,14.3273,0.0,0.0,False,2021-03
2021-03-01,MMM,skip,0.0,0,10.9721,0.0,0.0,False,2021-03
2021-03-01,MRK,skip,0.0,0,6.1553,0.0,0.0,False,2021-03
2021-03-01,MS,buy_call,2.9688,1,1.0277,-1.9411,-0.019411,False,2021-03
2021-03-01,MSFT,buy_call,2.2425,1,1.6925,-0.55,-0.0055,False,2021-03
2021-03-01,MU,buy_call,3.9539,1,-3.6272,-3.9539,-0.039539,False,2021-03
2021-03-01,NEE,skip,0.0,0,3.4387,0.0,0.0,False,2021-03
2021-03-01,NFLX,buy_call,3.5366,1,-3.1901,-3.5366,-0.035366,False,2021-03
2021-03-01,NKE,buy_call,2.4682,1,-1.2018,-2.4682,-0.024682,False,2021-03
2021-03-01,NOW,skip,0.0,0,-6.2516,0.0,0.0,False,2021-03
2021-03-01,NVDA,buy_call,3.9539,1,-2.6705,-3.9539,-0.039539,False,2021-03
2021-03-01,ORCL,buy_call,2.687,1,8.7738,6.0868,0.060868,False,2021-03
2021-03-01,PEP,skip,0.0,0,9.4899,0.0,0.0,False,2021-03
2021-03-01,PFE,skip,0.0,0,8.1816,0.0,0.0,False,2021-03
2021-03-01,PG,skip,0.0,0,9.6333,0.0,0.0,False,2021-03
2021-03-01,PLD,skip,0.0,0,6.995,0.0,0.0,False,2021-03
2021-03-01,PYPL,buy_call,2.923,1,-6.5461,-2.923,-0.02923,False,2021-03
2021-03-01,QCOM,skip,0.0,0,-2.6434,0.0,0.0,False,2021-03
2021-03-01,SBUX,buy_call,2.1176,1,1.5785,-0.5392,-0.005392,False,2021-03
2021-03-01,SCHW,buy_call,2.9688,1,5.9483,2.9795,0.029795,False,2021-03
2021-03-01,SO,skip,0.0,0,10.7474,0.0,0.0,False,2021-03
2021-03-01,SPGI,buy_call,2.9688,1,7.3862,4.4174,0.044174,False,2021-03
2021-03-01,SYK,buy_call,2.1961,1,0.3667,-1.8294,-0.018294,False,2021-03
2021-03-01,T,skip,0.0,0,8.5335,0.0,0.0,False,2021-03
2021-03-01,TGT,buy_call,1.9663,1,8.3603,6.3939,0.063939,False,2021-03
2021-03-01,TJX,buy_call,1.9663,1,0.6216,-1.3447,-0.013447,False,2021-03
2021-03-01,TMO,skip,0.0,0,1.3998,0.0,0.0,False,2021-03
2021-03-01,TMUS,skip,0.0,0,4.4344,0.0,0.0,False,2021-03
2021-03-01,TSLA,skip,0.0,0,-1.1207,0.0,0.0,False,2021-03
2021-03-01,TXN,buy_call,3.5449,1,9.7057,6.1608,0.061608,False,2021-03
2021-03-01,UNH,skip,0.0,0,11.995,0.0,0.0,False,2021-03
2021-03-01,UNP,buy_call,3.535,1,7.5098,3.9748,0.039748,False,2021-03
2021-03-01,UPS,buy_call,2.2833,1,8.3864,6.1032,0.061032,False,2021-03
2021-03-01,V,buy_call,2.5858,1,-0.156,-2.5858,-0.025858,False,2021-03
2021-03-01,VRTX,skip,0.0,0,1.1009,0.0,0.0,False,2021-03
2021-03-01,VZ,buy_call,3.2379,1,5.1537,1.9158,0.019158,False,2021-03
2021-03-01,WMT,skip,0.0,0,4.5489,0.0,0.0,False,2021-03
2021-03-01,XOM,buy_call,3.535,1,4.4291,0.8942,0.008942,False,2021-03
2021-03-01,ZTS,buy_call,2.8453,1,1.4429,-1.4024,-0.014024,False,2021-03
2021-04-01,AAPL,buy_call,4.0047,1,7.6218,3.617,0.03617,False,2021-04
2021-04-01,ABBV,buy_call,3.54,1,3.0309,-0.5092,-0.005092,False,2021-04
2021-04-01,ABT,buy_call,5.403,1,0.2003,-5.2028,-0.052028,False,2021-04
2021-04-01,ACN,buy_call,2.2615,1,4.9665,2.705,0.02705,False,2021-04
2021-04-01,ADBE,buy_call,2.6505,1,6.9357,4.2851,0.042851,False,2021-04
2021-04-01,AMAT,buy_call,1.3792,1,-0.6662,-1.3792,-0.013792,False,2021-04
2021-04-01,AMD,skip,0.0,0,3.9745,0.0,0.0,False,2021-04
2021-04-01,AMGN,buy_call,3.54,1,-3.6855,-3.54,-0.0354,False,2021-04
2021-04-01,AMT,buy_call,3.732,1,6.5716,2.8396,0.028396,False,2021-04
2021-04-01,AMZN,buy_call,3.7793,1,12.0663,8.2869,0.082869,False,2021-04
2021-04-01,AVGO,skip,0.0,0,-0.8398,0.0,0.0,False,2021-04
2021-04-01,AXP,buy_call,3.0663,1,8.7464,5.6802,0.056802,False,2021-04
2021-04-01,BA,buy_call,3.0,1,-8.0127,-3.0,-0.03,False,2021-04
2021-04-01,BAC,buy_call,2.7021,1,5.2761,2.574,0.02574,False,2021-04
2021-04-01,BKNG,buy_call,3.0,1,5.8476,2.8476,0.028476,False,2021-04
2021-04-01,BLK,buy_call,2.3206,1,9.3098,6.9892,0.069892,False,2021-04
2021-04-01,BMY,buy_call,3.54,1,-0.3534,-3.54,-0.0354,False,2021-04
2021-04-01,BRK-B,buy_call,1.5294,1,7.6252,6.0957,0.060957,False,2021-04
2021-04-01,C,buy_call,3.0,1,-2.0756,-3.0,-0.03,False,2021-04
2021-04-01,CAT,buy_call,4.0538,1,-1.6216,-4.0538,-0.040538,False,2021-04
2021-04-01,CHTR,buy_call,2.6132,1,9.1456,6.5323,0.065323,False,2021-04
2021-04-01,CI,buy_call,2.0778,1,3.4459,1.3681,0.013681,False,2021-04
2021-04-01,CMCSA,buy_call,2.6132,1,3.7701,1.1569,0.011569,False,2021-04
2021-04-01,COST,buy_call,1.8412,1,5.5634,3.7223,0.037223,False,2021-04
2021-04-01,CRM,skip,0.0,0,8.7082,0.0,0.0,False,2021-04
2021-04-01,CSCO,buy_call,3.732,1,-1.5471,-3.732,-0.03732,False,2021-04
2021-04-01,CSX,buy_call,3.0,1,4.4908,1.4908,0.014908,False,2021-04
2021-04-01,CVS,buy_call,2.0778,1,1.5552,-0.5225,-0.005225,False,2021-04
2021-04-01,CVX,buy_call,3.1377,1,-1.6414,-3.1377,-0.031377,False,2021-04
2021-04-01,DE,buy_call,4.0538,1,-0.6363,-4.0538,-0.040538,False,2021-04
2021-04-01,DHR,buy_call,5.403,1,12.9302,7.5271,0.075271,False,2021-04
2021-04-01,DIS,skip,0.0,0,0.8129,0.0,0.0,False,2021-04
2021-04-01,DUK,buy_call,1.8,1,4.3096,2.5096,0.025096,False,2021-04
2021-04-01,EL,buy_call,3.0,1,7.8907,4.8907,0.048907,False,2021-04
2021-04-01,ELV,buy_call,2.0778,1,6.0472,3.9695,0.039695,False,2021-04
2021-04-01,EW,buy_call,5.403,1,14.2037,8.8007,0.088007,False,2021-04
2021-04-01,GE,buy_call,4.0538,1,-0.0025,-4.0538,-0.040538,False,2021-04
2021-04-01,GOOGL,buy_call,3.4858,1,14.108,10.6222,0.106222,False,2021-04
2021-04-01,GS,buy_call,2.3206,1,6.9782,4.6576,0.046576,False,2021-04
2021-04-01,HD,buy_call,2.0321,1,6.6989,4.6667,0.046667,False,2021-04
2021-04-01,HON,buy_call,3.732,1,2.7503,-0.9817,-0.009817,False,2021-04
2021-04-01,HUM,buy_call,2.0778,1,6.3743,4.2965,0.042965,False,2021-04
2021-04-01,INTC,buy_call,1.3792,1,-10.1094,-1.3792,-0.013792,False,2021-04
2021-04-01,INTU,skip,0.0,0,7.5967,0.0,0.0,False,2021-04
2021-04-01,ISRG,buy_call,5.403,1,17.0596,11.6565,0.116565,False,2021-04
2021-04-01,ITW,buy_call,3.732,1,4.5614,0.8294,0.008294,False,2021-04
2021-04-01,JNJ,buy_call,1.8123,1,-0.9857,-1.8123,-0.018123,False,2021-04
2021-04-01,JPM,buy_call,2.3206,1,1.0379,-1.2827,-0.012827,False,2021-04
2021-04-01,KO,buy_call,1.8,1,3.2618,1.4618,0.014618,False,2021-04
2021-04-01,LLY,skip,0.0,0,-2.1679,0.0,0.0,False,2021-04
2021-04-01,LMT,buy_call,4.0538,1,2.9933,-1.0606,-0.010606,False,2021-04
2021-04-01,LOW,buy_call,2.0321,1,3.1917,1.1596,0.011596,False,2021-04
2021-04-01,LRCX,buy_call,1.3792,1,4.4883,3.1091,0.031091,False,2021-04
2021-04-01,MA,buy_call,3.0663,1,7.3051,4.2389,0.042389,False,2021-04
2021-04-01,MCD,buy_call,1.8,1,5.327,3.527,0.03527,False,2021-04
2021-04-01,MDLZ,buy_call,1.7384,1,4.4421,2.7037,0.027037,False,2021-04
2021-04-01,MDT,buy_call,5.403,1,11.3842,5.9811,0.059811,False,2021-04
2021-04-01,META,buy_call,4.3383,1,10.3724,6.0342,0.060342,False,2021-04
2021-04-01,MMM,buy_call,3.732,1,2.3147,-1.4172,-0.014172,False,2021-04
2021-04-01,MRK,buy_call,3.0317,1,-2.5106,-3.0317,-0.030317,False,2021-04
2021-04-01,MS,buy_call,2.3206,1,6.2967,3.9761,0.039761,False,2021-04
2021-04-01,MSFT,buy_call,2.6505,1,6.9602,4.3096,0.043096,False,2021-04
2021-04-01,MU,skip,0.0,0,-2.426,0.0,0.0,False,2021-04
2021-04-01,NEE,buy_call,1.8,1,2.5129,0.7129,0.007129,False,2021-04
2021-04-01,NFLX,skip,0.0,0,-1.57,0.0,0.0,False,2021-04
2021-04-01,NKE,skip,0.0,0,-0.2032,0.0,0.0,False,2021-04
2021-04-01,NOW,skip,0.0,0,1.2517,0.0,0.0,False,2021-04
2021-04-01,NVDA,skip,0.0,0,12.4842,0.0,0.0,False,2021-04
2021-04-01,ORCL,buy_call,2.3314,1,8.0091,5.6777,0.056777,False,2021-04
2021-04-01,PEP,buy_call,1.7384,1,2.7297,0.9912,0.009912,False,2021-04
2021-04-01,PFE,buy_call,3.54,1,6.6796,3.1396,0.031396,False,2021-04
2021-04-01,PG,buy_call,2.6089,1,-1.4842,-2.6089,-0.026089,False,2021-04
2021-04-01,PLD,buy_call,3.732,1,10.6165,6.8846,0.068846,False,2021-04
2021-04-01,PYPL,skip,0.0,0,8.0094,0.0,0.0,False,2021-04
2021-04-01,QCOM,skip,0.0,0,5.1825,0.0,0.0,False,2021-04
2021-04-01,SBUX,buy_call,1.8,1,4.7772,2.9772,0.029772,False,2021-04
2021-04-01,SCHW,buy_call,2.3206,1,8.0086,5.688,0.05688,False,2021-04
2021-04-01,SO,buy_call,1.8,1,6.4511,4.6511,0.046511,False,2021-04
2021-04-01,SPGI,buy_call,2.3206,1,10.6328,8.3122,0.083122,False,2021-04
2021-04-01,SYK,buy_call,5.403,1,8.1022,2.6992,0.026992,False,2021-04
2021-04-01,T,buy_call,2.6132,1,3.7661,1.1529,0.011529,False,2021-04
2021-04-01,TGT,buy_call,2.1258,1,4.6397,2.5139,0.025139,False,2021-04
2021-04-01,TJX,buy_call,2.1258,1,7.3318,5.206,0.05206,False,2021-04
2021-04-01,TMO,buy_call,2.8279,1,3.0942,0.2663,0.002663,False,2021-04
2021-04-01,TMUS,buy_call,2.6132,1,5.4593,2.8461,0.028461,False,2021-04
2021-04-01,TSLA,skip,0.0,0,6.2147,0.0,0.0,False,2021-04
2021-04-01,TXN,buy_call,1.3792,1,-4.487,-1.3792,-0.013792,False,2021-04
2021-04-01,UNH,buy_call,2.0778,1,7.5649,5.4871,0.054871,False,2021-04
2021-04-01,UNP,buy_call,4.0538,1,0.7622,-3.2916,-0.032916,False,2021-04
2021-04-01,UPS,buy_call,3.732,1,19.9247,16.1927,0.161927,False,2021-04
2021-04-01,V,skip,0.0,0,10.3103,0.0,0.0,False,2021-04
2021-04-01,VRTX,buy_call,3.54,1,1.5403,-1.9997,-0.019997,False,2021-04
2021-04-01,VZ,buy_call,2.6132,1,-0.6191,-2.6132,-0.026132,False,2021-04
2021-04-01,WMT,buy_call,2.1258,1,3.4338,1.308,0.01308,False,2021-04
2021-04-01,XOM,buy_call,4.0538,1,2.5255,-1.5283,-0.015283,False,2021-04
2021-04-01,ZTS,buy_call,3.54,1,9.8743,6.3343,0.063343,False,2021-04
2021-05-01,AAPL,buy_call,2.8482,1,-5.2107,-2.8482,-0.028482,False,2021-05
2021-05-01,ABBV,buy_call,2.0234,1,2.7591,0.7356,0.007356,False,2021-05
2021-05-01,ABT,buy_call,2.2758,1,-2.4998,-2.2758,-0.022758,False,2021-05
2021-05-01,ACN,buy_call,1.9568,1,-2.3922,-1.9568,-0.019568,False,2021-05
2021-05-01,ADBE,buy_call,2.709,1,-0.7397,-2.709,-0.02709,False,2021-05
2021-05-01,AMAT,skip,0.0,0,4.0841,0.0,0.0,False,2021-05
2021-05-01,AMD,buy_call,5.6038,1,-1.8868,-5.6038,-0.056038,False,2021-05
2021-05-01,AMGN,skip,0.0,0,-0.7094,0.0,0.0,False,2021-05
2021-05-01,AMT,buy_call,1.95,1,0.7907,-1.1592,-0.011592,False,2021-05
2021-05-01,AMZN,buy_call,2.915,1,-7.047,-2.915,-0.02915,False,2021-05
2021-05-01,AVGO,skip,0.0,0,3.5357,0.0,0.0,False,2021-05
2021-05-01,AXP,buy_call,2.6695,1,4.4212,1.7517,0.017517,False,2021-05
2021-05-01,BA,skip,0.0,0,5.4244,0.0,0.0,False,2021-05
2021-05-01,BAC,buy_call,2.8807,1,4.5892,1.7085,0.017085,False,2021-05
2021-05-01,BKNG,buy_call,3.0,1,-4.2387,-3.0,-0.03,False,2021-05
2021-05-01,BLK,buy_call,2.7218,1,7.0475,4.3257,0.043257,False,2021-05
2021-05-01,BMY,skip,0.0,0,5.2868,0.0,0.0,False,2021-05
2021-05-01,BRK-B,buy_call,1.757,1,5.27,3.513,0.03513,False,2021-05
2021-05-01,C,skip,0.0,0,11.2541,0.0,0.0,False,2021-05
2021-05-01,CAT,skip,0.0,0,6.1636,0.0,0.0,False,2021-05
2021-05-01,CHTR,buy_call,0.8374,1,3.1302,2.2928,0.022928,False,2021-05
2021-05-01,CI,buy_call,2.1937,1,3.9517,1.758,0.01758,False,2021-05
2021-05-01,CMCSA,buy_call,0.8374,1,2.5873,1.75,0.0175,False,2021-05
2021-05-01,COST,buy_call,2.5174,1,1.8786,-0.6388,-0.006388,False,2021-05
2021-05-01,CRM,buy_call,4.1932,1,3.3779,-0.8153,-0.008153,False,2021-05
2021-05-01,CSCO,skip,0.0,0,4.6538,0.0,0.0,False,2021-05
2021-05-01,CSX,buy_call,3.0,1,-0.6253,-3.0,-0.03,False,2021-05
2021-05-01,CVS,buy_call,2.1937,1,13.8837,11.6901,0.116901,False,2021-05
2021-05-01,CVX,skip,0.0,0,0.6986,0.0,0.0,False,2021-05
2021-05-01,DE,skip,0.0,0,-2.6291,0.0,0.0,False,2021-05
2021-05-01,DHR,buy_call,2.2758,1,0.8664,-1.4095,-0.014095,False,2021-05
2021-05-01,DIS,buy_call,3.3259,1,-3.962,-3.3259,-0.033259,False,2021-05
2021-05-01,DUK,buy_call,1.5813,1,-0.4668,-1.5813,-0.015813,False,2021-05
2021-05-01,EL,buy_call,3.0,1,-2.32,-3.0,-0.03,False,2021-05
2021-05-01,ELV,buy_call,2.1937,1,4.9632,2.7696,0.027696,False,2021-05
2021-05-01,EW,buy_call,2.2758,1,0.3978,-1.878,-0.01878,False,2021-05
2021-05-01,GE,skip,0.0,0,7.1646,0.0,0.0,False,2021-05
2021-05-01,GOOGL,buy_call,2.6706,1,0.1423,-2.5283,-0.025283,False,2021-05
2021-05-01,GS,buy_call,2.7218,1,6.7642,4.0424,0.040424,False,2021-05
2021-05-01,HD,buy_call,3.2365,1,-1.4706,-3.2365,-0.032365,False,2021-05
2021-05-01,HON,buy_call,1.95,1,3.5285,1.5785,0.015785,False,2021-05
2021-05-01,HUM,buy_call,2.1937,1,-1.6935,-2.1937,-0.021937,False,2021-05
2021-05-01,INTC,skip,0.0,0,-0.7127,0.0,0.0,False,2021-05
2021-05-01,INTU,buy_call,5.0727,1,6.6869,1.6142,0.016142,False,2021-05
2021-05-01,ISRG,buy_call,2.2758,1,-2.6382,-2.2758,-0.022758,False,2021-05
2021-05-01,ITW,buy_call,1.95,1,0.5641,-1.3859,-0.013859,False,2021-05
2021-05-01,JNJ,skip,0.0,0,4.0066,0.0,0.0,False,2021-05
2021-05-01,JPM,buy_call,2.7218,1,7.41,4.6882,0.046882,False,2021-05
2021-05-01,KO,buy_call,1.5813,1,2.4268,0.8456,0.008456,False,2021-05
2021-05-01,LLY,skip,0.0,0,9.2849,0.0,0.0,False,2021-05
2021-05-01,LMT,buy_call,3.4385,1,0.4309,-3.0075,-0.030075,False,2021-05
2021-05-01,LOW,buy_call,3.2365,1,-0.4307,-3.2365,-0.032365,False,2021-05
2021-05-01,LRCX,buy_call,4.4679,1,4.7385,0.2706,0.002706,False,2021-05
2021-05-01,MA,buy_call,2.6695,1,-5.5101,-2.6695,-0.026695,False,2021-05
2021-05-01,MCD,buy_call,1.5813,1,-0.9276,-1.5813,-0.015813,False,2021-05
2021-05-01,MDLZ,buy_call,2.054,1,4.473,2.4189,0.024189,False,2021-05
2021-05-01,MDT,buy_call,2.2758,1,-3.3074,-2.2758,-0.022758,False,2021-05
2021-05-01,META,buy_call,4.3383,1,1.1228,-3.2155,-0.032155,False,2021-05
2021-05-01,MMM,buy_call,1.95,1,2.9928,1.0428,0.010428,False,2021-05
2021-05-01,MRK,skip,0.0,0,1.8658,0.0,0.0,False,2021-05
2021-05-01,MS,buy_call,2.7218,1,10.6437,7.9219,0.079219,False,2021-05
2021-05-01,MSFT,buy_call,2.709,1,-0.9913,-2.709,-0.02709,False,2021-05
2021-05-01,MU,skip,0.0,0,-2.2424,0.0,0.0,False,2021-05
2021-05-01,NEE,buy_call,1.5813,1,-5.5347,-1.5813,-0.015813,False,2021-05
2021-05-01,NFLX,skip,0.0,0,-2.0761,0.0,0.0,False,2021-05
2021-05-01,NKE,skip,0.0,0,2.8955,0.0,0.0,False,2021-05
2021-05-01,NOW,buy_call,3.9644,1,-6.4163,-3.9644,-0.039644,False,2021-05
2021-05-01,NVDA,buy_call,5.6038,1,8.2281,2.6244,0.026244,False,2021-05
2021-05-01,ORCL,buy_call,2.5675,1,4.3418,1.7743,0.017743,False,2021-05
2021-05-01,PEP,buy_call,2.054,1,2.6221,0.568,0.00568,False,2021-05
2021-05-01,PFE,buy_call,2.0234,1,0.207,-1.8165,-0.018165,False,2021-05
2021-05-01,PG,skip,0.0,0,1.7185,0.0,0.0,False,2021-05
2021-05-01,PLD,buy_call,1.95,1,1.1242,-0.8258,-0.008258,False,2021-05
2021-05-01,PYPL,buy_call,2.6695,1,-0.8655,-2.6695,-0.026695,False,2021-05
2021-05-01,QCOM,buy_call,3.9356,1,-3.0692,-3.9356,-0.039356,False,2021-05
2021-05-01,SBUX,buy_call,1.5813,1,-0.5328,-1.5813,-0.015813,False,2021-05
2021-05-01,SCHW,buy_call,2.7218,1,4.9005,2.1787,0.021787,False,2021-05
2021-05-01,SO,buy_call,1.5813,1,-3.4003,-1.5813,-0.015813,False,2021-05
2021-05-01,SPGI,buy_call,2.7218,1,-2.7972,-2.7218,-0.027218,False,2021-05
2021-05-01,SYK,buy_call,2.2758,1,-2.8024,-2.2758,-0.022758,False,2021-05
2021-05-01,T,buy_call,0.8374,1,-4.1706,-0.8374,-0.008374,False,2021-05
2021-05-01,TGT,buy_call,2.9238,1,9.4857,6.5619,0.065619,False,2021-05
2021-05-01,TJX,buy_call,2.9238,1,-4.8732,-2.9238,-0.029238,False,2021-05
2021-05-01,TMO,buy_call,2.8279,1,-0.1552,-2.8279,-0.028279,False,2021-05
2021-05-01,TMUS,buy_call,0.8374,1,7.0537,6.2163,0.062163,False,2021-05
2021-05-01,TSLA,buy_call,7.3862,1,-11.8713,-7.3862,-0.073862,False,2021-05
2021-05-01,TXN,skip,0.0,0,5.738,0.0,0.0,False,2021-05
2021-05-01,UNH,buy_call,2.1937,1,3.2899,1.0962,0.010962,False,2021-05
2021-05-01,UNP,buy_call,3.4385,1,1.1887,-2.2498,-0.022498,False,2021-05
2021-05-01,UPS,buy_call,1.95,1,5.2683,3.3184,0.033184,False,2021-05
2021-05-01,V,buy_call,2.5994,1,-2.6803,-2.5994,-0.025994,False,2021-05
2021-05-01,VRTX,buy_call,2.0234,1,-4.3859,-2.0234,-0.020234,False,2021-05
2021-05-01,VZ,skip,0.0,0,-1.1979,0.0,0.0,False,2021-05
2021-05-01,WMT,buy_call,2.9238,1,1.5153,-1.4085,-0.014085,False,2021-05
2021-05-01,XOM,buy_call,3.4385,1,1.9741,-1.4644,-0.014644,False,2021-05
2021-05-01,ZTS,buy_call,2.0234,1,2.2615,0.2381,0.002381,False,2021-05
2021-06-01,AAPL,skip,0.0,0,10.0976,0.0,0.0,True,2021-06
2021-06-01,ABBV,buy_call,2.1806,2,-0.4947,-2.1806,-0.043612,True,2021-06
2021-06-01,ABT,skip,0.0,0,-0.6172,0.0,0.0,True,2021-06
2021-06-01,ACN,skip,0.0,0,4.4762,0.0,0.0,True,2021-06
2021-06-01,ADBE,skip,0.0,0,16.0649,0.0,0.0,True,2021-06
2021-06-01,AMAT,buy_call,3.6315,2,3.2716,-0.36,-0.0072,True,2021-06
2021-06-01,AMD,skip,0.0,0,17.2952,0.0,0.0,True,2021-06
2021-06-01,AMGN,skip,0.0,0,3.1621,0.0,0.0,True,2021-06
2021-06-01,AMT,buy_call,1.8788,2,5.7465,3.8677,0.077354,True,2021-06
2021-06-01,AMZN,skip,0.0,0,6.7355,0.0,0.0,True,2021-06
2021-06-01,AVGO,buy_call,3.6315,2,0.9548,-2.6767,-0.053534,True,2021-06
2021-06-01,AXP,buy_call,2.652,2,3.1849,0.533,0.01066,True,2021-06
2021-06-01,BA,buy_call,3.0,2,-3.02,-3.0,-0.06,True,2021-06
2021-06-01,BAC,buy_call,3.0551,2,-2.7365,-3.0551,-0.061102,True,2021-06
2021-06-01,BKNG,skip,0.0,0,-7.3452,0.0,0.0,True,2021-06
2021-06-01,BLK,buy_call,2.6046,2,-0.236,-2.6046,-0.052092,True,2021-06
2021-06-01,BMY,buy_call,2.1806,2,1.6738,-0.5068,-0.010136,True,2021-06
2021-06-01,BRK-B,buy_call,1.3968,2,-3.9801,-1.3968,-0.027936,True,2021-06
2021-06-01,C,buy_call,3.0,2,-10.1131,-3.0,-0.06,True,2021-06
2021-06-01,CAT,buy_call,2.9754,2,-9.7271,-2.9754,-0.059508,True,2021-06
2021-06-01,CHTR,buy_call,2.6208,2,3.876,1.2552,0.025104,True,2021-06
2021-06-01,CI,buy_call,2.1916,2,-8.4141,-2.1916,-0.043832,True,2021-06
2021-06-01,CMCSA,buy_call,2.6208,2,-0.5581,-2.6208,-0.052416,True,2021-06
2021-06-01,COST,buy_call,2.6932,2,4.5999,1.9067,0.038134,True,2021-06
2021-06-01,CRM,buy_call,2.9822,2,2.5913,-0.3909,-0.007818,True,2021-06
2021-06-01,CSCO,buy_call,1.8788,2,0.189,-1.6898,-0.033796,True,2021-06
2021-06-01,CSX,skip,0.0,0,-3.6066,0.0,0.0,True,2021-06
2021-06-01,CVS,buy_call,2.1916,2,-3.4706,-2.1916,-0.043832,True,2021-06
2021-06-01,CVX,buy_call,2.8808,2,2.1506,-0.7302,-0.014604,True,2021-06
2021-06-01,DE,skip,0.0,0,-2.3235,0.0,0.0,True,2021-06
2021-06-01,DHR,buy_call,1.7791,2,4.7708,2.9917,0.059834,True,2021-06
2021-06-01,DIS,skip,0.0,0,-1.6121,0.0,0.0,True,2021-06
2021-06-01,DUK,skip,0.0,0,-0.5486,0.0,0.0,True,2021-06
2021-06-01,EL,skip,0.0,0,3.9515,0.0,0.0,True,2021-06
2021-06-01,ELV,buy_call,2.1916,2,-4.1233,-2.1916,-0.043832,True,2021-06
2021-06-01,EW,buy_call,1.7791,2,7.9979,6.2188,0.124376,True,2021-06
2021-06-01,GE,buy_call,2.9754,2,-4.2674,-2.9754,-0.059508,True,2021-06
2021-06-01,GOOGL,buy_call,3.5616,2,3.604,0.0423,0.000846,True,2021-06
2021-06-01,GS,buy_call,2.6046,2,2.3633,-0.2413,-0.004826,True,2021-06
2021-06-01,HD,skip,0.0,0,-0.0062,0.0,0.0,True,2021-06
2021-06-01,HON,buy_call,1.8788,2,-4.6031,-1.8788,-0.037576,True,2021-06
2021-06-01,HUM,skip,0.0,0,1.1469,0.0,0.0,True,2021-06
2021-06-01,INTC,skip,0.0,0,-1.1104,0.0,0.0,True,2021-06
2021-06-01,INTU,buy_call,3.4553,2,11.6332,8.1778,0.163556,True,2021-06
2021-06-01,ISRG,skip,0.0,0,9.1976,0.0,0.0,True,2021-06
2021-06-01,ITW,buy_call,1.8788,2,-3.5381,-1.8788,-0.037576,True,2021-06
2021-06-01,JNJ,buy_call,1.6719,2,-2.0575,-1.6719,-0.033438,True,2021-06
2021-06-01,JPM,buy_call,2.6046,2,-5.2971,-2.6046,-0.052092,True,2021-06
2021-06-01,KO,buy_call,1.7692,2,-2.1342,-1.7692,-0.035384,True,2021-06
2021-06-01,LLY,buy_call,2.5555,2,15.4172,12.8617,0.257234,True,2021-06
2021-06-01,LMT,buy_call,2.9754,2,-0.3384,-2.9754,-0.059508,True,2021-06
2021-06-01,LOW,skip,0.0,0,-0.4414,0.0,0.0,True,2021-06
2021-06-01,LRCX,buy_call,3.6315,2,0.1308,-3.5007,-0.070014,True,2021-06
2021-06-01,MA,skip,0.0,0,1.2508,0.0,0.0,True,2021-06
2021-06-01,MCD,skip,0.0,0,-0.6945,0.0,0.0,True,2021-06
2021-06-01,MDLZ,buy_call,1.97,2,-1.7157,-1.97,-0.0394,True,2021-06
2021-06-01,MDT,skip,0.0,0,-1.9433,0.0,0.0,True,2021-06
2021-06-01,META,buy_call,4.3383,2,5.7737,1.4355,0.02871,True,2021-06
2021-06-01,MMM,buy_call,1.8788,2,-1.4521,-1.8788,-0.037576,True,2021-06
2021-06-01,MRK,buy_call,1.8322,2,7.3962,5.564,0.11128,True,2021-06
2021-06-01,MS,buy_call,2.6046,2,0.8136,-1.7909,-0.035818,True,2021-06
2021-06-01,MSFT,skip,0.0,0,8.7494,0.0,0.0,True,2021-06
2021-06-01,MU,skip,0.0,0,0.9983,0.0,0.0,True,2021-06
2021-06-01,NEE,skip,0.0,0,0.0819,0.0,0.0,True,2021-06
2021-06-01,NFLX,skip,0.0,0,5.0516,0.0,0.0,True,2021-06
2021-06-01,NKE,buy_call,3.5764,2,13.4411,9.8647,0.197294,True,2021-06
2021-06-01,NOW,skip,0.0,0,15.9682,0.0,0.0,True,2021-06
2021-06-01,NVDA,buy_call,3.4989,2,23.134,19.6351,0.392702,True,2021-06
2021-06-01,ORCL,buy_call,3.1373,2,-1.143,-3.1373,-0.062746,True,2021-06
2021-06-01,PEP,buy_call,1.97,2,0.1555,-1.8145,-0.03629,True,2021-06
2021-06-01,PFE,buy_call,2.1806,2,2.1065,-0.0741,-0.001482,True,2021-06
2021-06-01,PG,buy_call,1.6571,2,0.0593,-1.5978,-0.031956,True,2021-06
2021-06-01,PLD,buy_call,1.8788,2,1.4341,-0.4447,-0.008894,True,2021-06
2021-06-01,PYPL,skip,0.0,0,12.0991,0.0,0.0,True,2021-06
2021-06-01,QCOM,skip,0.0,0,6.2361,0.0,0.0,True,2021-06
2021-06-01,SBUX,skip,0.0,0,-1.427,0.0,0.0,True,2021-06
2021-06-01,SCHW,buy_call,2.6046,2,-1.1508,-2.6046,-0.052092,True,2021-06
2021-06-01,SO,skip,0.0,0,-4.3746,0.0,0.0,True,2021-06
2021-06-01,SPGI,skip,0.0,0,8.3842,0.0,0.0,True,2021-06
2021-06-01,SYK,skip,0.0,0,1.7472,0.0,0.0,True,2021-06
2021-06-01,T,skip,0.0,0,-2.2086,0.0,0.0,True,2021-06
2021-06-01,TGT,buy_call,2.1437,2,6.877,4.7333,0.094666,True,2021-06
2021-06-01,TJX,skip,0.0,0,0.184,0.0,0.0,True,2021-06
2021-06-01,TMO,skip,0.0,0,7.4483,0.0,0.0,True,2021-06
2021-06-01,TMUS,buy_call,2.6208,2,2.3895,-0.2313,-0.004626,True,2021-06
2021-06-01,TSLA,skip,0.0,0,8.7137,0.0,0.0,True,2021-06
2021-06-01,TXN,buy_call,3.6315,2,1.3065,-2.325,-0.0465,True,2021-06
2021-06-01,UNH,buy_call,2.1916,2,-2.7869,-2.1916,-0.043832,True,2021-06
2021-06-01,UNP,buy_call,2.9754,2,-1.6658,-2.9754,-0.059508,True,2021-06
2021-06-01,UPS,buy_call,1.8788,2,-2.6252,-1.8788,-0.037576,True,2021-06
2021-06-01,V,skip,0.0,0,3.0179,0.0,0.0,True,2021-06
2021-06-01,VRTX,skip,0.0,0,-3.3552,0.0,0.0,True,2021-06
2021-06-01,VZ,skip,0.0,0,-0.8143,0.0,0.0,True,2021-06
2021-06-01,WMT,buy_call,2.1437,2,-0.3212,-2.1437,-0.042874,True,2021-06
2021-06-01,XOM,buy_call,2.9754,2,9.6436,6.6682,0.133364,True,2021-06
2021-06-01,ZTS,buy_call,2.1806,2,5.4788,3.2982,0.065964,True,2021-06
2021-07-01,AAPL,buy_call,3.0494,2,6.4982,3.4488,0.068976,True,2021-07
2021-07-01,ABBV,skip,0.0,0,3.2493,0.0,0.0,True,2021-07
2021-07-01,ABT,skip,0.0,0,4.3561,0.0,0.0,True,2021-07
2021-07-01,ACN,buy_call,2.1491,2,7.7648,5.6157,0.112314,True,2021-07
2021-07-01,ADBE,buy_call,2.434,2,6.1454,3.7114,0.074228,True,2021-07
2021-07-01,AMAT,buy_call,2.8237,2,-1.7346,-2.8237,-0.056474,True,2021-07
2021-07-01,AMD,buy_call,4.5411,2,13.0523,8.5111,0.170222,True,2021-07
2021-07-01,AMGN,buy_call,4.5631,2,-0.9067,-4.5631,-0.091262,True,2021-07
2021-07-01,AMT,buy_call,3.0349,2,5.1876,2.1527,0.043054,True,2021-07
2021-07-01,AMZN,buy_call,3.8047,2,-3.2722,-3.8047,-0.076094,True,2021-07
2021-07-01,AVGO,buy_call,2.8237,2,2.592,-0.2317,-0.004634,True,2021-07
2021-07-01,AXP,buy_call,2.5306,2,3.2076,0.677,0.01354,True,2021-07
2021-07-01,BA,skip,0.0,0,-5.46,0.0,0.0,True,2021-07
2021-07-01,BAC,skip,0.0,0,-6.5693,0.0,0.0,True,2021-07
2021-07-01,BKNG,skip,0.0,0,-0.4492,0.0,0.0,True,2021-07
2021-07-01,BLK,skip,0.0,0,-0.4281,0.0,0.0,True,2021-07
2021-07-01,BMY,buy_call,4.5631,2,1.5714,-2.9917,-0.059834,True,2021-07
2021-07-01,BRK-B,skip,0.0,0,0.1331,0.0,0.0,True,2021-07
2021-07-01,C,skip,0.0,0,-4.424,0.0,0.0,True,2021-07
2021-07-01,CAT,skip,0.0,0,-4.9993,0.0,0.0,True,2021-07
2021-07-01,CHTR,buy_call,3.2997,2,3.1326,-0.1671,-0.003342,True,2021-07
2021-07-01,CI,skip,0.0,0,-2.8131,0.0,0.0,True,2021-07
2021-07-01,CMCSA,skip,0.0,0,3.1743,0.0,0.0,True,2021-07
2021-07-01,COST,buy_call,1.6523,2,8.6056,6.9534,0.139068,True,2021-07
2021-07-01,CRM,buy_call,2.5343,2,-0.958,-2.5343,-0.050686,True,2021-07
2021-07-01,CSCO,buy_call,3.0349,2,4.4717,1.4368,0.028736,True,2021-07
2021-07-01,CSX,skip,0.0,0,0.7481,0.0,0.0,True,2021-07
2021-07-01,CVS,skip,0.0,0,-1.2943,0.0,0.0,True,2021-07
2021-07-01,CVX,buy_call,2.8999,2,-2.7974,-2.8999,-0.057998,True,2021-07
2021-07-01,DE,skip,0.0,0,2.782,0.0,0.0,True,2021-07
2021-07-01,DHR,buy_call,2.4998,2,10.9415,8.4418,0.168836,True,2021-07
2021-07-01,DIS,skip,0.0,0,0.1422,0.0,0.0,True,2021-07
2021-07-01,DUK,skip,0.0,0,6.4729,0.0,0.0,True,2021-07
2021-07-01,EL,buy_call,3.0,2,4.9515,1.9515,0.03903,True,2021-07
2021-07-01,ELV,skip,0.0,0,0.8697,0.0,0.0,True,2021-07
2021-07-01,EW,buy_call,2.4998,2,8.4001,5.9003,0.118006,True,2021-07
2021-07-01,GE,skip,0.0,0,-3.7158,0.0,0.0,True,2021-07
2021-07-01,GOOGL,buy_call,3.4858,2,10.3506,6.8648,0.137296,True,2021-07
2021-07-01,GS,buy_call,2.2967,2,-1.2252,-2.2967,-0.045934,True,2021-07
2021-07-01,HD,skip,0.0,0,3.456,0.0,0.0,True,2021-07
2021-07-01,HON,skip,0.0,0,6.5831,0.0,0.0,True,2021-07
2021-07-01,HUM,buy_call,2.9983,2,-3.6567,-2.9983,-0.059966,True,2021-07
2021-07-01,INTC,skip,0.0,0,-4.3106,0.0,0.0,True,2021-07
2021-07-01,INTU,buy_call,2.6193,2,8.1196,5.5003,0.110006,True,2021-07
2021-07-01,ISRG,buy_call,2.4998,2,7.8096,5.3098,0.106196,True,2021-07
2021-07-01,ITW,skip,0.0,0,1.9083,0.0,0.0,True,2021-07
2021-07-01,JNJ,skip,0.0,0,4.5284,0.0,0.0,True,2021-07
2021-07-01,JPM,skip,0.0,0,-2.4174,0.0,0.0,True,2021-07
2021-07-01,KO,skip,0.0,0,6.1906,0.0,0.0,True,2021-07
2021-07-01,LLY,buy_call,3.638,2,6.091,2.453,0.04906,True,2021-07
2021-07-01,LMT,skip,0.0,0,-1.7656,0.0,0.0,True,2021-07
2021-07-01,LOW,skip,0.0,0,-0.6599,0.0,0.0,True,2021-07
2021-07-01,LRCX,buy_call,2.8237,2,-1.8462,-2.8237,-0.056474,True,2021-07
2021-07-01,MA,buy_call,2.5306,2,5.7109,3.1803,0.063606,True,2021-07
2021-07-01,MCD,skip,0.0,0,5.0738,0.0,0.0,True,2021-07
2021-07-01,MDLZ,skip,0.0,0,1.8208,0.0,0.0,True,2021-07
2021-07-01,MDT,skip,0.0,0,6.318,0.0,0.0,True,2021-07
2021-07-01,META,buy_call,4.3383,2,2.4705,-1.8678,-0.037356,True,2021-07
2021-07-01,MMM,skip,0.0,0,-0.3474,0.0,0.0,True,2021-07
2021-07-01,MRK,buy_call,2.089,2,-0.3077,-2.089,-0.04178,True,2021-07
2021-07-01,MS,buy_call,2.2967,2,4.6788,2.3821,0.047642,True,2021-07
2021-07-01,MSFT,buy_call,2.434,2,5.1717,2.7377,0.054754,True,2021-07
2021-07-01,MU,buy_call,4.5411,2,-8.7079,-4.5411,-0.090822,True,2021-07
2021-07-01,NEE,buy_call,2.0022,2,6.8665,4.8643,0.097286,True,2021-07
2021-07-01,NFLX,buy_call,4.5125,2,-2.0143,-4.5125,-0.09025,True,2021-07
2021-07-01,NKE,buy_call,2.4093,2,8.4277,6.0184,0.120368,True,2021-07
2021-07-01,NOW,buy_call,5.2469,2,6.9766,1.7297,0.034594,True,2021-07
2021-07-01,NVDA,buy_call,4.5411,2,-2.4949,-4.5411,-0.090822,True,2021-07
2021-07-01,ORCL,skip,0.0,0,11.9476,0.0,0.0,True,2021-07
2021-07-01,PEP,buy_call,2.2032,2,6.6995,4.4963,0.089926,True,2021-07
2021-07-01,PFE,buy_call,4.5631,2,9.3208,4.7576,0.095152,True,2021-07
2021-07-01,PG,buy_call,2.2759,2,5.4103,3.1343,0.062686,True,2021-07
2021-07-01,PLD,buy_call,3.0349,2,7.6572,4.6222,0.092444,True,2021-07
2021-07-01,PYPL,buy_call,2.5306,2,-5.4721,-2.5306,-0.050612,True,2021-07
2021-07-01,QCOM,buy_call,3.4491,2,5.3414,1.8922,0.037844,True,2021-07
2021-07-01,SBUX,skip,0.0,0,8.6039,0.0,0.0,True,2021-07
2021-07-01,SCHW,skip,0.0,0,-6.6749,0.0,0.0,True,2021-07
2021-07-01,SO,skip,0.0,0,5.5528,0.0,0.0,True,2021-07
2021-07-01,SPGI,buy_call,2.2967,2,4.4512,2.1545,0.04309,True,2021-07
2021-07-01,SYK,buy_call,2.4998,2,4.569,2.0693,0.041386,True,2021-07
2021-07-01,T,skip,0.0,0,-2.5365,0.0,0.0,True,2021-07
2021-07-01,TGT,buy_call,1.6194,2,7.9879,6.3685,0.12737,True,2021-07
2021-07-01,TJX,buy_call,1.6194,2,2.0617,0.4423,0.008846,True,2021-07
2021-07-01,TMO,buy_call,2.8279,2,7.1049,4.277,0.08554,True,2021-07
2021-07-01,TMUS,buy_call,3.2997,2,-0.5593,-3.2997,-0.065994,True,2021-07
2021-07-01,TSLA,buy_call,6.3553,2,1.1034,-5.2518,-0.105036,True,2021-07
2021-07-01,TXN,buy_call,2.8237,2,-0.8737,-2.8237,-0.056474,True,2021-07
2021-07-01,UNH,skip,0.0,0,3.3188,0.0,0.0,True,2021-07
2021-07-01,UNP,skip,0.0,0,-0.532,0.0,0.0,True,2021-07
2021-07-01,UPS,skip,0.0,0,-7.9867,0.0,0.0,True,2021-07
2021-07-01,V,buy_call,2.2202,2,5.3759,3.1557,0.063114,True,2021-07
2021-07-01,VRTX,skip,0.0,0,-0.0248,0.0,0.0,True,2021-07
2021-07-01,VZ,skip,0.0,0,-0.4462,0.0,0.0,True,2021-07
2021-07-01,WMT,skip,0.0,0,1.0849,0.0,0.0,True,2021-07
2021-07-01,XOM,buy_call,3.0721,2,-8.7349,-3.0721,-0.061442,True,2021-07
2021-07-01,ZTS,buy_call,4.5631,2,8.768,4.2049,0.084098,True,2021-07
2021-08-01,AAPL,buy_call,2.1365,1,4.093,1.9565,0.019565,False,2021-08
2021-08-01,ABBV,buy_call,2.0358,1,5.0099,2.9741,0.029741,False,2021-08
2021-08-01,ABT,buy_call,2.0783,1,4.853,2.7747,0.027747,False,2021-08
2021-08-01,ACN,buy_call,1.8252,1,6.2421,4.4169,0.044169,False,2021-08
2021-08-01,ADBE,buy_call,2.2886,1,6.7677,4.4791,0.044791,False,2021-08
2021-08-01,AMAT,skip,0.0,0,-3.4303,0.0,0.0,False,2021-08
2021-08-01,AMD,buy_call,5.1086,1,4.2659,-0.8427,-0.008427,False,2021-08
2021-08-01,AMGN,skip,0.0,0,-6.6283,0.0,0.0,False,2021-08
2021-08-01,AMT,buy_call,1.835,1,3.3133,1.4783,0.014783,False,2021-08
2021-08-01,AMZN,skip,0.0,0,4.3034,0.0,0.0,False,2021-08
2021-08-01,AVGO,buy_call,3.1196,1,2.433,-0.6866,-0.006866,False,2021-08
2021-08-01,AXP,buy_call,2.3746,1,-2.4259,-2.3746,-0.023746,False,2021-08
2021-08-01,BA,skip,0.0,0,-3.0819,0.0,0.0,False,2021-08
2021-08-01,BAC,skip,0.0,0,8.8373,0.0,0.0,False,2021-08
2021-08-01,BKNG,skip,0.0,0,5.5737,0.0,0.0,False,2021-08
2021-08-01,BLK,skip,0.0,0,8.778,0.0,0.0,False,2021-08
2021-08-01,BMY,buy_call,2.0358,1,-0.7604,-2.0358,-0.020358,False,2021-08
2021-08-01,BRK-B,buy_call,1.3435,1,2.6878,1.3443,0.013443,False,2021-08
2021-08-01,C,skip,0.0,0,7.1384,0.0,0.0,False,2021-08
2021-08-01,CAT,skip,0.0,0,2.5401,0.0,0.0,False,2021-08
2021-08-01,CHTR,buy_call,1.8902,1,9.7588,7.8686,0.078686,False,2021-08
2021-08-01,CI,skip,0.0,0,-7.7737,0.0,0.0,False,2021-08
2021-08-01,CMCSA,buy_call,1.8902,1,3.5879,1.6978,0.016978,False,2021-08
2021-08-01,COST,buy_call,1.7899,1,6.1956,4.4057,0.044057,False,2021-08
2021-08-01,CRM,skip,0.0,0,9.6474,0.0,0.0,False,2021-08
2021-08-01,CSCO,buy_call,1.835,1,7.3352,5.5001,0.055001,False,2021-08
2021-08-01,CSX,buy_call,3.0,1,0.6498,-2.3502,-0.023502,False,2021-08
2021-08-01,CVS,skip,0.0,0,5.5284,0.0,0.0,False,2021-08
2021-08-01,CVX,skip,0.0,0,-4.9504,0.0,0.0,False,2021-08
2021-08-01,DE,buy_call,3.4175,1,4.5466,1.1291,0.011291,False,2021-08
2021-08-01,DHR,buy_call,2.0783,1,8.965,6.8867,0.068867,False,2021-08
2021-08-01,DIS,buy_call,2.5057,1,2.9997,0.494,0.00494,False,2021-08
2021-08-01,DUK,buy_call,1.9827,1,-0.4281,-1.9827,-0.019827,False,2021-08
2021-08-01,EL,buy_call,3.0,1,1.995,-1.005,-0.01005,False,2021-08
2021-08-01,ELV,buy_call,1.9662,1,-2.3124,-1.9662,-0.019662,False,2021-08
2021-08-01,EW,buy_call,2.0783,1,4.3734,2.2951,0.022951,False,2021-08
2021-08-01,GE,skip,0.0,0,1.7471,0.0,0.0,False,2021-08
2021-08-01,GOOGL,buy_call,2.5313,1,7.4009,4.8696,0.048696,False,2021-08
2021-08-01,GS,skip,0.0,0,10.3046,0.0,0.0,False,2021-08
2021-08-01,HD,buy_call,2.9566,1,-0.6124,-2.9566,-0.029566,False,2021-08
2021-08-01,HON,buy_call,1.835,1,-0.8041,-1.835,-0.01835,False,2021-08
2021-08-01,HUM,skip,0.0,0,-4.7997,0.0,0.0,False,2021-08
2021-08-01,INTC,skip,0.0,0,0.6329,0.0,0.0,False,2021-08
2021-08-01,INTU,buy_call,2.946,1,6.944,3.9979,0.039979,False,2021-08
2021-08-01,ISRG,buy_call,2.0783,1,6.2635,4.1852,0.041852,False,2021-08
2021-08-01,ITW,buy_call,1.835,1,2.7308,0.8958,0.008958,False,2021-08
2021-08-01,JNJ,buy_call,2.4869,1,0.5401,-1.9468,-0.019468,False,2021-08
2021-08-01,JPM,skip,0.0,0,5.9901,0.0,0.0,False,2021-08
2021-08-01,KO,buy_call,1.9827,1,-1.2625,-1.9827,-0.019827,False,2021-08
2021-08-01,LLY,buy_call,4.1274,1,6.0739,1.9465,0.019465,False,2021-08
2021-08-01,LMT,skip,0.0,0,-3.1937,0.0,0.0,False,2021-08
2021-08-01,LOW,skip,0.0,0,6.2531,0.0,0.0,False,2021-08
2021-08-01,LRCX,skip,0.0,0,-5.1129,0.0,0.0,False,2021-08
2021-08-01,MA,buy_call,2.3746,1,-10.1835,-2.3746,-0.023746,False,2021-08
2021-08-01,MCD,buy_call,1.9827,1,-2.1631,-1.9827,-0.019827,False,2021-08
2021-08-01,MDLZ,buy_call,2.414,1,-1.8811,-2.414,-0.02414,False,2021-08
2021-08-01,MDT,buy_call,2.0783,1,1.6526,-0.4257,-0.004257,False,2021-08
2021-08-01,META,buy_call,4.3383,1,6.4777,2.1394,0.021394,False,2021-08
2021-08-01,MMM,skip,0.0,0,-1.6167,0.0,0.0,False,2021-08
2021-08-01,MRK,skip,0.0,0,-0.7545,0.0,0.0,False,2021-08
2021-08-01,MS,buy_call,1.8054,1,9.6025,7.7971,0.077971,False,2021-08
2021-08-01,MSFT,buy_call,2.2886,1,5.9562,3.6676,0.036676,False,2021-08
2021-08-01,MU,skip,0.0,0,-5.0013,0.0,0.0,False,2021-08
2021-08-01,NEE,buy_call,1.9827,1,7.8177,5.835,0.05835,False,2021-08
2021-08-01,NFLX,skip,0.0,0,9.9735,0.0,0.0,False,2021-08
2021-08-01,NKE,buy_call,1.7291,1,-1.6536,-1.7291,-0.017291,False,2021-08
2021-08-01,NOW,buy_call,2.9335,1,9.4831,6.5496,0.065496,False,2021-08
2021-08-01,NVDA,skip,0.0,0,14.8008,0.0,0.0,False,2021-08
2021-08-01,ORCL,buy_call,2.8472,1,2.661,-0.1862,-0.001862,False,2021-08
2021-08-01,PEP,buy_call,2.414,1,-0.3568,-2.414,-0.02414,False,2021-08
2021-08-01,PFE,buy_call,2.0358,1,8.5897,6.5539,0.065539,False,2021-08
2021-08-01,PG,buy_call,1.7775,1,0.7421,-1.0354,-0.010354,False,2021-08
2021-08-01,PLD,buy_call,1.835,1,5.1703,3.3352,0.033352,False,2021-08
2021-08-01,PYPL,skip,0.0,0,4.7654,0.0,0.0,False,2021-08
2021-08-01,QCOM,buy_call,2.8595,1,-2.0761,-2.8595,-0.028595,False,2021-08
2021-08-01,SBUX,buy_call,1.9827,1,-3.2447,-1.9827,-0.019827,False,2021-08
2021-08-01,SCHW,skip,0.0,0,7.2112,0.0,0.0,False,2021-08
2021-08-01,SO,buy_call,1.9827,1,2.9122,0.9295,0.009295,False,2021-08
2021-08-01,SPGI,buy_call,1.8054,1,3.5221,1.7167,0.017167,False,2021-08
2021-08-01,SYK,buy_call,2.0783,1,2.2736,0.1953,0.001953,False,2021-08
2021-08-01,T,skip,0.0,0,0.1371,0.0,0.0,False,2021-08
2021-08-01,TGT,buy_call,2.7449,1,-5.3898,-2.7449,-0.027449,False,2021-08
2021-08-01,TJX,buy_call,2.7449,1,5.6823,2.9375,0.029375,False,2021-08
2021-08-01,TMO,buy_call,2.8279,1,2.7666,-0.0613,-0.000613,False,2021-08
2021-08-01,TMUS,skip,0.0,0,-4.8604,0.0,0.0,False,2021-08
2021-08-01,TSLA,buy_call,4.6301,1,7.0605,2.4304,0.024304,False,2021-08
2021-08-01,TXN,skip,0.0,0,0.7107,0.0,0.0,False,2021-08
2021-08-01,UNH,buy_call,1.9662,1,0.9825,-0.9837,-0.009837,False,2021-08
2021-08-01,UNP,skip,0.0,0,-0.8777,0.0,0.0,False,2021-08
2021-08-01,UPS,skip,0.0,0,2.2314,0.0,0.0,False,2021-08
2021-08-01,V,buy_call,2.2545,1,-7.0173,-2.2545,-0.022545,False,2021-08
2021-08-01,VRTX,skip,0.0,0,-0.6399,0.0,0.0,False,2021-08
2021-08-01,VZ,skip,0.0,0,-0.2907,0.0,0.0,False,2021-08
2021-08-01,WMT,buy_call,2.7449,1,3.8934,1.1485,0.011485,False,2021-08
2021-08-01,XOM,skip,0.0,0,-5.2979,0.0,0.0,False,2021-08
2021-08-01,ZTS,buy_call,2.0358,1,1.0453,-0.9905,-0.009905,False,2021-08
2021-09-01,AAPL,buy_call,2.6931,1,-6.6641,-2.6931,-0.026931,False,2021-09
2021-09-01,ABBV,buy_call,2.3037,1,-10.6889,-2.3037,-0.023037,False,2021-09
2021-09-01,ABT,buy_call,1.7949,1,-6.5205,-1.7949,-0.017949,False,2021-09
2021-09-01,ACN,buy_call,2.3667,1,-4.9441,-2.3667,-0.023667,False,2021-09
2021-09-01,ADBE,buy_call,1.6327,1,-13.256,-1.6327,-0.016327,False,2021-09
2021-09-01,AMAT,skip,0.0,0,-4.5619,0.0,0.0,False,2021-09
2021-09-01,AMD,buy_call,3.9625,1,-7.0629,-3.9625,-0.039625,False,2021-09
2021-09-01,AMGN,skip,0.0,0,-4.9829,0.0,0.0,False,2021-09
2021-09-01,AMT,buy_call,2.0117,1,-9.159,-2.0117,-0.020117,False,2021-09
2021-09-01,AMZN,buy_call,2.3525,1,-5.3518,-2.3525,-0.023525,False,2021-09
2021-09-01,AVGO,buy_call,4.2864,1,-2.4698,-4.2864,-0.042864,False,2021-09
2021-09-01,AXP,skip,0.0,0,0.946,0.0,0.0,False,2021-09
2021-09-01,BA,skip,0.0,0,0.2005,0.0,0.0,False,2021-09
2021-09-01,BAC,buy_call,2.5558,1,1.6767,-0.8791,-0.008791,False,2021-09
2021-09-01,BKNG,buy_call,3.0,1,3.2265,0.2265,0.002265,False,2021-09
2021-09-01,BLK,buy_call,2.3088,1,-11.092,-2.3088,-0.023088,False,2021-09
2021-09-01,BMY,skip,0.0,0,-11.5016,0.0,0.0,False,2021-09
2021-09-01,BRK-B,buy_call,1.3735,1,-4.4896,-1.3735,-0.013735,False,2021-09
2021-09-01,C,buy_call,3.0,1,-2.4058,-3.0,-0.03,False,2021-09
2021-09-01,CAT,buy_call,2.8493,1,-8.9629,-2.8493,-0.028493,False,2021-09
2021-09-01,CHTR,buy_call,2.2831,1,-10.9103,-2.2831,-0.022831,False,2021-09
2021-09-01,CI,skip,0.0,0,-5.4288,0.0,0.0,False,2021-09
2021-09-01,CMCSA,buy_call,2.2831,1,-7.8279,-2.2831,-0.022831,False,2021-09
2021-09-01,COST,buy_call,2.5906,1,-1.348,-2.5906,-0.025906,False,2021-09
2021-09-01,CRM,buy_call,2.3877,1,2.243,-0.1447,-0.001447,False,2021-09
2021-09-01,CSCO,buy_call,2.0117,1,-7.777,-2.0117,-0.020117,False,2021-09
2021-09-01,CSX,buy_call,3.0,1,-8.3218,-3.0,-0.03,False,2021-09
2021-09-01,CVS,buy_call,2.6221,1,-1.771,-2.6221,-0.026221,False,2021-09
2021-09-01,CVX,skip,0.0,0,6.2496,0.0,0.0,False,2021-09
2021-09-01,DE,buy_call,2.8493,1,-11.3642,-2.8493,-0.028493,False,2021-09
2021-09-01,DHR,buy_call,1.7949,1,-6.0834,-1.7949,-0.017949,False,2021-09
2021-09-01,DIS,buy_call,2.0458,1,-6.6906,-2.0458,-0.020458,False,2021-09
2021-09-01,DUK,skip,0.0,0,-5.89,0.0,0.0,False,2021-09
2021-09-01,EL,buy_call,3.0,1,-11.7751,-3.0,-0.03,False,2021-09
2021-09-01,ELV,skip,0.0,0,-0.6212,0.0,0.0,False,2021-09
2021-09-01,EW,buy_call,1.7949,1,-3.388,-1.7949,-0.017949,False,2021-09
2021-09-01,GE,buy_call,2.8493,1,-2.2579,-2.8493,-0.028493,False,2021-09
2021-09-01,GOOGL,buy_call,1.9865,1,-7.6169,-1.9865,-0.019865,False,2021-09
2021-09-01,GS,buy_call,2.3088,1,-8.136,-2.3088,-0.023088,False,2021-09
2021-09-01,HD,skip,0.0,0,0.6377,0.0,0.0,False,2021-09
2021-09-01,HON,skip,0.0,0,-8.0995,0.0,0.0,False,2021-09
2021-09-01,HUM,skip,0.0,0,-4.0132,0.0,0.0,False,2021-09
2021-09-01,INTC,buy_call,4.2864,1,-0.8024,-4.2864,-0.042864,False,2021-09
2021-09-01,INTU,buy_call,2.2644,1,-4.6988,-2.2644,-0.022644,False,2021-09
2021-09-01,ISRG,buy_call,1.7949,1,-5.639,-1.7949,-0.017949,False,2021-09
2021-09-01,ITW,buy_call,2.0117,1,-11.2643,-2.0117,-0.020117,False,2021-09
2021-09-01,JNJ,buy_call,1.4162,1,-6.1632,-1.4162,-0.014162,False,2021-09
2021-09-01,JPM,buy_call,2.3088,1,2.3382,0.0294,0.000294,False,2021-09
2021-09-01,KO,skip,0.0,0,-6.8194,0.0,0.0,False,2021-09
2021-09-01,LLY,buy_call,2.7941,1,-10.2575,-2.7941,-0.027941,False,2021-09
2021-09-01,LMT,skip,0.0,0,-3.3918,0.0,0.0,False,2021-09
2021-09-01,LOW,buy_call,1.8526,1,-0.5052,-1.8526,-0.018526,False,2021-09
2021-09-01,LRCX,skip,0.0,0,-5.8976,0.0,0.0,False,2021-09
2021-09-01,MA,skip,0.0,0,0.4188,0.0,0.0,False,2021-09
2021-09-01,MCD,skip,0.0,0,2.0937,0.0,0.0,False,2021-09
2021-09-01,MDLZ,skip,0.0,0,-6.2671,0.0,0.0,False,2021-09
2021-09-01,MDT,buy_call,1.7949,1,-6.0908,-1.7949,-0.017949,False,2021-09
2021-09-01,META,buy_call,4.3383,1,-10.5409,-4.3383,-0.043383,False,2021-09
2021-09-01,MMM,skip,0.0,0,-9.2333,0.0,0.0,False,2021-09
2021-09-01,MRK,skip,0.0,0,-1.5467,0.0,0.0,False,2021-09
2021-09-01,MS,buy_call,2.3088,1,-6.818,-2.3088,-0.023088,False,2021-09
2021-09-01,MSFT,buy_call,1.6327,1,-6.4331,-1.6327,-0.016327,False,2021-09
2021-09-01,MU,skip,0.0,0,-3.6906,0.0,0.0,False,2021-09
2021-09-01,NEE,buy_call,2.0307,1,-6.0849,-2.0307,-0.020307,False,2021-09
2021-09-01,NFLX,buy_call,2.604,1,7.2296,4.6256,0.046256,False,2021-09
2021-09-01,NKE,skip,0.0,0,-11.6974,0.0,0.0,False,2021-09
2021-09-01,NOW,buy_call,2.86,1,-3.3202,-2.86,-0.0286,False,2021-09
2021-09-01,NVDA,buy_call,3.9625,1,-7.4396,-3.9625,-0.039625,False,2021-09
2021-09-01,ORCL,buy_call,3.3714,1,-2.2439,-3.3714,-0.033714,False,2021-09
2021-09-01,PEP,skip,0.0,0,-3.8238,0.0,0.0,False,2021-09
2021-09-01,PFE,buy_call,2.3037,1,-6.6421,-2.3037,-0.023037,False,2021-09
2021-09-01,PG,buy_call,1.4709,1,-1.8189,-1.4709,-0.014709,False,2021-09
2021-09-01,PLD,buy_call,2.0117,1,-6.8543,-2.0117,-0.020117,False,2021-09
2021-09-01,PYPL,buy_call,2.7116,1,-9.8559,-2.7116,-0.027116,False,2021-09
2021-09-01,QCOM,skip,0.0,0,-12.0731,0.0,0.0,False,2021-09
2021-09-01,SBUX,skip,0.0,0,-5.7468,0.0,0.0,False,2021-09
2021-09-01,SCHW,buy_call,2.3088,1,0.2274,-2.0814,-0.020814,False,2021-09
2021-09-01,SO,buy_call,2.0307,1,-4.764,-2.0307,-0.020307,False,2021-09
2021-09-01,SPGI,buy_call,2.3088,1,-4.0965,-2.3088,-0.023088,False,2021-09
2021-09-01,SYK,buy_call,1.7949,1,-4.8286,-1.7949,-0.017949,False,2021-09
2021-09-01,T,buy_call,2.2831,1,-1.4953,-2.2831,-0.022831,False,2021-09
2021-09-01,TGT,skip,0.0,0,-7.0552,0.0,0.0,False,2021-09
2021-09-01,TJX,buy_call,1.4197,1,-8.937,-1.4197,-0.014197,False,2021-09
2021-09-01,TMO,buy_call,2.8279,1,2.9516,0.1238,0.001238,False,2021-09
2021-09-01,TMUS,skip,0.0,0,-6.7581,0.0,0.0,False,2021-09
2021-09-01,TSLA,buy_call,4.1433,1,5.4042,1.2609,0.012609,False,2021-09
2021-09-01,TXN,buy_call,4.2864,1,0.6809,-3.6055,-0.036055,False,2021-09
2021-09-01,UNH,buy_call,2.6221,1,-6.1331,-2.6221,-0.026221,False,2021-09
2021-09-01,UNP,skip,0.0,0,-9.1672,0.0,0.0,False,2021-09
2021-09-01,UPS,buy_call,2.0117,1,-6.4243,-2.0117,-0.020117,False,2021-09
2021-09-01,V,skip,0.0,0,-2.6392,0.0,0.0,False,2021-09
2021-09-01,VRTX,skip,0.0,0,-9.4363,0.0,0.0,False,2021-09
2021-09-01,VZ,skip,0.0,0,-1.8,0.0,0.0,False,2021-09
2021-09-01,WMT,buy_call,1.4197,1,-5.5416,-1.4197,-0.014197,False,2021-09
2021-09-01,XOM,skip,0.0,0,9.52,0.0,0.0,False,2021-09
2021-09-01,ZTS,buy_call,2.3037,1,-5.0939,-2.3037,-0.023037,False,2021-09
2021-10-01,AAPL,skip,0.0,0,5.8657,0.0,0.0,True,2021-10
2021-10-01,ABBV,skip,0.0,0,6.3039,0.0,0.0,True,2021-10
2021-10-01,ABT,skip,0.0,0,9.1086,0.0,0.0,True,2021-10
2021-10-01,ACN,skip,0.0,0,12.1499,0.0,0.0,True,2021-10
2021-10-01,ADBE,skip,0.0,0,12.9646,0.0,0.0,True,2021-10
2021-10-01,AMAT,skip,0.0,0,6.1524,0.0,0.0,True,2021-10
2021-10-01,AMD,skip,0.0,0,16.8416,0.0,0.0,True,2021-10
2021-10-01,AMGN,skip,0.0,0,-2.6711,0.0,0.0,True,2021-10
2021-10-01,AMT,skip,0.0,0,6.7349,0.0,0.0,True,2021-10
2021-10-01,AMZN,skip,0.0,0,2.6602,0.0,0.0,True,2021-10
2021-10-01,AVGO,skip,0.0,0,10.442,0.0,0.0,True,2021-10
2021-10-01,AXP,buy_call,3.8468,6,3.7307,-0.1161,-0.006966,True,2021-10
2021-10-01,BA,buy_call,3.0,6,-5.8698,-3.0,-0.18,True,2021-10
2021-10-01,BAC,buy_call,3.2395,6,13.1327,9.8932,0.593592,True,2021-10
2021-10-01,BKNG,buy_call,3.0,6,1.9761,-1.0239,-0.061434,True,2021-10
2021-10-01,BLK,skip,0.0,0,12.987,0.0,0.0,True,2021-10
2021-10-01,BMY,skip,0.0,0,-0.497,0.0,0.0,True,2021-10
2021-10-01,BRK-B,skip,0.0,0,5.155,0.0,0.0,True,2021-10
2021-10-01,C,skip,0.0,0,-1.4534,0.0,0.0,True,2021-10
2021-10-01,CAT,skip,0.0,0,6.2718,0.0,0.0,True,2021-10
2021-10-01,CHTR,skip,0.0,0,-7.2393,0.0,0.0,True,2021-10
2021-10-01,CI,skip,0.0,0,7.2139,0.0,0.0,True,2021-10
2021-10-01,CMCSA,skip,0.0,0,-8.0458,0.0,0.0,True,2021-10
2021-10-01,COST,skip,0.0,0,9.3891,0.0,0.0,True,2021-10
2021-10-01,CRM,buy_call,2.3924,6,10.497,8.1046,0.486276,True,2021-10
2021-10-01,CSCO,skip,0.0,0,2.8293,0.0,0.0,True,2021-10
2021-10-01,CSX,skip,0.0,0,21.6207,0.0,0.0,True,2021-10
2021-10-01,CVS,skip,0.0,0,5.2086,0.0,0.0,True,2021-10
2021-10-01,CVX,buy_call,3.5065,6,12.8537,9.3472,0.560832,True,2021-10
2021-10-01,DE,skip,0.0,0,2.4647,0.0,0.0,True,2021-10
2021-10-01,DHR,skip,0.0,0,2.4785,0.0,0.0,True,2021-10
2021-10-01,DIS,skip,0.0,0,-0.0591,0.0,0.0,True,2021-10
2021-10-01,DUK,skip,0.0,0,4.5292,0.0,0.0,True,2021-10
2021-10-01,EL,skip,0.0,0,8.1352,0.0,0.0,True,2021-10
2021-10-01,ELV,skip,0.0,0,17.0761,0.0,0.0,True,2021-10
2021-10-01,EW,skip,0.0,0,5.8387,0.0,0.0,True,2021-10
2021-10-01,GE,skip,0.0,0,1.865,0.0,0.0,True,2021-10
2021-10-01,GOOGL,skip,0.0,0,10.7499,0.0,0.0,True,2021-10
2021-10-01,GS,skip,0.0,0,9.3432,0.0,0.0,True,2021-10
2021-10-01,HD,buy_call,1.8029,6,13.8213,12.0184,0.721104,True,2021-10
2021-10-01,HON,skip,0.0,0,2.9866,0.0,0.0,True,2021-10
2021-10-01,HUM,skip,0.0,0,19.2297,0.0,0.0,True,2021-10
2021-10-01,INTC,skip,0.0,0,-8.033,0.0,0.0,True,2021-10
2021-10-01,INTU,skip,0.0,0,16.0294,0.0,0.0,True,2021-10
2021-10-01,ISRG,skip,0.0,0,8.9765,0.0,0.0,True,2021-10
2021-10-01,ITW,skip,0.0,0,10.9119,0.0,0.0,True,2021-10
2021-10-01,JNJ,skip,0.0,0,0.8545,0.0,0.0,True,2021-10
2021-10-01,JPM,buy_call,2.7389,6,3.7876,1.0488,0.062928,True,2021-10
2021-10-01,KO,skip,0.0,0,8.2436,0.0,0.0,True,2021-10
2021-10-01,LLY,skip,0.0,0,10.2619,0.0,0.0,True,2021-10
2021-10-01,LMT,skip,0.0,0,-3.7033,0.0,0.0,True,2021-10
2021-10-01,LOW,skip,0.0,0,15.2618,0.0,0.0,True,2021-10
2021-10-01,LRCX,skip,0.0,0,-0.7373,0.0,0.0,True,2021-10
2021-10-01,MA,buy_call,3.8468,6,-3.4975,-3.8468,-0.230808,True,2021-10
2021-10-01,MCD,buy_call,2.2827,6,1.8415,-0.4412,-0.026472,True,2021-10
2021-10-01,MDLZ,skip,0.0,0,5.0264,0.0,0.0,True,2021-10
2021-10-01,MDT,skip,0.0,0,-3.9102,0.0,0.0,True,2021-10
2021-10-01,META,skip,0.0,0,-4.6613,0.0,0.0,True,2021-10
2021-10-01,MMM,skip,0.0,0,1.8584,0.0,0.0,True,2021-10
2021-10-01,MRK,skip,0.0,0,18.2786,0.0,0.0,True,2021-10
2021-10-01,MS,skip,0.0,0,5.6212,0.0,0.0,True,2021-10
2021-10-01,MSFT,skip,0.0,0,17.6291,0.0,0.0,True,2021-10
2021-10-01,MU,skip,0.0,0,-2.5126,0.0,0.0,True,2021-10
2021-10-01,NEE,skip,0.0,0,8.673,0.0,0.0,True,2021-10
2021-10-01,NFLX,buy_call,4.5735,6,13.1025,8.5291,0.511746,True,2021-10
2021-10-01,NKE,skip,0.0,0,15.1897,0.0,0.0,True,2021-10
2021-10-01,NOW,skip,0.0,0,12.1314,0.0,0.0,True,2021-10
2021-10-01,NVDA,skip,0.0,0,23.4167,0.0,0.0,True,2021-10
2021-10-01,ORCL,skip,0.0,0,10.1114,0.0,0.0,True,2021-10
2021-10-01,PEP,skip,0.0,0,8.1761,0.0,0.0,True,2021-10
2021-10-01,PFE,skip,0.0,0,1.6973,0.0,0.0,True,2021-10
2021-10-01,PG,skip,0.0,0,2.2818,0.0,0.0,True,2021-10
2021-10-01,PLD,skip,0.0,0,16.1193,0.0,0.0,True,2021-10
2021-10-01,PYPL,skip,0.0,0,-10.6145,0.0,0.0,True,2021-10
2021-10-01,QCOM,skip,0.0,0,3.6282,0.0,0.0,True,2021-10
2021-10-01,SBUX,skip,0.0,0,-3.8437,0.0,0.0,True,2021-10
2021-10-01,SCHW,buy_call,2.7389,6,12.6167,9.8778,0.592668,True,2021-10
2021-10-01,SO,skip,0.0,0,0.5648,0.0,0.0,True,2021-10
2021-10-01,SPGI,skip,0.0,0,11.5959,0.0,0.0,True,2021-10
2021-10-01,SYK,skip,0.0,0,1.129,0.0,0.0,True,2021-10
2021-10-01,T,skip,0.0,0,-6.4791,0.0,0.0,True,2021-10
2021-10-01,TGT,skip,0.0,0,13.4851,0.0,0.0,True,2021-10
2021-10-01,TJX,skip,0.0,0,-0.7427,0.0,0.0,True,2021-10
2021-10-01,TMO,buy_call,2.8279,6,10.8579,8.03,0.4818,True,2021-10
2021-10-01,TMUS,skip,0.0,0,-9.964,0.0,0.0,True,2021-10
2021-10-01,TSLA,buy_call,6.3803,6,43.653,37.2727,2.236362,True,2021-10
2021-10-01,TXN,buy_call,2.959,6,-2.4608,-2.959,-0.17754,True,2021-10
2021-10-01,UNH,skip,0.0,0,18.2593,0.0,0.0,True,2021-10
2021-10-01,UNP,skip,0.0,0,23.157,0.0,0.0,True,2021-10
2021-10-01,UPS,skip,0.0,0,17.2268,0.0,0.0,True,2021-10
2021-10-01,V,skip,0.0,0,-4.9293,0.0,0.0,True,2021-10
2021-10-01,VRTX,skip,0.0,0,1.9516,0.0,0.0,True,2021-10
2021-10-01,VZ,skip,0.0,0,-1.8885,0.0,0.0,True,2021-10
2021-10-01,WMT,skip,0.0,0,7.2033,0.0,0.0,True,2021-10
2021-10-01,XOM,buy_call,5.722,6,9.6056,3.8836,0.233016,True,2021-10
2021-10-01,ZTS,skip,0.0,0,11.3629,0.0,0.0,True,2021-10
2021-11-01,AAPL,buy_call,2.4288,1,10.3471,7.9183,0.079183,False,2021-11
2021-11-01,ABBV,buy_call,2.22,1,1.7508,-0.4692,-0.004692,False,2021-11
2021-11-01,ABT,buy_call,1.8762,1,-2.0439,-1.8762,-0.018762,False,2021-11
2021-11-01,ACN,buy_call,2.2462,1,-0.0917,-2.2462,-0.022462,False,2021-11
2021-11-01,ADBE,buy_call,2.4396,1,2.9968,0.5572,0.005572,False,2021-11
2021-11-01,AMAT,buy_call,2.6323,1,7.7131,5.0809,0.050809,False,2021-11
2021-11-01,AMD,buy_call,5.3316,1,31.7225,26.3909,0.263909,False,2021-11
2021-11-01,AMGN,skip,0.0,0,-3.9088,0.0,0.0,False,2021-11
2021-11-01,AMT,buy_call,3.6262,1,-6.9121,-3.6262,-0.036262,False,2021-11
2021-11-01,AMZN,buy_call,2.4913,1,3.9924,1.5011,0.015011,False,2021-11
2021-11-01,AVGO,buy_call,2.6323,1,4.1398,1.5076,0.015076,False,2021-11
2021-11-01,AXP,buy_call,3.1361,1,-12.1426,-3.1361,-0.031361,False,2021-11
2021-11-01,BA,skip,0.0,0,-4.4341,0.0,0.0,False,2021-11
2021-11-01,BAC,buy_call,2.7085,1,-6.9276,-2.7085,-0.027085,False,2021-11
2021-11-01,BKNG,buy_call,3.0,1,-13.1747,-3.0,-0.03,False,2021-11
2021-11-01,BLK,buy_call,2.3852,1,-4.1178,-2.3852,-0.023852,False,2021-11
2021-11-01,BMY,skip,0.0,0,-8.1678,0.0,0.0,False,2021-11
2021-11-01,BRK-B,buy_call,1.3616,1,-3.5957,-1.3616,-0.013616,False,2021-11
2021-11-01,C,skip,0.0,0,-7.2272,0.0,0.0,False,2021-11
2021-11-01,CAT,buy_call,3.6203,1,-4.7019,-3.6203,-0.036203,False,2021-11
2021-11-01,CHTR,skip,0.0,0,-4.2392,0.0,0.0,False,2021-11
2021-11-01,CI,buy_call,1.8194,1,-10.1634,-1.8194,-0.018194,False,2021-11
2021-11-01,CMCSA,skip,0.0,0,-2.3896,0.0,0.0,False,2021-11
2021-11-01,COST,buy_call,2.1847,1,9.9102,7.7255,0.077255,False,2021-11
2021-11-01,CRM,buy_call,3.2996,1,-4.9151,-3.2996,-0.032996,False,2021-11
2021-11-01,CSCO,buy_call,3.6262,1,-1.357,-3.6262,-0.036262,False,2021-11
2021-11-01,CSX,buy_call,3.0,1,-4.1747,-3.0,-0.03,False,2021-11
2021-11-01,CVS,buy_call,1.8194,1,0.3332,-1.4862,-0.014862,False,2021-11
2021-11-01,CVX,buy_call,3.159,1,-1.415,-3.159,-0.03159,False,2021-11
2021-11-01,DE,buy_call,3.6203,1,0.9436,-2.6767,-0.026767,False,2021-11
2021-11-01,DHR,buy_call,1.8762,1,3.1658,1.2896,0.012896,False,2021-11
2021-11-01,DIS,skip,0.0,0,-14.2959,0.0,0.0,False,2021-11
2021-11-01,DUK,buy_call,1.269,1,-4.9015,-1.269,-0.01269,False,2021-11
2021-11-01,EL,buy_call,3.0,1,2.3865,-0.6135,-0.006135,False,2021-11
2021-11-01,ELV,buy_call,1.8194,1,-6.6417,-1.8194,-0.018194,False,2021-11
2021-11-01,EW,buy_call,1.8762,1,-10.4407,-1.8762,-0.018762,False,2021-11
2021-11-01,GE,buy_call,3.6203,1,-9.4212,-3.6203,-0.036203,False,2021-11
2021-11-01,GOOGL,buy_call,2.3934,1,-4.1531,-2.3934,-0.023934,False,2021-11
2021-11-01,GS,buy_call,2.3852,1,-7.8287,-2.3852,-0.023852,False,2021-11
2021-11-01,HD,buy_call,2.1807,1,7.7662,5.5855,0.055855,False,2021-11
2021-11-01,HON,buy_call,3.6262,1,-7.4924,-3.6262,-0.036262,False,2021-11
2021-11-01,HUM,buy_call,1.8194,1,-9.3812,-1.8194,-0.018194,False,2021-11
2021-11-01,INTC,skip,0.0,0,0.4082,0.0,0.0,False,2021-11
2021-11-01,INTU,buy_call,3.6561,1,4.3357,0.6796,0.006796,False,2021-11
2021-11-01,ISRG,buy_call,1.8762,1,-10.1875,-1.8762,-0.018762,False,2021-11
2021-11-01,ITW,buy_call,3.6262,1,1.8783,-1.748,-0.01748,False,2021-11
2021-11-01,JNJ,buy_call,2.8819,1,-4.267,-2.8819,-0.028819,False,2021-11
2021-11-01,JPM,buy_call,2.3852,1,-5.9467,-2.3852,-0.023852,False,2021-11
2021-11-01,KO,buy_call,1.269,1,-6.9541,-1.269,-0.01269,False,2021-11
2021-11-01,LLY,buy_call,2.1443,1,-2.6378,-2.1443,-0.021443,False,2021-11
2021-11-01,LMT,skip,0.0,0,0.3009,0.0,0.0,False,2021-11
2021-11-01,LOW,buy_call,2.1807,1,4.9849,2.8041,0.028041,False,2021-11
2021-11-01,LRCX,skip,0.0,0,20.6328,0.0,0.0,False,2021-11
2021-11-01,MA,skip,0.0,0,-6.0212,0.0,0.0,False,2021-11
2021-11-01,MCD,buy_call,1.269,1,-0.3869,-1.269,-0.01269,False,2021-11
2021-11-01,MDLZ,buy_call,1.172,1,-2.9635,-1.172,-0.01172,False,2021-11
2021-11-01,MDT,skip,0.0,0,-10.9795,0.0,0.0,False,2021-11
2021-11-01,META,skip,0.0,0,0.2751,0.0,0.0,False,2021-11
2021-11-01,MMM,buy_call,3.6262,1,-4.8354,-3.6262,-0.036262,False,2021-11
2021-11-01,MRK,buy_call,2.5943,1,-14.9233,-2.5943,-0.025943,False,2021-11
2021-11-01,MS,buy_call,2.3852,1,-7.1064,-2.3852,-0.023852,False,2021-11
2021-11-01,MSFT,buy_call,2.4396,1,-0.3106,-2.4396,-0.024396,False,2021-11
2021-11-01,MU,skip,0.0,0,21.563,0.0,0.0,False,2021-11
2021-11-01,NEE,buy_call,1.269,1,1.6993,0.4303,0.004303,False,2021-11
2021-11-01,NFLX,buy_call,4.4729,1,-7.0128,-4.4729,-0.044729,False,2021-11
2021-11-01,NKE,buy_call,1.7856,1,1.1656,-0.62,-0.0062,False,2021-11
2021-11-01,NOW,buy_call,3.0216,1,-7.1744,-3.0216,-0.030216,False,2021-11
2021-11-01,NVDA,buy_call,5.3316,1,27.8053,22.4737,0.224737,False,2021-11
2021-11-01,ORCL,buy_call,2.3458,1,-5.0911,-2.3458,-0.023458,False,2021-11
2021-11-01,PEP,buy_call,1.172,1,-1.1263,-1.172,-0.01172,False,2021-11
2021-11-01,PFE,buy_call,2.22,1,22.8395,20.6194,0.206194,False,2021-11
2021-11-01,PG,buy_call,1.4234,1,1.7388,0.3153,0.003153,False,2021-11
2021-11-01,PLD,buy_call,3.6262,1,3.9942,0.368,0.00368,False,2021-11
2021-11-01,PYPL,skip,0.0,0,-20.5082,0.0,0.0,False,2021-11
2021-11-01,QCOM,buy_call,4.4302,1,35.7186,31.2884,0.312884,False,2021-11
2021-11-01,SBUX,skip,0.0,0,3.3657,0.0,0.0,False,2021-11
2021-11-01,SCHW,buy_call,2.3852,1,-5.6565,-2.3852,-0.023852,False,2021-11
2021-11-01,SO,buy_call,1.269,1,-1.9576,-1.269,-0.01269,False,2021-11
2021-11-01,SPGI,buy_call,2.3852,1,-3.8869,-2.3852,-0.023852,False,2021-11
2021-11-01,SYK,buy_call,1.8762,1,-11.0648,-1.8762,-0.018762,False,2021-11
2021-11-01,T,skip,0.0,0,-7.2826,0.0,0.0,False,2021-11
2021-11-01,TGT,buy_call,2.4154,1,-6.0781,-2.4154,-0.024154,False,2021-11
2021-11-01,TJX,skip,0.0,0,5.9704,0.0,0.0,False,2021-11
2021-11-01,TMO,buy_call,2.8279,1,-0.0379,-2.8279,-0.028279,False,2021-11
2021-11-01,TMUS,skip,0.0,0,-5.4073,0.0,0.0,False,2021-11
2021-11-01,TSLA,buy_call,6.7056,1,2.7612,-3.9444,-0.039444,False,2021-11
2021-11-01,TXN,skip,0.0,0,3.2402,0.0,0.0,False,2021-11
2021-11-01,UNH,buy_call,1.8194,1,-3.529,-1.8194,-0.018194,False,2021-11
2021-11-01,UNP,buy_call,3.6203,1,-2.3861,-3.6203,-0.036203,False,2021-11
2021-11-01,UPS,buy_call,3.6262,1,-7.0736,-3.6262,-0.036262,False,2021-11
2021-11-01,V,skip,0.0,0,-8.4998,0.0,0.0,False,2021-11
2021-11-01,VRTX,buy_call,2.22,1,1.0869,-1.1331,-0.011331,False,2021-11
2021-11-01,VZ,skip,0.0,0,-4.0064,0.0,0.0,False,2021-11
2021-11-01,WMT,buy_call,2.4154,1,-5.8827,-2.4154,-0.024154,False,2021-11
2021-11-01,XOM,buy_call,3.6203,1,-7.1816,-3.6203,-0.036203,False,2021-11
2021-11-01,ZTS,buy_call,2.22,1,2.8238,0.6038,0.006038,False,2021-11
2021-12-01,AAPL,buy_call,2.8148,1,7.5797,4.7648,0.047648,False,2021-12
2021-12-01,ABBV,buy_call,2.7721,1,17.4531,14.681,0.14681,False,2021-12
2021-12-01,ABT,skip,0.0,0,11.9027,0.0,0.0,False,2021-12
2021-12-01,ACN,skip,0.0,0,15.9905,0.0,0.0,False,2021-12
2021-12-01,ADBE,buy_call,2.359,1,-15.3452,-2.359,-0.02359,False,2021-12
2021-12-01,AMAT,buy_call,2.835,1,7.082,4.247,0.04247,False,2021-12
2021-12-01,AMD,buy_call,5.3747,1,-9.1368,-5.3747,-0.053747,False,2021-12
2021-12-01,AMGN,skip,0.0,0,14.0682,0.0,0.0,False,2021-12
2021-12-01,AMT,skip,0.0,0,11.4371,0.0,0.0,False,2021-12
2021-12-01,AMZN,buy_call,2.9828,1,-4.9252,-2.9828,-0.029828,False,2021-12
2021-12-01,AVGO,buy_call,2.835,1,20.1795,17.3445,0.173445,False,2021-12
2021-12-01,AXP,skip,0.0,0,7.4196,0.0,0.0,False,2021-12
2021-12-01,BA,skip,0.0,0,1.7539,0.0,0.0,False,2021-12
2021-12-01,BAC,skip,0.0,0,0.045,0.0,0.0,False,2021-12
2021-12-01,BKNG,skip,0.0,0,14.1485,0.0,0.0,False,2021-12
2021-12-01,BLK,skip,0.0,0,1.2104,0.0,0.0,False,2021-12
2021-12-01,BMY,skip,0.0,0,16.2596,0.0,0.0,False,2021-12
2021-12-01,BRK-B,skip,0.0,0,8.0632,0.0,0.0,False,2021-12
2021-12-01,C,skip,0.0,0,-5.1962,0.0,0.0,False,2021-12
2021-12-01,CAT,skip,0.0,0,6.9253,0.0,0.0,False,2021-12
2021-12-01,CHTR,skip,0.0,0,0.8804,0.0,0.0,False,2021-12
2021-12-01,CI,skip,0.0,0,19.6613,0.0,0.0,False,2021-12
2021-12-01,CMCSA,skip,0.0,0,0.7003,0.0,0.0,False,2021-12
2021-12-01,COST,buy_call,2.484,1,5.2505,2.7665,0.027665,False,2021-12
2021-12-01,CRM,skip,0.0,0,-10.8191,0.0,0.0,False,2021-12
2021-12-01,CSCO,skip,0.0,0,15.5543,0.0,0.0,False,2021-12
2021-12-01,CSX,skip,0.0,0,8.7668,0.0,0.0,False,2021-12
2021-12-01,CVS,buy_call,2.6011,1,15.832,13.231,0.13231,False,2021-12
2021-12-01,CVX,skip,0.0,0,5.1708,0.0,0.0,False,2021-12
2021-12-01,DE,buy_call,2.7571,1,-0.7669,-2.7571,-0.027571,False,2021-12
2021-12-01,DHR,buy_call,2.4355,1,2.2914,-0.1441,-0.001441,False,2021-12
2021-12-01,DIS,skip,0.0,0,6.8944,0.0,0.0,False,2021-12
2021-12-01,DUK,skip,0.0,0,9.188,0.0,0.0,False,2021-12
2021-12-01,EL,buy_call,3.0,1,11.6829,8.6829,0.086829,False,2021-12
2021-12-01,ELV,skip,0.0,0,14.1078,0.0,0.0,False,2021-12
2021-12-01,EW,skip,0.0,0,20.725,0.0,0.0,False,2021-12
2021-12-01,GE,skip,0.0,0,-0.5474,0.0,0.0,False,2021-12
2021-12-01,GOOGL,skip,0.0,0,2.0821,0.0,0.0,False,2021-12
2021-12-01,GS,skip,0.0,0,0.4095,0.0,0.0,False,2021-12
2021-12-01,HD,buy_call,2.3439,1,3.5945,1.2506,0.012506,False,2021-12
2021-12-01,HON,skip,0.0,0,3.5458,0.0,0.0,False,2021-12
2021-12-01,HUM,skip,0.0,0,10.5192,0.0,0.0,False,2021-12
2021-12-01,INTC,buy_call,2.835,1,5.4027,2.5677,0.025677,False,2021-12
2021-12-01,INTU,buy_call,5.1802,1,-1.392,-5.1802,-0.051802,False,2021-12
2021-12-01,ISRG,skip,0.0,0,10.7788,0.0,0.0,False,2021-12
2021-12-01,ITW,buy_call,2.3796,1,6.3106,3.931,0.03931,False,2021-12
2021-12-01,JNJ,skip,0.0,0,10.4281,0.0,0.0,False,2021-12
2021-12-01,JPM,skip,0.0,0,-0.3022,0.0,0.0,False,2021-12
2021-12-01,KO,skip,0.0,0,13.7639,0.0,0.0,False,2021-12
2021-12-01,LLY,skip,0.0,0,11.7227,0.0,0.0,False,2021-12
2021-12-01,LMT,buy_call,2.7571,1,7.5095,4.7523,0.047523,False,2021-12
2021-12-01,LOW,buy_call,2.3439,1,5.6789,3.335,0.03335,False,2021-12
2021-12-01,LRCX,buy_call,2.835,1,5.7807,2.9457,0.029457,False,2021-12
2021-12-01,MA,skip,0.0,0,14.0988,0.0,0.0,False,2021-12
2021-12-01,MCD,skip,0.0,0,10.2028,0.0,0.0,False,2021-12
2021-12-01,MDLZ,skip,0.0,0,12.5042,0.0,0.0,False,2021-12
2021-12-01,MDT,skip,0.0,0,-3.0459,0.0,0.0,False,2021-12
2021-12-01,META,buy_call,4.3383,1,3.6646,-0.6737,-0.006737,False,2021-12
2021-12-01,MMM,skip,0.0,0,5.3138,0.0,0.0,False,2021-12
2021-12-01,MRK,skip,0.0,0,2.3094,0.0,0.0,False,2021-12
2021-12-01,MS,skip,0.0,0,3.5225,0.0,0.0,False,2021-12
2021-12-01,MSFT,skip,0.0,0,1.9194,0.0,0.0,False,2021-12
2021-12-01,MU,buy_call,5.3747,1,10.8928,5.5181,0.055181,False,2021-12
2021-12-01,NEE,buy_call,1.3995,1,8.0589,6.6594,0.066594,False,2021-12
2021-12-01,NFLX,skip,0.0,0,-6.1474,0.0,0.0,False,2021-12
2021-12-01,NKE,buy_call,2.3974,1,-1.5186,-2.3974,-0.023974,False,2021-12
2021-12-01,NOW,skip,0.0,0,0.2177,0.0,0.0,False,2021-12
2021-12-01,NVDA,buy_call,5.3747,1,-9.992,-5.3747,-0.053747,False,2021-12
2021-12-01,ORCL,skip,0.0,0,-3.8902,0.0,0.0,False,2021-12
2021-12-01,PEP,skip,0.0,0,8.7183,0.0,0.0,False,2021-12
2021-12-01,PFE,buy_call,2.7721,1,10.8661,8.0939,0.080939,False,2021-12
2021-12-01,PG,buy_call,2.3338,1,13.1415,10.8078,0.108078,False,2021-12
2021-12-01,PLD,buy_call,2.3796,1,11.6816,9.302,0.09302,False,2021-12
2021-12-01,PYPL,skip,0.0,0,1.9958,0.0,0.0,False,2021-12
2021-12-01,QCOM,buy_call,3.7675,1,1.2793,-2.4882,-0.024882,False,2021-12
2021-12-01,SBUX,buy_call,1.3995,1,7.1455,5.746,0.05746,False,2021-12
2021-12-01,SCHW,skip,0.0,0,8.9131,0.0,0.0,False,2021-12
2021-12-01,SO,skip,0.0,0,13.4296,0.0,0.0,False,2021-12
2021-12-01,SPGI,skip,0.0,0,3.729,0.0,0.0,False,2021-12
2021-12-01,SYK,skip,0.0,0,13.0118,0.0,0.0,False,2021-12
2021-12-01,T,skip,0.0,0,7.7529,0.0,0.0,False,2021-12
2021-12-01,TGT,skip,0.0,0,-4.761,0.0,0.0,False,2021-12
2021-12-01,TJX,buy_call,2.0563,1,9.8033,7.747,0.07747,False,2021-12
2021-12-01,TMO,skip,0.0,0,5.4375,0.0,0.0,False,2021-12
2021-12-01,TMUS,skip,0.0,0,6.5895,0.0,0.0,False,2021-12
2021-12-01,TSLA,buy_call,6.8555,1,-7.6855,-6.8555,-0.068555,False,2021-12
2021-12-01,TXN,buy_call,2.835,1,-2.0273,-2.835,-0.02835,False,2021-12
2021-12-01,UNH,skip,0.0,0,13.0386,0.0,0.0,False,2021-12
2021-12-01,UNP,skip,0.0,0,6.9131,0.0,0.0,False,2021-12
2021-12-01,UPS,skip,0.0,0,8.5845,0.0,0.0,False,2021-12
2021-12-01,V,skip,0.0,0,12.0356,0.0,0.0,False,2021-12
2021-12-01,VRTX,buy_call,2.7721,1,17.4708,14.6987,0.146987,False,2021-12
2021-12-01,VZ,skip,0.0,0,3.3618,0.0,0.0,False,2021-12
2021-12-01,WMT,skip,0.0,0,2.887,0.0,0.0,False,2021-12
2021-12-01,XOM,skip,0.0,0,3.6302,0.0,0.0,False,2021-12
2021-12-01,ZTS,buy_call,2.7721,1,9.9036,7.1315,0.071315,False,2021-12
2022-01-01,AAPL,buy_call,4.4037,1,-1.5712,-4.4037,-0.044037,False,2022-01
2022-01-01,ABBV,buy_call,4.372,1,1.1005,-3.2715,-0.032715,False,2022-01
2022-01-01,ABT,buy_call,4.6665,1,-9.4358,-4.6665,-0.046665,False,2022-01
2022-01-01,ACN,buy_call,5.7664,1,-14.7075,-5.7664,-0.057664,False,2022-01
2022-01-01,ADBE,skip,0.0,0,-5.7772,0.0,0.0,False,2022-01
2022-01-01,ADI,skip,0.0,0,-6.356,0.0,0.0,False,2022-01
2022-01-01,ADP,buy_call,5.6171,1,-16.0154,-5.6171,-0.056171,False,2022-01
2022-01-01,AMAT,buy_call,4.1877,1,-12.1886,-4.1877,-0.041877,False,2022-01
2022-01-01,AMD,skip,0.0,0,-20.6046,0.0,0.0,False,2022-01
2022-01-01,AMT,buy_call,5.6171,1,-13.59,-5.6171,-0.056171,False,2022-01
2022-01-01,AMZN,skip,0.0,0,-10.283,0.0,0.0,False,2022-01
2022-01-01,AVGO,buy_call,4.1877,1,-11.3888,-4.1877,-0.041877,False,2022-01
2022-01-01,AXP,buy_call,5.0999,1,9.9144,4.8146,0.048146,False,2022-01
2022-01-01,BA,buy_call,3.0,1,-0.5365,-3.0,-0.03,False,2022-01
2022-01-01,BAC,buy_call,3.6848,1,4.2079,0.523,0.00523,False,2022-01
2022-01-01,BDX,buy_call,4.6665,1,1.4158,-3.2507,-0.032507,False,2022-01
2022-01-01,BKNG,buy_call,3.0,1,2.3716,-0.6284,-0.006284,False,2022-01
2022-01-01,BLK,buy_call,3.3603,1,-9.7016,-3.3603,-0.033603,False,2022-01
2022-01-01,BMY,buy_call,4.372,1,4.0738,-0.2982,-0.002982,False,2022-01
2022-01-01,BRK-B,buy_call,2.9539,1,4.689,1.7351,0.017351,False,2022-01
2022-01-01,C,skip,0.0,0,7.8324,0.0,0.0,False,2022-01
2022-01-01,CAT,buy_call,4.5847,1,-2.5056,-4.5847,-0.045847,False,2022-01
2022-01-01,COST,buy_call,4.2745,1,-11.0217,-4.2745,-0.042745,False,2022-01
2022-01-01,CRM,skip,0.0,0,-8.4602,0.0,0.0,False,2022-01
2022-01-01,CSCO,buy_call,5.6171,1,-12.1509,-5.6171,-0.056171,False,2022-01
2022-01-01,CVS,buy_call,3.8012,1,3.2474,-0.5538,-0.005538,False,2022-01
2022-01-01,CVX,buy_call,4.5856,1,11.9131,7.3275,0.073275,False,2022-01
2022-01-01,DE,skip,0.0,0,10.1072,0.0,0.0,False,2022-01
2022-01-01,DHR,buy_call,4.6665,1,-13.08,-4.6665,-0.046665,False,2022-01
2022-01-01,DIS,buy_call,3.3259,1,-7.6958,-3.3259,-0.033259,False,2022-01
2022-01-01,DUK,buy_call,2.5217,1,0.1525,-2.3691,-0.023691,False,2022-01
2022-01-01,EL,buy_call,3.0,1,-15.778,-3.0,-0.03,False,2022-01
2022-01-01,ELV,buy_call,3.8012,1,-4.5983,-3.8012,-0.038012,False,2022-01
2022-01-01,EQIX,buy_call,5.6171,1,-14.2982,-5.6171,-0.056171,False,2022-01
2022-01-01,F,buy_call,4.5847,1,-2.2629,-4.5847,-0.045847,False,2022-01
2022-01-01,GILD,buy_call,4.372,1,-4.4517,-4.372,-0.04372,False,2022-01
2022-01-01,GM,buy_call,4.5847,1,-10.0631,-4.5847,-0.045847,False,2022-01
2022-01-01,GOOGL,buy_call,3.4858,1,-6.5919,-3.4858,-0.034858,False,2022-01
2022-01-01,GS,buy_call,3.3603,1,-6.7961,-3.3603,-0.033603,False,2022-01
2022-01-01,HD,buy_call,3.9749,1,-11.2075,-3.9749,-0.039749,False,2022-01
2022-01-01,HON,buy_call,5.6171,1,-1.9328,-5.6171,-0.056171,False,2022-01
2022-01-01,HUM,buy_call,3.8012,1,-15.2575,-3.8012,-0.038012,False,2022-01
2022-01-01,INTC,buy_call,4.1877,1,-5.2039,-4.1877,-0.041877,False,2022-01
2022-01-01,INTU,skip,0.0,0,-13.6796,0.0,0.0,False,2022-01
2022-01-01,ISRG,buy_call,4.6665,1,-20.9073,-4.6665,-0.046665,False,2022-01
2022-01-01,ITW,buy_call,5.6171,1,-4.7485,-5.6171,-0.056171,False,2022-01
2022-01-01,JNJ,buy_call,2.8231,1,0.7132,-2.1099,-0.021099,False,2022-01
2022-01-01,JPM,skip,0.0,0,-6.1572,0.0,0.0,False,2022-01
2022-01-01,KLAC,buy_call,4.1877,1,-9.4953,-4.1877,-0.041877,False,2022-01
2022-01-01,KO,buy_call,2.5217,1,3.04,0.5184,0.005184,False,2022-01
2022-01-01,LLY,buy_call,4.3933,1,-11.1614,-4.3933,-0.043933,False,2022-01
2022-01-01,LMT,buy_call,4.5847,1,9.4876,4.9029,0.049029,False,2022-01
2022-01-01,LOW,buy_call,3.9749,1,-8.1747,-3.9749,-0.039749,False,2022-01
2022-01-01,LRCX,buy_call,4.1877,1,-17.7898,-4.1877,-0.041877,False,2022-01
2022-01-01,MA,buy_call,5.0999,1,7.5309,2.431,0.02431,False,2022-01
2022-01-01,MDLZ,buy_call,3.5516,1,1.6217,-1.9299,-0.019299,False,2022-01
2022-01-01,MDT,skip,0.0,0,0.6759,0.0,0.0,False,2022-01
2022-01-01,META,buy_call,4.3383,1,-6.8649,-4.3383,-0.043383,False,2022-01
2022-01-01,MMM,buy_call,5.6171,1,-6.536,-5.6171,-0.056171,False,2022-01
2022-01-01,MRK,buy_call,4.4526,1,7.3239,2.8713,0.028713,False,2022-01
2022-01-01,MS,buy_call,3.3603,1,4.4621,1.1018,0.011018,False,2022-01
2022-01-01,MSFT,buy_call,5.1746,1,-7.5345,-5.1746,-0.051746,False,2022-01
2022-01-01,MU,buy_call,7.5321,1,-11.5859,-7.5321,-0.075321,False,2022-01
2022-01-01,NEE,buy_call,2.5217,1,-16.3239,-2.5217,-0.025217,False,2022-01
2022-01-01,NFLX,skip,0.0,0,-29.0983,0.0,0.0,False,2022-01
2022-01-01,NKE,skip,0.0,0,-11.0001,0.0,0.0,False,2022-01
2022-01-01,NOW,buy_call,7.6917,1,-9.7564,-7.6917,-0.076917,False,2022-01
2022-01-01,NVDA,skip,0.0,0,-16.7352,0.0,0.0,False,2022-01
2022-01-01,ORCL,skip,0.0,0,-6.9373,0.0,0.0,False,2022-01
2022-01-01,PEP,buy_call,3.5516,1,0.5656,-2.986,-0.02986,False,2022-01
2022-01-01,PFE,buy_call,4.372,1,-10.7705,-4.372,-0.04372,False,2022-01
2022-01-01,PG,buy_call,3.013,1,-1.9135,-3.013,-0.03013,False,2022-01
2022-01-01,PLD,buy_call,5.6171,1,-6.484,-5.6171,-0.056171,False,2022-01
2022-01-01,PM,buy_call,3.5516,1,9.7375,6.1859,0.061859,False,2022-01
2022-01-01,PYPL,buy_call,5.0999,1,-8.8238,-5.0999,-0.050999,False,2022-01
2022-01-01,QCOM,buy_call,6.6297,1,-3.5247,-6.6297,-0.066297,False,2022-01
2022-01-01,REGN,skip,0.0,0,-3.6309,0.0,0.0,False,2022-01
2022-01-01,RTX,buy_call,4.5847,1,4.799,0.2143,0.002143,False,2022-01
2022-01-01,SBUX,buy_call,2.5217,1,-15.9442,-2.5217,-0.025217,False,2022-01
2022-01-01,SCHW,buy_call,3.3603,1,4.2806,0.9203,0.009203,False,2022-01
2022-01-01,SHW,buy_call,5.6171,1,-18.6421,-5.6171,-0.056171,False,2022-01
2022-01-01,SO,buy_call,2.5217,1,1.3269,-1.1948,-0.011948,False,2022-01
2022-01-01,SPGI,buy_call,3.3603,1,-12.0166,-3.3603,-0.033603,False,2022-01
2022-01-01,SYK,buy_call,4.6665,1,-7.0049,-4.6665,-0.046665,False,2022-01
2022-01-01,T,buy_call,4.6591,1,3.6586,-1.0005,-0.010005,False,2022-01
2022-01-01,TGT,skip,0.0,0,-4.7572,0.0,0.0,False,2022-01
2022-01-01,TJX,buy_call,3.0659,1,-5.2028,-3.0659,-0.030659,False,2022-01
2022-01-01,TMO,buy_call,2.8279,1,-12.8449,-2.8279,-0.028279,False,2022-01
2022-01-01,TMUS,buy_call,4.6591,1,-6.7339,-4.6591,-0.046591,False,2022-01
2022-01-01,TSLA,skip,0.0,0,-11.3609,0.0,0.0,False,2022-01
2022-01-01,TXN,skip,0.0,0,-4.7647,0.0,0.0,False,2022-01
2022-01-01,UNH,buy_call,3.8012,1,-5.5818,-3.8012,-0.038012,False,2022-01
2022-01-01,UNP,buy_call,4.5847,1,-2.466,-4.5847,-0.045847,False,2022-01
2022-01-01,UPS,buy_call,5.6171,1,-5.6593,-5.6171,-0.056171,False,2022-01
2022-01-01,V,buy_call,5.297,1,4.3653,-0.9317,-0.009317,False,2022-01
2022-01-01,VRTX,buy_call,4.372,1,10.6785,6.3065,0.063065,False,2022-01
2022-01-01,VZ,buy_call,4.6591,1,2.4442,-2.2149,-0.022149,False,2022-01
2022-01-01,WFC,buy_call,4.2131,1,12.1301,7.917,0.07917,False,2022-01
2022-01-01,ZTS,buy_call,4.372,1,-18.1289,-4.372,-0.04372,False,2022-01
2022-02-01,AAPL,skip,0.0,0,-5.527,0.0,0.0,True,2022-02
2022-02-01,ABBV,buy_call,3.0708,6,9.0681,5.9973,0.359838,True,2022-02
2022-02-01,ABT,skip,0.0,0,-5.0326,0.0,0.0,True,2022-02
2022-02-01,ACN,skip,0.0,0,-10.3911,0.0,0.0,True,2022-02
2022-02-01,ADBE,skip,0.0,0,-12.4686,0.0,0.0,True,2022-02
2022-02-01,ADI,skip,0.0,0,-2.2443,0.0,0.0,True,2022-02
2022-02-01,ADP,skip,0.0,0,-0.8391,0.0,0.0,True,2022-02
2022-02-01,AMAT,skip,0.0,0,-2.8803,0.0,0.0,True,2022-02
2022-02-01,AMD,skip,0.0,0,7.9562,0.0,0.0,True,2022-02
2022-02-01,AMT,skip,0.0,0,-9.7932,0.0,0.0,True,2022-02
2022-02-01,AMZN,skip,0.0,0,2.6673,0.0,0.0,True,2022-02
2022-02-01,AVGO,skip,0.0,0,0.2663,0.0,0.0,True,2022-02
2022-02-01,AXP,buy_call,3.6422,6,8.4575,4.8153,0.288918,True,2022-02
2022-02-01,BA,skip,0.0,0,2.5469,0.0,0.0,True,2022-02
2022-02-01,BAC,buy_call,3.7822,6,-4.2046,-3.7822,-0.226932,True,2022-02
2022-02-01,BDX,buy_call,2.237,6,6.7443,4.5073,0.270438,True,2022-02
2022-02-01,BKNG,buy_call,3.0,6,-11.558,-3.0,-0.18,True,2022-02
2022-02-01,BLK,skip,0.0,0,-9.6058,0.0,0.0,True,2022-02
2022-02-01,BMY,buy_call,3.0708,6,6.7526,3.6818,0.220908,True,2022-02
2022-02-01,BRK-B,buy_call,2.8756,6,2.6931,-0.1825,-0.01095,True,2022-02
2022-02-01,C,buy_call,3.0,6,-9.0448,-3.0,-0.18,True,2022-02
2022-02-01,CAT,skip,0.0,0,-6.4843,0.0,0.0,True,2022-02
2022-02-01,COST,skip,0.0,0,2.7953,0.0,0.0,True,2022-02
2022-02-01,CRM,skip,0.0,0,-9.5001,0.0,0.0,True,2022-02
2022-02-01,CSCO,skip,0.0,0,0.77,0.0,0.0,True,2022-02
2022-02-01,CVS,buy_call,3.408,6,-2.1651,-3.408,-0.20448,True,2022-02
2022-02-01,CVX,buy_call,3.9317,6,9.6474,5.7157,0.342942,True,2022-02
2022-02-01,DE,buy_call,3.7494,6,-4.3518,-3.7494,-0.224964,True,2022-02
2022-02-01,DHR,skip,0.0,0,-3.9819,0.0,0.0,True,2022-02
2022-02-01,DIS,skip,0.0,0,3.84,0.0,0.0,True,2022-02
2022-02-01,DUK,buy_call,2.467,6,-4.4261,-2.467,-0.14802,True,2022-02
2022-02-01,EL,skip,0.0,0,-4.9585,0.0,0.0,True,2022-02
2022-02-01,ELV,skip,0.0,0,2.4626,0.0,0.0,True,2022-02
2022-02-01,EQIX,skip,0.0,0,-2.0927,0.0,0.0,True,2022-02
2022-02-01,F,skip,0.0,0,-13.0528,0.0,0.0,True,2022-02
2022-02-01,GILD,skip,0.0,0,-12.0559,0.0,0.0,True,2022-02
2022-02-01,GM,skip,0.0,0,-11.3977,0.0,0.0,True,2022-02
2022-02-01,GOOGL,skip,0.0,0,-0.1821,0.0,0.0,True,2022-02
2022-02-01,GS,skip,0.0,0,-3.7752,0.0,0.0,True,2022-02
2022-02-01,HD,skip,0.0,0,-13.9381,0.0,0.0,True,2022-02
2022-02-01,HON,skip,0.0,0,-7.2036,0.0,0.0,True,2022-02
2022-02-01,HUM,skip,0.0,0,10.6548,0.0,0.0,True,2022-02
2022-02-01,INTC,skip,0.0,0,-2.2941,0.0,0.0,True,2022-02
2022-02-01,INTU,skip,0.0,0,-14.4641,0.0,0.0,True,2022-02
2022-02-01,ISRG,skip,0.0,0,2.1641,0.0,0.0,True,2022-02
2022-02-01,ITW,skip,0.0,0,-7.5154,0.0,0.0,True,2022-02
2022-02-01,JNJ,buy_call,2.6445,6,-4.4808,-2.6445,-0.15867,True,2022-02
2022-02-01,JPM,skip,0.0,0,-4.0041,0.0,0.0,True,2022-02
2022-02-01,KLAC,skip,0.0,0,-10.4734,0.0,0.0,True,2022-02
2022-02-01,KO,buy_call,2.467,6,2.0161,-0.4509,-0.027054,True,2022-02
2022-02-01,LLY,skip,0.0,0,1.8583,0.0,0.0,True,2022-02
2022-02-01,LMT,buy_call,3.7494,6,11.4795,7.73,0.4638,True,2022-02
2022-02-01,LOW,skip,0.0,0,-6.5561,0.0,0.0,True,2022-02
2022-02-01,LRCX,skip,0.0,0,-4.843,0.0,0.0,True,2022-02
2022-02-01,MA,buy_call,3.6422,6,-6.4927,-3.6422,-0.218532,True,2022-02
2022-02-01,MDLZ,buy_call,3.2566,6,-2.3124,-3.2566,-0.195396,True,2022-02
2022-02-01,MDT,buy_call,2.237,6,1.4494,-0.7876,-0.047256,True,2022-02
2022-02-01,META,skip,0.0,0,-32.6342,0.0,0.0,True,2022-02
2022-02-01,MMM,skip,0.0,0,-10.4626,0.0,0.0,True,2022-02
2022-02-01,MRK,buy_call,4.0135,6,-6.0137,-4.0135,-0.24081,True,2022-02
2022-02-01,MS,buy_call,2.5015,6,-10.8911,-2.5015,-0.15009,True,2022-02
2022-02-01,MSFT,skip,0.0,0,-3.9199,0.0,0.0,True,2022-02
2022-02-01,MU,skip,0.0,0,8.0102,0.0,0.0,True,2022-02
2022-02-01,NEE,skip,0.0,0,0.192,0.0,0.0,True,2022-02
2022-02-01,NFLX,skip,0.0,0,-7.6368,0.0,0.0,True,2022-02
2022-02-01,NKE,skip,0.0,0,-7.7801,0.0,0.0,True,2022-02
2022-02-01,NOW,skip,0.0,0,-1.0004,0.0,0.0,True,2022-02
2022-02-01,NVDA,skip,0.0,0,-0.4125,0.0,0.0,True,2022-02
2022-02-01,ORCL,skip,0.0,0,-6.047,0.0,0.0,True,2022-02
2022-02-01,PEP,buy_call,3.2566,6,-5.6362,-3.2566,-0.195396,True,2022-02
2022-02-01,PFE,skip,0.0,0,-10.2355,0.0,0.0,True,2022-02
2022-02-01,PG,skip,0.0,0,-2.3174,0.0,0.0,True,2022-02
2022-02-01,PLD,skip,0.0,0,-6.9953,0.0,0.0,True,2022-02
2022-02-01,PM,buy_call,3.2566,6,-1.7307,-3.2566,-0.195396,True,2022-02
2022-02-01,PYPL,skip,0.0,0,-34.9017,0.0,0.0,True,2022-02
2022-02-01,QCOM,skip,0.0,0,-2.1449,0.0,0.0,True,2022-02
2022-02-01,REGN,skip,0.0,0,1.6053,0.0,0.0,True,2022-02
2022-02-01,RTX,buy_call,3.7494,6,13.8707,10.1213,0.607278,True,2022-02
2022-02-01,SBUX,skip,0.0,0,-6.6416,0.0,0.0,True,2022-02
2022-02-01,SCHW,buy_call,2.5015,6,-3.6944,-2.5015,-0.15009,True,2022-02
2022-02-01,SHW,skip,0.0,0,-8.1603,0.0,0.0,True,2022-02
2022-02-01,SO,buy_call,2.467,6,-6.7923,-2.467,-0.14802,True,2022-02
2022-02-01,SPGI,skip,0.0,0,-9.5178,0.0,0.0,True,2022-02
2022-02-01,SYK,skip,0.0,0,6.1681,0.0,0.0,True,2022-02
2022-02-01,T,buy_call,4.3004,6,-4.582,-4.3004,-0.258024,True,2022-02
2022-02-01,TGT,skip,0.0,0,-9.3726,0.0,0.0,True,2022-02
2022-02-01,TJX,skip,0.0,0,-8.1562,0.0,0.0,True,2022-02
2022-02-01,TMO,skip,0.0,0,-6.4166,0.0,0.0,True,2022-02
2022-02-01,TMUS,skip,0.0,0,13.9041,0.0,0.0,True,2022-02
2022-02-01,TSLA,skip,0.0,0,-7.0768,0.0,0.0,True,2022-02
2022-02-01,TXN,skip,0.0,0,-4.6656,0.0,0.0,True,2022-02
2022-02-01,UNH,skip,0.0,0,0.6983,0.0,0.0,True,2022-02
2022-02-01,UNP,skip,0.0,0,0.5725,0.0,0.0,True,2022-02
2022-02-01,UPS,skip,0.0,0,4.0601,0.0,0.0,True,2022-02
2022-02-01,V,buy_call,3.8336,6,-4.4436,-3.8336,-0.230016,True,2022-02
2022-02-01,VRTX,buy_call,3.0708,6,-5.361,-3.0708,-0.184248,True,2022-02
2022-02-01,VZ,buy_call,4.3004,6,2.0414,-2.2591,-0.135546,True,2022-02
2022-02-01,WFC,buy_call,3.3281,6,-0.7993,-3.3281,-0.199686,True,2022-02
2022-02-01,ZTS,skip,0.0,0,-2.9176,0.0,0.0,True,2022-02
2022-03-01,AAPL,skip,0.0,0,5.8821,0.0,0.0,True,2022-03
2022-03-01,ABBV,buy_call,2.8264,8,9.7043,6.8779,0.550232,True,2022-03
2022-03-01,ABT,skip,0.0,0,-1.8737,0.0,0.0,True,2022-03
2022-03-01,ACN,skip,0.0,0,6.7116,0.0,0.0,True,2022-03
2022-03-01,ADBE,skip,0.0,0,-2.5787,0.0,0.0,True,2022-03
2022-03-01,ADI,skip,0.0,0,3.5536,0.0,0.0,True,2022-03
2022-03-01,ADP,skip,0.0,0,11.2991,0.0,0.0,True,2022-03
2022-03-01,AMAT,skip,0.0,0,-1.6113,0.0,0.0,True,2022-03
2022-03-01,AMD,buy_call,5.3919,8,-11.3507,-5.3919,-0.431352,True,2022-03
2022-03-01,AMT,skip,0.0,0,10.733,0.0,0.0,True,2022-03
2022-03-01,AMZN,buy_call,3.8265,8,6.1437,2.3173,0.185384,True,2022-03
2022-03-01,AVGO,buy_call,4.1737,8,7.1905,3.0168,0.241344,True,2022-03
2022-03-01,AXP,buy_call,2.7116,8,-3.8758,-2.7116,-0.216928,True,2022-03
2022-03-01,BA,buy_call,3.0,8,-6.74,-3.0,-0.24,True,2022-03
2022-03-01,BAC,skip,0.0,0,-6.7421,0.0,0.0,True,2022-03
2022-03-01,BDX,buy_call,2.4594,8,-1.9463,-2.4594,-0.196752,True,2022-03
2022-03-01,BKNG,skip,0.0,0,8.1114,0.0,0.0,True,2022-03
2022-03-01,BLK,skip,0.0,0,2.7262,0.0,0.0,True,2022-03
2022-03-01,BMY,buy_call,2.8264,8,6.3492,3.5228,0.281824,True,2022-03
2022-03-01,BRK-B,buy_call,1.809,8,9.7869,7.9779,0.638232,True,2022-03
2022-03-01,C,skip,0.0,0,-9.1329,0.0,0.0,True,2022-03
2022-03-01,CAT,skip,0.0,0,18.7866,0.0,0.0,True,2022-03
2022-03-01,COST,buy_call,2.5784,8,11.0684,8.49,0.6792,True,2022-03
2022-03-01,CRM,skip,0.0,0,0.8502,0.0,0.0,True,2022-03
2022-03-01,CSCO,buy_call,3.0196,8,-0.0179,-3.0196,-0.241568,True,2022-03
2022-03-01,CVS,skip,0.0,0,-2.3541,0.0,0.0,True,2022-03
2022-03-01,CVX,buy_call,3.0632,8,14.2636,11.2004,0.896032,True,2022-03
2022-03-01,DE,skip,0.0,0,15.3992,0.0,0.0,True,2022-03
2022-03-01,DHR,skip,0.0,0,6.8948,0.0,0.0,True,2022-03
2022-03-01,DIS,buy_call,3.3259,8,-7.6115,-3.3259,-0.266072,True,2022-03
2022-03-01,DUK,skip,0.0,0,12.3158,0.0,0.0,True,2022-03
2022-03-01,EL,skip,0.0,0,-7.9139,0.0,0.0,True,2022-03
2022-03-01,ELV,buy_call,2.9729,8,8.7131,5.7402,0.459216,True,2022-03
2022-03-01,EQIX,skip,0.0,0,4.4933,0.0,0.0,True,2022-03
2022-03-01,F,skip,0.0,0,-3.7016,0.0,0.0,True,2022-03
2022-03-01,GILD,skip,0.0,0,-1.5729,0.0,0.0,True,2022-03
2022-03-01,GM,skip,0.0,0,-6.3784,0.0,0.0,True,2022-03
2022-03-01,GOOGL,skip,0.0,0,2.9695,0.0,0.0,True,2022-03
2022-03-01,GS,skip,0.0,0,-3.2788,0.0,0.0,True,2022-03
2022-03-01,HD,skip,0.0,0,-5.2243,0.0,0.0,True,2022-03
2022-03-01,HON,skip,0.0,0,3.1101,0.0,0.0,True,2022-03
2022-03-01,HUM,buy_call,2.9729,8,0.1957,-2.7772,-0.222176,True,2022-03
2022-03-01,INTC,skip,0.0,0,4.6908,0.0,0.0,True,2022-03
2022-03-01,INTU,skip,0.0,0,1.3639,0.0,0.0,True,2022-03
2022-03-01,ISRG,buy_call,2.4594,8,3.9093,1.45,0.116,True,2022-03
2022-03-01,ITW,skip,0.0,0,-3.2079,0.0,0.0,True,2022-03
2022-03-01,JNJ,skip,0.0,0,8.3841,0.0,0.0,True,2022-03
2022-03-01,JPM,skip,0.0,0,-3.8646,0.0,0.0,True,2022-03
2022-03-01,KLAC,skip,0.0,0,5.3225,0.0,0.0,True,2022-03
2022-03-01,KO,buy_call,1.9747,8,-0.3856,-1.9747,-0.157976,True,2022-03
2022-03-01,LLY,buy_call,3.5202,8,15.0492,11.529,0.92232,True,2022-03
2022-03-01,LMT,buy_call,3.2317,8,2.4525,-0.7792,-0.062336,True,2022-03
2022-03-01,LOW,skip,0.0,0,-8.5362,0.0,0.0,True,2022-03
2022-03-01,LRCX,skip,0.0,0,-4.2291,0.0,0.0,True,2022-03
2022-03-01,MA,skip,0.0,0,-0.9534,0.0,0.0,True,2022-03
2022-03-01,MDLZ,skip,0.0,0,-4.1234,0.0,0.0,True,2022-03
2022-03-01,MDT,buy_call,2.4594,8,5.6767,3.2173,0.257384,True,2022-03
2022-03-01,META,skip,0.0,0,5.3689,0.0,0.0,True,2022-03
2022-03-01,MMM,skip,0.0,0,1.1229,0.0,0.0,True,2022-03
2022-03-01,MRK,skip,0.0,0,7.1429,0.0,0.0,True,2022-03
2022-03-01,MS,skip,0.0,0,-3.6808,0.0,0.0,True,2022-03
2022-03-01,MSFT,skip,0.0,0,3.3995,0.0,0.0,True,2022-03
2022-03-01,MU,buy_call,5.3919,8,-12.3453,-5.3919,-0.431352,True,2022-03
2022-03-01,NEE,buy_call,1.9747,8,8.8274,6.8526,0.548208,True,2022-03
2022-03-01,NFLX,skip,0.0,0,-5.0517,0.0,0.0,True,2022-03
2022-03-01,NKE,skip,0.0,0,-1.4574,0.0,0.0,True,2022-03
2022-03-01,NOW,skip,0.0,0,-3.9712,0.0,0.0,True,2022-03
2022-03-01,NVDA,skip,0.0,0,11.8967,0.0,0.0,True,2022-03
2022-03-01,ORCL,skip,0.0,0,8.8982,0.0,0.0,True,2022-03
2022-03-01,PEP,skip,0.0,0,2.223,0.0,0.0,True,2022-03
2022-03-01,PFE,skip,0.0,0,10.2897,0.0,0.0,True,2022-03
2022-03-01,PG,skip,0.0,0,-1.9822,0.0,0.0,True,2022-03
2022-03-01,PLD,skip,0.0,0,10.7164,0.0,0.0,True,2022-03
2022-03-01,PM,skip,0.0,0,-7.0545,0.0,0.0,True,2022-03
2022-03-01,PYPL,skip,0.0,0,3.3235,0.0,0.0,True,2022-03
2022-03-01,QCOM,skip,0.0,0,-11.146,0.0,0.0,True,2022-03
2022-03-01,REGN,buy_call,2.8264,8,12.9472,10.1207,0.809656,True,2022-03
2022-03-01,RTX,buy_call,3.2317,8,-2.9982,-3.2317,-0.258536,True,2022-03
2022-03-01,SBUX,skip,0.0,0,-0.3908,0.0,0.0,True,2022-03
2022-03-01,SCHW,skip,0.0,0,0.0341,0.0,0.0,True,2022-03
2022-03-01,SHW,skip,0.0,0,-4.914,0.0,0.0,True,2022-03
2022-03-01,SO,skip,0.0,0,13.1021,0.0,0.0,True,2022-03
2022-03-01,SPGI,skip,0.0,0,9.3882,0.0,0.0,True,2022-03
2022-03-01,SYK,buy_call,2.4594,8,1.5189,-0.9405,-0.07524,True,2022-03
2022-03-01,T,skip,0.0,0,-0.2533,0.0,0.0,True,2022-03
2022-03-01,TGT,skip,0.0,0,6.6926,0.0,0.0,True,2022-03
2022-03-01,TJX,skip,0.0,0,-8.0115,0.0,0.0,True,2022-03
2022-03-01,TMO,skip,0.0,0,8.5754,0.0,0.0,True,2022-03
2022-03-01,TMUS,buy_call,3.1005,8,4.1718,1.0712,0.085696,True,2022-03
2022-03-01,TSLA,skip,0.0,0,23.8009,0.0,0.0,True,2022-03
2022-03-01,TXN,skip,0.0,0,7.9358,0.0,0.0,True,2022-03
2022-03-01,UNH,buy_call,2.9729,8,7.1658,4.1929,0.335432,True,2022-03
2022-03-01,UNP,buy_call,3.2317,8,11.6277,8.3959,0.671672,True,2022-03
2022-03-01,UPS,buy_call,3.0196,8,2.6605,-0.3591,-0.028728,True,2022-03
2022-03-01,V,skip,0.0,0,2.7812,0.0,0.0,True,2022-03
2022-03-01,VRTX,skip,0.0,0,13.4554,0.0,0.0,True,2022-03
2022-03-01,VZ,buy_call,3.1005,8,-5.0866,-3.1005,-0.24804,True,2022-03
2022-03-01,WFC,skip,0.0,0,-8.7922,0.0,0.0,True,2022-03
2022-03-01,ZTS,skip,0.0,0,-2.613,0.0,0.0,True,2022-03
2022-04-01,AAPL,buy_call,3.6312,1,-9.7131,-3.6312,-0.036312,False,2022-04
2022-04-01,ABBV,buy_call,3.3886,1,-9.3949,-3.3886,-0.033886,False,2022-04
2022-04-01,ABT,skip,0.0,0,-4.1061,0.0,0.0,False,2022-04
2022-04-01,ACN,buy_call,2.6793,1,-10.9332,-2.6793,-0.026793,False,2022-04
2022-04-01,ADBE,skip,0.0,0,-13.0964,0.0,0.0,False,2022-04
2022-04-01,ADI,buy_call,3.8302,1,-6.5383,-3.8302,-0.038302,False,2022-04
2022-04-01,ADP,buy_call,4.0831,1,-3.6356,-4.0831,-0.040831,False,2022-04
2022-04-01,AMAT,skip,0.0,0,-16.2747,0.0,0.0,False,2022-04
2022-04-01,AMD,skip,0.0,0,-21.7853,0.0,0.0,False,2022-04
2022-04-01,AMT,buy_call,4.0831,1,-4.0602,-4.0831,-0.040831,False,2022-04
2022-04-01,AMZN,buy_call,4.923,1,-23.7525,-4.923,-0.04923,False,2022-04
2022-04-01,AVGO,buy_call,3.8302,1,-11.3615,-3.8302,-0.038302,False,2022-04
2022-04-01,AXP,skip,0.0,0,-6.5722,0.0,0.0,False,2022-04
2022-04-01,BA,skip,0.0,0,-22.2768,0.0,0.0,False,2022-04
2022-04-01,BAC,skip,0.0,0,-13.0169,0.0,0.0,False,2022-04
2022-04-01,BDX,skip,0.0,0,-4.4346,0.0,0.0,False,2022-04
2022-04-01,BKNG,buy_call,3.0,1,-5.8822,-3.0,-0.03,False,2022-04
2022-04-01,BLK,buy_call,3.1107,1,-17.7095,-3.1107,-0.031107,False,2022-04
2022-04-01,BMY,buy_call,3.3886,1,3.8277,0.4392,0.004392,False,2022-04
2022-04-01,BRK-B,buy_call,2.0738,1,-8.5234,-2.0738,-0.020738,False,2022-04
2022-04-01,C,skip,0.0,0,-9.7191,0.0,0.0,False,2022-04
2022-04-01,CAT,buy_call,3.2317,1,-5.5112,-3.2317,-0.032317,False,2022-04
2022-04-01,COST,buy_call,2.4026,1,-7.6635,-2.4026,-0.024026,False,2022-04
2022-04-01,CRM,buy_call,3.9559,1,-17.1345,-3.9559,-0.039559,False,2022-04
2022-04-01,CSCO,skip,0.0,0,-12.1593,0.0,0.0,False,2022-04
2022-04-01,CVS,skip,0.0,0,-5.0193,0.0,0.0,False,2022-04
2022-04-01,CVX,buy_call,3.7327,1,-3.7831,-3.7327,-0.037327,False,2022-04
2022-04-01,DE,buy_call,3.2317,1,-8.8932,-3.2317,-0.032317,False,2022-04
2022-04-01,DHR,buy_call,2.7954,1,-14.3116,-2.7954,-0.027954,False,2022-04
2022-04-01,DIS,skip,0.0,0,-18.6133,0.0,0.0,False,2022-04
2022-04-01,DUK,buy_call,1.7598,1,-1.3434,-1.7598,-0.017598,False,2022-04
2022-04-01,EL,skip,0.0,0,-3.0332,0.0,0.0,False,2022-04
2022-04-01,ELV,buy_call,3.0575,1,2.4679,-0.5897,-0.005897,False,2022-04
2022-04-01,EQIX,buy_call,4.0831,1,-2.6205,-4.0831,-0.040831,False,2022-04
2022-04-01,F,skip,0.0,0,-16.2626,0.0,0.0,False,2022-04
2022-04-01,GILD,skip,0.0,0,1.0873,0.0,0.0,False,2022-04
2022-04-01,GM,skip,0.0,0,-13.3288,0.0,0.0,False,2022-04
2022-04-01,GOOGL,buy_call,3.8463,1,-17.9467,-3.8463,-0.038463,False,2022-04
2022-04-01,GS,skip,0.0,0,-6.9098,0.0,0.0,False,2022-04
2022-04-01,HD,skip,0.0,0,0.9631,0.0,0.0,False,2022-04
2022-04-01,HON,buy_call,4.0831,1,-0.5499,-4.0831,-0.040831,False,2022-04
2022-04-01,HUM,buy_call,3.0575,1,2.3415,-0.7161,-0.007161,False,2022-04
2022-04-01,INTC,buy_call,3.8302,1,-12.046,-3.8302,-0.038302,False,2022-04
2022-04-01,INTU,buy_call,3.6841,1,-12.9128,-3.6841,-0.036841,False,2022-04
2022-04-01,ISRG,buy_call,2.7954,1,-20.6775,-2.7954,-0.027954,False,2022-04
2022-04-01,ITW,skip,0.0,0,-5.3408,0.0,0.0,False,2022-04
2022-04-01,JNJ,buy_call,3.0091,1,1.8225,-1.1867,-0.011867,False,2022-04
2022-04-01,JPM,skip,0.0,0,-12.4413,0.0,0.0,False,2022-04
2022-04-01,KLAC,buy_call,3.8302,1,-12.7848,-3.8302,-0.038302,False,2022-04
2022-04-01,KO,skip,0.0,0,5.0074,0.0,0.0,False,2022-04
2022-04-01,LLY,buy_call,3.5853,1,2.0114,-1.5739,-0.015739,False,2022-04
2022-04-01,LMT,buy_call,3.2317,1,-2.1024,-3.2317,-0.032317,False,2022-04
2022-04-01,LOW,skip,0.0,0,-2.2059,0.0,0.0,False,2022-04
2022-04-01,LRCX,skip,0.0,0,-13.0867,0.0,0.0,False,2022-04
2022-04-01,MA,skip,0.0,0,1.6789,0.0,0.0,False,2022-04
2022-04-01,MDLZ,skip,0.0,0,3.2811,0.0,0.0,False,2022-04
2022-04-01,MDT,buy_call,2.7954,1,-5.3781,-2.7954,-0.027954,False,2022-04
2022-04-01,META,buy_call,4.3383,1,-9.8444,-4.3383,-0.043383,False,2022-04
2022-04-01,MMM,buy_call,4.0831,1,-3.13,-4.0831,-0.040831,False,2022-04
2022-04-01,MRK,buy_call,2.497,1,9.0541,6.5571,0.065571,False,2022-04
2022-04-01,MS,skip,0.0,0,-7.7918,0.0,0.0,False,2022-04
2022-04-01,MSFT,buy_call,3.8384,1,-9.9867,-3.8384,-0.038384,False,2022-04
2022-04-01,MU,skip,0.0,0,-12.4535,0.0,0.0,False,2022-04
2022-04-01,NEE,buy_call,1.7598,1,-16.161,-1.7598,-0.017598,False,2022-04
2022-04-01,NFLX,skip,0.0,0,-49.1818,0.0,0.0,False,2022-04
2022-04-01,NKE,skip,0.0,0,-7.1161,0.0,0.0,False,2022-04
2022-04-01,NOW,skip,0.0,0,-14.1482,0.0,0.0,False,2022-04
2022-04-01,NVDA,buy_call,7.2387,1,-32.0158,-7.2387,-0.072387,False,2022-04
2022-04-01,ORCL,buy_call,2.8719,1,-11.2776,-2.8719,-0.028719,False,2022-04
2022-04-01,PEP,buy_call,2.2497,1,3.2617,1.0119,0.010119,False,2022-04
2022-04-01,PFE,buy_call,3.3886,1,-5.2154,-3.3886,-0.033886,False,2022-04
2022-04-01,PG,skip,0.0,0,5.072,0.0,0.0,False,2022-04
2022-04-01,PLD,buy_call,4.0831,1,-0.227,-4.0831,-0.040831,False,2022-04
2022-04-01,PM,skip,0.0,0,7.891,0.0,0.0,False,2022-04
2022-04-01,PYPL,buy_call,3.6172,1,-23.9689,-3.6172,-0.036172,False,2022-04
2022-04-01,QCOM,skip,0.0,0,-8.2105,0.0,0.0,False,2022-04
2022-04-01,REGN,buy_call,3.3886,1,-5.6284,-3.3886,-0.033886,False,2022-04
2022-04-01,RTX,skip,0.0,0,-4.1991,0.0,0.0,False,2022-04
2022-04-01,SBUX,skip,0.0,0,-17.9509,0.0,0.0,False,2022-04
2022-04-01,SCHW,buy_call,3.1107,1,-21.326,-3.1107,-0.031107,False,2022-04
2022-04-01,SHW,skip,0.0,0,10.1514,0.0,0.0,False,2022-04
2022-04-01,SO,buy_call,1.7598,1,1.2136,-0.5462,-0.005462,False,2022-04
2022-04-01,SPGI,buy_call,3.1107,1,-8.211,-3.1107,-0.031107,False,2022-04
2022-04-01,SYK,buy_call,2.7954,1,-9.5284,-2.7954,-0.027954,False,2022-04
2022-04-01,T,skip,0.0,0,5.6735,0.0,0.0,False,2022-04
2022-04-01,TGT,buy_call,2.1824,1,7.742,5.5595,0.055595,False,2022-04
2022-04-01,TJX,skip,0.0,0,1.1555,0.0,0.0,False,2022-04
2022-04-01,TMO,buy_call,2.8279,1,-6.3354,-2.8279,-0.028279,False,2022-04
2022-04-01,TMUS,buy_call,2.904,1,-4.0592,-2.904,-0.02904,False,2022-04
2022-04-01,TSLA,buy_call,6.5599,1,-19.1945,-6.5599,-0.065599,False,2022-04
2022-04-01,TXN,buy_call,3.8302,1,-7.2106,-3.8302,-0.038302,False,2022-04
2022-04-01,UNH,buy_call,3.0575,1,0.0167,-3.0409,-0.030409,False,2022-04
2022-04-01,UNP,buy_call,3.2317,1,-14.2455,-3.2317,-0.032317,False,2022-04
2022-04-01,UPS,buy_call,4.0831,1,-16.0776,-4.0831,-0.040831,False,2022-04
2022-04-01,V,buy_call,4.0531,1,-3.8959,-4.0531,-0.040531,False,2022-04
2022-04-01,VRTX,buy_call,3.3886,1,4.694,1.3055,0.013055,False,2022-04
2022-04-01,VZ,skip,0.0,0,-9.1087,0.0,0.0,False,2022-04
2022-04-01,WFC,skip,0.0,0,-9.967,0.0,0.0,False,2022-04
2022-04-01,ZTS,skip,0.0,0,-6.013,0.0,0.0,False,2022-04
2022-05-01,AAPL,skip,0.0,0,-5.5884,0.0,0.0,True,2022-05
2022-05-01,ABBV,skip,0.0,0,1.1863,0.0,0.0,True,2022-05
2022-05-01,ABT,skip,0.0,0,3.9015,0.0,0.0,True,2022-05
2022-05-01,ACN,skip,0.0,0,-0.3367,0.0,0.0,True,2022-05
2022-05-01,ADBE,skip,0.0,0,5.185,0.0,0.0,True,2022-05
2022-05-01,ADI,skip,0.0,0,9.0815,0.0,0.0,True,2022-05
2022-05-01,ADP,skip,0.0,0,2.1817,0.0,0.0,True,2022-05
2022-05-01,AMAT,skip,0.0,0,6.2891,0.0,0.0,True,2022-05
2022-05-01,AMD,skip,0.0,0,19.1066,0.0,0.0,True,2022-05
2022-05-01,AMT,skip,0.0,0,6.8372,0.0,0.0,True,2022-05
2022-05-01,AMZN,skip,0.0,0,-3.2764,0.0,0.0,True,2022-05
2022-05-01,AVGO,skip,0.0,0,4.6429,0.0,0.0,True,2022-05
2022-05-01,AXP,skip,0.0,0,-3.097,0.0,0.0,True,2022-05
2022-05-01,BA,skip,0.0,0,-11.7173,0.0,0.0,True,2022-05
2022-05-01,BAC,skip,0.0,0,4.2601,0.0,0.0,True,2022-05
2022-05-01,BDX,skip,0.0,0,3.4832,0.0,0.0,True,2022-05
2022-05-01,BKNG,skip,0.0,0,1.5043,0.0,0.0,True,2022-05
2022-05-01,BLK,skip,0.0,0,7.1077,0.0,0.0,True,2022-05
2022-05-01,BMY,buy_call,4.1472,6,0.2392,-3.908,-0.23448,True,2022-05
2022-05-01,BRK-B,skip,0.0,0,-2.1219,0.0,0.0,True,2022-05
2022-05-01,C,skip,0.0,0,11.9274,0.0,0.0,True,2022-05
2022-05-01,CAT,skip,0.0,0,3.0138,0.0,0.0,True,2022-05
2022-05-01,COST,skip,0.0,0,-12.1758,0.0,0.0,True,2022-05
2022-05-01,CRM,skip,0.0,0,-8.9235,0.0,0.0,True,2022-05
2022-05-01,CSCO,skip,0.0,0,-7.3938,0.0,0.0,True,2022-05
2022-05-01,CVS,skip,0.0,0,1.1668,0.0,0.0,True,2022-05
2022-05-01,CVX,skip,0.0,0,11.4827,0.0,0.0,True,2022-05
2022-05-01,DE,skip,0.0,0,-5.2364,0.0,0.0,True,2022-05
2022-05-01,DHR,skip,0.0,0,5.0532,0.0,0.0,True,2022-05
2022-05-01,DIS,skip,0.0,0,-1.066,0.0,0.0,True,2022-05
2022-05-01,DUK,skip,0.0,0,2.1423,0.0,0.0,True,2022-05
2022-05-01,EL,skip,0.0,0,-3.5636,0.0,0.0,True,2022-05
2022-05-01,ELV,buy_call,2.9913,6,1.5301,-1.4612,-0.087672,True,2022-05
2022-05-01,EQIX,skip,0.0,0,-4.4487,0.0,0.0,True,2022-05
2022-05-01,F,skip,0.0,0,-2.7471,0.0,0.0,True,2022-05
2022-05-01,GILD,buy_call,4.1472,6,9.2855,5.1383,0.308298,True,2022-05
2022-05-01,GM,skip,0.0,0,2.0311,0.0,0.0,True,2022-05
2022-05-01,GOOGL,skip,0.0,0,-0.3045,0.0,0.0,True,2022-05
2022-05-01,GS,skip,0.0,0,6.9921,0.0,0.0,True,2022-05
2022-05-01,HD,buy_call,4.7689,6,0.7823,-3.9866,-0.239196,True,2022-05
2022-05-01,HON,skip,0.0,0,0.0569,0.0,0.0,True,2022-05
2022-05-01,HUM,buy_call,2.9913,6,2.1752,-0.8161,-0.048966,True,2022-05
2022-05-01,INTC,skip,0.0,0,1.9041,0.0,0.0,True,2022-05
2022-05-01,INTU,skip,0.0,0,-0.8883,0.0,0.0,True,2022-05
2022-05-01,ISRG,skip,0.0,0,-4.8725,0.0,0.0,True,2022-05
2022-05-01,ITW,skip,0.0,0,5.5603,0.0,0.0,True,2022-05
2022-05-01,JNJ,buy_call,3.0809,6,-0.5153,-3.0809,-0.184854,True,2022-05
2022-05-01,JPM,skip,0.0,0,11.6037,0.0,0.0,True,2022-05
2022-05-01,KLAC,skip,0.0,0,14.2799,0.0,0.0,True,2022-05
2022-05-01,KO,buy_call,2.4724,6,-1.9037,-2.4724,-0.148344,True,2022-05
2022-05-01,LLY,buy_call,3.4848,6,7.2947,3.8099,0.228594,True,2022-05
2022-05-01,LMT,skip,0.0,0,1.849,0.0,0.0,True,2022-05
2022-05-01,LOW,skip,0.0,0,-0.8293,0.0,0.0,True,2022-05
2022-05-01,LRCX,skip,0.0,0,11.6519,0.0,0.0,True,2022-05
2022-05-01,MA,buy_call,3.7503,6,-1.3797,-3.7503,-0.225018,True,2022-05
2022-05-01,MDLZ,buy_call,2.5851,6,-1.4268,-2.5851,-0.155106,True,2022-05
2022-05-01,MDT,skip,0.0,0,-4.0341,0.0,0.0,True,2022-05
2022-05-01,META,skip,0.0,0,-3.407,0.0,0.0,True,2022-05
2022-05-01,MMM,skip,0.0,0,3.5154,0.0,0.0,True,2022-05
2022-05-01,MRK,buy_call,2.5737,6,3.7659,1.1923,0.071538,True,2022-05
2022-05-01,MS,skip,0.0,0,7.8047,0.0,0.0,True,2022-05
2022-05-01,MSFT,skip,0.0,0,-2.0359,0.0,0.0,True,2022-05
2022-05-01,MU,skip,0.0,0,8.4337,0.0,0.0,True,2022-05
2022-05-01,NEE,skip,0.0,0,6.5756,0.0,0.0,True,2022-05
2022-05-01,NFLX,skip,0.0,0,3.7193,0.0,0.0,True,2022-05
2022-05-01,NKE,skip,0.0,0,-4.6913,0.0,0.0,True,2022-05
2022-05-01,NOW,skip,0.0,0,-2.2234,0.0,0.0,True,2022-05
2022-05-01,NVDA,skip,0.0,0,0.674,0.0,0.0,True,2022-05
2022-05-01,ORCL,skip,0.0,0,-1.6331,0.0,0.0,True,2022-05
2022-05-01,PEP,buy_call,2.5851,6,-2.3062,-2.5851,-0.155106,True,2022-05
2022-05-01,PFE,skip,0.0,0,8.0905,0.0,0.0,True,2022-05
2022-05-01,PG,buy_call,2.2001,6,-7.3749,-2.2001,-0.132006,True,2022-05
2022-05-01,PLD,skip,0.0,0,-20.4691,0.0,0.0,True,2022-05
2022-05-01,PM,buy_call,2.5851,6,6.25,3.665,0.2199,True,2022-05
2022-05-01,PYPL,skip,0.0,0,-3.0934,0.0,0.0,True,2022-05
2022-05-01,QCOM,skip,0.0,0,2.5271,0.0,0.0,True,2022-05
2022-05-01,REGN,skip,0.0,0,0.8542,0.0,0.0,True,2022-05
2022-05-01,RTX,skip,0.0,0,0.2213,0.0,0.0,True,2022-05
2022-05-01,SBUX,skip,0.0,0,5.1715,0.0,0.0,True,2022-05
2022-05-01,SCHW,skip,0.0,0,5.6837,0.0,0.0,True,2022-05
2022-05-01,SHW,buy_call,3.0233,6,-2.5167,-3.0233,-0.181398,True,2022-05
2022-05-01,SO,buy_call,2.4724,6,3.0931,0.6207,0.037242,True,2022-05
2022-05-01,SPGI,skip,0.0,0,-7.1766,0.0,0.0,True,2022-05
2022-05-01,SYK,skip,0.0,0,-2.802,0.0,0.0,True,2022-05
2022-05-01,T,buy_call,4.0755,6,14.512,10.4365,0.62619,True,2022-05
2022-05-01,TGT,buy_call,3.3301,6,-29.2018,-3.3301,-0.199806,True,2022-05
2022-05-01,TJX,buy_call,3.3301,6,3.737,0.4068,0.024408,True,2022-05
2022-05-01,TMO,skip,0.0,0,2.6495,0.0,0.0,True,2022-05
2022-05-01,TMUS,skip,0.0,0,8.2426,0.0,0.0,True,2022-05
2022-05-01,TSLA,skip,0.0,0,-12.9197,0.0,0.0,True,2022-05
2022-05-01,TXN,skip,0.0,0,3.8238,0.0,0.0,True,2022-05
2022-05-01,UNH,buy_call,2.9913,6,-2.3144,-2.9913,-0.179478,True,2022-05
2022-05-01,UNP,skip,0.0,0,-6.1932,0.0,0.0,True,2022-05
2022-05-01,UPS,skip,0.0,0,1.2613,0.0,0.0,True,2022-05
2022-05-01,V,skip,0.0,0,-0.4504,0.0,0.0,True,2022-05
2022-05-01,VRTX,buy_call,4.1472,6,-1.6726,-4.1472,-0.248832,True,2022-05
2022-05-01,VZ,skip,0.0,0,12.1264,0.0,0.0,True,2022-05
2022-05-01,WFC,skip,0.0,0,4.9049,0.0,0.0,True,2022-05
2022-05-01,ZTS,skip,0.0,0,-3.3968,0.0,0.0,True,2022-05
2022-06-01,AAPL,skip,0.0,0,-8.008,0.0,0.0,True,2022-06
2022-06-01,ABBV,buy_call,3.4936,4,3.9289,0.4353,0.017412,True,2022-06
2022-06-01,ABT,buy_call,2.0089,4,-7.5004,-2.0089,-0.080356,True,2022-06
2022-06-01,ACN,skip,0.0,0,-6.9724,0.0,0.0,True,2022-06
2022-06-01,ADBE,buy_call,2.8745,4,-12.1062,-2.8745,-0.11498,True,2022-06
2022-06-01,ADI,buy_call,5.1745,4,-12.8443,-5.1745,-0.20698,True,2022-06
2022-06-01,ADP,buy_call,3.3573,4,-5.7863,-3.3573,-0.134292,True,2022-06
2022-06-01,AMAT,buy_call,5.1745,4,-22.2419,-5.1745,-0.20698,True,2022-06
2022-06-01,AMD,buy_call,7.0334,4,-24.9264,-7.0334,-0.281336,True,2022-06
2022-06-01,AMT,buy_call,3.3573,4,-0.2108,-3.3573,-0.134292,True,2022-06
2022-06-01,AMZN,skip,0.0,0,-11.6459,0.0,0.0,True,2022-06
2022-06-01,AVGO,buy_call,5.1745,4,-16.2584,-5.1745,-0.20698,True,2022-06
2022-06-01,AXP,skip,0.0,0,-17.8889,0.0,0.0,True,2022-06
2022-06-01,BA,skip,0.0,0,4.0487,0.0,0.0,True,2022-06
2022-06-01,BAC,buy_call,4.9582,4,-16.3172,-4.9582,-0.198328,True,2022-06
2022-06-01,BDX,buy_call,2.0089,4,-3.6239,-2.0089,-0.080356,True,2022-06
2022-06-01,BKNG,buy_call,3.0,4,-22.044,-3.0,-0.12,True,2022-06
2022-06-01,BLK,buy_call,4.8232,4,-8.9735,-4.8232,-0.192928,True,2022-06
2022-06-01,BMY,buy_call,3.4936,4,2.0543,-1.4393,-0.057572,True,2022-06
2022-06-01,BRK-B,skip,0.0,0,-13.5958,0.0,0.0,True,2022-06
2022-06-01,C,buy_call,3.0,4,-13.8925,-3.0,-0.12,True,2022-06
2022-06-01,CAT,buy_call,4.3606,4,-17.1832,-4.3606,-0.174424,True,2022-06
2022-06-01,COST,skip,0.0,0,2.8013,0.0,0.0,True,2022-06
2022-06-01,CRM,skip,0.0,0,2.9955,0.0,0.0,True,2022-06
2022-06-01,CSCO,skip,0.0,0,-5.3496,0.0,0.0,True,2022-06
2022-06-01,CVS,buy_call,3.1041,4,-4.2274,-3.1041,-0.124164,True,2022-06
2022-06-01,CVX,buy_call,3.7435,4,-16.4256,-3.7435,-0.14974,True,2022-06
2022-06-01,DE,skip,0.0,0,-16.2977,0.0,0.0,True,2022-06
2022-06-01,DHR,buy_call,2.0089,4,-3.9042,-2.0089,-0.080356,True,2022-06
2022-06-01,DIS,skip,0.0,0,-14.5237,0.0,0.0,True,2022-06
2022-06-01,DUK,buy_call,3.046,4,-3.8576,-3.046,-0.12184,True,2022-06
2022-06-01,EL,skip,0.0,0,0.2581,0.0,0.0,True,2022-06
2022-06-01,ELV,buy_call,3.1041,4,-5.3041,-3.1041,-0.124164,True,2022-06
2022-06-01,EQIX,skip,0.0,0,-3.9157,0.0,0.0,True,2022-06
2022-06-01,F,skip,0.0,0,-18.6403,0.0,0.0,True,2022-06
2022-06-01,GILD,buy_call,3.4936,4,-4.6877,-3.4936,-0.139744,True,2022-06
2022-06-01,GM,buy_call,4.3606,4,-17.8904,-4.3606,-0.174424,True,2022-06
2022-06-01,GOOGL,skip,0.0,0,-4.2185,0.0,0.0,True,2022-06
2022-06-01,GS,buy_call,4.8232,4,-8.57,-4.8232,-0.192928,True,2022-06
2022-06-01,HD,buy_call,3.8904,4,-9.4071,-3.8904,-0.155616,True,2022-06
2022-06-01,HON,buy_call,3.3573,4,-9.7709,-3.3573,-0.134292,True,2022-06
2022-06-01,HUM,buy_call,3.1041,4,3.0469,-0.0572,-0.002288,True,2022-06
2022-06-01,INTC,buy_call,5.1745,4,-15.1154,-5.1745,-0.20698,True,2022-06
2022-06-01,INTU,skip,0.0,0,-7.0019,0.0,0.0,True,2022-06
2022-06-01,ISRG,skip,0.0,0,-11.8301,0.0,0.0,True,2022-06
2022-06-01,ITW,buy_call,3.3573,4,-12.4093,-3.3573,-0.134292,True,2022-06
2022-06-01,JNJ,skip,0.0,0,-0.4898,0.0,0.0,True,2022-06
2022-06-01,JPM,buy_call,4.8232,4,-14.8378,-4.8232,-0.192928,True,2022-06
2022-06-01,KLAC,buy_call,5.1745,4,-12.2529,-5.1745,-0.20698,True,2022-06
2022-06-01,KO,skip,0.0,0,-0.7416,0.0,0.0,True,2022-06
2022-06-01,LLY,buy_call,2.2617,4,3.791,1.5293,0.061172,True,2022-06
2022-06-01,LMT,buy_call,4.3606,4,-1.6954,-4.3606,-0.174424,True,2022-06
2022-06-01,LOW,skip,0.0,0,-10.5632,0.0,0.0,True,2022-06
2022-06-01,LRCX,buy_call,5.1745,4,-18.0528,-5.1745,-0.20698,True,2022-06
2022-06-01,MA,skip,0.0,0,-11.8451,0.0,0.0,True,2022-06
2022-06-01,MDLZ,skip,0.0,0,-2.3128,0.0,0.0,True,2022-06
2022-06-01,MDT,skip,0.0,0,-10.3844,0.0,0.0,True,2022-06
2022-06-01,META,skip,0.0,0,-16.7269,0.0,0.0,True,2022-06
2022-06-01,MMM,buy_call,3.3573,4,-12.4403,-3.3573,-0.134292,True,2022-06
2022-06-01,MRK,buy_call,3.3162,4,-0.9345,-3.3162,-0.132648,True,2022-06
2022-06-01,MS,buy_call,4.8232,4,-11.7019,-4.8232,-0.192928,True,2022-06
2022-06-01,MSFT,skip,0.0,0,-5.312,0.0,0.0,True,2022-06
2022-06-01,MU,buy_call,7.0334,4,-25.1354,-7.0334,-0.281336,True,2022-06
2022-06-01,NEE,buy_call,3.046,4,2.9214,-0.1246,-0.004984,True,2022-06
2022-06-01,NFLX,buy_call,7.5102,4,-11.4313,-7.5102,-0.300408,True,2022-06
2022-06-01,NKE,skip,0.0,0,-14.0093,0.0,0.0,True,2022-06
2022-06-01,NOW,skip,0.0,0,1.722,0.0,0.0,True,2022-06
2022-06-01,NVDA,buy_call,7.0334,4,-18.8143,-7.0334,-0.281336,True,2022-06
2022-06-01,ORCL,skip,0.0,0,-2.8504,0.0,0.0,True,2022-06
2022-06-01,PEP,skip,0.0,0,-0.6498,0.0,0.0,True,2022-06
2022-06-01,PFE,buy_call,3.4936,4,-0.344,-3.4936,-0.139744,True,2022-06
2022-06-01,PG,skip,0.0,0,-2.7657,0.0,0.0,True,2022-06
2022-06-01,PLD,skip,0.0,0,-7.711,0.0,0.0,True,2022-06
2022-06-01,PM,buy_call,3.1101,4,-7.0683,-3.1101,-0.124404,True,2022-06
2022-06-01,PYPL,skip,0.0,0,-18.0378,0.0,0.0,True,2022-06
2022-06-01,QCOM,buy_call,5.9179,4,-10.8086,-5.9179,-0.236716,True,2022-06
2022-06-01,REGN,buy_call,3.4936,4,-11.0735,-3.4936,-0.139744,True,2022-06
2022-06-01,RTX,buy_call,4.3606,4,1.6445,-2.7161,-0.108644,True,2022-06
2022-06-01,SBUX,buy_call,3.046,4,-2.0025,-3.046,-0.12184,True,2022-06
2022-06-01,SCHW,buy_call,4.8232,4,-9.5939,-4.8232,-0.192928,True,2022-06
2022-06-01,SHW,skip,0.0,0,-16.2705,0.0,0.0,True,2022-06
2022-06-01,SO,buy_call,3.046,4,-4.8763,-3.046,-0.12184,True,2022-06
2022-06-01,SPGI,skip,0.0,0,-3.3175,0.0,0.0,True,2022-06
2022-06-01,SYK,skip,0.0,0,-15.1684,0.0,0.0,True,2022-06
2022-06-01,T,buy_call,3.6,4,-1.55,-3.6,-0.144,True,2022-06
2022-06-01,TGT,skip,0.0,0,-12.3967,0.0,0.0,True,2022-06
2022-06-01,TJX,buy_call,2.6229,4,-11.6805,-2.6229,-0.104916,True,2022-06
2022-06-01,TMO,buy_call,2.8279,4,-4.2796,-2.8279,-0.113116,True,2022-06
2022-06-01,TMUS,buy_call,3.6,4,0.9378,-2.6622,-0.106488,True,2022-06
2022-06-01,TSLA,skip,0.0,0,-11.1888,0.0,0.0,True,2022-06
2022-06-01,TXN,buy_call,5.1745,4,-12.4832,-5.1745,-0.20698,True,2022-06
2022-06-01,UNH,skip,0.0,0,3.3918,0.0,0.0,True,2022-06
2022-06-01,UNP,skip,0.0,0,-2.384,0.0,0.0,True,2022-06
2022-06-01,UPS,buy_call,3.3573,4,1.0186,-2.3387,-0.093548,True,2022-06
2022-06-01,V,skip,0.0,0,-7.0245,0.0,0.0,True,2022-06
2022-06-01,VRTX,skip,0.0,0,4.8911,0.0,0.0,True,2022-06
2022-06-01,VZ,buy_call,3.6,4,-1.0528,-3.6,-0.144,True,2022-06
2022-06-01,WFC,buy_call,5.0136,4,-13.9521,-5.0136,-0.200544,True,2022-06
2022-06-01,ZTS,skip,0.0,0,0.5617,0.0,0.0,True,2022-06
2022-07-01,AAPL,skip,0.0,0,18.8634,0.0,0.0,True,2022-07
2022-07-01,ABBV,buy_call,4.4404,36,-6.3006,-4.4404,-1.598544,True,2022-07
2022-07-01,ABT,skip,0.0,0,0.1749,0.0,0.0,True,2022-07
2022-07-01,ACN,skip,0.0,0,10.3044,0.0,0.0,True,2022-07
2022-07-01,ADBE,skip,0.0,0,12.0363,0.0,0.0,True,2022-07
2022-07-01,ADI,skip,0.0,0,17.7083,0.0,0.0,True,2022-07
2022-07-01,ADP,skip,0.0,0,15.3425,0.0,0.0,True,2022-07
2022-07-01,AMAT,skip,0.0,0,16.4871,0.0,0.0,True,2022-07
2022-07-01,AMD,skip,0.0,0,23.5386,0.0,0.0,True,2022-07
2022-07-01,AMT,skip,0.0,0,6.5941,0.0,0.0,True,2022-07
2022-07-01,AMZN,skip,0.0,0,27.0596,0.0,0.0,True,2022-07
2022-07-01,AVGO,skip,0.0,0,11.138,0.0,0.0,True,2022-07
2022-07-01,AXP,skip,0.0,0,11.5253,0.0,0.0,True,2022-07
2022-07-01,BA,buy_call,3.0,36,16.5228,13.5228,4.868208,True,2022-07
2022-07-01,BAC,skip,0.0,0,9.2346,0.0,0.0,True,2022-07
2022-07-01,BDX,skip,0.0,0,-0.5651,0.0,0.0,True,2022-07
2022-07-01,BKNG,skip,0.0,0,10.6747,0.0,0.0,True,2022-07
2022-07-01,BLK,skip,0.0,0,10.6612,0.0,0.0,True,2022-07
2022-07-01,BMY,buy_call,4.4404,36,-3.5162,-4.4404,-1.598544,True,2022-07
2022-07-01,BRK-B,skip,0.0,0,10.1018,0.0,0.0,True,2022-07
2022-07-01,C,skip,0.0,0,12.8506,0.0,0.0,True,2022-07
2022-07-01,CAT,skip,0.0,0,10.9029,0.0,0.0,True,2022-07
2022-07-01,COST,buy_call,3.1151,36,12.9402,9.8251,3.537036,True,2022-07
2022-07-01,CRM,buy_call,4.7694,36,11.5002,6.7308,2.423088,True,2022-07
2022-07-01,CSCO,skip,0.0,0,6.4025,0.0,0.0,True,2022-07
2022-07-01,CVS,skip,0.0,0,3.2592,0.0,0.0,True,2022-07
2022-07-01,CVX,skip,0.0,0,13.1233,0.0,0.0,True,2022-07
2022-07-01,DE,skip,0.0,0,15.0162,0.0,0.0,True,2022-07
2022-07-01,DHR,skip,0.0,0,15.0862,0.0,0.0,True,2022-07
2022-07-01,DIS,skip,0.0,0,12.3941,0.0,0.0,True,2022-07
2022-07-01,DUK,skip,0.0,0,2.5371,0.0,0.0,True,2022-07
2022-07-01,EL,buy_call,3.0,36,7.2368,4.2368,1.525248,True,2022-07
2022-07-01,ELV,skip,0.0,0,-0.881,0.0,0.0,True,2022-07
2022-07-01,EQIX,skip,0.0,0,7.1109,0.0,0.0,True,2022-07
2022-07-01,F,skip,0.0,0,31.9856,0.0,0.0,True,2022-07
2022-07-01,GILD,skip,0.0,0,-2.1249,0.0,0.0,True,2022-07
2022-07-01,GM,skip,0.0,0,14.1688,0.0,0.0,True,2022-07
2022-07-01,GOOGL,skip,0.0,0,6.7518,0.0,0.0,True,2022-07
2022-07-01,GS,skip,0.0,0,12.245,0.0,0.0,True,2022-07
2022-07-01,HD,skip,0.0,0,10.4169,0.0,0.0,True,2022-07
2022-07-01,HON,skip,0.0,0,10.7301,0.0,0.0,True,2022-07
2022-07-01,HUM,buy_call,2.9833,36,3.1519,0.1686,0.060696,True,2022-07
2022-07-01,INTC,skip,0.0,0,-2.9404,0.0,0.0,True,2022-07
2022-07-01,INTU,skip,0.0,0,18.3504,0.0,0.0,True,2022-07
2022-07-01,ISRG,skip,0.0,0,14.6779,0.0,0.0,True,2022-07
2022-07-01,ITW,skip,0.0,0,14.7624,0.0,0.0,True,2022-07
2022-07-01,JNJ,skip,0.0,0,-1.6844,0.0,0.0,True,2022-07
2022-07-01,JPM,skip,0.0,0,2.4421,0.0,0.0,True,2022-07
2022-07-01,KLAC,skip,0.0,0,20.2018,0.0,0.0,True,2022-07
2022-07-01,KO,skip,0.0,0,2.7398,0.0,0.0,True,2022-07
2022-07-01,LLY,buy_call,3.9146,36,1.684,-2.2306,-0.803016,True,2022-07
2022-07-01,LMT,skip,0.0,0,-3.7562,0.0,0.0,True,2022-07
2022-07-01,LOW,skip,0.0,0,9.6525,0.0,0.0,True,2022-07
2022-07-01,LRCX,skip,0.0,0,17.8446,0.0,0.0,True,2022-07
2022-07-01,MA,skip,0.0,0,12.1434,0.0,0.0,True,2022-07
2022-07-01,MDLZ,skip,0.0,0,3.7288,0.0,0.0,True,2022-07
2022-07-01,MDT,skip,0.0,0,3.8778,0.0,0.0,True,2022-07
2022-07-01,META,skip,0.0,0,-1.3333,0.0,0.0,True,2022-07
2022-07-01,MMM,skip,0.0,0,10.687,0.0,0.0,True,2022-07
2022-07-01,MRK,skip,0.0,0,-1.2053,0.0,0.0,True,2022-07
2022-07-01,MS,skip,0.0,0,10.8336,0.0,0.0,True,2022-07
2022-07-01,MSFT,skip,0.0,0,9.3096,0.0,0.0,True,2022-07
2022-07-01,MU,skip,0.0,0,11.903,0.0,0.0,True,2022-07
2022-07-01,NEE,buy_call,2.9171,36,9.0757,6.1586,2.217096,True,2022-07
2022-07-01,NFLX,skip,0.0,0,28.6098,0.0,0.0,True,2022-07
2022-07-01,NKE,skip,0.0,0,12.7248,0.0,0.0,True,2022-07
2022-07-01,NOW,buy_call,7.0143,36,-6.0691,-7.0143,-2.525148,True,2022-07
2022-07-01,NVDA,skip,0.0,0,19.842,0.0,0.0,True,2022-07
2022-07-01,ORCL,skip,0.0,0,11.4069,0.0,0.0,True,2022-07
2022-07-01,PEP,skip,0.0,0,5.7104,0.0,0.0,True,2022-07
2022-07-01,PFE,skip,0.0,0,-3.662,0.0,0.0,True,2022-07
2022-07-01,PG,skip,0.0,0,-3.3938,0.0,0.0,True,2022-07
2022-07-01,PLD,skip,0.0,0,13.4833,0.0,0.0,True,2022-07
2022-07-01,PM,skip,0.0,0,-0.3757,0.0,0.0,True,2022-07
2022-07-01,PYPL,skip,0.0,0,23.8975,0.0,0.0,True,2022-07
2022-07-01,QCOM,skip,0.0,0,14.1566,0.0,0.0,True,2022-07
2022-07-01,REGN,skip,0.0,0,-1.597,0.0,0.0,True,2022-07
2022-07-01,RTX,buy_call,4.9813,36,-3.0174,-4.9813,-1.793268,True,2022-07
2022-07-01,SBUX,skip,0.0,0,10.9831,0.0,0.0,True,2022-07
2022-07-01,SCHW,skip,0.0,0,9.2909,0.0,0.0,True,2022-07
2022-07-01,SHW,skip,0.0,0,8.0524,0.0,0.0,True,2022-07
2022-07-01,SO,skip,0.0,0,7.825,0.0,0.0,True,2022-07
2022-07-01,SPGI,skip,0.0,0,11.8287,0.0,0.0,True,2022-07
2022-07-01,SYK,skip,0.0,0,8.3332,0.0,0.0,True,2022-07
2022-07-01,T,skip,0.0,0,-10.4008,0.0,0.0,True,2022-07
2022-07-01,TGT,skip,0.0,0,15.6836,0.0,0.0,True,2022-07
2022-07-01,TJX,skip,0.0,0,9.5076,0.0,0.0,True,2022-07
2022-07-01,TMO,skip,0.0,0,10.2122,0.0,0.0,True,2022-07
2022-07-01,TMUS,buy_call,3.8601,36,6.3327,2.4726,0.890136,True,2022-07
2022-07-01,TSLA,skip,0.0,0,32.3765,0.0,0.0,True,2022-07
2022-07-01,TXN,skip,0.0,0,16.427,0.0,0.0,True,2022-07
2022-07-01,UNH,buy_call,2.9833,36,5.9662,2.9829,1.073844,True,2022-07
2022-07-01,UNP,skip,0.0,0,6.5735,0.0,0.0,True,2022-07
2022-07-01,UPS,buy_call,3.6919,36,6.7656,3.0737,1.106532,True,2022-07
2022-07-01,V,skip,0.0,0,7.7302,0.0,0.0,True,2022-07
2022-07-01,VRTX,buy_call,4.4404,36,-0.4897,-4.4404,-1.598544,True,2022-07
2022-07-01,VZ,skip,0.0,0,-8.9852,0.0,0.0,True,2022-07
2022-07-01,WFC,skip,0.0,0,11.999,0.0,0.0,True,2022-07
2022-07-01,ZTS,buy_call,4.4404,36,6.2016,1.7612,0.634032,True,2022-07
2022-08-01,AAPL,buy_call,2.8168,2,-3.2552,-2.8168,-0.056336,True,2022-08
2022-08-01,ABBV,skip,0.0,0,-5.4298,0.0,0.0,True,2022-08
2022-08-01,ABT,buy_call,2.378,2,-5.268,-2.378,-0.04756,True,2022-08
2022-08-01,ACN,buy_call,3.4106,2,-5.4771,-3.4106,-0.068212,True,2022-08
2022-08-01,ADBE,buy_call,2.7432,2,-8.9437,-2.7432,-0.054864,True,2022-08
2022-08-01,ADI,buy_call,4.098,2,-11.8807,-4.098,-0.08196,True,2022-08
2022-08-01,ADP,buy_call,2.7609,2,1.3645,-1.3964,-0.027928,True,2022-08
2022-08-01,AMAT,buy_call,4.098,2,-11.238,-4.098,-0.08196,True,2022-08
2022-08-01,AMD,buy_call,6.7375,2,-10.162,-6.7375,-0.13475,True,2022-08
2022-08-01,AMT,buy_call,2.7609,2,-6.1958,-2.7609,-0.055218,True,2022-08
2022-08-01,AMZN,buy_call,3.8735,2,-6.0615,-3.8735,-0.07747,True,2022-08
2022-08-01,AVGO,buy_call,4.098,2,-6.792,-4.098,-0.08196,True,2022-08
2022-08-01,AXP,buy_call,2.7116,2,-1.3116,-2.7116,-0.054232,True,2022-08
2022-08-01,BA,buy_call,3.0,2,0.59,-2.41,-0.0482,True,2022-08
2022-08-01,BAC,buy_call,2.9024,2,-0.5915,-2.9024,-0.058048,True,2022-08
2022-08-01,BDX,skip,0.0,0,3.3195,0.0,0.0,True,2022-08
2022-08-01,BKNG,buy_call,3.0,2,-3.0935,-3.0,-0.06,True,2022-08
2022-08-01,BLK,buy_call,2.7012,2,-0.4169,-2.7012,-0.054024,True,2022-08
2022-08-01,BMY,skip,0.0,0,-8.6338,0.0,0.0,True,2022-08
2022-08-01,BRK-B,buy_call,2.0554,2,-6.5868,-2.0554,-0.041108,True,2022-08
2022-08-01,C,buy_call,3.0,2,-5.0264,-3.0,-0.06,True,2022-08
2022-08-01,CAT,buy_call,4.1889,2,-6.1808,-4.1889,-0.083778,True,2022-08
2022-08-01,COST,buy_call,2.4952,2,-3.3805,-2.4952,-0.049904,True,2022-08
2022-08-01,CRM,buy_call,4.1948,2,-15.1614,-4.1948,-0.083896,True,2022-08
2022-08-01,CSCO,buy_call,2.7609,2,-0.5455,-2.7609,-0.055218,True,2022-08
2022-08-01,CVS,buy_call,3.1297,2,3.1779,0.0482,0.000964,True,2022-08
2022-08-01,CVX,buy_call,3.52,2,-3.4925,-3.52,-0.0704,True,2022-08
2022-08-01,DE,buy_call,4.1889,2,6.431,2.2421,0.044842,True,2022-08
2022-08-01,DHR,buy_call,2.378,2,-7.397,-2.378,-0.04756,True,2022-08
2022-08-01,DIS,buy_call,4.474,2,5.6362,1.1622,0.023244,True,2022-08
2022-08-01,DUK,buy_call,2.0238,2,-2.7472,-2.0238,-0.040476,True,2022-08
2022-08-01,EL,buy_call,3.0,2,-6.8546,-3.0,-0.06,True,2022-08
2022-08-01,ELV,skip,0.0,0,1.6789,0.0,0.0,True,2022-08
2022-08-01,EQIX,buy_call,2.7609,2,-6.5891,-2.7609,-0.055218,True,2022-08
2022-08-01,F,buy_call,4.1889,2,3.744,-0.4448,-0.008896,True,2022-08
2022-08-01,GILD,skip,0.0,0,6.226,0.0,0.0,True,2022-08
2022-08-01,GM,buy_call,4.1889,2,5.3778,1.189,0.02378,True,2022-08
2022-08-01,GOOGL,buy_call,3.0384,2,-6.9635,-3.0384,-0.060768,True,2022-08
2022-08-01,GS,buy_call,2.7012,2,-0.216,-2.7012,-0.054024,True,2022-08
2022-08-01,HD,buy_call,3.583,2,-4.1603,-3.583,-0.07166,True,2022-08
2022-08-01,HON,buy_call,2.7609,2,-1.6159,-2.7609,-0.055218,True,2022-08
2022-08-01,HUM,buy_call,3.1297,2,-0.0457,-3.1297,-0.062594,True,2022-08
2022-08-01,INTC,skip,0.0,0,-12.0903,0.0,0.0,True,2022-08
2022-08-01,INTU,buy_call,4.7966,2,-5.1898,-4.7966,-0.095932,True,2022-08
2022-08-01,ISRG,buy_call,2.378,2,-10.6139,-2.378,-0.04756,True,2022-08
2022-08-01,ITW,buy_call,2.7609,2,-6.2235,-2.7609,-0.055218,True,2022-08
2022-08-01,JNJ,skip,0.0,0,-7.5521,0.0,0.0,True,2022-08
2022-08-01,JPM,buy_call,2.7012,2,-0.5409,-2.7012,-0.054024,True,2022-08
2022-08-01,KLAC,buy_call,4.098,2,-10.2753,-4.098,-0.08196,True,2022-08
2022-08-01,KO,buy_call,2.0238,2,-3.8336,-2.0238,-0.040476,True,2022-08
2022-08-01,LLY,buy_call,3.481,2,-8.6323,-3.481,-0.06962,True,2022-08
2022-08-01,LMT,skip,0.0,0,1.5225,0.0,0.0,True,2022-08
2022-08-01,LOW,buy_call,3.583,2,1.9388,-1.6442,-0.032884,True,2022-08
2022-08-01,LRCX,buy_call,4.098,2,-12.5072,-4.098,-0.08196,True,2022-08
2022-08-01,MA,buy_call,2.7116,2,-8.1751,-2.7116,-0.054232,True,2022-08
2022-08-01,MDLZ,buy_call,2.2426,2,-3.4041,-2.2426,-0.044852,True,2022-08
2022-08-01,MDT,buy_call,2.378,2,-4.9719,-2.378,-0.04756,True,2022-08
2022-08-01,META,skip,0.0,0,2.4073,0.0,0.0,True,2022-08
2022-08-01,MMM,buy_call,2.7609,2,-13.1877,-2.7609,-0.055218,True,2022-08
2022-08-01,MRK,skip,0.0,0,-4.4549,0.0,0.0,True,2022-08
2022-08-01,MS,buy_call,2.7012,2,2.0499,-0.6513,-0.013026,True,2022-08
2022-08-01,MSFT,buy_call,2.7432,2,-6.864,-2.7432,-0.054864,True,2022-08
2022-08-01,MU,buy_call,6.7375,2,-8.4373,-6.7375,-0.13475,True,2022-08
2022-08-01,NEE,buy_call,2.0238,2,0.6747,-1.3492,-0.026984,True,2022-08
2022-08-01,NFLX,buy_call,5.4349,2,-0.5958,-5.4349,-0.108698,True,2022-08
2022-08-01,NKE,buy_call,3.5526,2,-7.3704,-3.5526,-0.071052,True,2022-08
2022-08-01,NOW,skip,0.0,0,-2.6956,0.0,0.0,True,2022-08
2022-08-01,NVDA,buy_call,6.7375,2,-16.897,-6.7375,-0.13475,True,2022-08
2022-08-01,ORCL,buy_call,2.2738,2,-4.3145,-2.2738,-0.045476,True,2022-08
2022-08-01,PEP,buy_call,2.2426,2,-1.5375,-2.2426,-0.044852,True,2022-08
2022-08-01,PFE,skip,0.0,0,-9.7585,0.0,0.0,True,2022-08
2022-08-01,PG,skip,0.0,0,-0.0537,0.0,0.0,True,2022-08
2022-08-01,PLD,buy_call,2.7609,2,-6.0727,-2.7609,-0.055218,True,2022-08
2022-08-01,PM,skip,0.0,0,-1.7087,0.0,0.0,True,2022-08
2022-08-01,PYPL,buy_call,2.7116,2,7.9857,5.274,0.10548,True,2022-08
2022-08-01,QCOM,buy_call,4.216,2,-8.817,-4.216,-0.08432,True,2022-08
2022-08-01,REGN,skip,0.0,0,-0.1083,0.0,0.0,True,2022-08
2022-08-01,RTX,skip,0.0,0,-3.712,0.0,0.0,True,2022-08
2022-08-01,SBUX,buy_call,2.0238,2,-0.8375,-2.0238,-0.040476,True,2022-08
2022-08-01,SCHW,buy_call,2.7012,2,2.7516,0.0504,0.001008,True,2022-08
2022-08-01,SHW,buy_call,2.7609,2,-4.0671,-2.7609,-0.055218,True,2022-08
2022-08-01,SO,buy_call,2.0238,2,0.2341,-1.7897,-0.035794,True,2022-08
2022-08-01,SPGI,buy_call,2.7012,2,-6.5662,-2.7012,-0.054024,True,2022-08
2022-08-01,SYK,buy_call,2.378,2,-4.447,-2.378,-0.04756,True,2022-08
2022-08-01,T,skip,0.0,0,-5.3588,0.0,0.0,True,2022-08
2022-08-01,TGT,buy_call,3.7238,2,-1.8607,-3.7238,-0.074476,True,2022-08
2022-08-01,TJX,buy_call,3.7238,2,1.9457,-1.7781,-0.035562,True,2022-08
2022-08-01,TMO,buy_call,2.8279,2,-8.8718,-2.8279,-0.056558,True,2022-08
2022-08-01,TMUS,buy_call,3.5263,2,0.6291,-2.8972,-0.057944,True,2022-08
2022-08-01,TSLA,buy_call,6.2313,2,-7.2489,-6.2313,-0.124626,True,2022-08
2022-08-01,TXN,buy_call,4.098,2,-7.0389,-4.098,-0.08196,True,2022-08
2022-08-01,UNH,buy_call,3.1297,2,-4.2428,-3.1297,-0.062594,True,2022-08
2022-08-01,UNP,buy_call,4.1889,2,-1.2275,-4.1889,-0.083778,True,2022-08
2022-08-01,UPS,buy_call,2.7609,2,-0.195,-2.7609,-0.055218,True,2022-08
2022-08-01,V,buy_call,3.6959,2,-6.3175,-3.6959,-0.073918,True,2022-08
2022-08-01,VRTX,skip,0.0,0,0.4814,0.0,0.0,True,2022-08
2022-08-01,VZ,skip,0.0,0,-8.3438,0.0,0.0,True,2022-08
2022-08-01,WFC,buy_call,2.8507,2,-0.3647,-2.8507,-0.057014,True,2022-08
2022-08-01,ZTS,buy_call,3.5246,2,-14.0963,-3.5246,-0.070492,True,2022-08
2022-09-01,AAPL,skip,0.0,0,-11.9756,0.0,0.0,True,2022-09
2022-09-01,ABBV,skip,0.0,0,-0.1859,0.0,0.0,True,2022-09
2022-09-01,ABT,skip,0.0,0,-5.7379,0.0,0.0,True,2022-09
2022-09-01,ACN,skip,0.0,0,-10.8022,0.0,0.0,True,2022-09
2022-09-01,ADBE,skip,0.0,0,-26.3068,0.0,0.0,True,2022-09
2022-09-01,ADI,skip,0.0,0,-7.602,0.0,0.0,True,2022-09
2022-09-01,ADP,buy_call,2.64,22,-7.4547,-2.64,-0.5808,True,2022-09
2022-09-01,AMAT,skip,0.0,0,-12.6825,0.0,0.0,True,2022-09
2022-09-01,AMD,skip,0.0,0,-25.3446,0.0,0.0,True,2022-09
2022-09-01,AMT,skip,0.0,0,-15.4891,0.0,0.0,True,2022-09
2022-09-01,AMZN,skip,0.0,0,-10.8622,0.0,0.0,True,2022-09
2022-09-01,AVGO,skip,0.0,0,-11.0396,0.0,0.0,True,2022-09
2022-09-01,AXP,skip,0.0,0,-11.2434,0.0,0.0,True,2022-09
2022-09-01,BA,buy_call,3.0,22,-24.4431,-3.0,-0.66,True,2022-09
2022-09-01,BAC,skip,0.0,0,-10.1458,0.0,0.0,True,2022-09
2022-09-01,BDX,buy_call,2.1475,22,-11.7225,-2.1475,-0.47245,True,2022-09
2022-09-01,BKNG,skip,0.0,0,-12.4,0.0,0.0,True,2022-09
2022-09-01,BLK,skip,0.0,0,-17.4237,0.0,0.0,True,2022-09
2022-09-01,BMY,skip,0.0,0,5.4591,0.0,0.0,True,2022-09
2022-09-01,BRK-B,skip,0.0,0,-4.9074,0.0,0.0,True,2022-09
2022-09-01,C,skip,0.0,0,-14.6281,0.0,0.0,True,2022-09
2022-09-01,CAT,skip,0.0,0,-11.1689,0.0,0.0,True,2022-09
2022-09-01,COST,skip,0.0,0,-9.5441,0.0,0.0,True,2022-09
2022-09-01,CRM,skip,0.0,0,-7.8657,0.0,0.0,True,2022-09
2022-09-01,CSCO,skip,0.0,0,-10.5545,0.0,0.0,True,2022-09
2022-09-01,CVS,buy_call,2.1553,22,-2.8324,-2.1553,-0.474166,True,2022-09
2022-09-01,CVX,skip,0.0,0,-8.2783,0.0,0.0,True,2022-09
2022-09-01,DE,buy_call,4.6269,22,-8.5859,-4.6269,-1.017918,True,2022-09
2022-09-01,DHR,skip,0.0,0,-4.3051,0.0,0.0,True,2022-09
2022-09-01,DIS,buy_call,3.6074,22,-15.8369,-3.6074,-0.793628,True,2022-09
2022-09-01,DUK,skip,0.0,0,-12.1904,0.0,0.0,True,2022-09
2022-09-01,EL,skip,0.0,0,-14.9305,0.0,0.0,True,2022-09
2022-09-01,ELV,buy_call,2.1553,22,-6.3635,-2.1553,-0.474166,True,2022-09
2022-09-01,EQIX,skip,0.0,0,-13.0904,0.0,0.0,True,2022-09
2022-09-01,F,buy_call,4.6269,22,-25.7762,-4.6269,-1.017918,True,2022-09
2022-09-01,GILD,buy_call,2.2567,22,-2.8045,-2.2567,-0.496474,True,2022-09
2022-09-01,GM,buy_call,4.6269,22,-15.825,-4.6269,-1.017918,True,2022-09
2022-09-01,GOOGL,skip,0.0,0,-11.6152,0.0,0.0,True,2022-09
2022-09-01,GS,skip,0.0,0,-11.2446,0.0,0.0,True,2022-09
2022-09-01,HD,skip,0.0,0,-3.7028,0.0,0.0,True,2022-09
2022-09-01,HON,skip,0.0,0,-11.379,0.0,0.0,True,2022-09
2022-09-01,HUM,skip,0.0,0,0.7078,0.0,0.0,True,2022-09
2022-09-01,INTC,skip,0.0,0,-18.4519,0.0,0.0,True,2022-09
2022-09-01,INTU,skip,0.0,0,-10.2969,0.0,0.0,True,2022-09
2022-09-01,ISRG,skip,0.0,0,-8.8947,0.0,0.0,True,2022-09
2022-09-01,ITW,skip,0.0,0,-7.2781,0.0,0.0,True,2022-09
2022-09-01,JNJ,skip,0.0,0,1.9323,0.0,0.0,True,2022-09
2022-09-01,JPM,skip,0.0,0,-8.1157,0.0,0.0,True,2022-09
2022-09-01,KLAC,skip,0.0,0,-11.7516,0.0,0.0,True,2022-09
2022-09-01,KO,skip,0.0,0,-9.2206,0.0,0.0,True,2022-09
2022-09-01,LLY,skip,0.0,0,7.6937,0.0,0.0,True,2022-09
2022-09-01,LMT,buy_call,4.6269,22,-7.4406,-4.6269,-1.017918,True,2022-09
2022-09-01,LOW,buy_call,2.9811,22,-3.2605,-2.9811,-0.655842,True,2022-09
2022-09-01,LRCX,skip,0.0,0,-16.4212,0.0,0.0,True,2022-09
2022-09-01,MA,skip,0.0,0,-12.3408,0.0,0.0,True,2022-09
2022-09-01,MDLZ,skip,0.0,0,-11.3644,0.0,0.0,True,2022-09
2022-09-01,MDT,skip,0.0,0,-8.1551,0.0,0.0,True,2022-09
2022-09-01,META,buy_call,5.1326,22,-16.725,-5.1326,-1.129172,True,2022-09
2022-09-01,MMM,skip,0.0,0,-10.226,0.0,0.0,True,2022-09
2022-09-01,MRK,skip,0.0,0,0.8904,0.0,0.0,True,2022-09
2022-09-01,MS,buy_call,2.2704,22,-7.287,-2.2704,-0.499488,True,2022-09
2022-09-01,MSFT,skip,0.0,0,-10.7376,0.0,0.0,True,2022-09
2022-09-01,MU,skip,0.0,0,-11.3745,0.0,0.0,True,2022-09
2022-09-01,NEE,buy_call,2.5062,22,-7.371,-2.5062,-0.551364,True,2022-09
2022-09-01,NFLX,skip,0.0,0,5.314,0.0,0.0,True,2022-09
2022-09-01,NKE,skip,0.0,0,-21.9164,0.0,0.0,True,2022-09
2022-09-01,NOW,skip,0.0,0,-13.1172,0.0,0.0,True,2022-09
2022-09-01,NVDA,skip,0.0,0,-19.5773,0.0,0.0,True,2022-09
2022-09-01,ORCL,skip,0.0,0,-17.6399,0.0,0.0,True,2022-09
2022-09-01,PEP,skip,0.0,0,-5.2302,0.0,0.0,True,2022-09
2022-09-01,PFE,skip,0.0,0,-3.2501,0.0,0.0,True,2022-09
2022-09-01,PG,skip,0.0,0,-8.4747,0.0,0.0,True,2022-09
2022-09-01,PLD,skip,0.0,0,-18.4001,0.0,0.0,True,2022-09
2022-09-01,PM,skip,0.0,0,-13.0694,0.0,0.0,True,2022-09
2022-09-01,PYPL,buy_call,2.7423,22,-7.8874,-2.7423,-0.603306,True,2022-09
2022-09-01,QCOM,skip,0.0,0,-14.1045,0.0,0.0,True,2022-09
2022-09-01,REGN,skip,0.0,0,18.554,0.0,0.0,True,2022-09
2022-09-01,RTX,skip,0.0,0,-8.2599,0.0,0.0,True,2022-09
2022-09-01,SBUX,skip,0.0,0,0.7971,0.0,0.0,True,2022-09
2022-09-01,SCHW,buy_call,2.2704,22,1.6163,-0.6541,-0.143902,True,2022-09
2022-09-01,SHW,skip,0.0,0,-11.5727,0.0,0.0,True,2022-09
2022-09-01,SO,buy_call,2.5062,22,-10.9916,-2.5062,-0.551364,True,2022-09
2022-09-01,SPGI,skip,0.0,0,-13.1006,0.0,0.0,True,2022-09
2022-09-01,SYK,skip,0.0,0,-1.2963,0.0,0.0,True,2022-09
2022-09-01,T,skip,0.0,0,-12.5427,0.0,0.0,True,2022-09
2022-09-01,TGT,skip,0.0,0,-6.8728,0.0,0.0,True,2022-09
2022-09-01,TJX,buy_call,2.4748,22,0.1021,-2.3727,-0.521994,True,2022-09
2022-09-01,TMO,skip,0.0,0,-6.9922,0.0,0.0,True,2022-09
2022-09-01,TMUS,buy_call,4.0844,22,-6.8005,-4.0844,-0.898568,True,2022-09
2022-09-01,TSLA,skip,0.0,0,-3.7589,0.0,0.0,True,2022-09
2022-09-01,TXN,skip,0.0,0,-6.3132,0.0,0.0,True,2022-09
2022-09-01,UNH,skip,0.0,0,-2.7516,0.0,0.0,True,2022-09
2022-09-01,UNP,skip,0.0,0,-12.7362,0.0,0.0,True,2022-09
2022-09-01,UPS,skip,0.0,0,-16.3282,0.0,0.0,True,2022-09
2022-09-01,V,skip,0.0,0,-10.44,0.0,0.0,True,2022-09
2022-09-01,VRTX,buy_call,2.2567,22,2.7612,0.5045,0.11099,True,2022-09
2022-09-01,VZ,skip,0.0,0,-9.1844,0.0,0.0,True,2022-09
2022-09-01,WFC,skip,0.0,0,-7.3512,0.0,0.0,True,2022-09
2022-09-01,ZTS,skip,0.0,0,-5.2642,0.0,0.0,True,2022-09
2022-10-01,AAPL,skip,0.0,0,10.9551,0.0,0.0,True,2022-10
2022-10-01,ABBV,skip,0.0,0,9.0828,0.0,0.0,True,2022-10
2022-10-01,ABT,skip,0.0,0,2.253,0.0,0.0,True,2022-10
2022-10-01,ACN,skip,0.0,0,10.3381,0.0,0.0,True,2022-10
2022-10-01,ADBE,skip,0.0,0,15.734,0.0,0.0,True,2022-10
2022-10-01,ADI,skip,0.0,0,2.3539,0.0,0.0,True,2022-10
2022-10-01,ADP,skip,0.0,0,7.3188,0.0,0.0,True,2022-10
2022-10-01,AMAT,skip,0.0,0,7.7627,0.0,0.0,True,2022-10
2022-10-01,AMD,skip,0.0,0,-5.2083,0.0,0.0,True,2022-10
2022-10-01,AMT,skip,0.0,0,-3.4979,0.0,0.0,True,2022-10
2022-10-01,AMZN,skip,0.0,0,-9.3451,0.0,0.0,True,2022-10
2022-10-01,AVGO,skip,0.0,0,6.7683,0.0,0.0,True,2022-10
2022-10-01,AXP,skip,0.0,0,10.0363,0.0,0.0,True,2022-10
2022-10-01,BA,skip,0.0,0,17.699,0.0,0.0,True,2022-10
2022-10-01,BAC,skip,0.0,0,20.124,0.0,0.0,True,2022-10
2022-10-01,BDX,skip,0.0,0,6.2538,0.0,0.0,True,2022-10
2022-10-01,BKNG,skip,0.0,0,13.77,0.0,0.0,True,2022-10
2022-10-01,BLK,skip,0.0,0,18.2554,0.0,0.0,True,2022-10
2022-10-01,BMY,buy_call,2.877,126,8.9746,6.0975,7.68285,True,2022-10
2022-10-01,BRK-B,skip,0.0,0,10.5123,0.0,0.0,True,2022-10
2022-10-01,C,skip,0.0,0,10.0552,0.0,0.0,True,2022-10
2022-10-01,CAT,skip,0.0,0,31.9235,0.0,0.0,True,2022-10
2022-10-01,COST,skip,0.0,0,6.1893,0.0,0.0,True,2022-10
2022-10-01,CRM,skip,0.0,0,13.0353,0.0,0.0,True,2022-10
2022-10-01,CSCO,skip,0.0,0,13.575,0.0,0.0,True,2022-10
2022-10-01,CVS,skip,0.0,0,-0.7025,0.0,0.0,True,2022-10
2022-10-01,CVX,skip,0.0,0,25.9136,0.0,0.0,True,2022-10
2022-10-01,DE,skip,0.0,0,18.9365,0.0,0.0,True,2022-10
2022-10-01,DHR,skip,0.0,0,-2.4714,0.0,0.0,True,2022-10
2022-10-01,DIS,skip,0.0,0,12.9439,0.0,0.0,True,2022-10
2022-10-01,DUK,skip,0.0,0,0.172,0.0,0.0,True,2022-10
2022-10-01,EL,skip,0.0,0,-7.1376,0.0,0.0,True,2022-10
2022-10-01,ELV,skip,0.0,0,20.6888,0.0,0.0,True,2022-10
2022-10-01,EQIX,skip,0.0,0,-0.4219,0.0,0.0,True,2022-10
2022-10-01,F,skip,0.0,0,19.375,0.0,0.0,True,2022-10
2022-10-01,GILD,skip,0.0,0,28.6267,0.0,0.0,True,2022-10
2022-10-01,GM,skip,0.0,0,22.3122,0.0,0.0,True,2022-10
2022-10-01,GOOGL,skip,0.0,0,-1.1919,0.0,0.0,True,2022-10
2022-10-01,GS,skip,0.0,0,17.5601,0.0,0.0,True,2022-10
2022-10-01,HD,skip,0.0,0,7.3168,0.0,0.0,True,2022-10
2022-10-01,HON,skip,0.0,0,22.1896,0.0,0.0,True,2022-10
2022-10-01,HUM,buy_call,2.3345,126,15.2068,12.8723,16.219098,True,2022-10
2022-10-01,INTC,skip,0.0,0,10.3221,0.0,0.0,True,2022-10
2022-10-01,INTU,skip,0.0,0,10.3738,0.0,0.0,True,2022-10
2022-10-01,ISRG,skip,0.0,0,31.4927,0.0,0.0,True,2022-10
2022-10-01,ITW,skip,0.0,0,19.0283,0.0,0.0,True,2022-10
2022-10-01,JNJ,buy_call,2.6384,126,6.4948,3.8564,4.859064,True,2022-10
2022-10-01,JPM,skip,0.0,0,20.4593,0.0,0.0,True,2022-10
2022-10-01,KLAC,skip,0.0,0,4.5666,0.0,0.0,True,2022-10
2022-10-01,KO,skip,0.0,0,7.6158,0.0,0.0,True,2022-10
2022-10-01,LLY,buy_call,3.5792,126,11.9808,8.4016,10.586016,True,2022-10
2022-10-01,LMT,skip,0.0,0,25.9882,0.0,0.0,True,2022-10
2022-10-01,LOW,skip,0.0,0,3.8017,0.0,0.0,True,2022-10
2022-10-01,LRCX,skip,0.0,0,11.0238,0.0,0.0,True,2022-10
2022-10-01,MA,skip,0.0,0,15.4182,0.0,0.0,True,2022-10
2022-10-01,MDLZ,skip,0.0,0,12.8758,0.0,0.0,True,2022-10
2022-10-01,MDT,skip,0.0,0,9.0258,0.0,0.0,True,2022-10
2022-10-01,META,skip,0.0,0,-31.3384,0.0,0.0,True,2022-10
2022-10-01,MMM,skip,0.0,0,13.8371,0.0,0.0,True,2022-10
2022-10-01,MRK,buy_call,2.5506,126,18.4578,15.9072,20.043072,True,2022-10
2022-10-01,MS,skip,0.0,0,3.9995,0.0,0.0,True,2022-10
2022-10-01,MSFT,skip,0.0,0,-0.3306,0.0,0.0,True,2022-10
2022-10-01,MU,skip,0.0,0,7.984,0.0,0.0,True,2022-10
2022-10-01,NEE,skip,0.0,0,-1.1606,0.0,0.0,True,2022-10
2022-10-01,NFLX,buy_call,4.9952,126,23.9721,18.9769,23.910894,True,2022-10
2022-10-01,NKE,skip,0.0,0,11.8217,0.0,0.0,True,2022-10
2022-10-01,NOW,skip,0.0,0,11.4218,0.0,0.0,True,2022-10
2022-10-01,NVDA,skip,0.0,0,11.2201,0.0,0.0,True,2022-10
2022-10-01,ORCL,skip,0.0,0,27.8369,0.0,0.0,True,2022-10
2022-10-01,PEP,skip,0.0,0,11.9688,0.0,0.0,True,2022-10
2022-10-01,PFE,skip,0.0,0,6.3757,0.0,0.0,True,2022-10
2022-10-01,PG,skip,0.0,0,6.6693,0.0,0.0,True,2022-10
2022-10-01,PLD,skip,0.0,0,9.6988,0.0,0.0,True,2022-10
2022-10-01,PM,skip,0.0,0,12.23,0.0,0.0,True,2022-10
2022-10-01,PYPL,skip,0.0,0,-2.893,0.0,0.0,True,2022-10
2022-10-01,QCOM,skip,0.0,0,4.1423,0.0,0.0,True,2022-10
2022-10-01,REGN,buy_call,2.877,126,8.6925,5.8154,7.327404,True,2022-10
2022-10-01,RTX,skip,0.0,0,15.8319,0.0,0.0,True,2022-10
2022-10-01,SBUX,buy_call,2.3098,126,2.7652,0.4555,0.57393,True,2022-10
2022-10-01,SCHW,buy_call,2.7026,126,10.8529,8.1503,10.269378,True,2022-10
2022-10-01,SHW,skip,0.0,0,9.9048,0.0,0.0,True,2022-10
2022-10-01,SO,skip,0.0,0,-3.7059,0.0,0.0,True,2022-10
2022-10-01,SPGI,skip,0.0,0,5.2071,0.0,0.0,True,2022-10
2022-10-01,SYK,skip,0.0,0,13.5661,0.0,0.0,True,2022-10
2022-10-01,T,skip,0.0,0,18.8396,0.0,0.0,True,2022-10
2022-10-01,TGT,skip,0.0,0,10.6881,0.0,0.0,True,2022-10
2022-10-01,TJX,buy_call,3.0124,126,16.0657,13.0532,16.447032,True,2022-10
2022-10-01,TMO,skip,0.0,0,1.3911,0.0,0.0,True,2022-10
2022-10-01,TMUS,skip,0.0,0,12.9611,0.0,0.0,True,2022-10
2022-10-01,TSLA,skip,0.0,0,-14.2168,0.0,0.0,True,2022-10
2022-10-01,TXN,skip,0.0,0,3.7796,0.0,0.0,True,2022-10
2022-10-01,UNH,skip,0.0,0,10.2669,0.0,0.0,True,2022-10
2022-10-01,UNP,skip,0.0,0,1.1908,0.0,0.0,True,2022-10
2022-10-01,UPS,skip,0.0,0,3.8566,0.0,0.0,True,2022-10
2022-10-01,V,skip,0.0,0,16.6113,0.0,0.0,True,2022-10
2022-10-01,VRTX,buy_call,2.877,126,7.7571,4.8801,6.148926,True,2022-10
2022-10-01,VZ,skip,0.0,0,-1.5802,0.0,0.0,True,2022-10
2022-10-01,WFC,skip,0.0,0,14.3461,0.0,0.0,True,2022-10
2022-10-01,ZTS,skip,0.0,0,1.6791,0.0,0.0,True,2022-10
2022-11-01,AAPL,buy_call,3.5046,1,-3.4629,-3.5046,-0.035046,False,2022-11
2022-11-01,ABBV,buy_call,2.0655,1,11.2159,9.1504,0.091504,False,2022-11
2022-11-01,ABT,buy_call,1.4757,1,9.2456,7.7699,0.077699,False,2022-11
2022-11-01,ACN,buy_call,3.0847,1,6.47,3.3853,0.033853,False,2022-11
2022-11-01,ADBE,buy_call,2.9931,1,8.2983,5.3052,0.053052,False,2022-11
2022-11-01,ADI,buy_call,3.7288,1,20.5371,16.8083,0.168083,False,2022-11
2022-11-01,ADP,buy_call,2.246,1,9.2842,7.0382,0.070382,False,2022-11
2022-11-01,AMAT,buy_call,3.7288,1,24.1364,20.4075,0.204075,False,2022-11
2022-11-01,AMD,skip,0.0,0,29.2541,0.0,0.0,False,2022-11
2022-11-01,AMT,skip,0.0,0,7.5647,0.0,0.0,False,2022-11
2022-11-01,AMZN,skip,0.0,0,-5.7595,0.0,0.0,False,2022-11
2022-11-01,AVGO,buy_call,3.7288,1,17.2105,13.4817,0.134817,False,2022-11
2022-11-01,AXP,buy_call,2.8207,1,6.5622,3.7414,0.037414,False,2022-11
2022-11-01,BA,buy_call,3.0,1,25.521,22.521,0.22521,False,2022-11
2022-11-01,BAC,buy_call,3.3695,1,5.0222,1.6527,0.016527,False,2022-11
2022-11-01,BDX,buy_call,1.4757,1,5.666,4.1903,0.041903,False,2022-11
2022-11-01,BKNG,buy_call,3.0,1,11.2315,8.2315,0.082315,False,2022-11
2022-11-01,BLK,buy_call,2.5724,1,10.8514,8.279,0.08279,False,2022-11
2022-11-01,BMY,buy_call,2.0655,1,4.4164,2.3508,0.023508,False,2022-11
2022-11-01,BRK-B,buy_call,2.4715,1,7.9671,5.4956,0.054956,False,2022-11
2022-11-01,C,buy_call,3.0,1,5.5604,2.5604,0.025604,False,2022-11
2022-11-01,CAT,buy_call,3.5407,1,9.9473,6.4066,0.064066,False,2022-11
2022-11-01,COST,buy_call,3.1734,1,7.7215,4.5481,0.045481,False,2022-11
2022-11-01,CRM,buy_call,5.6217,1,-1.4392,-5.6217,-0.056217,False,2022-11
2022-11-01,CSCO,buy_call,2.246,1,10.4597,8.2137,0.082137,False,2022-11
2022-11-01,CVS,skip,0.0,0,8.2313,0.0,0.0,False,2022-11
2022-11-01,CVX,buy_call,2.9973,1,1.3322,-1.6651,-0.016651,False,2022-11
2022-11-01,DE,buy_call,3.5407,1,11.4143,7.8736,0.078736,False,2022-11
2022-11-01,DHR,skip,0.0,0,8.6383,0.0,0.0,False,2022-11
2022-11-01,DIS,buy_call,3.8374,1,-8.1378,-3.8374,-0.038374,False,2022-11
2022-11-01,DUK,buy_call,2.3598,1,7.244,4.8842,0.048842,False,2022-11
2022-11-01,EL,skip,0.0,0,17.6068,0.0,0.0,False,2022-11
2022-11-01,ELV,buy_call,2.0777,1,-2.5331,-2.0777,-0.020777,False,2022-11
2022-11-01,EQIX,skip,0.0,0,21.9282,0.0,0.0,False,2022-11
2022-11-01,F,buy_call,3.5407,1,3.9641,0.4234,0.004234,False,2022-11
2022-11-01,GILD,buy_call,2.0655,1,11.9424,9.8769,0.098769,False,2022-11
2022-11-01,GM,buy_call,3.5407,1,3.3376,-0.2031,-0.002031,False,2022-11
2022-11-01,GOOGL,skip,0.0,0,6.8564,0.0,0.0,False,2022-11
2022-11-01,GS,buy_call,2.5724,1,12.0867,9.5143,0.095143,False,2022-11
2022-11-01,HD,buy_call,3.6743,1,9.408,5.7338,0.057338,False,2022-11
2022-11-01,HON,buy_call,2.246,1,7.612,5.366,0.05366,False,2022-11
2022-11-01,HUM,buy_call,2.0777,1,-1.4657,-2.0777,-0.020777,False,2022-11
2022-11-01,INTC,buy_call,3.7288,1,5.7686,2.0397,0.020397,False,2022-11
2022-11-01,INTU,buy_call,4.9009,1,-4.4771,-4.9009,-0.049009,False,2022-11
2022-11-01,ISRG,buy_call,1.4757,1,9.705,8.2294,0.082294,False,2022-11
2022-11-01,ITW,buy_call,2.246,1,6.5284,4.2824,0.042824,False,2022-11
2022-11-01,JNJ,buy_call,1.1267,1,2.3165,1.1898,0.011898,False,2022-11
2022-11-01,JPM,buy_call,2.5724,1,10.7533,8.1809,0.081809,False,2022-11
2022-11-01,KLAC,buy_call,3.7288,1,24.2376,20.5088,0.205088,False,2022-11
2022-11-01,KO,buy_call,2.3598,1,6.2824,3.9226,0.039226,False,2022-11
2022-11-01,LLY,buy_call,3.5202,1,2.4828,-1.0373,-0.010373,False,2022-11
2022-11-01,LMT,buy_call,3.5407,1,-0.3062,-3.5407,-0.035407,False,2022-11
2022-11-01,LOW,buy_call,3.6743,1,9.621,5.9467,0.059467,False,2022-11
2022-11-01,LRCX,buy_call,3.7288,1,16.7004,12.9716,0.129716,False,2022-11
2022-11-01,MA,buy_call,2.8207,1,8.7741,5.9534,0.059534,False,2022-11
2022-11-01,MDLZ,buy_call,2.3903,1,9.9707,7.5804,0.075804,False,2022-11
2022-11-01,MDT,buy_call,1.4757,1,-9.5031,-1.4757,-0.014757,False,2022-11
2022-11-01,META,skip,0.0,0,26.7711,0.0,0.0,False,2022-11
2022-11-01,MMM,buy_call,2.246,1,0.1431,-2.1029,-0.021029,False,2022-11
2022-11-01,MRK,buy_call,2.4896,1,8.8142,6.3246,0.063246,False,2022-11
2022-11-01,MS,buy_call,2.5724,1,14.3636,11.7912,0.117912,False,2022-11
2022-11-01,MSFT,skip,0.0,0,9.9126,0.0,0.0,False,2022-11
2022-11-01,MU,buy_call,5.459,1,6.7867,1.3277,0.013277,False,2022-11
2022-11-01,NEE,skip,0.0,0,9.2903,0.0,0.0,False,2022-11
2022-11-01,NFLX,buy_call,4.859,1,4.6766,-0.1824,-0.001824,False,2022-11
2022-11-01,NKE,buy_call,5.6593,1,18.3535,12.6942,0.126942,False,2022-11
2022-11-01,NOW,buy_call,5.2935,1,-1.0553,-5.2935,-0.052935,False,2022-11
2022-11-01,NVDA,buy_call,5.459,1,25.3834,19.9244,0.199244,False,2022-11
2022-11-01,ORCL,buy_call,3.3174,1,6.9,3.5826,0.035826,False,2022-11
2022-11-01,PEP,buy_call,2.3903,1,2.1643,-0.226,-0.00226,False,2022-11
2022-11-01,PFE,buy_call,2.0655,1,7.6907,5.6251,0.056251,False,2022-11
2022-11-01,PG,buy_call,2.0112,1,11.5457,9.5345,0.095345,False,2022-11
2022-11-01,PLD,buy_call,2.246,1,6.3567,4.1107,0.041107,False,2022-11
2022-11-01,PM,buy_call,2.3903,1,8.5139,6.1235,0.061235,False,2022-11
2022-11-01,PYPL,skip,0.0,0,-6.1857,0.0,0.0,False,2022-11
2022-11-01,QCOM,buy_call,4.8877,1,7.5047,2.6169,0.026169,False,2022-11
2022-11-01,REGN,buy_call,2.0655,1,0.394,-1.6715,-0.016715,False,2022-11
2022-11-01,RTX,buy_call,3.5407,1,4.113,0.5724,0.005724,False,2022-11
2022-11-01,SBUX,buy_call,2.3598,1,18.0275,15.6677,0.156677,False,2022-11
2022-11-01,SCHW,buy_call,2.5724,1,3.6024,1.03,0.0103,False,2022-11
2022-11-01,SHW,buy_call,2.246,1,10.7319,8.4859,0.084859,False,2022-11
2022-11-01,SO,skip,0.0,0,3.2987,0.0,0.0,False,2022-11
2022-11-01,SPGI,buy_call,2.5724,1,9.821,7.2486,0.072486,False,2022-11
2022-11-01,SYK,buy_call,1.4757,1,2.0284,0.5528,0.005528,False,2022-11
2022-11-01,T,buy_call,2.6704,1,7.6382,4.9678,0.049678,False,2022-11
2022-11-01,TGT,buy_call,1.8996,1,1.7169,-0.1827,-0.001827,False,2022-11
2022-11-01,TJX,buy_call,1.8996,1,11.0264,9.1268,0.091268,False,2022-11
2022-11-01,TMO,buy_call,2.5399,1,8.9986,6.4587,0.064587,False,2022-11
2022-11-01,TMUS,buy_call,2.6704,1,-0.066,-2.6704,-0.026704,False,2022-11
2022-11-01,TSLA,skip,0.0,0,-14.4326,0.0,0.0,False,2022-11
2022-11-01,TXN,buy_call,3.7288,1,13.2409,9.5121,0.095121,False,2022-11
2022-11-01,UNH,buy_call,2.0777,1,-1.3312,-2.0777,-0.020777,False,2022-11
2022-11-01,UNP,buy_call,3.5407,1,10.2922,6.7515,0.067515,False,2022-11
2022-11-01,UPS,buy_call,2.246,1,13.0893,10.8433,0.108433,False,2022-11
2022-11-01,V,buy_call,2.7095,1,4.75,2.0405,0.020405,False,2022-11
2022-11-01,VRTX,buy_call,2.0655,1,1.4103,-0.6553,-0.006553,False,2022-11
2022-11-01,VZ,skip,0.0,0,6.0662,0.0,0.0,False,2022-11
2022-11-01,WFC,buy_call,2.9195,1,4.2618,1.3422,0.013422,False,2022-11
2022-11-01,ZTS,buy_call,2.0655,1,2.4456,0.3801,0.003801,False,2022-11
2022-12-01,AAPL,skip,0.0,0,-12.0816,0.0,0.0,False,2022-12
2022-12-01,ABBV,buy_call,2.5226,1,0.2668,-2.2558,-0.022558,False,2022-12
2022-12-01,ABT,buy_call,2.6337,1,2.0543,-0.5794,-0.005794,False,2022-12
2022-12-01,ACN,buy_call,3.1697,1,-11.3282,-3.1697,-0.031697,False,2022-12
2022-12-01,ADBE,buy_call,2.5549,1,-2.4353,-2.5549,-0.025549,False,2022-12
2022-12-01,ADI,buy_call,2.9418,1,-4.5838,-2.9418,-0.029418,False,2022-12
2022-12-01,ADP,buy_call,2.723,1,-9.5707,-2.723,-0.02723,False,2022-12
2022-12-01,AMAT,buy_call,2.9418,1,-10.9333,-2.9418,-0.029418,False,2022-12
2022-12-01,AMD,buy_call,6.1555,1,-16.5658,-6.1555,-0.061555,False,2022-12
2022-12-01,AMT,buy_call,2.723,1,-4.2441,-2.723,-0.02723,False,2022-12
2022-12-01,AMZN,skip,0.0,0,-12.9894,0.0,0.0,False,2022-12
2022-12-01,AVGO,buy_call,2.9418,1,1.47,-1.4718,-0.014718,False,2022-12
2022-12-01,AXP,buy_call,2.7241,1,-6.244,-2.7241,-0.027241,False,2022-12
2022-12-01,BA,buy_call,3.0,1,6.4904,3.4904,0.034904,False,2022-12
2022-12-01,BAC,buy_call,3.3578,1,-12.4967,-3.3578,-0.033578,False,2022-12
2022-12-01,BDX,buy_call,2.6337,1,1.9893,-0.6444,-0.006444,False,2022-12
2022-12-01,BKNG,buy_call,3.0,1,-3.0859,-3.0,-0.03,False,2022-12
2022-12-01,BLK,buy_call,3.2515,1,-1.0293,-3.2515,-0.032515,False,2022-12
2022-12-01,BMY,buy_call,2.5226,1,-10.3762,-2.5226,-0.025226,False,2022-12
2022-12-01,BRK-B,buy_call,2.1651,1,-3.0446,-2.1651,-0.021651,False,2022-12
2022-12-01,C,buy_call,3.0,1,-5.4877,-3.0,-0.03,False,2022-12
2022-12-01,CAT,buy_call,3.1232,1,1.3324,-1.7908,-0.017908,False,2022-12
2022-12-01,COST,buy_call,2.868,1,-15.3454,-2.868,-0.02868,False,2022-12
2022-12-01,CRM,skip,0.0,0,-17.2605,0.0,0.0,False,2022-12
2022-12-01,CSCO,buy_call,2.723,1,-4.1834,-2.723,-0.02723,False,2022-12
2022-12-01,CVS,buy_call,2.6716,1,-8.5296,-2.6716,-0.026716,False,2022-12
2022-12-01,CVX,buy_call,3.0556,1,-1.3265,-3.0556,-0.030556,False,2022-12
2022-12-01,DE,buy_call,3.1232,1,-2.7755,-3.1232,-0.031232,False,2022-12
2022-12-01,DHR,buy_call,2.6337,1,-2.9224,-2.6337,-0.026337,False,2022-12
2022-12-01,DIS,skip,0.0,0,-11.2292,0.0,0.0,False,2022-12
2022-12-01,DUK,buy_call,1.789,1,4.1307,2.3417,0.023417,False,2022-12
2022-12-01,EL,buy_call,3.0,1,5.5456,2.5456,0.025456,False,2022-12
2022-12-01,ELV,skip,0.0,0,-3.7435,0.0,0.0,False,2022-12
2022-12-01,EQIX,buy_call,2.723,1,-4.6951,-2.723,-0.02723,False,2022-12
2022-12-01,F,buy_call,3.1232,1,-15.4563,-3.1232,-0.031232,False,2022-12
2022-12-01,GILD,buy_call,2.5226,1,-2.2543,-2.5226,-0.025226,False,2022-12
2022-12-01,GM,buy_call,3.1232,1,-17.0611,-3.1232,-0.031232,False,2022-12
2022-12-01,GOOGL,buy_call,3.5158,1,-12.6349,-3.5158,-0.035158,False,2022-12
2022-12-01,GS,buy_call,3.2515,1,-10.4928,-3.2515,-0.032515,False,2022-12
2022-12-01,HD,buy_call,2.8721,1,-1.9196,-2.8721,-0.028721,False,2022-12
2022-12-01,HON,buy_call,2.723,1,-1.9132,-2.723,-0.02723,False,2022-12
2022-12-01,HUM,skip,0.0,0,-6.8576,0.0,0.0,False,2022-12
2022-12-01,INTC,buy_call,2.9418,1,-10.918,-2.9418,-0.029418,False,2022-12
2022-12-01,INTU,skip,0.0,0,-4.507,0.0,0.0,False,2022-12
2022-12-01,ISRG,buy_call,2.6337,1,-1.864,-2.6337,-0.026337,False,2022-12
2022-12-01,ITW,buy_call,2.723,1,-3.1521,-2.723,-0.02723,False,2022-12
2022-12-01,JNJ,buy_call,1.6169,1,-0.1179,-1.6169,-0.016169,False,2022-12
2022-12-01,JPM,buy_call,3.2515,1,-2.9527,-3.2515,-0.032515,False,2022-12
2022-12-01,KLAC,buy_call,2.9418,1,-3.7712,-2.9418,-0.029418,False,2022-12
2022-12-01,KO,buy_call,1.789,1,0.7092,-1.0797,-0.010797,False,2022-12
2022-12-01,LLY,buy_call,2.8489,1,-1.1371,-2.8489,-0.028489,False,2022-12
2022-12-01,LMT,skip,0.0,0,0.8932,0.0,0.0,False,2022-12
2022-12-01,LOW,buy_call,2.8721,1,-6.2621,-2.8721,-0.028721,False,2022-12
2022-12-01,LRCX,buy_call,2.9418,1,-11.025,-2.9418,-0.029418,False,2022-12
2022-12-01,MA,buy_call,2.7241,1,-2.4326,-2.7241,-0.027241,False,2022-12
2022-12-01,MDLZ,buy_call,1.789,1,-1.4199,-1.789,-0.01789,False,2022-12
2022-12-01,MDT,skip,0.0,0,-1.67,0.0,0.0,False,2022-12
2022-12-01,META,buy_call,4.9233,1,1.8967,-3.0266,-0.030266,False,2022-12
2022-12-01,MMM,buy_call,2.723,1,-3.6881,-2.723,-0.02723,False,2022-12
2022-12-01,MRK,buy_call,2.1241,1,0.7537,-1.3704,-0.013704,False,2022-12
2022-12-01,MS,buy_call,3.2515,1,-8.6494,-3.2515,-0.032515,False,2022-12
2022-12-01,MSFT,buy_call,2.5549,1,-5.7397,-2.5549,-0.025549,False,2022-12
2022-12-01,MU,buy_call,6.1555,1,-13.3044,-6.1555,-0.061555,False,2022-12
2022-12-01,NEE,buy_call,1.789,1,-0.7974,-1.789,-0.01789,False,2022-12
2022-12-01,NFLX,buy_call,7.0615,1,-3.4857,-7.0615,-0.070615,False,2022-12
2022-12-01,NKE,buy_call,3.141,1,6.6733,3.5323,0.035323,False,2022-12
2022-12-01,NOW,skip,0.0,0,-6.7331,0.0,0.0,False,2022-12
2022-12-01,NVDA,buy_call,6.1555,1,-13.6221,-6.1555,-0.061555,False,2022-12
2022-12-01,ORCL,buy_call,3.0024,1,-1.5537,-3.0024,-0.030024,False,2022-12
2022-12-01,PEP,buy_call,1.789,1,-2.6144,-1.789,-0.01789,False,2022-12
2022-12-01,PFE,buy_call,2.5226,1,3.0903,0.5677,0.005677,False,2022-12
2022-12-01,PG,buy_call,2.1903,1,1.609,-0.5813,-0.005813,False,2022-12
2022-12-01,PLD,buy_call,2.723,1,-4.2958,-2.723,-0.02723,False,2022-12
2022-12-01,PM,buy_call,1.789,1,1.5451,-0.2439,-0.002439,False,2022-12
2022-12-01,PYPL,skip,0.0,0,-9.1697,0.0,0.0,False,2022-12
2022-12-01,QCOM,buy_call,4.4079,1,-12.5299,-4.4079,-0.044079,False,2022-12
2022-12-01,REGN,buy_call,2.5226,1,-4.0189,-2.5226,-0.025226,False,2022-12
2022-12-01,RTX,buy_call,3.1232,1,2.8279,-0.2952,-0.002952,False,2022-12
2022-12-01,SBUX,buy_call,1.789,1,-2.3776,-1.789,-0.01789,False,2022-12
2022-12-01,SCHW,buy_call,3.2515,1,1.1518,-2.0997,-0.020997,False,2022-12
2022-12-01,SHW,buy_call,2.723,1,-4.5177,-2.723,-0.02723,False,2022-12
2022-12-01,SO,buy_call,1.789,1,6.6912,4.9022,0.049022,False,2022-12
2022-12-01,SPGI,buy_call,3.2515,1,-4.8366,-3.2515,-0.032515,False,2022-12
2022-12-01,SYK,buy_call,2.6337,1,4.5321,1.8984,0.018984,False,2022-12
2022-12-01,T,buy_call,3.4539,1,-4.5125,-3.4539,-0.034539,False,2022-12
2022-12-01,TGT,buy_call,1.9674,1,-10.2323,-1.9674,-0.019674,False,2022-12
2022-12-01,TJX,buy_call,1.9674,1,-0.1501,-1.9674,-0.019674,False,2022-12
2022-12-01,TMO,buy_call,3.6811,1,-1.7011,-3.6811,-0.036811,False,2022-12
2022-12-01,TMUS,skip,0.0,0,-7.5664,0.0,0.0,False,2022-12
2022-12-01,TSLA,skip,0.0,0,-36.7334,0.0,0.0,False,2022-12
2022-12-01,TXN,buy_call,2.9418,1,-8.4451,-2.9418,-0.029418,False,2022-12
2022-12-01,UNH,skip,0.0,0,-3.2094,0.0,0.0,False,2022-12
2022-12-01,UNP,buy_call,3.1232,1,-4.7648,-3.1232,-0.031232,False,2022-12
2022-12-01,UPS,buy_call,2.723,1,-7.5179,-2.723,-0.02723,False,2022-12
2022-12-01,V,buy_call,2.4986,1,-4.0441,-2.4986,-0.024986,False,2022-12
2022-12-01,VRTX,buy_call,2.5226,1,-8.7295,-2.5226,-0.025226,False,2022-12
2022-12-01,VZ,buy_call,3.4539,1,1.0775,-2.3764,-0.023764,False,2022-12
2022-12-01,WFC,buy_call,3.6645,1,-13.3349,-3.6645,-0.036645,False,2022-12
2022-12-01,ZTS,buy_call,2.5226,1,-4.9241,-2.5226,-0.025226,False,2022-12
2023-01-01,AAPL,skip,0.0,0,11.0521,0.0,0.0,True,2023-01
2023-01-01,ABBV,buy_call,3.0535,6,-8.5762,-3.0535,-0.18321,True,2023-01
2023-01-01,ABT,buy_call,2.6429,6,0.6922,-1.9507,-0.117042,True,2023-01
2023-01-01,ACN,skip,0.0,0,4.5758,0.0,0.0,True,2023-01
2023-01-01,ADBE,skip,0.0,0,10.0467,0.0,0.0,True,2023-01
2023-01-01,ADI,skip,0.0,0,5.0011,0.0,0.0,True,2023-01
2023-01-01,ADP,skip,0.0,0,-5.0054,0.0,0.0,True,2023-01
2023-01-01,AMAT,skip,0.0,0,14.4896,0.0,0.0,True,2023-01
2023-01-01,AMGN,skip,0.0,0,-3.8989,0.0,0.0,True,2023-01
2023-01-01,AMT,skip,0.0,0,6.2222,0.0,0.0,True,2023-01
2023-01-01,AMZN,skip,0.0,0,22.7738,0.0,0.0,True,2023-01
2023-01-01,AVGO,buy_call,3.1195,6,5.5016,2.3821,0.142926,True,2023-01
2023-01-01,AXP,skip,0.0,0,18.3959,0.0,0.0,True,2023-01
2023-01-01,BAC,skip,0.0,0,7.7519,0.0,0.0,True,2023-01
2023-01-01,BDX,buy_call,2.6429,6,-0.4504,-2.6429,-0.158574,True,2023-01
2023-01-01,BKNG,skip,0.0,0,20.7822,0.0,0.0,True,2023-01
2023-01-01,BLK,skip,0.0,0,7.8763,0.0,0.0,True,2023-01
2023-01-01,BMY,skip,0.0,0,0.9729,0.0,0.0,True,2023-01
2023-01-01,BRK-B,skip,0.0,0,0.8482,0.0,0.0,True,2023-01
2023-01-01,BSX,buy_call,2.6429,6,-0.0432,-2.6429,-0.158574,True,2023-01
2023-01-01,CAT,buy_call,3.5917,6,5.3139,1.7222,0.103332,True,2023-01
2023-01-01,CB,buy_call,2.1636,6,3.5196,1.356,0.08136,True,2023-01
2023-01-01,CMCSA,skip,0.0,0,12.525,0.0,0.0,True,2023-01
2023-01-01,COP,skip,0.0,0,3.924,0.0,0.0,True,2023-01
2023-01-01,COST,skip,0.0,0,11.9693,0.0,0.0,True,2023-01
2023-01-01,CRM,skip,0.0,0,26.6838,0.0,0.0,True,2023-01
2023-01-01,CSCO,skip,0.0,0,2.162,0.0,0.0,True,2023-01
2023-01-01,CVS,skip,0.0,0,-5.3332,0.0,0.0,True,2023-01
2023-01-01,CVX,skip,0.0,0,-3.0475,0.0,0.0,True,2023-01
2023-01-01,DE,skip,0.0,0,-1.1048,0.0,0.0,True,2023-01
2023-01-01,DHR,skip,0.0,0,-0.2957,0.0,0.0,True,2023-01
2023-01-01,DIS,skip,0.0,0,24.8734,0.0,0.0,True,2023-01
2023-01-01,DUK,buy_call,1.8469,6,-0.5243,-1.8469,-0.110814,True,2023-01
2023-01-01,EL,buy_call,3.0,6,11.6763,8.6763,0.520578,True,2023-01
2023-01-01,EOG,skip,0.0,0,3.3238,0.0,0.0,True,2023-01
2023-01-01,EQIX,skip,0.0,0,12.6865,0.0,0.0,True,2023-01
2023-01-01,GE,skip,0.0,0,23.1585,0.0,0.0,True,2023-01
2023-01-01,GILD,skip,0.0,0,-1.4139,0.0,0.0,True,2023-01
2023-01-01,GOOGL,skip,0.0,0,12.0254,0.0,0.0,True,2023-01
2023-01-01,GS,skip,0.0,0,6.5321,0.0,0.0,True,2023-01
2023-01-01,HD,skip,0.0,0,2.6309,0.0,0.0,True,2023-01
2023-01-01,HON,skip,0.0,0,-2.7158,0.0,0.0,True,2023-01
2023-01-01,HUM,skip,0.0,0,0.0573,0.0,0.0,True,2023-01
2023-01-01,IBM,skip,0.0,0,-4.3722,0.0,0.0,True,2023-01
2023-01-01,INTC,skip,0.0,0,6.924,0.0,0.0,True,2023-01
2023-01-01,INTU,skip,0.0,0,8.5941,0.0,0.0,True,2023-01
2023-01-01,ISRG,skip,0.0,0,-7.4091,0.0,0.0,True,2023-01
2023-01-01,ITW,skip,0.0,0,7.7854,0.0,0.0,True,2023-01
2023-01-01,JNJ,skip,0.0,0,-7.4894,0.0,0.0,True,2023-01
2023-01-01,JPM,skip,0.0,0,4.3699,0.0,0.0,True,2023-01
2023-01-01,KO,buy_call,1.8469,6,-3.6001,-1.8469,-0.110814,True,2023-01
2023-01-01,LLY,skip,0.0,0,-5.9288,0.0,0.0,True,2023-01
2023-01-01,LMT,buy_call,3.5917,6,-4.775,-3.5917,-0.215502,True,2023-01
2023-01-01,LOW,skip,0.0,0,4.5222,0.0,0.0,True,2023-01
2023-01-01,LRCX,skip,0.0,0,19.4302,0.0,0.0,True,2023-01
2023-01-01,MA,skip,0.0,0,6.5769,0.0,0.0,True,2023-01
2023-01-01,MCD,skip,0.0,0,1.4685,0.0,0.0,True,2023-01
2023-01-01,MDLZ,skip,0.0,0,-1.2465,0.0,0.0,True,2023-01
2023-01-01,MDT,skip,0.0,0,8.6394,0.0,0.0,True,2023-01
2023-01-01,META,buy_call,6.4452,6,23.7909,17.3457,1.040742,True,2023-01
2023-01-01,MRK,buy_call,2.4965,6,-2.5492,-2.4965,-0.14979,True,2023-01
2023-01-01,MS,skip,0.0,0,14.479,0.0,0.0,True,2023-01
2023-01-01,MSFT,skip,0.0,0,3.3317,0.0,0.0,True,2023-01
2023-01-01,MU,skip,0.0,0,20.9228,0.0,0.0,True,2023-01
2023-01-01,NEE,skip,0.0,0,-10.7297,0.0,0.0,True,2023-01
2023-01-01,NFLX,skip,0.0,0,20.0014,0.0,0.0,True,2023-01
2023-01-01,NKE,buy_call,2.6518,6,9.1538,6.502,0.39012,True,2023-01
2023-01-01,NOC,buy_call,3.5917,6,-17.8827,-3.5917,-0.215502,True,2023-01
2023-01-01,NOW,skip,0.0,0,17.22,0.0,0.0,True,2023-01
2023-01-01,NVDA,skip,0.0,0,33.6869,0.0,0.0,True,2023-01
2023-01-01,ORCL,skip,0.0,0,8.2212,0.0,0.0,True,2023-01
2023-01-01,PEP,skip,0.0,0,-4.7455,0.0,0.0,True,2023-01
2023-01-01,PFE,buy_call,3.0535,6,-13.8173,-3.0535,-0.18321,True,2023-01
2023-01-01,PG,buy_call,1.8683,6,-6.057,-1.8683,-0.112098,True,2023-01
2023-01-01,PLD,skip,0.0,0,15.4502,0.0,0.0,True,2023-01
2023-01-01,PM,buy_call,2.4267,6,4.3064,1.8797,0.112782,True,2023-01
2023-01-01,QCOM,skip,0.0,0,21.1661,0.0,0.0,True,2023-01
2023-01-01,RTX,buy_call,3.5917,6,-1.0602,-3.5917,-0.215502,True,2023-01
2023-01-01,SBUX,skip,0.0,0,10.0202,0.0,0.0,True,2023-01
2023-01-01,SCHW,buy_call,2.1636,6,-7.0142,-2.1636,-0.129816,True,2023-01
2023-01-01,SO,buy_call,1.8469,6,-5.2234,-1.8469,-0.110814,True,2023-01
2023-01-01,SPGI,skip,0.0,0,11.9424,0.0,0.0,True,2023-01
2023-01-01,SYK,buy_call,2.6429,6,4.1352,1.4923,0.089538,True,2023-01
2023-01-01,T,skip,0.0,0,10.6464,0.0,0.0,True,2023-01
2023-01-01,TJX,skip,0.0,0,2.8392,0.0,0.0,True,2023-01
2023-01-01,TMO,skip,0.0,0,3.6209,0.0,0.0,True,2023-01
2023-01-01,TMUS,skip,0.0,0,6.65,0.0,0.0,True,2023-01
2023-01-01,TXN,skip,0.0,0,7.257,0.0,0.0,True,2023-01
2023-01-01,UNH,skip,0.0,0,-5.555,0.0,0.0,True,2023-01
2023-01-01,UNP,skip,0.0,0,-0.7833,0.0,0.0,True,2023-01
2023-01-01,UPS,skip,0.0,0,6.552,0.0,0.0,True,2023-01
2023-01-01,V,skip,0.0,0,10.8057,0.0,0.0,True,2023-01
2023-01-01,VRTX,skip,0.0,0,11.8845,0.0,0.0,True,2023-01
2023-01-01,VZ,buy_call,4.2384,6,5.5076,1.2692,0.076152,True,2023-01
2023-01-01,WFC,skip,0.0,0,13.5142,0.0,0.0,True,2023-01
2023-01-01,WM,skip,0.0,0,-0.9868,0.0,0.0,True,2023-01
2023-01-01,XOM,skip,0.0,0,5.1768,0.0,0.0,True,2023-01
2023-01-01,ZTS,skip,0.0,0,12.9239,0.0,0.0,True,2023-01
2023-02-01,AAPL,buy_call,3.7084,2,2.1623,-1.5461,-0.030922,True,2023-02
2023-02-01,ABBV,skip,0.0,0,5.1526,0.0,0.0,True,2023-02
2023-02-01,ABT,buy_call,1.4454,2,-7.5707,-1.4454,-0.028908,True,2023-02
2023-02-01,ACN,buy_call,2.4503,2,-4.4486,-2.4503,-0.049006,True,2023-02
2023-02-01,ADBE,buy_call,2.8745,2,-12.5263,-2.8745,-0.05749,True,2023-02
2023-02-01,ADI,buy_call,4.1737,2,6.9983,2.8246,0.056492,True,2023-02
2023-02-01,ADP,skip,0.0,0,-2.6527,0.0,0.0,True,2023-02
2023-02-01,AMAT,buy_call,4.1737,2,4.1797,0.0061,0.000122,True,2023-02
2023-02-01,AMGN,skip,0.0,0,-8.2171,0.0,0.0,True,2023-02
2023-02-01,AMT,buy_call,1.8283,2,-11.3613,-1.8283,-0.036566,True,2023-02
2023-02-01,AMZN,buy_call,3.8942,2,-8.6299,-3.8942,-0.077884,True,2023-02
2023-02-01,AVGO,buy_call,4.1737,2,1.5863,-2.5874,-0.051748,True,2023-02
2023-02-01,AXP,buy_call,2.364,2,-0.1926,-2.364,-0.04728,True,2023-02
2023-02-01,BAC,buy_call,2.2405,2,-3.3258,-2.2405,-0.04481,True,2023-02
2023-02-01,BDX,skip,0.0,0,-7.0058,0.0,0.0,True,2023-02
2023-02-01,BKNG,buy_call,3.0,2,3.6933,0.6933,0.013866,True,2023-02
2023-02-01,BLK,buy_call,1.5909,2,-9.1911,-1.5909,-0.031818,True,2023-02
2023-02-01,BMY,buy_call,1.6994,2,-4.3282,-1.6994,-0.033988,True,2023-02
2023-02-01,BRK-B,buy_call,2.0255,2,-2.0352,-2.0255,-0.04051,True,2023-02
2023-02-01,BSX,skip,0.0,0,1.0162,0.0,0.0,True,2023-02
2023-02-01,CAT,buy_call,2.394,2,-4.5969,-2.394,-0.04788,True,2023-02
2023-02-01,CB,buy_call,1.5909,2,-7.2399,-1.5909,-0.031818,True,2023-02
2023-02-01,CMCSA,buy_call,3.8124,2,-4.805,-3.8124,-0.076248,True,2023-02
2023-02-01,COP,buy_call,2.394,2,-15.1965,-2.394,-0.04788,True,2023-02
2023-02-01,COST,buy_call,2.7159,2,-5.2745,-2.7159,-0.054318,True,2023-02
2023-02-01,CRM,buy_call,4.8885,2,-2.5957,-4.8885,-0.09777,True,2023-02
2023-02-01,CSCO,buy_call,1.8283,2,0.2812,-1.5471,-0.030942,True,2023-02
2023-02-01,CVS,skip,0.0,0,-4.6509,0.0,0.0,True,2023-02
2023-02-01,CVX,skip,0.0,0,-7.6141,0.0,0.0,True,2023-02
2023-02-01,DE,skip,0.0,0,-0.8514,0.0,0.0,True,2023-02
2023-02-01,DHR,skip,0.0,0,-6.3734,0.0,0.0,True,2023-02
2023-02-01,DIS,buy_call,3.0011,2,-8.1851,-3.0011,-0.060022,True,2023-02
2023-02-01,DUK,skip,0.0,0,-7.9942,0.0,0.0,True,2023-02
2023-02-01,EL,buy_call,3.0,2,-12.2817,-3.0,-0.06,True,2023-02
2023-02-01,EOG,buy_call,2.394,2,-13.9967,-2.394,-0.04788,True,2023-02
2023-02-01,EQIX,buy_call,1.8283,2,-6.7549,-1.8283,-0.036566,True,2023-02
2023-02-01,GE,buy_call,2.394,2,5.256,2.862,0.05724,True,2023-02
2023-02-01,GILD,skip,0.0,0,-4.0624,0.0,0.0,True,2023-02
2023-02-01,GOOGL,buy_call,3.2923,2,-8.883,-3.2923,-0.065846,True,2023-02
2023-02-01,GS,buy_call,1.5909,2,-3.8708,-1.5909,-0.031818,True,2023-02
2023-02-01,HD,buy_call,3.9467,2,-8.5233,-3.9467,-0.078934,True,2023-02
2023-02-01,HON,skip,0.0,0,-8.1543,0.0,0.0,True,2023-02
2023-02-01,HUM,buy_call,2.7204,2,-3.2597,-2.7204,-0.054408,True,2023-02
2023-02-01,IBM,skip,0.0,0,-4.0303,0.0,0.0,True,2023-02
2023-02-01,INTC,buy_call,4.1737,2,-11.7834,-4.1737,-0.083474,True,2023-02
2023-02-01,INTU,buy_call,3.5689,2,-3.47,-3.5689,-0.071378,True,2023-02
2023-02-01,ISRG,skip,0.0,0,-6.6344,0.0,0.0,True,2023-02
2023-02-01,ITW,buy_call,1.8283,2,-1.2201,-1.8283,-0.036566,True,2023-02
2023-02-01,JNJ,skip,0.0,0,-6.2171,0.0,0.0,True,2023-02
2023-02-01,JPM,buy_call,1.5909,2,3.1787,1.5878,0.031756,True,2023-02
2023-02-01,KO,skip,0.0,0,-2.9517,0.0,0.0,True,2023-02
2023-02-01,LLY,skip,0.0,0,-9.5685,0.0,0.0,True,2023-02
2023-02-01,LMT,skip,0.0,0,2.3745,0.0,0.0,True,2023-02
2023-02-01,LOW,buy_call,3.9467,2,-0.6921,-3.9467,-0.078934,True,2023-02
2023-02-01,LRCX,buy_call,4.1737,2,-2.8174,-4.1737,-0.083474,True,2023-02
2023-02-01,MA,buy_call,2.364,2,-3.9755,-2.364,-0.04728,True,2023-02
2023-02-01,MCD,buy_call,1.8648,2,-1.3052,-1.8648,-0.037296,True,2023-02
2023-02-01,MDLZ,skip,0.0,0,-0.3973,0.0,0.0,True,2023-02
2023-02-01,MDT,buy_call,1.4454,2,-1.0634,-1.4454,-0.028908,True,2023-02
2023-02-01,META,buy_call,4.7657,2,17.4331,12.6674,0.253348,True,2023-02
2023-02-01,MRK,skip,0.0,0,-1.0893,0.0,0.0,True,2023-02
2023-02-01,MS,buy_call,1.5909,2,-0.0531,-1.5909,-0.031818,True,2023-02
2023-02-01,MSFT,buy_call,2.8745,2,0.6497,-2.2248,-0.044496,True,2023-02
2023-02-01,MU,buy_call,6.5885,2,-4.1128,-6.5885,-0.13177,True,2023-02
2023-02-01,NEE,skip,0.0,0,-4.8238,0.0,0.0,True,2023-02
2023-02-01,NFLX,buy_call,4.3453,2,-8.9668,-4.3453,-0.086906,True,2023-02
2023-02-01,NKE,buy_call,3.1309,2,-6.707,-3.1309,-0.062618,True,2023-02
2023-02-01,NOC,skip,0.0,0,3.5867,0.0,0.0,True,2023-02
2023-02-01,NOW,buy_call,4.4961,2,-5.0447,-4.4961,-0.089922,True,2023-02
2023-02-01,NVDA,buy_call,6.5885,2,18.8309,12.2425,0.24485,True,2023-02
2023-02-01,ORCL,buy_call,3.5943,2,-0.8278,-3.5943,-0.071886,True,2023-02
2023-02-01,PEP,skip,0.0,0,1.4677,0.0,0.0,True,2023-02
2023-02-01,PFE,skip,0.0,0,-7.2861,0.0,0.0,True,2023-02
2023-02-01,PG,skip,0.0,0,-2.779,0.0,0.0,True,2023-02
2023-02-01,PLD,buy_call,1.8283,2,-4.5483,-1.8283,-0.036566,True,2023-02
2023-02-01,PM,buy_call,1.5813,2,-6.6577,-1.5813,-0.031626,True,2023-02
2023-02-01,QCOM,buy_call,4.832,2,-7.2667,-4.832,-0.09664,True,2023-02
2023-02-01,RTX,skip,0.0,0,-1.7626,0.0,0.0,True,2023-02
2023-02-01,SBUX,buy_call,1.8648,2,-6.4596,-1.8648,-0.037296,True,2023-02
2023-02-01,SCHW,skip,0.0,0,0.6458,0.0,0.0,True,2023-02
2023-02-01,SO,skip,0.0,0,-6.8262,0.0,0.0,True,2023-02
2023-02-01,SPGI,buy_call,1.5909,2,-8.9988,-1.5909,-0.031818,True,2023-02
2023-02-01,SYK,buy_call,1.4454,2,3.5735,2.1281,0.042562,True,2023-02
2023-02-01,T,buy_call,3.8124,2,-5.8269,-3.8124,-0.076248,True,2023-02
2023-02-01,TJX,buy_call,2.5286,2,-6.4256,-2.5286,-0.050572,True,2023-02
2023-02-01,TMO,buy_call,2.5912,2,-5.0094,-2.5912,-0.051824,True,2023-02
2023-02-01,TMUS,buy_call,3.8124,2,-4.7753,-3.8124,-0.076248,True,2023-02
2023-02-01,TXN,buy_call,4.1737,2,-2.5609,-4.1737,-0.083474,True,2023-02
2023-02-01,UNH,skip,0.0,0,-4.6575,0.0,0.0,True,2023-02
2023-02-01,UNP,skip,0.0,0,1.5133,0.0,0.0,True,2023-02
2023-02-01,UPS,buy_call,1.8283,2,-1.4792,-1.8283,-0.036566,True,2023-02
2023-02-01,V,buy_call,2.4707,2,-4.4612,-2.4707,-0.049414,True,2023-02
2023-02-01,VRTX,buy_call,1.6994,2,-10.1547,-1.6994,-0.033988,True,2023-02
2023-02-01,VZ,buy_call,3.8124,2,-5.1717,-3.8124,-0.076248,True,2023-02
2023-02-01,WFC,buy_call,2.4258,2,-0.2134,-2.4258,-0.048516,True,2023-02
2023-02-01,WM,skip,0.0,0,-3.2121,0.0,0.0,True,2023-02
2023-02-01,XOM,buy_call,2.394,2,-5.2582,-2.394,-0.04788,True,2023-02
2023-02-01,ZTS,buy_call,1.6994,2,1.1496,-0.5499,-0.010998,True,2023-02
2023-03-01,AAPL,buy_call,3.0328,12,12.0357,9.0029,1.080348,True,2023-03
2023-03-01,ABBV,buy_call,3.4589,12,3.5543,0.0954,0.011448,True,2023-03
2023-03-01,ABT,skip,0.0,0,-0.4522,0.0,0.0,True,2023-03
2023-03-01,ACN,skip,0.0,0,7.6295,0.0,0.0,True,2023-03
2023-03-01,ADBE,skip,0.0,0,18.9597,0.0,0.0,True,2023-03
2023-03-01,ADI,buy_call,3.3807,12,7.9947,4.6139,0.553668,True,2023-03
2023-03-01,ADP,skip,0.0,0,1.2783,0.0,0.0,True,2023-03
2023-03-01,AMAT,buy_call,3.3807,12,5.9988,2.6181,0.314172,True,2023-03
2023-03-01,AMGN,skip,0.0,0,5.2758,0.0,0.0,True,2023-03
2023-03-01,AMT,skip,0.0,0,3.1968,0.0,0.0,True,2023-03
2023-03-01,AMZN,skip,0.0,0,9.6148,0.0,0.0,True,2023-03
2023-03-01,AVGO,buy_call,3.3807,12,7.9506,4.5699,0.548388,True,2023-03
2023-03-01,AXP,skip,0.0,0,-5.1957,0.0,0.0,True,2023-03
2023-03-01,BAC,skip,0.0,0,-16.6181,0.0,0.0,True,2023-03
2023-03-01,BDX,skip,0.0,0,5.5383,0.0,0.0,True,2023-03
2023-03-01,BKNG,buy_call,3.0,12,5.0876,2.0876,0.250512,True,2023-03
2023-03-01,BLK,skip,0.0,0,-2.9459,0.0,0.0,True,2023-03
2023-03-01,BMY,skip,0.0,0,0.5075,0.0,0.0,True,2023-03
2023-03-01,BRK-B,skip,0.0,0,1.1764,0.0,0.0,True,2023-03
2023-03-01,BSX,buy_call,3.7961,12,7.0848,3.2887,0.394644,True,2023-03
2023-03-01,CAT,skip,0.0,0,-4.4709,0.0,0.0,True,2023-03
2023-03-01,CB,skip,0.0,0,-7.9803,0.0,0.0,True,2023-03
2023-03-01,CMCSA,skip,0.0,0,1.9909,0.0,0.0,True,2023-03
2023-03-01,COP,skip,0.0,0,-3.5784,0.0,0.0,True,2023-03
2023-03-01,COST,skip,0.0,0,2.7996,0.0,0.0,True,2023-03
2023-03-01,CRM,skip,0.0,0,22.1075,0.0,0.0,True,2023-03
2023-03-01,CSCO,buy_call,3.6617,12,7.9719,4.3102,0.517224,True,2023-03
2023-03-01,CVS,skip,0.0,0,-11.0486,0.0,0.0,True,2023-03
2023-03-01,CVX,skip,0.0,0,2.3837,0.0,0.0,True,2023-03
2023-03-01,DE,skip,0.0,0,-1.517,0.0,0.0,True,2023-03
2023-03-01,DHR,skip,0.0,0,1.822,0.0,0.0,True,2023-03
2023-03-01,DIS,skip,0.0,0,0.522,0.0,0.0,True,2023-03
2023-03-01,DUK,skip,0.0,0,3.3914,0.0,0.0,True,2023-03
2023-03-01,EL,skip,0.0,0,1.6795,0.0,0.0,True,2023-03
2023-03-01,EOG,skip,0.0,0,1.4245,0.0,0.0,True,2023-03
2023-03-01,EQIX,skip,0.0,0,4.7612,0.0,0.0,True,2023-03
2023-03-01,GE,buy_call,3.9531,12,12.8556,8.9025,1.0683,True,2023-03
2023-03-01,GILD,skip,0.0,0,3.0299,0.0,0.0,True,2023-03
2023-03-01,GOOGL,skip,0.0,0,15.1788,0.0,0.0,True,2023-03
2023-03-01,GS,skip,0.0,0,-6.9786,0.0,0.0,True,2023-03
2023-03-01,HD,skip,0.0,0,-0.4789,0.0,0.0,True,2023-03
2023-03-01,HON,skip,0.0,0,0.3407,0.0,0.0,True,2023-03
2023-03-01,HUM,skip,0.0,0,-1.9312,0.0,0.0,True,2023-03
2023-03-01,IBM,skip,0.0,0,2.6297,0.0,0.0,True,2023-03
2023-03-01,INTC,skip,0.0,0,32.6437,0.0,0.0,True,2023-03
2023-03-01,INTU,skip,0.0,0,9.4921,0.0,0.0,True,2023-03
2023-03-01,ISRG,skip,0.0,0,11.3693,0.0,0.0,True,2023-03
2023-03-01,ITW,skip,0.0,0,4.4133,0.0,0.0,True,2023-03
2023-03-01,JNJ,skip,0.0,0,1.8627,0.0,0.0,True,2023-03
2023-03-01,JPM,buy_call,4.4851,12,-9.0966,-4.4851,-0.538212,True,2023-03
2023-03-01,KO,skip,0.0,0,4.2346,0.0,0.0,True,2023-03
2023-03-01,LLY,skip,0.0,0,10.7034,0.0,0.0,True,2023-03
2023-03-01,LMT,buy_call,3.9531,12,0.305,-3.6482,-0.437784,True,2023-03
2023-03-01,LOW,skip,0.0,0,-2.8092,0.0,0.0,True,2023-03
2023-03-01,LRCX,skip,0.0,0,9.076,0.0,0.0,True,2023-03
2023-03-01,MA,skip,0.0,0,2.2855,0.0,0.0,True,2023-03
2023-03-01,MCD,skip,0.0,0,6.5607,0.0,0.0,True,2023-03
2023-03-01,MDLZ,skip,0.0,0,6.9653,0.0,0.0,True,2023-03
2023-03-01,MDT,skip,0.0,0,-2.6329,0.0,0.0,True,2023-03
2023-03-01,META,buy_call,4.5862,12,21.1501,16.5639,1.987668,True,2023-03
2023-03-01,MRK,skip,0.0,0,0.1412,0.0,0.0,True,2023-03
2023-03-01,MS,skip,0.0,0,-9.0155,0.0,0.0,True,2023-03
2023-03-01,MSFT,buy_call,2.9119,12,15.8777,12.9657,1.555884,True,2023-03
2023-03-01,MU,skip,0.0,0,4.3584,0.0,0.0,True,2023-03
2023-03-01,NEE,skip,0.0,0,9.2185,0.0,0.0,True,2023-03
2023-03-01,NFLX,skip,0.0,0,7.2486,0.0,0.0,True,2023-03
2023-03-01,NKE,skip,0.0,0,3.241,0.0,0.0,True,2023-03
2023-03-01,NOC,buy_call,3.9531,12,-0.1523,-3.9531,-0.474372,True,2023-03
2023-03-01,NOW,skip,0.0,0,7.5318,0.0,0.0,True,2023-03
2023-03-01,NVDA,buy_call,5.9087,12,19.6459,13.7372,1.648464,True,2023-03
2023-03-01,ORCL,skip,0.0,0,6.3158,0.0,0.0,True,2023-03
2023-03-01,PEP,buy_call,3.3752,12,5.0539,1.6787,0.201444,True,2023-03
2023-03-01,PFE,skip,0.0,0,0.5669,0.0,0.0,True,2023-03
2023-03-01,PG,skip,0.0,0,8.091,0.0,0.0,True,2023-03
2023-03-01,PLD,skip,0.0,0,1.1102,0.0,0.0,True,2023-03
2023-03-01,PM,skip,0.0,0,-0.0514,0.0,0.0,True,2023-03
2023-03-01,QCOM,skip,0.0,0,3.2785,0.0,0.0,True,2023-03
2023-03-01,RTX,skip,0.0,0,0.3862,0.0,0.0,True,2023-03
2023-03-01,SBUX,skip,0.0,0,2.5093,0.0,0.0,True,2023-03
2023-03-01,SCHW,buy_call,4.4851,12,-32.5681,-4.4851,-0.538212,True,2023-03
2023-03-01,SO,skip,0.0,0,11.4905,0.0,0.0,True,2023-03
2023-03-01,SPGI,skip,0.0,0,1.3096,0.0,0.0,True,2023-03
2023-03-01,SYK,buy_call,3.7961,12,8.5933,4.7972,0.575664,True,2023-03
2023-03-01,T,skip,0.0,0,1.798,0.0,0.0,True,2023-03
2023-03-01,TJX,skip,0.0,0,2.677,0.0,0.0,True,2023-03
2023-03-01,TMO,skip,0.0,0,6.3885,0.0,0.0,True,2023-03
2023-03-01,TMUS,skip,0.0,0,1.8709,0.0,0.0,True,2023-03
2023-03-01,TXN,skip,0.0,0,8.4923,0.0,0.0,True,2023-03
2023-03-01,UNH,skip,0.0,0,-0.7039,0.0,0.0,True,2023-03
2023-03-01,UNP,buy_call,3.9531,12,-2.2493,-3.9531,-0.474372,True,2023-03
2023-03-01,UPS,skip,0.0,0,7.238,0.0,0.0,True,2023-03
2023-03-01,V,skip,0.0,0,2.7105,0.0,0.0,True,2023-03
2023-03-01,VRTX,skip,0.0,0,8.5363,0.0,0.0,True,2023-03
2023-03-01,VZ,skip,0.0,0,0.2061,0.0,0.0,True,2023-03
2023-03-01,WFC,skip,0.0,0,-19.5671,0.0,0.0,True,2023-03
2023-03-01,WM,skip,0.0,0,8.9544,0.0,0.0,True,2023-03
2023-03-01,XOM,skip,0.0,0,0.5403,0.0,0.0,True,2023-03
2023-03-01,ZTS,buy_call,3.4589,12,-0.3353,-3.4589,-0.415068,True,2023-03
2023-04-01,AAPL,buy_call,2.8433,1,2.8987,0.0554,0.000554,False,2023-04
2023-04-01,ABBV,buy_call,1.8561,1,-5.1766,-1.8561,-0.018561,False,2023-04
2023-04-01,ABT,skip,0.0,0,9.0954,0.0,0.0,False,2023-04
2023-04-01,ACN,buy_call,2.3106,1,-1.9313,-2.3106,-0.023106,False,2023-04
2023-04-01,ADBE,buy_call,3.3283,1,-2.0266,-3.3283,-0.033283,False,2023-04
2023-04-01,ADI,buy_call,1.9505,1,-8.7922,-1.9505,-0.019505,False,2023-04
2023-04-01,ADP,buy_call,3.5487,1,-0.6217,-3.5487,-0.035487,False,2023-04
2023-04-01,AMAT,buy_call,1.9505,1,-7.9785,-1.9505,-0.019505,False,2023-04
2023-04-01,AMGN,buy_call,1.8561,1,-0.8314,-1.8561,-0.018561,False,2023-04
2023-04-01,AMT,buy_call,3.5487,1,0.0245,-3.5243,-0.035243,False,2023-04
2023-04-01,AMZN,buy_call,5.2034,1,2.0912,-3.1122,-0.031122,False,2023-04
2023-04-01,AVGO,buy_call,1.9505,1,-1.6415,-1.9505,-0.019505,False,2023-04
2023-04-01,AXP,skip,0.0,0,-2.1885,0.0,0.0,False,2023-04
2023-04-01,BAC,skip,0.0,0,3.0416,0.0,0.0,False,2023-04
2023-04-01,BDX,buy_call,0.9506,1,7.1894,6.2387,0.062387,False,2023-04
2023-04-01,BKNG,buy_call,3.0,1,1.2781,-1.7219,-0.017219,False,2023-04
2023-04-01,BLK,skip,0.0,0,1.0375,0.0,0.0,False,2023-04
2023-04-01,BMY,buy_call,1.8561,1,-3.6647,-1.8561,-0.018561,False,2023-04
2023-04-01,BRK-B,buy_call,1.5002,1,6.4061,4.9058,0.049058,False,2023-04
2023-04-01,BSX,buy_call,0.9506,1,4.1775,3.2269,0.032269,False,2023-04
2023-04-01,CAT,skip,0.0,0,-4.3873,0.0,0.0,False,2023-04
2023-04-01,CB,skip,0.0,0,4.2624,0.0,0.0,False,2023-04
2023-04-01,CMCSA,buy_call,3.0055,1,9.1269,6.1214,0.061214,False,2023-04
2023-04-01,COP,skip,0.0,0,4.3516,0.0,0.0,False,2023-04
2023-04-01,COST,buy_call,1.9285,1,1.278,-0.6505,-0.006505,False,2023-04
2023-04-01,CRM,buy_call,2.9318,1,-0.7058,-2.9318,-0.029318,False,2023-04
2023-04-01,CSCO,buy_call,3.5487,1,-9.6213,-3.5487,-0.035487,False,2023-04
2023-04-01,CVS,skip,0.0,0,-1.3457,0.0,0.0,False,2023-04
2023-04-01,CVX,buy_call,2.2116,1,3.3219,1.1104,0.011104,False,2023-04
2023-04-01,DE,skip,0.0,0,-8.1567,0.0,0.0,False,2023-04
2023-04-01,DHR,buy_call,0.9506,1,-5.9004,-0.9506,-0.009506,False,2023-04
2023-04-01,DIS,buy_call,3.3259,1,2.3669,-0.959,-0.00959,False,2023-04
2023-04-01,DUK,buy_call,1.2253,1,2.4982,1.2729,0.012729,False,2023-04
2023-04-01,EL,buy_call,3.0,1,0.1055,-2.8945,-0.028945,False,2023-04
2023-04-01,EOG,buy_call,2.9189,1,5.1855,2.2666,0.022666,False,2023-04
2023-04-01,EQIX,buy_call,3.5487,1,0.9094,-2.6393,-0.026393,False,2023-04
2023-04-01,GE,buy_call,2.9189,1,3.6211,0.7022,0.007022,False,2023-04
2023-04-01,GILD,buy_call,1.8561,1,0.0275,-1.8285,-0.018285,False,2023-04
2023-04-01,GOOGL,buy_call,4.1276,1,3.4802,-0.6474,-0.006474,False,2023-04
2023-04-01,GS,skip,0.0,0,5.744,0.0,0.0,False,2023-04
2023-04-01,HD,skip,0.0,0,2.574,0.0,0.0,False,2023-04
2023-04-01,HON,buy_call,3.5487,1,4.5626,1.0139,0.010139,False,2023-04
2023-04-01,HUM,skip,0.0,0,9.4752,0.0,0.0,False,2023-04
2023-04-01,IBM,buy_call,3.5487,1,-3.5701,-3.5487,-0.035487,False,2023-04
2023-04-01,INTC,buy_call,1.9505,1,-4.928,-1.9505,-0.019505,False,2023-04
2023-04-01,INTU,buy_call,3.5338,1,-0.4217,-3.5338,-0.035338,False,2023-04
2023-04-01,ISRG,buy_call,0.9506,1,17.9082,16.9575,0.169575,False,2023-04
2023-04-01,ITW,buy_call,3.5487,1,-0.0735,-3.5487,-0.035487,False,2023-04
2023-04-01,JNJ,buy_call,1.6363,1,5.6129,3.9767,0.039767,False,2023-04
2023-04-01,JPM,skip,0.0,0,6.0855,0.0,0.0,False,2023-04
2023-04-01,KO,buy_call,1.2253,1,4.211,2.9856,0.029856,False,2023-04
2023-04-01,LLY,buy_call,3.5821,1,15.2699,11.6878,0.116878,False,2023-04
2023-04-01,LMT,buy_call,2.9189,1,-1.7515,-2.9189,-0.029189,False,2023-04
2023-04-01,LOW,skip,0.0,0,3.9306,0.0,0.0,False,2023-04
2023-04-01,LRCX,buy_call,1.9505,1,-0.7806,-1.9505,-0.019505,False,2023-04
2023-04-01,MA,buy_call,2.2425,1,4.5733,2.3308,0.023308,False,2023-04
2023-04-01,MCD,buy_call,1.2253,1,5.7723,4.547,0.04547,False,2023-04
2023-04-01,MDLZ,buy_call,1.5575,1,10.6455,9.088,0.09088,False,2023-04
2023-04-01,MDT,skip,0.0,0,13.7811,0.0,0.0,False,2023-04
2023-04-01,META,buy_call,5.9709,1,13.3906,7.4197,0.074197,False,2023-04
2023-04-01,MRK,buy_call,2.4415,1,9.2892,6.8477,0.068477,False,2023-04
2023-04-01,MS,skip,0.0,0,2.4715,0.0,0.0,False,2023-04
2023-04-01,MSFT,buy_call,3.3283,1,6.5765,3.2482,0.032482,False,2023-04
2023-04-01,MU,buy_call,4.4997,1,6.6623,2.1626,0.021626,False,2023-04
2023-04-01,NEE,buy_call,1.2253,1,-0.5838,-1.2253,-0.012253,False,2023-04
2023-04-01,NFLX,buy_call,6.9302,1,-4.501,-6.9302,-0.069302,False,2023-04
2023-04-01,NKE,buy_call,2.7387,1,3.6214,0.8827,0.008827,False,2023-04
2023-04-01,NOC,skip,0.0,0,-0.0975,0.0,0.0,False,2023-04
2023-04-01,NOW,buy_call,4.1681,1,-1.1405,-4.1681,-0.041681,False,2023-04
2023-04-01,NVDA,buy_call,4.4997,1,-0.0838,-4.4997,-0.044997,False,2023-04
2023-04-01,ORCL,buy_call,2.1467,1,1.9371,-0.2095,-0.002095,False,2023-04
2023-04-01,PEP,buy_call,1.5575,1,5.4196,3.8621,0.038621,False,2023-04
2023-04-01,PFE,buy_call,1.8561,1,-4.6814,-1.8561,-0.018561,False,2023-04
2023-04-01,PG,buy_call,1.7303,1,5.1718,3.4415,0.034415,False,2023-04
2023-04-01,PLD,buy_call,3.5487,1,1.1177,-2.431,-0.02431,False,2023-04
2023-04-01,PM,skip,0.0,0,4.1794,0.0,0.0,False,2023-04
2023-04-01,QCOM,buy_call,4.3877,1,-7.8904,-4.3877,-0.043877,False,2023-04
2023-04-01,RTX,buy_call,2.9189,1,2.0116,-0.9073,-0.009073,False,2023-04
2023-04-01,SBUX,buy_call,1.2253,1,9.757,8.5317,0.085317,False,2023-04
2023-04-01,SCHW,skip,0.0,0,-0.2673,0.0,0.0,False,2023-04
2023-04-01,SO,buy_call,1.2253,1,5.7057,4.4803,0.044803,False,2023-04
2023-04-01,SPGI,buy_call,2.3943,1,5.1658,2.7714,0.027714,False,2023-04
2023-04-01,SYK,buy_call,0.9506,1,5.2502,4.2995,0.042995,False,2023-04
2023-04-01,T,buy_call,3.0055,1,-8.2078,-3.0055,-0.030055,False,2023-04
2023-04-01,TJX,buy_call,1.8419,1,0.587,-1.2549,-0.012549,False,2023-04
2023-04-01,TMO,buy_call,2.8279,1,-3.6628,-2.8279,-0.028279,False,2023-04
2023-04-01,TMUS,buy_call,3.0055,1,-0.649,-3.0055,-0.030055,False,2023-04
2023-04-01,TXN,buy_call,1.9505,1,-10.1124,-1.9505,-0.019505,False,2023-04
2023-04-01,UNH,skip,0.0,0,4.4971,0.0,0.0,False,2023-04
2023-04-01,UNP,skip,0.0,0,-2.7626,0.0,0.0,False,2023-04
2023-04-01,UPS,buy_call,3.5487,1,-7.3097,-3.5487,-0.035487,False,2023-04
2023-04-01,V,buy_call,3.0853,1,3.2245,0.1392,0.001392,False,2023-04
2023-04-01,VRTX,buy_call,1.8561,1,8.1442,6.2882,0.062882,False,2023-04
2023-04-01,VZ,buy_call,3.0055,1,-0.1543,-3.0055,-0.030055,False,2023-04
2023-04-01,WFC,skip,0.0,0,6.3403,0.0,0.0,False,2023-04
2023-04-01,WM,buy_call,3.0,1,2.2425,-0.7575,-0.007575,False,2023-04
2023-04-01,XOM,buy_call,2.9189,1,7.9154,4.9964,0.049964,False,2023-04
2023-04-01,ZTS,skip,0.0,0,5.6116,0.0,0.0,False,2023-04
2023-05-01,AAPL,buy_call,1.5629,1,4.4614,2.8985,0.028985,False,2023-05
2023-05-01,ABBV,skip,0.0,0,-7.8685,0.0,0.0,False,2023-05
2023-05-01,ABT,buy_call,1.8977,1,-7.2058,-1.8977,-0.018977,False,2023-05
2023-05-01,ACN,skip,0.0,0,9.5727,0.0,0.0,False,2023-05
2023-05-01,ADBE,skip,0.0,0,10.6553,0.0,0.0,False,2023-05
2023-05-01,ADI,skip,0.0,0,-1.2175,0.0,0.0,False,2023-05
2023-05-01,ADP,skip,0.0,0,-5.0045,0.0,0.0,False,2023-05
2023-05-01,AMAT,skip,0.0,0,17.9333,0.0,0.0,False,2023-05
2023-05-01,AMGN,skip,0.0,0,-7.9628,0.0,0.0,False,2023-05
2023-05-01,AMT,buy_call,1.7685,1,-9.0894,-1.7685,-0.017685,False,2023-05
2023-05-01,AMZN,buy_call,2.9137,1,14.348,11.4344,0.114344,False,2023-05
2023-05-01,AVGO,skip,0.0,0,28.9641,0.0,0.0,False,2023-05
2023-05-01,AXP,skip,0.0,0,-1.359,0.0,0.0,False,2023-05
2023-05-01,BAC,buy_call,3.9841,1,-5.0888,-3.9841,-0.039841,False,2023-05
2023-05-01,BDX,buy_call,1.8977,1,-8.5317,-1.8977,-0.018977,False,2023-05
2023-05-01,BKNG,buy_call,3.0,1,-6.6091,-3.0,-0.03,False,2023-05
2023-05-01,BLK,buy_call,2.1324,1,-2.0337,-2.1324,-0.021324,False,2023-05
2023-05-01,BMY,skip,0.0,0,-2.6952,0.0,0.0,False,2023-05
2023-05-01,BRK-B,buy_call,1.3885,1,-2.2736,-1.3885,-0.013885,False,2023-05
2023-05-01,BSX,buy_call,1.8977,1,-1.2279,-1.8977,-0.018977,False,2023-05
2023-05-01,CAT,skip,0.0,0,-5.4539,0.0,0.0,False,2023-05
2023-05-01,CB,buy_call,2.1324,1,-7.819,-2.1324,-0.021324,False,2023-05
2023-05-01,CMCSA,buy_call,1.1284,1,-4.1515,-1.1284,-0.011284,False,2023-05
2023-05-01,COP,buy_call,2.8781,1,-3.4892,-2.8781,-0.028781,False,2023-05
2023-05-01,COST,buy_call,2.2523,1,1.6573,-0.595,-0.00595,False,2023-05
2023-05-01,CRM,skip,0.0,0,12.6077,0.0,0.0,False,2023-05
2023-05-01,CSCO,skip,0.0,0,5.9113,0.0,0.0,False,2023-05
2023-05-01,CVS,skip,0.0,0,-6.4395,0.0,0.0,False,2023-05
2023-05-01,CVX,buy_call,2.3153,1,-10.6537,-2.3153,-0.023153,False,2023-05
2023-05-01,DE,skip,0.0,0,-8.4757,0.0,0.0,False,2023-05
2023-05-01,DHR,skip,0.0,0,-3.0771,0.0,0.0,False,2023-05
2023-05-01,DIS,buy_call,2.6168,1,-14.1854,-2.6168,-0.026168,False,2023-05
2023-05-01,DUK,buy_call,1.233,1,-9.6986,-1.233,-0.01233,False,2023-05
2023-05-01,EL,buy_call,3.0,1,-25.4094,-3.0,-0.03,False,2023-05
2023-05-01,EOG,buy_call,2.8781,1,-9.5852,-2.8781,-0.028781,False,2023-05
2023-05-01,EQIX,buy_call,1.7685,1,2.9651,1.1967,0.011967,False,2023-05
2023-05-01,GE,buy_call,2.8781,1,2.5866,-0.2914,-0.002914,False,2023-05
2023-05-01,GILD,buy_call,2.0555,1,-6.4104,-2.0555,-0.020555,False,2023-05
2023-05-01,GOOGL,buy_call,2.9199,1,14.4681,11.5481,0.115481,False,2023-05
2023-05-01,GS,buy_call,2.1324,1,-5.6895,-2.1324,-0.021324,False,2023-05
2023-05-01,HD,buy_call,3.8777,1,-5.6864,-3.8777,-0.038777,False,2023-05
2023-05-01,HON,buy_call,1.7685,1,-4.1233,-1.7685,-0.017685,False,2023-05
2023-05-01,HUM,buy_call,2.0231,1,-5.395,-2.0231,-0.020231,False,2023-05
2023-05-01,IBM,skip,0.0,0,1.7245,0.0,0.0,False,2023-05
2023-05-01,INTC,skip,0.0,0,1.2234,0.0,0.0,False,2023-05
2023-05-01,INTU,skip,0.0,0,-5.425,0.0,0.0,False,2023-05
2023-05-01,ISRG,buy_call,1.8977,1,2.1977,0.3001,0.003001,False,2023-05
2023-05-01,ITW,skip,0.0,0,-9.5933,0.0,0.0,False,2023-05
2023-05-01,JNJ,buy_call,2.1661,1,-5.278,-2.1661,-0.021661,False,2023-05
2023-05-01,JPM,buy_call,2.1324,1,-1.0597,-2.1324,-0.021324,False,2023-05
2023-05-01,KO,buy_call,1.233,1,-6.9992,-1.233,-0.01233,False,2023-05
2023-05-01,LLY,buy_call,2.3489,1,8.4878,6.139,0.06139,False,2023-05
2023-05-01,LMT,skip,0.0,0,-4.4009,0.0,0.0,False,2023-05
2023-05-01,LOW,buy_call,3.8777,1,-2.7399,-3.8777,-0.038777,False,2023-05
2023-05-01,LRCX,skip,0.0,0,17.6729,0.0,0.0,False,2023-05
2023-05-01,MA,buy_call,2.3521,1,-3.799,-2.3521,-0.023521,False,2023-05
2023-05-01,MCD,buy_call,1.233,1,-3.5976,-1.233,-0.01233,False,2023-05
2023-05-01,MDLZ,buy_call,1.7234,1,-4.3144,-1.7234,-0.017234,False,2023-05
2023-05-01,MDT,buy_call,1.8977,1,-9.0049,-1.8977,-0.018977,False,2023-05
2023-05-01,META,buy_call,3.3414,1,10.1531,6.8118,0.068118,False,2023-05
2023-05-01,MRK,buy_call,1.8561,1,-4.3821,-1.8561,-0.018561,False,2023-05
2023-05-01,MS,buy_call,2.1324,1,-8.3382,-2.1324,-0.021324,False,2023-05
2023-05-01,MSFT,buy_call,2.8745,1,6.8769,4.0024,0.040024,False,2023-05
2023-05-01,MU,buy_call,5.3715,1,6.1806,0.8091,0.008091,False,2023-05
2023-05-01,NEE,skip,0.0,0,-4.1368,0.0,0.0,False,2023-05
2023-05-01,NFLX,skip,0.0,0,19.7921,0.0,0.0,False,2023-05
2023-05-01,NKE,buy_call,2.9922,1,-16.935,-2.9922,-0.029922,False,2023-05
2023-05-01,NOC,skip,0.0,0,-5.5889,0.0,0.0,False,2023-05
2023-05-01,NOW,skip,0.0,0,18.5799,0.0,0.0,False,2023-05
2023-05-01,NVDA,skip,0.0,0,36.3436,0.0,0.0,False,2023-05
2023-05-01,ORCL,buy_call,1.7878,1,12.3138,10.526,0.10526,False,2023-05
2023-05-01,PEP,buy_call,1.7234,1,-4.4738,-1.7234,-0.017234,False,2023-05
2023-05-01,PFE,skip,0.0,0,-2.2371,0.0,0.0,False,2023-05
2023-05-01,PG,buy_call,1.1422,1,-8.3053,-1.1422,-0.011422,False,2023-05
2023-05-01,PLD,buy_call,1.7685,1,-0.5589,-1.7685,-0.017685,False,2023-05
2023-05-01,PM,buy_call,1.7234,1,-9.963,-1.7234,-0.017234,False,2023-05
2023-05-01,QCOM,skip,0.0,0,-2.9024,0.0,0.0,False,2023-05
2023-05-01,RTX,buy_call,2.8781,1,-7.7677,-2.8781,-0.028781,False,2023-05
2023-05-01,SBUX,buy_call,1.233,1,-14.5682,-1.233,-0.01233,False,2023-05
2023-05-01,SCHW,skip,0.0,0,0.8614,0.0,0.0,False,2023-05
2023-05-01,SO,buy_call,1.233,1,-5.1665,-1.233,-0.01233,False,2023-05
2023-05-01,SPGI,buy_call,2.1324,1,1.3377,-0.7947,-0.007947,False,2023-05
2023-05-01,SYK,buy_call,1.8977,1,-8.0327,-1.8977,-0.018977,False,2023-05
2023-05-01,T,skip,0.0,0,-9.7166,0.0,0.0,False,2023-05
2023-05-01,TJX,buy_call,2.631,1,-2.5755,-2.631,-0.02631,False,2023-05
2023-05-01,TMO,skip,0.0,0,-8.3691,0.0,0.0,False,2023-05
2023-05-01,TMUS,skip,0.0,0,-4.6213,0.0,0.0,False,2023-05
2023-05-01,TXN,skip,0.0,0,3.9952,0.0,0.0,False,2023-05
2023-05-01,UNH,buy_call,2.0231,1,-0.9856,-2.0231,-0.020231,False,2023-05
2023-05-01,UNP,skip,0.0,0,-1.6249,0.0,0.0,False,2023-05
2023-05-01,UPS,skip,0.0,0,-7.1242,0.0,0.0,False,2023-05
2023-05-01,V,buy_call,2.7339,1,-5.0273,-2.7339,-0.027339,False,2023-05
2023-05-01,VRTX,buy_call,2.0555,1,-5.0362,-2.0555,-0.020555,False,2023-05
2023-05-01,VZ,skip,0.0,0,-6.7225,0.0,0.0,False,2023-05
2023-05-01,WFC,buy_call,3.2871,1,0.151,-3.1361,-0.031361,False,2023-05
2023-05-01,WM,buy_call,3.0,1,-2.4872,-3.0,-0.03,False,2023-05
2023-05-01,XOM,buy_call,2.8781,1,-13.6556,-2.8781,-0.028781,False,2023-05
2023-05-01,ZTS,buy_call,2.0555,1,-7.0656,-2.0555,-0.020555,False,2023-05
2023-06-01,AAPL,buy_call,2.1448,2,9.5844,7.4395,0.14879,True,2023-06
2023-06-01,ABBV,skip,0.0,0,-2.3413,0.0,0.0,True,2023-06
2023-06-01,ABT,skip,0.0,0,6.8823,0.0,0.0,True,2023-06
2023-06-01,ACN,buy_call,3.1651,2,0.8695,-2.2957,-0.045914,True,2023-06
2023-06-01,ADBE,buy_call,1.8518,2,17.042,15.1902,0.303804,True,2023-06
2023-06-01,ADI,skip,0.0,0,9.6347,0.0,0.0,True,2023-06
2023-06-01,ADP,skip,0.0,0,5.1677,0.0,0.0,True,2023-06
2023-06-01,AMAT,buy_call,4.1737,2,8.7115,4.5378,0.090756,True,2023-06
2023-06-01,AMGN,skip,0.0,0,1.5703,0.0,0.0,True,2023-06
2023-06-01,AMT,skip,0.0,0,5.1507,0.0,0.0,True,2023-06
2023-06-01,AMZN,buy_call,3.2425,2,8.1108,4.8683,0.097366,True,2023-06
2023-06-01,AVGO,buy_call,4.1737,2,7.3605,3.1868,0.063736,True,2023-06
2023-06-01,AXP,skip,0.0,0,9.8638,0.0,0.0,True,2023-06
2023-06-01,BAC,skip,0.0,0,3.2386,0.0,0.0,True,2023-06
2023-06-01,BDX,skip,0.0,0,9.2033,0.0,0.0,True,2023-06
2023-06-01,BKNG,skip,0.0,0,7.6356,0.0,0.0,True,2023-06
2023-06-01,BLK,skip,0.0,0,5.1084,0.0,0.0,True,2023-06
2023-06-01,BMY,skip,0.0,0,-0.7604,0.0,0.0,True,2023-06
2023-06-01,BRK-B,skip,0.0,0,6.2041,0.0,0.0,True,2023-06
2023-06-01,BSX,skip,0.0,0,5.0699,0.0,0.0,True,2023-06
2023-06-01,CAT,skip,0.0,0,19.5869,0.0,0.0,True,2023-06
2023-06-01,CB,skip,0.0,0,3.6383,0.0,0.0,True,2023-06
2023-06-01,CMCSA,skip,0.0,0,5.5908,0.0,0.0,True,2023-06
2023-06-01,COP,skip,0.0,0,4.8783,0.0,0.0,True,2023-06
2023-06-01,COST,buy_call,1.5963,2,5.4623,3.866,0.07732,True,2023-06
2023-06-01,CRM,buy_call,3.4115,2,-5.4257,-3.4115,-0.06823,True,2023-06
2023-06-01,CSCO,buy_call,1.425,2,4.1675,2.7425,0.05485,True,2023-06
2023-06-01,CVS,skip,0.0,0,1.6169,0.0,0.0,True,2023-06
2023-06-01,CVX,skip,0.0,0,5.4912,0.0,0.0,True,2023-06
2023-06-01,DE,skip,0.0,0,17.1137,0.0,0.0,True,2023-06
2023-06-01,DHR,skip,0.0,0,4.5205,0.0,0.0,True,2023-06
2023-06-01,DIS,skip,0.0,0,1.5007,0.0,0.0,True,2023-06
2023-06-01,DUK,skip,0.0,0,1.5332,0.0,0.0,True,2023-06
2023-06-01,EL,skip,0.0,0,7.0743,0.0,0.0,True,2023-06
2023-06-01,EOG,skip,0.0,0,6.6642,0.0,0.0,True,2023-06
2023-06-01,EQIX,buy_call,1.425,2,5.6449,4.2199,0.084398,True,2023-06
2023-06-01,GE,buy_call,2.5371,2,8.1946,5.6575,0.11315,True,2023-06
2023-06-01,GILD,skip,0.0,0,0.169,0.0,0.0,True,2023-06
2023-06-01,GOOGL,buy_call,2.7428,2,-2.58,-2.7428,-0.054856,True,2023-06
2023-06-01,GS,skip,0.0,0,0.3383,0.0,0.0,True,2023-06
2023-06-01,HD,skip,0.0,0,10.3815,0.0,0.0,True,2023-06
2023-06-01,HON,skip,0.0,0,8.8667,0.0,0.0,True,2023-06
2023-06-01,HUM,skip,0.0,0,-10.9072,0.0,0.0,True,2023-06
2023-06-01,IBM,buy_call,1.425,2,5.4783,4.0533,0.081066,True,2023-06
2023-06-01,INTC,buy_call,4.1737,2,6.7969,2.6232,0.052464,True,2023-06
2023-06-01,INTU,skip,0.0,0,9.3219,0.0,0.0,True,2023-06
2023-06-01,ISRG,buy_call,1.7467,2,11.0772,9.3304,0.186608,True,2023-06
2023-06-01,ITW,skip,0.0,0,14.3693,0.0,0.0,True,2023-06
2023-06-01,JNJ,skip,0.0,0,7.5512,0.0,0.0,True,2023-06
2023-06-01,JPM,skip,0.0,0,7.1697,0.0,0.0,True,2023-06
2023-06-01,KO,skip,0.0,0,0.9387,0.0,0.0,True,2023-06
2023-06-01,LLY,buy_call,2.2919,2,9.4863,7.1944,0.143888,True,2023-06
2023-06-01,LMT,skip,0.0,0,4.3859,0.0,0.0,True,2023-06
2023-06-01,LOW,skip,0.0,0,12.216,0.0,0.0,True,2023-06
2023-06-01,LRCX,buy_call,4.1737,2,4.2419,0.0682,0.001364,True,2023-06
2023-06-01,MA,skip,0.0,0,7.7475,0.0,0.0,True,2023-06
2023-06-01,MCD,skip,0.0,0,4.6649,0.0,0.0,True,2023-06
2023-06-01,MDLZ,skip,0.0,0,-0.6402,0.0,0.0,True,2023-06
2023-06-01,MDT,skip,0.0,0,6.4524,0.0,0.0,True,2023-06
2023-06-01,META,buy_call,2.8489,2,8.4089,5.5599,0.111198,True,2023-06
2023-06-01,MRK,skip,0.0,0,4.5105,0.0,0.0,True,2023-06
2023-06-01,MS,skip,0.0,0,4.452,0.0,0.0,True,2023-06
2023-06-01,MSFT,buy_call,1.8518,2,3.9266,2.0748,0.041496,True,2023-06
2023-06-01,MU,buy_call,4.4314,2,-7.4633,-4.4314,-0.088628,True,2023-06
2023-06-01,NEE,skip,0.0,0,1.6556,0.0,0.0,True,2023-06
2023-06-01,NFLX,buy_call,4.3127,2,11.4516,7.1389,0.142778,True,2023-06
2023-06-01,NKE,skip,0.0,0,4.8546,0.0,0.0,True,2023-06
2023-06-01,NOC,skip,0.0,0,5.1172,0.0,0.0,True,2023-06
2023-06-01,NOW,buy_call,2.5065,2,3.1554,0.6489,0.012978,True,2023-06
2023-06-01,NVDA,buy_call,4.4314,2,11.8095,7.3781,0.147562,True,2023-06
2023-06-01,ORCL,buy_call,5.3801,2,12.4127,7.0326,0.140652,True,2023-06
2023-06-01,PEP,skip,0.0,0,1.5739,0.0,0.0,True,2023-06
2023-06-01,PFE,skip,0.0,0,-2.4805,0.0,0.0,True,2023-06
2023-06-01,PG,skip,0.0,0,6.4842,0.0,0.0,True,2023-06
2023-06-01,PLD,skip,0.0,0,-1.5416,0.0,0.0,True,2023-06
2023-06-01,PM,skip,0.0,0,8.4546,0.0,0.0,True,2023-06
2023-06-01,QCOM,skip,0.0,0,5.6932,0.0,0.0,True,2023-06
2023-06-01,RTX,skip,0.0,0,6.97,0.0,0.0,True,2023-06
2023-06-01,SBUX,skip,0.0,0,1.9595,0.0,0.0,True,2023-06
2023-06-01,SCHW,buy_call,2.0987,2,8.1412,6.0424,0.120848,True,2023-06
2023-06-01,SO,skip,0.0,0,1.6702,0.0,0.0,True,2023-06
2023-06-01,SPGI,buy_call,2.0987,2,9.3829,7.2841,0.145682,True,2023-06
2023-06-01,SYK,skip,0.0,0,10.7083,0.0,0.0,True,2023-06
2023-06-01,T,skip,0.0,0,1.3986,0.0,0.0,True,2023-06
2023-06-01,TJX,skip,0.0,0,10.8879,0.0,0.0,True,2023-06
2023-06-01,TMO,skip,0.0,0,2.6138,0.0,0.0,True,2023-06
2023-06-01,TMUS,skip,0.0,0,1.2022,0.0,0.0,True,2023-06
2023-06-01,TXN,buy_call,4.1737,2,4.3282,0.1545,0.00309,True,2023-06
2023-06-01,UNH,skip,0.0,0,-1.3546,0.0,0.0,True,2023-06
2023-06-01,UNP,skip,0.0,0,7.0054,0.0,0.0,True,2023-06
2023-06-01,UPS,skip,0.0,0,8.3666,0.0,0.0,True,2023-06
2023-06-01,V,skip,0.0,0,7.6519,0.0,0.0,True,2023-06
2023-06-01,VRTX,skip,0.0,0,8.7585,0.0,0.0,True,2023-06
2023-06-01,VZ,skip,0.0,0,4.3783,0.0,0.0,True,2023-06
2023-06-01,WFC,buy_call,3.1757,2,8.0479,4.8722,0.097444,True,2023-06
2023-06-01,WM,skip,0.0,0,7.1023,0.0,0.0,True,2023-06
2023-06-01,XOM,skip,0.0,0,5.8726,0.0,0.0,True,2023-06
2023-06-01,ZTS,skip,0.0,0,5.6438,0.0,0.0,True,2023-06
2023-07-01,AAPL,buy_call,2.9948,1,1.2785,-1.7162,-0.017162,False,2023-07
2023-07-01,ABBV,skip,0.0,0,11.022,0.0,0.0,False,2023-07
2023-07-01,ABT,buy_call,2.4623,1,2.1189,-0.3435,-0.003435,False,2023-07
2023-07-01,ACN,buy_call,1.5406,1,2.518,0.9774,0.009774,False,2023-07
2023-07-01,ADBE,buy_call,3.3035,1,11.6935,8.39,0.0839,False,2023-07
2023-07-01,ADI,buy_call,2.3625,1,2.9135,0.551,0.00551,False,2023-07
2023-07-01,ADP,buy_call,2.5842,1,13.1517,10.5675,0.105675,False,2023-07
2023-07-01,AMAT,buy_call,2.3625,1,4.8776,2.5151,0.025151,False,2023-07
2023-07-01,AMGN,buy_call,3.1559,1,5.4635,2.3075,0.023075,False,2023-07
2023-07-01,AMT,buy_call,2.5842,1,-1.067,-2.5842,-0.025842,False,2023-07
2023-07-01,AMZN,buy_call,4.5874,1,2.5468,-2.0406,-0.020406,False,2023-07
2023-07-01,AVGO,buy_call,2.3625,1,4.1511,1.7886,0.017886,False,2023-07
2023-07-01,AXP,buy_call,1.9471,1,-3.054,-1.9471,-0.019471,False,2023-07
2023-07-01,BAC,buy_call,3.7683,1,12.4271,8.6588,0.086588,False,2023-07
2023-07-01,BDX,buy_call,2.4623,1,5.916,3.4537,0.034537,False,2023-07
2023-07-01,BKNG,buy_call,3.0,1,10.0162,7.0162,0.070162,False,2023-07
2023-07-01,BLK,buy_call,2.2099,1,7.6892,5.4794,0.054794,False,2023-07
2023-07-01,BMY,skip,0.0,0,-2.7522,0.0,0.0,False,2023-07
2023-07-01,BRK-B,buy_call,1.3314,1,3.2141,1.8827,0.018827,False,2023-07
2023-07-01,BSX,buy_call,2.4623,1,-4.1412,-2.4623,-0.024623,False,2023-07
2023-07-01,CAT,buy_call,2.9195,1,7.7708,4.8513,0.048513,False,2023-07
2023-07-01,CB,buy_call,2.2099,1,6.6396,4.4297,0.044297,False,2023-07
2023-07-01,CMCSA,buy_call,2.7613,1,8.929,6.1677,0.061677,False,2023-07
2023-07-01,COP,buy_call,2.9195,1,14.301,11.3816,0.113816,False,2023-07
2023-07-01,COST,buy_call,1.5226,1,4.1402,2.6176,0.026176,False,2023-07
2023-07-01,CRM,skip,0.0,0,6.5086,0.0,0.0,False,2023-07
2023-07-01,CSCO,buy_call,2.5842,1,0.5798,-2.0044,-0.020044,False,2023-07
2023-07-01,CVS,buy_call,3.1324,1,8.0428,4.9104,0.049104,False,2023-07
2023-07-01,CVX,buy_call,2.4,1,4.0102,1.6102,0.016102,False,2023-07
2023-07-01,DE,buy_call,2.9195,1,6.3524,3.4329,0.034329,False,2023-07
2023-07-01,DHR,buy_call,2.4623,1,6.3974,3.935,0.03935,False,2023-07
2023-07-01,DIS,buy_call,2.415,1,-0.4368,-2.415,-0.02415,False,2023-07
2023-07-01,DUK,buy_call,1.4385,1,4.3236,2.8851,0.028851,False,2023-07
2023-07-01,EL,buy_call,3.0,1,-8.341,-3.0,-0.03,False,2023-07
2023-07-01,EOG,buy_call,2.9195,1,15.8074,12.8879,0.128879,False,2023-07
2023-07-01,EQIX,buy_call,2.5842,1,3.314,0.7298,0.007298,False,2023-07
2023-07-01,GE,buy_call,2.9195,1,3.9964,1.0769,0.010769,False,2023-07
2023-07-01,GILD,buy_call,3.1559,1,-0.2531,-3.1559,-0.031559,False,2023-07
2023-07-01,GOOGL,skip,0.0,0,10.8772,0.0,0.0,False,2023-07
2023-07-01,GS,buy_call,2.2099,1,10.3336,8.1237,0.081237,False,2023-07
2023-07-01,HD,buy_call,1.3993,1,7.4684,6.0692,0.060692,False,2023-07
2023-07-01,HON,buy_call,2.5842,1,-6.4434,-2.5842,-0.025842,False,2023-07
2023-07-01,HUM,skip,0.0,0,2.3731,0.0,0.0,False,2023-07
2023-07-01,IBM,buy_call,2.5842,1,7.7498,5.1656,0.051656,False,2023-07
2023-07-01,INTC,buy_call,2.3625,1,6.9677,4.6052,0.046052,False,2023-07
2023-07-01,INTU,buy_call,3.0935,1,11.6786,8.5851,0.085851,False,2023-07
2023-07-01,ISRG,buy_call,2.4623,1,-5.1296,-2.4623,-0.024623,False,2023-07
2023-07-01,ITW,buy_call,2.5842,1,5.8194,3.2352,0.032352,False,2023-07
2023-07-01,JNJ,buy_call,1.8281,1,1.2144,-0.6137,-0.006137,False,2023-07
2023-07-01,JPM,buy_call,2.2099,1,8.6084,6.3985,0.063985,False,2023-07
2023-07-01,KO,buy_call,1.4385,1,3.6228,2.1843,0.021843,False,2023-07
2023-07-01,LLY,buy_call,3.0029,1,-3.0769,-3.0029,-0.030029,False,2023-07
2023-07-01,LMT,buy_call,2.9195,1,-3.0431,-2.9195,-0.029195,False,2023-07
2023-07-01,LOW,buy_call,1.3993,1,3.7971,2.3978,0.023978,False,2023-07
2023-07-01,LRCX,buy_call,2.3625,1,12.0727,9.7102,0.097102,False,2023-07
2023-07-01,MA,buy_call,1.9471,1,0.2492,-1.6979,-0.016979,False,2023-07
2023-07-01,MCD,buy_call,1.4385,1,-1.2244,-1.4385,-0.014385,False,2023-07
2023-07-01,MDLZ,skip,0.0,0,2.1687,0.0,0.0,False,2023-07
2023-07-01,MDT,buy_call,2.4623,1,0.3984,-2.0639,-0.020639,False,2023-07
2023-07-01,META,buy_call,6.3786,1,11.0182,4.6396,0.046396,False,2023-07
2023-07-01,MRK,buy_call,2.3278,1,-6.9568,-2.3278,-0.023278,False,2023-07
2023-07-01,MS,buy_call,2.2099,1,7.2131,5.0033,0.050033,False,2023-07
2023-07-01,MSFT,buy_call,3.3035,1,-1.3566,-3.3035,-0.033035,False,2023-07
2023-07-01,MU,skip,0.0,0,13.1199,0.0,0.0,False,2023-07
2023-07-01,NEE,buy_call,1.4385,1,-1.2129,-1.4385,-0.014385,False,2023-07
2023-07-01,NFLX,buy_call,5.6236,1,-0.3451,-5.6236,-0.056236,False,2023-07
2023-07-01,NKE,buy_call,2.5525,1,0.3473,-2.2051,-0.022051,False,2023-07
2023-07-01,NOC,buy_call,2.9195,1,-2.3695,-2.9195,-0.029195,False,2023-07
2023-07-01,NOW,buy_call,4.2906,1,3.7422,-0.5484,-0.005484,False,2023-07
2023-07-01,NVDA,buy_call,4.3605,1,10.4767,6.1162,0.061162,False,2023-07
2023-07-01,ORCL,buy_call,2.5494,1,-1.5618,-2.5494,-0.025494,False,2023-07
2023-07-01,PEP,buy_call,1.7404,1,1.9164,0.176,0.00176,False,2023-07
2023-07-01,PFE,skip,0.0,0,-1.6903,0.0,0.0,False,2023-07
2023-07-01,PG,buy_call,2.0532,1,3.0051,0.9519,0.009519,False,2023-07
2023-07-01,PLD,skip,0.0,0,2.4578,0.0,0.0,False,2023-07
2023-07-01,PM,buy_call,1.7404,1,3.5157,1.7752,0.017752,False,2023-07
2023-07-01,QCOM,buy_call,4.0758,1,11.0299,6.9541,0.069541,False,2023-07
2023-07-01,RTX,buy_call,2.9195,1,-10.2389,-2.9195,-0.029195,False,2023-07
2023-07-01,SBUX,buy_call,1.4385,1,2.5338,1.0953,0.010953,False,2023-07
2023-07-01,SCHW,buy_call,2.2099,1,16.6196,14.4098,0.144098,False,2023-07
2023-07-01,SO,buy_call,1.4385,1,2.9751,1.5366,0.015366,False,2023-07
2023-07-01,SPGI,buy_call,2.2099,1,-1.5915,-2.2099,-0.022099,False,2023-07
2023-07-01,SYK,buy_call,2.4623,1,-6.8735,-2.4623,-0.024623,False,2023-07
2023-07-01,T,buy_call,2.7613,1,-8.9655,-2.7613,-0.027613,False,2023-07
2023-07-01,TJX,buy_call,1.4504,1,2.0521,0.6017,0.006017,False,2023-07
2023-07-01,TMO,buy_call,2.0478,1,5.2276,3.1798,0.031798,False,2023-07
2023-07-01,TMUS,buy_call,2.7613,1,-0.8135,-2.7613,-0.027613,False,2023-07
2023-07-01,TXN,buy_call,2.3625,1,-0.0111,-2.3625,-0.023625,False,2023-07
2023-07-01,UNH,skip,0.0,0,5.7857,0.0,0.0,False,2023-07
2023-07-01,UNP,buy_call,2.9195,1,13.3907,10.4712,0.104712,False,2023-07
2023-07-01,UPS,buy_call,2.5842,1,4.3961,1.8119,0.018119,False,2023-07
2023-07-01,V,buy_call,2.5621,1,0.1053,-2.4569,-0.024569,False,2023-07
2023-07-01,VRTX,buy_call,3.1559,1,0.1222,-3.0337,-0.030337,False,2023-07
2023-07-01,VZ,buy_call,2.7613,1,-8.3625,-2.7613,-0.027613,False,2023-07
2023-07-01,WFC,buy_call,3.0879,1,8.1537,5.0658,0.050658,False,2023-07
2023-07-01,WM,buy_call,3.0,1,-5.1429,-3.0,-0.03,False,2023-07
2023-07-01,XOM,buy_call,2.9195,1,-0.0093,-2.9195,-0.029195,False,2023-07
2023-07-01,ZTS,buy_call,3.1559,1,9.2213,6.0654,0.060654,False,2023-07
2023-08-01,AAPL,buy_call,2.7355,1,-4.3675,-2.7355,-0.027355,False,2023-08
2023-08-01,ABBV,buy_call,1.5877,1,-0.6624,-1.5877,-0.015877,False,2023-08
2023-08-01,ABT,buy_call,1.8224,1,-7.1288,-1.8224,-0.018224,False,2023-08
2023-08-01,ACN,buy_call,2.7011,1,2.717,0.0158,0.000158,False,2023-08
2023-08-01,ADBE,buy_call,2.6042,1,2.4113,-0.1929,-0.001929,False,2023-08
2023-08-01,ADI,buy_call,4.0597,1,-8.8959,-4.0597,-0.040597,False,2023-08
2023-08-01,ADP,buy_call,2.113,1,2.9726,0.8596,0.008596,False,2023-08
2023-08-01,AMAT,buy_call,4.0597,1,0.7718,-3.2879,-0.032879,False,2023-08
2023-08-01,AMGN,buy_call,1.5877,1,9.4768,7.8891,0.078891,False,2023-08
2023-08-01,AMT,skip,0.0,0,-4.7239,0.0,0.0,False,2023-08
2023-08-01,AMZN,buy_call,3.0755,1,3.2391,0.1636,0.001636,False,2023-08
2023-08-01,AVGO,buy_call,4.0597,1,2.6974,-1.3623,-0.013623,False,2023-08
2023-08-01,AXP,skip,0.0,0,-6.1276,0.0,0.0,False,2023-08
2023-08-01,BAC,buy_call,2.9134,1,-10.4063,-2.9134,-0.029134,False,2023-08
2023-08-01,BDX,buy_call,1.8224,1,0.2979,-1.5245,-0.015245,False,2023-08
2023-08-01,BKNG,buy_call,3.0,1,4.5183,1.5183,0.015183,False,2023-08
2023-08-01,BLK,buy_call,2.0117,1,-5.1851,-2.0117,-0.020117,False,2023-08
2023-08-01,BMY,skip,0.0,0,0.0124,0.0,0.0,False,2023-08
2023-08-01,BRK-B,buy_call,1.3227,1,2.3412,1.0185,0.010185,False,2023-08
2023-08-01,BSX,skip,0.0,0,4.0309,0.0,0.0,False,2023-08
2023-08-01,CAT,buy_call,2.8914,1,6.5438,3.6524,0.036524,False,2023-08
2023-08-01,CB,buy_call,2.0117,1,-1.7318,-2.0117,-0.020117,False,2023-08
2023-08-01,CMCSA,buy_call,1.4733,1,4.0403,2.5671,0.025671,False,2023-08
2023-08-01,COP,buy_call,2.8914,1,1.1128,-1.7786,-0.017786,False,2023-08
2023-08-01,COST,buy_call,2.2919,1,-2.0315,-2.2919,-0.022919,False,2023-08
2023-08-01,CRM,buy_call,3.9489,1,-1.5777,-3.9489,-0.039489,False,2023-08
2023-08-01,CSCO,buy_call,2.113,1,11.0394,8.9264,0.089264,False,2023-08
2023-08-01,CVS,buy_call,1.5965,1,-12.0305,-1.5965,-0.015965,False,2023-08
2023-08-01,CVX,buy_call,2.7694,1,-1.5642,-2.7694,-0.027694,False,2023-08
2023-08-01,DE,buy_call,2.8914,1,-4.3436,-2.8914,-0.028914,False,2023-08
2023-08-01,DHR,buy_call,1.8224,1,3.8971,2.0747,0.020747,False,2023-08
2023-08-01,DIS,skip,0.0,0,-5.8612,0.0,0.0,False,2023-08
2023-08-01,DUK,buy_call,1.1119,1,-5.1485,-1.1119,-0.011119,False,2023-08
2023-08-01,EL,skip,0.0,0,-10.8167,0.0,0.0,False,2023-08
2023-08-01,EOG,buy_call,2.8914,1,-2.2926,-2.8914,-0.028914,False,2023-08
2023-08-01,EQIX,buy_call,2.113,1,-3.5238,-2.113,-0.02113,False,2023-08
2023-08-01,GE,buy_call,2.8914,1,0.2667,-2.6248,-0.026248,False,2023-08
2023-08-01,GILD,skip,0.0,0,0.4466,0.0,0.0,False,2023-08
2023-08-01,GOOGL,buy_call,2.956,1,2.5995,-0.3565,-0.003565,False,2023-08
2023-08-01,GS,buy_call,2.0117,1,-7.913,-2.0117,-0.020117,False,2023-08
2023-08-01,HD,buy_call,3.2974,1,-1.0604,-3.2974,-0.032974,False,2023-08
2023-08-01,HON,skip,0.0,0,-3.1886,0.0,0.0,False,2023-08
2023-08-01,HUM,buy_call,1.5965,1,1.0507,-0.5458,-0.005458,False,2023-08
2023-08-01,IBM,buy_call,2.113,1,1.838,-0.275,-0.00275,False,2023-08
2023-08-01,INTC,buy_call,4.0597,1,-1.7612,-4.0597,-0.040597,False,2023-08
2023-08-01,INTU,buy_call,4.0185,1,6.0675,2.049,0.02049,False,2023-08
2023-08-01,ISRG,skip,0.0,0,-3.6128,0.0,0.0,False,2023-08
2023-08-01,ITW,buy_call,2.113,1,-6.0649,-2.113,-0.02113,False,2023-08
2023-08-01,JNJ,buy_call,3.1458,1,-3.4919,-3.1458,-0.031458,False,2023-08
2023-08-01,JPM,buy_call,2.0117,1,-6.7264,-2.0117,-0.020117,False,2023-08
2023-08-01,KO,buy_call,1.1119,1,-3.3909,-1.1119,-0.011119,False,2023-08
2023-08-01,LLY,skip,0.0,0,21.9228,0.0,0.0,False,2023-08
2023-08-01,LMT,skip,0.0,0,0.4436,0.0,0.0,False,2023-08
2023-08-01,LOW,buy_call,3.2974,1,-1.1531,-3.2974,-0.032974,False,2023-08
2023-08-01,LRCX,buy_call,4.0597,1,-2.2394,-4.0597,-0.040597,False,2023-08
2023-08-01,MA,buy_call,1.6464,1,4.8079,3.1616,0.031616,False,2023-08
2023-08-01,MCD,skip,0.0,0,-4.1098,0.0,0.0,False,2023-08
2023-08-01,MDLZ,buy_call,1.2135,1,-3.8716,-1.2135,-0.012135,False,2023-08
2023-08-01,MDT,buy_call,1.8224,1,-7.1331,-1.8224,-0.018224,False,2023-08
2023-08-01,META,buy_call,3.2752,1,-7.1281,-3.2752,-0.032752,False,2023-08
2023-08-01,MRK,skip,0.0,0,2.1847,0.0,0.0,False,2023-08
2023-08-01,MS,buy_call,2.0117,1,-6.1407,-2.0117,-0.020117,False,2023-08
2023-08-01,MSFT,skip,0.0,0,-2.4292,0.0,0.0,False,2023-08
2023-08-01,MU,buy_call,7.7522,1,-1.8468,-7.7522,-0.077522,False,2023-08
2023-08-01,NEE,skip,0.0,0,-8.8677,0.0,0.0,False,2023-08
2023-08-01,NFLX,skip,0.0,0,-1.2051,0.0,0.0,False,2023-08
2023-08-01,NKE,buy_call,2.6198,1,-7.863,-2.6198,-0.026198,False,2023-08
2023-08-01,NOC,skip,0.0,0,-2.6764,0.0,0.0,False,2023-08
2023-08-01,NOW,buy_call,3.4314,1,1.0,-2.4314,-0.024314,False,2023-08
2023-08-01,NVDA,buy_call,7.7522,1,5.6196,-2.1325,-0.021325,False,2023-08
2023-08-01,ORCL,skip,0.0,0,3.056,0.0,0.0,False,2023-08
2023-08-01,PEP,buy_call,1.2135,1,-5.0891,-1.2135,-0.012135,False,2023-08
2023-08-01,PFE,skip,0.0,0,-0.7926,0.0,0.0,False,2023-08
2023-08-01,PG,buy_call,0.8259,1,-0.6318,-0.8259,-0.008259,False,2023-08
2023-08-01,PLD,buy_call,2.113,1,-0.4409,-2.113,-0.02113,False,2023-08
2023-08-01,PM,buy_call,1.2135,1,-3.6703,-1.2135,-0.012135,False,2023-08
2023-08-01,QCOM,buy_call,3.5294,1,-13.3465,-3.5294,-0.035294,False,2023-08
2023-08-01,RTX,skip,0.0,0,-2.1494,0.0,0.0,False,2023-08
2023-08-01,SBUX,buy_call,1.1119,1,-4.0662,-1.1119,-0.011119,False,2023-08
2023-08-01,SCHW,buy_call,2.0117,1,-10.5144,-2.0117,-0.020117,False,2023-08
2023-08-01,SO,buy_call,1.1119,1,-6.3727,-1.1119,-0.011119,False,2023-08
2023-08-01,SPGI,skip,0.0,0,-0.9252,0.0,0.0,False,2023-08
2023-08-01,SYK,skip,0.0,0,0.0494,0.0,0.0,False,2023-08
2023-08-01,T,skip,0.0,0,3.6756,0.0,0.0,False,2023-08
2023-08-01,TJX,buy_call,2.1198,1,6.8762,4.7565,0.047565,False,2023-08
2023-08-01,TMO,buy_call,1.9108,1,1.5383,-0.3724,-0.003724,False,2023-08
2023-08-01,TMUS,skip,0.0,0,-1.1033,0.0,0.0,False,2023-08
2023-08-01,TXN,skip,0.0,0,-5.9773,0.0,0.0,False,2023-08
2023-08-01,UNH,buy_call,1.5965,1,-5.883,-1.5965,-0.015965,False,2023-08
2023-08-01,UNP,buy_call,2.8914,1,-4.9349,-2.8914,-0.028914,False,2023-08
2023-08-01,UPS,buy_call,2.113,1,-9.4747,-2.113,-0.02113,False,2023-08
2023-08-01,V,buy_call,1.5115,1,3.3441,1.8326,0.018326,False,2023-08
2023-08-01,VRTX,buy_call,1.5877,1,-1.1353,-1.5877,-0.015877,False,2023-08
2023-08-01,VZ,skip,0.0,0,4.4783,0.0,0.0,False,2023-08
2023-08-01,WFC,buy_call,2.3009,1,-10.5503,-2.3009,-0.023009,False,2023-08
2023-08-01,WM,skip,0.0,0,-4.2799,0.0,0.0,False,2023-08
2023-08-01,XOM,skip,0.0,0,3.6833,0.0,0.0,False,2023-08
2023-08-01,ZTS,buy_call,1.5877,1,1.5094,-0.0783,-0.000783,False,2023-08
2023-09-01,AAPL,skip,0.0,0,-8.7448,0.0,0.0,True,2023-09
2023-09-01,ABBV,skip,0.0,0,1.429,0.0,0.0,True,2023-09
2023-09-01,ABT,skip,0.0,0,-5.8795,0.0,0.0,True,2023-09
2023-09-01,ACN,buy_call,2.9626,2,-5.1456,-2.9626,-0.059252,True,2023-09
2023-09-01,ADBE,buy_call,2.3034,2,-8.839,-2.3034,-0.046068,True,2023-09
2023-09-01,ADI,skip,0.0,0,-3.6803,0.0,0.0,True,2023-09
2023-09-01,ADP,buy_call,1.4948,2,-5.5104,-1.4948,-0.029896,True,2023-09
2023-09-01,AMAT,buy_call,3.124,2,-9.171,-3.124,-0.06248,True,2023-09
2023-09-01,AMGN,buy_call,2.0821,2,5.6946,3.6125,0.07225,True,2023-09
2023-09-01,AMT,skip,0.0,0,-9.304,0.0,0.0,True,2023-09
2023-09-01,AMZN,buy_call,2.5469,2,-7.8907,-2.5469,-0.050938,True,2023-09
2023-09-01,AVGO,buy_call,3.124,2,-10.0023,-3.124,-0.06248,True,2023-09
2023-09-01,AXP,skip,0.0,0,-5.57,0.0,0.0,True,2023-09
2023-09-01,BAC,skip,0.0,0,-3.7036,0.0,0.0,True,2023-09
2023-09-01,BDX,buy_call,1.7401,2,-7.4861,-1.7401,-0.034802,True,2023-09
2023-09-01,BKNG,buy_call,3.0,2,-0.6789,-3.0,-0.06,True,2023-09
2023-09-01,BLK,skip,0.0,0,-7.7155,0.0,0.0,True,2023-09
2023-09-01,BMY,buy_call,2.0821,2,-5.8556,-2.0821,-0.041642,True,2023-09
2023-09-01,BRK-B,buy_call,1.231,2,-2.7485,-1.231,-0.02462,True,2023-09
2023-09-01,BSX,buy_call,1.7401,2,-2.1135,-1.7401,-0.034802,True,2023-09
2023-09-01,CAT,buy_call,2.1655,2,-2.8919,-2.1655,-0.04331,True,2023-09
2023-09-01,CB,skip,0.0,0,3.6392,0.0,0.0,True,2023-09
2023-09-01,CMCSA,buy_call,2.4741,2,-5.1754,-2.4741,-0.049482,True,2023-09
2023-09-01,COP,buy_call,2.1655,2,1.085,-1.0806,-0.021612,True,2023-09
2023-09-01,COST,skip,0.0,0,3.049,0.0,0.0,True,2023-09
2023-09-01,CRM,skip,0.0,0,-8.4349,0.0,0.0,True,2023-09
2023-09-01,CSCO,buy_call,1.4948,2,-6.2598,-1.4948,-0.029896,True,2023-09
2023-09-01,CVS,skip,0.0,0,7.1352,0.0,0.0,True,2023-09
2023-09-01,CVX,skip,0.0,0,5.6738,0.0,0.0,True,2023-09
2023-09-01,DE,skip,0.0,0,-8.1666,0.0,0.0,True,2023-09
2023-09-01,DHR,buy_call,1.7401,2,-6.3774,-1.7401,-0.034802,True,2023-09
2023-09-01,DIS,skip,0.0,0,-3.1429,0.0,0.0,True,2023-09
2023-09-01,DUK,skip,0.0,0,0.5154,0.0,0.0,True,2023-09
2023-09-01,EL,skip,0.0,0,-9.5798,0.0,0.0,True,2023-09
2023-09-01,EOG,skip,0.0,0,-1.4461,0.0,0.0,True,2023-09
2023-09-01,EQIX,skip,0.0,0,-6.6272,0.0,0.0,True,2023-09
2023-09-01,GE,buy_call,2.1655,2,-3.416,-2.1655,-0.04331,True,2023-09
2023-09-01,GILD,buy_call,2.0821,2,-2.0136,-2.0821,-0.041642,True,2023-09
2023-09-01,GOOGL,buy_call,2.6537,2,-3.8995,-2.6537,-0.053074,True,2023-09
2023-09-01,GS,skip,0.0,0,-0.44,0.0,0.0,True,2023-09
2023-09-01,HD,skip,0.0,0,-7.9354,0.0,0.0,True,2023-09
2023-09-01,HON,skip,0.0,0,-1.1647,0.0,0.0,True,2023-09
2023-09-01,HUM,buy_call,2.1123,2,5.3918,3.2795,0.06559,True,2023-09
2023-09-01,IBM,buy_call,1.4948,2,-3.3477,-1.4948,-0.029896,True,2023-09
2023-09-01,INTC,skip,0.0,0,1.5307,0.0,0.0,True,2023-09
2023-09-01,INTU,buy_call,2.9476,2,-5.6976,-2.9476,-0.058952,True,2023-09
2023-09-01,ISRG,skip,0.0,0,-6.521,0.0,0.0,True,2023-09
2023-09-01,ITW,skip,0.0,0,-6.889,0.0,0.0,True,2023-09
2023-09-01,JNJ,skip,0.0,0,-2.9683,0.0,0.0,True,2023-09
2023-09-01,JPM,skip,0.0,0,-0.8952,0.0,0.0,True,2023-09
2023-09-01,KO,skip,0.0,0,-6.4349,0.0,0.0,True,2023-09
2023-09-01,LLY,buy_call,1.7263,2,-2.8723,-1.7263,-0.034526,True,2023-09
2023-09-01,LMT,buy_call,2.1655,2,-8.1767,-2.1655,-0.04331,True,2023-09
2023-09-01,LOW,skip,0.0,0,-9.823,0.0,0.0,True,2023-09
2023-09-01,LRCX,skip,0.0,0,-10.7674,0.0,0.0,True,2023-09
2023-09-01,MA,buy_call,1.5469,2,-4.0544,-1.5469,-0.030938,True,2023-09
2023-09-01,MCD,skip,0.0,0,-5.7954,0.0,0.0,True,2023-09
2023-09-01,MDLZ,skip,0.0,0,-2.6102,0.0,0.0,True,2023-09
2023-09-01,MDT,skip,0.0,0,-3.8528,0.0,0.0,True,2023-09
2023-09-01,META,skip,0.0,0,1.46,0.0,0.0,True,2023-09
2023-09-01,MRK,buy_call,3.2307,2,-5.5331,-3.2307,-0.064614,True,2023-09
2023-09-01,MS,skip,0.0,0,-4.0869,0.0,0.0,True,2023-09
2023-09-01,MSFT,skip,0.0,0,-3.4603,0.0,0.0,True,2023-09
2023-09-01,MU,skip,0.0,0,-2.7309,0.0,0.0,True,2023-09
2023-09-01,NEE,skip,0.0,0,-13.6424,0.0,0.0,True,2023-09
2023-09-01,NFLX,skip,0.0,0,-12.9312,0.0,0.0,True,2023-09
2023-09-01,NKE,skip,0.0,0,-5.9876,0.0,0.0,True,2023-09
2023-09-01,NOC,skip,0.0,0,2.0811,0.0,0.0,True,2023-09
2023-09-01,NOW,buy_call,4.0949,2,-5.0728,-4.0949,-0.081898,True,2023-09
2023-09-01,NVDA,buy_call,4.1983,2,-11.8651,-4.1983,-0.083966,True,2023-09
2023-09-01,ORCL,buy_call,2.5942,2,-12.0193,-2.5942,-0.051884,True,2023-09
2023-09-01,PEP,skip,0.0,0,-4.0962,0.0,0.0,True,2023-09
2023-09-01,PFE,skip,0.0,0,-6.2465,0.0,0.0,True,2023-09
2023-09-01,PG,skip,0.0,0,-5.4944,0.0,0.0,True,2023-09
2023-09-01,PLD,skip,0.0,0,-9.6538,0.0,0.0,True,2023-09
2023-09-01,PM,skip,0.0,0,-3.6227,0.0,0.0,True,2023-09
2023-09-01,QCOM,skip,0.0,0,-2.3431,0.0,0.0,True,2023-09
2023-09-01,RTX,skip,0.0,0,-15.7692,0.0,0.0,True,2023-09
2023-09-01,SBUX,skip,0.0,0,-5.8326,0.0,0.0,True,2023-09
2023-09-01,SCHW,skip,0.0,0,-6.8284,0.0,0.0,True,2023-09
2023-09-01,SO,skip,0.0,0,-3.4539,0.0,0.0,True,2023-09
2023-09-01,SPGI,skip,0.0,0,-6.2934,0.0,0.0,True,2023-09
2023-09-01,SYK,buy_call,1.7401,2,-3.6255,-1.7401,-0.034802,True,2023-09
2023-09-01,T,buy_call,2.4741,2,1.5551,-0.919,-0.01838,True,2023-09
2023-09-01,TJX,buy_call,0.834,2,-3.5217,-0.834,-0.01668,True,2023-09
2023-09-01,TMO,buy_call,2.8279,2,-9.142,-2.8279,-0.056558,True,2023-09
2023-09-01,TMUS,skip,0.0,0,2.789,0.0,0.0,True,2023-09
2023-09-01,TXN,skip,0.0,0,-5.385,0.0,0.0,True,2023-09
2023-09-01,UNH,skip,0.0,0,5.7933,0.0,0.0,True,2023-09
2023-09-01,UNP,skip,0.0,0,-7.1398,0.0,0.0,True,2023-09
2023-09-01,UPS,skip,0.0,0,-7.1531,0.0,0.0,True,2023-09
2023-09-01,V,buy_call,1.8655,2,-6.2022,-1.8655,-0.03731,True,2023-09
2023-09-01,VRTX,skip,0.0,0,-0.1722,0.0,0.0,True,2023-09
2023-09-01,VZ,buy_call,2.4741,2,-7.347,-2.4741,-0.049482,True,2023-09
2023-09-01,WFC,skip,0.0,0,-0.2675,0.0,0.0,True,2023-09
2023-09-01,WM,skip,0.0,0,-2.7682,0.0,0.0,True,2023-09
2023-09-01,XOM,buy_call,2.1655,2,6.6138,4.4483,0.088966,True,2023-09
2023-09-01,ZTS,buy_call,2.0821,2,-8.6767,-2.0821,-0.041642,True,2023-09
2023-10-01,AAPL,skip,0.0,0,-0.257,0.0,0.0,True,2023-10
2023-10-01,ABBV,buy_call,1.3244,12,-5.2865,-1.3244,-0.158928,True,2023-10
2023-10-01,ABT,skip,0.0,0,-2.3748,0.0,0.0,True,2023-10
2023-10-01,ACN,skip,0.0,0,-3.2627,0.0,0.0,True,2023-10
2023-10-01,ADBE,skip,0.0,0,4.346,0.0,0.0,True,2023-10
2023-10-01,ADI,skip,0.0,0,-9.7162,0.0,0.0,True,2023-10
2023-10-01,ADP,skip,0.0,0,-8.8403,0.0,0.0,True,2023-10
2023-10-01,AMAT,skip,0.0,0,-4.4059,0.0,0.0,True,2023-10
2023-10-01,AMGN,buy_call,1.3244,12,-4.8593,-1.3244,-0.158928,True,2023-10
2023-10-01,AMT,skip,0.0,0,8.3551,0.0,0.0,True,2023-10
2023-10-01,AMZN,skip,0.0,0,4.6963,0.0,0.0,True,2023-10
2023-10-01,AVGO,skip,0.0,0,1.8508,0.0,0.0,True,2023-10
2023-10-01,AXP,skip,0.0,0,-2.1181,0.0,0.0,True,2023-10
2023-10-01,BAC,skip,0.0,0,-3.7984,0.0,0.0,True,2023-10
2023-10-01,BDX,skip,0.0,0,-1.8893,0.0,0.0,True,2023-10
2023-10-01,BKNG,skip,0.0,0,-9.5459,0.0,0.0,True,2023-10
2023-10-01,BLK,skip,0.0,0,-4.6045,0.0,0.0,True,2023-10
2023-10-01,BMY,skip,0.0,0,-11.2164,0.0,0.0,True,2023-10
2023-10-01,BRK-B,skip,0.0,0,-2.5607,0.0,0.0,True,2023-10
2023-10-01,BSX,skip,0.0,0,-3.0492,0.0,0.0,True,2023-10
2023-10-01,CAT,skip,0.0,0,-17.1978,0.0,0.0,True,2023-10
2023-10-01,CB,buy_call,2.232,12,3.5177,1.2857,0.154284,True,2023-10
2023-10-01,CMCSA,skip,0.0,0,-6.8787,0.0,0.0,True,2023-10
2023-10-01,COP,buy_call,3.3049,12,-0.337,-3.3049,-0.396588,True,2023-10
2023-10-01,COST,buy_call,2.0923,12,-2.2161,-2.0923,-0.251076,True,2023-10
2023-10-01,CRM,skip,0.0,0,-0.9616,0.0,0.0,True,2023-10
2023-10-01,CSCO,skip,0.0,0,-3.032,0.0,0.0,True,2023-10
2023-10-01,CVS,buy_call,1.8748,12,-1.1601,-1.8748,-0.224976,True,2023-10
2023-10-01,CVX,buy_call,2.7353,12,-13.5749,-2.7353,-0.328236,True,2023-10
2023-10-01,DE,skip,0.0,0,-2.8439,0.0,0.0,True,2023-10
2023-10-01,DHR,skip,0.0,0,-12.6971,0.0,0.0,True,2023-10
2023-10-01,DIS,skip,0.0,0,0.6662,0.0,0.0,True,2023-10
2023-10-01,DUK,buy_call,1.558,12,0.7138,-0.8442,-0.101304,True,2023-10
2023-10-01,EL,skip,0.0,0,-10.8475,0.0,0.0,True,2023-10
2023-10-01,EOG,skip,0.0,0,-0.4023,0.0,0.0,True,2023-10
2023-10-01,EQIX,skip,0.0,0,0.4654,0.0,0.0,True,2023-10
2023-10-01,GE,skip,0.0,0,-1.666,0.0,0.0,True,2023-10
2023-10-01,GILD,skip,0.0,0,5.8305,0.0,0.0,True,2023-10
2023-10-01,GOOGL,skip,0.0,0,-5.1811,0.0,0.0,True,2023-10
2023-10-01,GS,skip,0.0,0,-6.1687,0.0,0.0,True,2023-10
2023-10-01,HD,skip,0.0,0,-5.7817,0.0,0.0,True,2023-10
2023-10-01,HON,skip,0.0,0,-0.8011,0.0,0.0,True,2023-10
2023-10-01,HUM,buy_call,1.8748,12,7.8333,5.9586,0.715032,True,2023-10
2023-10-01,IBM,skip,0.0,0,3.0934,0.0,0.0,True,2023-10
2023-10-01,INTC,buy_call,3.9092,12,2.6723,-1.2369,-0.148428,True,2023-10
2023-10-01,INTU,skip,0.0,0,-3.1295,0.0,0.0,True,2023-10
2023-10-01,ISRG,skip,0.0,0,-10.2877,0.0,0.0,True,2023-10
2023-10-01,ITW,skip,0.0,0,-2.0979,0.0,0.0,True,2023-10
2023-10-01,JNJ,skip,0.0,0,-4.7576,0.0,0.0,True,2023-10
2023-10-01,JPM,skip,0.0,0,-4.1098,0.0,0.0,True,2023-10
2023-10-01,KO,skip,0.0,0,1.7117,0.0,0.0,True,2023-10
2023-10-01,LLY,skip,0.0,0,3.1277,0.0,0.0,True,2023-10
2023-10-01,LMT,skip,0.0,0,11.1698,0.0,0.0,True,2023-10
2023-10-01,LOW,skip,0.0,0,-8.3093,0.0,0.0,True,2023-10
2023-10-01,LRCX,skip,0.0,0,-5.8669,0.0,0.0,True,2023-10
2023-10-01,MA,skip,0.0,0,-4.9405,0.0,0.0,True,2023-10
2023-10-01,MCD,skip,0.0,0,-0.4821,0.0,0.0,True,2023-10
2023-10-01,MDLZ,skip,0.0,0,-4.0137,0.0,0.0,True,2023-10
2023-10-01,MDT,skip,0.0,0,-9.185,0.0,0.0,True,2023-10
2023-10-01,META,buy_call,4.1215,12,0.3531,-3.7684,-0.452208,True,2023-10
2023-10-01,MRK,skip,0.0,0,0.4373,0.0,0.0,True,2023-10
2023-10-01,MS,skip,0.0,0,-13.2852,0.0,0.0,True,2023-10
2023-10-01,MSFT,skip,0.0,0,7.0816,0.0,0.0,True,2023-10
2023-10-01,MU,skip,0.0,0,-1.7051,0.0,0.0,True,2023-10
2023-10-01,NEE,skip,0.0,0,1.763,0.0,0.0,True,2023-10
2023-10-01,NFLX,skip,0.0,0,9.0281,0.0,0.0,True,2023-10
2023-10-01,NKE,skip,0.0,0,7.838,0.0,0.0,True,2023-10
2023-10-01,NOC,buy_call,3.3049,12,7.0969,3.7921,0.455052,True,2023-10
2023-10-01,NOW,skip,0.0,0,4.0951,0.0,0.0,True,2023-10
2023-10-01,NVDA,skip,0.0,0,-6.243,0.0,0.0,True,2023-10
2023-10-01,ORCL,skip,0.0,0,-2.3791,0.0,0.0,True,2023-10
2023-10-01,PEP,skip,0.0,0,-3.6355,0.0,0.0,True,2023-10
2023-10-01,PFE,skip,0.0,0,-7.8686,0.0,0.0,True,2023-10
2023-10-01,PG,skip,0.0,0,2.8589,0.0,0.0,True,2023-10
2023-10-01,PLD,skip,0.0,0,-9.5803,0.0,0.0,True,2023-10
2023-10-01,PM,skip,0.0,0,-2.3394,0.0,0.0,True,2023-10
2023-10-01,QCOM,skip,0.0,0,-1.8638,0.0,0.0,True,2023-10
2023-10-01,RTX,skip,0.0,0,13.0888,0.0,0.0,True,2023-10
2023-10-01,SBUX,skip,0.0,0,1.0628,0.0,0.0,True,2023-10
2023-10-01,SCHW,skip,0.0,0,-5.2095,0.0,0.0,True,2023-10
2023-10-01,SO,skip,0.0,0,3.9864,0.0,0.0,True,2023-10
2023-10-01,SPGI,skip,0.0,0,-4.406,0.0,0.0,True,2023-10
2023-10-01,SYK,skip,0.0,0,-0.8371,0.0,0.0,True,2023-10
2023-10-01,T,buy_call,1.6554,12,2.53,0.8746,0.104952,True,2023-10
2023-10-01,TJX,skip,0.0,0,-0.9113,0.0,0.0,True,2023-10
2023-10-01,TMO,skip,0.0,0,-12.0701,0.0,0.0,True,2023-10
2023-10-01,TMUS,buy_call,1.6554,12,2.7205,1.0651,0.127812,True,2023-10
2023-10-01,TXN,skip,0.0,0,-10.6912,0.0,0.0,True,2023-10
2023-10-01,UNH,buy_call,1.8748,12,6.6354,4.7606,0.571272,True,2023-10
2023-10-01,UNP,skip,0.0,0,1.9545,0.0,0.0,True,2023-10
2023-10-01,UPS,skip,0.0,0,-9.3796,0.0,0.0,True,2023-10
2023-10-01,V,skip,0.0,0,2.2129,0.0,0.0,True,2023-10
2023-10-01,VRTX,skip,0.0,0,4.1324,0.0,0.0,True,2023-10
2023-10-01,VZ,skip,0.0,0,8.3925,0.0,0.0,True,2023-10
2023-10-01,WFC,skip,0.0,0,-2.6676,0.0,0.0,True,2023-10
2023-10-01,WM,skip,0.0,0,8.2858,0.0,0.0,True,2023-10
2023-10-01,XOM,buy_call,3.3049,12,-9.9762,-3.3049,-0.396588,True,2023-10
2023-10-01,ZTS,skip,0.0,0,-9.7597,0.0,0.0,True,2023-10
2023-11-01,AAPL,skip,0.0,0,11.2315,0.0,0.0,True,2023-11
2023-11-01,ABBV,skip,0.0,0,1.8666,0.0,0.0,True,2023-11
2023-11-01,ABT,skip,0.0,0,10.912,0.0,0.0,True,2023-11
2023-11-01,ACN,skip,0.0,0,12.5995,0.0,0.0,True,2023-11
2023-11-01,ADBE,buy_call,2.0167,8,14.8386,12.8218,1.025744,True,2023-11
2023-11-01,ADI,skip,0.0,0,16.5576,0.0,0.0,True,2023-11
2023-11-01,ADP,skip,0.0,0,5.3616,0.0,0.0,True,2023-11
2023-11-01,AMAT,skip,0.0,0,13.1696,0.0,0.0,True,2023-11
2023-11-01,AMGN,skip,0.0,0,5.4517,0.0,0.0,True,2023-11
2023-11-01,AMT,buy_call,0.9858,8,18.3504,17.3646,1.389168,True,2023-11
2023-11-01,AMZN,buy_call,2.6684,8,9.7678,7.0994,0.567952,True,2023-11
2023-11-01,AVGO,buy_call,3.5233,8,10.0265,6.5032,0.520256,True,2023-11
2023-11-01,AXP,skip,0.0,0,17.4222,0.0,0.0,True,2023-11
2023-11-01,BAC,skip,0.0,0,15.7555,0.0,0.0,True,2023-11
2023-11-01,BDX,skip,0.0,0,-6.567,0.0,0.0,True,2023-11
2023-11-01,BKNG,skip,0.0,0,12.0499,0.0,0.0,True,2023-11
2023-11-01,BLK,skip,0.0,0,22.6938,0.0,0.0,True,2023-11
2023-11-01,BMY,skip,0.0,0,-3.1997,0.0,0.0,True,2023-11
2023-11-01,BRK-B,skip,0.0,0,5.4698,0.0,0.0,True,2023-11
2023-11-01,BSX,skip,0.0,0,9.1815,0.0,0.0,True,2023-11
2023-11-01,CAT,skip,0.0,0,11.4866,0.0,0.0,True,2023-11
2023-11-01,CB,buy_call,1.4241,8,6.9006,5.4764,0.438112,True,2023-11
2023-11-01,CMCSA,skip,0.0,0,2.1188,0.0,0.0,True,2023-11
2023-11-01,COP,skip,0.0,0,-2.7189,0.0,0.0,True,2023-11
2023-11-01,COST,skip,0.0,0,7.2949,0.0,0.0,True,2023-11
2023-11-01,CRM,skip,0.0,0,25.4295,0.0,0.0,True,2023-11
2023-11-01,CSCO,skip,0.0,0,-6.5233,0.0,0.0,True,2023-11
2023-11-01,CVS,skip,0.0,0,-0.6909,0.0,0.0,True,2023-11
2023-11-01,CVX,skip,0.0,0,-1.4616,0.0,0.0,True,2023-11
2023-11-01,DE,skip,0.0,0,-0.26,0.0,0.0,True,2023-11
2023-11-01,DHR,skip,0.0,0,16.4389,0.0,0.0,True,2023-11
2023-11-01,DIS,buy_call,2.0427,8,13.6046,11.562,0.92496,True,2023-11
2023-11-01,DUK,buy_call,1.1639,8,3.8137,2.6498,0.211984,True,2023-11
2023-11-01,EL,skip,0.0,0,-0.9156,0.0,0.0,True,2023-11
2023-11-01,EOG,skip,0.0,0,-1.9142,0.0,0.0,True,2023-11
2023-11-01,EQIX,buy_call,0.9858,8,11.7003,10.7145,0.85716,True,2023-11
2023-11-01,GE,skip,0.0,0,12.1237,0.0,0.0,True,2023-11
2023-11-01,GILD,buy_call,1.8946,8,-2.4701,-1.8946,-0.151568,True,2023-11
2023-11-01,GOOGL,skip,0.0,0,6.8101,0.0,0.0,True,2023-11
2023-11-01,GS,skip,0.0,0,12.4931,0.0,0.0,True,2023-11
2023-11-01,HD,skip,0.0,0,10.1162,0.0,0.0,True,2023-11
2023-11-01,HON,skip,0.0,0,6.9082,0.0,0.0,True,2023-11
2023-11-01,HUM,buy_call,1.4901,8,-7.4147,-1.4901,-0.119208,True,2023-11
2023-11-01,IBM,buy_call,0.9858,8,9.6239,8.6381,0.691048,True,2023-11
2023-11-01,INTC,buy_call,3.5233,8,22.4657,18.9424,1.515392,True,2023-11
2023-11-01,INTU,skip,0.0,0,15.6593,0.0,0.0,True,2023-11
2023-11-01,ISRG,skip,0.0,0,18.5417,0.0,0.0,True,2023-11
2023-11-01,ITW,skip,0.0,0,8.0716,0.0,0.0,True,2023-11
2023-11-01,JNJ,skip,0.0,0,4.2605,0.0,0.0,True,2023-11
2023-11-01,JPM,skip,0.0,0,13.0675,0.0,0.0,True,2023-11
2023-11-01,KO,buy_call,1.1639,8,3.4519,2.2881,0.183048,True,2023-11
2023-11-01,LLY,buy_call,2.2366,8,6.6994,4.4628,0.357024,True,2023-11
2023-11-01,LMT,buy_call,2.514,8,-1.5111,-2.514,-0.20112,True,2023-11
2023-11-01,LOW,skip,0.0,0,4.9472,0.0,0.0,True,2023-11
2023-11-01,LRCX,skip,0.0,0,21.7096,0.0,0.0,True,2023-11
2023-11-01,MA,skip,0.0,0,10.1182,0.0,0.0,True,2023-11
2023-11-01,MCD,skip,0.0,0,7.5028,0.0,0.0,True,2023-11
2023-11-01,MDLZ,skip,0.0,0,7.3252,0.0,0.0,True,2023-11
2023-11-01,MDT,skip,0.0,0,12.3441,0.0,0.0,True,2023-11
2023-11-01,META,buy_call,2.5491,8,8.5903,6.0412,0.483296,True,2023-11
2023-11-01,MRK,buy_call,2.1083,8,-0.2142,-2.1083,-0.168664,True,2023-11
2023-11-01,MS,skip,0.0,0,13.3997,0.0,0.0,True,2023-11
2023-11-01,MSFT,buy_call,2.0167,8,12.0671,10.0503,0.804024,True,2023-11
2023-11-01,MU,skip,0.0,0,14.0227,0.0,0.0,True,2023-11
2023-11-01,NEE,buy_call,1.1639,8,0.3602,-0.8037,-0.064296,True,2023-11
2023-11-01,NFLX,buy_call,2.5244,8,15.1279,12.6035,1.00828,True,2023-11
2023-11-01,NKE,buy_call,3.7014,8,7.2979,3.5965,0.28772,True,2023-11
2023-11-01,NOC,buy_call,2.514,8,0.7912,-1.7228,-0.137824,True,2023-11
2023-11-01,NOW,buy_call,2.2951,8,17.8551,15.56,1.2448,True,2023-11
2023-11-01,NVDA,skip,0.0,0,14.6886,0.0,0.0,True,2023-11
2023-11-01,ORCL,skip,0.0,0,12.8,0.0,0.0,True,2023-11
2023-11-01,PEP,skip,0.0,0,3.0683,0.0,0.0,True,2023-11
2023-11-01,PFE,skip,0.0,0,-0.2945,0.0,0.0,True,2023-11
2023-11-01,PG,buy_call,0.8926,8,2.972,2.0794,0.166352,True,2023-11
2023-11-01,PLD,skip,0.0,0,14.0744,0.0,0.0,True,2023-11
2023-11-01,PM,skip,0.0,0,4.7106,0.0,0.0,True,2023-11
2023-11-01,QCOM,skip,0.0,0,18.4054,0.0,0.0,True,2023-11
2023-11-01,RTX,buy_call,2.514,8,0.1106,-2.4035,-0.19228,True,2023-11
2023-11-01,SBUX,buy_call,1.1639,8,7.654,6.4901,0.519208,True,2023-11
2023-11-01,SCHW,skip,0.0,0,17.8324,0.0,0.0,True,2023-11
2023-11-01,SO,buy_call,1.1639,8,5.4681,4.3042,0.344336,True,2023-11
2023-11-01,SPGI,skip,0.0,0,19.0432,0.0,0.0,True,2023-11
2023-11-01,SYK,skip,0.0,0,9.6625,0.0,0.0,True,2023-11
2023-11-01,T,buy_call,2.0527,8,9.6529,7.6002,0.608016,True,2023-11
2023-11-01,TJX,skip,0.0,0,0.0454,0.0,0.0,True,2023-11
2023-11-01,TMO,skip,0.0,0,11.4644,0.0,0.0,True,2023-11
2023-11-01,TMUS,buy_call,2.0527,8,4.5808,2.5281,0.202248,True,2023-11
2023-11-01,TXN,skip,0.0,0,8.5204,0.0,0.0,True,2023-11
2023-11-01,UNH,buy_call,1.4901,8,3.2508,1.7607,0.140856,True,2023-11
2023-11-01,UNP,buy_call,2.514,8,8.5063,5.9923,0.479384,True,2023-11
2023-11-01,UPS,skip,0.0,0,7.3345,0.0,0.0,True,2023-11
2023-11-01,V,buy_call,1.6446,8,9.1791,7.5345,0.60276,True,2023-11
2023-11-01,VRTX,buy_call,1.8946,8,-2.016,-1.8946,-0.151568,True,2023-11
2023-11-01,VZ,buy_call,2.0527,8,11.4379,9.3852,0.750816,True,2023-11
2023-11-01,WFC,skip,0.0,0,12.1197,0.0,0.0,True,2023-11
2023-11-01,WM,buy_call,3.0,8,4.0528,1.0528,0.084224,True,2023-11
2023-11-01,XOM,skip,0.0,0,-2.9381,0.0,0.0,True,2023-11
2023-11-01,ZTS,skip,0.0,0,12.7981,0.0,0.0,True,2023-11
2023-12-01,AAPL,buy_call,1.4876,1,1.4918,0.0042,4.2e-05,False,2023-12
2023-12-01,ABBV,buy_call,2.3235,1,8.8349,6.5114,0.065114,False,2023-12
2023-12-01,ABT,buy_call,2.0188,1,5.5422,3.5234,0.035234,False,2023-12
2023-12-01,ACN,buy_call,2.2054,1,5.3341,3.1287,0.031287,False,2023-12
2023-12-01,ADBE,buy_call,2.0402,1,-2.3584,-2.0402,-0.020402,False,2023-12
2023-12-01,ADI,buy_call,2.7567,1,8.2779,5.5212,0.055212,False,2023-12
2023-12-01,ADP,buy_call,1.624,1,1.3265,-0.2975,-0.002975,False,2023-12
2023-12-01,AMAT,buy_call,2.7567,1,8.4379,5.6812,0.056812,False,2023-12
2023-12-01,AMGN,buy_call,2.3235,1,7.6564,5.3329,0.053329,False,2023-12
2023-12-01,AMT,buy_call,1.624,1,3.4007,1.7767,0.017767,False,2023-12
2023-12-01,AMZN,buy_call,2.2459,1,4.0044,1.7584,0.017584,False,2023-12
2023-12-01,AVGO,buy_call,2.7567,1,20.5805,17.8238,0.178238,False,2023-12
2023-12-01,AXP,buy_call,1.7341,1,9.7031,7.969,0.07969,False,2023-12
2023-12-01,BAC,buy_call,2.923,1,11.311,8.3881,0.083881,False,2023-12
2023-12-01,BDX,skip,0.0,0,3.2391,0.0,0.0,False,2023-12
2023-12-01,BKNG,buy_call,3.0,1,13.4856,10.4856,0.104856,False,2023-12
2023-12-01,BLK,buy_call,2.2857,1,8.0628,5.7771,0.057771,False,2023-12
2023-12-01,BMY,skip,0.0,0,3.9084,0.0,0.0,False,2023-12
2023-12-01,BRK-B,buy_call,1.1553,1,-0.9278,-1.1553,-0.011553,False,2023-12
2023-12-01,BSX,buy_call,2.0188,1,3.4353,1.4165,0.014165,False,2023-12
2023-12-01,CAT,buy_call,2.3617,1,17.9284,15.5666,0.155666,False,2023-12
2023-12-01,CB,buy_call,2.2857,1,-1.495,-2.2857,-0.022857,False,2023-12
2023-12-01,CMCSA,buy_call,2.5714,1,4.6789,2.1075,0.021075,False,2023-12
2023-12-01,COP,skip,0.0,0,0.939,0.0,0.0,False,2023-12
2023-12-01,COST,buy_call,1.6081,1,11.5652,9.9571,0.099571,False,2023-12
2023-12-01,CRM,buy_call,2.3751,1,4.4621,2.0871,0.020871,False,2023-12
2023-12-01,CSCO,skip,0.0,0,4.4233,0.0,0.0,False,2023-12
2023-12-01,CVS,skip,0.0,0,16.2031,0.0,0.0,False,2023-12
2023-12-01,CVX,skip,0.0,0,4.9607,0.0,0.0,False,2023-12
2023-12-01,DE,skip,0.0,0,9.7308,0.0,0.0,False,2023-12
2023-12-01,DHR,buy_call,2.0188,1,3.5959,1.5771,0.015771,False,2023-12
2023-12-01,DIS,buy_call,3.3259,1,-2.5893,-3.3259,-0.033259,False,2023-12
2023-12-01,DUK,buy_call,1.1817,1,6.375,5.1934,0.051934,False,2023-12
2023-12-01,EL,skip,0.0,0,15.1382,0.0,0.0,False,2023-12
2023-12-01,EOG,skip,0.0,0,-1.7226,0.0,0.0,False,2023-12
2023-12-01,EQIX,buy_call,1.624,1,-0.6252,-1.624,-0.01624,False,2023-12
2023-12-01,GE,buy_call,2.3617,1,4.7865,2.4248,0.024248,False,2023-12
2023-12-01,GILD,skip,0.0,0,5.7572,0.0,0.0,False,2023-12
2023-12-01,GOOGL,buy_call,2.6534,1,5.4026,2.7492,0.027492,False,2023-12
2023-12-01,GS,buy_call,2.2857,1,13.8776,11.5919,0.115919,False,2023-12
2023-12-01,HD,buy_call,1.5934,1,11.2881,9.6947,0.096947,False,2023-12
2023-12-01,HON,buy_call,1.624,1,7.6684,6.0444,0.060444,False,2023-12
2023-12-01,HUM,skip,0.0,0,-5.5789,0.0,0.0,False,2023-12
2023-12-01,IBM,buy_call,1.624,1,4.3169,2.6929,0.026929,False,2023-12
2023-12-01,INTC,buy_call,2.7567,1,12.7858,10.0291,0.100291,False,2023-12
2023-12-01,INTU,buy_call,3.5689,1,9.3742,5.8053,0.058053,False,2023-12
2023-12-01,ISRG,buy_call,2.0188,1,8.5317,6.5129,0.065129,False,2023-12
2023-12-01,ITW,buy_call,1.624,1,8.1458,6.5218,0.065218,False,2023-12
2023-12-01,JNJ,buy_call,1.3828,1,2.1565,0.7737,0.007737,False,2023-12
2023-12-01,JPM,buy_call,2.2857,1,8.9826,6.6969,0.066969,False,2023-12
2023-12-01,KO,buy_call,1.1817,1,1.6414,0.4598,0.004598,False,2023-12
2023-12-01,LLY,buy_call,3.1107,1,-1.1916,-3.1107,-0.031107,False,2023-12
2023-12-01,LMT,skip,0.0,0,1.9432,0.0,0.0,False,2023-12
2023-12-01,LOW,buy_call,1.5934,1,11.9298,10.3364,0.103364,False,2023-12
2023-12-01,LRCX,buy_call,2.7567,1,9.406,6.6494,0.066494,False,2023-12
2023-12-01,MA,buy_call,1.7341,1,3.0641,1.33,0.0133,False,2023-12
2023-12-01,MCD,buy_call,1.1817,1,5.8355,4.6538,0.046538,False,2023-12
2023-12-01,MDLZ,buy_call,1.5397,1,1.928,0.3883,0.003883,False,2023-12
2023-12-01,MDT,buy_call,2.0188,1,3.9233,1.9045,0.019045,False,2023-12
2023-12-01,META,buy_call,2.6777,1,8.195,5.5173,0.055173,False,2023-12
2023-12-01,MRK,skip,0.0,0,6.3817,0.0,0.0,False,2023-12
2023-12-01,MS,buy_call,2.2857,1,17.5321,15.2464,0.152464,False,2023-12
2023-12-01,MSFT,buy_call,2.0402,1,-0.556,-2.0402,-0.020402,False,2023-12
2023-12-01,MU,buy_call,3.4777,1,12.1124,8.6347,0.086347,False,2023-12
2023-12-01,NEE,buy_call,1.1817,1,4.6561,3.4744,0.034744,False,2023-12
2023-12-01,NFLX,buy_call,2.8844,1,2.7238,-0.1606,-0.001606,False,2023-12
2023-12-01,NKE,buy_call,2.2182,1,-1.5417,-2.2182,-0.022182,False,2023-12
2023-12-01,NOC,buy_call,2.3617,1,-1.085,-2.3617,-0.023617,False,2023-12
2023-12-01,NOW,buy_call,2.7279,1,3.0259,0.298,0.00298,False,2023-12
2023-12-01,NVDA,buy_call,3.4777,1,5.8841,2.4064,0.024064,False,2023-12
2023-12-01,ORCL,buy_call,2.2857,1,-9.2763,-2.2857,-0.022857,False,2023-12
2023-12-01,PEP,buy_call,1.5397,1,1.6906,0.1509,0.001509,False,2023-12
2023-12-01,PFE,skip,0.0,0,-4.2397,0.0,0.0,False,2023-12
2023-12-01,PG,buy_call,1.5788,1,-4.5466,-1.5788,-0.015788,False,2023-12
2023-12-01,PLD,buy_call,1.624,1,15.9836,14.3597,0.143597,False,2023-12
2023-12-01,PM,buy_call,1.5397,1,0.7712,-0.7685,-0.007685,False,2023-12
2023-12-01,QCOM,buy_call,2.1863,1,12.7856,10.5993,0.105993,False,2023-12
2023-12-01,RTX,buy_call,2.3617,1,4.0258,1.664,0.01664,False,2023-12
2023-12-01,SBUX,buy_call,1.1817,1,-2.7819,-1.1817,-0.011817,False,2023-12
2023-12-01,SCHW,buy_call,2.2857,1,12.7116,10.4259,0.104259,False,2023-12
2023-12-01,SO,buy_call,1.1817,1,-0.2176,-1.1817,-0.011817,False,2023-12
2023-12-01,SPGI,buy_call,2.2857,1,6.1677,3.882,0.03882,False,2023-12
2023-12-01,SYK,buy_call,2.0188,1,1.0562,-0.9626,-0.009626,False,2023-12
2023-12-01,T,buy_call,2.5714,1,1.2674,-1.3041,-0.013041,False,2023-12
2023-12-01,TJX,buy_call,1.6875,1,6.8612,5.1738,0.051738,False,2023-12
2023-12-01,TMO,buy_call,2.508,1,7.0659,4.5579,0.045579,False,2023-12
2023-12-01,TMUS,buy_call,2.5714,1,7.0322,4.4608,0.044608,False,2023-12
2023-12-01,TXN,buy_call,2.7567,1,11.6233,8.8667,0.088667,False,2023-12
2023-12-01,UNH,buy_call,2.0955,1,-4.7923,-2.0955,-0.020955,False,2023-12
2023-12-01,UNP,buy_call,2.3617,1,9.0336,6.6718,0.066718,False,2023-12
2023-12-01,UPS,buy_call,1.624,1,4.9214,3.2974,0.032974,False,2023-12
2023-12-01,V,buy_call,1.1582,1,1.6457,0.4875,0.004875,False,2023-12
2023-12-01,VRTX,skip,0.0,0,14.6783,0.0,0.0,False,2023-12
2023-12-01,VZ,buy_call,2.5714,1,-1.6436,-2.5714,-0.025714,False,2023-12
2023-12-01,WFC,buy_call,2.5306,1,11.3676,8.8369,0.088369,False,2023-12
2023-12-01,WM,buy_call,3.0,1,5.1767,2.1767,0.021767,False,2023-12
2023-12-01,XOM,skip,0.0,0,-1.7965,0.0,0.0,False,2023-12
2023-12-01,ZTS,buy_call,2.3235,1,11.7168,9.3933,0.093933,False,2023-12
2024-01-01,AAPL,buy_call,2.7851,1,-4.2227,-2.7851,-0.027851,False,2024-01
2024-01-01,ABBV,buy_call,2.2855,1,6.0851,3.7995,0.037995,False,2024-01
2024-01-01,ABNB,buy_call,3.0,1,5.8763,2.8763,0.028763,False,2024-01
2024-01-01,ABT,buy_call,1.9862,1,2.7982,0.8121,0.008121,False,2024-01
2024-01-01,ACN,buy_call,1.3617,1,3.6961,2.3344,0.023344,False,2024-01
2024-01-01,ADBE,skip,0.0,0,3.5501,0.0,0.0,False,2024-01
2024-01-01,ADI,buy_call,3.1413,1,-2.666,-3.1413,-0.031413,False,2024-01
2024-01-01,ADP,buy_call,2.9682,1,6.1381,3.1699,0.031699,False,2024-01
2024-01-01,AMAT,buy_call,3.1413,1,1.3759,-1.7654,-0.017654,False,2024-01
2024-01-01,AMD,buy_call,3.7024,1,13.7575,10.0552,0.100552,False,2024-01
2024-01-01,AMGN,buy_call,2.2855,1,9.1105,6.825,0.06825,False,2024-01
2024-01-01,AMZN,buy_call,4.1517,1,2.1456,-2.0061,-0.020061,False,2024-01
2024-01-01,ANET,buy_call,3.0,1,9.8382,6.8382,0.068382,False,2024-01
2024-01-01,AVGO,buy_call,3.1413,1,6.1972,3.0558,0.030558,False,2024-01
2024-01-01,AXP,buy_call,2.2103,1,7.1528,4.9424,0.049424,False,2024-01
2024-01-01,BA,buy_call,3.0,1,-19.0363,-3.0,-0.03,False,2024-01
2024-01-01,BAC,buy_call,2.3226,1,1.0098,-1.3128,-0.013128,False,2024-01
2024-01-01,BKNG,buy_call,3.0,1,-1.1206,-3.0,-0.03,False,2024-01
2024-01-01,BLK,buy_call,1.5872,1,-3.9817,-1.5872,-0.015872,False,2024-01
2024-01-01,BMY,buy_call,2.2855,1,-4.7554,-2.2855,-0.022855,False,2024-01
2024-01-01,BRK-B,skip,0.0,0,7.5927,0.0,0.0,False,2024-01
2024-01-01,BSX,buy_call,1.9862,1,9.4274,7.4413,0.074413,False,2024-01
2024-01-01,CAT,buy_call,3.1791,1,1.5693,-1.6098,-0.016098,False,2024-01
2024-01-01,CMCSA,buy_call,3.1444,1,6.1345,2.9901,0.029901,False,2024-01
2024-01-01,CMG,buy_call,3.0,1,5.3263,2.3263,0.023263,False,2024-01
2024-01-01,COST,buy_call,1.9884,1,7.666,5.6776,0.056776,False,2024-01
2024-01-01,CRM,buy_call,2.3658,1,6.8215,4.4557,0.044557,False,2024-01
2024-01-01,CSCO,buy_call,2.9682,1,-0.673,-2.9682,-0.029682,False,2024-01
2024-01-01,CVS,buy_call,1.8948,1,-5.8131,-1.8948,-0.018948,False,2024-01
2024-01-01,CVX,buy_call,2.9484,1,-1.1598,-2.9484,-0.029484,False,2024-01
2024-01-01,DE,buy_call,3.1791,1,-1.2115,-3.1791,-0.031791,False,2024-01
2024-01-01,DHR,buy_call,1.9862,1,3.8115,1.8253,0.018253,False,2024-01
2024-01-01,DUK,buy_call,1.8493,1,-1.2469,-1.8493,-0.018493,False,2024-01
2024-01-01,ELV,skip,0.0,0,4.9615,0.0,0.0,False,2024-01
2024-01-01,EQIX,skip,0.0,0,3.0271,0.0,0.0,False,2024-01
2024-01-01,ETN,buy_call,3.1791,1,2.1842,-0.9949,-0.009949,False,2024-01
2024-01-01,GE,buy_call,3.1791,1,3.8182,0.6391,0.006391,False,2024-01
2024-01-01,GILD,buy_call,2.2855,1,-2.5147,-2.2855,-0.022855,False,2024-01
2024-01-01,GOOGL,buy_call,2.9813,1,0.2935,-2.6878,-0.026878,False,2024-01
2024-01-01,GS,buy_call,1.5872,1,-0.4562,-1.5872,-0.015872,False,2024-01
2024-01-01,HD,buy_call,1.7864,1,1.8497,0.0633,0.000633,False,2024-01
2024-01-01,HON,buy_call,2.9682,1,-3.5525,-2.9682,-0.029682,False,2024-01
2024-01-01,IBM,buy_call,2.9682,1,12.2959,9.3277,0.093277,False,2024-01
2024-01-01,ICE,buy_call,3.0,1,-0.5021,-3.0,-0.03,False,2024-01
2024-01-01,INTC,buy_call,3.1413,1,-14.2686,-3.1413,-0.031413,False,2024-01
2024-01-01,INTU,buy_call,2.4833,1,1.008,-1.4753,-0.014753,False,2024-01
2024-01-01,ISRG,buy_call,1.9862,1,12.1117,10.1255,0.101255,False,2024-01
2024-01-01,JNJ,buy_call,2.0607,1,1.3781,-0.6826,-0.006826,False,2024-01
2024-01-01,JPM,buy_call,1.5872,1,2.5044,0.9172,0.009172,False,2024-01
2024-01-01,KLAC,buy_call,3.1413,1,2.1916,-0.9497,-0.009497,False,2024-01
2024-01-01,KO,buy_call,1.8493,1,0.9503,-0.899,-0.00899,False,2024-01
2024-01-01,LLY,skip,0.0,0,10.7545,0.0,0.0,False,2024-01
2024-01-01,LMT,buy_call,3.1791,1,-5.2577,-3.1791,-0.031791,False,2024-01
2024-01-01,LOW,buy_call,1.7864,1,-4.3631,-1.7864,-0.017864,False,2024-01
2024-01-01,LRCX,buy_call,3.1413,1,5.638,2.4966,0.024966,False,2024-01
2024-01-01,MA,buy_call,2.2103,1,5.327,3.1166,0.031166,False,2024-01
2024-01-01,MCD,buy_call,1.8493,1,-1.2782,-1.8493,-0.018493,False,2024-01
2024-01-01,MCK,skip,0.0,0,7.9723,0.0,0.0,False,2024-01
2024-01-01,MDLZ,buy_call,1.8708,1,4.5363,2.6655,0.026655,False,2024-01
2024-01-01,MDT,buy_call,1.9862,1,7.1538,5.1676,0.051676,False,2024-01
2024-01-01,META,buy_call,4.7242,1,10.2215,5.4973,0.054973,False,2024-01
2024-01-01,MRK,buy_call,1.7634,1,11.5892,9.8258,0.098258,False,2024-01
2024-01-01,MS,buy_call,1.5872,1,-6.445,-1.5872,-0.015872,False,2024-01
2024-01-01,MSFT,skip,0.0,0,5.7281,0.0,0.0,False,2024-01
2024-01-01,MU,buy_call,3.7024,1,0.615,-3.0874,-0.030874,False,2024-01
2024-01-01,NEE,buy_call,1.8493,1,-3.4738,-1.8493,-0.018493,False,2024-01
2024-01-01,NFLX,buy_call,5.0274,1,15.8622,10.8348,0.108348,False,2024-01
2024-01-01,NKE,skip,0.0,0,-6.1694,0.0,0.0,False,2024-01
2024-01-01,NOW,buy_call,3.373,1,8.3384,4.9654,0.049654,False,2024-01
2024-01-01,NVDA,buy_call,3.7024,1,24.2527,20.5503,0.205503,False,2024-01
2024-01-01,ORCL,skip,0.0,0,5.9471,0.0,0.0,False,2024-01
2024-01-01,PANW,skip,0.0,0,14.7959,0.0,0.0,False,2024-01
2024-01-01,PEP,buy_call,1.8708,1,-0.7713,-1.8708,-0.018708,False,2024-01
2024-01-01,PG,skip,0.0,0,7.2335,0.0,0.0,False,2024-01
2024-01-01,PGR,skip,0.0,0,11.9098,0.0,0.0,False,2024-01
2024-01-01,PLD,buy_call,2.9682,1,-4.3519,-2.9682,-0.029682,False,2024-01
2024-01-01,PM,buy_call,1.8708,1,-2.0973,-1.8708,-0.018708,False,2024-01
2024-01-01,QCOM,buy_call,3.6031,1,2.6827,-0.9203,-0.009203,False,2024-01
2024-01-01,SBUX,skip,0.0,0,-3.1038,0.0,0.0,False,2024-01
2024-01-01,SCHW,buy_call,1.5872,1,-8.5465,-1.5872,-0.015872,False,2024-01
2024-01-01,SO,skip,0.0,0,-0.8557,0.0,0.0,False,2024-01
2024-01-01,SPGI,buy_call,1.5872,1,1.7774,0.1902,0.001902,False,2024-01
2024-01-01,SYK,buy_call,1.9862,1,12.3289,10.3427,0.103427,False,2024-01
2024-01-01,TJX,buy_call,1.4631,1,1.1726,-0.2906,-0.002906,False,2024-01
2024-01-01,TMO,buy_call,2.4981,1,1.6116,-0.8865,-0.008865,False,2024-01
2024-01-01,TMUS,buy_call,3.1444,1,0.5613,-2.5831,-0.025831,False,2024-01
2024-01-01,TSLA,buy_call,6.0828,1,-24.6257,-6.0828,-0.060828,False,2024-01
2024-01-01,TXN,buy_call,3.1413,1,-6.0659,-3.1413,-0.031413,False,2024-01
2024-01-01,UBER,buy_call,3.0,1,6.0094,3.0094,0.030094,False,2024-01
2024-01-01,UNH,skip,0.0,0,-2.4663,0.0,0.0,False,2024-01
2024-01-01,UNP,buy_call,3.1791,1,-0.1308,-3.1791,-0.031791,False,2024-01
2024-01-01,V,buy_call,1.8319,1,4.9587,3.1268,0.031268,False,2024-01
2024-01-01,VRTX,buy_call,2.2855,1,6.5104,4.2248,0.042248,False,2024-01
2024-01-01,VZ,skip,0.0,0,12.3342,0.0,0.0,False,2024-01
2024-01-01,WFC,buy_call,2.5815,1,1.9504,-0.6311,-0.006311,False,2024-01
2024-01-01,WM,buy_call,3.0,1,3.646,0.646,0.00646,False,2024-01
2024-01-01,XOM,skip,0.0,0,2.8306,0.0,0.0,False,2024-01
2024-01-01,ZTS,buy_call,2.2855,1,-4.8437,-2.2855,-0.022855,False,2024-01
2024-02-01,AAPL,skip,0.0,0,-1.9794,0.0,0.0,False,2024-02
2024-02-01,ABBV,buy_call,1.0895,1,8.1095,7.02,0.0702,False,2024-02
2024-02-01,ABNB,buy_call,3.0,1,9.248,6.248,0.06248,False,2024-02
2024-02-01,ABT,buy_call,2.0209,1,5.3585,3.3376,0.033376,False,2024-02
2024-02-01,ACN,buy_call,1.9765,1,3.3716,1.3951,0.013951,False,2024-02
2024-02-01,ADBE,buy_call,2.2274,1,-9.3075,-2.2274,-0.022274,False,2024-02
2024-02-01,ADI,skip,0.0,0,-0.2807,0.0,0.0,False,2024-02
2024-02-01,ADP,buy_call,2.6312,1,2.1767,-0.4544,-0.004544,False,2024-02
2024-02-01,AMAT,buy_call,4.1737,1,22.7145,18.5408,0.185408,False,2024-02
2024-02-01,AMD,buy_call,6.8772,1,14.813,7.9359,0.079359,False,2024-02
2024-02-01,AMGN,buy_call,1.0895,1,-12.8652,-1.0895,-0.010895,False,2024-02
2024-02-01,AMZN,buy_call,2.9065,1,13.8918,10.9852,0.109852,False,2024-02
2024-02-01,ANET,buy_call,3.0,1,7.2909,4.2909,0.042909,False,2024-02
2024-02-01,AVGO,buy_call,4.1737,1,10.211,6.0373,0.060373,False,2024-02
2024-02-01,AXP,buy_call,1.7687,1,9.6587,7.8899,0.078899,False,2024-02
2024-02-01,BA,skip,0.0,0,-3.4685,0.0,0.0,False,2024-02
2024-02-01,BAC,buy_call,2.7758,1,1.4995,-1.2763,-0.012763,False,2024-02
2024-02-01,BKNG,skip,0.0,0,-1.1016,0.0,0.0,False,2024-02
2024-02-01,BLK,skip,0.0,0,4.7823,0.0,0.0,False,2024-02
2024-02-01,BMY,skip,0.0,0,5.0521,0.0,0.0,False,2024-02
2024-02-01,BRK-B,buy_call,1.3467,1,6.6868,5.3401,0.053401,False,2024-02
2024-02-01,BSX,buy_call,2.0209,1,4.6633,2.6424,0.026424,False,2024-02
2024-02-01,CAT,buy_call,2.8954,1,11.7203,8.8249,0.088249,False,2024-02
2024-02-01,CMCSA,buy_call,1.272,1,-7.3157,-1.272,-0.01272,False,2024-02
2024-02-01,CMG,buy_call,3.0,1,11.6242,8.6242,0.086242,False,2024-02
2024-02-01,COST,buy_call,2.5786,1,7.053,4.4744,0.044744,False,2024-02
2024-02-01,CRM,buy_call,4.4342,1,9.8652,5.4309,0.054309,False,2024-02
2024-02-01,CSCO,skip,0.0,0,-2.857,0.0,0.0,False,2024-02
2024-02-01,CVS,skip,0.0,0,0.9083,0.0,0.0,False,2024-02
2024-02-01,CVX,skip,0.0,0,3.1065,0.0,0.0,False,2024-02
2024-02-01,DE,skip,0.0,0,-7.2489,0.0,0.0,False,2024-02
2024-02-01,DHR,buy_call,2.0209,1,5.5146,3.4937,0.034937,False,2024-02
2024-02-01,DUK,skip,0.0,0,-4.1741,0.0,0.0,False,2024-02
2024-02-01,ELV,buy_call,1.8242,1,1.5828,-0.2415,-0.002415,False,2024-02
2024-02-01,EQIX,buy_call,2.6312,1,7.1164,4.4853,0.044853,False,2024-02
2024-02-01,ETN,buy_call,2.8954,1,17.4415,14.5461,0.145461,False,2024-02
2024-02-01,GE,buy_call,2.8954,1,18.4791,15.5837,0.155837,False,2024-02
2024-02-01,GILD,skip,0.0,0,-7.8712,0.0,0.0,False,2024-02
2024-02-01,GOOGL,buy_call,2.357,1,-1.1706,-2.357,-0.02357,False,2024-02
2024-02-01,GS,skip,0.0,0,1.3125,0.0,0.0,False,2024-02
2024-02-01,HD,buy_call,2.6683,1,7.8337,5.1654,0.051654,False,2024-02
2024-02-01,HON,skip,0.0,0,-1.7453,0.0,0.0,False,2024-02
2024-02-01,IBM,buy_call,2.6312,1,0.746,-1.8852,-0.018852,False,2024-02
2024-02-01,ICE,skip,0.0,0,8.7096,0.0,0.0,False,2024-02
2024-02-01,INTC,skip,0.0,0,-0.0696,0.0,0.0,False,2024-02
2024-02-01,INTU,buy_call,3.5689,1,5.1571,1.5882,0.015882,False,2024-02
2024-02-01,ISRG,buy_call,2.0209,1,1.9512,-0.0696,-0.000696,False,2024-02
2024-02-01,JNJ,buy_call,1.1432,1,1.5607,0.4175,0.004175,False,2024-02
2024-02-01,JPM,buy_call,2.097,1,7.3683,5.2713,0.052713,False,2024-02
2024-02-01,KLAC,buy_call,4.1737,1,14.8576,10.6839,0.106839,False,2024-02
2024-02-01,KO,buy_call,2.2341,1,0.8909,-1.3432,-0.013432,False,2024-02
2024-02-01,LLY,buy_call,3.2683,1,16.7392,13.4709,0.134709,False,2024-02
2024-02-01,LMT,skip,0.0,0,-0.2725,0.0,0.0,False,2024-02
2024-02-01,LOW,skip,0.0,0,13.6441,0.0,0.0,False,2024-02
2024-02-01,LRCX,buy_call,4.1737,1,13.7038,9.5302,0.095302,False,2024-02
2024-02-01,MA,buy_call,1.7687,1,5.8496,4.0809,0.040809,False,2024-02
2024-02-01,MCD,skip,0.0,0,-0.1503,0.0,0.0,False,2024-02
2024-02-01,MCK,buy_call,3.0,1,4.3049,1.3049,0.013049,False,2024-02
2024-02-01,MDLZ,buy_call,1.4038,1,-2.9228,-1.4038,-0.014038,False,2024-02
2024-02-01,MDT,buy_call,2.0209,1,-4.7749,-2.0209,-0.020209,False,2024-02
2024-02-01,META,buy_call,3.2922,1,25.6293,22.337,0.22337,False,2024-02
2024-02-01,MRK,buy_call,3.0988,1,5.2741,2.1752,0.021752,False,2024-02
2024-02-01,MS,skip,0.0,0,-0.4094,0.0,0.0,False,2024-02
2024-02-01,MSFT,buy_call,2.2274,1,4.0394,1.8121,0.018121,False,2024-02
2024-02-01,MU,buy_call,6.8772,1,5.6676,-1.2095,-0.012095,False,2024-02
2024-02-01,NEE,skip,0.0,0,-5.8673,0.0,0.0,False,2024-02
2024-02-01,NFLX,buy_call,3.056,1,6.8799,3.8238,0.038238,False,2024-02
2024-02-01,NKE,skip,0.0,0,2.3638,0.0,0.0,False,2024-02
2024-02-01,NOW,buy_call,4.0949,1,0.7761,-3.3188,-0.033188,False,2024-02
2024-02-01,NVDA,buy_call,6.8772,1,28.5809,21.7038,0.217038,False,2024-02
2024-02-01,ORCL,buy_call,3.5576,1,0.3695,-3.1881,-0.031881,False,2024-02
2024-02-01,PANW,buy_call,4.4342,1,-8.2597,-4.4342,-0.044342,False,2024-02
2024-02-01,PEP,skip,0.0,0,-1.8928,0.0,0.0,False,2024-02
2024-02-01,PG,buy_call,1.9982,1,1.7843,-0.214,-0.00214,False,2024-02
2024-02-01,PGR,buy_call,2.097,1,6.8797,4.7827,0.047827,False,2024-02
2024-02-01,PLD,skip,0.0,0,5.1938,0.0,0.0,False,2024-02
2024-02-01,PM,skip,0.0,0,-0.9797,0.0,0.0,False,2024-02
2024-02-01,QCOM,buy_call,4.0418,1,6.2487,2.2069,0.022069,False,2024-02
2024-02-01,SBUX,skip,0.0,0,2.0101,0.0,0.0,False,2024-02
2024-02-01,SCHW,skip,0.0,0,6.1348,0.0,0.0,False,2024-02
2024-02-01,SO,skip,0.0,0,-3.2653,0.0,0.0,False,2024-02
2024-02-01,SPGI,buy_call,2.097,1,-4.4541,-2.097,-0.02097,False,2024-02
2024-02-01,SYK,buy_call,2.0209,1,4.0509,2.03,0.0203,False,2024-02
2024-02-01,TJX,buy_call,2.4754,1,4.4569,1.9814,0.019814,False,2024-02
2024-02-01,TMO,buy_call,2.4952,1,5.7887,3.2935,0.032935,False,2024-02
2024-02-01,TMUS,buy_call,1.272,1,1.2839,0.0119,0.000119,False,2024-02
2024-02-01,TSLA,skip,0.0,0,7.7901,0.0,0.0,False,2024-02
2024-02-01,TXN,skip,0.0,0,5.3275,0.0,0.0,False,2024-02
2024-02-01,UBER,buy_call,3.0,1,21.8018,18.8018,0.188018,False,2024-02
2024-02-01,UNH,skip,0.0,0,-3.5448,0.0,0.0,False,2024-02
2024-02-01,UNP,skip,0.0,0,4.0012,0.0,0.0,False,2024-02
2024-02-01,V,buy_call,1.7908,1,3.4326,1.6418,0.016418,False,2024-02
2024-02-01,VRTX,buy_call,1.0895,1,-2.9166,-1.0895,-0.010895,False,2024-02
2024-02-01,VZ,buy_call,1.272,1,-3.9082,-1.272,-0.01272,False,2024-02
2024-02-01,WFC,buy_call,3.3288,1,10.7812,7.4523,0.074523,False,2024-02
2024-02-01,WM,buy_call,3.0,1,10.7849,7.7849,0.077849,False,2024-02
2024-02-01,XOM,buy_call,2.8954,1,1.6633,-1.2322,-0.012322,False,2024-02
2024-02-01,ZTS,skip,0.0,0,5.8409,0.0,0.0,False,2024-02
2024-03-01,AAPL,skip,0.0,0,-5.0076,0.0,0.0,False,2024-03
2024-03-01,ABBV,buy_call,2.6018,1,3.4365,0.8347,0.008347,False,2024-03
2024-03-01,ABNB,buy_call,3.0,1,4.7565,1.7565,0.017565,False,2024-03
2024-03-01,ABT,buy_call,1.6425,1,-4.1976,-1.6425,-0.016425,False,2024-03
2024-03-01,ACN,buy_call,3.4196,1,-7.5164,-3.4196,-0.034196,False,2024-03
2024-03-01,ADBE,skip,0.0,0,-9.9379,0.0,0.0,False,2024-03
2024-03-01,ADI,skip,0.0,0,3.1123,0.0,0.0,False,2024-03
2024-03-01,ADP,buy_call,1.4367,1,-0.5535,-1.4367,-0.014367,False,2024-03
2024-03-01,AMAT,buy_call,3.826,1,2.4598,-1.3661,-0.013661,False,2024-03
2024-03-01,AMD,buy_call,6.6188,1,-6.2536,-6.6188,-0.066188,False,2024-03
2024-03-01,AMGN,skip,0.0,0,4.6425,0.0,0.0,False,2024-03
2024-03-01,AMZN,buy_call,2.7545,1,2.048,-0.7065,-0.007065,False,2024-03
2024-03-01,ANET,buy_call,3.0,1,4.4822,1.4822,0.014822,False,2024-03
2024-03-01,AVGO,buy_call,3.826,1,1.9162,-1.9098,-0.019098,False,2024-03
2024-03-01,AXP,buy_call,1.714,1,3.769,2.0551,0.020551,False,2024-03
2024-03-01,BA,skip,0.0,0,-5.267,0.0,0.0,False,2024-03
2024-03-01,BAC,buy_call,2.2194,1,10.6232,8.4038,0.084038,False,2024-03
2024-03-01,BKNG,skip,0.0,0,4.5851,0.0,0.0,False,2024-03
2024-03-01,BLK,buy_call,3.2906,1,2.756,-0.5346,-0.005346,False,2024-03
2024-03-01,BMY,buy_call,2.6018,1,6.8571,4.2553,0.042553,False,2024-03
2024-03-01,BRK-B,buy_call,1.2235,1,2.7162,1.4927,0.014927,False,2024-03
2024-03-01,BSX,buy_call,1.6425,1,3.4436,1.8011,0.018011,False,2024-03
2024-03-01,CAT,buy_call,1.885,1,9.7227,7.8378,0.078378,False,2024-03
2024-03-01,CMCSA,skip,0.0,0,1.1669,0.0,0.0,False,2024-03
2024-03-01,CMG,buy_call,3.0,1,8.1078,5.1078,0.051078,False,2024-03
2024-03-01,COST,buy_call,1.5812,1,-1.3689,-1.5812,-0.015812,False,2024-03
2024-03-01,CRM,buy_call,2.8787,1,-2.474,-2.8787,-0.028787,False,2024-03
2024-03-01,CSCO,skip,0.0,0,3.1838,0.0,0.0,False,2024-03
2024-03-01,CVS,buy_call,1.8072,1,7.2475,5.4403,0.054403,False,2024-03
2024-03-01,CVX,buy_call,1.6817,1,4.9018,3.2201,0.032201,False,2024-03
2024-03-01,DE,skip,0.0,0,12.5161,0.0,0.0,False,2024-03
2024-03-01,DHR,buy_call,1.6425,1,-1.351,-1.6425,-0.016425,False,2024-03
2024-03-01,DUK,skip,0.0,0,6.5094,0.0,0.0,False,2024-03
2024-03-01,ELV,buy_call,1.8072,1,3.4494,1.6422,0.016422,False,2024-03
2024-03-01,EQIX,buy_call,1.4367,1,-6.6902,-1.4367,-0.014367,False,2024-03
2024-03-01,ETN,buy_call,1.885,1,8.1938,6.3088,0.063088,False,2024-03
2024-03-01,GE,buy_call,1.885,1,11.8809,9.996,0.09996,False,2024-03
2024-03-01,GILD,skip,0.0,0,1.595,0.0,0.0,False,2024-03
2024-03-01,GOOGL,skip,0.0,0,9.0062,0.0,0.0,False,2024-03
2024-03-01,GS,buy_call,3.2906,1,8.1224,4.8318,0.048318,False,2024-03
2024-03-01,HD,buy_call,1.4955,1,0.7856,-0.7099,-0.007099,False,2024-03
2024-03-01,HON,skip,0.0,0,3.8485,0.0,0.0,False,2024-03
2024-03-01,IBM,buy_call,1.4367,1,4.1458,2.7091,0.027091,False,2024-03
2024-03-01,ICE,buy_call,3.0,1,-0.7152,-3.0,-0.03,False,2024-03
2024-03-01,INTC,skip,0.0,0,2.9024,0.0,0.0,False,2024-03
2024-03-01,INTU,buy_call,2.6726,1,-1.9445,-2.6726,-0.026726,False,2024-03
2024-03-01,ISRG,buy_call,1.6425,1,3.4984,1.856,0.01856,False,2024-03
2024-03-01,JNJ,buy_call,1.061,1,-1.2324,-1.061,-0.01061,False,2024-03
2024-03-01,JPM,buy_call,3.2906,1,7.6535,4.3629,0.043629,False,2024-03
2024-03-01,KLAC,buy_call,3.826,1,2.6121,-1.2138,-0.012138,False,2024-03
2024-03-01,KO,buy_call,1.1315,1,1.9327,0.8011,0.008011,False,2024-03
2024-03-01,LLY,buy_call,2.9483,1,3.4025,0.4541,0.004541,False,2024-03
2024-03-01,LMT,skip,0.0,0,6.9978,0.0,0.0,False,2024-03
2024-03-01,LOW,buy_call,1.4955,1,5.842,4.3465,0.043465,False,2024-03
2024-03-01,LRCX,buy_call,3.826,1,3.5513,-0.2747,-0.002747,False,2024-03
2024-03-01,MA,buy_call,1.714,1,1.4344,-0.2796,-0.002796,False,2024-03
2024-03-01,MCD,skip,0.0,0,-2.9854,0.0,0.0,False,2024-03
2024-03-01,MCK,buy_call,3.0,1,3.0833,0.0833,0.000833,False,2024-03
2024-03-01,MDLZ,skip,0.0,0,-4.2015,0.0,0.0,False,2024-03
2024-03-01,MDT,skip,0.0,0,4.5466,0.0,0.0,False,2024-03
2024-03-01,META,buy_call,3.0989,1,-0.8232,-3.0989,-0.030989,False,2024-03
2024-03-01,MRK,buy_call,2.1433,1,3.7751,1.6318,0.016318,False,2024-03
2024-03-01,MS,skip,0.0,0,9.4375,0.0,0.0,False,2024-03
2024-03-01,MSFT,buy_call,1.9021,1,1.8997,-0.0024,-2.4e-05,False,2024-03
2024-03-01,MU,buy_call,6.6188,1,30.1071,23.4882,0.234882,False,2024-03
2024-03-01,NEE,skip,0.0,0,16.8599,0.0,0.0,False,2024-03
2024-03-01,NFLX,buy_call,2.8118,1,0.7314,-2.0804,-0.020804,False,2024-03
2024-03-01,NKE,buy_call,4.5392,1,-9.5738,-4.5392,-0.045392,False,2024-03
2024-03-01,NOW,buy_call,2.5435,1,-1.159,-2.5435,-0.025435,False,2024-03
2024-03-01,NVDA,buy_call,6.6188,1,14.2128,7.5939,0.075939,False,2024-03
2024-03-01,ORCL,buy_call,2.7042,1,12.4731,9.7689,0.097689,False,2024-03
2024-03-01,PANW,skip,0.0,0,-8.5075,0.0,0.0,False,2024-03
2024-03-01,PEP,skip,0.0,0,6.6563,0.0,0.0,False,2024-03
2024-03-01,PG,buy_call,0.757,1,2.0825,1.3255,0.013255,False,2024-03
2024-03-01,PGR,buy_call,3.2906,1,9.1053,5.8148,0.058148,False,2024-03
2024-03-01,PLD,buy_call,1.4367,1,-2.2886,-1.4367,-0.014367,False,2024-03
2024-03-01,PM,skip,0.0,0,1.8453,0.0,0.0,False,2024-03
2024-03-01,QCOM,buy_call,3.0733,1,7.8395,4.7662,0.047662,False,2024-03
2024-03-01,SBUX,buy_call,1.1315,1,-3.1192,-1.1315,-0.011315,False,2024-03
2024-03-01,SCHW,buy_call,3.2906,1,8.7614,5.4708,0.054708,False,2024-03
2024-03-01,SO,skip,0.0,0,7.8058,0.0,0.0,False,2024-03
2024-03-01,SPGI,skip,0.0,0,-0.4773,0.0,0.0,False,2024-03
2024-03-01,SYK,buy_call,1.6425,1,2.521,0.8785,0.008785,False,2024-03
2024-03-01,TJX,buy_call,1.5261,1,2.6487,1.1226,0.011226,False,2024-03
2024-03-01,TMO,buy_call,2.0853,1,1.9345,-0.1508,-0.001508,False,2024-03
2024-03-01,TMUS,buy_call,2.6549,1,0.3492,-2.3057,-0.023057,False,2024-03
2024-03-01,TSLA,buy_call,5.9655,1,-12.9235,-5.9655,-0.059655,False,2024-03
2024-03-01,TXN,buy_call,3.826,1,4.1116,0.2857,0.002857,False,2024-03
2024-03-01,UBER,buy_call,3.0,1,-3.1572,-3.0,-0.03,False,2024-03
2024-03-01,UNH,skip,0.0,0,0.2229,0.0,0.0,False,2024-03
2024-03-01,UNP,buy_call,1.885,1,-2.5588,-1.885,-0.01885,False,2024-03
2024-03-01,V,buy_call,1.4587,1,-1.0755,-1.4587,-0.014587,False,2024-03
2024-03-01,VRTX,skip,0.0,0,-0.6489,0.0,0.0,False,2024-03
2024-03-01,VZ,skip,0.0,0,4.8476,0.0,0.0,False,2024-03
2024-03-01,WFC,buy_call,3.309,1,4.9957,1.6867,0.016867,False,2024-03
2024-03-01,WM,buy_call,3.0,1,3.647,0.647,0.00647,False,2024-03
2024-03-01,XOM,buy_call,1.885,1,12.2467,10.3618,0.103618,False,2024-03
2024-03-01,ZTS,buy_call,2.6018,1,-14.6826,-2.6018,-0.026018,False,2024-03
2024-04-01,AAPL,skip,0.0,0,-0.6706,0.0,0.0,False,2024-04
2024-04-01,ABBV,buy_call,2.3047,1,-10.6864,-2.3047,-0.023047,False,2024-04
2024-04-01,ABNB,buy_call,3.0,1,-3.8737,-3.0,-0.03,False,2024-04
2024-04-01,ABT,skip,0.0,0,-6.7658,0.0,0.0,False,2024-04
2024-04-01,ACN,skip,0.0,0,-13.1848,0.0,0.0,False,2024-04
2024-04-01,ADBE,skip,0.0,0,-8.2778,0.0,0.0,False,2024-04
2024-04-01,ADI,buy_call,4.0334,1,1.9037,-2.1297,-0.021297,False,2024-04
2024-04-01,ADP,skip,0.0,0,-2.5838,0.0,0.0,False,2024-04
2024-04-01,AMAT,buy_call,4.0334,1,-3.6755,-4.0334,-0.040334,False,2024-04
2024-04-01,AMD,skip,0.0,0,-12.25,0.0,0.0,False,2024-04
2024-04-01,AMGN,buy_call,2.3047,1,-3.6508,-2.3047,-0.023047,False,2024-04
2024-04-01,AMZN,buy_call,4.8348,1,-2.9826,-4.8348,-0.048348,False,2024-04
2024-04-01,ANET,buy_call,3.0,1,-11.5249,-3.0,-0.03,False,2024-04
2024-04-01,AVGO,buy_call,4.0334,1,-1.479,-4.0334,-0.040334,False,2024-04
2024-04-01,AXP,buy_call,2.8751,1,2.7845,-0.0906,-0.000906,False,2024-04
2024-04-01,BA,skip,0.0,0,-13.0318,0.0,0.0,False,2024-04
2024-04-01,BAC,buy_call,3.1544,1,-2.3998,-3.1544,-0.031544,False,2024-04
2024-04-01,BKNG,buy_call,3.0,1,-4.6037,-3.0,-0.03,False,2024-04
2024-04-01,BLK,buy_call,2.8168,1,-8.9213,-2.8168,-0.028168,False,2024-04
2024-04-01,BMY,buy_call,2.3047,1,-18.9747,-2.3047,-0.023047,False,2024-04
2024-04-01,BRK-B,buy_call,1.7192,1,-5.6573,-1.7192,-0.017192,False,2024-04
2024-04-01,BSX,buy_call,2.2812,1,4.935,2.6538,0.026538,False,2024-04
2024-04-01,CAT,buy_call,2.6621,1,-8.6947,-2.6621,-0.026621,False,2024-04
2024-04-01,CMCSA,buy_call,3.0677,1,-12.0877,-3.0677,-0.030677,False,2024-04
2024-04-01,CMG,buy_call,3.0,1,8.698,5.698,0.05698,False,2024-04
2024-04-01,COST,skip,0.0,0,-1.3281,0.0,0.0,False,2024-04
2024-04-01,CRM,skip,0.0,0,-10.5879,0.0,0.0,False,2024-04
2024-04-01,CSCO,buy_call,3.8731,1,-5.8706,-3.8731,-0.038731,False,2024-04
2024-04-01,CVS,buy_call,3.0924,1,-15.1078,-3.0924,-0.030924,False,2024-04
2024-04-01,CVX,buy_call,2.4329,1,2.2379,-0.195,-0.00195,False,2024-04
2024-04-01,DE,buy_call,2.6621,1,-4.3533,-2.6621,-0.026621,False,2024-04
2024-04-01,DHR,skip,0.0,0,-1.1339,0.0,0.0,False,2024-04
2024-04-01,DUK,buy_call,1.5232,1,1.6027,0.0795,0.000795,False,2024-04
2024-04-01,ELV,buy_call,3.0924,1,2.2665,-0.826,-0.00826,False,2024-04
2024-04-01,EQIX,skip,0.0,0,-13.8393,0.0,0.0,False,2024-04
2024-04-01,ETN,buy_call,2.6621,1,2.1033,-0.5588,-0.005588,False,2024-04
2024-04-01,GE,buy_call,2.6621,1,15.5133,12.8512,0.128512,False,2024-04
2024-04-01,GILD,buy_call,2.3047,1,-10.078,-2.3047,-0.023047,False,2024-04
2024-04-01,GOOGL,buy_call,4.0101,1,7.8513,3.8413,0.038413,False,2024-04
2024-04-01,GS,buy_call,2.8168,1,2.1595,-0.6573,-0.006573,False,2024-04
2024-04-01,HD,buy_call,2.6686,1,-12.3517,-2.6686,-0.026686,False,2024-04
2024-04-01,HON,buy_call,3.8731,1,-6.0999,-3.8731,-0.038731,False,2024-04
2024-04-01,IBM,buy_call,3.8731,1,-12.9661,-3.8731,-0.038731,False,2024-04
2024-04-01,ICE,skip,0.0,0,-6.001,0.0,0.0,False,2024-04
2024-04-01,INTC,buy_call,4.0334,1,-31.0165,-4.0334,-0.040334,False,2024-04
2024-04-01,INTU,skip,0.0,0,-3.7508,0.0,0.0,False,2024-04
2024-04-01,ISRG,buy_call,2.2812,1,-7.1337,-2.2812,-0.022812,False,2024-04
2024-04-01,JNJ,skip,0.0,0,-8.5973,0.0,0.0,False,2024-04
2024-04-01,JPM,buy_call,2.8168,1,-4.2736,-2.8168,-0.028168,False,2024-04
2024-04-01,KLAC,buy_call,4.0334,1,-1.3284,-4.0334,-0.040334,False,2024-04
2024-04-01,KO,buy_call,1.5232,1,1.7719,0.2487,0.002487,False,2024-04
2024-04-01,LLY,buy_call,3.5202,1,0.4036,-3.1166,-0.031166,False,2024-04
2024-04-01,LMT,buy_call,2.6621,1,2.2116,-0.4505,-0.004505,False,2024-04
2024-04-01,LOW,buy_call,2.6686,1,-10.4974,-2.6686,-0.026686,False,2024-04
2024-04-01,LRCX,buy_call,4.0334,1,-7.7436,-4.0334,-0.040334,False,2024-04
2024-04-01,MA,buy_call,2.8751,1,-6.3065,-2.8751,-0.028751,False,2024-04
2024-04-01,MCD,skip,0.0,0,-3.1601,0.0,0.0,False,2024-04
2024-04-01,MCK,buy_call,3.0,1,0.0671,-2.9329,-0.029329,False,2024-04
2024-04-01,MDLZ,skip,0.0,0,3.3988,0.0,0.0,False,2024-04
2024-04-01,MDT,buy_call,2.2812,1,-7.1667,-2.2812,-0.022812,False,2024-04
2024-04-01,META,skip,0.0,0,-11.4111,0.0,0.0,False,2024-04
2024-04-01,MRK,buy_call,2.3279,1,-1.4478,-2.3279,-0.023279,False,2024-04
2024-04-01,MS,buy_call,2.8168,1,-3.5259,-2.8168,-0.028168,False,2024-04
2024-04-01,MSFT,buy_call,2.8042,1,-7.461,-2.8042,-0.028042,False,2024-04
2024-04-01,MU,buy_call,4.6465,1,-4.0894,-4.6465,-0.046465,False,2024-04
2024-04-01,NEE,buy_call,1.5232,1,4.788,3.2647,0.032647,False,2024-04
2024-04-01,NFLX,buy_call,5.5605,1,-9.3343,-5.5605,-0.055605,False,2024-04
2024-04-01,NKE,skip,0.0,0,-1.4794,0.0,0.0,False,2024-04
2024-04-01,NOW,skip,0.0,0,-9.0595,0.0,0.0,False,2024-04
2024-04-01,NVDA,buy_call,4.6465,1,-4.3715,-4.6465,-0.046465,False,2024-04
2024-04-01,ORCL,buy_call,2.5045,1,-9.4419,-2.5045,-0.025045,False,2024-04
2024-04-01,PANW,skip,0.0,0,2.3792,0.0,0.0,False,2024-04
2024-04-01,PEP,buy_call,1.6302,1,0.5143,-1.1159,-0.011159,False,2024-04
2024-04-01,PG,buy_call,1.987,1,0.5855,-1.4015,-0.014015,False,2024-04
2024-04-01,PGR,buy_call,2.8168,1,0.6914,-2.1254,-0.021254,False,2024-04
2024-04-01,PLD,skip,0.0,0,-21.053,0.0,0.0,False,2024-04
2024-04-01,PM,buy_call,1.6302,1,5.0616,3.4315,0.034315,False,2024-04
2024-04-01,QCOM,buy_call,5.0236,1,-2.0378,-5.0236,-0.050236,False,2024-04
2024-04-01,SBUX,skip,0.0,0,-3.1732,0.0,0.0,False,2024-04
2024-04-01,SCHW,buy_call,2.8168,1,2.2256,-0.5911,-0.005911,False,2024-04
2024-04-01,SO,buy_call,1.5232,1,2.4533,0.9301,0.009301,False,2024-04
2024-04-01,SPGI,skip,0.0,0,-2.2611,0.0,0.0,False,2024-04
2024-04-01,SYK,buy_call,2.2812,1,-5.7563,-2.2812,-0.022812,False,2024-04
2024-04-01,TJX,buy_call,1.8021,1,-7.2274,-1.8021,-0.018021,False,2024-04
2024-04-01,TMO,buy_call,3.3104,1,-2.0846,-3.3104,-0.033104,False,2024-04
2024-04-01,TMUS,buy_call,3.0677,1,0.582,-2.4857,-0.024857,False,2024-04
2024-04-01,TSLA,skip,0.0,0,4.2608,0.0,0.0,False,2024-04
2024-04-01,TXN,buy_call,4.0334,1,1.2686,-2.7649,-0.027649,False,2024-04
2024-04-01,UBER,skip,0.0,0,-13.9239,0.0,0.0,False,2024-04
2024-04-01,UNH,buy_call,3.0924,1,-1.8381,-3.0924,-0.030924,False,2024-04
2024-04-01,UNP,skip,0.0,0,-3.566,0.0,0.0,False,2024-04
2024-04-01,V,skip,0.0,0,-3.7516,0.0,0.0,False,2024-04
2024-04-01,VRTX,skip,0.0,0,-6.0286,0.0,0.0,False,2024-04
2024-04-01,VZ,buy_call,3.0677,1,-5.8865,-3.0677,-0.030677,False,2024-04
2024-04-01,WFC,buy_call,2.9953,1,2.3464,-0.6488,-0.006488,False,2024-04
2024-04-01,WM,buy_call,3.0,1,-2.0586,-3.0,-0.03,False,2024-04
2024-04-01,XOM,buy_call,2.6621,1,1.7464,-0.9157,-0.009157,False,2024-04
2024-04-01,ZTS,skip,0.0,0,-5.8921,0.0,0.0,False,2024-04
2024-05-01,AAPL,skip,0.0,0,12.8691,0.0,0.0,True,2024-05
2024-05-01,ABBV,skip,0.0,0,0.0651,0.0,0.0,True,2024-05
2024-05-01,ABNB,skip,0.0,0,-8.6019,0.0,0.0,True,2024-05
2024-05-01,ABT,skip,0.0,0,-3.0888,0.0,0.0,True,2024-05
2024-05-01,ACN,skip,0.0,0,-5.8247,0.0,0.0,True,2024-05
2024-05-01,ADBE,skip,0.0,0,-3.9042,0.0,0.0,True,2024-05
2024-05-01,ADI,buy_call,3.8759,4,16.8885,13.0126,0.520504,True,2024-05
2024-05-01,ADP,skip,0.0,0,1.2526,0.0,0.0,True,2024-05
2024-05-01,AMAT,skip,0.0,0,8.2708,0.0,0.0,True,2024-05
2024-05-01,AMD,skip,0.0,0,5.3795,0.0,0.0,True,2024-05
2024-05-01,AMGN,skip,0.0,0,11.6485,0.0,0.0,True,2024-05
2024-05-01,AMZN,skip,0.0,0,0.8229,0.0,0.0,True,2024-05
2024-05-01,ANET,skip,0.0,0,16.0157,0.0,0.0,True,2024-05
2024-05-01,AVGO,skip,0.0,0,2.1749,0.0,0.0,True,2024-05
2024-05-01,AXP,buy_call,2.7116,4,2.8687,0.157,0.00628,True,2024-05
2024-05-01,BA,skip,0.0,0,5.821,0.0,0.0,True,2024-05
2024-05-01,BAC,skip,0.0,0,8.0519,0.0,0.0,True,2024-05
2024-05-01,BKNG,skip,0.0,0,9.3951,0.0,0.0,True,2024-05
2024-05-01,BLK,skip,0.0,0,2.3044,0.0,0.0,True,2024-05
2024-05-01,BMY,skip,0.0,0,-5.3983,0.0,0.0,True,2024-05
2024-05-01,BRK-B,skip,0.0,0,4.4539,0.0,0.0,True,2024-05
2024-05-01,BSX,buy_call,2.072,4,5.1482,3.0762,0.123048,True,2024-05
2024-05-01,CAT,skip,0.0,0,1.5494,0.0,0.0,True,2024-05
2024-05-01,CMCSA,skip,0.0,0,5.8139,0.0,0.0,True,2024-05
2024-05-01,CMG,buy_call,3.0,4,-0.952,-3.0,-0.12,True,2024-05
2024-05-01,COST,skip,0.0,0,12.2133,0.0,0.0,True,2024-05
2024-05-01,CRM,skip,0.0,0,-12.8281,0.0,0.0,True,2024-05
2024-05-01,CSCO,skip,0.0,0,-0.2131,0.0,0.0,True,2024-05
2024-05-01,CVS,skip,0.0,0,-11.1258,0.0,0.0,True,2024-05
2024-05-01,CVX,buy_call,2.9867,4,0.6387,-2.348,-0.09392,True,2024-05
2024-05-01,DE,skip,0.0,0,-4.2538,0.0,0.0,True,2024-05
2024-05-01,DHR,skip,0.0,0,4.1278,0.0,0.0,True,2024-05
2024-05-01,DUK,buy_call,1.274,4,5.404,4.1301,0.165204,True,2024-05
2024-05-01,ELV,buy_call,1.4773,4,1.8729,0.3956,0.015824,True,2024-05
2024-05-01,EQIX,skip,0.0,0,7.2942,0.0,0.0,True,2024-05
2024-05-01,ETN,buy_call,2.3082,4,4.5843,2.2761,0.091044,True,2024-05
2024-05-01,GE,buy_call,2.3082,4,2.2332,-0.075,-0.003,True,2024-05
2024-05-01,GILD,skip,0.0,0,-1.4264,0.0,0.0,True,2024-05
2024-05-01,GOOGL,buy_call,3.033,4,5.9712,2.9382,0.117528,True,2024-05
2024-05-01,GS,buy_call,0.9782,4,6.986,6.0078,0.240312,True,2024-05
2024-05-01,HD,skip,0.0,0,0.1945,0.0,0.0,True,2024-05
2024-05-01,HON,skip,0.0,0,4.9084,0.0,0.0,True,2024-05
2024-05-01,IBM,skip,0.0,0,0.3911,0.0,0.0,True,2024-05
2024-05-01,ICE,skip,0.0,0,3.9919,0.0,0.0,True,2024-05
2024-05-01,INTC,skip,0.0,0,1.2471,0.0,0.0,True,2024-05
2024-05-01,INTU,skip,0.0,0,-7.7323,0.0,0.0,True,2024-05
2024-05-01,ISRG,skip,0.0,0,8.4993,0.0,0.0,True,2024-05
2024-05-01,JNJ,skip,0.0,0,1.4385,0.0,0.0,True,2024-05
2024-05-01,JPM,skip,0.0,0,6.296,0.0,0.0,True,2024-05
2024-05-01,KLAC,skip,0.0,0,10.1902,0.0,0.0,True,2024-05
2024-05-01,KO,buy_call,1.274,4,1.878,0.604,0.02416,True,2024-05
2024-05-01,LLY,buy_call,2.8294,4,5.0237,2.1943,0.087772,True,2024-05
2024-05-01,LMT,buy_call,2.3082,4,1.1636,-1.1446,-0.045784,True,2024-05
2024-05-01,LOW,skip,0.0,0,-2.4748,0.0,0.0,True,2024-05
2024-05-01,LRCX,skip,0.0,0,4.252,0.0,0.0,True,2024-05
2024-05-01,MA,skip,0.0,0,-0.7781,0.0,0.0,True,2024-05
2024-05-01,MCD,skip,0.0,0,-5.1824,0.0,0.0,True,2024-05
2024-05-01,MCK,buy_call,3.0,4,6.0274,3.0274,0.121096,True,2024-05
2024-05-01,MDLZ,buy_call,1.4806,4,-4.74,-1.4806,-0.059224,True,2024-05
2024-05-01,MDT,skip,0.0,0,1.4083,0.0,0.0,True,2024-05
2024-05-01,META,skip,0.0,0,8.5222,0.0,0.0,True,2024-05
2024-05-01,MRK,skip,0.0,0,-2.8479,0.0,0.0,True,2024-05
2024-05-01,MS,skip,0.0,0,8.7012,0.0,0.0,True,2024-05
2024-05-01,MSFT,skip,0.0,0,6.6268,0.0,0.0,True,2024-05
2024-05-01,MU,skip,0.0,0,10.6586,0.0,0.0,True,2024-05
2024-05-01,NEE,buy_call,1.274,4,19.4864,18.2124,0.728496,True,2024-05
2024-05-01,NFLX,skip,0.0,0,16.5226,0.0,0.0,True,2024-05
2024-05-01,NKE,skip,0.0,0,3.0241,0.0,0.0,True,2024-05
2024-05-01,NOW,skip,0.0,0,-5.25,0.0,0.0,True,2024-05
2024-05-01,NVDA,skip,0.0,0,26.8871,0.0,0.0,True,2024-05
2024-05-01,ORCL,skip,0.0,0,3.3566,0.0,0.0,True,2024-05
2024-05-01,PANW,buy_call,4.8256,4,1.382,-3.4436,-0.137744,True,2024-05
2024-05-01,PEP,buy_call,1.4806,4,-1.7111,-1.4806,-0.059224,True,2024-05
2024-05-01,PG,buy_call,0.8725,4,1.4721,0.5996,0.023984,True,2024-05
2024-05-01,PGR,buy_call,0.9782,4,1.4553,0.4771,0.019084,True,2024-05
2024-05-01,PLD,skip,0.0,0,8.2704,0.0,0.0,True,2024-05
2024-05-01,PM,buy_call,1.4806,4,6.7832,5.3026,0.212104,True,2024-05
2024-05-01,QCOM,skip,0.0,0,23.0328,0.0,0.0,True,2024-05
2024-05-01,SBUX,skip,0.0,0,-9.3457,0.0,0.0,True,2024-05
2024-05-01,SCHW,buy_call,0.9782,4,-0.906,-0.9782,-0.039128,True,2024-05
2024-05-01,SO,buy_call,1.274,4,9.034,7.76,0.3104,True,2024-05
2024-05-01,SPGI,skip,0.0,0,2.8089,0.0,0.0,True,2024-05
2024-05-01,SYK,skip,0.0,0,1.3641,0.0,0.0,True,2024-05
2024-05-01,TJX,skip,0.0,0,9.576,0.0,0.0,True,2024-05
2024-05-01,TMO,skip,0.0,0,-0.1301,0.0,0.0,True,2024-05
2024-05-01,TMUS,buy_call,2.6116,4,6.5725,3.9609,0.158436,True,2024-05
2024-05-01,TSLA,buy_call,3.8767,4,-2.8372,-3.8767,-0.155068,True,2024-05
2024-05-01,TXN,buy_call,3.8759,4,10.5373,6.6615,0.26646,True,2024-05
2024-05-01,UBER,skip,0.0,0,-2.5804,0.0,0.0,True,2024-05
2024-05-01,UNH,skip,0.0,0,2.4127,0.0,0.0,True,2024-05
2024-05-01,UNP,skip,0.0,0,-1.83,0.0,0.0,True,2024-05
2024-05-01,V,skip,0.0,0,1.4333,0.0,0.0,True,2024-05
2024-05-01,VRTX,skip,0.0,0,15.9186,0.0,0.0,True,2024-05
2024-05-01,VZ,skip,0.0,0,5.891,0.0,0.0,True,2024-05
2024-05-01,WFC,buy_call,1.6219,4,1.0115,-0.6105,-0.02442,True,2024-05
2024-05-01,WM,skip,0.0,0,1.3028,0.0,0.0,True,2024-05
2024-05-01,XOM,buy_call,2.3082,4,-0.854,-2.3082,-0.092328,True,2024-05
2024-05-01,ZTS,skip,0.0,0,6.7844,0.0,0.0,True,2024-05
2024-06-01,AAPL,buy_call,2.6284,1,9.7039,7.0754,0.070754,False,2024-06
2024-06-01,ABBV,buy_call,2.3759,1,6.3756,3.9997,0.039997,False,2024-06
2024-06-01,ABNB,skip,0.0,0,4.6229,0.0,0.0,False,2024-06
2024-06-01,ABT,skip,0.0,0,1.6831,0.0,0.0,False,2024-06
2024-06-01,ACN,skip,0.0,0,7.4817,0.0,0.0,False,2024-06
2024-06-01,ADBE,skip,0.0,0,24.9078,0.0,0.0,False,2024-06
2024-06-01,ADI,buy_call,5.2783,1,-2.6568,-5.2783,-0.052783,False,2024-06
2024-06-01,ADP,buy_call,1.6291,1,-2.5437,-1.6291,-0.016291,False,2024-06
2024-06-01,AMAT,buy_call,5.2783,1,9.922,4.6437,0.046437,False,2024-06
2024-06-01,AMD,buy_call,4.5669,1,-2.8101,-4.5669,-0.045669,False,2024-06
2024-06-01,AMGN,buy_call,2.3759,1,2.8835,0.5076,0.005076,False,2024-06
2024-06-01,AMZN,buy_call,1.7321,1,9.5273,7.7953,0.077953,False,2024-06
2024-06-01,ANET,buy_call,3.0,1,17.749,14.749,0.14749,False,2024-06
2024-06-01,AVGO,buy_call,5.2783,1,20.8483,15.57,0.1557,False,2024-06
2024-06-01,AXP,buy_call,1.9016,1,-3.5208,-1.9016,-0.019016,False,2024-06
2024-06-01,BA,buy_call,3.0,1,2.4773,-0.5227,-0.005227,False,2024-06
2024-06-01,BAC,buy_call,2.5863,1,-0.5501,-2.5863,-0.025863,False,2024-06
2024-06-01,BKNG,buy_call,3.0,1,4.9029,1.9029,0.019029,False,2024-06
2024-06-01,BLK,buy_call,2.2724,1,1.9805,-0.292,-0.00292,False,2024-06
2024-06-01,BMY,skip,0.0,0,1.0708,0.0,0.0,False,2024-06
2024-06-01,BRK-B,buy_call,1.2299,1,-1.834,-1.2299,-0.012299,False,2024-06
2024-06-01,BSX,buy_call,1.909,1,1.9055,-0.0035,-3.5e-05,False,2024-06
2024-06-01,CAT,buy_call,1.9197,1,-1.6011,-1.9197,-0.019197,False,2024-06
2024-06-01,CMCSA,buy_call,4.8167,1,-2.1734,-4.8167,-0.048167,False,2024-06
2024-06-01,CMG,skip,0.0,0,0.0952,0.0,0.0,False,2024-06
2024-06-01,COST,buy_call,1.8129,1,4.9513,3.1384,0.031384,False,2024-06
2024-06-01,CRM,skip,0.0,0,9.6656,0.0,0.0,False,2024-06
2024-06-01,CSCO,skip,0.0,0,2.172,0.0,0.0,False,2024-06
2024-06-01,CVS,skip,0.0,0,-0.906,0.0,0.0,False,2024-06
2024-06-01,CVX,buy_call,1.1507,1,-2.6497,-1.1507,-0.011507,False,2024-06
2024-06-01,DE,skip,0.0,0,-0.3015,0.0,0.0,False,2024-06
2024-06-01,DHR,buy_call,1.909,1,-2.7064,-1.909,-0.01909,False,2024-06
2024-06-01,DUK,buy_call,2.2079,1,-2.2555,-2.2079,-0.022079,False,2024-06
2024-06-01,ELV,buy_call,2.7753,1,0.6277,-2.1476,-0.021476,False,2024-06
2024-06-01,EQIX,buy_call,1.6291,1,-0.3022,-1.6291,-0.016291,False,2024-06
2024-06-01,ETN,buy_call,1.9197,1,-5.5167,-1.9197,-0.019197,False,2024-06
2024-06-01,GE,buy_call,1.9197,1,-3.7362,-1.9197,-0.019197,False,2024-06
2024-06-01,GILD,skip,0.0,0,6.7528,0.0,0.0,False,2024-06
2024-06-01,GOOGL,buy_call,2.1599,1,5.5942,3.4343,0.034343,False,2024-06
2024-06-01,GS,buy_call,2.2724,1,-0.3204,-2.2724,-0.022724,False,2024-06
2024-06-01,HD,buy_call,2.4194,1,3.5127,1.0933,0.010933,False,2024-06
2024-06-01,HON,buy_call,1.6291,1,6.1727,4.5436,0.045436,False,2024-06
2024-06-01,IBM,buy_call,1.6291,1,4.685,3.0559,0.030559,False,2024-06
2024-06-01,ICE,buy_call,3.0,1,2.233,-0.767,-0.00767,False,2024-06
2024-06-01,INTC,buy_call,5.2783,1,0.7967,-4.4815,-0.044815,False,2024-06
2024-06-01,INTU,skip,0.0,0,14.0119,0.0,0.0,False,2024-06
2024-06-01,ISRG,buy_call,1.909,1,10.6262,8.7172,0.087172,False,2024-06
2024-06-01,JNJ,buy_call,0.8735,1,0.4578,-0.4157,-0.004157,False,2024-06
2024-06-01,JPM,buy_call,2.2724,1,-0.1826,-2.2724,-0.022724,False,2024-06
2024-06-01,KLAC,buy_call,5.2783,1,8.7761,3.4979,0.034979,False,2024-06
2024-06-01,KO,buy_call,2.2079,1,1.1441,-1.0638,-0.010638,False,2024-06
2024-06-01,LLY,buy_call,2.8704,1,10.5545,7.6841,0.076841,False,2024-06
2024-06-01,LMT,buy_call,1.9197,1,-0.6888,-1.9197,-0.019197,False,2024-06
2024-06-01,LOW,skip,0.0,0,-0.3751,0.0,0.0,False,2024-06
2024-06-01,LRCX,buy_call,5.2783,1,14.2004,8.9221,0.089221,False,2024-06
2024-06-01,MA,skip,0.0,0,-1.3219,0.0,0.0,False,2024-06
2024-06-01,MCD,skip,0.0,0,-1.5644,0.0,0.0,False,2024-06
2024-06-01,MCK,buy_call,3.0,1,2.5369,-0.4631,-0.004631,False,2024-06
2024-06-01,MDLZ,skip,0.0,0,-4.509,0.0,0.0,False,2024-06
2024-06-01,MDT,buy_call,1.909,1,-3.269,-1.909,-0.01909,False,2024-06
2024-06-01,META,buy_call,3.2018,1,8.0093,4.8076,0.048076,False,2024-06
2024-06-01,MRK,skip,0.0,0,-1.386,0.0,0.0,False,2024-06
2024-06-01,MS,buy_call,2.2724,1,-0.6643,-2.2724,-0.022724,False,2024-06
2024-06-01,MSFT,buy_call,2.1834,1,7.8593,5.6759,0.056759,False,2024-06
2024-06-01,MU,buy_call,4.5669,1,5.224,0.6571,0.006571,False,2024-06
2024-06-01,NEE,buy_call,2.2079,1,-11.5096,-2.2079,-0.022079,False,2024-06
2024-06-01,NFLX,buy_call,2.6644,1,5.1837,2.5194,0.025194,False,2024-06
2024-06-01,NKE,buy_call,4.0613,1,-20.7049,-4.0613,-0.040613,False,2024-06
2024-06-01,NOW,skip,0.0,0,19.7494,0.0,0.0,False,2024-06
2024-06-01,NVDA,buy_call,4.5669,1,12.685,8.1182,0.081182,False,2024-06
2024-06-01,ORCL,buy_call,3.999,1,20.4881,16.4891,0.164891,False,2024-06
2024-06-01,PANW,buy_call,2.0409,1,14.9537,12.9129,0.129129,False,2024-06
2024-06-01,PEP,skip,0.0,0,-4.6096,0.0,0.0,False,2024-06
2024-06-01,PG,buy_call,0.6002,1,0.2309,-0.3692,-0.003692,False,2024-06
2024-06-01,PGR,buy_call,2.2724,1,-1.6431,-2.2724,-0.022724,False,2024-06
2024-06-01,PLD,buy_call,1.6291,1,1.6472,0.0181,0.000181,False,2024-06
2024-06-01,PM,buy_call,1.315,1,-0.0493,-1.315,-0.01315,False,2024-06
2024-06-01,QCOM,buy_call,3.0179,1,-1.9866,-3.0179,-0.030179,False,2024-06
2024-06-01,SBUX,skip,0.0,0,-2.2181,0.0,0.0,False,2024-06
2024-06-01,SCHW,skip,0.0,0,0.8896,0.0,0.0,False,2024-06
2024-06-01,SO,buy_call,2.2079,1,-2.3209,-2.2079,-0.022079,False,2024-06
2024-06-01,SPGI,buy_call,2.2724,1,4.5458,2.2734,0.022734,False,2024-06
2024-06-01,SYK,buy_call,1.909,1,-0.2463,-1.909,-0.01909,False,2024-06
2024-06-01,TJX,buy_call,1.2903,1,7.1954,5.9051,0.059051,False,2024-06
2024-06-01,TMO,skip,0.0,0,-2.6374,0.0,0.0,False,2024-06
2024-06-01,TMUS,buy_call,4.8167,1,1.0822,-3.7345,-0.037345,False,2024-06
2024-06-01,TSLA,skip,0.0,0,11.1186,0.0,0.0,False,2024-06
2024-06-01,TXN,buy_call,5.2783,1,0.4728,-4.8054,-0.048054,False,2024-06
2024-06-01,UBER,skip,0.0,0,12.5775,0.0,0.0,False,2024-06
2024-06-01,UNH,buy_call,2.7753,1,2.804,0.0287,0.000287,False,2024-06
2024-06-01,UNP,skip,0.0,0,-2.2634,0.0,0.0,False,2024-06
2024-06-01,V,buy_call,1.5785,1,-3.4883,-1.5785,-0.015785,False,2024-06
2024-06-01,VRTX,buy_call,2.3759,1,2.9385,0.5625,0.005625,False,2024-06
2024-06-01,VZ,buy_call,4.8167,1,0.2187,-4.598,-0.04598,False,2024-06
2024-06-01,WFC,buy_call,2.5355,1,-0.3147,-2.5355,-0.025355,False,2024-06
2024-06-01,WM,buy_call,3.0,1,1.2386,-1.7614,-0.017614,False,2024-06
2024-06-01,XOM,skip,0.0,0,-1.0276,0.0,0.0,False,2024-06
2024-06-01,ZTS,buy_call,2.3759,1,2.2411,-0.1348,-0.001348,False,2024-06
2024-07-01,AAPL,buy_call,3.3184,1,5.4411,2.1227,0.021227,False,2024-07
2024-07-01,ABBV,buy_call,2.5943,1,8.0457,5.4514,0.054514,False,2024-07
2024-07-01,ABNB,buy_call,3.0,1,-7.9602,-3.0,-0.03,False,2024-07
2024-07-01,ABT,buy_call,1.7767,1,1.9536,0.1769,0.001769,False,2024-07
2024-07-01,ACN,buy_call,2.3081,1,8.968,6.66,0.0666,False,2024-07
2024-07-01,ADBE,buy_call,2.6291,1,-0.7002,-2.6291,-0.026291,False,2024-07
2024-07-01,ADI,skip,0.0,0,1.7701,0.0,0.0,False,2024-07
2024-07-01,ADP,skip,0.0,0,10.6598,0.0,0.0,False,2024-07
2024-07-01,AMAT,buy_call,4.1737,1,-10.081,-4.1737,-0.041737,False,2024-07
2024-07-01,AMD,skip,0.0,0,-10.9303,0.0,0.0,False,2024-07
2024-07-01,AMGN,buy_call,2.5943,1,6.4074,3.8131,0.038131,False,2024-07
2024-07-01,AMZN,buy_call,4.6226,1,-3.2445,-4.6226,-0.046226,False,2024-07
2024-07-01,ANET,buy_call,3.0,1,-1.1213,-3.0,-0.03,False,2024-07
2024-07-01,AVGO,buy_call,4.1737,1,0.3969,-3.7768,-0.037768,False,2024-07
2024-07-01,AXP,skip,0.0,0,9.2809,0.0,0.0,False,2024-07
2024-07-01,BA,buy_call,3.0,1,4.7195,1.7195,0.017195,False,2024-07
2024-07-01,BAC,skip,0.0,0,1.9743,0.0,0.0,False,2024-07
2024-07-01,BKNG,buy_call,3.0,1,-6.0063,-3.0,-0.03,False,2024-07
2024-07-01,BLK,buy_call,2.4477,1,12.0611,9.6134,0.096134,False,2024-07
2024-07-01,BMY,buy_call,2.5943,1,14.5196,11.9253,0.119253,False,2024-07
2024-07-01,BRK-B,skip,0.0,0,7.7925,0.0,0.0,False,2024-07
2024-07-01,BSX,buy_call,1.7767,1,-4.0644,-1.7767,-0.017767,False,2024-07
2024-07-01,CAT,skip,0.0,0,3.9328,0.0,0.0,False,2024-07
2024-07-01,CMCSA,skip,0.0,0,5.3882,0.0,0.0,False,2024-07
2024-07-01,CMG,buy_call,3.0,1,-13.2961,-3.0,-0.03,False,2024-07
2024-07-01,COST,buy_call,1.8208,1,-3.293,-1.8208,-0.018208,False,2024-07
2024-07-01,CRM,buy_call,1.9135,1,0.6612,-1.2523,-0.012523,False,2024-07
2024-07-01,CSCO,buy_call,4.2862,1,1.9785,-2.3077,-0.023077,False,2024-07
2024-07-01,CVS,skip,0.0,0,2.1504,0.0,0.0,False,2024-07
2024-07-01,CVX,skip,0.0,0,2.5892,0.0,0.0,False,2024-07
2024-07-01,DE,skip,0.0,0,-0.0517,0.0,0.0,False,2024-07
2024-07-01,DHR,skip,0.0,0,11.0176,0.0,0.0,False,2024-07
2024-07-01,DUK,skip,0.0,0,9.0192,0.0,0.0,False,2024-07
2024-07-01,ELV,buy_call,3.2554,1,-1.5163,-3.2554,-0.032554,False,2024-07
2024-07-01,EQIX,skip,0.0,0,4.4462,0.0,0.0,False,2024-07
2024-07-01,ETN,skip,0.0,0,-2.7938,0.0,0.0,False,2024-07
2024-07-01,GE,skip,0.0,0,7.0642,0.0,0.0,False,2024-07
2024-07-01,GILD,buy_call,2.5943,1,12.2179,9.6237,0.096237,False,2024-07
2024-07-01,GOOGL,buy_call,3.8851,1,-5.7168,-3.8851,-0.038851,False,2024-07
2024-07-01,GS,skip,0.0,0,12.5376,0.0,0.0,False,2024-07
2024-07-01,HD,buy_call,2.2739,1,6.9486,4.6748,0.046748,False,2024-07
2024-07-01,HON,buy_call,4.2862,1,-4.1163,-4.2862,-0.042862,False,2024-07
2024-07-01,IBM,buy_call,4.2862,1,11.0957,6.8095,0.068095,False,2024-07
2024-07-01,ICE,buy_call,3.0,1,11.0841,8.0841,0.080841,False,2024-07
2024-07-01,INTC,buy_call,4.1737,1,-0.7427,-4.1737,-0.041737,False,2024-07
2024-07-01,INTU,buy_call,3.5689,1,-1.5003,-3.5689,-0.035689,False,2024-07
2024-07-01,ISRG,buy_call,1.7767,1,-0.054,-1.7767,-0.017767,False,2024-07
2024-07-01,JNJ,buy_call,1.7817,1,7.9981,6.2164,0.062164,False,2024-07
2024-07-01,JPM,skip,0.0,0,5.2111,0.0,0.0,False,2024-07
2024-07-01,KLAC,buy_call,4.1737,1,-0.1747,-4.1737,-0.041737,False,2024-07
2024-07-01,KO,buy_call,1.5438,1,5.6683,4.1244,0.041244,False,2024-07
2024-07-01,LLY,buy_call,2.6765,1,-11.1677,-2.6765,-0.026765,False,2024-07
2024-07-01,LMT,skip,0.0,0,16.8002,0.0,0.0,False,2024-07
2024-07-01,LOW,skip,0.0,0,11.3626,0.0,0.0,False,2024-07
2024-07-01,LRCX,buy_call,4.1737,1,-13.3247,-4.1737,-0.041737,False,2024-07
2024-07-01,MA,skip,0.0,0,5.1115,0.0,0.0,False,2024-07
2024-07-01,MCD,skip,0.0,0,4.8199,0.0,0.0,False,2024-07
2024-07-01,MCK,buy_call,3.0,1,5.762,2.762,0.02762,False,2024-07
2024-07-01,MDLZ,skip,0.0,0,5.1176,0.0,0.0,False,2024-07
2024-07-01,MDT,skip,0.0,0,2.9539,0.0,0.0,False,2024-07
2024-07-01,META,buy_call,5.611,1,-5.7353,-5.611,-0.05611,False,2024-07
2024-07-01,MRK,skip,0.0,0,-8.0721,0.0,0.0,False,2024-07
2024-07-01,MS,skip,0.0,0,6.194,0.0,0.0,False,2024-07
2024-07-01,MSFT,buy_call,2.6291,1,-6.3989,-2.6291,-0.026291,False,2024-07
2024-07-01,MU,buy_call,5.3073,1,-16.5057,-5.3073,-0.053073,False,2024-07
2024-07-01,NEE,skip,0.0,0,8.5791,0.0,0.0,False,2024-07
2024-07-01,NFLX,buy_call,4.9532,1,-6.8946,-4.9532,-0.049532,False,2024-07
2024-07-01,NKE,skip,0.0,0,-0.2885,0.0,0.0,False,2024-07
2024-07-01,NOW,buy_call,4.2244,1,3.5237,-0.7007,-0.007007,False,2024-07
2024-07-01,NVDA,buy_call,5.3073,1,-5.2699,-5.3073,-0.053073,False,2024-07
2024-07-01,ORCL,buy_call,2.383,1,-1.2394,-2.383,-0.02383,False,2024-07
2024-07-01,PANW,buy_call,1.9135,1,-4.2123,-1.9135,-0.019135,False,2024-07
2024-07-01,PEP,skip,0.0,0,5.5184,0.0,0.0,False,2024-07
2024-07-01,PG,buy_call,1.6993,1,-2.5224,-1.6993,-0.016993,False,2024-07
2024-07-01,PGR,skip,0.0,0,3.086,0.0,0.0,False,2024-07
2024-07-01,PLD,buy_call,4.2862,1,13.2018,8.9156,0.089156,False,2024-07
2024-07-01,PM,skip,0.0,0,15.1274,0.0,0.0,False,2024-07
2024-07-01,QCOM,skip,0.0,0,-9.1525,0.0,0.0,False,2024-07
2024-07-01,SBUX,skip,0.0,0,0.1284,0.0,0.0,False,2024-07
2024-07-01,SCHW,buy_call,2.4477,1,-11.5348,-2.4477,-0.024477,False,2024-07
2024-07-01,SO,skip,0.0,0,7.6705,0.0,0.0,False,2024-07
2024-07-01,SPGI,buy_call,2.4477,1,8.6839,6.2361,0.062361,False,2024-07
2024-07-01,SYK,skip,0.0,0,-3.5353,0.0,0.0,False,2024-07
2024-07-01,TJX,buy_call,1.8599,1,2.6521,0.7922,0.007922,False,2024-07
2024-07-01,TMO,skip,0.0,0,10.987,0.0,0.0,False,2024-07
2024-07-01,TMUS,buy_call,2.7774,1,3.4624,0.685,0.00685,False,2024-07
2024-07-01,TSLA,buy_call,8.0357,1,17.2781,9.2424,0.092424,False,2024-07
2024-07-01,TXN,buy_call,4.1737,1,4.7705,0.5968,0.005968,False,2024-07
2024-07-01,UBER,buy_call,3.0,1,-11.2961,-3.0,-0.03,False,2024-07
2024-07-01,UNH,buy_call,3.2554,1,13.6167,10.3612,0.103612,False,2024-07
2024-07-01,UNP,skip,0.0,0,9.0471,0.0,0.0,False,2024-07
2024-07-01,V,skip,0.0,0,1.2192,0.0,0.0,False,2024-07
2024-07-01,VRTX,buy_call,2.5943,1,5.7604,3.1661,0.031661,False,2024-07
2024-07-01,VZ,buy_call,2.7774,1,-1.7459,-2.7774,-0.027774,False,2024-07
2024-07-01,WFC,skip,0.0,0,-0.0842,0.0,0.0,False,2024-07
2024-07-01,WM,buy_call,3.0,1,-4.653,-3.0,-0.03,False,2024-07
2024-07-01,XOM,skip,0.0,0,3.0142,0.0,0.0,False,2024-07
2024-07-01,ZTS,buy_call,2.5943,1,3.8532,1.259,0.01259,False,2024-07
2024-08-01,AAPL,buy_call,2.6276,1,3.116,0.4884,0.004884,False,2024-08
2024-08-01,ABBV,buy_call,1.9124,1,6.9034,4.991,0.04991,False,2024-08
2024-08-01,ABNB,skip,0.0,0,-15.943,0.0,0.0,False,2024-08
2024-08-01,ABT,buy_call,1.2713,1,7.4862,6.2149,0.062149,False,2024-08
2024-08-01,ACN,buy_call,3.0681,1,3.8805,0.8124,0.008124,False,2024-08
2024-08-01,ADBE,skip,0.0,0,4.1258,0.0,0.0,False,2024-08
2024-08-01,ADI,buy_call,6.949,1,1.4954,-5.4536,-0.054536,False,2024-08
2024-08-01,ADP,buy_call,1.4757,1,5.0606,3.5848,0.035848,False,2024-08
2024-08-01,AMAT,skip,0.0,0,-7.0405,0.0,0.0,False,2024-08
2024-08-01,AMD,skip,0.0,0,2.8239,0.0,0.0,False,2024-08
2024-08-01,AMGN,buy_call,1.9124,1,0.4091,-1.5034,-0.015034,False,2024-08
2024-08-01,AMZN,skip,0.0,0,-4.5352,0.0,0.0,False,2024-08
2024-08-01,ANET,skip,0.0,0,1.9709,0.0,0.0,False,2024-08
2024-08-01,AVGO,buy_call,6.949,1,1.3319,-5.6171,-0.056171,False,2024-08
2024-08-01,AXP,buy_call,2.7116,1,2.5215,-0.1901,-0.001901,False,2024-08
2024-08-01,BA,buy_call,3.0,1,-8.8458,-3.0,-0.03,False,2024-08
2024-08-01,BAC,buy_call,2.726,1,1.0915,-1.6345,-0.016345,False,2024-08
2024-08-01,BKNG,skip,0.0,0,5.228,0.0,0.0,False,2024-08
2024-08-01,BLK,buy_call,1.8302,1,2.8876,1.0574,0.010574,False,2024-08
2024-08-01,BMY,buy_call,1.9124,1,6.6222,4.7097,0.047097,False,2024-08
2024-08-01,BRK-B,buy_call,1.3412,1,8.5336,7.1925,0.071925,False,2024-08
2024-08-01,BSX,skip,0.0,0,10.7066,0.0,0.0,False,2024-08
2024-08-01,CAT,buy_call,2.3111,1,3.2785,0.9674,0.009674,False,2024-08
2024-08-01,CMCSA,buy_call,3.0673,1,-3.3339,-3.0673,-0.030673,False,2024-08
2024-08-01,CMG,skip,0.0,0,3.2401,0.0,0.0,False,2024-08
2024-08-01,COST,skip,0.0,0,8.7166,0.0,0.0,False,2024-08
2024-08-01,CRM,buy_call,3.1317,1,-2.1276,-3.1317,-0.031317,False,2024-08
2024-08-01,CSCO,buy_call,1.4757,1,5.2074,3.7317,0.037317,False,2024-08
2024-08-01,CVS,buy_call,2.4573,1,-4.0507,-2.4573,-0.024573,False,2024-08
2024-08-01,CVX,buy_call,3.198,1,-7.8021,-3.198,-0.03198,False,2024-08
2024-08-01,DE,skip,0.0,0,3.6991,0.0,0.0,False,2024-08
2024-08-01,DHR,buy_call,1.2713,1,-2.8042,-1.2713,-0.012713,False,2024-08
2024-08-01,DUK,buy_call,1.2064,1,4.283,3.0766,0.030766,False,2024-08
2024-08-01,ELV,skip,0.0,0,4.6727,0.0,0.0,False,2024-08
2024-08-01,EQIX,buy_call,1.4757,1,5.5831,4.1074,0.041074,False,2024-08
2024-08-01,ETN,skip,0.0,0,0.7021,0.0,0.0,False,2024-08
2024-08-01,GE,buy_call,2.3111,1,2.7706,0.4595,0.004595,False,2024-08
2024-08-01,GILD,buy_call,1.9124,1,3.8654,1.953,0.01953,False,2024-08
2024-08-01,GOOGL,skip,0.0,0,-4.7569,0.0,0.0,False,2024-08
2024-08-01,GS,buy_call,1.8302,1,0.2397,-1.5905,-0.015905,False,2024-08
2024-08-01,HD,buy_call,2.2832,1,0.0923,-2.1909,-0.021909,False,2024-08
2024-08-01,HON,skip,0.0,0,1.5433,0.0,0.0,False,2024-08
2024-08-01,IBM,buy_call,1.4757,1,5.1993,3.7236,0.037236,False,2024-08
2024-08-01,ICE,buy_call,3.0,1,6.5915,3.5915,0.035915,False,2024-08
2024-08-01,INTC,skip,0.0,0,-28.3019,0.0,0.0,False,2024-08
2024-08-01,INTU,skip,0.0,0,-2.5051,0.0,0.0,False,2024-08
2024-08-01,ISRG,skip,0.0,0,10.8005,0.0,0.0,False,2024-08
2024-08-01,JNJ,buy_call,1.0418,1,5.0744,4.0326,0.040326,False,2024-08
2024-08-01,JPM,buy_call,1.8302,1,6.2244,4.3943,0.043943,False,2024-08
2024-08-01,KLAC,skip,0.0,0,-0.4422,0.0,0.0,False,2024-08
2024-08-01,KO,buy_call,1.2064,1,8.5856,7.3791,0.073791,False,2024-08
2024-08-01,LLY,skip,0.0,0,19.3654,0.0,0.0,False,2024-08
2024-08-01,LMT,buy_call,2.3111,1,4.831,2.5199,0.025199,False,2024-08
2024-08-01,LOW,buy_call,2.2832,1,1.7087,-0.5745,-0.005745,False,2024-08
2024-08-01,LRCX,skip,0.0,0,-10.8799,0.0,0.0,False,2024-08
2024-08-01,MA,buy_call,2.7116,1,4.3876,1.676,0.01676,False,2024-08
2024-08-01,MCD,buy_call,1.2064,1,8.7641,7.5577,0.075577,False,2024-08
2024-08-01,MCK,buy_call,3.0,1,-9.0662,-3.0,-0.03,False,2024-08
2024-08-01,MDLZ,buy_call,2.9451,1,5.0622,2.1171,0.021171,False,2024-08
2024-08-01,MDT,buy_call,1.2713,1,10.2839,9.0126,0.090126,False,2024-08
2024-08-01,META,skip,0.0,0,9.7888,0.0,0.0,False,2024-08
2024-08-01,MRK,skip,0.0,0,4.7025,0.0,0.0,False,2024-08
2024-08-01,MS,buy_call,1.8302,1,1.2906,-0.5396,-0.005396,False,2024-08
2024-08-01,MSFT,skip,0.0,0,-0.2892,0.0,0.0,False,2024-08
2024-08-01,MU,skip,0.0,0,-12.289,0.0,0.0,False,2024-08
2024-08-01,NEE,buy_call,1.2064,1,5.3934,4.187,0.04187,False,2024-08
2024-08-01,NFLX,skip,0.0,0,11.6177,0.0,0.0,False,2024-08
2024-08-01,NKE,skip,0.0,0,11.3011,0.0,0.0,False,2024-08
2024-08-01,NOW,buy_call,4.5093,1,4.9866,0.4773,0.004773,False,2024-08
2024-08-01,NVDA,skip,0.0,0,2.0082,0.0,0.0,False,2024-08
2024-08-01,ORCL,skip,0.0,0,1.6056,0.0,0.0,False,2024-08
2024-08-01,PANW,skip,0.0,0,11.6989,0.0,0.0,False,2024-08
2024-08-01,PEP,buy_call,2.9451,1,0.1216,-2.8235,-0.028235,False,2024-08
2024-08-01,PG,skip,0.0,0,7.3474,0.0,0.0,False,2024-08
2024-08-01,PGR,buy_call,1.8302,1,17.8402,16.01,0.1601,False,2024-08
2024-08-01,PLD,buy_call,1.4757,1,1.4042,-0.0715,-0.000715,False,2024-08
2024-08-01,PM,buy_call,2.9451,1,7.0597,4.1147,0.041147,False,2024-08
2024-08-01,QCOM,skip,0.0,0,-3.1224,0.0,0.0,False,2024-08
2024-08-01,SBUX,buy_call,1.2064,1,21.3214,20.115,0.20115,False,2024-08
2024-08-01,SCHW,skip,0.0,0,-0.1381,0.0,0.0,False,2024-08
2024-08-01,SO,buy_call,1.2064,1,3.4483,2.2419,0.022419,False,2024-08
2024-08-01,SPGI,buy_call,1.8302,1,5.8816,4.0514,0.040514,False,2024-08
2024-08-01,SYK,skip,0.0,0,10.0687,0.0,0.0,False,2024-08
2024-08-01,TJX,buy_call,1.212,1,3.7604,2.5484,0.025484,False,2024-08
2024-08-01,TMO,buy_call,2.8895,1,0.2821,-2.6074,-0.026074,False,2024-08
2024-08-01,TMUS,buy_call,3.0673,1,9.0191,5.9518,0.059518,False,2024-08
2024-08-01,TSLA,buy_call,5.0922,1,-7.739,-5.0922,-0.050922,False,2024-08
2024-08-01,TXN,buy_call,6.949,1,5.8512,-1.0977,-0.010977,False,2024-08
2024-08-01,UBER,skip,0.0,0,13.4326,0.0,0.0,False,2024-08
2024-08-01,UNH,buy_call,2.4573,1,2.4369,-0.0204,-0.000204,False,2024-08
2024-08-01,UNP,buy_call,2.3111,1,3.7936,1.4825,0.014825,False,2024-08
2024-08-01,V,buy_call,1.3808,1,4.0275,2.6468,0.026468,False,2024-08
2024-08-01,VRTX,buy_call,1.9124,1,0.0343,-1.8781,-0.018781,False,2024-08
2024-08-01,VZ,skip,0.0,0,4.797,0.0,0.0,False,2024-08
2024-08-01,WFC,skip,0.0,0,-1.4661,0.0,0.0,False,2024-08
2024-08-01,WM,skip,0.0,0,4.6284,0.0,0.0,False,2024-08
2024-08-01,XOM,buy_call,2.3111,1,-0.5481,-2.3111,-0.023111,False,2024-08
2024-08-01,ZTS,buy_call,1.9124,1,2.1587,0.2462,0.002462,False,2024-08
2024-09-01,AAPL,buy_call,2.656,1,1.8645,-0.7915,-0.007915,False,2024-09
2024-09-01,ABBV,buy_call,1.9141,1,0.596,-1.3181,-0.013181,False,2024-09
2024-09-01,ABNB,skip,0.0,0,8.0982,0.0,0.0,False,2024-09
2024-09-01,ABT,buy_call,3.3629,1,0.6533,-2.7095,-0.027095,False,2024-09
2024-09-01,ACN,buy_call,2.8415,1,3.3718,0.5304,0.005304,False,2024-09
2024-09-01,ADBE,buy_call,2.4271,1,-9.8588,-2.4271,-0.024271,False,2024-09
2024-09-01,ADI,buy_call,3.9443,1,-1.9886,-3.9443,-0.039443,False,2024-09
2024-09-01,ADP,buy_call,3.6883,1,0.2972,-3.3911,-0.033911,False,2024-09
2024-09-01,AMAT,skip,0.0,0,2.6246,0.0,0.0,False,2024-09
2024-09-01,AMD,buy_call,4.6779,1,10.447,5.7691,0.057691,False,2024-09
2024-09-01,AMGN,buy_call,1.9141,1,-2.8088,-1.9141,-0.019141,False,2024-09
2024-09-01,AMZN,skip,0.0,0,4.3866,0.0,0.0,False,2024-09
2024-09-01,ANET,buy_call,3.0,1,8.614,5.614,0.05614,False,2024-09
2024-09-01,AVGO,buy_call,3.9443,1,5.9452,2.0009,0.020009,False,2024-09
2024-09-01,AXP,buy_call,2.2768,1,4.8521,2.5754,0.025754,False,2024-09
2024-09-01,BA,skip,0.0,0,-12.4899,0.0,0.0,False,2024-09
2024-09-01,BAC,buy_call,3.2933,1,-2.6258,-3.2933,-0.032933,False,2024-09
2024-09-01,BKNG,buy_call,3.0,1,7.7481,4.7481,0.047481,False,2024-09
2024-09-01,BLK,buy_call,2.9348,1,5.2894,2.3545,0.023545,False,2024-09
2024-09-01,BMY,buy_call,1.9141,1,3.5836,1.6695,0.016695,False,2024-09
2024-09-01,BRK-B,buy_call,1.3496,1,-3.2905,-1.3496,-0.013496,False,2024-09
2024-09-01,BSX,buy_call,3.3629,1,2.4575,-0.9053,-0.009053,False,2024-09
2024-09-01,CAT,buy_call,2.3218,1,9.8343,7.5125,0.075125,False,2024-09
2024-09-01,CMCSA,skip,0.0,0,5.5598,0.0,0.0,False,2024-09
2024-09-01,CMG,buy_call,3.0,1,2.7461,-0.2539,-0.002539,False,2024-09
2024-09-01,COST,buy_call,2.0406,1,-0.6567,-2.0406,-0.020406,False,2024-09
2024-09-01,CRM,skip,0.0,0,8.2286,0.0,0.0,False,2024-09
2024-09-01,CSCO,buy_call,3.6883,1,5.3027,1.6145,0.016145,False,2024-09
2024-09-01,CVS,skip,0.0,0,9.8533,0.0,0.0,False,2024-09
2024-09-01,CVX,skip,0.0,0,0.6544,0.0,0.0,False,2024-09
2024-09-01,DE,buy_call,2.3218,1,8.1895,5.8677,0.058677,False,2024-09
2024-09-01,DHR,skip,0.0,0,3.2342,0.0,0.0,False,2024-09
2024-09-01,DUK,buy_call,1.7734,1,2.1283,0.3548,0.003548,False,2024-09
2024-09-01,ELV,buy_call,3.2122,1,-6.6243,-3.2122,-0.032122,False,2024-09
2024-09-01,EQIX,buy_call,3.6883,1,6.9335,3.2452,0.032452,False,2024-09
2024-09-01,ETN,buy_call,2.3218,1,8.3489,6.0272,0.060272,False,2024-09
2024-09-01,GE,buy_call,2.3218,1,7.9945,5.6727,0.056727,False,2024-09
2024-09-01,GILD,buy_call,1.9141,1,6.1266,4.2125,0.042125,False,2024-09
2024-09-01,GOOGL,skip,0.0,0,1.5118,0.0,0.0,False,2024-09
2024-09-01,GS,buy_call,2.9348,1,-2.3931,-2.9348,-0.029348,False,2024-09
2024-09-01,HD,buy_call,2.0257,1,10.6272,8.6015,0.086015,False,2024-09
2024-09-01,HON,buy_call,3.6883,1,-0.0332,-3.6883,-0.036883,False,2024-09
2024-09-01,IBM,buy_call,3.6883,1,10.3318,6.6435,0.066435,False,2024-09
2024-09-01,ICE,buy_call,3.0,1,-0.5633,-3.0,-0.03,False,2024-09
2024-09-01,INTC,skip,0.0,0,7.1181,0.0,0.0,False,2024-09
2024-09-01,INTU,skip,0.0,0,-1.4692,0.0,0.0,False,2024-09
2024-09-01,ISRG,buy_call,3.3629,1,-0.2761,-3.3629,-0.033629,False,2024-09
2024-09-01,JNJ,buy_call,2.4458,1,-1.5495,-2.4458,-0.024458,False,2024-09
2024-09-01,JPM,buy_call,2.9348,1,-6.2011,-2.9348,-0.029348,False,2024-09
2024-09-01,KLAC,skip,0.0,0,-5.3211,0.0,0.0,False,2024-09
2024-09-01,KO,buy_call,1.7734,1,-0.8417,-1.7734,-0.017734,False,2024-09
2024-09-01,LLY,buy_call,3.1342,1,-7.5876,-3.1342,-0.031342,False,2024-09
2024-09-01,LMT,buy_call,2.3218,1,2.8974,0.5756,0.005756,False,2024-09
2024-09-01,LOW,buy_call,2.0257,1,8.9939,6.9683,0.069683,False,2024-09
2024-09-01,LRCX,skip,0.0,0,-0.6005,0.0,0.0,False,2024-09
2024-09-01,MA,buy_call,2.2768,1,2.1641,-0.1127,-0.001127,False,2024-09
2024-09-01,MCD,buy_call,1.7734,1,5.4909,3.7175,0.037175,False,2024-09
2024-09-01,MCK,skip,0.0,0,-11.768,0.0,0.0,False,2024-09
2024-09-01,MDLZ,buy_call,2.1721,1,2.5902,0.4181,0.004181,False,2024-09
2024-09-01,MDT,buy_call,3.3629,1,1.6369,-1.7259,-0.017259,False,2024-09
2024-09-01,META,buy_call,3.2432,1,9.808,6.5648,0.065648,False,2024-09
2024-09-01,MRK,buy_call,2.2064,1,-4.1283,-2.2064,-0.022064,False,2024-09
2024-09-01,MS,buy_call,2.9348,1,0.608,-2.3268,-0.023268,False,2024-09
2024-09-01,MSFT,skip,0.0,0,3.3407,0.0,0.0,False,2024-09
2024-09-01,MU,skip,0.0,0,7.7619,0.0,0.0,False,2024-09
2024-09-01,NEE,buy_call,1.7734,1,5.6732,3.8997,0.038997,False,2024-09
2024-09-01,NFLX,buy_call,4.4729,1,1.1293,-3.3436,-0.033436,False,2024-09
2024-09-01,NKE,buy_call,3.5085,1,6.097,2.5884,0.025884,False,2024-09
2024-09-01,NOW,buy_call,2.3305,1,4.607,2.2765,0.022765,False,2024-09
2024-09-01,NVDA,buy_call,4.6779,1,1.7341,-2.9438,-0.029438,False,2024-09
2024-09-01,ORCL,buy_call,2.5986,1,20.603,18.0044,0.180044,False,2024-09
2024-09-01,PANW,buy_call,3.638,1,-5.7675,-3.638,-0.03638,False,2024-09
2024-09-01,PEP,buy_call,2.1721,1,-1.637,-2.1721,-0.021721,False,2024-09
2024-09-01,PG,buy_call,2.806,1,0.9677,-1.8383,-0.018383,False,2024-09
2024-09-01,PGR,buy_call,2.9348,1,0.6186,-2.3163,-0.023163,False,2024-09
2024-09-01,PLD,buy_call,3.6883,1,-1.2048,-3.6883,-0.036883,False,2024-09
2024-09-01,PM,buy_call,2.1721,1,-1.533,-2.1721,-0.021721,False,2024-09
2024-09-01,QCOM,skip,0.0,0,-2.9949,0.0,0.0,False,2024-09
2024-09-01,SBUX,buy_call,1.7734,1,3.7107,1.9372,0.019372,False,2024-09
2024-09-01,SCHW,skip,0.0,0,-0.0474,0.0,0.0,False,2024-09
2024-09-01,SO,buy_call,1.7734,1,5.2424,3.4689,0.034689,False,2024-09
2024-09-01,SPGI,buy_call,2.9348,1,0.8414,-2.0935,-0.020935,False,2024-09
2024-09-01,SYK,buy_call,3.3629,1,0.2331,-3.1298,-0.031298,False,2024-09
2024-09-01,TJX,buy_call,2.0329,1,0.576,-1.4569,-0.014569,False,2024-09
2024-09-01,TMO,buy_call,3.1253,1,0.5691,-2.5562,-0.025562,False,2024-09
2024-09-01,TMUS,buy_call,3.4905,1,4.1831,0.6925,0.006925,False,2024-09
2024-09-01,TSLA,skip,0.0,0,22.1942,0.0,0.0,False,2024-09
2024-09-01,TXN,buy_call,3.9443,1,-3.6251,-3.9443,-0.039443,False,2024-09
2024-09-01,UBER,buy_call,3.0,1,2.7759,-0.2241,-0.002241,False,2024-09
2024-09-01,UNH,buy_call,3.2122,1,-0.9353,-3.2122,-0.032122,False,2024-09
2024-09-01,UNP,buy_call,2.3218,1,-3.2405,-2.3218,-0.023218,False,2024-09
2024-09-01,V,buy_call,2.5571,1,-0.3143,-2.5571,-0.025571,False,2024-09
2024-09-01,VRTX,buy_call,1.9141,1,-6.2131,-1.9141,-0.019141,False,2024-09
2024-09-01,VZ,buy_call,3.4905,1,7.4916,4.0011,0.040011,False,2024-09
2024-09-01,WFC,skip,0.0,0,-2.6483,0.0,0.0,False,2024-09
2024-09-01,WM,buy_call,3.0,1,-2.0939,-3.0,-0.03,False,2024-09
2024-09-01,XOM,skip,0.0,0,0.1897,0.0,0.0,False,2024-09
2024-09-01,ZTS,buy_call,1.9141,1,6.4799,4.5658,0.045658,False,2024-09
2024-10-01,AAPL,buy_call,3.2853,1,-3.0429,-3.2853,-0.032853,False,2024-10
2024-10-01,ABBV,buy_call,4.0084,1,3.2358,-0.7727,-0.007727,False,2024-10
2024-10-01,ABNB,buy_call,3.0,1,6.2929,3.2929,0.032929,False,2024-10
2024-10-01,ABT,buy_call,2.5279,1,-0.5614,-2.5279,-0.025279,False,2024-10
2024-10-01,ACN,buy_call,1.7576,1,-2.4499,-1.7576,-0.017576,False,2024-10
2024-10-01,ADBE,skip,0.0,0,-7.6674,0.0,0.0,False,2024-10
2024-10-01,ADI,skip,0.0,0,-2.6861,0.0,0.0,False,2024-10
2024-10-01,ADP,buy_call,3.074,1,5.0489,1.9749,0.019749,False,2024-10
2024-10-01,AMAT,buy_call,4.2818,1,-10.1312,-4.2818,-0.042818,False,2024-10
2024-10-01,AMD,buy_call,6.994,1,-12.1953,-6.994,-0.06994,False,2024-10
2024-10-01,AMGN,skip,0.0,0,-0.6362,0.0,0.0,False,2024-10
2024-10-01,AMZN,buy_call,4.9015,1,0.0376,-4.864,-0.04864,False,2024-10
2024-10-01,ANET,buy_call,3.0,1,0.6826,-2.3174,-0.023174,False,2024-10
2024-10-01,AVGO,buy_call,4.2818,1,-1.2589,-4.2818,-0.042818,False,2024-10
2024-10-01,AXP,buy_call,2.2526,1,-0.413,-2.2526,-0.022526,False,2024-10
2024-10-01,BA,skip,0.0,0,-1.7956,0.0,0.0,False,2024-10
2024-10-01,BAC,skip,0.0,0,6.0803,0.0,0.0,False,2024-10
2024-10-01,BKNG,buy_call,3.0,1,11.2764,8.2764,0.082764,False,2024-10
2024-10-01,BLK,buy_call,2.4905,1,3.931,1.4406,0.014406,False,2024-10
2024-10-01,BMY,buy_call,4.0084,1,7.789,3.7805,0.037805,False,2024-10
2024-10-01,BRK-B,skip,0.0,0,-2.0293,0.0,0.0,False,2024-10
2024-10-01,BSX,buy_call,2.5279,1,0.2625,-2.2654,-0.022654,False,2024-10
2024-10-01,CAT,buy_call,3.1701,1,-3.8147,-3.1701,-0.031701,False,2024-10
2024-10-01,CMCSA,buy_call,1.3939,1,4.5487,3.1548,0.031548,False,2024-10
2024-10-01,CMG,buy_call,3.0,1,-3.2107,-3.0,-0.03,False,2024-10
2024-10-01,COST,skip,0.0,0,-1.392,0.0,0.0,False,2024-10
2024-10-01,CRM,buy_call,3.2719,1,6.6192,3.3473,0.033473,False,2024-10
2024-10-01,CSCO,buy_call,3.074,1,2.9124,-0.1615,-0.001615,False,2024-10
2024-10-01,CVS,buy_call,2.383,1,-10.2099,-2.383,-0.02383,False,2024-10
2024-10-01,CVX,buy_call,3.3503,1,1.0525,-2.2978,-0.022978,False,2024-10
2024-10-01,DE,buy_call,3.1701,1,-2.6866,-3.1701,-0.031701,False,2024-10
2024-10-01,DHR,buy_call,2.5279,1,-11.5532,-2.5279,-0.025279,False,2024-10
2024-10-01,DUK,buy_call,1.7657,1,-0.026,-1.7657,-0.017657,False,2024-10
2024-10-01,ELV,skip,0.0,0,-21.7346,0.0,0.0,False,2024-10
2024-10-01,EQIX,buy_call,3.074,1,2.3039,-0.7701,-0.007701,False,2024-10
2024-10-01,ETN,buy_call,3.1701,1,0.0422,-3.1278,-0.031278,False,2024-10
2024-10-01,GE,buy_call,3.1701,1,-8.7738,-3.1701,-0.031701,False,2024-10
2024-10-01,GILD,buy_call,4.0084,1,6.93,2.9215,0.029215,False,2024-10
2024-10-01,GOOGL,buy_call,3.971,1,3.3084,-0.6625,-0.006625,False,2024-10
2024-10-01,GS,skip,0.0,0,4.5808,0.0,0.0,False,2024-10
2024-10-01,HD,buy_call,3.0934,1,-2.8258,-3.0934,-0.030934,False,2024-10
2024-10-01,HON,skip,0.0,0,-0.4983,0.0,0.0,False,2024-10
2024-10-01,IBM,buy_call,3.074,1,-6.4954,-3.074,-0.03074,False,2024-10
2024-10-01,ICE,skip,0.0,0,-2.698,0.0,0.0,False,2024-10
2024-10-01,INTC,buy_call,4.2818,1,-8.2694,-4.2818,-0.042818,False,2024-10
2024-10-01,INTU,skip,0.0,0,-1.723,0.0,0.0,False,2024-10
2024-10-01,ISRG,skip,0.0,0,2.5587,0.0,0.0,False,2024-10
2024-10-01,JNJ,skip,0.0,0,-1.3575,0.0,0.0,False,2024-10
2024-10-01,JPM,skip,0.0,0,5.2452,0.0,0.0,False,2024-10
2024-10-01,KLAC,skip,0.0,0,-13.9693,0.0,0.0,False,2024-10
2024-10-01,KO,skip,0.0,0,-8.4919,0.0,0.0,False,2024-10
2024-10-01,LLY,skip,0.0,0,-6.3435,0.0,0.0,False,2024-10
2024-10-01,LMT,buy_call,3.1701,1,-6.067,-3.1701,-0.031701,False,2024-10
2024-10-01,LOW,buy_call,3.0934,1,-3.3303,-3.0934,-0.030934,False,2024-10
2024-10-01,LRCX,skip,0.0,0,-8.6166,0.0,0.0,False,2024-10
2024-10-01,MA,buy_call,2.2526,1,1.1725,-1.0801,-0.010801,False,2024-10
2024-10-01,MCD,buy_call,1.7657,1,-3.5139,-1.7657,-0.017657,False,2024-10
2024-10-01,MCK,skip,0.0,0,1.2479,0.0,0.0,False,2024-10
2024-10-01,MDLZ,buy_call,1.7296,1,-6.4524,-1.7296,-0.017296,False,2024-10
2024-10-01,MDT,buy_call,2.5279,1,-0.0845,-2.5279,-0.025279,False,2024-10
2024-10-01,META,buy_call,5.6133,1,-0.7544,-5.6133,-0.056133,False,2024-10
2024-10-01,MRK,skip,0.0,0,-9.295,0.0,0.0,False,2024-10
2024-10-01,MS,buy_call,2.4905,1,11.5215,9.031,0.09031,False,2024-10
2024-10-01,MSFT,buy_call,3.2026,1,-5.5659,-3.2026,-0.032026,False,2024-10
2024-10-01,MU,buy_call,6.994,1,-3.9148,-6.994,-0.06994,False,2024-10
2024-10-01,NEE,buy_call,1.7657,1,-6.2463,-1.7657,-0.017657,False,2024-10
2024-10-01,NFLX,buy_call,2.7392,1,6.5927,3.8535,0.038535,False,2024-10
2024-10-01,NKE,buy_call,3.5085,1,-12.3597,-3.5085,-0.035085,False,2024-10
2024-10-01,NOW,buy_call,2.32,1,4.3158,1.9958,0.019958,False,2024-10
2024-10-01,NVDA,buy_call,6.994,1,9.3308,2.3368,0.023368,False,2024-10
2024-10-01,ORCL,buy_call,2.1172,1,-1.5023,-2.1172,-0.021172,False,2024-10
2024-10-01,PANW,skip,0.0,0,5.4213,0.0,0.0,False,2024-10
2024-10-01,PEP,skip,0.0,0,-1.5909,0.0,0.0,False,2024-10
2024-10-01,PG,buy_call,2.6793,1,-4.6305,-2.6793,-0.026793,False,2024-10
2024-10-01,PGR,buy_call,2.4905,1,-4.3072,-2.4905,-0.024905,False,2024-10
2024-10-01,PLD,skip,0.0,0,-9.8984,0.0,0.0,False,2024-10
2024-10-01,PM,skip,0.0,0,10.5343,0.0,0.0,False,2024-10
2024-10-01,QCOM,skip,0.0,0,-3.7864,0.0,0.0,False,2024-10
2024-10-01,SBUX,buy_call,1.7657,1,0.2154,-1.5503,-0.015503,False,2024-10
2024-10-01,SCHW,skip,0.0,0,9.2887,0.0,0.0,False,2024-10
2024-10-01,SO,buy_call,1.7657,1,0.9426,-0.8232,-0.008232,False,2024-10
2024-10-01,SPGI,buy_call,2.4905,1,-7.0187,-2.4905,-0.024905,False,2024-10
2024-10-01,SYK,buy_call,2.5279,1,-1.159,-2.5279,-0.025279,False,2024-10
2024-10-01,TJX,buy_call,3.2628,1,-3.837,-3.2628,-0.032628,False,2024-10
2024-10-01,TMO,buy_call,1.7787,1,-11.6241,-1.7787,-0.017787,False,2024-10
2024-10-01,TMUS,buy_call,1.3939,1,8.1411,6.7472,0.067472,False,2024-10
2024-10-01,TSLA,buy_call,6.6443,1,-4.5025,-6.6443,-0.066443,False,2024-10
2024-10-01,TXN,skip,0.0,0,-1.6508,0.0,0.0,False,2024-10
2024-10-01,UBER,buy_call,3.0,1,-4.1378,-3.0,-0.03,False,2024-10
2024-10-01,UNH,skip,0.0,0,-3.1091,0.0,0.0,False,2024-10
2024-10-01,UNP,skip,0.0,0,-5.8463,0.0,0.0,False,2024-10
2024-10-01,V,skip,0.0,0,5.4192,0.0,0.0,False,2024-10
2024-10-01,VRTX,skip,0.0,0,2.3437,0.0,0.0,False,2024-10
2024-10-01,VZ,buy_call,1.3939,1,-6.1902,-1.3939,-0.013939,False,2024-10
2024-10-01,WFC,skip,0.0,0,14.923,0.0,0.0,False,2024-10
2024-10-01,WM,skip,0.0,0,4.3505,0.0,0.0,False,2024-10
2024-10-01,XOM,buy_call,3.1701,1,-0.3754,-3.1701,-0.031701,False,2024-10
2024-10-01,ZTS,buy_call,4.0084,1,-8.4963,-4.0084,-0.040084,False,2024-10
2024-11-01,AAPL,skip,0.0,0,5.0551,0.0,0.0,True,2024-11
2024-11-01,ABBV,buy_call,1.9519,4,-9.5547,-1.9519,-0.078076,True,2024-11
2024-11-01,ABNB,buy_call,3.0,4,0.9793,-2.0207,-0.080828,True,2024-11
2024-11-01,ABT,skip,0.0,0,5.2569,0.0,0.0,True,2024-11
2024-11-01,ACN,skip,0.0,0,5.5174,0.0,0.0,True,2024-11
2024-11-01,ADBE,skip,0.0,0,7.9171,0.0,0.0,True,2024-11
2024-11-01,ADI,skip,0.0,0,-2.2679,0.0,0.0,True,2024-11
2024-11-01,ADP,buy_call,2.0537,4,6.116,4.0623,0.162492,True,2024-11
2024-11-01,AMAT,skip,0.0,0,-3.7834,0.0,0.0,True,2024-11
2024-11-01,AMD,skip,0.0,0,-4.7824,0.0,0.0,True,2024-11
2024-11-01,AMGN,skip,0.0,0,-11.6473,0.0,0.0,True,2024-11
2024-11-01,AMZN,buy_call,3.2703,4,11.529,8.2587,0.330348,True,2024-11
2024-11-01,ANET,buy_call,3.0,4,5.015,2.015,0.0806,True,2024-11
2024-11-01,AVGO,skip,0.0,0,-4.5297,0.0,0.0,True,2024-11
2024-11-01,AXP,skip,0.0,0,13.1058,0.0,0.0,True,2024-11
2024-11-01,BA,skip,0.0,0,4.1056,0.0,0.0,True,2024-11
2024-11-01,BAC,buy_call,2.4783,4,13.6059,11.1276,0.445104,True,2024-11
2024-11-01,BKNG,buy_call,3.0,4,11.2426,8.2426,0.329704,True,2024-11
2024-11-01,BLK,buy_call,1.9417,4,4.2578,2.316,0.09264,True,2024-11
2024-11-01,BMY,buy_call,1.9519,4,7.3748,5.4229,0.216916,True,2024-11
2024-11-01,BRK-B,skip,0.0,0,7.1188,0.0,0.0,True,2024-11
2024-11-01,BSX,buy_call,1.7462,4,7.9029,6.1567,0.246268,True,2024-11
2024-11-01,CAT,skip,0.0,0,8.3384,0.0,0.0,True,2024-11
2024-11-01,CMCSA,buy_call,1.65,4,-0.3584,-1.65,-0.066,True,2024-11
2024-11-01,CMG,skip,0.0,0,10.3102,0.0,0.0,True,2024-11
2024-11-01,COST,skip,0.0,0,11.1762,0.0,0.0,True,2024-11
2024-11-01,CRM,buy_call,4.6498,4,13.2546,8.6048,0.344192,True,2024-11
2024-11-01,CSCO,buy_call,2.0537,4,8.9328,6.8791,0.275164,True,2024-11
2024-11-01,CVS,skip,0.0,0,7.1855,0.0,0.0,True,2024-11
2024-11-01,CVX,buy_call,1.6904,4,8.8093,7.1188,0.284752,True,2024-11
2024-11-01,DE,skip,0.0,0,15.1252,0.0,0.0,True,2024-11
2024-11-01,DHR,skip,0.0,0,-2.4302,0.0,0.0,True,2024-11
2024-11-01,DUK,skip,0.0,0,1.5442,0.0,0.0,True,2024-11
2024-11-01,ELV,skip,0.0,0,0.2957,0.0,0.0,True,2024-11
2024-11-01,EQIX,buy_call,2.0537,4,8.083,6.0293,0.241172,True,2024-11
2024-11-01,ETN,buy_call,2.1605,4,13.2216,11.061,0.44244,True,2024-11
2024-11-01,GE,skip,0.0,0,6.0426,0.0,0.0,True,2024-11
2024-11-01,GILD,buy_call,1.9519,4,4.2333,2.2814,0.091256,True,2024-11
2024-11-01,GOOGL,buy_call,2.5446,4,-1.2623,-2.5446,-0.101784,True,2024-11
2024-11-01,GS,buy_call,1.9417,4,17.5322,15.5905,0.62362,True,2024-11
2024-11-01,HD,skip,0.0,0,8.9854,0.0,0.0,True,2024-11
2024-11-01,HON,skip,0.0,0,13.2487,0.0,0.0,True,2024-11
2024-11-01,IBM,skip,0.0,0,10.0087,0.0,0.0,True,2024-11
2024-11-01,ICE,skip,0.0,0,3.2656,0.0,0.0,True,2024-11
2024-11-01,INTC,skip,0.0,0,11.7565,0.0,0.0,True,2024-11
2024-11-01,INTU,skip,0.0,0,5.3261,0.0,0.0,True,2024-11
2024-11-01,ISRG,buy_call,1.7462,4,7.5738,5.8276,0.233104,True,2024-11
2024-11-01,JNJ,skip,0.0,0,-3.0339,0.0,0.0,True,2024-11
2024-11-01,JPM,buy_call,1.9417,4,13.2166,11.2749,0.450996,True,2024-11
2024-11-01,KLAC,skip,0.0,0,-2.8819,0.0,0.0,True,2024-11
2024-11-01,KO,skip,0.0,0,-1.8833,0.0,0.0,True,2024-11
2024-11-01,LLY,skip,0.0,0,-4.1447,0.0,0.0,True,2024-11
2024-11-01,LMT,skip,0.0,0,-3.0473,0.0,0.0,True,2024-11
2024-11-01,LOW,skip,0.0,0,4.4898,0.0,0.0,True,2024-11
2024-11-01,LRCX,skip,0.0,0,-0.6321,0.0,0.0,True,2024-11
2024-11-01,MA,buy_call,1.9791,4,6.8173,4.8382,0.193528,True,2024-11
2024-11-01,MCD,skip,0.0,0,1.3351,0.0,0.0,True,2024-11
2024-11-01,MCK,buy_call,3.0,4,25.5518,22.5518,0.902072,True,2024-11
2024-11-01,MDLZ,skip,0.0,0,-5.1548,0.0,0.0,True,2024-11
2024-11-01,MDT,skip,0.0,0,-3.0364,0.0,0.0,True,2024-11
2024-11-01,META,skip,0.0,0,1.1875,0.0,0.0,True,2024-11
2024-11-01,MRK,skip,0.0,0,-0.6646,0.0,0.0,True,2024-11
2024-11-01,MS,buy_call,1.9417,4,14.108,12.1663,0.486652,True,2024-11
2024-11-01,MSFT,skip,0.0,0,4.2106,0.0,0.0,True,2024-11
2024-11-01,MU,skip,0.0,0,-1.5953,0.0,0.0,True,2024-11
2024-11-01,NEE,skip,0.0,0,-0.7319,0.0,0.0,True,2024-11
2024-11-01,NFLX,buy_call,2.6202,4,17.2983,14.6781,0.587124,True,2024-11
2024-11-01,NKE,skip,0.0,0,2.1263,0.0,0.0,True,2024-11
2024-11-01,NOW,buy_call,2.4622,4,12.4814,10.0192,0.400768,True,2024-11
2024-11-01,NVDA,buy_call,4.4861,4,4.1353,-0.3508,-0.014032,True,2024-11
2024-11-01,ORCL,skip,0.0,0,10.3763,0.0,0.0,True,2024-11
2024-11-01,PANW,buy_call,4.6498,4,7.6291,2.9793,0.119172,True,2024-11
2024-11-01,PEP,skip,0.0,0,-1.5836,0.0,0.0,True,2024-11
2024-11-01,PG,skip,0.0,0,9.1621,0.0,0.0,True,2024-11
2024-11-01,PGR,skip,0.0,0,10.7712,0.0,0.0,True,2024-11
2024-11-01,PLD,skip,0.0,0,3.4,0.0,0.0,True,2024-11
2024-11-01,PM,buy_call,2.1858,4,0.2713,-1.9145,-0.07658,True,2024-11
2024-11-01,QCOM,skip,0.0,0,-2.6049,0.0,0.0,True,2024-11
2024-11-01,SBUX,buy_call,1.8788,4,4.8721,2.9932,0.119728,True,2024-11
2024-11-01,SCHW,buy_call,1.9417,4,16.8431,14.9014,0.596056,True,2024-11
2024-11-01,SO,buy_call,1.8788,4,-2.0872,-1.8788,-0.075152,True,2024-11
2024-11-01,SPGI,skip,0.0,0,8.7747,0.0,0.0,True,2024-11
2024-11-01,SYK,skip,0.0,0,10.0679,0.0,0.0,True,2024-11
2024-11-01,TJX,skip,0.0,0,11.2006,0.0,0.0,True,2024-11
2024-11-01,TMO,skip,0.0,0,-3.055,0.0,0.0,True,2024-11
2024-11-01,TMUS,buy_call,1.65,4,10.656,9.006,0.36024,True,2024-11
2024-11-01,TSLA,skip,0.0,0,38.1469,0.0,0.0,True,2024-11
2024-11-01,TXN,skip,0.0,0,-0.397,0.0,0.0,True,2024-11
2024-11-01,UBER,skip,0.0,0,-0.1249,0.0,0.0,True,2024-11
2024-11-01,UNH,skip,0.0,0,8.0957,0.0,0.0,True,2024-11
2024-11-01,UNP,skip,0.0,0,5.4251,0.0,0.0,True,2024-11
2024-11-01,V,buy_call,1.4828,4,8.7045,7.2217,0.288868,True,2024-11
2024-11-01,VRTX,buy_call,1.9519,4,-1.6492,-1.9519,-0.078076,True,2024-11
2024-11-01,VZ,skip,0.0,0,6.8886,0.0,0.0,True,2024-11
2024-11-01,WFC,buy_call,2.7948,4,17.329,14.5342,0.581368,True,2024-11
2024-11-01,WM,buy_call,3.0,4,5.7308,2.7308,0.109232,True,2024-11
2024-11-01,XOM,skip,0.0,0,1.0105,0.0,0.0,True,2024-11
2024-11-01,ZTS,skip,0.0,0,-1.7422,0.0,0.0,True,2024-11
2024-12-01,AAPL,buy_call,1.7346,1,5.6316,3.897,0.03897,False,2024-12
2024-12-01,ABBV,skip,0.0,0,-2.859,0.0,0.0,False,2024-12
2024-12-01,ABNB,buy_call,3.0,1,-3.4531,-3.0,-0.03,False,2024-12
2024-12-01,ABT,buy_call,2.8722,1,-4.7655,-2.8722,-0.028722,False,2024-12
2024-12-01,ACN,buy_call,2.6731,1,-2.9197,-2.6731,-0.026731,False,2024-12
2024-12-01,ADBE,buy_call,1.9081,1,-13.81,-1.9081,-0.019081,False,2024-12
2024-12-01,ADI,skip,0.0,0,-2.5636,0.0,0.0,False,2024-12
2024-12-01,ADP,buy_call,2.3845,1,-4.6264,-2.3845,-0.023845,False,2024-12
2024-12-01,AMAT,skip,0.0,0,-6.6954,0.0,0.0,False,2024-12
2024-12-01,AMD,skip,0.0,0,-11.9478,0.0,0.0,False,2024-12
2024-12-01,AMGN,skip,0.0,0,-7.1219,0.0,0.0,False,2024-12
2024-12-01,AMZN,buy_call,2.6873,1,5.5318,2.8445,0.028445,False,2024-12
2024-12-01,ANET,buy_call,3.0,1,8.9448,5.9448,0.059448,False,2024-12
2024-12-01,AVGO,skip,0.0,0,43.0405,0.0,0.0,False,2024-12
2024-12-01,AXP,buy_call,2.7116,1,-2.5896,-2.7116,-0.027116,False,2024-12
2024-12-01,BA,buy_call,3.0,1,13.8703,10.8703,0.108703,False,2024-12
2024-12-01,BAC,buy_call,3.0021,1,-7.4932,-3.0021,-0.030021,False,2024-12
2024-12-01,BKNG,buy_call,3.0,1,-4.4898,-3.0,-0.03,False,2024-12
2024-12-01,BLK,buy_call,2.6639,1,0.2259,-2.438,-0.02438,False,2024-12
2024-12-01,BMY,buy_call,3.1482,1,-4.4917,-3.1482,-0.031482,False,2024-12
2024-12-01,BRK-B,buy_call,1.3621,1,-6.1571,-1.3621,-0.013621,False,2024-12
2024-12-01,BSX,buy_call,2.8722,1,-1.4781,-2.8722,-0.028722,False,2024-12
2024-12-01,CAT,buy_call,2.54,1,-10.6744,-2.54,-0.0254,False,2024-12
2024-12-01,CMCSA,skip,0.0,0,-13.1049,0.0,0.0,False,2024-12
2024-12-01,CMG,buy_call,3.0,1,-1.9831,-3.0,-0.03,False,2024-12
2024-12-01,COST,buy_call,1.785,1,-5.5966,-1.785,-0.01785,False,2024-12
2024-12-01,CRM,buy_call,2.5669,1,1.3152,-1.2517,-0.012517,False,2024-12
2024-12-01,CSCO,buy_call,2.3845,1,-0.0169,-2.3845,-0.023845,False,2024-12
2024-12-01,CVS,buy_call,3.321,1,-24.9958,-3.321,-0.03321,False,2024-12
2024-12-01,CVX,buy_call,2.3417,1,-9.6415,-2.3417,-0.023417,False,2024-12
2024-12-01,DE,buy_call,2.54,1,-9.0577,-2.54,-0.0254,False,2024-12
2024-12-01,DHR,skip,0.0,0,-4.2305,0.0,0.0,False,2024-12
2024-12-01,DUK,buy_call,1.766,1,-7.0765,-1.766,-0.01766,False,2024-12
2024-12-01,ELV,buy_call,3.321,1,-9.3523,-3.321,-0.03321,False,2024-12
2024-12-01,EQIX,buy_call,2.3845,1,-3.4764,-2.3845,-0.023845,False,2024-12
2024-12-01,ETN,buy_call,2.54,1,-11.3516,-2.54,-0.0254,False,2024-12
2024-12-01,GE,buy_call,2.54,1,-8.4376,-2.54,-0.0254,False,2024-12
2024-12-01,GILD,buy_call,3.1482,1,-0.2268,-3.1482,-0.031482,False,2024-12
2024-12-01,GOOGL,skip,0.0,0,12.045,0.0,0.0,False,2024-12
2024-12-01,GS,buy_call,2.6639,1,-5.9073,-2.6639,-0.026639,False,2024-12
2024-12-01,HD,buy_call,2.2924,1,-8.8765,-2.2924,-0.022924,False,2024-12
2024-12-01,HON,buy_call,2.3845,1,-2.545,-2.3845,-0.023845,False,2024-12
2024-12-01,IBM,buy_call,2.3845,1,-2.5713,-2.3845,-0.023845,False,2024-12
2024-12-01,ICE,buy_call,3.0,1,-7.4242,-3.0,-0.03,False,2024-12
2024-12-01,INTC,buy_call,4.6482,1,-16.632,-4.6482,-0.046482,False,2024-12
2024-12-01,INTU,buy_call,2.9068,1,-2.0616,-2.9068,-0.029068,False,2024-12
2024-12-01,ISRG,buy_call,2.8722,1,-3.6974,-2.8722,-0.028722,False,2024-12
2024-12-01,JNJ,skip,0.0,0,-5.9542,0.0,0.0,False,2024-12
2024-12-01,JPM,buy_call,2.6639,1,-4.0085,-2.6639,-0.026639,False,2024-12
2024-12-01,KLAC,skip,0.0,0,-2.3433,0.0,0.0,False,2024-12
2024-12-01,KO,skip,0.0,0,-2.1033,0.0,0.0,False,2024-12
2024-12-01,LLY,skip,0.0,0,-2.775,0.0,0.0,False,2024-12
2024-12-01,LMT,skip,0.0,0,-8.211,0.0,0.0,False,2024-12
2024-12-01,LOW,buy_call,2.2924,1,-9.4079,-2.2924,-0.022924,False,2024-12
2024-12-01,LRCX,skip,0.0,0,-2.2333,0.0,0.0,False,2024-12
2024-12-01,MA,buy_call,2.7116,1,-1.1953,-2.7116,-0.027116,False,2024-12
2024-12-01,MCD,buy_call,1.766,1,-2.0675,-1.766,-0.01766,False,2024-12
2024-12-01,MCK,buy_call,3.0,1,-9.3222,-3.0,-0.03,False,2024-12
2024-12-01,MDLZ,skip,0.0,0,-8.037,0.0,0.0,False,2024-12
2024-12-01,MDT,skip,0.0,0,-7.6959,0.0,0.0,False,2024-12
2024-12-01,META,buy_call,3.1292,1,1.9484,-1.1808,-0.011808,False,2024-12
2024-12-01,MRK,skip,0.0,0,-2.1251,0.0,0.0,False,2024-12
2024-12-01,MS,buy_call,2.6639,1,-4.4754,-2.6639,-0.026639,False,2024-12
2024-12-01,MSFT,buy_call,1.9081,1,-0.2636,-1.9081,-0.019081,False,2024-12
2024-12-01,MU,skip,0.0,0,-14.0786,0.0,0.0,False,2024-12
2024-12-01,NEE,skip,0.0,0,-8.2618,0.0,0.0,False,2024-12
2024-12-01,NFLX,buy_call,2.8023,1,0.5086,-2.2938,-0.022938,False,2024-12
2024-12-01,NKE,buy_call,3.3064,1,-3.9355,-3.3064,-0.033064,False,2024-12
2024-12-01,NOW,buy_call,2.0741,1,1.0177,-1.0565,-0.010565,False,2024-12
2024-12-01,NVDA,buy_call,4.7168,1,-2.8644,-4.7168,-0.047168,False,2024-12
2024-12-01,ORCL,buy_call,3.033,1,-9.8464,-3.033,-0.03033,False,2024-12
2024-12-01,PANW,buy_call,2.5669,1,-6.1627,-2.5669,-0.025669,False,2024-12
2024-12-01,PEP,skip,0.0,0,-6.9685,0.0,0.0,False,2024-12
2024-12-01,PG,buy_call,1.8952,1,-6.4766,-1.8952,-0.018952,False,2024-12
2024-12-01,PGR,buy_call,2.6639,1,-10.8859,-2.6639,-0.026639,False,2024-12
2024-12-01,PLD,buy_call,2.3845,1,-9.4879,-2.3845,-0.023845,False,2024-12
2024-12-01,PM,buy_call,2.5485,1,-9.5521,-2.5485,-0.025485,False,2024-12
2024-12-01,QCOM,skip,0.0,0,-3.0972,0.0,0.0,False,2024-12
2024-12-01,SBUX,buy_call,1.766,1,-10.39,-1.766,-0.01766,False,2024-12
2024-12-01,SCHW,buy_call,2.6639,1,-10.2661,-2.6639,-0.026639,False,2024-12
2024-12-01,SO,skip,0.0,0,-6.878,0.0,0.0,False,2024-12
2024-12-01,SPGI,buy_call,2.6639,1,-4.5182,-2.6639,-0.026639,False,2024-12
2024-12-01,SYK,buy_call,2.8722,1,-8.1856,-2.8722,-0.028722,False,2024-12
2024-12-01,TJX,buy_call,1.7094,1,-3.5841,-1.7094,-0.017094,False,2024-12
2024-12-01,TMO,skip,0.0,0,-1.7748,0.0,0.0,False,2024-12
2024-12-01,TMUS,buy_call,3.1848,1,-10.2916,-3.1848,-0.031848,False,2024-12
2024-12-01,TSLA,buy_call,6.8221,1,17.0008,10.1787,0.101787,False,2024-12
2024-12-01,TXN,skip,0.0,0,-6.7254,0.0,0.0,False,2024-12
2024-12-01,UBER,skip,0.0,0,-16.1757,0.0,0.0,False,2024-12
2024-12-01,UNH,buy_call,3.321,1,-17.0993,-3.321,-0.03321,False,2024-12
2024-12-01,UNP,buy_call,2.54,1,-6.7931,-2.54,-0.0254,False,2024-12
2024-12-01,V,buy_call,1.9747,1,0.4954,-1.4793,-0.014793,False,2024-12
2024-12-01,VRTX,skip,0.0,0,-13.9769,0.0,0.0,False,2024-12
2024-12-01,VZ,buy_call,3.1848,1,-9.8106,-3.1848,-0.031848,False,2024-12
2024-12-01,WFC,buy_call,4.5166,1,-7.2539,-4.5166,-0.045166,False,2024-12
2024-12-01,WM,buy_call,3.0,1,-11.5809,-3.0,-0.03,False,2024-12
2024-12-01,XOM,buy_call,2.54,1,-8.0587,-2.54,-0.0254,False,2024-12
2024-12-01,ZTS,skip,0.0,0,-7.03,0.0,0.0,False,2024-12
2025-01-01,AAPL,buy_call,3.0189,6,-5.7583,-3.0189,-0.181134,True,2025-01
2025-01-01,ABBV,skip,0.0,0,4.465,0.0,0.0,True,2025-01
2025-01-01,ABT,skip,0.0,0,13.6957,0.0,0.0,True,2025-01
2025-01-01,ACN,skip,0.0,0,9.8911,0.0,0.0,True,2025-01
2025-01-01,ADBE,skip,0.0,0,-1.6259,0.0,0.0,True,2025-01
2025-01-01,ADI,skip,0.0,0,-0.2683,0.0,0.0,True,2025-01
2025-01-01,ADP,skip,0.0,0,3.5117,0.0,0.0,True,2025-01
2025-01-01,AMAT,skip,0.0,0,10.8959,0.0,0.0,True,2025-01
2025-01-01,AMD,skip,0.0,0,-4.007,0.0,0.0,True,2025-01
2025-01-01,AMGN,skip,0.0,0,9.5074,0.0,0.0,True,2025-01
2025-01-01,AMZN,buy_call,3.8013,6,8.3368,4.5355,0.27213,True,2025-01
2025-01-01,ANET,buy_call,3.0,6,4.2522,1.2522,0.075132,True,2025-01
2025-01-01,AVGO,buy_call,3.3832,6,-4.5592,-3.3832,-0.202992,True,2025-01
2025-01-01,AXP,skip,0.0,0,7.2126,0.0,0.0,True,2025-01
2025-01-01,BA,buy_call,3.0,6,-0.2712,-3.0,-0.18,True,2025-01
2025-01-01,BAC,skip,0.0,0,5.347,0.0,0.0,True,2025-01
2025-01-01,BKNG,skip,0.0,0,-4.6466,0.0,0.0,True,2025-01
2025-01-01,BLK,buy_call,2.7283,6,4.9156,2.1872,0.131232,True,2025-01
2025-01-01,BRK-B,skip,0.0,0,3.3953,0.0,0.0,True,2025-01
2025-01-01,BSX,skip,0.0,0,14.5992,0.0,0.0,True,2025-01
2025-01-01,BX,skip,0.0,0,2.7201,0.0,0.0,True,2025-01
2025-01-01,CAT,skip,0.0,0,2.7681,0.0,0.0,True,2025-01
2025-01-01,CL,skip,0.0,0,-4.0902,0.0,0.0,True,2025-01
2025-01-01,CMG,skip,0.0,0,-3.2338,0.0,0.0,True,2025-01
2025-01-01,COST,skip,0.0,0,6.9423,0.0,0.0,True,2025-01
2025-01-01,CRM,buy_call,2.5004,6,2.2044,-0.296,-0.01776,True,2025-01
2025-01-01,CRWD,skip,0.0,0,16.3403,0.0,0.0,True,2025-01
2025-01-01,CSCO,skip,0.0,0,3.0625,0.0,0.0,True,2025-01
2025-01-01,CVX,skip,0.0,0,3.0033,0.0,0.0,True,2025-01
2025-01-01,DASH,skip,0.0,0,12.5663,0.0,0.0,True,2025-01
2025-01-01,DHR,skip,0.0,0,-2.9667,0.0,0.0,True,2025-01
2025-01-01,DIS,skip,0.0,0,1.5357,0.0,0.0,True,2025-01
2025-01-01,DUK,skip,0.0,0,3.9447,0.0,0.0,True,2025-01
2025-01-01,EQIX,skip,0.0,0,-3.1,0.0,0.0,True,2025-01
2025-01-01,ETN,skip,0.0,0,-1.6362,0.0,0.0,True,2025-01
2025-01-01,GD,skip,0.0,0,-1.9528,0.0,0.0,True,2025-01
2025-01-01,GE,skip,0.0,0,22.0517,0.0,0.0,True,2025-01
2025-01-01,GILD,buy_call,2.2183,6,5.229,3.0107,0.180642,True,2025-01
2025-01-01,GOOGL,buy_call,3.2185,6,7.776,4.5575,0.27345,True,2025-01
2025-01-01,GS,skip,0.0,0,11.8368,0.0,0.0,True,2025-01
2025-01-01,HD,skip,0.0,0,5.9102,0.0,0.0,True,2025-01
2025-01-01,HON,skip,0.0,0,-0.9606,0.0,0.0,True,2025-01
2025-01-01,IBM,skip,0.0,0,16.3171,0.0,0.0,True,2025-01
2025-01-01,ICE,skip,0.0,0,7.2613,0.0,0.0,True,2025-01
2025-01-01,INTC,skip,0.0,0,-3.0923,0.0,0.0,True,2025-01
2025-01-01,INTU,skip,0.0,0,-4.1351,0.0,0.0,True,2025-01
2025-01-01,ISRG,skip,0.0,0,9.564,0.0,0.0,True,2025-01
2025-01-01,JNJ,skip,0.0,0,5.2068,0.0,0.0,True,2025-01
2025-01-01,JPM,skip,0.0,0,12.0857,0.0,0.0,True,2025-01
2025-01-01,KLAC,skip,0.0,0,17.1586,0.0,0.0,True,2025-01
2025-01-01,KO,skip,0.0,0,1.9595,0.0,0.0,True,2025-01
2025-01-01,LLY,skip,0.0,0,5.0622,0.0,0.0,True,2025-01
2025-01-01,LMT,skip,0.0,0,-4.731,0.0,0.0,True,2025-01
2025-01-01,LOW,skip,0.0,0,5.825,0.0,0.0,True,2025-01
2025-01-01,LRCX,skip,0.0,0,12.2111,0.0,0.0,True,2025-01
2025-01-01,MA,skip,0.0,0,5.6362,0.0,0.0,True,2025-01
2025-01-01,MCD,skip,0.0,0,-0.4105,0.0,0.0,True,2025-01
2025-01-01,MDLZ,skip,0.0,0,-2.9132,0.0,0.0,True,2025-01
2025-01-01,META,buy_call,4.2724,6,17.7059,13.4335,0.80601,True,2025-01
2025-01-01,MRK,skip,0.0,0,-0.6634,0.0,0.0,True,2025-01
2025-01-01,MS,skip,0.0,0,10.8424,0.0,0.0,True,2025-01
2025-01-01,MSFT,skip,0.0,0,-1.5279,0.0,0.0,True,2025-01
2025-01-01,MU,skip,0.0,0,8.4125,0.0,0.0,True,2025-01
2025-01-01,NEE,skip,0.0,0,-0.1813,0.0,0.0,True,2025-01
2025-01-01,NFLX,buy_call,4.422,6,9.5858,5.1638,0.309828,True,2025-01
2025-01-01,NOW,buy_call,3.9901,6,-3.9373,-3.9901,-0.239406,True,2025-01
2025-01-01,NVDA,skip,0.0,0,-10.589,0.0,0.0,True,2025-01
2025-01-01,ORCL,skip,0.0,0,2.3032,0.0,0.0,True,2025-01
2025-01-01,PANW,skip,0.0,0,1.3519,0.0,0.0,True,2025-01
2025-01-01,PEP,skip,0.0,0,-0.901,0.0,0.0,True,2025-01
2025-01-01,PG,skip,0.0,0,-0.3864,0.0,0.0,True,2025-01
2025-01-01,PGR,skip,0.0,0,4.8301,0.0,0.0,True,2025-01
2025-01-01,PH,skip,0.0,0,11.1661,0.0,0.0,True,2025-01
2025-01-01,PLTR,buy_call,3.0,6,9.0705,6.0705,0.36423,True,2025-01
2025-01-01,PM,skip,0.0,0,8.1844,0.0,0.0,True,2025-01
2025-01-01,QCOM,skip,0.0,0,12.5699,0.0,0.0,True,2025-01
2025-01-01,RTX,skip,0.0,0,11.4328,0.0,0.0,True,2025-01
2025-01-01,SCHW,skip,0.0,0,11.7688,0.0,0.0,True,2025-01
2025-01-01,SHW,skip,0.0,0,5.3629,0.0,0.0,True,2025-01
2025-01-01,SO,skip,0.0,0,1.9801,0.0,0.0,True,2025-01
2025-01-01,SPGI,skip,0.0,0,4.6945,0.0,0.0,True,2025-01
2025-01-01,SYK,skip,0.0,0,8.6765,0.0,0.0,True,2025-01
2025-01-01,TJX,skip,0.0,0,3.2944,0.0,0.0,True,2025-01
2025-01-01,TMO,skip,0.0,0,14.9011,0.0,0.0,True,2025-01
2025-01-01,TMUS,skip,0.0,0,5.5453,0.0,0.0,True,2025-01
2025-01-01,TSLA,buy_call,6.3234,6,0.1882,-6.1352,-0.368112,True,2025-01
2025-01-01,TXN,skip,0.0,0,-0.8185,0.0,0.0,True,2025-01
2025-01-01,UBER,skip,0.0,0,10.8256,0.0,0.0,True,2025-01
2025-01-01,UNH,skip,0.0,0,7.2411,0.0,0.0,True,2025-01
2025-01-01,UNP,skip,0.0,0,8.6607,0.0,0.0,True,2025-01
2025-01-01,V,buy_call,2.4648,6,8.1509,5.686,0.34116,True,2025-01
2025-01-01,VRTX,skip,0.0,0,14.6461,0.0,0.0,True,2025-01
2025-01-01,VZ,skip,0.0,0,0.2451,0.0,0.0,True,2025-01
2025-01-01,WFC,skip,0.0,0,12.1869,0.0,0.0,True,2025-01
2025-01-01,WM,skip,0.0,0,9.1531,0.0,0.0,True,2025-01
2025-01-01,WMT,skip,0.0,0,8.6442,0.0,0.0,True,2025-01
2025-01-01,XOM,skip,0.0,0,-0.6879,0.0,0.0,True,2025-01
2025-01-01,ZTS,skip,0.0,0,5.2088,0.0,0.0,True,2025-01
2025-02-01,AAPL,skip,0.0,0,2.5872,0.0,0.0,False,2025-02
2025-02-01,ABBV,buy_call,2.4265,1,13.6651,11.2386,0.112386,False,2025-02
2025-02-01,ABT,buy_call,1.9373,1,7.8794,5.9421,0.059421,False,2025-02
2025-02-01,ACN,buy_call,2.134,1,-9.4688,-2.134,-0.02134,False,2025-02
2025-02-01,ADBE,skip,0.0,0,0.2537,0.0,0.0,False,2025-02
2025-02-01,ADI,skip,0.0,0,8.5752,0.0,0.0,False,2025-02
2025-02-01,ADP,buy_call,2.8254,1,4.0164,1.191,0.01191,False,2025-02
2025-02-01,AMAT,buy_call,6.3999,1,-12.1519,-6.3999,-0.063999,False,2025-02
2025-02-01,AMD,skip,0.0,0,-13.8767,0.0,0.0,False,2025-02
2025-02-01,AMGN,buy_call,2.4265,1,8.8042,6.3777,0.063777,False,2025-02
2025-02-01,AMZN,buy_call,2.9236,1,-10.6866,-2.9236,-0.029236,False,2025-02
2025-02-01,ANET,buy_call,3.0,1,-19.2485,-3.0,-0.03,False,2025-02
2025-02-01,AVGO,skip,0.0,0,-9.8703,0.0,0.0,False,2025-02
2025-02-01,AXP,buy_call,2.7722,1,-5.1945,-2.7722,-0.027722,False,2025-02
2025-02-01,BA,skip,0.0,0,-1.0707,0.0,0.0,False,2025-02
2025-02-01,BAC,buy_call,2.6722,1,-0.432,-2.6722,-0.026722,False,2025-02
2025-02-01,BKNG,skip,0.0,0,5.8775,0.0,0.0,False,2025-02
2025-02-01,BLK,buy_call,2.7283,1,-9.086,-2.7283,-0.027283,False,2025-02
2025-02-01,BRK-B,buy_call,1.6934,1,9.6358,7.9424,0.079424,False,2025-02
2025-02-01,BSX,buy_call,1.9373,1,1.397,-0.5403,-0.005403,False,2025-02
2025-02-01,BX,buy_call,3.1511,1,-8.2296,-3.1511,-0.031511,False,2025-02
2025-02-01,CAT,buy_call,3.3944,1,-7.4009,-3.3944,-0.033944,False,2025-02
2025-02-01,CL,skip,0.0,0,5.1557,0.0,0.0,False,2025-02
2025-02-01,CMG,skip,0.0,0,-7.5064,0.0,0.0,False,2025-02
2025-02-01,COST,buy_call,2.615,1,7.1324,4.5174,0.045174,False,2025-02
2025-02-01,CRM,buy_call,4.8603,1,-12.8329,-4.8603,-0.048603,False,2025-02
2025-02-01,CRWD,buy_call,3.0,1,-2.1127,-3.0,-0.03,False,2025-02
2025-02-01,CSCO,buy_call,2.8546,1,5.792,2.9374,0.029374,False,2025-02
2025-02-01,CVX,buy_call,2.9734,1,7.5,4.5267,0.045267,False,2025-02
2025-02-01,DASH,buy_call,3.0,1,5.0892,2.0892,0.020892,False,2025-02
2025-02-01,DHR,skip,0.0,0,-6.7253,0.0,0.0,False,2025-02
2025-02-01,DIS,buy_call,3.2556,1,0.6545,-2.6011,-0.026011,False,2025-02
2025-02-01,DUK,buy_call,1.8915,1,5.8821,3.9907,0.039907,False,2025-02
2025-02-01,EQIX,skip,0.0,0,-0.4746,0.0,0.0,False,2025-02
2025-02-01,ETN,skip,0.0,0,-10.1458,0.0,0.0,False,2025-02
2025-02-01,GD,skip,0.0,0,-1.7044,0.0,0.0,False,2025-02
2025-02-01,GE,buy_call,2.9192,1,1.6751,-1.2441,-0.012441,False,2025-02
2025-02-01,GILD,buy_call,2.4265,1,17.6029,15.1764,0.151764,False,2025-02
2025-02-01,GOOGL,buy_call,3.2185,1,-16.5376,-3.2185,-0.032185,False,2025-02
2025-02-01,GS,buy_call,2.6173,1,-2.3461,-2.6173,-0.026173,False,2025-02
2025-02-01,HD,buy_call,2.675,1,-3.7332,-2.675,-0.02675,False,2025-02
2025-02-01,HON,skip,0.0,0,-4.3316,0.0,0.0,False,2025-02
2025-02-01,IBM,buy_call,2.5058,1,-0.6172,-2.5058,-0.025058,False,2025-02
2025-02-01,ICE,buy_call,3.0,1,8.3839,5.3839,0.053839,False,2025-02
2025-02-01,INTC,skip,0.0,0,22.1307,0.0,0.0,False,2025-02
2025-02-01,INTU,skip,0.0,0,2.0499,0.0,0.0,False,2025-02
2025-02-01,ISRG,buy_call,1.9373,1,0.2221,-1.7152,-0.017152,False,2025-02
2025-02-01,JNJ,buy_call,2.1087,1,9.327,7.2183,0.072183,False,2025-02
2025-02-01,JPM,buy_call,2.762,1,-0.9914,-2.762,-0.02762,False,2025-02
2025-02-01,KLAC,buy_call,6.3999,1,-3.7655,-6.3999,-0.063999,False,2025-02
2025-02-01,KO,buy_call,1.8226,1,12.177,10.3543,0.103543,False,2025-02
2025-02-01,LLY,buy_call,3.1775,1,13.7023,10.5248,0.105248,False,2025-02
2025-02-01,LMT,skip,0.0,0,-2.7173,0.0,0.0,False,2025-02
2025-02-01,LOW,buy_call,2.675,1,-4.3839,-2.675,-0.02675,False,2025-02
2025-02-01,LRCX,buy_call,6.3999,1,-5.3177,-6.3999,-0.063999,False,2025-02
2025-02-01,MA,buy_call,2.6958,1,3.7592,1.0634,0.010634,False,2025-02
2025-02-01,MCD,skip,0.0,0,6.7994,0.0,0.0,False,2025-02
2025-02-01,MDLZ,skip,0.0,0,10.7606,0.0,0.0,False,2025-02
2025-02-01,META,buy_call,4.2724,1,-3.0442,-4.2724,-0.042724,False,2025-02
2025-02-01,MRK,skip,0.0,0,-6.6484,0.0,0.0,False,2025-02
2025-02-01,MS,buy_call,2.5944,1,-3.8431,-2.5944,-0.025944,False,2025-02
2025-02-01,MSFT,skip,0.0,0,-4.1618,0.0,0.0,False,2025-02
2025-02-01,MU,buy_call,6.3114,1,2.6194,-3.692,-0.03692,False,2025-02
2025-02-01,NEE,skip,0.0,0,-1.1345,0.0,0.0,False,2025-02
2025-02-01,NFLX,buy_call,4.422,1,0.389,-4.033,-0.04033,False,2025-02
2025-02-01,NOW,skip,0.0,0,-8.7021,0.0,0.0,False,2025-02
2025-02-01,NVDA,skip,0.0,0,4.0393,0.0,0.0,False,2025-02
2025-02-01,ORCL,buy_call,2.9024,1,-2.3522,-2.9024,-0.029024,False,2025-02
2025-02-01,PANW,buy_call,4.8603,1,3.2589,-1.6014,-0.016014,False,2025-02
2025-02-01,PEP,skip,0.0,0,1.8449,0.0,0.0,False,2025-02
2025-02-01,PG,skip,0.0,0,4.7292,0.0,0.0,False,2025-02
2025-02-01,PGR,buy_call,2.3749,1,14.4295,12.0546,0.120546,False,2025-02
2025-02-01,PH,buy_call,3.0,1,-5.2275,-3.0,-0.03,False,2025-02
2025-02-01,PLTR,buy_call,3.0,1,2.9458,-0.0542,-0.000542,False,2025-02
2025-02-01,PM,buy_call,2.1882,1,19.2627,17.0745,0.170745,False,2025-02
2025-02-01,QCOM,buy_call,6.3999,1,-9.1135,-6.3999,-0.063999,False,2025-02
2025-02-01,RTX,buy_call,3.4427,1,3.655,0.2123,0.002123,False,2025-02
2025-02-01,SCHW,buy_call,2.81,1,-3.5371,-2.81,-0.0281,False,2025-02
2025-02-01,SHW,buy_call,3.2741,1,1.1475,-2.1265,-0.021265,False,2025-02
2025-02-01,SO,buy_call,1.9465,1,7.8639,5.9175,0.059175,False,2025-02
2025-02-01,SPGI,buy_call,2.5172,1,2.5493,0.0321,0.000321,False,2025-02
2025-02-01,SYK,buy_call,1.9373,1,-1.3034,-1.9373,-0.019373,False,2025-02
2025-02-01,TJX,buy_call,2.3062,1,0.2782,-2.028,-0.02028,False,2025-02
2025-02-01,TMO,buy_call,2.7413,1,-11.5082,-2.7413,-0.027413,False,2025-02
2025-02-01,TMUS,buy_call,1.7148,1,16.1486,14.4338,0.144338,False,2025-02
2025-02-01,TSLA,buy_call,6.3234,1,-27.5877,-6.3234,-0.063234,False,2025-02
2025-02-01,TXN,skip,0.0,0,6.1644,0.0,0.0,False,2025-02
2025-02-01,UBER,buy_call,3.0,1,13.7023,10.7023,0.107023,False,2025-02
2025-02-01,UNH,buy_call,2.6983,1,-12.4482,-2.6983,-0.026983,False,2025-02
2025-02-01,UNP,buy_call,3.3893,1,0.1034,-3.2859,-0.032859,False,2025-02
2025-02-01,V,buy_call,2.4648,1,6.2962,3.8314,0.038314,False,2025-02
2025-02-01,VRTX,buy_call,2.4265,1,3.9226,1.4961,0.014961,False,2025-02
2025-02-01,VZ,buy_call,1.7148,1,9.4186,7.7039,0.077039,False,2025-02
2025-02-01,WFC,buy_call,3.1969,1,-0.1185,-3.1969,-0.031969,False,2025-02
2025-02-01,WM,buy_call,3.0,1,5.6842,2.6842,0.026842,False,2025-02
2025-02-01,WMT,buy_call,2.7564,1,0.4584,-2.298,-0.02298,False,2025-02
2025-02-01,XOM,skip,0.0,0,5.1444,0.0,0.0,False,2025-02
2025-02-01,ZTS,buy_call,2.4265,1,-2.1416,-2.4265,-0.024265,False,2025-02
2025-03-01,AAPL,buy_call,3.2804,1,-8.15,-3.2804,-0.032804,False,2025-03
2025-03-01,ABBV,buy_call,2.2107,1,0.2344,-1.9763,-0.019763,False,2025-03
2025-03-01,ABT,buy_call,3.2153,1,-3.8838,-3.2153,-0.032153,False,2025-03
2025-03-01,ACN,skip,0.0,0,-10.462,0.0,0.0,False,2025-03
2025-03-01,ADBE,buy_call,4.6111,1,-12.5479,-4.6111,-0.046111,False,2025-03
2025-03-01,ADI,buy_call,5.2751,1,-11.9589,-5.2751,-0.052751,False,2025-03
2025-03-01,ADP,buy_call,2.8254,1,-2.5452,-2.8254,-0.028254,False,2025-03
2025-03-01,AMAT,skip,0.0,0,-8.1925,0.0,0.0,False,2025-03
2025-03-01,AMD,skip,0.0,0,2.884,0.0,0.0,False,2025-03
2025-03-01,AMGN,buy_call,2.2107,1,1.1329,-1.0778,-0.010778,False,2025-03
2025-03-01,AMZN,skip,0.0,0,-10.3731,0.0,0.0,False,2025-03
2025-03-01,ANET,skip,0.0,0,-16.7329,0.0,0.0,False,2025-03
2025-03-01,AVGO,skip,0.0,0,-15.7917,0.0,0.0,False,2025-03
2025-03-01,AXP,skip,0.0,0,-10.6027,0.0,0.0,False,2025-03
2025-03-01,BA,skip,0.0,0,-2.3364,0.0,0.0,False,2025-03
2025-03-01,BAC,skip,0.0,0,-8.9081,0.0,0.0,False,2025-03
2025-03-01,BKNG,buy_call,3.0,1,-7.9678,-3.0,-0.03,False,2025-03
2025-03-01,BLK,skip,0.0,0,-2.6727,0.0,0.0,False,2025-03
2025-03-01,BRK-B,buy_call,1.6934,1,3.6491,1.9557,0.019557,False,2025-03
2025-03-01,BSX,buy_call,3.2153,1,-2.8037,-3.2153,-0.032153,False,2025-03
2025-03-01,BX,skip,0.0,0,-13.2663,0.0,0.0,False,2025-03
2025-03-01,CAT,skip,0.0,0,-4.114,0.0,0.0,False,2025-03
2025-03-01,CL,buy_call,3.0,1,2.7751,-0.2249,-0.002249,False,2025-03
2025-03-01,CMG,skip,0.0,0,-6.9668,0.0,0.0,False,2025-03
2025-03-01,COST,buy_call,3.1931,1,-9.8063,-3.1931,-0.031931,False,2025-03
2025-03-01,CRM,skip,0.0,0,-9.901,0.0,0.0,False,2025-03
2025-03-01,CRWD,skip,0.0,0,-9.516,0.0,0.0,False,2025-03
2025-03-01,CSCO,buy_call,2.8546,1,-3.7435,-2.8546,-0.028546,False,2025-03
2025-03-01,CVX,buy_call,2.9734,1,5.4659,2.4925,0.024925,False,2025-03
2025-03-01,DASH,buy_call,3.0,1,-7.8966,-3.0,-0.03,False,2025-03
2025-03-01,DHR,skip,0.0,0,-1.1779,0.0,0.0,False,2025-03
2025-03-01,DIS,buy_call,3.2556,1,-13.2688,-3.2556,-0.032556,False,2025-03
2025-03-01,DUK,buy_call,1.8915,1,3.8132,1.9217,0.019217,False,2025-03
2025-03-01,EQIX,skip,0.0,0,-9.8682,0.0,0.0,False,2025-03
2025-03-01,ETN,skip,0.0,0,-6.9871,0.0,0.0,False,2025-03
2025-03-01,GD,skip,0.0,0,7.9097,0.0,0.0,False,2025-03
2025-03-01,GE,buy_call,2.9192,1,-3.1199,-2.9192,-0.029192,False,2025-03
2025-03-01,GILD,buy_call,2.2107,1,-1.2891,-2.2107,-0.022107,False,2025-03
2025-03-01,GOOGL,skip,0.0,0,-9.0803,0.0,0.0,False,2025-03
2025-03-01,GS,skip,0.0,0,-12.2129,0.0,0.0,False,2025-03
2025-03-01,HD,skip,0.0,0,-7.0056,0.0,0.0,False,2025-03
2025-03-01,HON,skip,0.0,0,-0.5355,0.0,0.0,False,2025-03
2025-03-01,IBM,skip,0.0,0,-1.4974,0.0,0.0,False,2025-03
2025-03-01,ICE,buy_call,3.0,1,-0.1412,-3.0,-0.03,False,2025-03
2025-03-01,INTC,buy_call,5.2751,1,-4.2984,-5.2751,-0.052751,False,2025-03
2025-03-01,INTU,buy_call,3.5425,1,0.0244,-3.5181,-0.035181,False,2025-03
2025-03-01,ISRG,buy_call,3.2153,1,-13.5881,-3.2153,-0.032153,False,2025-03
2025-03-01,JNJ,buy_call,2.1087,1,0.4969,-1.6118,-0.016118,False,2025-03
2025-03-01,JPM,skip,0.0,0,-7.3115,0.0,0.0,False,2025-03
2025-03-01,KLAC,skip,0.0,0,-4.0968,0.0,0.0,False,2025-03
2025-03-01,KO,buy_call,1.8226,1,1.318,-0.5046,-0.005046,False,2025-03
2025-03-01,LLY,buy_call,3.1775,1,-10.2886,-3.1775,-0.031775,False,2025-03
2025-03-01,LMT,skip,0.0,0,-0.0806,0.0,0.0,False,2025-03
2025-03-01,LOW,skip,0.0,0,-6.1977,0.0,0.0,False,2025-03
2025-03-01,LRCX,skip,0.0,0,-4.9786,0.0,0.0,False,2025-03
2025-03-01,MA,buy_call,2.6958,1,-4.8915,-2.6958,-0.026958,False,2025-03
2025-03-01,MCD,buy_call,1.7909,1,1.8952,0.1044,0.001044,False,2025-03
2025-03-01,MDLZ,buy_call,2.0992,1,6.3742,4.275,0.04275,False,2025-03
2025-03-01,META,skip,0.0,0,-13.6677,0.0,0.0,False,2025-03
2025-03-01,MRK,skip,0.0,0,-1.8586,0.0,0.0,False,2025-03
2025-03-01,MS,skip,0.0,0,-12.3507,0.0,0.0,False,2025-03
2025-03-01,MSFT,skip,0.0,0,-5.4409,0.0,0.0,False,2025-03
2025-03-01,MU,buy_call,5.7555,1,-7.0777,-5.7555,-0.057555,False,2025-03
2025-03-01,NEE,skip,0.0,0,1.026,0.0,0.0,False,2025-03
2025-03-01,NFLX,buy_call,4.422,1,-4.8982,-4.422,-0.04422,False,2025-03
2025-03-01,NOW,skip,0.0,0,-14.3715,0.0,0.0,False,2025-03
2025-03-01,NVDA,buy_call,5.7555,1,-13.2325,-5.7555,-0.057555,False,2025-03
2025-03-01,ORCL,skip,0.0,0,-15.8075,0.0,0.0,False,2025-03
2025-03-01,PANW,buy_call,3.2121,1,-10.3923,-3.2121,-0.032121,False,2025-03
2025-03-01,PEP,buy_call,2.1647,1,-1.4363,-2.1647,-0.021647,False,2025-03
2025-03-01,PG,buy_call,1.9313,1,-1.9673,-1.9313,-0.019313,False,2025-03
2025-03-01,PGR,buy_call,2.3749,1,0.3581,-2.0168,-0.020168,False,2025-03
2025-03-01,PH,skip,0.0,0,-9.0739,0.0,0.0,False,2025-03
2025-03-01,PLTR,buy_call,3.0,1,-0.6123,-3.0,-0.03,False,2025-03
2025-03-01,PM,buy_call,2.1882,1,3.1241,0.9359,0.009359,False,2025-03
2025-03-01,QCOM,skip,0.0,0,-1.7381,0.0,0.0,False,2025-03
2025-03-01,RTX,buy_call,3.4427,1,-0.3985,-3.4427,-0.034427,False,2025-03
2025-03-01,SCHW,skip,0.0,0,-1.5718,0.0,0.0,False,2025-03
2025-03-01,SHW,buy_call,3.2741,1,-3.3999,-3.2741,-0.032741,False,2025-03
2025-03-01,SO,buy_call,1.9465,1,2.4056,0.4592,0.004592,False,2025-03
2025-03-01,SPGI,buy_call,2.5172,1,-4.8038,-2.5172,-0.025172,False,2025-03
2025-03-01,SYK,skip,0.0,0,-3.387,0.0,0.0,False,2025-03
2025-03-01,TJX,buy_call,2.3062,1,-2.3726,-2.3062,-0.023062,False,2025-03
2025-03-01,TMO,skip,0.0,0,-5.8491,0.0,0.0,False,2025-03
2025-03-01,TMUS,buy_call,4.1085,1,-1.105,-4.1085,-0.041085,False,2025-03
2025-03-01,TSLA,skip,0.0,0,-11.5435,0.0,0.0,False,2025-03
2025-03-01,TXN,buy_call,5.2751,1,-8.3117,-5.2751,-0.052751,False,2025-03
2025-03-01,UBER,buy_call,3.0,1,-4.1442,-3.0,-0.03,False,2025-03
2025-03-01,UNH,skip,0.0,0,10.7437,0.0,0.0,False,2025-03
2025-03-01,UNP,buy_call,3.3893,1,-4.2361,-3.3893,-0.033893,False,2025-03
2025-03-01,V,buy_call,2.4648,1,-3.3773,-2.4648,-0.024648,False,2025-03
2025-03-01,VRTX,buy_call,2.2107,1,1.0484,-1.1623,-0.011623,False,2025-03
2025-03-01,VZ,buy_call,4.1085,1,5.2436,1.135,0.01135,False,2025-03
2025-03-01,WFC,skip,0.0,0,-8.3375,0.0,0.0,False,2025-03
2025-03-01,WM,buy_call,3.0,1,-0.1766,-3.0,-0.03,False,2025-03
2025-03-01,WMT,buy_call,2.7564,1,-10.728,-2.7564,-0.027564,False,2025-03
2025-03-01,XOM,buy_call,3.2458,1,6.8266,3.5808,0.035808,False,2025-03
2025-03-01,ZTS,skip,0.0,0,-1.5487,0.0,0.0,False,2025-03
2025-04-01,AAPL,skip,0.0,0,-4.3353,0.0,0.0,True,2025-04
2025-04-01,ABBV,buy_call,5.5779,4,-6.0218,-5.5779,-0.223116,True,2025-04
2025-04-01,ABT,skip,0.0,0,-0.9757,0.0,0.0,True,2025-04
2025-04-01,ACN,skip,0.0,0,-3.6555,0.0,0.0,True,2025-04
2025-04-01,ADBE,skip,0.0,0,-2.2293,0.0,0.0,True,2025-04
2025-04-01,ADI,skip,0.0,0,-3.3471,0.0,0.0,True,2025-04
2025-04-01,ADP,skip,0.0,0,-1.6136,0.0,0.0,True,2025-04
2025-04-01,AMAT,skip,0.0,0,3.852,0.0,0.0,True,2025-04
2025-04-01,AMD,buy_call,5.9995,4,-5.2463,-5.9995,-0.23998,True,2025-04
2025-04-01,AMGN,buy_call,5.5779,4,-6.6218,-5.5779,-0.223116,True,2025-04
2025-04-01,AMZN,skip,0.0,0,-3.0695,0.0,0.0,True,2025-04
2025-04-01,ANET,skip,0.0,0,6.1822,0.0,0.0,True,2025-04
2025-04-01,AVGO,skip,0.0,0,14.9555,0.0,0.0,True,2025-04
2025-04-01,AXP,skip,0.0,0,-0.6525,0.0,0.0,True,2025-04
2025-04-01,BA,skip,0.0,0,7.4406,0.0,0.0,True,2025-04
2025-04-01,BAC,skip,0.0,0,-4.4334,0.0,0.0,True,2025-04
2025-04-01,BKNG,skip,0.0,0,10.6876,0.0,0.0,True,2025-04
2025-04-01,BLK,skip,0.0,0,-3.4042,0.0,0.0,True,2025-04
2025-04-01,BRK-B,buy_call,1.6934,4,0.1258,-1.5676,-0.062704,True,2025-04
2025-04-01,BSX,skip,0.0,0,1.9726,0.0,0.0,True,2025-04
2025-04-01,BX,skip,0.0,0,-5.1091,0.0,0.0,True,2025-04
2025-04-01,CAT,skip,0.0,0,-5.7735,0.0,0.0,True,2025-04
2025-04-01,CL,buy_call,3.0,4,-1.0613,-3.0,-0.12,True,2025-04
2025-04-01,CMG,skip,0.0,0,0.6174,0.0,0.0,True,2025-04
2025-04-01,COST,skip,0.0,0,5.1513,0.0,0.0,True,2025-04
2025-04-01,CRM,skip,0.0,0,0.2877,0.0,0.0,True,2025-04
2025-04-01,CRWD,skip,0.0,0,21.6376,0.0,0.0,True,2025-04
2025-04-01,CSCO,skip,0.0,0,-5.825,0.0,0.0,True,2025-04
2025-04-01,CVX,buy_call,2.9734,4,-18.6681,-2.9734,-0.118936,True,2025-04
2025-04-01,DASH,skip,0.0,0,5.537,0.0,0.0,True,2025-04
2025-04-01,DHR,skip,0.0,0,-2.7658,0.0,0.0,True,2025-04
2025-04-01,DIS,skip,0.0,0,-7.8521,0.0,0.0,True,2025-04
2025-04-01,DUK,buy_call,1.8915,4,0.0409,-1.8505,-0.07402,True,2025-04
2025-04-01,EQIX,skip,0.0,0,5.5682,0.0,0.0,True,2025-04
2025-04-01,ETN,skip,0.0,0,8.2919,0.0,0.0,True,2025-04
2025-04-01,GD,buy_call,3.0,4,0.3853,-2.6147,-0.104588,True,2025-04
2025-04-01,GE,skip,0.0,0,0.6945,0.0,0.0,True,2025-04
2025-04-01,GILD,skip,0.0,0,-4.9174,0.0,0.0,True,2025-04
2025-04-01,GOOGL,skip,0.0,0,2.6902,0.0,0.0,True,2025-04
2025-04-01,GS,skip,0.0,0,0.2306,0.0,0.0,True,2025-04
2025-04-01,HD,skip,0.0,0,-1.6371,0.0,0.0,True,2025-04
2025-04-01,HON,skip,0.0,0,-0.5903,0.0,0.0,True,2025-04
2025-04-01,IBM,skip,0.0,0,-2.7507,0.0,0.0,True,2025-04
2025-04-01,ICE,skip,0.0,0,-2.6261,0.0,0.0,True,2025-04
2025-04-01,INTC,skip,0.0,0,-11.4927,0.0,0.0,True,2025-04
2025-04-01,INTU,buy_call,3.5425,4,2.374,-1.1685,-0.04674,True,2025-04
2025-04-01,ISRG,skip,0.0,0,4.1452,0.0,0.0,True,2025-04
2025-04-01,JNJ,buy_call,2.1087,4,-5.7465,-2.1087,-0.084348,True,2025-04
2025-04-01,JPM,skip,0.0,0,0.337,0.0,0.0,True,2025-04
2025-04-01,KLAC,skip,0.0,0,3.3671,0.0,0.0,True,2025-04
2025-04-01,KO,buy_call,1.8226,4,1.2985,-0.5241,-0.020964,True,2025-04
2025-04-01,LLY,skip,0.0,0,8.8436,0.0,0.0,True,2025-04
2025-04-01,LMT,skip,0.0,0,6.9486,0.0,0.0,True,2025-04
2025-04-01,LOW,skip,0.0,0,-3.6403,0.0,0.0,True,2025-04
2025-04-01,LRCX,skip,0.0,0,-1.4168,0.0,0.0,True,2025-04
2025-04-01,MA,skip,0.0,0,0.1476,0.0,0.0,True,2025-04
2025-04-01,MCD,buy_call,1.7909,4,2.3305,0.5397,0.021588,True,2025-04
2025-04-01,MDLZ,buy_call,2.0992,4,0.4126,-1.6865,-0.06746,True,2025-04
2025-04-01,META,skip,0.0,0,-4.747,0.0,0.0,True,2025-04
2025-04-01,MRK,skip,0.0,0,-5.0802,0.0,0.0,True,2025-04
2025-04-01,MS,skip,0.0,0,-0.2777,0.0,0.0,True,2025-04
2025-04-01,MSFT,skip,0.0,0,5.2932,0.0,0.0,True,2025-04
2025-04-01,MU,skip,0.0,0,-11.4398,0.0,0.0,True,2025-04
2025-04-01,NEE,buy_call,1.9786,4,-5.6566,-1.9786,-0.079144,True,2025-04
2025-04-01,NFLX,skip,0.0,0,21.3602,0.0,0.0,True,2025-04
2025-04-01,NOW,skip,0.0,0,19.955,0.0,0.0,True,2025-04
2025-04-01,NVDA,skip,0.0,0,0.4983,0.0,0.0,True,2025-04
2025-04-01,ORCL,skip,0.0,0,1.0125,0.0,0.0,True,2025-04
2025-04-01,PANW,skip,0.0,0,9.5464,0.0,0.0,True,2025-04
2025-04-01,PEP,skip,0.0,0,-9.5772,0.0,0.0,True,2025-04
2025-04-01,PG,skip,0.0,0,-4.0116,0.0,0.0,True,2025-04
2025-04-01,PGR,buy_call,2.3749,4,-0.4133,-2.3749,-0.094996,True,2025-04
2025-04-01,PH,skip,0.0,0,-0.459,0.0,0.0,True,2025-04
2025-04-01,PLTR,skip,0.0,0,40.3318,0.0,0.0,True,2025-04
2025-04-01,PM,buy_call,2.1882,4,7.9569,5.7687,0.230748,True,2025-04
2025-04-01,QCOM,skip,0.0,0,-3.3527,0.0,0.0,True,2025-04
2025-04-01,RTX,skip,0.0,0,-4.7788,0.0,0.0,True,2025-04
2025-04-01,SCHW,skip,0.0,0,3.9858,0.0,0.0,True,2025-04
2025-04-01,SHW,skip,0.0,0,1.0682,0.0,0.0,True,2025-04
2025-04-01,SO,buy_call,1.9465,4,-0.0652,-1.9465,-0.07786,True,2025-04
2025-04-01,SPGI,skip,0.0,0,-1.5843,0.0,0.0,True,2025-04
2025-04-01,SYK,skip,0.0,0,0.4486,0.0,0.0,True,2025-04
2025-04-01,TJX,skip,0.0,0,5.6486,0.0,0.0,True,2025-04
2025-04-01,TMO,skip,0.0,0,-13.7862,0.0,0.0,True,2025-04
2025-04-01,TMUS,skip,0.0,0,-7.4088,0.0,0.0,True,2025-04
2025-04-01,TSLA,skip,0.0,0,8.8748,0.0,0.0,True,2025-04
2025-04-01,TXN,skip,0.0,0,-10.175,0.0,0.0,True,2025-04
2025-04-01,UBER,skip,0.0,0,11.1858,0.0,0.0,True,2025-04
2025-04-01,UNH,buy_call,2.6983,4,-21.4434,-2.6983,-0.107932,True,2025-04
2025-04-01,UNP,skip,0.0,0,-8.7115,0.0,0.0,True,2025-04
2025-04-01,V,skip,0.0,0,-1.4153,0.0,0.0,True,2025-04
2025-04-01,VRTX,buy_call,5.5779,4,5.0905,-0.4873,-0.019492,True,2025-04
2025-04-01,VZ,buy_call,3.6685,4,-1.3058,-3.6685,-0.14674,True,2025-04
2025-04-01,WFC,skip,0.0,0,-1.0866,0.0,0.0,True,2025-04
2025-04-01,WM,skip,0.0,0,0.7991,0.0,0.0,True,2025-04
2025-04-01,WMT,skip,0.0,0,10.7757,0.0,0.0,True,2025-04
2025-04-01,XOM,buy_call,3.2458,4,-11.183,-3.2458,-0.129832,True,2025-04
2025-04-01,ZTS,skip,0.0,0,-4.6901,0.0,0.0,True,2025-04
2025-05-01,AAPL,skip,0.0,0,-5.3585,0.0,0.0,True,2025-05
2025-05-01,ABBV,skip,0.0,0,-4.6079,0.0,0.0,True,2025-05
2025-05-01,ABT,skip,0.0,0,2.1644,0.0,0.0,True,2025-05
2025-05-01,ACN,skip,0.0,0,5.9067,0.0,0.0,True,2025-05
2025-05-01,ADBE,skip,0.0,0,10.6966,0.0,0.0,True,2025-05
2025-05-01,ADI,skip,0.0,0,9.7783,0.0,0.0,True,2025-05
2025-05-01,ADP,skip,0.0,0,8.2934,0.0,0.0,True,2025-05
2025-05-01,AMAT,buy_call,5.1909,4,4.3035,-0.8874,-0.035496,True,2025-05
2025-05-01,AMD,skip,0.0,0,13.7442,0.0,0.0,True,2025-05
2025-05-01,AMGN,skip,0.0,0,-0.0664,0.0,0.0,True,2025-05
2025-05-01,AMZN,skip,0.0,0,11.1647,0.0,0.0,True,2025-05
2025-05-01,ANET,buy_call,3.0,4,5.3118,2.3118,0.092472,True,2025-05
2025-05-01,AVGO,buy_call,5.1909,4,25.7702,20.5793,0.823172,True,2025-05
2025-05-01,AXP,skip,0.0,0,10.375,0.0,0.0,True,2025-05
2025-05-01,BA,buy_call,3.0,4,13.1412,10.1412,0.405648,True,2025-05
2025-05-01,BAC,skip,0.0,0,10.6572,0.0,0.0,True,2025-05
2025-05-01,BKNG,buy_call,3.0,4,8.2296,5.2296,0.209184,True,2025-05
2025-05-01,BLK,skip,0.0,0,7.1785,0.0,0.0,True,2025-05
2025-05-01,BRK-B,buy_call,1.6934,4,-5.4927,-1.6934,-0.067736,True,2025-05
2025-05-01,BSX,buy_call,2.1356,4,2.3233,0.1877,0.007508,True,2025-05
2025-05-01,BX,skip,0.0,0,5.3527,0.0,0.0,True,2025-05
2025-05-01,CAT,skip,0.0,0,12.5327,0.0,0.0,True,2025-05
2025-05-01,CL,skip,0.0,0,0.8135,0.0,0.0,True,2025-05
2025-05-01,CMG,buy_call,3.0,4,-0.8709,-3.0,-0.12,True,2025-05
2025-05-01,COST,buy_call,2.9228,4,4.7295,1.8067,0.072268,True,2025-05
2025-05-01,CRM,buy_call,5.7025,4,-1.243,-5.7025,-0.2281,True,2025-05
2025-05-01,CRWD,buy_call,3.0,4,9.9098,6.9098,0.276392,True,2025-05
2025-05-01,CSCO,skip,0.0,0,9.198,0.0,0.0,True,2025-05
2025-05-01,CVX,skip,0.0,0,1.6941,0.0,0.0,True,2025-05
2025-05-01,DASH,buy_call,3.0,4,8.1705,5.1705,0.20682,True,2025-05
2025-05-01,DHR,skip,0.0,0,-4.7309,0.0,0.0,True,2025-05
2025-05-01,DIS,skip,0.0,0,24.2882,0.0,0.0,True,2025-05
2025-05-01,DUK,buy_call,1.8915,4,-2.6465,-1.8915,-0.07566,True,2025-05
2025-05-01,EQIX,buy_call,2.4717,4,3.817,1.3453,0.053812,True,2025-05
2025-05-01,ETN,buy_call,2.5042,4,9.1534,6.6493,0.265972,True,2025-05
2025-05-01,GD,buy_call,3.0,4,2.3409,-0.6591,-0.026364,True,2025-05
2025-05-01,GE,buy_call,2.9192,4,22.0155,19.0963,0.763852,True,2025-05
2025-05-01,GILD,skip,0.0,0,3.3226,0.0,0.0,True,2025-05
2025-05-01,GOOGL,buy_call,3.2185,4,8.1486,4.9302,0.197208,True,2025-05
2025-05-01,GS,buy_call,2.6173,4,10.2078,7.5905,0.30362,True,2025-05
2025-05-01,HD,skip,0.0,0,2.1637,0.0,0.0,True,2025-05
2025-05-01,HON,skip,0.0,0,8.2319,0.0,0.0,True,2025-05
2025-05-01,IBM,skip,0.0,0,7.8422,0.0,0.0,True,2025-05
2025-05-01,ICE,skip,0.0,0,7.0429,0.0,0.0,True,2025-05
2025-05-01,INTC,skip,0.0,0,-2.7363,0.0,0.0,True,2025-05
2025-05-01,INTU,buy_call,3.5425,4,20.0806,16.5381,0.661524,True,2025-05
2025-05-01,ISRG,buy_call,2.1356,4,7.0841,4.9485,0.19794,True,2025-05
2025-05-01,JNJ,skip,0.0,0,0.1475,0.0,0.0,True,2025-05
2025-05-01,JPM,buy_call,2.762,4,7.9225,5.1605,0.20642,True,2025-05
2025-05-01,KLAC,buy_call,5.1909,4,7.9711,2.7802,0.111208,True,2025-05
2025-05-01,KO,buy_call,1.8226,4,-0.6202,-1.8226,-0.072904,True,2025-05
2025-05-01,LLY,buy_call,3.1775,4,-17.7727,-3.1775,-0.1271,True,2025-05
2025-05-01,LMT,buy_call,3.2679,4,0.9691,-2.2988,-0.091952,True,2025-05
2025-05-01,LOW,skip,0.0,0,0.9707,0.0,0.0,True,2025-05
2025-05-01,LRCX,skip,0.0,0,12.725,0.0,0.0,True,2025-05
2025-05-01,MA,buy_call,2.6958,4,6.8496,4.1538,0.166152,True,2025-05
2025-05-01,MCD,buy_call,1.7909,4,-1.8145,-1.7909,-0.071636,True,2025-05
2025-05-01,MDLZ,buy_call,2.0992,4,-0.9393,-2.0992,-0.083968,True,2025-05
2025-05-01,META,skip,0.0,0,17.9399,0.0,0.0,True,2025-05
2025-05-01,MRK,skip,0.0,0,-9.8123,0.0,0.0,True,2025-05
2025-05-01,MS,skip,0.0,0,10.9253,0.0,0.0,True,2025-05
2025-05-01,MSFT,buy_call,2.7661,4,16.684,13.9178,0.556712,True,2025-05
2025-05-01,MU,skip,0.0,0,22.755,0.0,0.0,True,2025-05
2025-05-01,NEE,skip,0.0,0,5.6219,0.0,0.0,True,2025-05
2025-05-01,NFLX,buy_call,4.422,4,6.6721,2.2501,0.090004,True,2025-05
2025-05-01,NOW,buy_call,3.9901,4,5.8722,1.882,0.07528,True,2025-05
2025-05-01,NVDA,buy_call,5.9268,4,24.0635,18.1367,0.725468,True,2025-05
2025-05-01,ORCL,buy_call,2.9024,4,17.6308,14.7284,0.589136,True,2025-05
2025-05-01,PANW,buy_call,5.7025,4,2.9369,-2.7656,-0.110624,True,2025-05
2025-05-01,PEP,skip,0.0,0,-3.0462,0.0,0.0,True,2025-05
2025-05-01,PG,skip,0.0,0,4.5026,0.0,0.0,True,2025-05
2025-05-01,PGR,skip,0.0,0,1.1323,0.0,0.0,True,2025-05
2025-05-01,PH,skip,0.0,0,10.166,0.0,0.0,True,2025-05
2025-05-01,PLTR,buy_call,3.0,4,11.2631,8.2631,0.330524,True,2025-05
2025-05-01,PM,buy_call,2.1882,4,5.3864,3.1982,0.127928,True,2025-05
2025-05-01,QCOM,skip,0.0,0,-2.1958,0.0,0.0,True,2025-05
2025-05-01,RTX,skip,0.0,0,8.7574,0.0,0.0,True,2025-05
2025-05-01,SCHW,buy_call,2.81,4,8.8742,6.0642,0.242568,True,2025-05
2025-05-01,SHW,buy_call,3.2741,4,1.8916,-1.3825,-0.0553,True,2025-05
2025-05-01,SO,skip,0.0,0,-1.2329,0.0,0.0,True,2025-05
2025-05-01,SPGI,skip,0.0,0,2.7527,0.0,0.0,True,2025-05
2025-05-01,SYK,buy_call,2.1356,4,2.3321,0.1964,0.007856,True,2025-05
2025-05-01,TJX,buy_call,2.3062,4,-1.0629,-2.3062,-0.092248,True,2025-05
2025-05-01,TMO,skip,0.0,0,-6.1026,0.0,0.0,True,2025-05
2025-05-01,TMUS,skip,0.0,0,-1.5615,0.0,0.0,True,2025-05
2025-05-01,TSLA,buy_call,6.3234,4,22.7885,16.465,0.6586,True,2025-05
2025-05-01,TXN,skip,0.0,0,14.2455,0.0,0.0,True,2025-05
2025-05-01,UBER,buy_call,3.0,4,3.8884,0.8884,0.035536,True,2025-05
2025-05-01,UNH,skip,0.0,0,-26.6211,0.0,0.0,True,2025-05
2025-05-01,UNP,skip,0.0,0,3.4049,0.0,0.0,True,2025-05
2025-05-01,V,skip,0.0,0,5.8745,0.0,0.0,True,2025-05
2025-05-01,VRTX,buy_call,3.8013,4,-13.2385,-3.8013,-0.152052,True,2025-05
2025-05-01,VZ,skip,0.0,0,-0.2269,0.0,0.0,True,2025-05
2025-05-01,WFC,skip,0.0,0,5.8869,0.0,0.0,True,2025-05
2025-05-01,WM,buy_call,3.0,4,3.261,0.261,0.01044,True,2025-05
2025-05-01,WMT,buy_call,2.7564,4,1.7569,-0.9995,-0.03998,True,2025-05
2025-05-01,XOM,skip,0.0,0,-2.2606,0.0,0.0,True,2025-05
2025-05-01,ZTS,skip,0.0,0,7.8197,0.0,0.0,True,2025-05
2025-06-01,AAPL,skip,0.0,0,2.1509,0.0,0.0,False,2025-06
2025-06-01,ABBV,skip,0.0,0,-0.2633,0.0,0.0,False,2025-06
2025-06-01,ABT,buy_call,2.4594,1,1.8191,-0.6403,-0.006403,False,2025-06
2025-06-01,ACN,buy_call,2.9765,1,-5.6594,-2.9765,-0.029765,False,2025-06
2025-06-01,ADBE,buy_call,3.8315,1,-6.7961,-3.8315,-0.038315,False,2025-06
2025-06-01,ADI,buy_call,4.1737,1,11.7412,7.5675,0.075675,False,2025-06
2025-06-01,ADP,buy_call,2.8254,1,-4.7888,-2.8254,-0.028254,False,2025-06
2025-06-01,AMAT,buy_call,4.1737,1,16.7911,12.6174,0.126174,False,2025-06
2025-06-01,AMD,buy_call,5.3919,1,28.1496,22.7577,0.227577,False,2025-06
2025-06-01,AMGN,skip,0.0,0,-3.1127,0.0,0.0,False,2025-06
2025-06-01,AMZN,buy_call,3.8265,1,7.0143,3.1878,0.031878,False,2025-06
2025-06-01,ANET,buy_call,3.0,1,18.0863,15.0863,0.150863,False,2025-06
2025-06-01,AVGO,buy_call,4.1737,1,14.14,9.9663,0.099663,False,2025-06
2025-06-01,AXP,buy_call,2.7722,1,8.4782,5.706,0.05706,False,2025-06
2025-06-01,BA,buy_call,3.0,1,1.066,-1.934,-0.01934,False,2025-06
2025-06-01,BAC,buy_call,3.205,1,7.8605,4.6555,0.046555,False,2025-06
2025-06-01,BKNG,buy_call,3.0,1,5.079,2.079,0.02079,False,2025-06
2025-06-01,BLK,buy_call,2.7283,1,7.6454,4.9171,0.049171,False,2025-06
2025-06-01,BRK-B,skip,0.0,0,-3.6094,0.0,0.0,False,2025-06
2025-06-01,BSX,buy_call,2.4594,1,2.0426,-0.4168,-0.004168,False,2025-06
2025-06-01,BX,buy_call,3.8753,1,7.7976,3.9223,0.039223,False,2025-06
2025-06-01,CAT,buy_call,3.3944,1,11.545,8.1506,0.081506,False,2025-06
2025-06-01,CL,buy_call,3.0,1,-2.1949,-3.0,-0.03,False,2025-06
2025-06-01,CMG,skip,0.0,0,12.1206,0.0,0.0,False,2025-06
2025-06-01,COST,buy_call,2.5784,1,-4.8299,-2.5784,-0.025784,False,2025-06
2025-06-01,CRM,skip,0.0,0,2.9214,0.0,0.0,False,2025-06
2025-06-01,CRWD,buy_call,3.0,1,8.0489,5.0489,0.050489,False,2025-06
2025-06-01,CSCO,buy_call,2.8546,1,10.057,7.2024,0.072024,False,2025-06
2025-06-01,CVX,buy_call,2.9734,1,4.7477,1.7743,0.017743,False,2025-06
2025-06-01,DASH,buy_call,3.0,1,18.1452,15.1452,0.151452,False,2025-06
2025-06-01,DHR,skip,0.0,0,4.1886,0.0,0.0,False,2025-06
2025-06-01,DIS,buy_call,3.2556,1,10.1723,6.9167,0.069167,False,2025-06
2025-06-01,DUK,skip,0.0,0,0.2379,0.0,0.0,False,2025-06
2025-06-01,EQIX,buy_call,2.4717,1,-10.5027,-2.4717,-0.024717,False,2025-06
2025-06-01,ETN,buy_call,2.5042,1,11.4897,8.9855,0.089855,False,2025-06
2025-06-01,GD,buy_call,3.0,1,4.7291,1.7291,0.017291,False,2025-06
2025-06-01,GE,buy_call,2.9192,1,4.6684,1.7492,0.017492,False,2025-06
2025-06-01,GILD,buy_call,2.8107,1,1.4329,-1.3778,-0.013778,False,2025-06
2025-06-01,GOOGL,buy_call,3.2185,1,2.7386,-0.4798,-0.004798,False,2025-06
2025-06-01,GS,buy_call,2.6173,1,17.8699,15.2527,0.152527,False,2025-06
2025-06-01,HD,buy_call,2.7799,1,0.1706,-2.6093,-0.026093,False,2025-06
2025-06-01,HON,buy_call,3.0459,1,2.7396,-0.3063,-0.003063,False,2025-06
2025-06-01,IBM,buy_call,2.5058,1,13.7883,11.2825,0.112825,False,2025-06
2025-06-01,ICE,buy_call,3.0,1,2.3154,-0.6846,-0.006846,False,2025-06
2025-06-01,INTC,skip,0.0,0,14.578,0.0,0.0,False,2025-06
2025-06-01,INTU,buy_call,3.5425,1,4.5337,0.9912,0.009912,False,2025-06
2025-06-01,ISRG,buy_call,2.4594,1,-1.6168,-2.4594,-0.024594,False,2025-06
2025-06-01,JNJ,buy_call,2.1087,1,-1.585,-2.1087,-0.021087,False,2025-06
2025-06-01,JPM,buy_call,2.762,1,9.8144,7.0524,0.070524,False,2025-06
2025-06-01,KLAC,buy_call,4.1737,1,18.3464,14.1727,0.141727,False,2025-06
2025-06-01,KO,skip,0.0,0,-1.1747,0.0,0.0,False,2025-06
2025-06-01,LLY,skip,0.0,0,5.6746,0.0,0.0,False,2025-06
2025-06-01,LMT,buy_call,3.2679,1,-3.3272,-3.2679,-0.032679,False,2025-06
2025-06-01,LOW,buy_call,2.7799,1,-1.71,-2.7799,-0.027799,False,2025-06
2025-06-01,LRCX,buy_call,4.1737,1,20.785,16.6113,0.166113,False,2025-06
2025-06-01,MA,buy_call,2.6958,1,-4.0403,-2.6958,-0.026958,False,2025-06
2025-06-01,MCD,skip,0.0,0,-6.3798,0.0,0.0,False,2025-06
2025-06-01,MDLZ,skip,0.0,0,0.6237,0.0,0.0,False,2025-06
2025-06-01,META,buy_call,4.2724,1,14.0802,9.8078,0.098078,False,2025-06
2025-06-01,MRK,skip,0.0,0,4.0507,0.0,0.0,False,2025-06
2025-06-01,MS,buy_call,2.5944,1,10.0211,7.4267,0.074267,False,2025-06
2025-06-01,MSFT,buy_call,2.7661,1,8.0481,5.2819,0.052819,False,2025-06
2025-06-01,MU,buy_call,5.3919,1,30.4786,25.0867,0.250867,False,2025-06
2025-06-01,NEE,buy_call,1.9786,1,-0.9319,-1.9786,-0.019786,False,2025-06
2025-06-01,NFLX,buy_call,4.422,1,10.9258,6.5038,0.065038,False,2025-06
2025-06-01,NOW,buy_call,3.9901,1,1.6804,-2.3098,-0.023098,False,2025-06
2025-06-01,NVDA,buy_call,5.3919,1,16.9252,11.5333,0.115333,False,2025-06
2025-06-01,ORCL,buy_call,2.9024,1,32.0788,29.1764,0.291764,False,2025-06
2025-06-01,PANW,buy_call,3.8939,1,6.3507,2.4568,0.024568,False,2025-06
2025-06-01,PEP,skip,0.0,0,1.551,0.0,0.0,False,2025-06
2025-06-01,PG,buy_call,1.9313,1,-6.2217,-1.9313,-0.019313,False,2025-06
2025-06-01,PGR,buy_call,2.3749,1,-6.3419,-2.3749,-0.023749,False,2025-06
2025-06-01,PH,buy_call,3.0,1,5.0805,2.0805,0.020805,False,2025-06
2025-06-01,PLTR,buy_call,3.0,1,3.4451,0.4451,0.004451,False,2025-06
2025-06-01,PM,buy_call,2.1882,1,1.6121,-0.5761,-0.005761,False,2025-06
2025-06-01,QCOM,skip,0.0,0,10.342,0.0,0.0,False,2025-06
2025-06-01,RTX,buy_call,3.4427,1,6.99,3.5473,0.035473,False,2025-06
2025-06-01,SCHW,buy_call,2.81,1,3.2827,0.4727,0.004727,False,2025-06
2025-06-01,SHW,buy_call,3.2741,1,-4.3059,-3.2741,-0.032741,False,2025-06
2025-06-01,SO,skip,0.0,0,2.0333,0.0,0.0,False,2025-06
2025-06-01,SPGI,buy_call,2.5172,1,2.8136,0.2964,0.002964,False,2025-06
2025-06-01,SYK,buy_call,2.4594,1,3.616,1.1566,0.011566,False,2025-06
2025-06-01,TJX,skip,0.0,0,-2.6871,0.0,0.0,False,2025-06
2025-06-01,TMO,skip,0.0,0,0.7597,0.0,0.0,False,2025-06
2025-06-01,TMUS,skip,0.0,0,-1.6267,0.0,0.0,False,2025-06
2025-06-01,TSLA,buy_call,6.3234,1,-8.3126,-6.3234,-0.063234,False,2025-06
2025-06-01,TXN,buy_call,4.1737,1,13.5466,9.373,0.09373,False,2025-06
2025-06-01,UBER,buy_call,3.0,1,10.8603,7.8603,0.078603,False,2025-06
2025-06-01,UNH,skip,0.0,0,4.0657,0.0,0.0,False,2025-06
2025-06-01,UNP,buy_call,3.3893,1,3.7986,0.4092,0.004092,False,2025-06
2025-06-01,V,buy_call,2.4648,1,-2.7766,-2.4648,-0.024648,False,2025-06
2025-06-01,VRTX,skip,0.0,0,0.7126,0.0,0.0,False,2025-06
2025-06-01,VZ,skip,0.0,0,-1.5696,0.0,0.0,False,2025-06
2025-06-01,WFC,buy_call,3.1969,1,7.1409,3.944,0.03944,False,2025-06
2025-06-01,WM,buy_call,3.0,1,-4.7127,-3.0,-0.03,False,2025-06
2025-06-01,WMT,buy_call,2.7564,1,-0.9521,-2.7564,-0.027564,False,2025-06
2025-06-01,XOM,skip,0.0,0,5.3763,0.0,0.0,False,2025-06
2025-06-01,ZTS,buy_call,2.8107,1,-7.5194,-2.8107,-0.028107,False,2025-06
2025-07-01,AAPL,buy_call,3.4465,1,1.1697,-2.2768,-0.022768,False,2025-07
2025-07-01,ABBV,skip,0.0,0,2.7113,0.0,0.0,False,2025-07
2025-07-01,ABT,buy_call,3.3038,1,-6.8036,-3.3038,-0.033038,False,2025-07
2025-07-01,ACN,skip,0.0,0,-10.1891,0.0,0.0,False,2025-07
2025-07-01,ADBE,skip,0.0,0,-7.545,0.0,0.0,False,2025-07
2025-07-01,ADI,buy_call,4.3132,1,-5.6256,-4.3132,-0.043132,False,2025-07
2025-07-01,ADP,skip,0.0,0,0.3567,0.0,0.0,False,2025-07
2025-07-01,AMAT,buy_call,4.3132,1,-1.6442,-4.3132,-0.043132,False,2025-07
2025-07-01,AMD,buy_call,3.6582,1,24.2495,20.5912,0.205912,False,2025-07
2025-07-01,AMGN,skip,0.0,0,5.6911,0.0,0.0,False,2025-07
2025-07-01,AMZN,buy_call,4.5719,1,6.7095,2.1376,0.021376,False,2025-07
2025-07-01,ANET,buy_call,3.0,1,20.4379,17.4379,0.174379,False,2025-07
2025-07-01,AVGO,buy_call,4.3132,1,6.5482,2.235,0.02235,False,2025-07
2025-07-01,AXP,buy_call,2.7722,1,-5.9297,-2.7722,-0.027722,False,2025-07
2025-07-01,BA,buy_call,3.0,1,5.8751,2.8751,0.028751,False,2025-07
2025-07-01,BAC,buy_call,3.3514,1,-0.1058,-3.3514,-0.033514,False,2025-07
2025-07-01,BKNG,buy_call,3.0,1,-4.926,-3.0,-0.03,False,2025-07
2025-07-01,BLK,buy_call,2.7283,1,5.4096,2.6813,0.026813,False,2025-07
2025-07-01,BRK-B,skip,0.0,0,-2.8594,0.0,0.0,False,2025-07
2025-07-01,BSX,buy_call,3.3038,1,-2.3182,-3.3038,-0.033038,False,2025-07
2025-07-01,BX,buy_call,3.7414,1,15.6305,11.889,0.11889,False,2025-07
2025-07-01,CAT,buy_call,3.3944,1,13.244,9.8496,0.098496,False,2025-07
2025-07-01,CL,skip,0.0,0,-7.2026,0.0,0.0,False,2025-07
2025-07-01,CMG,buy_call,3.0,1,-23.6331,-3.0,-0.03,False,2025-07
2025-07-01,COST,skip,0.0,0,-5.0811,0.0,0.0,False,2025-07
2025-07-01,CRM,buy_call,3.2824,1,-5.2661,-3.2824,-0.032824,False,2025-07
2025-07-01,CRWD,buy_call,3.0,1,-10.7479,-3.0,-0.03,False,2025-07
2025-07-01,CSCO,buy_call,2.8546,1,-1.2836,-2.8546,-0.028546,False,2025-07
2025-07-01,CVX,buy_call,2.9734,1,5.9012,2.9278,0.029278,False,2025-07
2025-07-01,DASH,buy_call,3.0,1,1.5172,-1.4828,-0.014828,False,2025-07
2025-07-01,DHR,buy_call,3.3038,1,-0.1924,-3.3038,-0.033038,False,2025-07
2025-07-01,DIS,buy_call,3.2556,1,-3.9512,-3.2556,-0.032556,False,2025-07
2025-07-01,DUK,buy_call,1.8915,1,3.0848,1.1933,0.011933,False,2025-07
2025-07-01,EQIX,skip,0.0,0,-1.2948,0.0,0.0,False,2025-07
2025-07-01,ETN,buy_call,2.5042,1,7.7677,5.2635,0.052635,False,2025-07
2025-07-01,GD,buy_call,3.0,1,7.3882,4.3882,0.043882,False,2025-07
2025-07-01,GE,buy_call,2.9192,1,5.4726,2.5534,0.025534,False,2025-07
2025-07-01,GILD,buy_call,2.8107,1,1.2807,-1.53,-0.0153,False,2025-07
2025-07-01,GOOGL,buy_call,3.2185,1,8.8918,5.6733,0.056733,False,2025-07
2025-07-01,GS,buy_call,2.6173,1,2.2381,-0.3792,-0.003792,False,2025-07
2025-07-01,HD,buy_call,2.7467,1,0.2373,-2.5094,-0.025094,False,2025-07
2025-07-01,HON,buy_call,3.0459,1,-4.5216,-3.0459,-0.030459,False,2025-07
2025-07-01,IBM,buy_call,2.5058,1,-14.1224,-2.5058,-0.025058,False,2025-07
2025-07-01,ICE,buy_call,3.0,1,0.7412,-2.2588,-0.022588,False,2025-07
2025-07-01,INTC,buy_call,4.3132,1,-11.6071,-4.3132,-0.043132,False,2025-07
2025-07-01,INTU,buy_call,3.5425,1,-0.1825,-3.5425,-0.035425,False,2025-07
2025-07-01,ISRG,skip,0.0,0,-11.4683,0.0,0.0,False,2025-07
2025-07-01,JNJ,skip,0.0,0,7.8494,0.0,0.0,False,2025-07
2025-07-01,JPM,buy_call,2.762,1,2.6757,-0.0863,-0.000863,False,2025-07
2025-07-01,KLAC,buy_call,4.3132,1,-1.8655,-4.3132,-0.043132,False,2025-07
2025-07-01,KO,skip,0.0,0,-4.0425,0.0,0.0,False,2025-07
2025-07-01,LLY,buy_call,3.1775,1,-5.062,-3.1775,-0.031775,False,2025-07
2025-07-01,LMT,skip,0.0,0,-9.1031,0.0,0.0,False,2025-07
2025-07-01,LOW,skip,0.0,0,1.3021,0.0,0.0,False,2025-07
2025-07-01,LRCX,buy_call,4.3132,1,-2.5683,-4.3132,-0.043132,False,2025-07
2025-07-01,MA,skip,0.0,0,0.9425,0.0,0.0,False,2025-07
2025-07-01,MCD,skip,0.0,0,2.7039,0.0,0.0,False,2025-07
2025-07-01,MDLZ,buy_call,2.0992,1,-4.0777,-2.0992,-0.020992,False,2025-07
2025-07-01,META,buy_call,4.2724,1,4.7894,0.517,0.00517,False,2025-07
2025-07-01,MRK,buy_call,2.6152,1,-1.3137,-2.6152,-0.026152,False,2025-07
2025-07-01,MS,buy_call,2.5944,1,1.8385,-0.7559,-0.007559,False,2025-07
2025-07-01,MSFT,buy_call,2.7661,1,7.2556,4.4894,0.044894,False,2025-07
2025-07-01,MU,buy_call,3.6582,1,-11.3649,-3.6582,-0.036582,False,2025-07
2025-07-01,NEE,skip,0.0,0,2.3625,0.0,0.0,False,2025-07
2025-07-01,NFLX,buy_call,4.422,1,-13.4214,-4.422,-0.04422,False,2025-07
2025-07-01,NOW,buy_call,3.9901,1,-8.2639,-3.9901,-0.039901,False,2025-07
2025-07-01,NVDA,buy_call,3.6582,1,12.583,8.9248,0.089248,False,2025-07
2025-07-01,ORCL,buy_call,2.9024,1,16.3194,13.4171,0.134171,False,2025-07
2025-07-01,PANW,buy_call,3.2824,1,-15.1681,-3.2824,-0.032824,False,2025-07
2025-07-01,PEP,buy_call,2.1647,1,4.4532,2.2886,0.022886,False,2025-07
2025-07-01,PG,skip,0.0,0,-4.9089,0.0,0.0,False,2025-07
2025-07-01,PGR,skip,0.0,0,-9.2656,0.0,0.0,False,2025-07
2025-07-01,PH,buy_call,3.0,1,4.7862,1.7862,0.017862,False,2025-07
2025-07-01,PLTR,buy_call,3.0,1,16.1605,13.1605,0.131605,False,2025-07
2025-07-01,PM,buy_call,2.1882,1,-9.927,-2.1882,-0.021882,False,2025-07
2025-07-01,QCOM,buy_call,4.3132,1,-7.8488,-4.3132,-0.043132,False,2025-07
2025-07-01,RTX,buy_call,3.4427,1,7.9099,4.4672,0.044672,False,2025-07
2025-07-01,SCHW,buy_call,2.81,1,7.1131,4.3031,0.043031,False,2025-07
2025-07-01,SHW,skip,0.0,0,-3.6347,0.0,0.0,False,2025-07
2025-07-01,SO,buy_call,1.9465,1,2.8859,0.9394,0.009394,False,2025-07
2025-07-01,SPGI,buy_call,2.5172,1,4.5155,1.9983,0.019983,False,2025-07
2025-07-01,SYK,buy_call,3.3038,1,-0.733,-3.3038,-0.033038,False,2025-07
2025-07-01,TJX,skip,0.0,0,0.8422,0.0,0.0,False,2025-07
2025-07-01,TMO,buy_call,2.7413,1,15.3455,12.6042,0.126042,False,2025-07
2025-07-01,TMUS,skip,0.0,0,0.0629,0.0,0.0,False,2025-07
2025-07-01,TSLA,skip,0.0,0,-2.956,0.0,0.0,False,2025-07
2025-07-01,TXN,buy_call,4.3132,1,-12.1623,-4.3132,-0.043132,False,2025-07
2025-07-01,UBER,buy_call,3.0,1,-5.9486,-3.0,-0.03,False,2025-07
2025-07-01,UNH,buy_call,2.6983,1,-20.0051,-2.6983,-0.026983,False,2025-07
2025-07-01,UNP,buy_call,3.3893,1,-3.5248,-3.3893,-0.033893,False,2025-07
2025-07-01,V,skip,0.0,0,-2.6982,0.0,0.0,False,2025-07
2025-07-01,VRTX,buy_call,2.8107,1,2.6213,-0.1894,-0.001894,False,2025-07
2025-07-01,VZ,skip,0.0,0,0.4192,0.0,0.0,False,2025-07
2025-07-01,WFC,buy_call,3.1969,1,0.6365,-2.5604,-0.025604,False,2025-07
2025-07-01,WM,skip,0.0,0,0.1486,0.0,0.0,False,2025-07
2025-07-01,WMT,skip,0.0,0,0.2045,0.0,0.0,False,2025-07
2025-07-01,XOM,buy_call,3.2458,1,3.5621,0.3163,0.003163,False,2025-07
2025-07-01,ZTS,skip,0.0,0,-6.2023,0.0,0.0,False,2025-07
2025-08-01,AAPL,buy_call,2.0648,1,11.9639,9.8991,0.098991,False,2025-08
2025-08-01,ABBV,buy_call,2.0777,1,11.311,9.2333,0.092333,False,2025-08
2025-08-01,ABT,skip,0.0,0,5.1272,0.0,0.0,False,2025-08
2025-08-01,ACN,skip,0.0,0,-2.6694,0.0,0.0,False,2025-08
2025-08-01,ADBE,skip,0.0,0,-0.2768,0.0,0.0,False,2025-08
2025-08-01,ADI,skip,0.0,0,11.8773,0.0,0.0,False,2025-08
2025-08-01,ADP,buy_call,2.8254,1,-1.7609,-2.8254,-0.028254,False,2025-08
2025-08-01,AMAT,skip,0.0,0,-10.4628,0.0,0.0,False,2025-08
2025-08-01,AMD,buy_call,4.051,1,-7.7591,-4.051,-0.04051,False,2025-08
2025-08-01,AMGN,buy_call,2.0777,1,-1.7133,-2.0777,-0.020777,False,2025-08
2025-08-01,AMZN,buy_call,2.6949,1,-2.1827,-2.6949,-0.026949,False,2025-08
2025-08-01,ANET,buy_call,3.0,1,10.818,7.818,0.07818,False,2025-08
2025-08-01,AVGO,buy_call,5.2675,1,1.2564,-4.0111,-0.040111,False,2025-08
2025-08-01,AXP,skip,0.0,0,10.6813,0.0,0.0,False,2025-08
2025-08-01,BA,buy_call,3.0,1,5.788,2.788,0.02788,False,2025-08
2025-08-01,BAC,skip,0.0,0,7.341,0.0,0.0,False,2025-08
2025-08-01,BKNG,skip,0.0,0,1.7258,0.0,0.0,False,2025-08
2025-08-01,BLK,buy_call,2.7283,1,1.9105,-0.8179,-0.008179,False,2025-08
2025-08-01,BRK-B,skip,0.0,0,6.5907,0.0,0.0,False,2025-08
2025-08-01,BSX,skip,0.0,0,0.5528,0.0,0.0,False,2025-08
2025-08-01,BX,buy_call,3.8646,1,-0.2993,-3.8646,-0.038646,False,2025-08
2025-08-01,CAT,buy_call,3.3944,1,-4.3331,-3.3944,-0.033944,False,2025-08
2025-08-01,CL,skip,0.0,0,0.2623,0.0,0.0,False,2025-08
2025-08-01,CMG,skip,0.0,0,-1.7257,0.0,0.0,False,2025-08
2025-08-01,COST,skip,0.0,0,0.5307,0.0,0.0,False,2025-08
2025-08-01,CRM,skip,0.0,0,-0.8052,0.0,0.0,False,2025-08
2025-08-01,CRWD,skip,0.0,0,-6.791,0.0,0.0,False,2025-08
2025-08-01,CSCO,skip,0.0,0,1.4835,0.0,0.0,False,2025-08
2025-08-01,CVX,buy_call,2.9734,1,7.0877,4.1143,0.041143,False,2025-08
2025-08-01,DASH,buy_call,3.0,1,-1.998,-3.0,-0.03,False,2025-08
2025-08-01,DHR,skip,0.0,0,4.3924,0.0,0.0,False,2025-08
2025-08-01,DIS,skip,0.0,0,-0.6129,0.0,0.0,False,2025-08
2025-08-01,DUK,buy_call,1.8915,1,1.5692,-0.3222,-0.003222,False,2025-08
2025-08-01,EQIX,skip,0.0,0,0.7408,0.0,0.0,False,2025-08
2025-08-01,ETN,buy_call,2.5042,1,-8.984,-2.5042,-0.025042,False,2025-08
2025-08-01,GD,buy_call,3.0,1,4.159,1.159,0.01159,False,2025-08
2025-08-01,GE,buy_call,2.9192,1,1.5199,-1.3993,-0.013993,False,2025-08
2025-08-01,GILD,buy_call,2.0777,1,0.6056,-1.472,-0.01472,False,2025-08
2025-08-01,GOOGL,buy_call,3.2185,1,10.9484,7.7299,0.077299,False,2025-08
2025-08-01,GS,buy_call,2.6173,1,3.5447,0.9275,0.009275,False,2025-08
2025-08-01,HD,buy_call,2.0204,1,10.6827,8.6623,0.086623,False,2025-08
2025-08-01,HON,skip,0.0,0,-0.7678,0.0,0.0,False,2025-08
2025-08-01,IBM,skip,0.0,0,-3.1656,0.0,0.0,False,2025-08
2025-08-01,ICE,buy_call,3.0,1,-4.4527,-3.0,-0.03,False,2025-08
2025-08-01,INTC,skip,0.0,0,22.9798,0.0,0.0,False,2025-08
2025-08-01,INTU,skip,0.0,0,-15.0459,0.0,0.0,False,2025-08
2025-08-01,ISRG,skip,0.0,0,-1.6192,0.0,0.0,False,2025-08
2025-08-01,JNJ,buy_call,2.1087,1,8.3346,6.226,0.06226,False,2025-08
2025-08-01,JPM,buy_call,2.762,1,1.7486,-1.0134,-0.010134,False,2025-08
2025-08-01,KLAC,skip,0.0,0,-0.5839,0.0,0.0,False,2025-08
2025-08-01,KO,skip,0.0,0,1.6204,0.0,0.0,False,2025-08
2025-08-01,LLY,skip,0.0,0,-0.7946,0.0,0.0,False,2025-08
2025-08-01,LMT,skip,0.0,0,8.2308,0.0,0.0,False,2025-08
2025-08-01,LOW,buy_call,2.0204,1,15.4269,13.4066,0.134066,False,2025-08
2025-08-01,LRCX,skip,0.0,0,5.5989,0.0,0.0,False,2025-08
2025-08-01,MA,buy_call,2.6958,1,5.0877,2.3919,0.023919,False,2025-08
2025-08-01,MCD,buy_call,1.7909,1,4.4889,2.6981,0.026981,False,2025-08
2025-08-01,MDLZ,skip,0.0,0,-5.024,0.0,0.0,False,2025-08
2025-08-01,META,buy_call,4.2724,1,-4.4916,-4.2724,-0.042724,False,2025-08
2025-08-01,MRK,skip,0.0,0,7.6805,0.0,0.0,False,2025-08
2025-08-01,MS,buy_call,2.5944,1,5.6296,3.0352,0.030352,False,2025-08
2025-08-01,MSFT,buy_call,2.7661,1,-4.8692,-2.7661,-0.027661,False,2025-08
2025-08-01,MU,skip,0.0,0,9.0434,0.0,0.0,False,2025-08
2025-08-01,NEE,buy_call,1.9786,1,2.1772,0.1986,0.001986,False,2025-08
2025-08-01,NFLX,skip,0.0,0,4.2134,0.0,0.0,False,2025-08
2025-08-01,NOW,skip,0.0,0,-2.7208,0.0,0.0,False,2025-08
2025-08-01,NVDA,buy_call,4.051,1,-2.0746,-4.051,-0.04051,False,2025-08
2025-08-01,ORCL,buy_call,2.9024,1,-10.8917,-2.9024,-0.029024,False,2025-08
2025-08-01,PANW,skip,0.0,0,9.7465,0.0,0.0,False,2025-08
2025-08-01,PEP,buy_call,2.1647,1,7.7798,5.6152,0.056152,False,2025-08
2025-08-01,PG,skip,0.0,0,4.3663,0.0,0.0,False,2025-08
2025-08-01,PGR,skip,0.0,0,2.0741,0.0,0.0,False,2025-08
2025-08-01,PH,buy_call,3.0,1,3.7505,0.7505,0.007505,False,2025-08
2025-08-01,PLTR,buy_call,3.0,1,-1.0357,-3.0,-0.03,False,2025-08
2025-08-01,PM,skip,0.0,0,1.8774,0.0,0.0,False,2025-08
2025-08-01,QCOM,skip,0.0,0,9.5189,0.0,0.0,False,2025-08
2025-08-01,RTX,buy_call,3.4427,1,1.097,-2.3457,-0.023457,False,2025-08
2025-08-01,SCHW,buy_call,2.81,1,-1.6573,-2.81,-0.0281,False,2025-08
2025-08-01,SHW,skip,0.0,0,10.8022,0.0,0.0,False,2025-08
2025-08-01,SO,buy_call,1.9465,1,-1.5328,-1.9465,-0.019465,False,2025-08
2025-08-01,SPGI,buy_call,2.5172,1,-0.3092,-2.5172,-0.025172,False,2025-08
2025-08-01,SYK,skip,0.0,0,-0.3361,0.0,0.0,False,2025-08
2025-08-01,TJX,buy_call,2.3062,1,10.0492,7.743,0.07743,False,2025-08
2025-08-01,TMO,buy_call,2.7413,1,5.3541,2.6128,0.026128,False,2025-08
2025-08-01,TMUS,buy_call,2.7251,1,6.0686,3.3435,0.033435,False,2025-08
2025-08-01,TSLA,skip,0.0,0,8.3044,0.0,0.0,False,2025-08
2025-08-01,TXN,skip,0.0,0,11.8303,0.0,0.0,False,2025-08
2025-08-01,UBER,skip,0.0,0,6.8376,0.0,0.0,False,2025-08
2025-08-01,UNH,skip,0.0,0,24.1665,0.0,0.0,False,2025-08
2025-08-01,UNP,skip,0.0,0,1.3498,0.0,0.0,False,2025-08
2025-08-01,V,skip,0.0,0,2.0057,0.0,0.0,False,2025-08
2025-08-01,VRTX,buy_call,2.0777,1,-14.4133,-2.0777,-0.020777,False,2025-08
2025-08-01,VZ,buy_call,2.7251,1,3.4378,0.7127,0.007127,False,2025-08
2025-08-01,WFC,buy_call,3.1969,1,2.5211,-0.6758,-0.006758,False,2025-08
2025-08-01,WM,buy_call,3.0,1,-1.2088,-3.0,-0.03,False,2025-08
2025-08-01,WMT,buy_call,2.7564,1,-0.7894,-2.7564,-0.027564,False,2025-08
2025-08-01,XOM,buy_call,3.2458,1,3.3264,0.0806,0.000806,False,2025-08
2025-08-01,ZTS,skip,0.0,0,7.2776,0.0,0.0,False,2025-08
2025-09-01,AAPL,buy_call,2.5214,1,9.6882,7.1668,0.071668,False,2025-09
2025-09-01,ABBV,buy_call,3.0635,1,10.0475,6.9841,0.069841,False,2025-09
2025-09-01,ABT,buy_call,3.1156,1,0.9649,-2.1507,-0.021507,False,2025-09
2025-09-01,ACN,skip,0.0,0,-5.1429,0.0,0.0,False,2025-09
2025-09-01,ADBE,skip,0.0,0,-1.1074,0.0,0.0,False,2025-09
2025-09-01,ADI,buy_call,4.8253,1,-1.8457,-4.8253,-0.048253,False,2025-09
2025-09-01,ADP,skip,0.0,0,-2.9684,0.0,0.0,False,2025-09
2025-09-01,AMAT,skip,0.0,0,27.3576,0.0,0.0,False,2025-09
2025-09-01,AMD,skip,0.0,0,-0.5165,0.0,0.0,False,2025-09
2025-09-01,AMGN,skip,0.0,0,-1.9151,0.0,0.0,False,2025-09
2025-09-01,AMZN,skip,0.0,0,-4.1179,0.0,0.0,False,2025-09
2025-09-01,ANET,buy_call,3.0,1,6.7082,3.7082,0.037082,False,2025-09
2025-09-01,AVGO,buy_call,4.8253,1,11.1252,6.2999,0.062999,False,2025-09
2025-09-01,AXP,buy_call,2.7722,1,0.2656,-2.5065,-0.025065,False,2025-09
2025-09-01,BA,buy_call,3.0,1,-8.0322,-3.0,-0.03,False,2025-09
2025-09-01,BAC,buy_call,2.4723,1,2.2407,-0.2316,-0.002316,False,2025-09
2025-09-01,BKNG,buy_call,3.0,1,-3.4021,-3.0,-0.03,False,2025-09
2025-09-01,BLK,buy_call,2.7283,1,3.9245,1.1962,0.011962,False,2025-09
2025-09-01,BRK-B,buy_call,1.6934,1,-0.0477,-1.6934,-0.016934,False,2025-09
2025-09-01,BSX,buy_call,3.1156,1,-7.4597,-3.1156,-0.031156,False,2025-09
2025-09-01,BX,skip,0.0,0,-0.3209,0.0,0.0,False,2025-09
2025-09-01,CAT,skip,0.0,0,13.8674,0.0,0.0,False,2025-09
2025-09-01,CL,buy_call,3.0,1,-4.9125,-3.0,-0.03,False,2025-09
2025-09-01,CMG,skip,0.0,0,-7.0005,0.0,0.0,False,2025-09
2025-09-01,COST,buy_call,2.0696,1,-1.8753,-2.0696,-0.020696,False,2025-09
2025-09-01,CRM,skip,0.0,0,-7.3511,0.0,0.0,False,2025-09
2025-09-01,CRWD,skip,0.0,0,15.7376,0.0,0.0,False,2025-09
2025-09-01,CSCO,buy_call,2.8546,1,-0.9697,-2.8546,-0.028546,False,2025-09
2025-09-01,CVX,buy_call,2.9734,1,-3.3064,-2.9734,-0.029734,False,2025-09
2025-09-01,DASH,skip,0.0,0,10.9032,0.0,0.0,False,2025-09
2025-09-01,DHR,buy_call,3.1156,1,-3.503,-3.1156,-0.031156,False,2025-09
2025-09-01,DIS,skip,0.0,0,-3.2776,0.0,0.0,False,2025-09
2025-09-01,DUK,buy_call,1.8915,1,1.0287,-0.8628,-0.008628,False,2025-09
2025-09-01,EQIX,buy_call,2.4717,1,-0.3752,-2.4717,-0.024717,False,2025-09
2025-09-01,ETN,skip,0.0,0,7.1919,0.0,0.0,False,2025-09
2025-09-01,GD,buy_call,3.0,1,5.0621,2.0621,0.020621,False,2025-09
2025-09-01,GE,buy_call,2.9192,1,9.4432,6.524,0.06524,False,2025-09
2025-09-01,GILD,buy_call,3.0635,1,-1.0615,-3.0635,-0.030635,False,2025-09
2025-09-01,GOOGL,buy_call,3.2185,1,14.2819,11.0634,0.110634,False,2025-09
2025-09-01,GS,buy_call,2.6173,1,6.8567,4.2395,0.042395,False,2025-09
2025-09-01,HD,buy_call,1.9301,1,0.1767,-1.7534,-0.017534,False,2025-09
2025-09-01,HON,skip,0.0,0,-4.1003,0.0,0.0,False,2025-09
2025-09-01,IBM,skip,0.0,0,15.8816,0.0,0.0,False,2025-09
2025-09-01,ICE,skip,0.0,0,-4.3313,0.0,0.0,False,2025-09
2025-09-01,INTC,buy_call,4.8253,1,37.7823,32.9571,0.329571,False,2025-09
2025-09-01,INTU,skip,0.0,0,2.3853,0.0,0.0,False,2025-09
2025-09-01,ISRG,skip,0.0,0,-5.5081,0.0,0.0,False,2025-09
2025-09-01,JNJ,buy_call,2.1087,1,4.6566,2.5479,0.025479,False,2025-09
2025-09-01,JPM,buy_call,2.762,1,4.648,1.886,0.01886,False,2025-09
2025-09-01,KLAC,skip,0.0,0,23.6927,0.0,0.0,False,2025-09
2025-09-01,KO,buy_call,1.8226,1,-3.133,-1.8226,-0.018226,False,2025-09
2025-09-01,LLY,skip,0.0,0,4.1525,0.0,0.0,False,2025-09
2025-09-01,LMT,buy_call,3.2679,1,10.3641,7.0962,0.070962,False,2025-09
2025-09-01,LOW,buy_call,1.9301,1,-2.6157,-1.9301,-0.019301,False,2025-09
2025-09-01,LRCX,buy_call,4.8253,1,33.9634,29.1381,0.291381,False,2025-09
2025-09-01,MA,buy_call,2.6958,1,-4.4483,-2.6958,-0.026958,False,2025-09
2025-09-01,MCD,buy_call,1.7909,1,-2.5275,-1.7909,-0.017909,False,2025-09
2025-09-01,MDLZ,skip,0.0,0,2.4947,0.0,0.0,False,2025-09
2025-09-01,META,skip,0.0,0,-0.5177,0.0,0.0,False,2025-09
2025-09-01,MRK,buy_call,2.6152,1,0.7597,-1.8555,-0.018555,False,2025-09
2025-09-01,MS,buy_call,2.5944,1,5.6354,3.041,0.03041,False,2025-09
2025-09-01,MSFT,skip,0.0,0,2.2223,0.0,0.0,False,2025-09
2025-09-01,MU,buy_call,3.2367,1,40.5932,37.3565,0.373565,False,2025-09
2025-09-01,NEE,buy_call,1.9786,1,4.7744,2.7958,0.027958,False,2025-09
2025-09-01,NFLX,buy_call,4.422,1,-0.7722,-4.422,-0.04422,False,2025-09
2025-09-01,NOW,skip,0.0,0,0.3074,0.0,0.0,False,2025-09
2025-09-01,NVDA,skip,0.0,0,7.1251,0.0,0.0,False,2025-09
2025-09-01,ORCL,skip,0.0,0,24.3709,0.0,0.0,False,2025-09
2025-09-01,PANW,buy_call,3.2519,1,6.8759,3.624,0.03624,False,2025-09
2025-09-01,PEP,buy_call,2.1647,1,-4.5988,-2.1647,-0.021647,False,2025-09
2025-09-01,PG,buy_call,1.9313,1,-2.1587,-1.9313,-0.019313,False,2025-09
2025-09-01,PGR,buy_call,2.3749,1,-0.0445,-2.3749,-0.023749,False,2025-09
2025-09-01,PH,buy_call,3.0,1,0.0792,-2.9208,-0.029208,False,2025-09
2025-09-01,PLTR,skip,0.0,0,16.4061,0.0,0.0,False,2025-09
2025-09-01,PM,buy_call,2.1882,1,-2.9498,-2.1882,-0.021882,False,2025-09
2025-09-01,QCOM,buy_call,4.8253,1,4.0918,-0.7334,-0.007334,False,2025-09
2025-09-01,RTX,buy_call,3.4427,1,5.5044,2.0617,0.020617,False,2025-09
2025-09-01,SCHW,skip,0.0,0,-0.386,0.0,0.0,False,2025-09
2025-09-01,SHW,buy_call,3.2741,1,-5.3495,-3.2741,-0.032741,False,2025-09
2025-09-01,SO,skip,0.0,0,2.676,0.0,0.0,False,2025-09
2025-09-01,SPGI,skip,0.0,0,-11.2556,0.0,0.0,False,2025-09
2025-09-01,SYK,skip,0.0,0,-5.3393,0.0,0.0,False,2025-09
2025-09-01,TJX,buy_call,2.3062,1,5.8048,3.4986,0.034986,False,2025-09
2025-09-01,TMO,buy_call,2.7413,1,-1.4744,-2.7413,-0.027413,False,2025-09
2025-09-01,TMUS,buy_call,2.4694,1,-5.0042,-2.4694,-0.024694,False,2025-09
2025-09-01,TSLA,buy_call,6.3234,1,33.2015,26.8781,0.268781,False,2025-09
2025-09-01,TXN,buy_call,4.8253,1,-9.2602,-4.8253,-0.048253,False,2025-09
2025-09-01,UBER,buy_call,3.0,1,4.5013,1.5013,0.015013,False,2025-09
2025-09-01,UNH,buy_call,2.6983,1,12.1368,9.4386,0.094386,False,2025-09
2025-09-01,UNP,buy_call,3.3893,1,5.7253,2.3359,0.023359,False,2025-09
2025-09-01,V,buy_call,2.4648,1,-2.9564,-2.4648,-0.024648,False,2025-09
2025-09-01,VRTX,skip,0.0,0,0.1586,0.0,0.0,False,2025-09
2025-09-01,VZ,buy_call,2.4694,1,-0.6331,-2.4694,-0.024694,False,2025-09
2025-09-01,WFC,buy_call,3.1969,1,1.9956,-1.2013,-0.012013,False,2025-09
2025-09-01,WM,skip,0.0,0,-2.0896,0.0,0.0,False,2025-09
2025-09-01,WMT,skip,0.0,0,6.2693,0.0,0.0,False,2025-09
2025-09-01,XOM,buy_call,3.2458,1,-1.3475,-3.2458,-0.032458,False,2025-09
2025-09-01,ZTS,buy_call,3.0635,1,-6.445,-3.0635,-0.030635,False,2025-09
2025-10-01,AAPL,buy_call,3.2543,1,6.1815,2.9271,0.029271,False,2025-10
2025-10-01,ABBV,buy_call,2.7233,1,-5.1516,-2.7233,-0.027233,False,2025-10
2025-10-01,ABT,buy_call,2.5646,1,-7.2946,-2.5646,-0.025646,False,2025-10
2025-10-01,ACN,skip,0.0,0,1.4193,0.0,0.0,False,2025-10
2025-10-01,ADBE,skip,0.0,0,-3.5266,0.0,0.0,False,2025-10
2025-10-01,ADI,skip,0.0,0,-4.709,0.0,0.0,False,2025-10
2025-10-01,ADP,skip,0.0,0,-11.3118,0.0,0.0,False,2025-10
2025-10-01,AMAT,buy_call,5.1904,1,13.8517,8.6613,0.086613,False,2025-10
2025-10-01,AMD,skip,0.0,0,58.304,0.0,0.0,False,2025-10
2025-10-01,AMGN,skip,0.0,0,5.7512,0.0,0.0,False,2025-10
2025-10-01,AMZN,skip,0.0,0,11.2265,0.0,0.0,False,2025-10
2025-10-01,ANET,buy_call,3.0,1,8.2218,5.2218,0.052218,False,2025-10
2025-10-01,AVGO,buy_call,5.1904,1,12.0397,6.8492,0.068492,False,2025-10
2025-10-01,AXP,buy_call,2.7722,1,8.8765,6.1043,0.061043,False,2025-10
2025-10-01,BA,skip,0.0,0,-6.8619,0.0,0.0,False,2025-10
2025-10-01,BAC,buy_call,2.8314,1,3.6054,0.774,0.00774,False,2025-10
2025-10-01,BKNG,skip,0.0,0,-5.9551,0.0,0.0,False,2025-10
2025-10-01,BLK,buy_call,2.7283,1,-7.1243,-2.7283,-0.027283,False,2025-10
2025-10-01,BRK-B,skip,0.0,0,-5.0125,0.0,0.0,False,2025-10
2025-10-01,BSX,skip,0.0,0,3.165,0.0,0.0,False,2025-10
2025-10-01,BX,skip,0.0,0,-14.1704,0.0,0.0,False,2025-10
2025-10-01,CAT,buy_call,3.3944,1,21.3284,17.934,0.17934,False,2025-10
2025-10-01,CL,skip,0.0,0,-2.9691,0.0,0.0,False,2025-10
2025-10-01,CMG,skip,0.0,0,-19.1375,0.0,0.0,False,2025-10
2025-10-01,COST,skip,0.0,0,-1.3926,0.0,0.0,False,2025-10
2025-10-01,CRM,skip,0.0,0,9.8776,0.0,0.0,False,2025-10
2025-10-01,CRWD,buy_call,3.0,1,10.7325,7.7325,0.077325,False,2025-10
2025-10-01,CSCO,skip,0.0,0,7.5,0.0,0.0,False,2025-10
2025-10-01,CVX,skip,0.0,0,1.5648,0.0,0.0,False,2025-10
2025-10-01,DASH,buy_call,3.0,1,-6.4782,-3.0,-0.03,False,2025-10
2025-10-01,DHR,skip,0.0,0,8.6352,0.0,0.0,False,2025-10
2025-10-01,DIS,skip,0.0,0,-1.642,0.0,0.0,False,2025-10
2025-10-01,DUK,buy_call,1.8915,1,0.4445,-1.447,-0.01447,False,2025-10
2025-10-01,EQIX,skip,0.0,0,8.0142,0.0,0.0,False,2025-10
2025-10-01,ETN,buy_call,2.5042,1,1.9532,-0.5509,-0.005509,False,2025-10
2025-10-01,GD,buy_call,3.0,1,1.5883,-1.4117,-0.014117,False,2025-10
2025-10-01,GE,buy_call,2.9192,1,2.7026,-0.2166,-0.002166,False,2025-10
2025-10-01,GILD,skip,0.0,0,7.9189,0.0,0.0,False,2025-10
2025-10-01,GOOGL,buy_call,3.2185,1,15.6684,12.45,0.1245,False,2025-10
2025-10-01,GS,buy_call,2.6173,1,-0.8765,-2.6173,-0.026173,False,2025-10
2025-10-01,HD,buy_call,2.9098,1,-6.318,-2.9098,-0.029098,False,2025-10
2025-10-01,HON,skip,0.0,0,1.478,0.0,0.0,False,2025-10
2025-10-01,IBM,buy_call,2.5058,1,8.9488,6.443,0.06443,False,2025-10
2025-10-01,ICE,skip,0.0,0,-13.1707,0.0,0.0,False,2025-10
2025-10-01,INTC,buy_call,5.1904,1,19.1952,14.0048,0.140048,False,2025-10
2025-10-01,INTU,buy_call,3.5425,1,-2.0705,-3.5425,-0.035425,False,2025-10
2025-10-01,ISRG,skip,0.0,0,19.4643,0.0,0.0,False,2025-10
2025-10-01,JNJ,buy_call,2.1087,1,1.8607,-0.248,-0.00248,False,2025-10
2025-10-01,JPM,buy_call,2.762,1,-0.8869,-2.762,-0.02762,False,2025-10
2025-10-01,KLAC,buy_call,5.1904,1,12.0656,6.8751,0.068751,False,2025-10
2025-10-01,KO,skip,0.0,0,3.8903,0.0,0.0,False,2025-10
2025-10-01,LLY,buy_call,3.1775,1,13.0878,9.9103,0.099103,False,2025-10
2025-10-01,LMT,buy_call,3.2679,1,-1.4683,-3.2679,-0.032679,False,2025-10
2025-10-01,LOW,skip,0.0,0,-4.7786,0.0,0.0,False,2025-10
2025-10-01,LRCX,buy_call,5.1904,1,17.5953,12.4049,0.124049,False,2025-10
2025-10-01,MA,skip,0.0,0,-2.8289,0.0,0.0,False,2025-10
2025-10-01,MCD,skip,0.0,0,-1.7967,0.0,0.0,False,2025-10
2025-10-01,MDLZ,buy_call,2.0992,1,-8.0199,-2.0992,-0.020992,False,2025-10
2025-10-01,META,skip,0.0,0,-11.7146,0.0,0.0,False,2025-10
2025-10-01,MRK,buy_call,2.6152,1,2.4425,-0.1727,-0.001727,False,2025-10
2025-10-01,MS,buy_call,2.5944,1,3.7987,1.2043,0.012043,False,2025-10
2025-10-01,MSFT,buy_call,2.7661,1,-0.027,-2.7661,-0.027661,False,2025-10
2025-10-01,MU,buy_call,5.8092,1,33.8215,28.0123,0.280123,False,2025-10
2025-10-01,NEE,buy_call,1.9786,1,7.8289,5.8502,0.058502,False,2025-10
2025-10-01,NFLX,skip,0.0,0,-6.6777,0.0,0.0,False,2025-10
2025-10-01,NOW,buy_call,3.9901,1,-0.1087,-3.9901,-0.039901,False,2025-10
2025-10-01,NVDA,buy_call,5.8092,1,8.5272,2.718,0.02718,False,2025-10
2025-10-01,ORCL,buy_call,2.9024,1,-6.4622,-2.9024,-0.029024,False,2025-10
2025-10-01,PANW,buy_call,3.3947,1,8.1623,4.7676,0.047676,False,2025-10
2025-10-01,PEP,skip,0.0,0,4.0231,0.0,0.0,False,2025-10
2025-10-01,PG,skip,0.0,0,-1.4503,0.0,0.0,False,2025-10
2025-10-01,PGR,skip,0.0,0,-16.5484,0.0,0.0,False,2025-10
2025-10-01,PH,buy_call,3.0,1,1.9363,-1.0637,-0.010637,False,2025-10
2025-10-01,PLTR,buy_call,3.0,1,9.8947,6.8947,0.068947,False,2025-10
2025-10-01,PM,skip,0.0,0,-10.1811,0.0,0.0,False,2025-10
2025-10-01,QCOM,buy_call,5.1904,1,8.7401,3.5496,0.035496,False,2025-10
2025-10-01,RTX,buy_call,3.4427,1,6.6754,3.2327,0.032327,False,2025-10
2025-10-01,SCHW,skip,0.0,0,-0.9951,0.0,0.0,False,2025-10
2025-10-01,SHW,skip,0.0,0,-0.3812,0.0,0.0,False,2025-10
2025-10-01,SO,buy_call,1.9465,1,-0.7702,-1.9465,-0.019465,False,2025-10
2025-10-01,SPGI,skip,0.0,0,0.1027,0.0,0.0,False,2025-10
2025-10-01,SYK,skip,0.0,0,-3.633,0.0,0.0,False,2025-10
2025-10-01,TJX,buy_call,2.3062,1,-3.0441,-2.3062,-0.023062,False,2025-10
2025-10-01,TMO,skip,0.0,0,16.9828,0.0,0.0,False,2025-10
2025-10-01,TMUS,skip,0.0,0,-12.2525,0.0,0.0,False,2025-10
2025-10-01,TSLA,buy_call,6.3234,1,2.6623,-3.6611,-0.036611,False,2025-10
2025-10-01,TXN,skip,0.0,0,-11.3366,0.0,0.0,False,2025-10
2025-10-01,UBER,buy_call,3.0,1,-1.5005,-3.0,-0.03,False,2025-10
2025-10-01,UNH,buy_call,2.6983,1,-1.0831,-2.6983,-0.026983,False,2025-10
2025-10-01,UNP,buy_call,3.3893,1,-6.7691,-3.3893,-0.033893,False,2025-10
2025-10-01,V,skip,0.0,0,-0.1875,0.0,0.0,False,2025-10
2025-10-01,VRTX,buy_call,2.7233,1,8.6636,5.9402,0.059402,False,2025-10
2025-10-01,VZ,skip,0.0,0,-8.0248,0.0,0.0,False,2025-10
2025-10-01,WFC,buy_call,3.1969,1,3.7581,0.5611,0.005611,False,2025-10
2025-10-01,WM,skip,0.0,0,-9.5368,0.0,0.0,False,2025-10
2025-10-01,WMT,buy_call,2.7564,1,-1.8242,-2.7564,-0.027564,False,2025-10
2025-10-01,XOM,skip,0.0,0,1.428,0.0,0.0,False,2025-10
2025-10-01,ZTS,skip,0.0,0,-1.1812,0.0,0.0,False,2025-10
2025-11-01,AAPL,buy_call,2.2859,1,3.2364,0.9505,0.009505,False,2025-11
2025-11-01,ABBV,skip,0.0,0,4.4304,0.0,0.0,False,2025-11
2025-11-01,ABT,skip,0.0,0,4.2712,0.0,0.0,False,2025-11
2025-11-01,ACN,buy_call,3.8568,1,-0.04,-3.8568,-0.038568,False,2025-11
2025-11-01,ADBE,skip,0.0,0,-5.9299,0.0,0.0,False,2025-11
2025-11-01,ADI,skip,0.0,0,13.3302,0.0,0.0,False,2025-11
2025-11-01,ADP,skip,0.0,0,-1.9209,0.0,0.0,False,2025-11
2025-11-01,AMAT,buy_call,7.0865,1,8.4275,1.341,0.01341,False,2025-11
2025-11-01,AMD,buy_call,4.8454,1,-15.0672,-4.8454,-0.048454,False,2025-11
2025-11-01,AMGN,buy_call,2.7528,1,16.5848,13.832,0.13832,False,2025-11
2025-11-01,AMZN,buy_call,3.8899,1,-4.5041,-3.8899,-0.038899,False,2025-11
2025-11-01,ANET,buy_call,3.0,1,-17.1285,-3.0,-0.03,False,2025-11
2025-11-01,AVGO,buy_call,7.0865,1,9.0171,1.9306,0.019306,False,2025-11
2025-11-01,AXP,buy_call,2.7722,1,1.2585,-1.5136,-0.015136,False,2025-11
2025-11-01,BA,skip,0.0,0,-5.9795,0.0,0.0,False,2025-11
2025-11-01,BAC,buy_call,2.7868,1,0.3741,-2.4127,-0.024127,False,2025-11
2025-11-01,BKNG,skip,0.0,0,-3.2111,0.0,0.0,False,2025-11
2025-11-01,BLK,skip,0.0,0,-3.2794,0.0,0.0,False,2025-11
2025-11-01,BRK-B,skip,0.0,0,7.5952,0.0,0.0,False,2025-11
2025-11-01,BSX,buy_call,2.0888,1,0.8539,-1.235,-0.01235,False,2025-11
2025-11-01,BX,skip,0.0,0,0.7362,0.0,0.0,False,2025-11
2025-11-01,CAT,buy_call,3.3944,1,-0.2599,-3.3944,-0.033944,False,2025-11
2025-11-01,CL,skip,0.0,0,4.3349,0.0,0.0,False,2025-11
2025-11-01,CMG,skip,0.0,0,8.9303,0.0,0.0,False,2025-11
2025-11-01,COST,skip,0.0,0,0.2348,0.0,0.0,False,2025-11
2025-11-01,CRM,buy_call,5.7995,1,-11.4704,-5.7995,-0.057995,False,2025-11
2025-11-01,CRWD,buy_call,3.0,1,-6.2338,-3.0,-0.03,False,2025-11
2025-11-01,CSCO,buy_call,2.8546,1,5.2386,2.384,0.02384,False,2025-11
2025-11-01,CVX,buy_call,2.9734,1,-3.1081,-2.9734,-0.029734,False,2025-11
2025-11-01,DASH,skip,0.0,0,-22.0152,0.0,0.0,False,2025-11
2025-11-01,DHR,buy_call,2.0888,1,5.293,3.2041,0.032041,False,2025-11
2025-11-01,DIS,skip,0.0,0,-7.2367,0.0,0.0,False,2025-11
2025-11-01,DUK,buy_call,1.8915,1,0.577,-1.3145,-0.013145,False,2025-11
2025-11-01,EQIX,buy_call,2.4717,1,-10.4181,-2.4717,-0.024717,False,2025-11
2025-11-01,ETN,buy_call,2.5042,1,-9.0982,-2.5042,-0.025042,False,2025-11
2025-11-01,GD,buy_call,3.0,1,-0.9481,-3.0,-0.03,False,2025-11
2025-11-01,GE,buy_call,2.9192,1,-3.3986,-2.9192,-0.029192,False,2025-11
2025-11-01,GILD,buy_call,2.7528,1,5.0505,2.2976,0.022976,False,2025-11
2025-11-01,GOOGL,buy_call,3.2185,1,13.866,10.6476,0.106476,False,2025-11
2025-11-01,GS,skip,0.0,0,4.6455,0.0,0.0,False,2025-11
2025-11-01,HD,skip,0.0,0,-5.9722,0.0,0.0,False,2025-11
2025-11-01,HON,buy_call,3.0459,1,-3.9681,-3.0459,-0.030459,False,2025-11
2025-11-01,IBM,buy_call,2.5058,1,0.934,-1.5717,-0.015717,False,2025-11
2025-11-01,ICE,skip,0.0,0,7.5261,0.0,0.0,False,2025-11
2025-11-01,INTC,buy_call,7.0865,1,1.4254,-5.6611,-0.056611,False,2025-11
2025-11-01,INTU,skip,0.0,0,-5.0139,0.0,0.0,False,2025-11
2025-11-01,ISRG,buy_call,2.0888,1,7.337,5.2481,0.052481,False,2025-11
2025-11-01,JNJ,buy_call,2.1087,1,10.2524,8.1438,0.081438,False,2025-11
2025-11-01,JPM,skip,0.0,0,0.63,0.0,0.0,False,2025-11
2025-11-01,KLAC,buy_call,7.0865,1,-2.5893,-7.0865,-0.070865,False,2025-11
2025-11-01,KO,buy_call,1.8226,1,6.1247,4.3021,0.043021,False,2025-11
2025-11-01,LLY,buy_call,3.1775,1,24.8232,21.6457,0.216457,False,2025-11
2025-11-01,LMT,skip,0.0,0,-6.9163,0.0,0.0,False,2025-11
2025-11-01,LOW,skip,0.0,0,1.8267,0.0,0.0,False,2025-11
2025-11-01,LRCX,buy_call,7.0865,1,-0.9273,-7.0865,-0.070865,False,2025-11
2025-11-01,MA,skip,0.0,0,-0.2645,0.0,0.0,False,2025-11
2025-11-01,MCD,skip,0.0,0,4.4868,0.0,0.0,False,2025-11
2025-11-01,MDLZ,skip,0.0,0,0.1915,0.0,0.0,False,2025-11
2025-11-01,META,skip,0.0,0,-0.0617,0.0,0.0,False,2025-11
2025-11-01,MRK,buy_call,2.6152,1,21.9236,19.3084,0.193084,False,2025-11
2025-11-01,MS,buy_call,2.5944,1,3.4512,0.8568,0.008568,False,2025-11
2025-11-01,MSFT,skip,0.0,0,-4.8047,0.0,0.0,False,2025-11
2025-11-01,MU,buy_call,4.8454,1,5.6799,0.8346,0.008346,False,2025-11
2025-11-01,NEE,buy_call,1.9786,1,6.7252,4.7466,0.047466,False,2025-11
2025-11-01,NFLX,skip,0.0,0,-3.8486,0.0,0.0,False,2025-11
2025-11-01,NOW,skip,0.0,0,-11.6254,0.0,0.0,False,2025-11
2025-11-01,NVDA,buy_call,4.8454,1,-12.5883,-4.8454,-0.048454,False,2025-11
2025-11-01,ORCL,skip,0.0,0,-23.0989,0.0,0.0,False,2025-11
2025-11-01,PANW,buy_call,5.7995,1,-13.6714,-5.7995,-0.057995,False,2025-11
2025-11-01,PEP,buy_call,2.1647,1,1.8139,-0.3507,-0.003507,False,2025-11
2025-11-01,PG,skip,0.0,0,-1.4697,0.0,0.0,False,2025-11
2025-11-01,PGR,skip,0.0,0,11.0631,0.0,0.0,False,2025-11
2025-11-01,PH,buy_call,3.0,1,11.7404,8.7404,0.087404,False,2025-11
2025-11-01,PLTR,buy_call,3.0,1,-15.9725,-3.0,-0.03,False,2025-11
2025-11-01,PM,skip,0.0,0,9.1111,0.0,0.0,False,2025-11
2025-11-01,QCOM,buy_call,7.0865,1,-7.0813,-7.0865,-0.070865,False,2025-11
2025-11-01,RTX,buy_call,3.4427,1,-1.6239,-3.4427,-0.034427,False,2025-11
2025-11-01,SCHW,skip,0.0,0,-1.6153,0.0,0.0,False,2025-11
2025-11-01,SHW,skip,0.0,0,-0.1295,0.0,0.0,False,2025-11
2025-11-01,SO,skip,0.0,0,-2.3079,0.0,0.0,False,2025-11
2025-11-01,SPGI,buy_call,2.5172,1,2.5863,0.0691,0.000691,False,2025-11
2025-11-01,SYK,skip,0.0,0,4.1938,0.0,0.0,False,2025-11
2025-11-01,TJX,skip,0.0,0,8.7188,0.0,0.0,False,2025-11
2025-11-01,TMO,buy_call,2.7413,1,4.1312,1.3899,0.013899,False,2025-11
2025-11-01,TMUS,skip,0.0,0,-0.0021,0.0,0.0,False,2025-11
2025-11-01,TSLA,buy_call,6.3234,1,-5.7802,-6.3234,-0.063234,False,2025-11
2025-11-01,TXN,skip,0.0,0,4.2177,0.0,0.0,False,2025-11
2025-11-01,UBER,skip,0.0,0,-9.285,0.0,0.0,False,2025-11
2025-11-01,UNH,skip,0.0,0,-3.4518,0.0,0.0,False,2025-11
2025-11-01,UNP,skip,0.0,0,5.2004,0.0,0.0,False,2025-11
2025-11-01,V,skip,0.0,0,-1.6545,0.0,0.0,False,2025-11
2025-11-01,VRTX,buy_call,2.7528,1,1.8892,-0.8636,-0.008636,False,2025-11
2025-11-01,VZ,skip,0.0,0,3.4476,0.0,0.0,False,2025-11
2025-11-01,WFC,buy_call,3.1969,1,-0.7689,-3.1969,-0.031969,False,2025-11
2025-11-01,WM,skip,0.0,0,9.0604,0.0,0.0,False,2025-11
2025-11-01,WMT,skip,0.0,0,9.2212,0.0,0.0,False,2025-11
2025-11-01,XOM,buy_call,3.2458,1,2.2507,-0.9951,-0.009951,False,2025-11
2025-11-01,ZTS,skip,0.0,0,-11.0417,0.0,0.0,False,2025-11
2025-12-01,AAPL,buy_call,1.7338,1,-2.5067,-1.7338,-0.017338,False,2025-12
2025-12-01,ABBV,buy_call,2.8432,1,0.3469,-2.4963,-0.024963,False,2025-12
2025-12-01,ABT,buy_call,1.7684,1,-2.8006,-1.7684,-0.017684,False,2025-12
2025-12-01,ACN,skip,0.0,0,7.32,0.0,0.0,False,2025-12
2025-12-01,ADBE,skip,0.0,0,9.3275,0.0,0.0,False,2025-12
2025-12-01,ADI,buy_call,4.2542,1,2.5695,-1.6847,-0.016847,False,2025-12
2025-12-01,ADP,skip,0.0,0,1.4072,0.0,0.0,False,2025-12
2025-12-01,AMAT,buy_call,4.2542,1,1.8791,-2.3751,-0.023751,False,2025-12
2025-12-01,AMD,skip,0.0,0,-1.5492,0.0,0.0,False,2025-12
2025-12-01,AMGN,buy_call,2.8432,1,-5.2539,-2.8432,-0.028432,False,2025-12
2025-12-01,AMZN,skip,0.0,0,-1.0291,0.0,0.0,False,2025-12
2025-12-01,ANET,skip,0.0,0,0.2678,0.0,0.0,False,2025-12
2025-12-01,AVGO,buy_call,4.2542,1,-13.9462,-4.2542,-0.042542,False,2025-12
2025-12-01,AXP,buy_call,2.7722,1,1.2812,-1.4909,-0.014909,False,2025-12
2025-12-01,BA,skip,0.0,0,14.8783,0.0,0.0,False,2025-12
2025-12-01,BAC,buy_call,2.7831,1,3.049,0.2659,0.002659,False,2025-12
2025-12-01,BKNG,skip,0.0,0,9.1743,0.0,0.0,False,2025-12
2025-12-01,BLK,skip,0.0,0,2.6974,0.0,0.0,False,2025-12
2025-12-01,BRK-B,buy_call,1.6934,1,-2.172,-1.6934,-0.016934,False,2025-12
2025-12-01,BSX,buy_call,1.7684,1,-6.1331,-1.7684,-0.017684,False,2025-12
2025-12-01,BX,buy_call,2.7723,1,5.2725,2.5003,0.025003,False,2025-12
2025-12-01,CAT,skip,0.0,0,-0.5019,0.0,0.0,False,2025-12
2025-12-01,CL,buy_call,3.0,1,-1.7041,-3.0,-0.03,False,2025-12
2025-12-01,CMG,buy_call,3.0,1,7.1842,4.1842,0.041842,False,2025-12
2025-12-01,COST,buy_call,1.9097,1,-5.6097,-1.9097,-0.019097,False,2025-12
2025-12-01,CRM,skip,0.0,0,15.0939,0.0,0.0,False,2025-12
2025-12-01,CRWD,skip,0.0,0,-7.9346,0.0,0.0,False,2025-12
2025-12-01,CSCO,buy_call,2.8546,1,0.117,-2.7376,-0.027376,False,2025-12
2025-12-01,CVX,skip,0.0,0,0.847,0.0,0.0,False,2025-12
2025-12-01,DASH,skip,0.0,0,14.1705,0.0,0.0,False,2025-12
2025-12-01,DHR,buy_call,1.7684,1,1.0834,-0.685,-0.00685,False,2025-12
2025-12-01,DIS,skip,0.0,0,9.6389,0.0,0.0,False,2025-12
2025-12-01,DUK,buy_call,1.8915,1,-5.43,-1.8915,-0.018915,False,2025-12
2025-12-01,EQIX,skip,0.0,0,1.7058,0.0,0.0,False,2025-12
2025-12-01,ETN,skip,0.0,0,-7.9158,0.0,0.0,False,2025-12
2025-12-01,GD,skip,0.0,0,-1.4548,0.0,0.0,False,2025-12
2025-12-01,GE,skip,0.0,0,3.3279,0.0,0.0,False,2025-12
2025-12-01,GILD,buy_call,2.8432,1,-1.8192,-2.8432,-0.028432,False,2025-12
2025-12-01,GOOGL,buy_call,3.2185,1,-2.1785,-3.2185,-0.032185,False,2025-12
2025-12-01,GS,buy_call,2.6173,1,6.9388,4.3215,0.043215,False,2025-12
2025-12-01,HD,skip,0.0,0,-2.9683,0.0,0.0,False,2025-12
2025-12-01,HON,skip,0.0,0,1.5089,0.0,0.0,False,2025-12
2025-12-01,IBM,buy_call,2.5058,1,-4.0087,-2.5058,-0.025058,False,2025-12
2025-12-01,ICE,buy_call,3.0,1,3.2696,0.2696,0.002696,False,2025-12
2025-12-01,INTC,buy_call,4.2542,1,-9.0237,-4.2542,-0.042542,False,2025-12
2025-12-01,INTU,skip,0.0,0,4.4695,0.0,0.0,False,2025-12
2025-12-01,ISRG,buy_call,1.7684,1,-1.2415,-1.7684,-0.017684,False,2025-12
2025-12-01,JNJ,buy_call,2.1087,1,0.0145,-2.0942,-0.020942,False,2025-12
2025-12-01,JPM,buy_call,2.762,1,2.9194,0.1574,0.001574,False,2025-12
2025-12-01,KLAC,skip,0.0,0,3.3698,0.0,0.0,False,2025-12
2025-12-01,KO,buy_call,1.8226,1,-3.7184,-1.8226,-0.018226,False,2025-12
2025-12-01,LLY,buy_call,3.1775,1,-0.0734,-3.1775,-0.031775,False,2025-12
2025-12-01,LMT,skip,0.0,0,6.4391,0.0,0.0,False,2025-12
2025-12-01,LOW,buy_call,2.2916,1,-0.5443,-2.2916,-0.022916,False,2025-12
2025-12-01,LRCX,skip,0.0,0,9.9114,0.0,0.0,False,2025-12
2025-12-01,MA,skip,0.0,0,3.6964,0.0,0.0,False,2025-12
2025-12-01,MCD,buy_call,1.7909,1,-1.397,-1.7909,-0.017909,False,2025-12
2025-12-01,MDLZ,buy_call,2.0992,1,-5.6357,-2.0992,-0.020992,False,2025-12
2025-12-01,META,skip,0.0,0,1.9567,0.0,0.0,False,2025-12
2025-12-01,MRK,buy_call,2.6152,1,1.2684,-1.3468,-0.013468,False,2025-12
2025-12-01,MS,buy_call,2.5944,1,4.6387,2.0443,0.020443,False,2025-12
2025-12-01,MSFT,skip,0.0,0,-1.7052,0.0,0.0,False,2025-12
2025-12-01,MU,buy_call,3.6453,1,20.7397,17.0945,0.170945,False,2025-12
2025-12-01,NEE,buy_call,1.9786,1,-6.9649,-1.9786,-0.019786,False,2025-12
2025-12-01,NFLX,skip,0.0,0,-12.8463,0.0,0.0,False,2025-12
2025-12-01,NOW,skip,0.0,0,-5.7188,0.0,0.0,False,2025-12
2025-12-01,NVDA,skip,0.0,0,5.3731,0.0,0.0,False,2025-12
2025-12-01,ORCL,skip,0.0,0,-3.486,0.0,0.0,False,2025-12
2025-12-01,PANW,skip,0.0,0,-3.1189,0.0,0.0,False,2025-12
2025-12-01,PEP,buy_call,2.1647,1,-2.5657,-2.1647,-0.021647,False,2025-12
2025-12-01,PG,skip,0.0,0,-3.2735,0.0,0.0,False,2025-12
2025-12-01,PGR,buy_call,2.3749,1,-0.4677,-2.3749,-0.023749,False,2025-12
2025-12-01,PH,buy_call,3.0,1,2.003,-0.997,-0.00997,False,2025-12
2025-12-01,PLTR,skip,0.0,0,5.5209,0.0,0.0,False,2025-12
2025-12-01,PM,buy_call,2.1882,1,2.7832,0.595,0.00595,False,2025-12
2025-12-01,QCOM,skip,0.0,0,2.281,0.0,0.0,False,2025-12
2025-12-01,RTX,skip,0.0,0,4.8539,0.0,0.0,False,2025-12
2025-12-01,SCHW,skip,0.0,0,7.7429,0.0,0.0,False,2025-12
2025-12-01,SHW,skip,0.0,0,-5.7203,0.0,0.0,False,2025-12
2025-12-01,SO,skip,0.0,0,-4.302,0.0,0.0,False,2025-12
2025-12-01,SPGI,buy_call,2.5172,1,4.7631,2.2459,0.022459,False,2025-12
2025-12-01,SYK,buy_call,1.7684,1,-5.0742,-1.7684,-0.017684,False,2025-12
2025-12-01,TJX,buy_call,2.3062,1,1.1125,-1.1938,-0.011938,False,2025-12
2025-12-01,TMO,buy_call,2.7413,1,-1.8524,-2.7413,-0.027413,False,2025-12
2025-12-01,TMUS,skip,0.0,0,-2.8563,0.0,0.0,False,2025-12
2025-12-01,TSLA,skip,0.0,0,4.5447,0.0,0.0,False,2025-12
2025-12-01,TXN,buy_call,4.2542,1,3.1022,-1.152,-0.01152,False,2025-12
2025-12-01,UBER,skip,0.0,0,-6.6598,0.0,0.0,False,2025-12
2025-12-01,UNH,skip,0.0,0,0.7762,0.0,0.0,False,2025-12
2025-12-01,UNP,buy_call,3.3893,1,0.3637,-3.0256,-0.030256,False,2025-12
2025-12-01,V,skip,0.0,0,4.8649,0.0,0.0,False,2025-12
2025-12-01,VRTX,buy_call,2.8432,1,4.5548,1.7116,0.017116,False,2025-12
2025-12-01,VZ,buy_call,4.0971,1,-0.9246,-4.0971,-0.040971,False,2025-12
2025-12-01,WFC,skip,0.0,0,8.5614,0.0,0.0,False,2025-12
2025-12-01,WM,buy_call,3.0,1,1.2345,-1.7655,-0.017655,False,2025-12
2025-12-01,WMT,buy_call,2.7564,1,1.0199,-1.7365,-0.017365,False,2025-12
2025-12-01,XOM,buy_call,3.2458,1,3.813,0.5672,0.005672,False,2025-12
2025-12-01,ZTS,skip,0.0,0,-1.8412,0.0,0.0,False,2025-12
2026-01-01,AAPL,skip,0.0,0,-4.5538,0.0,0.0,True,2026-01
2026-01-01,ABBV,buy_call,3.239,2,-1.6131,-3.239,-0.06478,True,2026-01
2026-01-01,ABT,skip,0.0,0,-12.3205,0.0,0.0,True,2026-01
2026-01-01,ACN,buy_call,2.9765,2,-1.7369,-2.9765,-0.05953,True,2026-01
2026-01-01,ADBE,buy_call,3.0254,2,-16.2119,-3.0254,-0.060508,True,2026-01
2026-01-01,ADI,buy_call,4.3575,2,14.6313,10.2738,0.205476,True,2026-01
2026-01-01,ADP,buy_call,2.8254,2,-4.0469,-2.8254,-0.056508,True,2026-01
2026-01-01,AMAT,buy_call,4.3575,2,25.4212,21.0637,0.421274,True,2026-01
2026-01-01,AMD,skip,0.0,0,10.5388,0.0,0.0,True,2026-01
2026-01-01,AMGN,skip,0.0,0,4.4515,0.0,0.0,True,2026-01
2026-01-01,AMT,skip,0.0,0,2.1131,0.0,0.0,True,2026-01
2026-01-01,AMZN,skip,0.0,0,3.6739,0.0,0.0,True,2026-01
2026-01-01,APH,skip,0.0,0,6.6153,0.0,0.0,True,2026-01
2026-01-01,AVGO,skip,0.0,0,-4.2763,0.0,0.0,True,2026-01
2026-01-01,AXP,buy_call,2.7722,2,-4.5946,-2.7722,-0.055444,True,2026-01
2026-01-01,BA,buy_call,3.0,2,7.6455,4.6455,0.09291,True,2026-01
2026-01-01,BAC,buy_call,2.0389,2,-3.2727,-2.0389,-0.040778,True,2026-01
2026-01-01,BKNG,buy_call,3.0,2,-6.6007,-3.0,-0.06,True,2026-01
2026-01-01,BLK,buy_call,2.7283,2,4.5406,1.8123,0.036246,True,2026-01
2026-01-01,BRK-B,skip,0.0,0,-4.4007,0.0,0.0,True,2026-01
2026-01-01,BSX,skip,0.0,0,-1.9088,0.0,0.0,True,2026-01
2026-01-01,BX,buy_call,7.3577,2,-7.6035,-7.3577,-0.147154,True,2026-01
2026-01-01,C,buy_call,3.0,2,-0.8398,-3.0,-0.06,True,2026-01
2026-01-01,CAT,skip,0.0,0,15.017,0.0,0.0,True,2026-01
2026-01-01,CB,buy_call,2.0063,2,-0.8202,-2.0063,-0.040126,True,2026-01
2026-01-01,CMCSA,buy_call,3.9191,2,7.4449,3.5258,0.070516,True,2026-01
2026-01-01,CME,skip,0.0,0,5.8517,0.0,0.0,True,2026-01
2026-01-01,COF,buy_call,3.0,2,-9.6675,-3.0,-0.06,True,2026-01
2026-01-01,COP,buy_call,2.7589,2,11.345,8.5861,0.171722,True,2026-01
2026-01-01,COST,skip,0.0,0,9.1837,0.0,0.0,True,2026-01
2026-01-01,CRM,buy_call,2.8306,2,-19.8634,-2.8306,-0.056612,True,2026-01
2026-01-01,CRWD,skip,0.0,0,-5.8357,0.0,0.0,True,2026-01
2026-01-01,CSCO,buy_call,2.8546,2,2.2188,-0.6358,-0.012716,True,2026-01
2026-01-01,CVX,buy_call,2.9734,2,16.0685,13.0951,0.261902,True,2026-01
2026-01-01,DE,buy_call,3.4442,2,13.4094,9.9652,0.199304,True,2026-01
2026-01-01,DHR,buy_call,2.5427,2,-4.3814,-2.5427,-0.050854,True,2026-01
2026-01-01,DIS,buy_call,3.2556,2,-0.8526,-3.2556,-0.065112,True,2026-01
2026-01-01,ETN,skip,0.0,0,10.3325,0.0,0.0,True,2026-01
2026-01-01,GE,buy_call,2.9192,2,-0.4025,-2.9192,-0.058384,True,2026-01
2026-01-01,GEV,buy_call,3.0,2,11.2207,8.2207,0.164414,True,2026-01
2026-01-01,GILD,skip,0.0,0,15.651,0.0,0.0,True,2026-01
2026-01-01,GOOGL,skip,0.0,0,7.9872,0.0,0.0,True,2026-01
2026-01-01,GS,buy_call,2.6173,2,6.4175,3.8002,0.076004,True,2026-01
2026-01-01,HD,skip,0.0,0,8.8608,0.0,0.0,True,2026-01
2026-01-01,HON,buy_call,3.0459,2,16.6231,13.5771,0.271542,True,2026-01
2026-01-01,IBM,skip,0.0,0,3.5414,0.0,0.0,True,2026-01
2026-01-01,ICE,buy_call,3.0,2,7.2981,4.2981,0.085962,True,2026-01
2026-01-01,INTU,buy_call,3.5425,2,-24.5435,-3.5425,-0.07085,True,2026-01
2026-01-01,ISRG,skip,0.0,0,-10.9718,0.0,0.0,True,2026-01
2026-01-01,JNJ,buy_call,2.1087,2,9.8092,7.7005,0.15401,True,2026-01
2026-01-01,JPM,buy_call,2.762,2,-4.6398,-2.762,-0.05524,True,2026-01
2026-01-01,KLAC,buy_call,4.3575,2,17.5182,13.1607,0.263214,True,2026-01
2026-01-01,KO,skip,0.0,0,7.009,0.0,0.0,True,2026-01
2026-01-01,LIN,buy_call,2.5427,2,7.1718,4.6291,0.092582,True,2026-01
2026-01-01,LLY,skip,0.0,0,-3.4922,0.0,0.0,True,2026-01
2026-01-01,LMT,buy_call,3.2679,2,31.1266,27.8586,0.557172,True,2026-01
2026-01-01,LOW,skip,0.0,0,11.2371,0.0,0.0,True,2026-01
2026-01-01,LRCX,buy_call,4.3575,2,36.3828,32.0253,0.640506,True,2026-01
2026-01-01,MA,buy_call,2.6958,2,-5.4794,-2.6958,-0.053916,True,2026-01
2026-01-01,MCD,skip,0.0,0,3.0658,0.0,0.0,True,2026-01
2026-01-01,MDT,skip,0.0,0,7.183,0.0,0.0,True,2026-01
2026-01-01,META,buy_call,4.2724,2,8.5458,4.2734,0.085468,True,2026-01
2026-01-01,MO,skip,0.0,0,7.5095,0.0,0.0,True,2026-01
2026-01-01,MRK,buy_call,2.6152,2,4.7596,2.1444,0.042888,True,2026-01
2026-01-01,MS,buy_call,2.5944,2,3.5362,0.9418,0.018836,True,2026-01
2026-01-01,MSFT,skip,0.0,0,-11.0273,0.0,0.0,True,2026-01
2026-01-01,MU,buy_call,3.6453,2,45.3628,41.7175,0.83435,True,2026-01
2026-01-01,NEE,skip,0.0,0,9.4918,0.0,0.0,True,2026-01
2026-01-01,NFLX,skip,0.0,0,-10.9535,0.0,0.0,True,2026-01
2026-01-01,NOW,skip,0.0,0,-23.6177,0.0,0.0,True,2026-01
2026-01-01,NVDA,buy_call,3.6453,2,2.4826,-1.1627,-0.023254,True,2026-01
2026-01-01,ORCL,skip,0.0,0,-15.3378,0.0,0.0,True,2026-01
2026-01-01,PANW,skip,0.0,0,-3.9251,0.0,0.0,True,2026-01
2026-01-01,PEP,skip,0.0,0,7.0443,0.0,0.0,True,2026-01
2026-01-01,PFE,skip,0.0,0,7.9631,0.0,0.0,True,2026-01
2026-01-01,PG,skip,0.0,0,6.6552,0.0,0.0,True,2026-01
2026-01-01,PGR,skip,0.0,0,-2.8582,0.0,0.0,True,2026-01
2026-01-01,PLTR,buy_call,3.0,2,-17.5302,-3.0,-0.06,True,2026-01
2026-01-01,PM,buy_call,2.1882,2,11.8703,9.6821,0.193642,True,2026-01
2026-01-01,QCOM,buy_call,4.3575,2,-11.3768,-4.3575,-0.08715,True,2026-01
2026-01-01,RTX,buy_call,3.4427,2,9.5584,6.1156,0.122312,True,2026-01
2026-01-01,SCHW,buy_call,2.81,2,4.0137,1.2037,0.024074,True,2026-01
2026-01-01,SPGI,buy_call,2.5172,2,0.995,-1.5222,-0.030444,True,2026-01
2026-01-01,SYK,skip,0.0,0,5.1469,0.0,0.0,True,2026-01
2026-01-01,T,skip,0.0,0,6.7524,0.0,0.0,True,2026-01
2026-01-01,TJX,buy_call,2.3062,2,-2.4738,-2.3062,-0.046124,True,2026-01
2026-01-01,TMO,skip,0.0,0,-0.145,0.0,0.0,True,2026-01
2026-01-01,TMUS,skip,0.0,0,-2.8714,0.0,0.0,True,2026-01
2026-01-01,TSLA,buy_call,6.3234,2,-4.2938,-6.3234,-0.126468,True,2026-01
2026-01-01,TXN,buy_call,4.3575,2,25.0544,20.697,0.41394,True,2026-01
2026-01-01,UBER,skip,0.0,0,-2.0316,0.0,0.0,True,2026-01
2026-01-01,UNH,buy_call,2.6983,2,-13.0805,-2.6983,-0.053966,True,2026-01
2026-01-01,UNP,buy_call,3.3893,2,1.6341,-1.7552,-0.035104,True,2026-01
2026-01-01,V,buy_call,2.4648,2,-8.2347,-2.4648,-0.049296,True,2026-01
2026-01-01,VRTX,buy_call,3.239,2,3.6483,0.4093,0.008186,True,2026-01
2026-01-01,VZ,skip,0.0,0,11.2019,0.0,0.0,True,2026-01
2026-01-01,WFC,buy_call,3.1969,2,-2.9077,-3.1969,-0.063938,True,2026-01
2026-01-01,WMT,buy_call,2.7564,2,6.9383,4.182,0.08364,True,2026-01
2026-01-01,XOM,buy_call,3.2458,2,17.5004,14.2546,0.285092,True,2026-01
2026-02-01,AAPL,skip,0.0,0,1.9066,0.0,0.0,False,2026-02
2026-02-01,ABBV,skip,0.0,0,4.0671,0.0,0.0,False,2026-02
2026-02-01,ABT,skip,0.0,0,6.4501,0.0,0.0,False,2026-02
2026-02-01,ACN,skip,0.0,0,-20.8315,0.0,0.0,False,2026-02
2026-02-01,ADBE,skip,0.0,0,-10.5166,0.0,0.0,False,2026-02
2026-02-01,ADI,buy_call,6.8736,1,14.4461,7.5725,0.075725,False,2026-02
2026-02-01,ADP,skip,0.0,0,-13.1513,0.0,0.0,False,2026-02
2026-02-01,AMAT,buy_call,6.8736,1,15.6504,8.7768,0.087768,False,2026-02
2026-02-01,AMD,buy_call,6.0653,1,-15.4269,-6.0653,-0.060653,False,2026-02
2026-02-01,AMGN,buy_call,2.1549,1,14.3236,12.1687,0.121687,False,2026-02
2026-02-01,AMT,buy_call,2.7902,1,7.017,4.2268,0.042268,False,2026-02
2026-02-01,AMZN,buy_call,3.9686,1,-12.244,-3.9686,-0.039686,False,2026-02
2026-02-01,APH,buy_call,3.0,1,1.3742,-1.6258,-0.016258,False,2026-02
2026-02-01,AVGO,skip,0.0,0,-3.5466,0.0,0.0,False,2026-02
2026-02-01,AXP,skip,0.0,0,-12.2867,0.0,0.0,False,2026-02
2026-02-01,BA,buy_call,3.0,1,-2.6485,-3.0,-0.03,False,2026-02
2026-02-01,BAC,skip,0.0,0,-6.3345,0.0,0.0,False,2026-02
2026-02-01,BKNG,skip,0.0,0,-15.2442,0.0,0.0,False,2026-02
2026-02-01,BLK,buy_call,2.7283,1,-4.9788,-2.7283,-0.027283,False,2026-02
2026-02-01,BRK-B,skip,0.0,0,5.0819,0.0,0.0,False,2026-02
2026-02-01,BSX,skip,0.0,0,-17.8339,0.0,0.0,False,2026-02
2026-02-01,BX,skip,0.0,0,-19.4722,0.0,0.0,False,2026-02
2026-02-01,C,skip,0.0,0,-4.2742,0.0,0.0,False,2026-02
2026-02-01,CAT,buy_call,3.3944,1,13.002,9.6076,0.096076,False,2026-02
2026-02-01,CB,skip,0.0,0,10.1111,0.0,0.0,False,2026-02
2026-02-01,CMCSA,buy_call,3.7468,1,4.0675,0.3208,0.003208,False,2026-02
2026-02-01,CME,buy_call,3.0,1,10.5307,7.5307,0.075307,False,2026-02
2026-02-01,COF,skip,0.0,0,-10.2962,0.0,0.0,False,2026-02
2026-02-01,COP,buy_call,2.7589,1,9.7025,6.9436,0.069436,False,2026-02
2026-02-01,COST,buy_call,2.9469,1,7.5023,4.5553,0.045553,False,2026-02
2026-02-01,CRM,skip,0.0,0,-8.2434,0.0,0.0,False,2026-02
2026-02-01,CRWD,skip,0.0,0,-15.7281,0.0,0.0,False,2026-02
2026-02-01,CSCO,buy_call,2.8546,1,1.4555,-1.3991,-0.013991,False,2026-02
2026-02-01,CVX,buy_call,2.9734,1,6.6065,3.6331,0.036331,False,2026-02
2026-02-01,DE,buy_call,3.4442,1,19.2633,15.8191,0.158191,False,2026-02
2026-02-01,DHR,skip,0.0,0,-3.769,0.0,0.0,False,2026-02
2026-02-01,DIS,skip,0.0,0,-5.9929,0.0,0.0,False,2026-02
2026-02-01,ETN,buy_call,2.5042,1,6.9717,4.4675,0.044675,False,2026-02
2026-02-01,GE,skip,0.0,0,11.5616,0.0,0.0,False,2026-02
2026-02-01,GEV,buy_call,3.0,1,20.2693,17.2693,0.172693,False,2026-02
2026-02-01,GILD,buy_call,2.1549,1,4.9313,2.7764,0.027764,False,2026-02
2026-02-01,GOOGL,buy_call,3.2185,1,-7.7633,-3.2185,-0.032185,False,2026-02
2026-02-01,GS,buy_call,2.6173,1,-8.1077,-2.6173,-0.026173,False,2026-02
2026-02-01,HD,buy_call,3.2484,1,1.6365,-1.6119,-0.016119,False,2026-02
2026-02-01,HON,buy_call,3.0459,1,7.5947,4.5487,0.045487,False,2026-02
2026-02-01,IBM,buy_call,2.5058,1,-21.2326,-2.5058,-0.025058,False,2026-02
2026-02-01,ICE,buy_call,3.0,1,-5.553,-3.0,-0.03,False,2026-02
2026-02-01,INTU,skip,0.0,0,-18.0169,0.0,0.0,False,2026-02
2026-02-01,ISRG,skip,0.0,0,-0.1408,0.0,0.0,False,2026-02
2026-02-01,JNJ,buy_call,2.1087,1,9.9013,7.7926,0.077926,False,2026-02
2026-02-01,JPM,skip,0.0,0,-1.8275,0.0,0.0,False,2026-02
2026-02-01,KLAC,buy_call,6.8736,1,6.9045,0.0309,0.000309,False,2026-02
2026-02-01,KO,buy_call,1.8226,1,9.0229,7.2002,0.072002,False,2026-02
2026-02-01,LIN,buy_call,2.7385,1,11.1846,8.4461,0.084461,False,2026-02
2026-02-01,LLY,skip,0.0,0,1.6001,0.0,0.0,False,2026-02
2026-02-01,LMT,buy_call,3.2679,1,3.7621,0.4942,0.004942,False,2026-02
2026-02-01,LOW,buy_call,3.2484,1,-0.9324,-3.2484,-0.032484,False,2026-02
2026-02-01,LRCX,buy_call,6.8736,1,0.1842,-6.6894,-0.066894,False,2026-02
2026-02-01,MA,skip,0.0,0,-4.0052,0.0,0.0,False,2026-02
2026-02-01,MCD,buy_call,1.7909,1,8.273,6.4822,0.064822,False,2026-02
2026-02-01,MDT,buy_call,2.7385,1,-5.1477,-2.7385,-0.027385,False,2026-02
2026-02-01,META,buy_call,4.2724,1,-9.5352,-4.2724,-0.042724,False,2026-02
2026-02-01,MO,buy_call,3.0,1,11.3727,8.3727,0.083727,False,2026-02
2026-02-01,MRK,buy_call,2.6152,1,12.2881,9.6729,0.096729,False,2026-02
2026-02-01,MS,buy_call,2.5944,1,-8.9114,-2.5944,-0.025944,False,2026-02
2026-02-01,MSFT,skip,0.0,0,-8.5184,0.0,0.0,False,2026-02
2026-02-01,MU,buy_call,6.0653,1,-0.605,-6.0653,-0.060653,False,2026-02
2026-02-01,NEE,buy_call,1.9786,1,7.4055,5.4268,0.054268,False,2026-02
2026-02-01,NFLX,skip,0.0,0,15.2713,0.0,0.0,False,2026-02
2026-02-01,NOW,skip,0.0,0,-7.6917,0.0,0.0,False,2026-02
2026-02-01,NVDA,buy_call,6.0653,1,-7.2935,-6.0653,-0.060653,False,2026-02
2026-02-01,ORCL,skip,0.0,0,-11.6539,0.0,0.0,False,2026-02
2026-02-01,PANW,skip,0.0,0,-15.8501,0.0,0.0,False,2026-02
2026-02-01,PEP,buy_call,2.1647,1,10.4863,8.3216,0.083216,False,2026-02
2026-02-01,PFE,buy_call,2.1549,1,4.5765,2.4216,0.024216,False,2026-02
2026-02-01,PG,buy_call,1.9313,1,10.1667,8.2354,0.082354,False,2026-02
2026-02-01,PGR,skip,0.0,0,2.7212,0.0,0.0,False,2026-02
2026-02-01,PLTR,skip,0.0,0,-6.4124,0.0,0.0,False,2026-02
2026-02-01,PM,buy_call,2.1882,1,4.1183,1.9301,0.019301,False,2026-02
2026-02-01,QCOM,skip,0.0,0,-6.0888,0.0,0.0,False,2026-02
2026-02-01,RTX,buy_call,3.4427,1,1.176,-2.2667,-0.022667,False,2026-02
2026-02-01,SCHW,buy_call,2.81,1,-8.0817,-2.81,-0.0281,False,2026-02
2026-02-01,SPGI,buy_call,2.5172,1,-16.0827,-2.5172,-0.025172,False,2026-02
2026-02-01,SYK,buy_call,2.7385,1,4.8436,2.1051,0.021051,False,2026-02
2026-02-01,T,buy_call,3.7468,1,6.8675,3.1208,0.031208,False,2026-02
2026-02-01,TJX,skip,0.0,0,8.2151,0.0,0.0,False,2026-02
2026-02-01,TMO,skip,0.0,0,-9.9376,0.0,0.0,False,2026-02
2026-02-01,TMUS,skip,0.0,0,10.61,0.0,0.0,False,2026-02
2026-02-01,TSLA,skip,0.0,0,-6.4822,0.0,0.0,False,2026-02
2026-02-01,TXN,buy_call,6.8736,1,-1.5959,-6.8736,-0.068736,False,2026-02
2026-02-01,UBER,skip,0.0,0,-5.7839,0.0,0.0,False,2026-02
2026-02-01,UNH,skip,0.0,0,2.2096,0.0,0.0,False,2026-02
2026-02-01,UNP,buy_call,3.3893,1,13.2985,9.9091,0.099091,False,2026-02
2026-02-01,V,skip,0.0,0,-0.32,0.0,0.0,False,2026-02
2026-02-01,VRTX,buy_call,2.1549,1,5.731,3.5761,0.035761,False,2026-02
2026-02-01,VZ,buy_call,3.7468,1,12.6235,8.8767,0.088767,False,2026-02
2026-02-01,WFC,skip,0.0,0,-9.5476,0.0,0.0,False,2026-02
2026-02-01,WMT,buy_call,2.7564,1,7.3947,4.6383,0.046383,False,2026-02
2026-02-01,XOM,buy_call,3.2458,1,8.5689,5.3231,0.053231,False,2026-02
